model,row,seed,site,layer,rank,residual_group_energy_max_median,captured_fraction
qwen3_4b_base,P1_k8,0,qkv,0,8,1.016396863937171,0.4680118808035058
qwen3_4b_base,P1_k8,0,qkv,1,8,1.0005621518478103,0.4158786010576637
qwen3_4b_base,P1_k8,0,qkv,2,8,1.0022340550146447,0.2752293688989568
qwen3_4b_base,P1_k8,0,qkv,3,8,1.0000346431831677,0.35479744666074425
qwen3_4b_base,P1_k8,0,qkv,4,8,1.0002171987574315,0.27676972361728663
qwen3_4b_base,P1_k8,0,qkv,5,8,1.0024315380785316,0.3835816746669607
qwen3_4b_base,P1_k8,0,qkv,6,8,1.0000806472596844,0.36164833276416036
qwen3_4b_base,P1_k8,0,qkv,7,8,1.0016559219450263,0.5031016978618433
qwen3_4b_base,P1_k8,0,qkv,8,8,1.0062309707080876,0.42330288374449354
qwen3_4b_base,P1_k8,0,qkv,9,8,1.0026516976057518,0.42210857098568355
qwen3_4b_base,P1_k8,0,qkv,10,8,1.0115786961383384,0.46988497303377713
qwen3_4b_base,P1_k8,0,qkv,11,8,1.0153261550083346,0.45843779629794496
qwen3_4b_base,P1_k8,0,qkv,12,8,1.0028338600260271,0.49361874153978264
qwen3_4b_base,P1_k8,0,qkv,13,8,1.0022413396491512,0.4487740018710323
qwen3_4b_base,P1_k8,0,qkv,14,8,1.0002234849245388,0.5341087013340866
qwen3_4b_base,P1_k8,0,qkv,15,8,1.0017407949443475,0.5361170542999386
qwen3_4b_base,P1_k8,0,qkv,16,8,1.0015943504597875,0.48041311134108144
qwen3_4b_base,P1_k8,0,qkv,17,8,1.0013669352021384,0.47978108292242627
qwen3_4b_base,P1_k8,0,qkv,18,8,1.0013526006116842,0.5315426218978285
qwen3_4b_base,P1_k8,0,qkv,19,8,1.002444659693741,0.5405353886784419
qwen3_4b_base,P1_k8,0,qkv,20,8,1.0019704444162687,0.5272797893549319
qwen3_4b_base,P1_k8,0,qkv,21,8,1.002156430687624,0.5781964202036027
qwen3_4b_base,P1_k8,0,qkv,22,8,1.003009173653708,0.5589162536797146
qwen3_4b_base,P1_k8,0,qkv,23,8,1.000028387124187,0.5275664158211376
qwen3_4b_base,P1_k8,0,qkv,24,8,1.0023346448870591,0.5140231356082833
qwen3_4b_base,P1_k8,0,qkv,25,8,1.0029419602240852,0.5759540842657244
qwen3_4b_base,P1_k8,0,qkv,26,8,1.0029871636917969,0.5176305109123008
qwen3_4b_base,P1_k8,0,qkv,27,8,1.0029168590020774,0.5517112305253633
qwen3_4b_base,P1_k8,0,qkv,28,8,1.002568208552936,0.5758585791924327
qwen3_4b_base,P1_k8,0,qkv,29,8,1.0022193076744468,0.4630885167256993
qwen3_4b_base,P1_k8,0,qkv,30,8,1.0000174251839689,0.5299310758427281
qwen3_4b_base,P1_k8,0,qkv,31,8,1.0025268493769692,0.494012313767693
qwen3_4b_base,P1_k8,0,qkv,32,8,1.0026948371305047,0.5178906585015841
qwen3_4b_base,P1_k8,0,qkv,33,8,1.0015028123419971,0.43487988941219385
qwen3_4b_base,P1_k8,0,qkv,34,8,1.0028430290792987,0.5409208664574305
qwen3_4b_base,P1_k8,0,qkv,35,8,1.0321158595105218,0.575353635615074
qwen3_4b_base,P1_k8,0,down,0,8,1.002180665258561,0.0978380582848825
qwen3_4b_base,P1_k8,0,down,1,8,1.0000363620009616,0.39141378494021634
qwen3_4b_base,P1_k8,0,down,2,8,1.000028953047527,0.09856998027515874
qwen3_4b_base,P1_k8,0,down,3,8,6.559926701155176,0.10308981425501236
qwen3_4b_base,P1_k8,0,down,4,8,1.0004759135557917,0.10915623857918515
qwen3_4b_base,P1_k8,0,down,5,8,1.8532182626950278,0.07879258290595896
qwen3_4b_base,P1_k8,0,down,6,8,1.0102914269121368,0.9725110929083625
qwen3_4b_base,P1_k8,0,down,7,8,1.0078037811725176,0.04549810868171324
qwen3_4b_base,P1_k8,0,down,8,8,1.007020939284636,0.04714981437594069
qwen3_4b_base,P1_k8,0,down,9,8,1.006061411156879,0.08030010154160819
qwen3_4b_base,P1_k8,0,down,10,8,1.0151250603331763,0.08646400158804438
qwen3_4b_base,P1_k8,0,down,11,8,1.0145471212004569,0.08522724748805761
qwen3_4b_base,P1_k8,0,down,12,8,1.011874669075927,0.10554763424749465
qwen3_4b_base,P1_k8,0,down,13,8,1.0130923512852996,0.07646000850395647
qwen3_4b_base,P1_k8,0,down,14,8,1.0063554484571613,0.08317661122296616
qwen3_4b_base,P1_k8,0,down,15,8,1.0185155181797136,0.09908000044258178
qwen3_4b_base,P1_k8,0,down,16,8,1.0431398976952522,0.9866813950573308
qwen3_4b_base,P1_k8,0,down,17,8,1.0132070998742284,0.0970015117307793
qwen3_4b_base,P1_k8,0,down,18,8,1.0078721106867208,0.09749360028379997
qwen3_4b_base,P1_k8,0,down,19,8,1.0116100839841116,0.09192165179997967
qwen3_4b_base,P1_k8,0,down,20,8,1.0048215097444841,0.08127654955551765
qwen3_4b_base,P1_k8,0,down,21,8,1.0043082890838395,0.07515450069990101
qwen3_4b_base,P1_k8,0,down,22,8,1.0045847433606763,0.11293998211533494
qwen3_4b_base,P1_k8,0,down,23,8,1.005449140713282,0.11537956434418764
qwen3_4b_base,P1_k8,0,down,24,8,1.0069225606945484,0.11430639734130532
qwen3_4b_base,P1_k8,0,down,25,8,1.0094360694574527,0.10733855062403318
qwen3_4b_base,P1_k8,0,down,26,8,1.0057907078886186,0.11387916598836084
qwen3_4b_base,P1_k8,0,down,27,8,1.003907621604311,0.10596751241742013
qwen3_4b_base,P1_k8,0,down,28,8,1.0024343561063205,0.11351569748344344
qwen3_4b_base,P1_k8,0,down,29,8,1.0079361542734868,0.1437069315580895
qwen3_4b_base,P1_k8,0,down,30,8,1.0056499486356976,0.1501154639786493
qwen3_4b_base,P1_k8,0,down,31,8,1.0024641470780413,0.2026771341994276
qwen3_4b_base,P1_k8,0,down,32,8,1.0053216009413564,0.12195406427877817
qwen3_4b_base,P1_k8,0,down,33,8,1.0029498351814754,0.20979152328080367
qwen3_4b_base,P1_k8,0,down,34,8,1.001525701344584,0.41108382808214516
qwen3_4b_base,P1_k8,0,down,35,8,12.446798271536988,0.9221544341003804
qwen3_4b_base,P1_k8,1,qkv,0,8,1.016396863937171,0.4680118808035058
qwen3_4b_base,P1_k8,1,qkv,1,8,1.0005621518478103,0.4158786010576637
qwen3_4b_base,P1_k8,1,qkv,2,8,1.0022340550146447,0.2752293688989568
qwen3_4b_base,P1_k8,1,qkv,3,8,1.0000346431831677,0.35479744666074425
qwen3_4b_base,P1_k8,1,qkv,4,8,1.0002171987574315,0.27676972361728663
qwen3_4b_base,P1_k8,1,qkv,5,8,1.0024315380785316,0.3835816746669607
qwen3_4b_base,P1_k8,1,qkv,6,8,1.0000806472596844,0.36164833276416036
qwen3_4b_base,P1_k8,1,qkv,7,8,1.0016559219450263,0.5031016978618433
qwen3_4b_base,P1_k8,1,qkv,8,8,1.0062309707080876,0.42330288374449354
qwen3_4b_base,P1_k8,1,qkv,9,8,1.0026516976057518,0.42210857098568355
qwen3_4b_base,P1_k8,1,qkv,10,8,1.0115786961383384,0.46988497303377713
qwen3_4b_base,P1_k8,1,qkv,11,8,1.0153261550083346,0.45843779629794496
qwen3_4b_base,P1_k8,1,qkv,12,8,1.0028338600260271,0.49361874153978264
qwen3_4b_base,P1_k8,1,qkv,13,8,1.0022413396491512,0.4487740018710323
qwen3_4b_base,P1_k8,1,qkv,14,8,1.0002234849245388,0.5341087013340866
qwen3_4b_base,P1_k8,1,qkv,15,8,1.0017407949443475,0.5361170542999386
qwen3_4b_base,P1_k8,1,qkv,16,8,1.0015943504597875,0.48041311134108144
qwen3_4b_base,P1_k8,1,qkv,17,8,1.0013669352021384,0.47978108292242627
qwen3_4b_base,P1_k8,1,qkv,18,8,1.0013526006116842,0.5315426218978285
qwen3_4b_base,P1_k8,1,qkv,19,8,1.002444659693741,0.5405353886784419
qwen3_4b_base,P1_k8,1,qkv,20,8,1.0019704444162687,0.5272797893549319
qwen3_4b_base,P1_k8,1,qkv,21,8,1.002156430687624,0.5781964202036027
qwen3_4b_base,P1_k8,1,qkv,22,8,1.003009173653708,0.5589162536797146
qwen3_4b_base,P1_k8,1,qkv,23,8,1.000028387124187,0.5275664158211376
qwen3_4b_base,P1_k8,1,qkv,24,8,1.0023346448870591,0.5140231356082833
qwen3_4b_base,P1_k8,1,qkv,25,8,1.0029419602240852,0.5759540842657244
qwen3_4b_base,P1_k8,1,qkv,26,8,1.0029871636917969,0.5176305109123008
qwen3_4b_base,P1_k8,1,qkv,27,8,1.0029168590020774,0.5517112305253633
qwen3_4b_base,P1_k8,1,qkv,28,8,1.002568208552936,0.5758585791924327
qwen3_4b_base,P1_k8,1,qkv,29,8,1.0022193076744468,0.4630885167256993
qwen3_4b_base,P1_k8,1,qkv,30,8,1.0000174251839689,0.5299310758427281
qwen3_4b_base,P1_k8,1,qkv,31,8,1.0025268493769692,0.494012313767693
qwen3_4b_base,P1_k8,1,qkv,32,8,1.0026948371305047,0.5178906585015841
qwen3_4b_base,P1_k8,1,qkv,33,8,1.0015028123419971,0.43487988941219385
qwen3_4b_base,P1_k8,1,qkv,34,8,1.0028430290792987,0.5409208664574305
qwen3_4b_base,P1_k8,1,qkv,35,8,1.0321158595105218,0.575353635615074
qwen3_4b_base,P1_k8,1,down,0,8,1.002180665258561,0.0978380582848825
qwen3_4b_base,P1_k8,1,down,1,8,1.0000363620009616,0.39141378494021634
qwen3_4b_base,P1_k8,1,down,2,8,1.000028953047527,0.09856998027515874
qwen3_4b_base,P1_k8,1,down,3,8,6.559926701155176,0.10308981425501236
qwen3_4b_base,P1_k8,1,down,4,8,1.0004759135557917,0.10915623857918515
qwen3_4b_base,P1_k8,1,down,5,8,1.8532182626950278,0.07879258290595896
qwen3_4b_base,P1_k8,1,down,6,8,1.0102914269121368,0.9725110929083625
qwen3_4b_base,P1_k8,1,down,7,8,1.0078037811725176,0.04549810868171324
qwen3_4b_base,P1_k8,1,down,8,8,1.007020939284636,0.04714981437594069
qwen3_4b_base,P1_k8,1,down,9,8,1.006061411156879,0.08030010154160819
qwen3_4b_base,P1_k8,1,down,10,8,1.0151250603331763,0.08646400158804438
qwen3_4b_base,P1_k8,1,down,11,8,1.0145471212004569,0.08522724748805761
qwen3_4b_base,P1_k8,1,down,12,8,1.011874669075927,0.10554763424749465
qwen3_4b_base,P1_k8,1,down,13,8,1.0130923512852996,0.07646000850395647
qwen3_4b_base,P1_k8,1,down,14,8,1.0063554484571613,0.08317661122296616
qwen3_4b_base,P1_k8,1,down,15,8,1.0185155181797136,0.09908000044258178
qwen3_4b_base,P1_k8,1,down,16,8,1.0431398976952522,0.9866813950573308
qwen3_4b_base,P1_k8,1,down,17,8,1.0132070998742284,0.0970015117307793
qwen3_4b_base,P1_k8,1,down,18,8,1.0078721106867208,0.09749360028379997
qwen3_4b_base,P1_k8,1,down,19,8,1.0116100839841116,0.09192165179997967
qwen3_4b_base,P1_k8,1,down,20,8,1.0048215097444841,0.08127654955551765
qwen3_4b_base,P1_k8,1,down,21,8,1.0043082890838395,0.07515450069990101
qwen3_4b_base,P1_k8,1,down,22,8,1.0045847433606763,0.11293998211533494
qwen3_4b_base,P1_k8,1,down,23,8,1.005449140713282,0.11537956434418764
qwen3_4b_base,P1_k8,1,down,24,8,1.0069225606945484,0.11430639734130532
qwen3_4b_base,P1_k8,1,down,25,8,1.0094360694574527,0.10733855062403318
qwen3_4b_base,P1_k8,1,down,26,8,1.0057907078886186,0.11387916598836084
qwen3_4b_base,P1_k8,1,down,27,8,1.003907621604311,0.10596751241742013
qwen3_4b_base,P1_k8,1,down,28,8,1.0024343561063205,0.11351569748344344
qwen3_4b_base,P1_k8,1,down,29,8,1.0079361542734868,0.1437069315580895
qwen3_4b_base,P1_k8,1,down,30,8,1.0056499486356976,0.1501154639786493
qwen3_4b_base,P1_k8,1,down,31,8,1.0024641470780413,0.2026771341994276
qwen3_4b_base,P1_k8,1,down,32,8,1.0053216009413564,0.12195406427877817
qwen3_4b_base,P1_k8,1,down,33,8,1.0029498351814754,0.20979152328080367
qwen3_4b_base,P1_k8,1,down,34,8,1.001525701344584,0.41108382808214516
qwen3_4b_base,P1_k8,1,down,35,8,12.446798271536988,0.9221544341003804
qwen3_4b_base,P1_k8,2,qkv,0,8,1.016396863937171,0.4680118808035058
qwen3_4b_base,P1_k8,2,qkv,1,8,1.0005621518478103,0.4158786010576637
qwen3_4b_base,P1_k8,2,qkv,2,8,1.0022340550146447,0.2752293688989568
qwen3_4b_base,P1_k8,2,qkv,3,8,1.0000346431831677,0.35479744666074425
qwen3_4b_base,P1_k8,2,qkv,4,8,1.0002171987574315,0.27676972361728663
qwen3_4b_base,P1_k8,2,qkv,5,8,1.0024315380785316,0.3835816746669607
qwen3_4b_base,P1_k8,2,qkv,6,8,1.0000806472596844,0.36164833276416036
qwen3_4b_base,P1_k8,2,qkv,7,8,1.0016559219450263,0.5031016978618433
qwen3_4b_base,P1_k8,2,qkv,8,8,1.0062309707080876,0.42330288374449354
qwen3_4b_base,P1_k8,2,qkv,9,8,1.0026516976057518,0.42210857098568355
qwen3_4b_base,P1_k8,2,qkv,10,8,1.0115786961383384,0.46988497303377713
qwen3_4b_base,P1_k8,2,qkv,11,8,1.0153261550083346,0.45843779629794496
qwen3_4b_base,P1_k8,2,qkv,12,8,1.0028338600260271,0.49361874153978264
qwen3_4b_base,P1_k8,2,qkv,13,8,1.0022413396491512,0.4487740018710323
qwen3_4b_base,P1_k8,2,qkv,14,8,1.0002234849245388,0.5341087013340866
qwen3_4b_base,P1_k8,2,qkv,15,8,1.0017407949443475,0.5361170542999386
qwen3_4b_base,P1_k8,2,qkv,16,8,1.0015943504597875,0.48041311134108144
qwen3_4b_base,P1_k8,2,qkv,17,8,1.0013669352021384,0.47978108292242627
qwen3_4b_base,P1_k8,2,qkv,18,8,1.0013526006116842,0.5315426218978285
qwen3_4b_base,P1_k8,2,qkv,19,8,1.002444659693741,0.5405353886784419
qwen3_4b_base,P1_k8,2,qkv,20,8,1.0019704444162687,0.5272797893549319
qwen3_4b_base,P1_k8,2,qkv,21,8,1.002156430687624,0.5781964202036027
qwen3_4b_base,P1_k8,2,qkv,22,8,1.003009173653708,0.5589162536797146
qwen3_4b_base,P1_k8,2,qkv,23,8,1.000028387124187,0.5275664158211376
qwen3_4b_base,P1_k8,2,qkv,24,8,1.0023346448870591,0.5140231356082833
qwen3_4b_base,P1_k8,2,qkv,25,8,1.0029419602240852,0.5759540842657244
qwen3_4b_base,P1_k8,2,qkv,26,8,1.0029871636917969,0.5176305109123008
qwen3_4b_base,P1_k8,2,qkv,27,8,1.0029168590020774,0.5517112305253633
qwen3_4b_base,P1_k8,2,qkv,28,8,1.002568208552936,0.5758585791924327
qwen3_4b_base,P1_k8,2,qkv,29,8,1.0022193076744468,0.4630885167256993
qwen3_4b_base,P1_k8,2,qkv,30,8,1.0000174251839689,0.5299310758427281
qwen3_4b_base,P1_k8,2,qkv,31,8,1.0025268493769692,0.494012313767693
qwen3_4b_base,P1_k8,2,qkv,32,8,1.0026948371305047,0.5178906585015841
qwen3_4b_base,P1_k8,2,qkv,33,8,1.0015028123419971,0.43487988941219385
qwen3_4b_base,P1_k8,2,qkv,34,8,1.0028430290792987,0.5409208664574305
qwen3_4b_base,P1_k8,2,qkv,35,8,1.0321158595105218,0.575353635615074
qwen3_4b_base,P1_k8,2,down,0,8,1.002180665258561,0.0978380582848825
qwen3_4b_base,P1_k8,2,down,1,8,1.0000363620009616,0.39141378494021634
qwen3_4b_base,P1_k8,2,down,2,8,1.000028953047527,0.09856998027515874
qwen3_4b_base,P1_k8,2,down,3,8,6.559926701155176,0.10308981425501236
qwen3_4b_base,P1_k8,2,down,4,8,1.0004759135557917,0.10915623857918515
qwen3_4b_base,P1_k8,2,down,5,8,1.8532182626950278,0.07879258290595896
qwen3_4b_base,P1_k8,2,down,6,8,1.0102914269121368,0.9725110929083625
qwen3_4b_base,P1_k8,2,down,7,8,1.0078037811725176,0.04549810868171324
qwen3_4b_base,P1_k8,2,down,8,8,1.007020939284636,0.04714981437594069
qwen3_4b_base,P1_k8,2,down,9,8,1.006061411156879,0.08030010154160819
qwen3_4b_base,P1_k8,2,down,10,8,1.0151250603331763,0.08646400158804438
qwen3_4b_base,P1_k8,2,down,11,8,1.0145471212004569,0.08522724748805761
qwen3_4b_base,P1_k8,2,down,12,8,1.011874669075927,0.10554763424749465
qwen3_4b_base,P1_k8,2,down,13,8,1.0130923512852996,0.07646000850395647
qwen3_4b_base,P1_k8,2,down,14,8,1.0063554484571613,0.08317661122296616
qwen3_4b_base,P1_k8,2,down,15,8,1.0185155181797136,0.09908000044258178
qwen3_4b_base,P1_k8,2,down,16,8,1.0431398976952522,0.9866813950573308
qwen3_4b_base,P1_k8,2,down,17,8,1.0132070998742284,0.0970015117307793
qwen3_4b_base,P1_k8,2,down,18,8,1.0078721106867208,0.09749360028379997
qwen3_4b_base,P1_k8,2,down,19,8,1.0116100839841116,0.09192165179997967
qwen3_4b_base,P1_k8,2,down,20,8,1.0048215097444841,0.08127654955551765
qwen3_4b_base,P1_k8,2,down,21,8,1.0043082890838395,0.07515450069990101
qwen3_4b_base,P1_k8,2,down,22,8,1.0045847433606763,0.11293998211533494
qwen3_4b_base,P1_k8,2,down,23,8,1.005449140713282,0.11537956434418764
qwen3_4b_base,P1_k8,2,down,24,8,1.0069225606945484,0.11430639734130532
qwen3_4b_base,P1_k8,2,down,25,8,1.0094360694574527,0.10733855062403318
qwen3_4b_base,P1_k8,2,down,26,8,1.0057907078886186,0.11387916598836084
qwen3_4b_base,P1_k8,2,down,27,8,1.003907621604311,0.10596751241742013
qwen3_4b_base,P1_k8,2,down,28,8,1.0024343561063205,0.11351569748344344
qwen3_4b_base,P1_k8,2,down,29,8,1.0079361542734868,0.1437069315580895
qwen3_4b_base,P1_k8,2,down,30,8,1.0056499486356976,0.1501154639786493
qwen3_4b_base,P1_k8,2,down,31,8,1.0024641470780413,0.2026771341994276
qwen3_4b_base,P1_k8,2,down,32,8,1.0053216009413564,0.12195406427877817
qwen3_4b_base,P1_k8,2,down,33,8,1.0029498351814754,0.20979152328080367
qwen3_4b_base,P1_k8,2,down,34,8,1.001525701344584,0.41108382808214516
qwen3_4b_base,P1_k8,2,down,35,8,12.446798271536988,0.9221544341003804
qwen3_4b_base,P2_k8,0,qkv,0,8,3.4650046084009904,0.4680118808035058
qwen3_4b_base,P2_k8,0,qkv,1,8,6.90245102659476,0.4158786010576637
qwen3_4b_base,P2_k8,0,qkv,2,8,3.2235955407035,0.2752293688989568
qwen3_4b_base,P2_k8,0,qkv,3,8,6.359873378346465,0.35479744666074425
qwen3_4b_base,P2_k8,0,qkv,4,8,3.1149203906135052,0.27676972361728663
qwen3_4b_base,P2_k8,0,qkv,5,8,4.128579397842758,0.3835816746669607
qwen3_4b_base,P2_k8,0,qkv,6,8,5.1367666052768115,0.36164833276416036
qwen3_4b_base,P2_k8,0,qkv,7,8,6.733967910668356,0.5031016978618433
qwen3_4b_base,P2_k8,0,qkv,8,8,3.9549332810429165,0.42330288374449354
qwen3_4b_base,P2_k8,0,qkv,9,8,5.105027630526161,0.42210857098568355
qwen3_4b_base,P2_k8,0,qkv,10,8,3.584454313175284,0.46988497303377713
qwen3_4b_base,P2_k8,0,qkv,11,8,4.556844474013658,0.45843779629794496
qwen3_4b_base,P2_k8,0,qkv,12,8,5.976179500766188,0.49361874153978264
qwen3_4b_base,P2_k8,0,qkv,13,8,6.102602818465554,0.4487740018710323
qwen3_4b_base,P2_k8,0,qkv,14,8,4.954422810971781,0.5341087013340866
qwen3_4b_base,P2_k8,0,qkv,15,8,6.394026134783705,0.5361170542999386
qwen3_4b_base,P2_k8,0,qkv,16,8,4.453086789710097,0.48041311134108144
qwen3_4b_base,P2_k8,0,qkv,17,8,5.803946845486438,0.47978108292242627
qwen3_4b_base,P2_k8,0,qkv,18,8,6.264951353827589,0.5315426218978285
qwen3_4b_base,P2_k8,0,qkv,19,8,8.830489475903395,0.5405353886784419
qwen3_4b_base,P2_k8,0,qkv,20,8,10.791145715953537,0.5272797893549319
qwen3_4b_base,P2_k8,0,qkv,21,8,12.297670953943964,0.5781964202036027
qwen3_4b_base,P2_k8,0,qkv,22,8,11.965879030171166,0.5589162536797146
qwen3_4b_base,P2_k8,0,qkv,23,8,13.25159949287273,0.5275664158211376
qwen3_4b_base,P2_k8,0,qkv,24,8,17.72328822296757,0.5140231356082833
qwen3_4b_base,P2_k8,0,qkv,25,8,13.265503151398642,0.5759540842657244
qwen3_4b_base,P2_k8,0,qkv,26,8,11.05266637064466,0.5176305109123008
qwen3_4b_base,P2_k8,0,qkv,27,8,13.579158174655765,0.5517112305253633
qwen3_4b_base,P2_k8,0,qkv,28,8,18.77776554903172,0.5758585791924327
qwen3_4b_base,P2_k8,0,qkv,29,8,18.415117178077086,0.4630885167256993
qwen3_4b_base,P2_k8,0,qkv,30,8,10.83968071003003,0.5299310758427281
qwen3_4b_base,P2_k8,0,qkv,31,8,16.229981524417365,0.494012313767693
qwen3_4b_base,P2_k8,0,qkv,32,8,14.45563561657607,0.5178906585015841
qwen3_4b_base,P2_k8,0,qkv,33,8,23.84885087427395,0.43487988941219385
qwen3_4b_base,P2_k8,0,qkv,34,8,12.798886866639227,0.5409208664574305
qwen3_4b_base,P2_k8,0,qkv,35,8,6.8481851285673745,0.575353635615074
qwen3_4b_base,P2_k8,0,down,0,8,1.5079017190793145,0.0978380582848825
qwen3_4b_base,P2_k8,0,down,1,8,4.592530563592965,0.39141378494021634
qwen3_4b_base,P2_k8,0,down,2,8,2.196493756541918,0.09856998027515874
qwen3_4b_base,P2_k8,0,down,3,8,6.511102654215059,0.10308981425501236
qwen3_4b_base,P2_k8,0,down,4,8,2.7221519620538444,0.10915623857918515
qwen3_4b_base,P2_k8,0,down,5,8,2.8459587194946785,0.07879258290595896
qwen3_4b_base,P2_k8,0,down,6,8,1.601728464179112,0.9725110929083625
qwen3_4b_base,P2_k8,0,down,7,8,1.3928304995824767,0.04549810868171324
qwen3_4b_base,P2_k8,0,down,8,8,1.3178805310950779,0.04714981437594069
qwen3_4b_base,P2_k8,0,down,9,8,1.6051595767552382,0.08030010154160819
qwen3_4b_base,P2_k8,0,down,10,8,1.6940894365809518,0.08646400158804438
qwen3_4b_base,P2_k8,0,down,11,8,1.6765223287599942,0.08522724748805761
qwen3_4b_base,P2_k8,0,down,12,8,2.2357530762232125,0.10554763424749465
qwen3_4b_base,P2_k8,0,down,13,8,3.795024656253365,0.07646000850395647
qwen3_4b_base,P2_k8,0,down,14,8,3.0272543845068483,0.08317661122296616
qwen3_4b_base,P2_k8,0,down,15,8,3.9273778043427163,0.09908000044258178
qwen3_4b_base,P2_k8,0,down,16,8,3.575528608646273,0.9866813950573308
qwen3_4b_base,P2_k8,0,down,17,8,4.122103056984521,0.0970015117307793
qwen3_4b_base,P2_k8,0,down,18,8,5.915880121481181,0.09749360028379997
qwen3_4b_base,P2_k8,0,down,19,8,5.5478368055148986,0.09192165179997967
qwen3_4b_base,P2_k8,0,down,20,8,5.369307037407042,0.08127654955551765
qwen3_4b_base,P2_k8,0,down,21,8,6.649153519758635,0.07515450069990101
qwen3_4b_base,P2_k8,0,down,22,8,9.829585767507725,0.11293998211533494
qwen3_4b_base,P2_k8,0,down,23,8,6.885049498647558,0.11537956434418764
qwen3_4b_base,P2_k8,0,down,24,8,6.998967179560452,0.11430639734130532
qwen3_4b_base,P2_k8,0,down,25,8,6.023587603320519,0.10733855062403318
qwen3_4b_base,P2_k8,0,down,26,8,7.026306033654381,0.11387916598836084
qwen3_4b_base,P2_k8,0,down,27,8,11.810789710882286,0.10596751241742013
qwen3_4b_base,P2_k8,0,down,28,8,13.227202792674715,0.11351569748344344
qwen3_4b_base,P2_k8,0,down,29,8,6.6464146312907415,0.1437069315580895
qwen3_4b_base,P2_k8,0,down,30,8,5.787717643497452,0.1501154639786493
qwen3_4b_base,P2_k8,0,down,31,8,5.6182478587400215,0.2026771341994276
qwen3_4b_base,P2_k8,0,down,32,8,6.0607266122146255,0.12195406427877817
qwen3_4b_base,P2_k8,0,down,33,8,6.449796261493857,0.20979152328080367
qwen3_4b_base,P2_k8,0,down,34,8,8.618313868692262,0.41108382808214516
qwen3_4b_base,P2_k8,0,down,35,8,25.24426307401292,0.9221544341003804
qwen3_4b_base,P2_k8,1,qkv,0,8,3.4650046084009904,0.4680118808035058
qwen3_4b_base,P2_k8,1,qkv,1,8,6.90245102659476,0.4158786010576637
qwen3_4b_base,P2_k8,1,qkv,2,8,3.2235955407035,0.2752293688989568
qwen3_4b_base,P2_k8,1,qkv,3,8,6.359873378346465,0.35479744666074425
qwen3_4b_base,P2_k8,1,qkv,4,8,3.1149203906135052,0.27676972361728663
qwen3_4b_base,P2_k8,1,qkv,5,8,4.128579397842758,0.3835816746669607
qwen3_4b_base,P2_k8,1,qkv,6,8,5.1367666052768115,0.36164833276416036
qwen3_4b_base,P2_k8,1,qkv,7,8,6.733967910668356,0.5031016978618433
qwen3_4b_base,P2_k8,1,qkv,8,8,3.9549332810429165,0.42330288374449354
qwen3_4b_base,P2_k8,1,qkv,9,8,5.105027630526161,0.42210857098568355
qwen3_4b_base,P2_k8,1,qkv,10,8,3.584454313175284,0.46988497303377713
qwen3_4b_base,P2_k8,1,qkv,11,8,4.556844474013658,0.45843779629794496
qwen3_4b_base,P2_k8,1,qkv,12,8,5.976179500766188,0.49361874153978264
qwen3_4b_base,P2_k8,1,qkv,13,8,6.102602818465554,0.4487740018710323
qwen3_4b_base,P2_k8,1,qkv,14,8,4.954422810971781,0.5341087013340866
qwen3_4b_base,P2_k8,1,qkv,15,8,6.394026134783705,0.5361170542999386
qwen3_4b_base,P2_k8,1,qkv,16,8,4.453086789710097,0.48041311134108144
qwen3_4b_base,P2_k8,1,qkv,17,8,5.803946845486438,0.47978108292242627
qwen3_4b_base,P2_k8,1,qkv,18,8,6.264951353827589,0.5315426218978285
qwen3_4b_base,P2_k8,1,qkv,19,8,8.830489475903395,0.5405353886784419
qwen3_4b_base,P2_k8,1,qkv,20,8,10.791145715953537,0.5272797893549319
qwen3_4b_base,P2_k8,1,qkv,21,8,12.297670953943964,0.5781964202036027
qwen3_4b_base,P2_k8,1,qkv,22,8,11.965879030171166,0.5589162536797146
qwen3_4b_base,P2_k8,1,qkv,23,8,13.25159949287273,0.5275664158211376
qwen3_4b_base,P2_k8,1,qkv,24,8,17.72328822296757,0.5140231356082833
qwen3_4b_base,P2_k8,1,qkv,25,8,13.265503151398642,0.5759540842657244
qwen3_4b_base,P2_k8,1,qkv,26,8,11.05266637064466,0.5176305109123008
qwen3_4b_base,P2_k8,1,qkv,27,8,13.579158174655765,0.5517112305253633
qwen3_4b_base,P2_k8,1,qkv,28,8,18.77776554903172,0.5758585791924327
qwen3_4b_base,P2_k8,1,qkv,29,8,18.415117178077086,0.4630885167256993
qwen3_4b_base,P2_k8,1,qkv,30,8,10.83968071003003,0.5299310758427281
qwen3_4b_base,P2_k8,1,qkv,31,8,16.229981524417365,0.494012313767693
qwen3_4b_base,P2_k8,1,qkv,32,8,14.45563561657607,0.5178906585015841
qwen3_4b_base,P2_k8,1,qkv,33,8,23.84885087427395,0.43487988941219385
qwen3_4b_base,P2_k8,1,qkv,34,8,12.798886866639227,0.5409208664574305
qwen3_4b_base,P2_k8,1,qkv,35,8,6.8481851285673745,0.575353635615074
qwen3_4b_base,P2_k8,1,down,0,8,1.5079017190793145,0.0978380582848825
qwen3_4b_base,P2_k8,1,down,1,8,4.592530563592965,0.39141378494021634
qwen3_4b_base,P2_k8,1,down,2,8,2.196493756541918,0.09856998027515874
qwen3_4b_base,P2_k8,1,down,3,8,6.511102654215059,0.10308981425501236
qwen3_4b_base,P2_k8,1,down,4,8,2.7221519620538444,0.10915623857918515
qwen3_4b_base,P2_k8,1,down,5,8,2.8459587194946785,0.07879258290595896
qwen3_4b_base,P2_k8,1,down,6,8,1.601728464179112,0.9725110929083625
qwen3_4b_base,P2_k8,1,down,7,8,1.3928304995824767,0.04549810868171324
qwen3_4b_base,P2_k8,1,down,8,8,1.3178805310950779,0.04714981437594069
qwen3_4b_base,P2_k8,1,down,9,8,1.6051595767552382,0.08030010154160819
qwen3_4b_base,P2_k8,1,down,10,8,1.6940894365809518,0.08646400158804438
qwen3_4b_base,P2_k8,1,down,11,8,1.6765223287599942,0.08522724748805761
qwen3_4b_base,P2_k8,1,down,12,8,2.2357530762232125,0.10554763424749465
qwen3_4b_base,P2_k8,1,down,13,8,3.795024656253365,0.07646000850395647
qwen3_4b_base,P2_k8,1,down,14,8,3.0272543845068483,0.08317661122296616
qwen3_4b_base,P2_k8,1,down,15,8,3.9273778043427163,0.09908000044258178
qwen3_4b_base,P2_k8,1,down,16,8,3.575528608646273,0.9866813950573308
qwen3_4b_base,P2_k8,1,down,17,8,4.122103056984521,0.0970015117307793
qwen3_4b_base,P2_k8,1,down,18,8,5.915880121481181,0.09749360028379997
qwen3_4b_base,P2_k8,1,down,19,8,5.5478368055148986,0.09192165179997967
qwen3_4b_base,P2_k8,1,down,20,8,5.369307037407042,0.08127654955551765
qwen3_4b_base,P2_k8,1,down,21,8,6.649153519758635,0.07515450069990101
qwen3_4b_base,P2_k8,1,down,22,8,9.829585767507725,0.11293998211533494
qwen3_4b_base,P2_k8,1,down,23,8,6.885049498647558,0.11537956434418764
qwen3_4b_base,P2_k8,1,down,24,8,6.998967179560452,0.11430639734130532
qwen3_4b_base,P2_k8,1,down,25,8,6.023587603320519,0.10733855062403318
qwen3_4b_base,P2_k8,1,down,26,8,7.026306033654381,0.11387916598836084
qwen3_4b_base,P2_k8,1,down,27,8,11.810789710882286,0.10596751241742013
qwen3_4b_base,P2_k8,1,down,28,8,13.227202792674715,0.11351569748344344
qwen3_4b_base,P2_k8,1,down,29,8,6.6464146312907415,0.1437069315580895
qwen3_4b_base,P2_k8,1,down,30,8,5.787717643497452,0.1501154639786493
qwen3_4b_base,P2_k8,1,down,31,8,5.6182478587400215,0.2026771341994276
qwen3_4b_base,P2_k8,1,down,32,8,6.0607266122146255,0.12195406427877817
qwen3_4b_base,P2_k8,1,down,33,8,6.449796261493857,0.20979152328080367
qwen3_4b_base,P2_k8,1,down,34,8,8.618313868692262,0.41108382808214516
qwen3_4b_base,P2_k8,1,down,35,8,25.24426307401292,0.9221544341003804
qwen3_4b_base,P2_k8,2,qkv,0,8,3.4650046084009904,0.4680118808035058
qwen3_4b_base,P2_k8,2,qkv,1,8,6.90245102659476,0.4158786010576637
qwen3_4b_base,P2_k8,2,qkv,2,8,3.2235955407035,0.2752293688989568
qwen3_4b_base,P2_k8,2,qkv,3,8,6.359873378346465,0.35479744666074425
qwen3_4b_base,P2_k8,2,qkv,4,8,3.1149203906135052,0.27676972361728663
qwen3_4b_base,P2_k8,2,qkv,5,8,4.128579397842758,0.3835816746669607
qwen3_4b_base,P2_k8,2,qkv,6,8,5.1367666052768115,0.36164833276416036
qwen3_4b_base,P2_k8,2,qkv,7,8,6.733967910668356,0.5031016978618433
qwen3_4b_base,P2_k8,2,qkv,8,8,3.9549332810429165,0.42330288374449354
qwen3_4b_base,P2_k8,2,qkv,9,8,5.105027630526161,0.42210857098568355
qwen3_4b_base,P2_k8,2,qkv,10,8,3.584454313175284,0.46988497303377713
qwen3_4b_base,P2_k8,2,qkv,11,8,4.556844474013658,0.45843779629794496
qwen3_4b_base,P2_k8,2,qkv,12,8,5.976179500766188,0.49361874153978264
qwen3_4b_base,P2_k8,2,qkv,13,8,6.102602818465554,0.4487740018710323
qwen3_4b_base,P2_k8,2,qkv,14,8,4.954422810971781,0.5341087013340866
qwen3_4b_base,P2_k8,2,qkv,15,8,6.394026134783705,0.5361170542999386
qwen3_4b_base,P2_k8,2,qkv,16,8,4.453086789710097,0.48041311134108144
qwen3_4b_base,P2_k8,2,qkv,17,8,5.803946845486438,0.47978108292242627
qwen3_4b_base,P2_k8,2,qkv,18,8,6.264951353827589,0.5315426218978285
qwen3_4b_base,P2_k8,2,qkv,19,8,8.830489475903395,0.5405353886784419
qwen3_4b_base,P2_k8,2,qkv,20,8,10.791145715953537,0.5272797893549319
qwen3_4b_base,P2_k8,2,qkv,21,8,12.297670953943964,0.5781964202036027
qwen3_4b_base,P2_k8,2,qkv,22,8,11.965879030171166,0.5589162536797146
qwen3_4b_base,P2_k8,2,qkv,23,8,13.25159949287273,0.5275664158211376
qwen3_4b_base,P2_k8,2,qkv,24,8,17.72328822296757,0.5140231356082833
qwen3_4b_base,P2_k8,2,qkv,25,8,13.265503151398642,0.5759540842657244
qwen3_4b_base,P2_k8,2,qkv,26,8,11.05266637064466,0.5176305109123008
qwen3_4b_base,P2_k8,2,qkv,27,8,13.579158174655765,0.5517112305253633
qwen3_4b_base,P2_k8,2,qkv,28,8,18.77776554903172,0.5758585791924327
qwen3_4b_base,P2_k8,2,qkv,29,8,18.415117178077086,0.4630885167256993
qwen3_4b_base,P2_k8,2,qkv,30,8,10.83968071003003,0.5299310758427281
qwen3_4b_base,P2_k8,2,qkv,31,8,16.229981524417365,0.494012313767693
qwen3_4b_base,P2_k8,2,qkv,32,8,14.45563561657607,0.5178906585015841
qwen3_4b_base,P2_k8,2,qkv,33,8,23.84885087427395,0.43487988941219385
qwen3_4b_base,P2_k8,2,qkv,34,8,12.798886866639227,0.5409208664574305
qwen3_4b_base,P2_k8,2,qkv,35,8,6.8481851285673745,0.575353635615074
qwen3_4b_base,P2_k8,2,down,0,8,1.5079017190793145,0.0978380582848825
qwen3_4b_base,P2_k8,2,down,1,8,4.592530563592965,0.39141378494021634
qwen3_4b_base,P2_k8,2,down,2,8,2.196493756541918,0.09856998027515874
qwen3_4b_base,P2_k8,2,down,3,8,6.511102654215059,0.10308981425501236
qwen3_4b_base,P2_k8,2,down,4,8,2.7221519620538444,0.10915623857918515
qwen3_4b_base,P2_k8,2,down,5,8,2.8459587194946785,0.07879258290595896
qwen3_4b_base,P2_k8,2,down,6,8,1.601728464179112,0.9725110929083625
qwen3_4b_base,P2_k8,2,down,7,8,1.3928304995824767,0.04549810868171324
qwen3_4b_base,P2_k8,2,down,8,8,1.3178805310950779,0.04714981437594069
qwen3_4b_base,P2_k8,2,down,9,8,1.6051595767552382,0.08030010154160819
qwen3_4b_base,P2_k8,2,down,10,8,1.6940894365809518,0.08646400158804438
qwen3_4b_base,P2_k8,2,down,11,8,1.6765223287599942,0.08522724748805761
qwen3_4b_base,P2_k8,2,down,12,8,2.2357530762232125,0.10554763424749465
qwen3_4b_base,P2_k8,2,down,13,8,3.795024656253365,0.07646000850395647
qwen3_4b_base,P2_k8,2,down,14,8,3.0272543845068483,0.08317661122296616
qwen3_4b_base,P2_k8,2,down,15,8,3.9273778043427163,0.09908000044258178
qwen3_4b_base,P2_k8,2,down,16,8,3.575528608646273,0.9866813950573308
qwen3_4b_base,P2_k8,2,down,17,8,4.122103056984521,0.0970015117307793
qwen3_4b_base,P2_k8,2,down,18,8,5.915880121481181,0.09749360028379997
qwen3_4b_base,P2_k8,2,down,19,8,5.5478368055148986,0.09192165179997967
qwen3_4b_base,P2_k8,2,down,20,8,5.369307037407042,0.08127654955551765
qwen3_4b_base,P2_k8,2,down,21,8,6.649153519758635,0.07515450069990101
qwen3_4b_base,P2_k8,2,down,22,8,9.829585767507725,0.11293998211533494
qwen3_4b_base,P2_k8,2,down,23,8,6.885049498647558,0.11537956434418764
qwen3_4b_base,P2_k8,2,down,24,8,6.998967179560452,0.11430639734130532
qwen3_4b_base,P2_k8,2,down,25,8,6.023587603320519,0.10733855062403318
qwen3_4b_base,P2_k8,2,down,26,8,7.026306033654381,0.11387916598836084
qwen3_4b_base,P2_k8,2,down,27,8,11.810789710882286,0.10596751241742013
qwen3_4b_base,P2_k8,2,down,28,8,13.227202792674715,0.11351569748344344
qwen3_4b_base,P2_k8,2,down,29,8,6.6464146312907415,0.1437069315580895
qwen3_4b_base,P2_k8,2,down,30,8,5.787717643497452,0.1501154639786493
qwen3_4b_base,P2_k8,2,down,31,8,5.6182478587400215,0.2026771341994276
qwen3_4b_base,P2_k8,2,down,32,8,6.0607266122146255,0.12195406427877817
qwen3_4b_base,P2_k8,2,down,33,8,6.449796261493857,0.20979152328080367
qwen3_4b_base,P2_k8,2,down,34,8,8.618313868692262,0.41108382808214516
qwen3_4b_base,P2_k8,2,down,35,8,25.24426307401292,0.9221544341003804
qwen3_4b_base,P3_k8,0,qkv,0,8,1.1118796310630428,0.4680118808035058
qwen3_4b_base,P3_k8,0,qkv,1,8,1.2205186283076814,0.4158786010576637
qwen3_4b_base,P3_k8,0,qkv,2,8,1.1515361244135314,0.2752293688989568
qwen3_4b_base,P3_k8,0,qkv,3,8,1.4584768459090107,0.35479744666074425
qwen3_4b_base,P3_k8,0,qkv,4,8,1.2424036416645305,0.27676972361728663
qwen3_4b_base,P3_k8,0,qkv,5,8,1.1642368038216528,0.3835816746669607
qwen3_4b_base,P3_k8,0,qkv,6,8,1.2025928605511247,0.36164833276416036
qwen3_4b_base,P3_k8,0,qkv,7,8,1.2846240492073873,0.5031016978618433
qwen3_4b_base,P3_k8,0,qkv,8,8,1.1786428221554437,0.42330288374449354
qwen3_4b_base,P3_k8,0,qkv,9,8,1.1083052399084852,0.42210857098568355
qwen3_4b_base,P3_k8,0,qkv,10,8,1.260231859963112,0.46988497303377713
qwen3_4b_base,P3_k8,0,qkv,11,8,1.3021597270761396,0.45843779629794496
qwen3_4b_base,P3_k8,0,qkv,12,8,1.1998366901406217,0.49361874153978264
qwen3_4b_base,P3_k8,0,qkv,13,8,1.1907948061906983,0.4487740018710323
qwen3_4b_base,P3_k8,0,qkv,14,8,1.3316628289725219,0.5341087013340866
qwen3_4b_base,P3_k8,0,qkv,15,8,1.31774049625647,0.5361170542999386
qwen3_4b_base,P3_k8,0,qkv,16,8,1.1720655679771883,0.48041311134108144
qwen3_4b_base,P3_k8,0,qkv,17,8,1.2256639249404153,0.47978108292242627
qwen3_4b_base,P3_k8,0,qkv,18,8,1.3298795201958373,0.5315426218978285
qwen3_4b_base,P3_k8,0,qkv,19,8,1.3493932570467444,0.5405353886784419
qwen3_4b_base,P3_k8,0,qkv,20,8,1.4785810472921408,0.5272797893549319
qwen3_4b_base,P3_k8,0,qkv,21,8,1.6465672055845983,0.5781964202036027
qwen3_4b_base,P3_k8,0,qkv,22,8,1.2569666255633416,0.5589162536797146
qwen3_4b_base,P3_k8,0,qkv,23,8,1.4014469796558275,0.5275664158211376
qwen3_4b_base,P3_k8,0,qkv,24,8,1.5807972703108681,0.5140231356082833
qwen3_4b_base,P3_k8,0,qkv,25,8,1.4771927840705699,0.5759540842657244
qwen3_4b_base,P3_k8,0,qkv,26,8,1.3373543422764589,0.5176305109123008
qwen3_4b_base,P3_k8,0,qkv,27,8,1.3365271275326307,0.5517112305253633
qwen3_4b_base,P3_k8,0,qkv,28,8,1.498445189393414,0.5758585791924327
qwen3_4b_base,P3_k8,0,qkv,29,8,1.4807797046109459,0.4630885167256993
qwen3_4b_base,P3_k8,0,qkv,30,8,1.19066063506159,0.5299310758427281
qwen3_4b_base,P3_k8,0,qkv,31,8,1.373711278351628,0.494012313767693
qwen3_4b_base,P3_k8,0,qkv,32,8,1.3262067017599608,0.5178906585015841
qwen3_4b_base,P3_k8,0,qkv,33,8,1.3836578800744668,0.43487988941219385
qwen3_4b_base,P3_k8,0,qkv,34,8,1.3236873642344777,0.5409208664574305
qwen3_4b_base,P3_k8,0,qkv,35,8,1.6085952710932647,0.575353635615074
qwen3_4b_base,P3_k8,0,down,0,8,1.418153803939284,0.0978380582848825
qwen3_4b_base,P3_k8,0,down,1,8,2.2580710719301322,0.39141378494021634
qwen3_4b_base,P3_k8,0,down,2,8,2.064805658466982,0.09856998027515874
qwen3_4b_base,P3_k8,0,down,3,8,7.899454495191739,0.10308981425501236
qwen3_4b_base,P3_k8,0,down,4,8,1.7786221353879026,0.10915623857918515
qwen3_4b_base,P3_k8,0,down,5,8,2.861295842354717,0.07879258290595896
qwen3_4b_base,P3_k8,0,down,6,8,1.2874861261938768,0.9725110929083625
qwen3_4b_base,P3_k8,0,down,7,8,1.2335694689424437,0.04549810868171324
qwen3_4b_base,P3_k8,0,down,8,8,1.2372071570808816,0.04714981437594069
qwen3_4b_base,P3_k8,0,down,9,8,1.2799004724143666,0.08030010154160819
qwen3_4b_base,P3_k8,0,down,10,8,1.4113986332753536,0.08646400158804438
qwen3_4b_base,P3_k8,0,down,11,8,1.3112912314955791,0.08522724748805761
qwen3_4b_base,P3_k8,0,down,12,8,1.1913732087326863,0.10554763424749465
qwen3_4b_base,P3_k8,0,down,13,8,1.2380878327238056,0.07646000850395647
qwen3_4b_base,P3_k8,0,down,14,8,1.1633436269217825,0.08317661122296616
qwen3_4b_base,P3_k8,0,down,15,8,1.1792719040466944,0.09908000044258178
qwen3_4b_base,P3_k8,0,down,16,8,1.2958966849292133,0.9866813950573308
qwen3_4b_base,P3_k8,0,down,17,8,1.1486851209202207,0.0970015117307793
qwen3_4b_base,P3_k8,0,down,18,8,1.2710335733335378,0.09749360028379997
qwen3_4b_base,P3_k8,0,down,19,8,1.2354015894479369,0.09192165179997967
qwen3_4b_base,P3_k8,0,down,20,8,1.2851474086530095,0.08127654955551765
qwen3_4b_base,P3_k8,0,down,21,8,1.1932960903439547,0.07515450069990101
qwen3_4b_base,P3_k8,0,down,22,8,1.2993760438985815,0.11293998211533494
qwen3_4b_base,P3_k8,0,down,23,8,1.4646422756907551,0.11537956434418764
qwen3_4b_base,P3_k8,0,down,24,8,1.3614152344749977,0.11430639734130532
qwen3_4b_base,P3_k8,0,down,25,8,1.308351933026675,0.10733855062403318
qwen3_4b_base,P3_k8,0,down,26,8,1.4194349223803129,0.11387916598836084
qwen3_4b_base,P3_k8,0,down,27,8,1.4190495028885146,0.10596751241742013
qwen3_4b_base,P3_k8,0,down,28,8,1.438050895819332,0.11351569748344344
qwen3_4b_base,P3_k8,0,down,29,8,1.4456872757732913,0.1437069315580895
qwen3_4b_base,P3_k8,0,down,30,8,1.6710612823146105,0.1501154639786493
qwen3_4b_base,P3_k8,0,down,31,8,1.4055371465306539,0.2026771341994276
qwen3_4b_base,P3_k8,0,down,32,8,1.6378493951747686,0.12195406427877817
qwen3_4b_base,P3_k8,0,down,33,8,1.3489873155524421,0.20979152328080367
qwen3_4b_base,P3_k8,0,down,34,8,1.4341330871769031,0.41108382808214516
qwen3_4b_base,P3_k8,0,down,35,8,16.57989630825028,0.9221544341003804
qwen3_4b_base,P3_k8,1,qkv,0,8,1.1394995374592591,0.4680118808035058
qwen3_4b_base,P3_k8,1,qkv,1,8,1.2620753024345368,0.4158786010576637
qwen3_4b_base,P3_k8,1,qkv,2,8,1.361124149057306,0.2752293688989568
qwen3_4b_base,P3_k8,1,qkv,3,8,1.2520200270181734,0.35479744666074425
qwen3_4b_base,P3_k8,1,qkv,4,8,1.2075833386383736,0.27676972361728663
qwen3_4b_base,P3_k8,1,qkv,5,8,1.0896463602785775,0.3835816746669607
qwen3_4b_base,P3_k8,1,qkv,6,8,1.197425965942906,0.36164833276416036
qwen3_4b_base,P3_k8,1,qkv,7,8,1.210273588195485,0.5031016978618433
qwen3_4b_base,P3_k8,1,qkv,8,8,1.1119634842106716,0.42330288374449354
qwen3_4b_base,P3_k8,1,qkv,9,8,1.2252199070345025,0.42210857098568355
qwen3_4b_base,P3_k8,1,qkv,10,8,1.2280326654100469,0.46988497303377713
qwen3_4b_base,P3_k8,1,qkv,11,8,1.3012687778538878,0.45843779629794496
qwen3_4b_base,P3_k8,1,qkv,12,8,1.2497414871584545,0.49361874153978264
qwen3_4b_base,P3_k8,1,qkv,13,8,1.1729137426415361,0.4487740018710323
qwen3_4b_base,P3_k8,1,qkv,14,8,1.1949170892566106,0.5341087013340866
qwen3_4b_base,P3_k8,1,qkv,15,8,1.3581027909111847,0.5361170542999386
qwen3_4b_base,P3_k8,1,qkv,16,8,1.2784456866240155,0.48041311134108144
qwen3_4b_base,P3_k8,1,qkv,17,8,1.1938544105339883,0.47978108292242627
qwen3_4b_base,P3_k8,1,qkv,18,8,1.3497098998747545,0.5315426218978285
qwen3_4b_base,P3_k8,1,qkv,19,8,1.251779111272644,0.5405353886784419
qwen3_4b_base,P3_k8,1,qkv,20,8,1.3012945614798657,0.5272797893549319
qwen3_4b_base,P3_k8,1,qkv,21,8,1.3807148919078793,0.5781964202036027
qwen3_4b_base,P3_k8,1,qkv,22,8,1.4261970769410384,0.5589162536797146
qwen3_4b_base,P3_k8,1,qkv,23,8,1.2039053231268972,0.5275664158211376
qwen3_4b_base,P3_k8,1,qkv,24,8,1.413012502987151,0.5140231356082833
qwen3_4b_base,P3_k8,1,qkv,25,8,1.4811757464358364,0.5759540842657244
qwen3_4b_base,P3_k8,1,qkv,26,8,1.5076007100134057,0.5176305109123008
qwen3_4b_base,P3_k8,1,qkv,27,8,1.4208887444149205,0.5517112305253633
qwen3_4b_base,P3_k8,1,qkv,28,8,1.5637600807016798,0.5758585791924327
qwen3_4b_base,P3_k8,1,qkv,29,8,1.5822213074667297,0.4630885167256993
qwen3_4b_base,P3_k8,1,qkv,30,8,1.2699324615181125,0.5299310758427281
qwen3_4b_base,P3_k8,1,qkv,31,8,1.305053189824441,0.494012313767693
qwen3_4b_base,P3_k8,1,qkv,32,8,1.1580684136005617,0.5178906585015841
qwen3_4b_base,P3_k8,1,qkv,33,8,1.3645906344995913,0.43487988941219385
qwen3_4b_base,P3_k8,1,qkv,34,8,1.2137831998304582,0.5409208664574305
qwen3_4b_base,P3_k8,1,qkv,35,8,1.260051130411161,0.575353635615074
qwen3_4b_base,P3_k8,1,down,0,8,1.692142634634549,0.0978380582848825
qwen3_4b_base,P3_k8,1,down,1,8,1.9192723215166274,0.39141378494021634
qwen3_4b_base,P3_k8,1,down,2,8,1.8007260804173246,0.09856998027515874
qwen3_4b_base,P3_k8,1,down,3,8,7.708066150306733,0.10308981425501236
qwen3_4b_base,P3_k8,1,down,4,8,1.7322079855996564,0.10915623857918515
qwen3_4b_base,P3_k8,1,down,5,8,2.733710586906667,0.07879258290595896
qwen3_4b_base,P3_k8,1,down,6,8,1.1364691787264478,0.9725110929083625
qwen3_4b_base,P3_k8,1,down,7,8,1.1557115602218409,0.04549810868171324
qwen3_4b_base,P3_k8,1,down,8,8,1.1929339276760007,0.04714981437594069
qwen3_4b_base,P3_k8,1,down,9,8,1.3202119615423056,0.08030010154160819
qwen3_4b_base,P3_k8,1,down,10,8,1.320692617366533,0.08646400158804438
qwen3_4b_base,P3_k8,1,down,11,8,1.3457819923144678,0.08522724748805761
qwen3_4b_base,P3_k8,1,down,12,8,1.2111388430512462,0.10554763424749465
qwen3_4b_base,P3_k8,1,down,13,8,1.1487204192828895,0.07646000850395647
qwen3_4b_base,P3_k8,1,down,14,8,1.1358246100739717,0.08317661122296616
qwen3_4b_base,P3_k8,1,down,15,8,1.182327815366877,0.09908000044258178
qwen3_4b_base,P3_k8,1,down,16,8,1.2978458076288424,0.9866813950573308
qwen3_4b_base,P3_k8,1,down,17,8,1.2299999335364684,0.0970015117307793
qwen3_4b_base,P3_k8,1,down,18,8,1.2313366738079874,0.09749360028379997
qwen3_4b_base,P3_k8,1,down,19,8,1.3341715639848053,0.09192165179997967
qwen3_4b_base,P3_k8,1,down,20,8,1.1883023578776752,0.08127654955551765
qwen3_4b_base,P3_k8,1,down,21,8,1.2070983129416497,0.07515450069990101
qwen3_4b_base,P3_k8,1,down,22,8,1.4160191097378894,0.11293998211533494
qwen3_4b_base,P3_k8,1,down,23,8,1.33690385318101,0.11537956434418764
qwen3_4b_base,P3_k8,1,down,24,8,1.3426299494907132,0.11430639734130532
qwen3_4b_base,P3_k8,1,down,25,8,1.7877958732503147,0.10733855062403318
qwen3_4b_base,P3_k8,1,down,26,8,1.5324049172738505,0.11387916598836084
qwen3_4b_base,P3_k8,1,down,27,8,1.4827041492691466,0.10596751241742013
qwen3_4b_base,P3_k8,1,down,28,8,1.3997362089051386,0.11351569748344344
qwen3_4b_base,P3_k8,1,down,29,8,1.449953491371337,0.1437069315580895
qwen3_4b_base,P3_k8,1,down,30,8,1.4424655140934624,0.1501154639786493
qwen3_4b_base,P3_k8,1,down,31,8,1.6113178589738337,0.2026771341994276
qwen3_4b_base,P3_k8,1,down,32,8,1.4678984554425414,0.12195406427877817
qwen3_4b_base,P3_k8,1,down,33,8,1.2537502800578033,0.20979152328080367
qwen3_4b_base,P3_k8,1,down,34,8,1.4469579836295492,0.41108382808214516
qwen3_4b_base,P3_k8,1,down,35,8,17.112393770153478,0.9221544341003804
qwen3_4b_base,P3_k8,2,qkv,0,8,1.0598012594418869,0.4680118808035058
qwen3_4b_base,P3_k8,2,qkv,1,8,1.2768955943962625,0.4158786010576637
qwen3_4b_base,P3_k8,2,qkv,2,8,1.2331444144487502,0.2752293688989568
qwen3_4b_base,P3_k8,2,qkv,3,8,1.2103229912088067,0.35479744666074425
qwen3_4b_base,P3_k8,2,qkv,4,8,1.1399098901871842,0.27676972361728663
qwen3_4b_base,P3_k8,2,qkv,5,8,1.2119565611985914,0.3835816746669607
qwen3_4b_base,P3_k8,2,qkv,6,8,1.2409024583123882,0.36164833276416036
qwen3_4b_base,P3_k8,2,qkv,7,8,1.2108355942493012,0.5031016978618433
qwen3_4b_base,P3_k8,2,qkv,8,8,1.2077780645252958,0.42330288374449354
qwen3_4b_base,P3_k8,2,qkv,9,8,1.2146475985268752,0.42210857098568355
qwen3_4b_base,P3_k8,2,qkv,10,8,1.1678424384195543,0.46988497303377713
qwen3_4b_base,P3_k8,2,qkv,11,8,1.2146028419052004,0.45843779629794496
qwen3_4b_base,P3_k8,2,qkv,12,8,1.2131084402343197,0.49361874153978264
qwen3_4b_base,P3_k8,2,qkv,13,8,1.1283737440727055,0.4487740018710323
qwen3_4b_base,P3_k8,2,qkv,14,8,1.2861543876708283,0.5341087013340866
qwen3_4b_base,P3_k8,2,qkv,15,8,1.3178982184877979,0.5361170542999386
qwen3_4b_base,P3_k8,2,qkv,16,8,1.1418304514682032,0.48041311134108144
qwen3_4b_base,P3_k8,2,qkv,17,8,1.4013027359297148,0.47978108292242627
qwen3_4b_base,P3_k8,2,qkv,18,8,1.577358356957782,0.5315426218978285
qwen3_4b_base,P3_k8,2,qkv,19,8,1.4396933845156712,0.5405353886784419
qwen3_4b_base,P3_k8,2,qkv,20,8,1.2883179278965118,0.5272797893549319
qwen3_4b_base,P3_k8,2,qkv,21,8,1.3994800651842305,0.5781964202036027
qwen3_4b_base,P3_k8,2,qkv,22,8,1.2916255206532317,0.5589162536797146
qwen3_4b_base,P3_k8,2,qkv,23,8,1.3159095897083046,0.5275664158211376
qwen3_4b_base,P3_k8,2,qkv,24,8,1.4899366530488765,0.5140231356082833
qwen3_4b_base,P3_k8,2,qkv,25,8,1.3054488077663364,0.5759540842657244
qwen3_4b_base,P3_k8,2,qkv,26,8,1.2023307230432128,0.5176305109123008
qwen3_4b_base,P3_k8,2,qkv,27,8,1.3078879843647269,0.5517112305253633
qwen3_4b_base,P3_k8,2,qkv,28,8,2.19608525846228,0.5758585791924327
qwen3_4b_base,P3_k8,2,qkv,29,8,1.454066470849918,0.4630885167256993
qwen3_4b_base,P3_k8,2,qkv,30,8,1.4293809306418874,0.5299310758427281
qwen3_4b_base,P3_k8,2,qkv,31,8,1.3853408487789325,0.494012313767693
qwen3_4b_base,P3_k8,2,qkv,32,8,1.47146673651048,0.5178906585015841
qwen3_4b_base,P3_k8,2,qkv,33,8,1.6313131520887383,0.43487988941219385
qwen3_4b_base,P3_k8,2,qkv,34,8,1.2226238346228524,0.5409208664574305
qwen3_4b_base,P3_k8,2,qkv,35,8,1.2809277091050548,0.575353635615074
qwen3_4b_base,P3_k8,2,down,0,8,1.4179310270202243,0.0978380582848825
qwen3_4b_base,P3_k8,2,down,1,8,1.9424034025591603,0.39141378494021634
qwen3_4b_base,P3_k8,2,down,2,8,1.7465338350852753,0.09856998027515874
qwen3_4b_base,P3_k8,2,down,3,8,7.5347464724145325,0.10308981425501236
qwen3_4b_base,P3_k8,2,down,4,8,1.6543309674189244,0.10915623857918515
qwen3_4b_base,P3_k8,2,down,5,8,2.775178806357924,0.07879258290595896
qwen3_4b_base,P3_k8,2,down,6,8,1.2129154762526906,0.9725110929083625
qwen3_4b_base,P3_k8,2,down,7,8,1.2186799888806672,0.04549810868171324
qwen3_4b_base,P3_k8,2,down,8,8,1.2906765666442408,0.04714981437594069
qwen3_4b_base,P3_k8,2,down,9,8,1.3820739029213138,0.08030010154160819
qwen3_4b_base,P3_k8,2,down,10,8,1.4618038175704298,0.08646400158804438
qwen3_4b_base,P3_k8,2,down,11,8,1.4447823809303664,0.08522724748805761
qwen3_4b_base,P3_k8,2,down,12,8,1.3000802232272255,0.10554763424749465
qwen3_4b_base,P3_k8,2,down,13,8,1.2126767918805315,0.07646000850395647
qwen3_4b_base,P3_k8,2,down,14,8,1.1583315141916113,0.08317661122296616
qwen3_4b_base,P3_k8,2,down,15,8,1.1860850052417302,0.09908000044258178
qwen3_4b_base,P3_k8,2,down,16,8,1.268337058639279,0.9866813950573308
qwen3_4b_base,P3_k8,2,down,17,8,1.186586013274863,0.0970015117307793
qwen3_4b_base,P3_k8,2,down,18,8,1.1801804872164654,0.09749360028379997
qwen3_4b_base,P3_k8,2,down,19,8,1.2594483216778485,0.09192165179997967
qwen3_4b_base,P3_k8,2,down,20,8,1.2183433813058508,0.08127654955551765
qwen3_4b_base,P3_k8,2,down,21,8,1.197592081983302,0.07515450069990101
qwen3_4b_base,P3_k8,2,down,22,8,1.3613888530833531,0.11293998211533494
qwen3_4b_base,P3_k8,2,down,23,8,1.6292981300859155,0.11537956434418764
qwen3_4b_base,P3_k8,2,down,24,8,1.488750737161277,0.11430639734130532
qwen3_4b_base,P3_k8,2,down,25,8,1.3545611108888962,0.10733855062403318
qwen3_4b_base,P3_k8,2,down,26,8,1.5120713105765284,0.11387916598836084
qwen3_4b_base,P3_k8,2,down,27,8,1.3962915307693031,0.10596751241742013
qwen3_4b_base,P3_k8,2,down,28,8,1.3778354747095072,0.11351569748344344
qwen3_4b_base,P3_k8,2,down,29,8,1.7057424820912637,0.1437069315580895
qwen3_4b_base,P3_k8,2,down,30,8,1.6589269166020437,0.1501154639786493
qwen3_4b_base,P3_k8,2,down,31,8,1.4022703182283889,0.2026771341994276
qwen3_4b_base,P3_k8,2,down,32,8,1.556412844939978,0.12195406427877817
qwen3_4b_base,P3_k8,2,down,33,8,1.3987449881244924,0.20979152328080367
qwen3_4b_base,P3_k8,2,down,34,8,1.4012905875463666,0.41108382808214516
qwen3_4b_base,P3_k8,2,down,35,8,14.423615558366906,0.9221544341003804
qwen3_4b_base,P4_k8,0,qkv,0,8,1.0042247480190982,0.4680118808035058
qwen3_4b_base,P4_k8,0,qkv,1,8,1.0001625116571324,0.4158786010576637
qwen3_4b_base,P4_k8,0,qkv,2,8,1.0001107791049506,0.2752293688989568
qwen3_4b_base,P4_k8,0,qkv,3,8,1.0017826528033593,0.35479744666074425
qwen3_4b_base,P4_k8,0,qkv,4,8,1.0003271382779508,0.27676972361728663
qwen3_4b_base,P4_k8,0,qkv,5,8,1.0000657534135073,0.3835816746669607
qwen3_4b_base,P4_k8,0,qkv,6,8,1.0001204821705802,0.36164833276416036
qwen3_4b_base,P4_k8,0,qkv,7,8,1.0010265516517685,0.5031016978618433
qwen3_4b_base,P4_k8,0,qkv,8,8,1.0002097573766098,0.42330288374449354
qwen3_4b_base,P4_k8,0,qkv,9,8,1.0001207266551306,0.42210857098568355
qwen3_4b_base,P4_k8,0,qkv,10,8,1.0001369759236605,0.46988497303377713
qwen3_4b_base,P4_k8,0,qkv,11,8,1.0003375029529695,0.45843779629794496
qwen3_4b_base,P4_k8,0,qkv,12,8,1.0007485579244835,0.49361874153978264
qwen3_4b_base,P4_k8,0,qkv,13,8,1.0013452910986762,0.4487740018710323
qwen3_4b_base,P4_k8,0,qkv,14,8,1.0002208611724246,0.5341087013340866
qwen3_4b_base,P4_k8,0,qkv,15,8,1.0013197712390733,0.5361170542999386
qwen3_4b_base,P4_k8,0,qkv,16,8,1.0007034843888378,0.48041311134108144
qwen3_4b_base,P4_k8,0,qkv,17,8,1.0010165449919464,0.47978108292242627
qwen3_4b_base,P4_k8,0,qkv,18,8,1.0011250964096947,0.5315426218978285
qwen3_4b_base,P4_k8,0,qkv,19,8,1.0019976587865749,0.5405353886784419
qwen3_4b_base,P4_k8,0,qkv,20,8,1.001422849914648,0.5272797893549319
qwen3_4b_base,P4_k8,0,qkv,21,8,1.001691523751831,0.5781964202036027
qwen3_4b_base,P4_k8,0,qkv,22,8,1.002464827467713,0.5589162536797146
qwen3_4b_base,P4_k8,0,qkv,23,8,1.0000720839717046,0.5275664158211376
qwen3_4b_base,P4_k8,0,qkv,24,8,1.000045994224444,0.5140231356082833
qwen3_4b_base,P4_k8,0,qkv,25,8,1.0001754919924233,0.5759540842657244
qwen3_4b_base,P4_k8,0,qkv,26,8,1.00079944568818,0.5176305109123008
qwen3_4b_base,P4_k8,0,qkv,27,8,1.0023381173347121,0.5517112305253633
qwen3_4b_base,P4_k8,0,qkv,28,8,1.0006768353786006,0.5758585791924327
qwen3_4b_base,P4_k8,0,qkv,29,8,1.0003184426429035,0.4630885167256993
qwen3_4b_base,P4_k8,0,qkv,30,8,1.003141923336592,0.5299310758427281
qwen3_4b_base,P4_k8,0,qkv,31,8,1.0023694731430666,0.494012313767693
qwen3_4b_base,P4_k8,0,qkv,32,8,1.0026103526046741,0.5178906585015841
qwen3_4b_base,P4_k8,0,qkv,33,8,1.0001760077891386,0.43487988941219385
qwen3_4b_base,P4_k8,0,qkv,34,8,1.0009322493828814,0.5409208664574305
qwen3_4b_base,P4_k8,0,qkv,35,8,1.0378147017272898,0.575353635615074
qwen3_4b_base,P4_k8,0,down,0,8,1.0014778434581462,0.0978380582848825
qwen3_4b_base,P4_k8,0,down,1,8,1.000006150108894,0.39141378494021634
qwen3_4b_base,P4_k8,0,down,2,8,1.0000291459449164,0.09856998027515874
qwen3_4b_base,P4_k8,0,down,3,8,6.722026902852615,0.10308981425501236
qwen3_4b_base,P4_k8,0,down,4,8,1.0001434225503114,0.10915623857918515
qwen3_4b_base,P4_k8,0,down,5,8,1.8640078672980391,0.07879258290595896
qwen3_4b_base,P4_k8,0,down,6,8,1.0032624275566124,0.9725110929083625
qwen3_4b_base,P4_k8,0,down,7,8,1.0045666652994738,0.04549810868171324
qwen3_4b_base,P4_k8,0,down,8,8,1.0039863380303675,0.04714981437594069
qwen3_4b_base,P4_k8,0,down,9,8,1.0047503453716649,0.08030010154160819
qwen3_4b_base,P4_k8,0,down,10,8,1.0135160435472084,0.08646400158804438
qwen3_4b_base,P4_k8,0,down,11,8,1.0099213068460036,0.08522724748805761
qwen3_4b_base,P4_k8,0,down,12,8,1.0078571561778664,0.10554763424749465
qwen3_4b_base,P4_k8,0,down,13,8,1.0107560971615956,0.07646000850395647
qwen3_4b_base,P4_k8,0,down,14,8,1.003195738071443,0.08317661122296616
qwen3_4b_base,P4_k8,0,down,15,8,1.0145184358706867,0.09908000044258178
qwen3_4b_base,P4_k8,0,down,16,8,1.032803696341209,0.9866813950573308
qwen3_4b_base,P4_k8,0,down,17,8,1.0054174200203296,0.0970015117307793
qwen3_4b_base,P4_k8,0,down,18,8,1.007283738733174,0.09749360028379997
qwen3_4b_base,P4_k8,0,down,19,8,1.007879444733051,0.09192165179997967
qwen3_4b_base,P4_k8,0,down,20,8,1.0018252740231568,0.08127654955551765
qwen3_4b_base,P4_k8,0,down,21,8,1.0044091179838819,0.07515450069990101
qwen3_4b_base,P4_k8,0,down,22,8,1.0049516481669147,0.11293998211533494
qwen3_4b_base,P4_k8,0,down,23,8,1.0041785578127718,0.11537956434418764
qwen3_4b_base,P4_k8,0,down,24,8,1.0052945478146955,0.11430639734130532
qwen3_4b_base,P4_k8,0,down,25,8,1.0069799961834363,0.10733855062403318
qwen3_4b_base,P4_k8,0,down,26,8,1.0051213247771205,0.11387916598836084
qwen3_4b_base,P4_k8,0,down,27,8,1.0027966121180196,0.10596751241742013
qwen3_4b_base,P4_k8,0,down,28,8,1.0006249459844134,0.11351569748344344
qwen3_4b_base,P4_k8,0,down,29,8,1.006847209017378,0.1437069315580895
qwen3_4b_base,P4_k8,0,down,30,8,1.005434451711629,0.1501154639786493
qwen3_4b_base,P4_k8,0,down,31,8,1.0010463582099625,0.2026771341994276
qwen3_4b_base,P4_k8,0,down,32,8,1.0014668100587643,0.12195406427877817
qwen3_4b_base,P4_k8,0,down,33,8,1.0015919033098009,0.20979152328080367
qwen3_4b_base,P4_k8,0,down,34,8,1.0006365992313075,0.41108382808214516
qwen3_4b_base,P4_k8,0,down,35,8,14.127873814138567,0.9221544341003804
qwen3_4b_base,P4_k8,1,qkv,0,8,1.0042247480190982,0.4680118808035058
qwen3_4b_base,P4_k8,1,qkv,1,8,1.0001625116571324,0.4158786010576637
qwen3_4b_base,P4_k8,1,qkv,2,8,1.0001107791049506,0.2752293688989568
qwen3_4b_base,P4_k8,1,qkv,3,8,1.0017826528033593,0.35479744666074425
qwen3_4b_base,P4_k8,1,qkv,4,8,1.0003271382779508,0.27676972361728663
qwen3_4b_base,P4_k8,1,qkv,5,8,1.0000657534135073,0.3835816746669607
qwen3_4b_base,P4_k8,1,qkv,6,8,1.0001204821705802,0.36164833276416036
qwen3_4b_base,P4_k8,1,qkv,7,8,1.0010265516517685,0.5031016978618433
qwen3_4b_base,P4_k8,1,qkv,8,8,1.0002097573766098,0.42330288374449354
qwen3_4b_base,P4_k8,1,qkv,9,8,1.0001207266551306,0.42210857098568355
qwen3_4b_base,P4_k8,1,qkv,10,8,1.0001369759236605,0.46988497303377713
qwen3_4b_base,P4_k8,1,qkv,11,8,1.0003375029529695,0.45843779629794496
qwen3_4b_base,P4_k8,1,qkv,12,8,1.0007485579244835,0.49361874153978264
qwen3_4b_base,P4_k8,1,qkv,13,8,1.0013452910986762,0.4487740018710323
qwen3_4b_base,P4_k8,1,qkv,14,8,1.0002208611724246,0.5341087013340866
qwen3_4b_base,P4_k8,1,qkv,15,8,1.0013197712390733,0.5361170542999386
qwen3_4b_base,P4_k8,1,qkv,16,8,1.0007034843888378,0.48041311134108144
qwen3_4b_base,P4_k8,1,qkv,17,8,1.0010165449919464,0.47978108292242627
qwen3_4b_base,P4_k8,1,qkv,18,8,1.0011250964096947,0.5315426218978285
qwen3_4b_base,P4_k8,1,qkv,19,8,1.0019976587865749,0.5405353886784419
qwen3_4b_base,P4_k8,1,qkv,20,8,1.001422849914648,0.5272797893549319
qwen3_4b_base,P4_k8,1,qkv,21,8,1.001691523751831,0.5781964202036027
qwen3_4b_base,P4_k8,1,qkv,22,8,1.002464827467713,0.5589162536797146
qwen3_4b_base,P4_k8,1,qkv,23,8,1.0000720839717046,0.5275664158211376
qwen3_4b_base,P4_k8,1,qkv,24,8,1.000045994224444,0.5140231356082833
qwen3_4b_base,P4_k8,1,qkv,25,8,1.0001754919924233,0.5759540842657244
qwen3_4b_base,P4_k8,1,qkv,26,8,1.00079944568818,0.5176305109123008
qwen3_4b_base,P4_k8,1,qkv,27,8,1.0023381173347121,0.5517112305253633
qwen3_4b_base,P4_k8,1,qkv,28,8,1.0006768353786006,0.5758585791924327
qwen3_4b_base,P4_k8,1,qkv,29,8,1.0003184426429035,0.4630885167256993
qwen3_4b_base,P4_k8,1,qkv,30,8,1.003141923336592,0.5299310758427281
qwen3_4b_base,P4_k8,1,qkv,31,8,1.0023694731430666,0.494012313767693
qwen3_4b_base,P4_k8,1,qkv,32,8,1.0026103526046741,0.5178906585015841
qwen3_4b_base,P4_k8,1,qkv,33,8,1.0001760077891386,0.43487988941219385
qwen3_4b_base,P4_k8,1,qkv,34,8,1.0009322493828814,0.5409208664574305
qwen3_4b_base,P4_k8,1,qkv,35,8,1.0378147017272898,0.575353635615074
qwen3_4b_base,P4_k8,1,down,0,8,1.0014778434581462,0.0978380582848825
qwen3_4b_base,P4_k8,1,down,1,8,1.000006150108894,0.39141378494021634
qwen3_4b_base,P4_k8,1,down,2,8,1.0000291459449164,0.09856998027515874
qwen3_4b_base,P4_k8,1,down,3,8,6.722026902852615,0.10308981425501236
qwen3_4b_base,P4_k8,1,down,4,8,1.0001434225503114,0.10915623857918515
qwen3_4b_base,P4_k8,1,down,5,8,1.8640078672980391,0.07879258290595896
qwen3_4b_base,P4_k8,1,down,6,8,1.0032624275566124,0.9725110929083625
qwen3_4b_base,P4_k8,1,down,7,8,1.0045666652994738,0.04549810868171324
qwen3_4b_base,P4_k8,1,down,8,8,1.0039863380303675,0.04714981437594069
qwen3_4b_base,P4_k8,1,down,9,8,1.0047503453716649,0.08030010154160819
qwen3_4b_base,P4_k8,1,down,10,8,1.0135160435472084,0.08646400158804438
qwen3_4b_base,P4_k8,1,down,11,8,1.0099213068460036,0.08522724748805761
qwen3_4b_base,P4_k8,1,down,12,8,1.0078571561778664,0.10554763424749465
qwen3_4b_base,P4_k8,1,down,13,8,1.0107560971615956,0.07646000850395647
qwen3_4b_base,P4_k8,1,down,14,8,1.003195738071443,0.08317661122296616
qwen3_4b_base,P4_k8,1,down,15,8,1.0145184358706867,0.09908000044258178
qwen3_4b_base,P4_k8,1,down,16,8,1.032803696341209,0.9866813950573308
qwen3_4b_base,P4_k8,1,down,17,8,1.0054174200203296,0.0970015117307793
qwen3_4b_base,P4_k8,1,down,18,8,1.007283738733174,0.09749360028379997
qwen3_4b_base,P4_k8,1,down,19,8,1.007879444733051,0.09192165179997967
qwen3_4b_base,P4_k8,1,down,20,8,1.0018252740231568,0.08127654955551765
qwen3_4b_base,P4_k8,1,down,21,8,1.0044091179838819,0.07515450069990101
qwen3_4b_base,P4_k8,1,down,22,8,1.0049516481669147,0.11293998211533494
qwen3_4b_base,P4_k8,1,down,23,8,1.0041785578127718,0.11537956434418764
qwen3_4b_base,P4_k8,1,down,24,8,1.0052945478146955,0.11430639734130532
qwen3_4b_base,P4_k8,1,down,25,8,1.0069799961834363,0.10733855062403318
qwen3_4b_base,P4_k8,1,down,26,8,1.0051213247771205,0.11387916598836084
qwen3_4b_base,P4_k8,1,down,27,8,1.0027966121180196,0.10596751241742013
qwen3_4b_base,P4_k8,1,down,28,8,1.0006249459844134,0.11351569748344344
qwen3_4b_base,P4_k8,1,down,29,8,1.006847209017378,0.1437069315580895
qwen3_4b_base,P4_k8,1,down,30,8,1.005434451711629,0.1501154639786493
qwen3_4b_base,P4_k8,1,down,31,8,1.0010463582099625,0.2026771341994276
qwen3_4b_base,P4_k8,1,down,32,8,1.0014668100587643,0.12195406427877817
qwen3_4b_base,P4_k8,1,down,33,8,1.0015919033098009,0.20979152328080367
qwen3_4b_base,P4_k8,1,down,34,8,1.0006365992313075,0.41108382808214516
qwen3_4b_base,P4_k8,1,down,35,8,14.127873814138567,0.9221544341003804
qwen3_4b_base,P4_k8,2,qkv,0,8,1.0042247480190982,0.4680118808035058
qwen3_4b_base,P4_k8,2,qkv,1,8,1.0001625116571324,0.4158786010576637
qwen3_4b_base,P4_k8,2,qkv,2,8,1.0001107791049506,0.2752293688989568
qwen3_4b_base,P4_k8,2,qkv,3,8,1.0017826528033593,0.35479744666074425
qwen3_4b_base,P4_k8,2,qkv,4,8,1.0003271382779508,0.27676972361728663
qwen3_4b_base,P4_k8,2,qkv,5,8,1.0000657534135073,0.3835816746669607
qwen3_4b_base,P4_k8,2,qkv,6,8,1.0001204821705802,0.36164833276416036
qwen3_4b_base,P4_k8,2,qkv,7,8,1.0010265516517685,0.5031016978618433
qwen3_4b_base,P4_k8,2,qkv,8,8,1.0002097573766098,0.42330288374449354
qwen3_4b_base,P4_k8,2,qkv,9,8,1.0001207266551306,0.42210857098568355
qwen3_4b_base,P4_k8,2,qkv,10,8,1.0001369759236605,0.46988497303377713
qwen3_4b_base,P4_k8,2,qkv,11,8,1.0003375029529695,0.45843779629794496
qwen3_4b_base,P4_k8,2,qkv,12,8,1.0007485579244835,0.49361874153978264
qwen3_4b_base,P4_k8,2,qkv,13,8,1.0013452910986762,0.4487740018710323
qwen3_4b_base,P4_k8,2,qkv,14,8,1.0002208611724246,0.5341087013340866
qwen3_4b_base,P4_k8,2,qkv,15,8,1.0013197712390733,0.5361170542999386
qwen3_4b_base,P4_k8,2,qkv,16,8,1.0007034843888378,0.48041311134108144
qwen3_4b_base,P4_k8,2,qkv,17,8,1.0010165449919464,0.47978108292242627
qwen3_4b_base,P4_k8,2,qkv,18,8,1.0011250964096947,0.5315426218978285
qwen3_4b_base,P4_k8,2,qkv,19,8,1.0019976587865749,0.5405353886784419
qwen3_4b_base,P4_k8,2,qkv,20,8,1.001422849914648,0.5272797893549319
qwen3_4b_base,P4_k8,2,qkv,21,8,1.001691523751831,0.5781964202036027
qwen3_4b_base,P4_k8,2,qkv,22,8,1.002464827467713,0.5589162536797146
qwen3_4b_base,P4_k8,2,qkv,23,8,1.0000720839717046,0.5275664158211376
qwen3_4b_base,P4_k8,2,qkv,24,8,1.000045994224444,0.5140231356082833
qwen3_4b_base,P4_k8,2,qkv,25,8,1.0001754919924233,0.5759540842657244
qwen3_4b_base,P4_k8,2,qkv,26,8,1.00079944568818,0.5176305109123008
qwen3_4b_base,P4_k8,2,qkv,27,8,1.0023381173347121,0.5517112305253633
qwen3_4b_base,P4_k8,2,qkv,28,8,1.0006768353786006,0.5758585791924327
qwen3_4b_base,P4_k8,2,qkv,29,8,1.0003184426429035,0.4630885167256993
qwen3_4b_base,P4_k8,2,qkv,30,8,1.003141923336592,0.5299310758427281
qwen3_4b_base,P4_k8,2,qkv,31,8,1.0023694731430666,0.494012313767693
qwen3_4b_base,P4_k8,2,qkv,32,8,1.0026103526046741,0.5178906585015841
qwen3_4b_base,P4_k8,2,qkv,33,8,1.0001760077891386,0.43487988941219385
qwen3_4b_base,P4_k8,2,qkv,34,8,1.0009322493828814,0.5409208664574305
qwen3_4b_base,P4_k8,2,qkv,35,8,1.0378147017272898,0.575353635615074
qwen3_4b_base,P4_k8,2,down,0,8,1.0014778434581462,0.0978380582848825
qwen3_4b_base,P4_k8,2,down,1,8,1.000006150108894,0.39141378494021634
qwen3_4b_base,P4_k8,2,down,2,8,1.0000291459449164,0.09856998027515874
qwen3_4b_base,P4_k8,2,down,3,8,6.722026902852615,0.10308981425501236
qwen3_4b_base,P4_k8,2,down,4,8,1.0001434225503114,0.10915623857918515
qwen3_4b_base,P4_k8,2,down,5,8,1.8640078672980391,0.07879258290595896
qwen3_4b_base,P4_k8,2,down,6,8,1.0032624275566124,0.9725110929083625
qwen3_4b_base,P4_k8,2,down,7,8,1.0045666652994738,0.04549810868171324
qwen3_4b_base,P4_k8,2,down,8,8,1.0039863380303675,0.04714981437594069
qwen3_4b_base,P4_k8,2,down,9,8,1.0047503453716649,0.08030010154160819
qwen3_4b_base,P4_k8,2,down,10,8,1.0135160435472084,0.08646400158804438
qwen3_4b_base,P4_k8,2,down,11,8,1.0099213068460036,0.08522724748805761
qwen3_4b_base,P4_k8,2,down,12,8,1.0078571561778664,0.10554763424749465
qwen3_4b_base,P4_k8,2,down,13,8,1.0107560971615956,0.07646000850395647
qwen3_4b_base,P4_k8,2,down,14,8,1.003195738071443,0.08317661122296616
qwen3_4b_base,P4_k8,2,down,15,8,1.0145184358706867,0.09908000044258178
qwen3_4b_base,P4_k8,2,down,16,8,1.032803696341209,0.9866813950573308
qwen3_4b_base,P4_k8,2,down,17,8,1.0054174200203296,0.0970015117307793
qwen3_4b_base,P4_k8,2,down,18,8,1.007283738733174,0.09749360028379997
qwen3_4b_base,P4_k8,2,down,19,8,1.007879444733051,0.09192165179997967
qwen3_4b_base,P4_k8,2,down,20,8,1.0018252740231568,0.08127654955551765
qwen3_4b_base,P4_k8,2,down,21,8,1.0044091179838819,0.07515450069990101
qwen3_4b_base,P4_k8,2,down,22,8,1.0049516481669147,0.11293998211533494
qwen3_4b_base,P4_k8,2,down,23,8,1.0041785578127718,0.11537956434418764
qwen3_4b_base,P4_k8,2,down,24,8,1.0052945478146955,0.11430639734130532
qwen3_4b_base,P4_k8,2,down,25,8,1.0069799961834363,0.10733855062403318
qwen3_4b_base,P4_k8,2,down,26,8,1.0051213247771205,0.11387916598836084
qwen3_4b_base,P4_k8,2,down,27,8,1.0027966121180196,0.10596751241742013
qwen3_4b_base,P4_k8,2,down,28,8,1.0006249459844134,0.11351569748344344
qwen3_4b_base,P4_k8,2,down,29,8,1.006847209017378,0.1437069315580895
qwen3_4b_base,P4_k8,2,down,30,8,1.005434451711629,0.1501154639786493
qwen3_4b_base,P4_k8,2,down,31,8,1.0010463582099625,0.2026771341994276
qwen3_4b_base,P4_k8,2,down,32,8,1.0014668100587643,0.12195406427877817
qwen3_4b_base,P4_k8,2,down,33,8,1.0015919033098009,0.20979152328080367
qwen3_4b_base,P4_k8,2,down,34,8,1.0006365992313075,0.41108382808214516
qwen3_4b_base,P4_k8,2,down,35,8,14.127873814138567,0.9221544341003804
qwen3_4b_base,P5_k8,0,qkv,0,8,1.016396863937171,0.4680118808035058
qwen3_4b_base,P5_k8,0,qkv,1,8,1.0005621518478103,0.4158786010576637
qwen3_4b_base,P5_k8,0,qkv,2,8,1.0022340550146447,0.2752293688989568
qwen3_4b_base,P5_k8,0,qkv,3,8,1.0000346431831677,0.35479744666074425
qwen3_4b_base,P5_k8,0,qkv,4,8,1.0002171987574315,0.27676972361728663
qwen3_4b_base,P5_k8,0,qkv,5,8,1.0024315380785316,0.3835816746669607
qwen3_4b_base,P5_k8,0,qkv,6,8,1.0000806472596844,0.36164833276416036
qwen3_4b_base,P5_k8,0,qkv,7,8,1.0016559219450263,0.5031016978618433
qwen3_4b_base,P5_k8,0,qkv,8,8,1.0062309707080876,0.42330288374449354
qwen3_4b_base,P5_k8,0,qkv,9,8,1.0026516976057518,0.42210857098568355
qwen3_4b_base,P5_k8,0,qkv,10,8,1.0115786961383384,0.46988497303377713
qwen3_4b_base,P5_k8,0,qkv,11,8,1.0153261550083346,0.45843779629794496
qwen3_4b_base,P5_k8,0,qkv,12,8,1.0028338600260271,0.49361874153978264
qwen3_4b_base,P5_k8,0,qkv,13,8,1.0022413396491512,0.4487740018710323
qwen3_4b_base,P5_k8,0,qkv,14,8,1.0002234849245388,0.5341087013340866
qwen3_4b_base,P5_k8,0,qkv,15,8,1.0017407949443475,0.5361170542999386
qwen3_4b_base,P5_k8,0,qkv,16,8,1.0015943504597875,0.48041311134108144
qwen3_4b_base,P5_k8,0,qkv,17,8,1.0013669352021384,0.47978108292242627
qwen3_4b_base,P5_k8,0,qkv,18,8,1.0013526006116842,0.5315426218978285
qwen3_4b_base,P5_k8,0,qkv,19,8,1.002444659693741,0.5405353886784419
qwen3_4b_base,P5_k8,0,qkv,20,8,1.0019704444162687,0.5272797893549319
qwen3_4b_base,P5_k8,0,qkv,21,8,1.002156430687624,0.5781964202036027
qwen3_4b_base,P5_k8,0,qkv,22,8,1.003009173653708,0.5589162536797146
qwen3_4b_base,P5_k8,0,qkv,23,8,1.000028387124187,0.5275664158211376
qwen3_4b_base,P5_k8,0,qkv,24,8,1.0023346448870591,0.5140231356082833
qwen3_4b_base,P5_k8,0,qkv,25,8,1.0029419602240852,0.5759540842657244
qwen3_4b_base,P5_k8,0,qkv,26,8,1.0029871636917969,0.5176305109123008
qwen3_4b_base,P5_k8,0,qkv,27,8,1.0029168590020774,0.5517112305253633
qwen3_4b_base,P5_k8,0,qkv,28,8,1.002568208552936,0.5758585791924327
qwen3_4b_base,P5_k8,0,qkv,29,8,1.0022193076744468,0.4630885167256993
qwen3_4b_base,P5_k8,0,qkv,30,8,1.0000174251839689,0.5299310758427281
qwen3_4b_base,P5_k8,0,qkv,31,8,1.0025268493769692,0.494012313767693
qwen3_4b_base,P5_k8,0,qkv,32,8,1.0026948371305047,0.5178906585015841
qwen3_4b_base,P5_k8,0,qkv,33,8,1.0015028123419971,0.43487988941219385
qwen3_4b_base,P5_k8,0,qkv,34,8,1.0028430290792987,0.5409208664574305
qwen3_4b_base,P5_k8,0,qkv,35,8,1.0321158595105218,0.575353635615074
qwen3_4b_base,P5_k8,0,down,0,8,1.002180665258561,0.0978380582848825
qwen3_4b_base,P5_k8,0,down,1,8,1.0000363620009616,0.39141378494021634
qwen3_4b_base,P5_k8,0,down,2,8,1.000028953047527,0.09856998027515874
qwen3_4b_base,P5_k8,0,down,3,8,6.559926701155176,0.10308981425501236
qwen3_4b_base,P5_k8,0,down,4,8,1.0004759135557917,0.10915623857918515
qwen3_4b_base,P5_k8,0,down,5,8,1.8532182626950278,0.07879258290595896
qwen3_4b_base,P5_k8,0,down,6,8,1.0102914269121368,0.9725110929083625
qwen3_4b_base,P5_k8,0,down,7,8,1.0078037811725176,0.04549810868171324
qwen3_4b_base,P5_k8,0,down,8,8,1.007020939284636,0.04714981437594069
qwen3_4b_base,P5_k8,0,down,9,8,1.006061411156879,0.08030010154160819
qwen3_4b_base,P5_k8,0,down,10,8,1.0151250603331763,0.08646400158804438
qwen3_4b_base,P5_k8,0,down,11,8,1.0145471212004569,0.08522724748805761
qwen3_4b_base,P5_k8,0,down,12,8,1.011874669075927,0.10554763424749465
qwen3_4b_base,P5_k8,0,down,13,8,1.0130923512852996,0.07646000850395647
qwen3_4b_base,P5_k8,0,down,14,8,1.0063554484571613,0.08317661122296616
qwen3_4b_base,P5_k8,0,down,15,8,1.0185155181797136,0.09908000044258178
qwen3_4b_base,P5_k8,0,down,16,8,1.0431398976952522,0.9866813950573308
qwen3_4b_base,P5_k8,0,down,17,8,1.0132070998742284,0.0970015117307793
qwen3_4b_base,P5_k8,0,down,18,8,1.0078721106867208,0.09749360028379997
qwen3_4b_base,P5_k8,0,down,19,8,1.0116100839841116,0.09192165179997967
qwen3_4b_base,P5_k8,0,down,20,8,1.0048215097444841,0.08127654955551765
qwen3_4b_base,P5_k8,0,down,21,8,1.0043082890838395,0.07515450069990101
qwen3_4b_base,P5_k8,0,down,22,8,1.0045847433606763,0.11293998211533494
qwen3_4b_base,P5_k8,0,down,23,8,1.005449140713282,0.11537956434418764
qwen3_4b_base,P5_k8,0,down,24,8,1.0069225606945484,0.11430639734130532
qwen3_4b_base,P5_k8,0,down,25,8,1.0094360694574527,0.10733855062403318
qwen3_4b_base,P5_k8,0,down,26,8,1.0057907078886186,0.11387916598836084
qwen3_4b_base,P5_k8,0,down,27,8,1.003907621604311,0.10596751241742013
qwen3_4b_base,P5_k8,0,down,28,8,1.0024343561063205,0.11351569748344344
qwen3_4b_base,P5_k8,0,down,29,8,1.0079361542734868,0.1437069315580895
qwen3_4b_base,P5_k8,0,down,30,8,1.0056499486356976,0.1501154639786493
qwen3_4b_base,P5_k8,0,down,31,8,1.0024641470780413,0.2026771341994276
qwen3_4b_base,P5_k8,0,down,32,8,1.0053216009413564,0.12195406427877817
qwen3_4b_base,P5_k8,0,down,33,8,1.0029498351814754,0.20979152328080367
qwen3_4b_base,P5_k8,0,down,34,8,1.001525701344584,0.41108382808214516
qwen3_4b_base,P5_k8,0,down,35,8,12.446798271536988,0.9221544341003804
qwen3_4b_base,P5_k8,1,qkv,0,8,1.016396863937171,0.4680118808035058
qwen3_4b_base,P5_k8,1,qkv,1,8,1.0005621518478103,0.4158786010576637
qwen3_4b_base,P5_k8,1,qkv,2,8,1.0022340550146447,0.2752293688989568
qwen3_4b_base,P5_k8,1,qkv,3,8,1.0000346431831677,0.35479744666074425
qwen3_4b_base,P5_k8,1,qkv,4,8,1.0002171987574315,0.27676972361728663
qwen3_4b_base,P5_k8,1,qkv,5,8,1.0024315380785316,0.3835816746669607
qwen3_4b_base,P5_k8,1,qkv,6,8,1.0000806472596844,0.36164833276416036
qwen3_4b_base,P5_k8,1,qkv,7,8,1.0016559219450263,0.5031016978618433
qwen3_4b_base,P5_k8,1,qkv,8,8,1.0062309707080876,0.42330288374449354
qwen3_4b_base,P5_k8,1,qkv,9,8,1.0026516976057518,0.42210857098568355
qwen3_4b_base,P5_k8,1,qkv,10,8,1.0115786961383384,0.46988497303377713
qwen3_4b_base,P5_k8,1,qkv,11,8,1.0153261550083346,0.45843779629794496
qwen3_4b_base,P5_k8,1,qkv,12,8,1.0028338600260271,0.49361874153978264
qwen3_4b_base,P5_k8,1,qkv,13,8,1.0022413396491512,0.4487740018710323
qwen3_4b_base,P5_k8,1,qkv,14,8,1.0002234849245388,0.5341087013340866
qwen3_4b_base,P5_k8,1,qkv,15,8,1.0017407949443475,0.5361170542999386
qwen3_4b_base,P5_k8,1,qkv,16,8,1.0015943504597875,0.48041311134108144
qwen3_4b_base,P5_k8,1,qkv,17,8,1.0013669352021384,0.47978108292242627
qwen3_4b_base,P5_k8,1,qkv,18,8,1.0013526006116842,0.5315426218978285
qwen3_4b_base,P5_k8,1,qkv,19,8,1.002444659693741,0.5405353886784419
qwen3_4b_base,P5_k8,1,qkv,20,8,1.0019704444162687,0.5272797893549319
qwen3_4b_base,P5_k8,1,qkv,21,8,1.002156430687624,0.5781964202036027
qwen3_4b_base,P5_k8,1,qkv,22,8,1.003009173653708,0.5589162536797146
qwen3_4b_base,P5_k8,1,qkv,23,8,1.000028387124187,0.5275664158211376
qwen3_4b_base,P5_k8,1,qkv,24,8,1.0023346448870591,0.5140231356082833
qwen3_4b_base,P5_k8,1,qkv,25,8,1.0029419602240852,0.5759540842657244
qwen3_4b_base,P5_k8,1,qkv,26,8,1.0029871636917969,0.5176305109123008
qwen3_4b_base,P5_k8,1,qkv,27,8,1.0029168590020774,0.5517112305253633
qwen3_4b_base,P5_k8,1,qkv,28,8,1.002568208552936,0.5758585791924327
qwen3_4b_base,P5_k8,1,qkv,29,8,1.0022193076744468,0.4630885167256993
qwen3_4b_base,P5_k8,1,qkv,30,8,1.0000174251839689,0.5299310758427281
qwen3_4b_base,P5_k8,1,qkv,31,8,1.0025268493769692,0.494012313767693
qwen3_4b_base,P5_k8,1,qkv,32,8,1.0026948371305047,0.5178906585015841
qwen3_4b_base,P5_k8,1,qkv,33,8,1.0015028123419971,0.43487988941219385
qwen3_4b_base,P5_k8,1,qkv,34,8,1.0028430290792987,0.5409208664574305
qwen3_4b_base,P5_k8,1,qkv,35,8,1.0321158595105218,0.575353635615074
qwen3_4b_base,P5_k8,1,down,0,8,1.002180665258561,0.0978380582848825
qwen3_4b_base,P5_k8,1,down,1,8,1.0000363620009616,0.39141378494021634
qwen3_4b_base,P5_k8,1,down,2,8,1.000028953047527,0.09856998027515874
qwen3_4b_base,P5_k8,1,down,3,8,6.559926701155176,0.10308981425501236
qwen3_4b_base,P5_k8,1,down,4,8,1.0004759135557917,0.10915623857918515
qwen3_4b_base,P5_k8,1,down,5,8,1.8532182626950278,0.07879258290595896
qwen3_4b_base,P5_k8,1,down,6,8,1.0102914269121368,0.9725110929083625
qwen3_4b_base,P5_k8,1,down,7,8,1.0078037811725176,0.04549810868171324
qwen3_4b_base,P5_k8,1,down,8,8,1.007020939284636,0.04714981437594069
qwen3_4b_base,P5_k8,1,down,9,8,1.006061411156879,0.08030010154160819
qwen3_4b_base,P5_k8,1,down,10,8,1.0151250603331763,0.08646400158804438
qwen3_4b_base,P5_k8,1,down,11,8,1.0145471212004569,0.08522724748805761
qwen3_4b_base,P5_k8,1,down,12,8,1.011874669075927,0.10554763424749465
qwen3_4b_base,P5_k8,1,down,13,8,1.0130923512852996,0.07646000850395647
qwen3_4b_base,P5_k8,1,down,14,8,1.0063554484571613,0.08317661122296616
qwen3_4b_base,P5_k8,1,down,15,8,1.0185155181797136,0.09908000044258178
qwen3_4b_base,P5_k8,1,down,16,8,1.0431398976952522,0.9866813950573308
qwen3_4b_base,P5_k8,1,down,17,8,1.0132070998742284,0.0970015117307793
qwen3_4b_base,P5_k8,1,down,18,8,1.0078721106867208,0.09749360028379997
qwen3_4b_base,P5_k8,1,down,19,8,1.0116100839841116,0.09192165179997967
qwen3_4b_base,P5_k8,1,down,20,8,1.0048215097444841,0.08127654955551765
qwen3_4b_base,P5_k8,1,down,21,8,1.0043082890838395,0.07515450069990101
qwen3_4b_base,P5_k8,1,down,22,8,1.0045847433606763,0.11293998211533494
qwen3_4b_base,P5_k8,1,down,23,8,1.005449140713282,0.11537956434418764
qwen3_4b_base,P5_k8,1,down,24,8,1.0069225606945484,0.11430639734130532
qwen3_4b_base,P5_k8,1,down,25,8,1.0094360694574527,0.10733855062403318
qwen3_4b_base,P5_k8,1,down,26,8,1.0057907078886186,0.11387916598836084
qwen3_4b_base,P5_k8,1,down,27,8,1.003907621604311,0.10596751241742013
qwen3_4b_base,P5_k8,1,down,28,8,1.0024343561063205,0.11351569748344344
qwen3_4b_base,P5_k8,1,down,29,8,1.0079361542734868,0.1437069315580895
qwen3_4b_base,P5_k8,1,down,30,8,1.0056499486356976,0.1501154639786493
qwen3_4b_base,P5_k8,1,down,31,8,1.0024641470780413,0.2026771341994276
qwen3_4b_base,P5_k8,1,down,32,8,1.0053216009413564,0.12195406427877817
qwen3_4b_base,P5_k8,1,down,33,8,1.0029498351814754,0.20979152328080367
qwen3_4b_base,P5_k8,1,down,34,8,1.001525701344584,0.41108382808214516
qwen3_4b_base,P5_k8,1,down,35,8,12.446798271536988,0.9221544341003804
qwen3_4b_base,P5_k8,2,qkv,0,8,1.016396863937171,0.4680118808035058
qwen3_4b_base,P5_k8,2,qkv,1,8,1.0005621518478103,0.4158786010576637
qwen3_4b_base,P5_k8,2,qkv,2,8,1.0022340550146447,0.2752293688989568
qwen3_4b_base,P5_k8,2,qkv,3,8,1.0000346431831677,0.35479744666074425
qwen3_4b_base,P5_k8,2,qkv,4,8,1.0002171987574315,0.27676972361728663
qwen3_4b_base,P5_k8,2,qkv,5,8,1.0024315380785316,0.3835816746669607
qwen3_4b_base,P5_k8,2,qkv,6,8,1.0000806472596844,0.36164833276416036
qwen3_4b_base,P5_k8,2,qkv,7,8,1.0016559219450263,0.5031016978618433
qwen3_4b_base,P5_k8,2,qkv,8,8,1.0062309707080876,0.42330288374449354
qwen3_4b_base,P5_k8,2,qkv,9,8,1.0026516976057518,0.42210857098568355
qwen3_4b_base,P5_k8,2,qkv,10,8,1.0115786961383384,0.46988497303377713
qwen3_4b_base,P5_k8,2,qkv,11,8,1.0153261550083346,0.45843779629794496
qwen3_4b_base,P5_k8,2,qkv,12,8,1.0028338600260271,0.49361874153978264
qwen3_4b_base,P5_k8,2,qkv,13,8,1.0022413396491512,0.4487740018710323
qwen3_4b_base,P5_k8,2,qkv,14,8,1.0002234849245388,0.5341087013340866
qwen3_4b_base,P5_k8,2,qkv,15,8,1.0017407949443475,0.5361170542999386
qwen3_4b_base,P5_k8,2,qkv,16,8,1.0015943504597875,0.48041311134108144
qwen3_4b_base,P5_k8,2,qkv,17,8,1.0013669352021384,0.47978108292242627
qwen3_4b_base,P5_k8,2,qkv,18,8,1.0013526006116842,0.5315426218978285
qwen3_4b_base,P5_k8,2,qkv,19,8,1.002444659693741,0.5405353886784419
qwen3_4b_base,P5_k8,2,qkv,20,8,1.0019704444162687,0.5272797893549319
qwen3_4b_base,P5_k8,2,qkv,21,8,1.002156430687624,0.5781964202036027
qwen3_4b_base,P5_k8,2,qkv,22,8,1.003009173653708,0.5589162536797146
qwen3_4b_base,P5_k8,2,qkv,23,8,1.000028387124187,0.5275664158211376
qwen3_4b_base,P5_k8,2,qkv,24,8,1.0023346448870591,0.5140231356082833
qwen3_4b_base,P5_k8,2,qkv,25,8,1.0029419602240852,0.5759540842657244
qwen3_4b_base,P5_k8,2,qkv,26,8,1.0029871636917969,0.5176305109123008
qwen3_4b_base,P5_k8,2,qkv,27,8,1.0029168590020774,0.5517112305253633
qwen3_4b_base,P5_k8,2,qkv,28,8,1.002568208552936,0.5758585791924327
qwen3_4b_base,P5_k8,2,qkv,29,8,1.0022193076744468,0.4630885167256993
qwen3_4b_base,P5_k8,2,qkv,30,8,1.0000174251839689,0.5299310758427281
qwen3_4b_base,P5_k8,2,qkv,31,8,1.0025268493769692,0.494012313767693
qwen3_4b_base,P5_k8,2,qkv,32,8,1.0026948371305047,0.5178906585015841
qwen3_4b_base,P5_k8,2,qkv,33,8,1.0015028123419971,0.43487988941219385
qwen3_4b_base,P5_k8,2,qkv,34,8,1.0028430290792987,0.5409208664574305
qwen3_4b_base,P5_k8,2,qkv,35,8,1.0321158595105218,0.575353635615074
qwen3_4b_base,P5_k8,2,down,0,8,1.002180665258561,0.0978380582848825
qwen3_4b_base,P5_k8,2,down,1,8,1.0000363620009616,0.39141378494021634
qwen3_4b_base,P5_k8,2,down,2,8,1.000028953047527,0.09856998027515874
qwen3_4b_base,P5_k8,2,down,3,8,6.559926701155176,0.10308981425501236
qwen3_4b_base,P5_k8,2,down,4,8,1.0004759135557917,0.10915623857918515
qwen3_4b_base,P5_k8,2,down,5,8,1.8532182626950278,0.07879258290595896
qwen3_4b_base,P5_k8,2,down,6,8,1.0102914269121368,0.9725110929083625
qwen3_4b_base,P5_k8,2,down,7,8,1.0078037811725176,0.04549810868171324
qwen3_4b_base,P5_k8,2,down,8,8,1.007020939284636,0.04714981437594069
qwen3_4b_base,P5_k8,2,down,9,8,1.006061411156879,0.08030010154160819
qwen3_4b_base,P5_k8,2,down,10,8,1.0151250603331763,0.08646400158804438
qwen3_4b_base,P5_k8,2,down,11,8,1.0145471212004569,0.08522724748805761
qwen3_4b_base,P5_k8,2,down,12,8,1.011874669075927,0.10554763424749465
qwen3_4b_base,P5_k8,2,down,13,8,1.0130923512852996,0.07646000850395647
qwen3_4b_base,P5_k8,2,down,14,8,1.0063554484571613,0.08317661122296616
qwen3_4b_base,P5_k8,2,down,15,8,1.0185155181797136,0.09908000044258178
qwen3_4b_base,P5_k8,2,down,16,8,1.0431398976952522,0.9866813950573308
qwen3_4b_base,P5_k8,2,down,17,8,1.0132070998742284,0.0970015117307793
qwen3_4b_base,P5_k8,2,down,18,8,1.0078721106867208,0.09749360028379997
qwen3_4b_base,P5_k8,2,down,19,8,1.0116100839841116,0.09192165179997967
qwen3_4b_base,P5_k8,2,down,20,8,1.0048215097444841,0.08127654955551765
qwen3_4b_base,P5_k8,2,down,21,8,1.0043082890838395,0.07515450069990101
qwen3_4b_base,P5_k8,2,down,22,8,1.0045847433606763,0.11293998211533494
qwen3_4b_base,P5_k8,2,down,23,8,1.005449140713282,0.11537956434418764
qwen3_4b_base,P5_k8,2,down,24,8,1.0069225606945484,0.11430639734130532
qwen3_4b_base,P5_k8,2,down,25,8,1.0094360694574527,0.10733855062403318
qwen3_4b_base,P5_k8,2,down,26,8,1.0057907078886186,0.11387916598836084
qwen3_4b_base,P5_k8,2,down,27,8,1.003907621604311,0.10596751241742013
qwen3_4b_base,P5_k8,2,down,28,8,1.0024343561063205,0.11351569748344344
qwen3_4b_base,P5_k8,2,down,29,8,1.0079361542734868,0.1437069315580895
qwen3_4b_base,P5_k8,2,down,30,8,1.0056499486356976,0.1501154639786493
qwen3_4b_base,P5_k8,2,down,31,8,1.0024641470780413,0.2026771341994276
qwen3_4b_base,P5_k8,2,down,32,8,1.0053216009413564,0.12195406427877817
qwen3_4b_base,P5_k8,2,down,33,8,1.0029498351814754,0.20979152328080367
qwen3_4b_base,P5_k8,2,down,34,8,1.001525701344584,0.41108382808214516
qwen3_4b_base,P5_k8,2,down,35,8,12.446798271536988,0.9221544341003804
qwen3_4b_base,P2_kmax,0,qkv,0,20,2.8199441109840926,0.5648338338514519
qwen3_4b_base,P2_kmax,0,qkv,1,20,5.9871726544813555,0.49278369594135246
qwen3_4b_base,P2_kmax,0,qkv,2,20,2.748577120176629,0.3552152987897244
qwen3_4b_base,P2_kmax,0,qkv,3,20,5.5520536619635,0.43113490352415174
qwen3_4b_base,P2_kmax,0,qkv,4,20,2.494314288822391,0.3487069842250176
qwen3_4b_base,P2_kmax,0,qkv,5,20,3.215519536005746,0.45153278284147996
qwen3_4b_base,P2_kmax,0,qkv,6,20,4.4186350178681275,0.4365987620571026
qwen3_4b_base,P2_kmax,0,qkv,7,20,4.899053304023551,0.5624232919252431
qwen3_4b_base,P2_kmax,0,qkv,8,20,2.870487919229014,0.47812488284533305
qwen3_4b_base,P2_kmax,0,qkv,9,20,3.7881624989627,0.479386578862254
qwen3_4b_base,P2_kmax,0,qkv,10,20,2.6276894820144334,0.5208401372406911
qwen3_4b_base,P2_kmax,0,qkv,11,20,3.519957406368454,0.5141592640089483
qwen3_4b_base,P2_kmax,0,qkv,12,20,4.284938555511294,0.5565853567069696
qwen3_4b_base,P2_kmax,0,qkv,13,20,4.3214516086374255,0.5156005781987266
qwen3_4b_base,P2_kmax,0,qkv,14,20,3.256667662831406,0.5933838951203507
qwen3_4b_base,P2_kmax,0,qkv,15,20,3.775755239359864,0.6036660126467733
qwen3_4b_base,P2_kmax,0,qkv,16,20,2.628372249636347,0.5410624655087481
qwen3_4b_base,P2_kmax,0,qkv,17,20,3.230341154223423,0.5533818873514637
qwen3_4b_base,P2_kmax,0,qkv,18,20,3.39185581440991,0.603358569921399
qwen3_4b_base,P2_kmax,0,qkv,19,20,5.267569878003842,0.6128908260201934
qwen3_4b_base,P2_kmax,0,qkv,20,20,5.483742970808456,0.6213876907126022
qwen3_4b_base,P2_kmax,0,qkv,21,20,6.417036650355938,0.6659949031972916
qwen3_4b_base,P2_kmax,0,qkv,22,20,6.669113696496332,0.6427319088833272
qwen3_4b_base,P2_kmax,0,qkv,23,20,7.583740111603546,0.6184228281566378
qwen3_4b_base,P2_kmax,0,qkv,24,20,10.673423201023564,0.6083230150068535
qwen3_4b_base,P2_kmax,0,qkv,25,20,8.412588372615462,0.6513891544278959
qwen3_4b_base,P2_kmax,0,qkv,26,20,6.952873540607012,0.5969810999853689
qwen3_4b_base,P2_kmax,0,qkv,27,20,8.60253539987407,0.6308383973758437
qwen3_4b_base,P2_kmax,0,qkv,28,20,11.876370466523301,0.660090511059927
qwen3_4b_base,P2_kmax,0,qkv,29,20,12.696501156899942,0.546715008368256
qwen3_4b_base,P2_kmax,0,qkv,30,20,7.468955356471273,0.6017911133253194
qwen3_4b_base,P2_kmax,0,qkv,31,20,11.403363737105327,0.5726224554194055
qwen3_4b_base,P2_kmax,0,qkv,32,20,10.505855310249645,0.5862889578256782
qwen3_4b_base,P2_kmax,0,qkv,33,20,17.71107089273542,0.5146374913665925
qwen3_4b_base,P2_kmax,0,qkv,34,20,9.324912476904737,0.6067534683652103
qwen3_4b_base,P2_kmax,0,qkv,35,20,4.963223750721612,0.6364659282954439
qwen3_4b_base,P2_kmax,0,down,0,76,1.5537160884242416,0.24686632489254273
qwen3_4b_base,P2_kmax,0,down,1,76,3.00015347339445,0.5015648100859205
qwen3_4b_base,P2_kmax,0,down,2,76,2.1723924004938997,0.2797805617982814
qwen3_4b_base,P2_kmax,0,down,3,76,2.247224489053587,0.25880121505094833
qwen3_4b_base,P2_kmax,0,down,4,76,2.6737206373206273,0.2641454688053489
qwen3_4b_base,P2_kmax,0,down,5,76,1.5959312299571349,0.20278669488152976
qwen3_4b_base,P2_kmax,0,down,6,76,1.3582255589386483,0.9754993291036753
qwen3_4b_base,P2_kmax,0,down,7,76,1.2811633313287467,0.13537534405940424
qwen3_4b_base,P2_kmax,0,down,8,76,1.2235429251635042,0.14215807562195795
qwen3_4b_base,P2_kmax,0,down,9,76,1.3580155809714685,0.21806841191181214
qwen3_4b_base,P2_kmax,0,down,10,76,1.4032868427829128,0.2426619964066434
qwen3_4b_base,P2_kmax,0,down,11,76,1.5967150391160112,0.22928104076160688
qwen3_4b_base,P2_kmax,0,down,12,76,1.9251878735229635,0.23979953164658127
qwen3_4b_base,P2_kmax,0,down,13,76,2.7975673050785623,0.20085026328001135
qwen3_4b_base,P2_kmax,0,down,14,76,2.5589616158525605,0.20293398663345222
qwen3_4b_base,P2_kmax,0,down,15,76,3.1324489131063227,0.2177719760758802
qwen3_4b_base,P2_kmax,0,down,16,76,3.0136357511213303,0.9885551026854682
qwen3_4b_base,P2_kmax,0,down,17,76,3.1755649582513605,0.22611791691462074
qwen3_4b_base,P2_kmax,0,down,18,76,3.7960900127511463,0.22746838876003445
qwen3_4b_base,P2_kmax,0,down,19,76,4.05659786434594,0.2234534685684392
qwen3_4b_base,P2_kmax,0,down,20,76,3.7710488766308345,0.20847184926098222
qwen3_4b_base,P2_kmax,0,down,21,76,4.670692201315672,0.2076312055533801
qwen3_4b_base,P2_kmax,0,down,22,76,6.8671115697734155,0.26194969685986175
qwen3_4b_base,P2_kmax,0,down,23,76,4.837825065230494,0.2731458908916769
qwen3_4b_base,P2_kmax,0,down,24,76,4.72958004826788,0.2740373501126221
qwen3_4b_base,P2_kmax,0,down,25,76,4.442939314507234,0.25825708108783474
qwen3_4b_base,P2_kmax,0,down,26,76,4.55195127108324,0.2672866893385631
qwen3_4b_base,P2_kmax,0,down,27,76,6.298876005958451,0.2777307008864256
qwen3_4b_base,P2_kmax,0,down,28,76,7.690091245470362,0.27385739270175746
qwen3_4b_base,P2_kmax,0,down,29,76,4.884774268137908,0.3239228019712658
qwen3_4b_base,P2_kmax,0,down,30,76,3.6950358659049747,0.3221306668828464
qwen3_4b_base,P2_kmax,0,down,31,76,3.8969120270212567,0.35309521996471
qwen3_4b_base,P2_kmax,0,down,32,76,3.616844938172189,0.28691568573221293
qwen3_4b_base,P2_kmax,0,down,33,76,3.7671944673920974,0.3646517578684252
qwen3_4b_base,P2_kmax,0,down,34,76,4.581074667507463,0.5497243037379971
qwen3_4b_base,P2_kmax,0,down,35,76,8.375457618655846,0.9598204289701332
qwen3_4b_base,P2_kmax,1,qkv,0,20,2.8199441109840926,0.5648338338514519
qwen3_4b_base,P2_kmax,1,qkv,1,20,5.9871726544813555,0.49278369594135246
qwen3_4b_base,P2_kmax,1,qkv,2,20,2.748577120176629,0.3552152987897244
qwen3_4b_base,P2_kmax,1,qkv,3,20,5.5520536619635,0.43113490352415174
qwen3_4b_base,P2_kmax,1,qkv,4,20,2.494314288822391,0.3487069842250176
qwen3_4b_base,P2_kmax,1,qkv,5,20,3.215519536005746,0.45153278284147996
qwen3_4b_base,P2_kmax,1,qkv,6,20,4.4186350178681275,0.4365987620571026
qwen3_4b_base,P2_kmax,1,qkv,7,20,4.899053304023551,0.5624232919252431
qwen3_4b_base,P2_kmax,1,qkv,8,20,2.870487919229014,0.47812488284533305
qwen3_4b_base,P2_kmax,1,qkv,9,20,3.7881624989627,0.479386578862254
qwen3_4b_base,P2_kmax,1,qkv,10,20,2.6276894820144334,0.5208401372406911
qwen3_4b_base,P2_kmax,1,qkv,11,20,3.519957406368454,0.5141592640089483
qwen3_4b_base,P2_kmax,1,qkv,12,20,4.284938555511294,0.5565853567069696
qwen3_4b_base,P2_kmax,1,qkv,13,20,4.3214516086374255,0.5156005781987266
qwen3_4b_base,P2_kmax,1,qkv,14,20,3.256667662831406,0.5933838951203507
qwen3_4b_base,P2_kmax,1,qkv,15,20,3.775755239359864,0.6036660126467733
qwen3_4b_base,P2_kmax,1,qkv,16,20,2.628372249636347,0.5410624655087481
qwen3_4b_base,P2_kmax,1,qkv,17,20,3.230341154223423,0.5533818873514637
qwen3_4b_base,P2_kmax,1,qkv,18,20,3.39185581440991,0.603358569921399
qwen3_4b_base,P2_kmax,1,qkv,19,20,5.267569878003842,0.6128908260201934
qwen3_4b_base,P2_kmax,1,qkv,20,20,5.483742970808456,0.6213876907126022
qwen3_4b_base,P2_kmax,1,qkv,21,20,6.417036650355938,0.6659949031972916
qwen3_4b_base,P2_kmax,1,qkv,22,20,6.669113696496332,0.6427319088833272
qwen3_4b_base,P2_kmax,1,qkv,23,20,7.583740111603546,0.6184228281566378
qwen3_4b_base,P2_kmax,1,qkv,24,20,10.673423201023564,0.6083230150068535
qwen3_4b_base,P2_kmax,1,qkv,25,20,8.412588372615462,0.6513891544278959
qwen3_4b_base,P2_kmax,1,qkv,26,20,6.952873540607012,0.5969810999853689
qwen3_4b_base,P2_kmax,1,qkv,27,20,8.60253539987407,0.6308383973758437
qwen3_4b_base,P2_kmax,1,qkv,28,20,11.876370466523301,0.660090511059927
qwen3_4b_base,P2_kmax,1,qkv,29,20,12.696501156899942,0.546715008368256
qwen3_4b_base,P2_kmax,1,qkv,30,20,7.468955356471273,0.6017911133253194
qwen3_4b_base,P2_kmax,1,qkv,31,20,11.403363737105327,0.5726224554194055
qwen3_4b_base,P2_kmax,1,qkv,32,20,10.505855310249645,0.5862889578256782
qwen3_4b_base,P2_kmax,1,qkv,33,20,17.71107089273542,0.5146374913665925
qwen3_4b_base,P2_kmax,1,qkv,34,20,9.324912476904737,0.6067534683652103
qwen3_4b_base,P2_kmax,1,qkv,35,20,4.963223750721612,0.6364659282954439
qwen3_4b_base,P2_kmax,1,down,0,76,1.5537160884242416,0.24686632489254273
qwen3_4b_base,P2_kmax,1,down,1,76,3.00015347339445,0.5015648100859205
qwen3_4b_base,P2_kmax,1,down,2,76,2.1723924004938997,0.2797805617982814
qwen3_4b_base,P2_kmax,1,down,3,76,2.247224489053587,0.25880121505094833
qwen3_4b_base,P2_kmax,1,down,4,76,2.6737206373206273,0.2641454688053489
qwen3_4b_base,P2_kmax,1,down,5,76,1.5959312299571349,0.20278669488152976
qwen3_4b_base,P2_kmax,1,down,6,76,1.3582255589386483,0.9754993291036753
qwen3_4b_base,P2_kmax,1,down,7,76,1.2811633313287467,0.13537534405940424
qwen3_4b_base,P2_kmax,1,down,8,76,1.2235429251635042,0.14215807562195795
qwen3_4b_base,P2_kmax,1,down,9,76,1.3580155809714685,0.21806841191181214
qwen3_4b_base,P2_kmax,1,down,10,76,1.4032868427829128,0.2426619964066434
qwen3_4b_base,P2_kmax,1,down,11,76,1.5967150391160112,0.22928104076160688
qwen3_4b_base,P2_kmax,1,down,12,76,1.9251878735229635,0.23979953164658127
qwen3_4b_base,P2_kmax,1,down,13,76,2.7975673050785623,0.20085026328001135
qwen3_4b_base,P2_kmax,1,down,14,76,2.5589616158525605,0.20293398663345222
qwen3_4b_base,P2_kmax,1,down,15,76,3.1324489131063227,0.2177719760758802
qwen3_4b_base,P2_kmax,1,down,16,76,3.0136357511213303,0.9885551026854682
qwen3_4b_base,P2_kmax,1,down,17,76,3.1755649582513605,0.22611791691462074
qwen3_4b_base,P2_kmax,1,down,18,76,3.7960900127511463,0.22746838876003445
qwen3_4b_base,P2_kmax,1,down,19,76,4.05659786434594,0.2234534685684392
qwen3_4b_base,P2_kmax,1,down,20,76,3.7710488766308345,0.20847184926098222
qwen3_4b_base,P2_kmax,1,down,21,76,4.670692201315672,0.2076312055533801
qwen3_4b_base,P2_kmax,1,down,22,76,6.8671115697734155,0.26194969685986175
qwen3_4b_base,P2_kmax,1,down,23,76,4.837825065230494,0.2731458908916769
qwen3_4b_base,P2_kmax,1,down,24,76,4.72958004826788,0.2740373501126221
qwen3_4b_base,P2_kmax,1,down,25,76,4.442939314507234,0.25825708108783474
qwen3_4b_base,P2_kmax,1,down,26,76,4.55195127108324,0.2672866893385631
qwen3_4b_base,P2_kmax,1,down,27,76,6.298876005958451,0.2777307008864256
qwen3_4b_base,P2_kmax,1,down,28,76,7.690091245470362,0.27385739270175746
qwen3_4b_base,P2_kmax,1,down,29,76,4.884774268137908,0.3239228019712658
qwen3_4b_base,P2_kmax,1,down,30,76,3.6950358659049747,0.3221306668828464
qwen3_4b_base,P2_kmax,1,down,31,76,3.8969120270212567,0.35309521996471
qwen3_4b_base,P2_kmax,1,down,32,76,3.616844938172189,0.28691568573221293
qwen3_4b_base,P2_kmax,1,down,33,76,3.7671944673920974,0.3646517578684252
qwen3_4b_base,P2_kmax,1,down,34,76,4.581074667507463,0.5497243037379971
qwen3_4b_base,P2_kmax,1,down,35,76,8.375457618655846,0.9598204289701332
qwen3_4b_base,P2_kmax,2,qkv,0,20,2.8199441109840926,0.5648338338514519
qwen3_4b_base,P2_kmax,2,qkv,1,20,5.9871726544813555,0.49278369594135246
qwen3_4b_base,P2_kmax,2,qkv,2,20,2.748577120176629,0.3552152987897244
qwen3_4b_base,P2_kmax,2,qkv,3,20,5.5520536619635,0.43113490352415174
qwen3_4b_base,P2_kmax,2,qkv,4,20,2.494314288822391,0.3487069842250176
qwen3_4b_base,P2_kmax,2,qkv,5,20,3.215519536005746,0.45153278284147996
qwen3_4b_base,P2_kmax,2,qkv,6,20,4.4186350178681275,0.4365987620571026
qwen3_4b_base,P2_kmax,2,qkv,7,20,4.899053304023551,0.5624232919252431
qwen3_4b_base,P2_kmax,2,qkv,8,20,2.870487919229014,0.47812488284533305
qwen3_4b_base,P2_kmax,2,qkv,9,20,3.7881624989627,0.479386578862254
qwen3_4b_base,P2_kmax,2,qkv,10,20,2.6276894820144334,0.5208401372406911
qwen3_4b_base,P2_kmax,2,qkv,11,20,3.519957406368454,0.5141592640089483
qwen3_4b_base,P2_kmax,2,qkv,12,20,4.284938555511294,0.5565853567069696
qwen3_4b_base,P2_kmax,2,qkv,13,20,4.3214516086374255,0.5156005781987266
qwen3_4b_base,P2_kmax,2,qkv,14,20,3.256667662831406,0.5933838951203507
qwen3_4b_base,P2_kmax,2,qkv,15,20,3.775755239359864,0.6036660126467733
qwen3_4b_base,P2_kmax,2,qkv,16,20,2.628372249636347,0.5410624655087481
qwen3_4b_base,P2_kmax,2,qkv,17,20,3.230341154223423,0.5533818873514637
qwen3_4b_base,P2_kmax,2,qkv,18,20,3.39185581440991,0.603358569921399
qwen3_4b_base,P2_kmax,2,qkv,19,20,5.267569878003842,0.6128908260201934
qwen3_4b_base,P2_kmax,2,qkv,20,20,5.483742970808456,0.6213876907126022
qwen3_4b_base,P2_kmax,2,qkv,21,20,6.417036650355938,0.6659949031972916
qwen3_4b_base,P2_kmax,2,qkv,22,20,6.669113696496332,0.6427319088833272
qwen3_4b_base,P2_kmax,2,qkv,23,20,7.583740111603546,0.6184228281566378
qwen3_4b_base,P2_kmax,2,qkv,24,20,10.673423201023564,0.6083230150068535
qwen3_4b_base,P2_kmax,2,qkv,25,20,8.412588372615462,0.6513891544278959
qwen3_4b_base,P2_kmax,2,qkv,26,20,6.952873540607012,0.5969810999853689
qwen3_4b_base,P2_kmax,2,qkv,27,20,8.60253539987407,0.6308383973758437
qwen3_4b_base,P2_kmax,2,qkv,28,20,11.876370466523301,0.660090511059927
qwen3_4b_base,P2_kmax,2,qkv,29,20,12.696501156899942,0.546715008368256
qwen3_4b_base,P2_kmax,2,qkv,30,20,7.468955356471273,0.6017911133253194
qwen3_4b_base,P2_kmax,2,qkv,31,20,11.403363737105327,0.5726224554194055
qwen3_4b_base,P2_kmax,2,qkv,32,20,10.505855310249645,0.5862889578256782
qwen3_4b_base,P2_kmax,2,qkv,33,20,17.71107089273542,0.5146374913665925
qwen3_4b_base,P2_kmax,2,qkv,34,20,9.324912476904737,0.6067534683652103
qwen3_4b_base,P2_kmax,2,qkv,35,20,4.963223750721612,0.6364659282954439
qwen3_4b_base,P2_kmax,2,down,0,76,1.5537160884242416,0.24686632489254273
qwen3_4b_base,P2_kmax,2,down,1,76,3.00015347339445,0.5015648100859205
qwen3_4b_base,P2_kmax,2,down,2,76,2.1723924004938997,0.2797805617982814
qwen3_4b_base,P2_kmax,2,down,3,76,2.247224489053587,0.25880121505094833
qwen3_4b_base,P2_kmax,2,down,4,76,2.6737206373206273,0.2641454688053489
qwen3_4b_base,P2_kmax,2,down,5,76,1.5959312299571349,0.20278669488152976
qwen3_4b_base,P2_kmax,2,down,6,76,1.3582255589386483,0.9754993291036753
qwen3_4b_base,P2_kmax,2,down,7,76,1.2811633313287467,0.13537534405940424
qwen3_4b_base,P2_kmax,2,down,8,76,1.2235429251635042,0.14215807562195795
qwen3_4b_base,P2_kmax,2,down,9,76,1.3580155809714685,0.21806841191181214
qwen3_4b_base,P2_kmax,2,down,10,76,1.4032868427829128,0.2426619964066434
qwen3_4b_base,P2_kmax,2,down,11,76,1.5967150391160112,0.22928104076160688
qwen3_4b_base,P2_kmax,2,down,12,76,1.9251878735229635,0.23979953164658127
qwen3_4b_base,P2_kmax,2,down,13,76,2.7975673050785623,0.20085026328001135
qwen3_4b_base,P2_kmax,2,down,14,76,2.5589616158525605,0.20293398663345222
qwen3_4b_base,P2_kmax,2,down,15,76,3.1324489131063227,0.2177719760758802
qwen3_4b_base,P2_kmax,2,down,16,76,3.0136357511213303,0.9885551026854682
qwen3_4b_base,P2_kmax,2,down,17,76,3.1755649582513605,0.22611791691462074
qwen3_4b_base,P2_kmax,2,down,18,76,3.7960900127511463,0.22746838876003445
qwen3_4b_base,P2_kmax,2,down,19,76,4.05659786434594,0.2234534685684392
qwen3_4b_base,P2_kmax,2,down,20,76,3.7710488766308345,0.20847184926098222
qwen3_4b_base,P2_kmax,2,down,21,76,4.670692201315672,0.2076312055533801
qwen3_4b_base,P2_kmax,2,down,22,76,6.8671115697734155,0.26194969685986175
qwen3_4b_base,P2_kmax,2,down,23,76,4.837825065230494,0.2731458908916769
qwen3_4b_base,P2_kmax,2,down,24,76,4.72958004826788,0.2740373501126221
qwen3_4b_base,P2_kmax,2,down,25,76,4.442939314507234,0.25825708108783474
qwen3_4b_base,P2_kmax,2,down,26,76,4.55195127108324,0.2672866893385631
qwen3_4b_base,P2_kmax,2,down,27,76,6.298876005958451,0.2777307008864256
qwen3_4b_base,P2_kmax,2,down,28,76,7.690091245470362,0.27385739270175746
qwen3_4b_base,P2_kmax,2,down,29,76,4.884774268137908,0.3239228019712658
qwen3_4b_base,P2_kmax,2,down,30,76,3.6950358659049747,0.3221306668828464
qwen3_4b_base,P2_kmax,2,down,31,76,3.8969120270212567,0.35309521996471
qwen3_4b_base,P2_kmax,2,down,32,76,3.616844938172189,0.28691568573221293
qwen3_4b_base,P2_kmax,2,down,33,76,3.7671944673920974,0.3646517578684252
qwen3_4b_base,P2_kmax,2,down,34,76,4.581074667507463,0.5497243037379971
qwen3_4b_base,P2_kmax,2,down,35,76,8.375457618655846,0.9598204289701332
qwen3_4b_base,P3_kmax,0,qkv,0,20,1.110251157951607,0.5648338338514519
qwen3_4b_base,P3_kmax,0,qkv,1,20,1.1611392484823748,0.49278369594135246
qwen3_4b_base,P3_kmax,0,qkv,2,20,1.1294830062709422,0.3552152987897244
qwen3_4b_base,P3_kmax,0,qkv,3,20,1.3818212074283995,0.43113490352415174
qwen3_4b_base,P3_kmax,0,qkv,4,20,1.1739624402103577,0.3487069842250176
qwen3_4b_base,P3_kmax,0,qkv,5,20,1.078276013606618,0.45153278284147996
qwen3_4b_base,P3_kmax,0,qkv,6,20,1.1169420185346912,0.4365987620571026
qwen3_4b_base,P3_kmax,0,qkv,7,20,1.1870029721714208,0.5624232919252431
qwen3_4b_base,P3_kmax,0,qkv,8,20,1.1581178428561343,0.47812488284533305
qwen3_4b_base,P3_kmax,0,qkv,9,20,1.1170746179932391,0.479386578862254
qwen3_4b_base,P3_kmax,0,qkv,10,20,1.2204896448715252,0.5208401372406911
qwen3_4b_base,P3_kmax,0,qkv,11,20,1.259492270520141,0.5141592640089483
qwen3_4b_base,P3_kmax,0,qkv,12,20,1.2385867573648013,0.5565853567069696
qwen3_4b_base,P3_kmax,0,qkv,13,20,1.2132546797764312,0.5156005781987266
qwen3_4b_base,P3_kmax,0,qkv,14,20,1.227126665802503,0.5933838951203507
qwen3_4b_base,P3_kmax,0,qkv,15,20,1.1905312839540745,0.6036660126467733
qwen3_4b_base,P3_kmax,0,qkv,16,20,1.1193021183136602,0.5410624655087481
qwen3_4b_base,P3_kmax,0,qkv,17,20,1.153301774803904,0.5533818873514637
qwen3_4b_base,P3_kmax,0,qkv,18,20,1.2273601051787209,0.603358569921399
qwen3_4b_base,P3_kmax,0,qkv,19,20,1.1270499754930354,0.6128908260201934
qwen3_4b_base,P3_kmax,0,qkv,20,20,1.2245209387479972,0.6213876907126022
qwen3_4b_base,P3_kmax,0,qkv,21,20,1.1960442850837991,0.6659949031972916
qwen3_4b_base,P3_kmax,0,qkv,22,20,1.1041048098951385,0.6427319088833272
qwen3_4b_base,P3_kmax,0,qkv,23,20,1.1457939647624158,0.6184228281566378
qwen3_4b_base,P3_kmax,0,qkv,24,20,1.233254109532841,0.6083230150068535
qwen3_4b_base,P3_kmax,0,qkv,25,20,1.2483557168454242,0.6513891544278959
qwen3_4b_base,P3_kmax,0,qkv,26,20,1.2264962253360903,0.5969810999853689
qwen3_4b_base,P3_kmax,0,qkv,27,20,1.1776220045283166,0.6308383973758437
qwen3_4b_base,P3_kmax,0,qkv,28,20,1.4730838395679928,0.660090511059927
qwen3_4b_base,P3_kmax,0,qkv,29,20,1.2907034325263078,0.546715008368256
qwen3_4b_base,P3_kmax,0,qkv,30,20,1.1215711069365313,0.6017911133253194
qwen3_4b_base,P3_kmax,0,qkv,31,20,1.217946738985663,0.5726224554194055
qwen3_4b_base,P3_kmax,0,qkv,32,20,1.1066314871290985,0.5862889578256782
qwen3_4b_base,P3_kmax,0,qkv,33,20,1.6333722917459812,0.5146374913665925
qwen3_4b_base,P3_kmax,0,qkv,34,20,1.1324142819813017,0.6067534683652103
qwen3_4b_base,P3_kmax,0,qkv,35,20,1.4509188589621795,0.6364659282954439
qwen3_4b_base,P3_kmax,0,down,0,76,1.3336607516613455,0.24686632489254273
qwen3_4b_base,P3_kmax,0,down,1,76,1.5089904926911557,0.5015648100859205
qwen3_4b_base,P3_kmax,0,down,2,76,1.729744801185601,0.2797805617982814
qwen3_4b_base,P3_kmax,0,down,3,76,1.442199269130112,0.25880121505094833
qwen3_4b_base,P3_kmax,0,down,4,76,1.3262952460048827,0.2641454688053489
qwen3_4b_base,P3_kmax,0,down,5,76,1.2123651807836,0.20278669488152976
qwen3_4b_base,P3_kmax,0,down,6,76,1.1612997614063567,0.9754993291036753
qwen3_4b_base,P3_kmax,0,down,7,76,1.1667028095666314,0.13537534405940424
qwen3_4b_base,P3_kmax,0,down,8,76,1.1338090107467935,0.14215807562195795
qwen3_4b_base,P3_kmax,0,down,9,76,1.2397696468370283,0.21806841191181214
qwen3_4b_base,P3_kmax,0,down,10,76,1.1546386981595453,0.2426619964066434
qwen3_4b_base,P3_kmax,0,down,11,76,1.2887047800116336,0.22928104076160688
qwen3_4b_base,P3_kmax,0,down,12,76,1.1615164505944116,0.23979953164658127
qwen3_4b_base,P3_kmax,0,down,13,76,1.1483045255191457,0.20085026328001135
qwen3_4b_base,P3_kmax,0,down,14,76,1.1363192374289524,0.20293398663345222
qwen3_4b_base,P3_kmax,0,down,15,76,1.1400389744086838,0.2177719760758802
qwen3_4b_base,P3_kmax,0,down,16,76,1.2478663994066397,0.9885551026854682
qwen3_4b_base,P3_kmax,0,down,17,76,1.158879861870592,0.22611791691462074
qwen3_4b_base,P3_kmax,0,down,18,76,1.1679083580018583,0.22746838876003445
qwen3_4b_base,P3_kmax,0,down,19,76,1.1382703912781744,0.2234534685684392
qwen3_4b_base,P3_kmax,0,down,20,76,1.1805821864386419,0.20847184926098222
qwen3_4b_base,P3_kmax,0,down,21,76,1.1757378790505963,0.2076312055533801
qwen3_4b_base,P3_kmax,0,down,22,76,1.2224843525661033,0.26194969685986175
qwen3_4b_base,P3_kmax,0,down,23,76,1.228440149030977,0.2731458908916769
qwen3_4b_base,P3_kmax,0,down,24,76,1.2236826201635265,0.2740373501126221
qwen3_4b_base,P3_kmax,0,down,25,76,1.1846211510816986,0.25825708108783474
qwen3_4b_base,P3_kmax,0,down,26,76,1.2718620844040338,0.2672866893385631
qwen3_4b_base,P3_kmax,0,down,27,76,1.349291650507954,0.2777307008864256
qwen3_4b_base,P3_kmax,0,down,28,76,1.4068597683964095,0.27385739270175746
qwen3_4b_base,P3_kmax,0,down,29,76,1.2875060834091705,0.3239228019712658
qwen3_4b_base,P3_kmax,0,down,30,76,1.2216353622622815,0.3221306668828464
qwen3_4b_base,P3_kmax,0,down,31,76,1.3293994576540964,0.35309521996471
qwen3_4b_base,P3_kmax,0,down,32,76,1.2359522875265774,0.28691568573221293
qwen3_4b_base,P3_kmax,0,down,33,76,1.2157363435195083,0.3646517578684252
qwen3_4b_base,P3_kmax,0,down,34,76,1.3510156775417126,0.5497243037379971
qwen3_4b_base,P3_kmax,0,down,35,76,1.4070580574662057,0.9598204289701332
qwen3_4b_base,P3_kmax,1,qkv,0,20,1.136490794546207,0.5648338338514519
qwen3_4b_base,P3_kmax,1,qkv,1,20,1.2564206794410826,0.49278369594135246
qwen3_4b_base,P3_kmax,1,qkv,2,20,1.1562433379132007,0.3552152987897244
qwen3_4b_base,P3_kmax,1,qkv,3,20,1.2273171992196898,0.43113490352415174
qwen3_4b_base,P3_kmax,1,qkv,4,20,1.13109956244527,0.3487069842250176
qwen3_4b_base,P3_kmax,1,qkv,5,20,1.1131912395036274,0.45153278284147996
qwen3_4b_base,P3_kmax,1,qkv,6,20,1.149762550696155,0.4365987620571026
qwen3_4b_base,P3_kmax,1,qkv,7,20,1.2436169832378203,0.5624232919252431
qwen3_4b_base,P3_kmax,1,qkv,8,20,1.0781900359970462,0.47812488284533305
qwen3_4b_base,P3_kmax,1,qkv,9,20,1.2135651940529906,0.479386578862254
qwen3_4b_base,P3_kmax,1,qkv,10,20,1.1595242698979047,0.5208401372406911
qwen3_4b_base,P3_kmax,1,qkv,11,20,1.2557149073086284,0.5141592640089483
qwen3_4b_base,P3_kmax,1,qkv,12,20,1.0777202915849797,0.5565853567069696
qwen3_4b_base,P3_kmax,1,qkv,13,20,1.0886118979500001,0.5156005781987266
qwen3_4b_base,P3_kmax,1,qkv,14,20,1.1688277087827401,0.5933838951203507
qwen3_4b_base,P3_kmax,1,qkv,15,20,1.1864368217330803,0.6036660126467733
qwen3_4b_base,P3_kmax,1,qkv,16,20,1.150005026751401,0.5410624655087481
qwen3_4b_base,P3_kmax,1,qkv,17,20,1.0885464508945641,0.5533818873514637
qwen3_4b_base,P3_kmax,1,qkv,18,20,1.2302720470279727,0.603358569921399
qwen3_4b_base,P3_kmax,1,qkv,19,20,1.1292959629221297,0.6128908260201934
qwen3_4b_base,P3_kmax,1,qkv,20,20,1.2184266195816111,0.6213876907126022
qwen3_4b_base,P3_kmax,1,qkv,21,20,1.239404126577503,0.6659949031972916
qwen3_4b_base,P3_kmax,1,qkv,22,20,1.2844255369270168,0.6427319088833272
qwen3_4b_base,P3_kmax,1,qkv,23,20,1.2362371324080252,0.6184228281566378
qwen3_4b_base,P3_kmax,1,qkv,24,20,1.240200278071663,0.6083230150068535
qwen3_4b_base,P3_kmax,1,qkv,25,20,1.3879076325724498,0.6513891544278959
qwen3_4b_base,P3_kmax,1,qkv,26,20,1.2603317766499735,0.5969810999853689
qwen3_4b_base,P3_kmax,1,qkv,27,20,1.2991422183881225,0.6308383973758437
qwen3_4b_base,P3_kmax,1,qkv,28,20,1.4846225172147836,0.660090511059927
qwen3_4b_base,P3_kmax,1,qkv,29,20,1.3261423002880053,0.546715008368256
qwen3_4b_base,P3_kmax,1,qkv,30,20,1.1096007342000065,0.6017911133253194
qwen3_4b_base,P3_kmax,1,qkv,31,20,1.3389920230740437,0.5726224554194055
qwen3_4b_base,P3_kmax,1,qkv,32,20,1.234308274859808,0.5862889578256782
qwen3_4b_base,P3_kmax,1,qkv,33,20,1.4568509406998142,0.5146374913665925
qwen3_4b_base,P3_kmax,1,qkv,34,20,1.0909814128153144,0.6067534683652103
qwen3_4b_base,P3_kmax,1,qkv,35,20,1.3356018427176493,0.6364659282954439
qwen3_4b_base,P3_kmax,1,down,0,76,1.3089209975428349,0.24686632489254273
qwen3_4b_base,P3_kmax,1,down,1,76,1.5533249410835375,0.5015648100859205
qwen3_4b_base,P3_kmax,1,down,2,76,1.884616830937498,0.2797805617982814
qwen3_4b_base,P3_kmax,1,down,3,76,1.8287273037221976,0.25880121505094833
qwen3_4b_base,P3_kmax,1,down,4,76,1.4829599022316775,0.2641454688053489
qwen3_4b_base,P3_kmax,1,down,5,76,1.2117268163644448,0.20278669488152976
qwen3_4b_base,P3_kmax,1,down,6,76,1.167484425401704,0.9754993291036753
qwen3_4b_base,P3_kmax,1,down,7,76,1.200768452681474,0.13537534405940424
qwen3_4b_base,P3_kmax,1,down,8,76,1.163873435878407,0.14215807562195795
qwen3_4b_base,P3_kmax,1,down,9,76,1.2089616961104173,0.21806841191181214
qwen3_4b_base,P3_kmax,1,down,10,76,1.2542488731342212,0.2426619964066434
qwen3_4b_base,P3_kmax,1,down,11,76,1.1739105250016892,0.22928104076160688
qwen3_4b_base,P3_kmax,1,down,12,76,1.1696512439857076,0.23979953164658127
qwen3_4b_base,P3_kmax,1,down,13,76,1.1772703976397676,0.20085026328001135
qwen3_4b_base,P3_kmax,1,down,14,76,1.1053333139177517,0.20293398663345222
qwen3_4b_base,P3_kmax,1,down,15,76,1.1188224588770102,0.2177719760758802
qwen3_4b_base,P3_kmax,1,down,16,76,1.1157777583670347,0.9885551026854682
qwen3_4b_base,P3_kmax,1,down,17,76,1.19160497270565,0.22611791691462074
qwen3_4b_base,P3_kmax,1,down,18,76,1.229601345076657,0.22746838876003445
qwen3_4b_base,P3_kmax,1,down,19,76,1.1957685118485302,0.2234534685684392
qwen3_4b_base,P3_kmax,1,down,20,76,1.1970786550113928,0.20847184926098222
qwen3_4b_base,P3_kmax,1,down,21,76,1.1984822438429472,0.2076312055533801
qwen3_4b_base,P3_kmax,1,down,22,76,1.2385086815958841,0.26194969685986175
qwen3_4b_base,P3_kmax,1,down,23,76,1.2268051180788009,0.2731458908916769
qwen3_4b_base,P3_kmax,1,down,24,76,1.2913435803926392,0.2740373501126221
qwen3_4b_base,P3_kmax,1,down,25,76,1.288421474792538,0.25825708108783474
qwen3_4b_base,P3_kmax,1,down,26,76,1.3676038324260142,0.2672866893385631
qwen3_4b_base,P3_kmax,1,down,27,76,1.267282340765852,0.2777307008864256
qwen3_4b_base,P3_kmax,1,down,28,76,1.3885675017923305,0.27385739270175746
qwen3_4b_base,P3_kmax,1,down,29,76,1.2278926021267182,0.3239228019712658
qwen3_4b_base,P3_kmax,1,down,30,76,1.3295271879779724,0.3221306668828464
qwen3_4b_base,P3_kmax,1,down,31,76,1.305385670550393,0.35309521996471
qwen3_4b_base,P3_kmax,1,down,32,76,1.2427906205068986,0.28691568573221293
qwen3_4b_base,P3_kmax,1,down,33,76,1.260976988395601,0.3646517578684252
qwen3_4b_base,P3_kmax,1,down,34,76,1.2953552301854665,0.5497243037379971
qwen3_4b_base,P3_kmax,1,down,35,76,1.372443682756525,0.9598204289701332
qwen3_4b_base,P3_kmax,2,qkv,0,20,1.0389130454122986,0.5648338338514519
qwen3_4b_base,P3_kmax,2,qkv,1,20,1.1637038137630156,0.49278369594135246
qwen3_4b_base,P3_kmax,2,qkv,2,20,1.1278558389751991,0.3552152987897244
qwen3_4b_base,P3_kmax,2,qkv,3,20,1.2496976990801525,0.43113490352415174
qwen3_4b_base,P3_kmax,2,qkv,4,20,1.1104705271320645,0.3487069842250176
qwen3_4b_base,P3_kmax,2,qkv,5,20,1.179259380620276,0.45153278284147996
qwen3_4b_base,P3_kmax,2,qkv,6,20,1.203143974704181,0.4365987620571026
qwen3_4b_base,P3_kmax,2,qkv,7,20,1.152837474388877,0.5624232919252431
qwen3_4b_base,P3_kmax,2,qkv,8,20,1.0944846341688022,0.47812488284533305
qwen3_4b_base,P3_kmax,2,qkv,9,20,1.1351826068506479,0.479386578862254
qwen3_4b_base,P3_kmax,2,qkv,10,20,1.1593474396723236,0.5208401372406911
qwen3_4b_base,P3_kmax,2,qkv,11,20,1.1979482189462585,0.5141592640089483
qwen3_4b_base,P3_kmax,2,qkv,12,20,1.189178126690847,0.5565853567069696
qwen3_4b_base,P3_kmax,2,qkv,13,20,1.1694005119221829,0.5156005781987266
qwen3_4b_base,P3_kmax,2,qkv,14,20,1.144898776404399,0.5933838951203507
qwen3_4b_base,P3_kmax,2,qkv,15,20,1.0967446858883103,0.6036660126467733
qwen3_4b_base,P3_kmax,2,qkv,16,20,1.1207828258327193,0.5410624655087481
qwen3_4b_base,P3_kmax,2,qkv,17,20,1.1417160406071394,0.5533818873514637
qwen3_4b_base,P3_kmax,2,qkv,18,20,1.3591984618924322,0.603358569921399
qwen3_4b_base,P3_kmax,2,qkv,19,20,1.2083553031089824,0.6128908260201934
qwen3_4b_base,P3_kmax,2,qkv,20,20,1.2129347158700348,0.6213876907126022
qwen3_4b_base,P3_kmax,2,qkv,21,20,1.2963415089779422,0.6659949031972916
qwen3_4b_base,P3_kmax,2,qkv,22,20,1.1703183325801891,0.6427319088833272
qwen3_4b_base,P3_kmax,2,qkv,23,20,1.1010348274189803,0.6184228281566378
qwen3_4b_base,P3_kmax,2,qkv,24,20,1.3469349761322882,0.6083230150068535
qwen3_4b_base,P3_kmax,2,qkv,25,20,1.2462141809638179,0.6513891544278959
qwen3_4b_base,P3_kmax,2,qkv,26,20,1.180118697564534,0.5969810999853689
qwen3_4b_base,P3_kmax,2,qkv,27,20,1.2101318250548763,0.6308383973758437
qwen3_4b_base,P3_kmax,2,qkv,28,20,1.4392869250990408,0.660090511059927
qwen3_4b_base,P3_kmax,2,qkv,29,20,1.3862163107266856,0.546715008368256
qwen3_4b_base,P3_kmax,2,qkv,30,20,1.3074592561509508,0.6017911133253194
qwen3_4b_base,P3_kmax,2,qkv,31,20,1.3072652078231604,0.5726224554194055
qwen3_4b_base,P3_kmax,2,qkv,32,20,1.2726255613413873,0.5862889578256782
qwen3_4b_base,P3_kmax,2,qkv,33,20,1.8124829778023537,0.5146374913665925
qwen3_4b_base,P3_kmax,2,qkv,34,20,1.305740749585191,0.6067534683652103
qwen3_4b_base,P3_kmax,2,qkv,35,20,1.39666389263076,0.6364659282954439
qwen3_4b_base,P3_kmax,2,down,0,76,1.3055347332172975,0.24686632489254273
qwen3_4b_base,P3_kmax,2,down,1,76,1.8686373529079086,0.5015648100859205
qwen3_4b_base,P3_kmax,2,down,2,76,1.6643841187479338,0.2797805617982814
qwen3_4b_base,P3_kmax,2,down,3,76,1.5810920675079965,0.25880121505094833
qwen3_4b_base,P3_kmax,2,down,4,76,1.4186245843199117,0.2641454688053489
qwen3_4b_base,P3_kmax,2,down,5,76,1.349276935622182,0.20278669488152976
qwen3_4b_base,P3_kmax,2,down,6,76,1.152132770639664,0.9754993291036753
qwen3_4b_base,P3_kmax,2,down,7,76,1.1409293349482257,0.13537534405940424
qwen3_4b_base,P3_kmax,2,down,8,76,1.180094623606765,0.14215807562195795
qwen3_4b_base,P3_kmax,2,down,9,76,1.15977283926356,0.21806841191181214
qwen3_4b_base,P3_kmax,2,down,10,76,1.1990002560428195,0.2426619964066434
qwen3_4b_base,P3_kmax,2,down,11,76,1.1598216521522342,0.22928104076160688
qwen3_4b_base,P3_kmax,2,down,12,76,1.2079344035786925,0.23979953164658127
qwen3_4b_base,P3_kmax,2,down,13,76,1.1546109497248334,0.20085026328001135
qwen3_4b_base,P3_kmax,2,down,14,76,1.1151459853032555,0.20293398663345222
qwen3_4b_base,P3_kmax,2,down,15,76,1.160335188668922,0.2177719760758802
qwen3_4b_base,P3_kmax,2,down,16,76,1.1875170275377922,0.9885551026854682
qwen3_4b_base,P3_kmax,2,down,17,76,1.1306896278838818,0.22611791691462074
qwen3_4b_base,P3_kmax,2,down,18,76,1.1609839007104514,0.22746838876003445
qwen3_4b_base,P3_kmax,2,down,19,76,1.208866196365558,0.2234534685684392
qwen3_4b_base,P3_kmax,2,down,20,76,1.173215172974617,0.20847184926098222
qwen3_4b_base,P3_kmax,2,down,21,76,1.148520096266267,0.2076312055533801
qwen3_4b_base,P3_kmax,2,down,22,76,1.222665733059402,0.26194969685986175
qwen3_4b_base,P3_kmax,2,down,23,76,1.3113864752637232,0.2731458908916769
qwen3_4b_base,P3_kmax,2,down,24,76,1.4800600001574444,0.2740373501126221
qwen3_4b_base,P3_kmax,2,down,25,76,1.288948958870698,0.25825708108783474
qwen3_4b_base,P3_kmax,2,down,26,76,1.254757559587962,0.2672866893385631
qwen3_4b_base,P3_kmax,2,down,27,76,1.365930377713917,0.2777307008864256
qwen3_4b_base,P3_kmax,2,down,28,76,1.3501624870952331,0.27385739270175746
qwen3_4b_base,P3_kmax,2,down,29,76,1.29621200787399,0.3239228019712658
qwen3_4b_base,P3_kmax,2,down,30,76,1.3104521652382752,0.3221306668828464
qwen3_4b_base,P3_kmax,2,down,31,76,1.374762894909476,0.35309521996471
qwen3_4b_base,P3_kmax,2,down,32,76,1.2365227414735664,0.28691568573221293
qwen3_4b_base,P3_kmax,2,down,33,76,1.177002791051826,0.3646517578684252
qwen3_4b_base,P3_kmax,2,down,34,76,1.2280243155152797,0.5497243037379971
qwen3_4b_base,P3_kmax,2,down,35,76,1.632082881572042,0.9598204289701332
qwen3_4b_base,P5_kmax,0,qkv,0,20,1.0035519684919296,0.5648338338514519
qwen3_4b_base,P5_kmax,0,qkv,1,20,1.00072902925036,0.49278369594135246
qwen3_4b_base,P5_kmax,0,qkv,2,20,1.0018595142638043,0.3552152987897244
qwen3_4b_base,P5_kmax,0,qkv,3,20,1.0017161134524755,0.43113490352415174
qwen3_4b_base,P5_kmax,0,qkv,4,20,1.0011045240383583,0.3487069842250176
qwen3_4b_base,P5_kmax,0,qkv,5,20,1.0001309174541286,0.45153278284147996
qwen3_4b_base,P5_kmax,0,qkv,6,20,1.0001187506538254,0.4365987620571026
qwen3_4b_base,P5_kmax,0,qkv,7,20,1.0004007275271969,0.5624232919252431
qwen3_4b_base,P5_kmax,0,qkv,8,20,1.0061382051581091,0.47812488284533305
qwen3_4b_base,P5_kmax,0,qkv,9,20,1.0001959189635967,0.479386578862254
qwen3_4b_base,P5_kmax,0,qkv,10,20,1.0108070588716414,0.5208401372406911
qwen3_4b_base,P5_kmax,0,qkv,11,20,1.0162081897058124,0.5141592640089483
qwen3_4b_base,P5_kmax,0,qkv,12,20,1.0065595823303162,0.5565853567069696
qwen3_4b_base,P5_kmax,0,qkv,13,20,1.0017976358629492,0.5156005781987266
qwen3_4b_base,P5_kmax,0,qkv,14,20,1.0033404921948759,0.5933838951203507
qwen3_4b_base,P5_kmax,0,qkv,15,20,1.0013179895466513,0.6036660126467733
qwen3_4b_base,P5_kmax,0,qkv,16,20,1.0007638382727277,0.5410624655087481
qwen3_4b_base,P5_kmax,0,qkv,17,20,1.0004103561186504,0.5533818873514637
qwen3_4b_base,P5_kmax,0,qkv,18,20,1.0038216899573005,0.603358569921399
qwen3_4b_base,P5_kmax,0,qkv,19,20,1.0030551381496908,0.6128908260201934
qwen3_4b_base,P5_kmax,0,qkv,20,20,1.001300677660119,0.6213876907126022
qwen3_4b_base,P5_kmax,0,qkv,21,20,1.0074836333157329,0.6659949031972916
qwen3_4b_base,P5_kmax,0,qkv,22,20,1.000186384995073,0.6427319088833272
qwen3_4b_base,P5_kmax,0,qkv,23,20,1.0022927638687809,0.6184228281566378
qwen3_4b_base,P5_kmax,0,qkv,24,20,1.0000229954360256,0.6083230150068535
qwen3_4b_base,P5_kmax,0,qkv,25,20,1.000859661733629,0.6513891544278959
qwen3_4b_base,P5_kmax,0,qkv,26,20,1.0002481127705842,0.5969810999853689
qwen3_4b_base,P5_kmax,0,qkv,27,20,1.0004204187525203,0.6308383973758437
qwen3_4b_base,P5_kmax,0,qkv,28,20,1.0000769318418024,0.660090511059927
qwen3_4b_base,P5_kmax,0,qkv,29,20,1.0000399217907707,0.546715008368256
qwen3_4b_base,P5_kmax,0,qkv,30,20,1.0000984689148493,0.6017911133253194
qwen3_4b_base,P5_kmax,0,qkv,31,20,1.000014113656385,0.5726224554194055
qwen3_4b_base,P5_kmax,0,qkv,32,20,1.0000320544956325,0.5862889578256782
qwen3_4b_base,P5_kmax,0,qkv,33,20,1.0001904747433674,0.5146374913665925
qwen3_4b_base,P5_kmax,0,qkv,34,20,1.0001957673393111,0.6067534683652103
qwen3_4b_base,P5_kmax,0,qkv,35,20,1.0647584036104012,0.6364659282954439
qwen3_4b_base,P5_kmax,0,down,0,76,1.0005257443586613,0.24686632489254273
qwen3_4b_base,P5_kmax,0,down,1,76,1.0000058105378542,0.5015648100859205
qwen3_4b_base,P5_kmax,0,down,2,76,1.0000919422757908,0.2797805617982814
qwen3_4b_base,P5_kmax,0,down,3,76,1.000013386377248,0.25880121505094833
qwen3_4b_base,P5_kmax,0,down,4,76,1.000012019883823,0.2641454688053489
qwen3_4b_base,P5_kmax,0,down,5,76,1.0002602859257497,0.20278669488152976
qwen3_4b_base,P5_kmax,0,down,6,76,1.000772009908942,0.9754993291036753
qwen3_4b_base,P5_kmax,0,down,7,76,1.0008812110520395,0.13537534405940424
qwen3_4b_base,P5_kmax,0,down,8,76,1.0009466035157055,0.14215807562195795
qwen3_4b_base,P5_kmax,0,down,9,76,1.000968006619386,0.21806841191181214
qwen3_4b_base,P5_kmax,0,down,10,76,1.001792981353315,0.2426619964066434
qwen3_4b_base,P5_kmax,0,down,11,76,1.0014206022712566,0.22928104076160688
qwen3_4b_base,P5_kmax,0,down,12,76,1.0013672733775478,0.23979953164658127
qwen3_4b_base,P5_kmax,0,down,13,76,1.0037325249787006,0.20085026328001135
qwen3_4b_base,P5_kmax,0,down,14,76,1.0002965274312405,0.20293398663345222
qwen3_4b_base,P5_kmax,0,down,15,76,1.0052073709993443,0.2177719760758802
qwen3_4b_base,P5_kmax,0,down,16,76,1.0040170733787528,0.9885551026854682
qwen3_4b_base,P5_kmax,0,down,17,76,1.001326834353753,0.22611791691462074
qwen3_4b_base,P5_kmax,0,down,18,76,1.001476886258927,0.22746838876003445
qwen3_4b_base,P5_kmax,0,down,19,76,1.0012962614574057,0.2234534685684392
qwen3_4b_base,P5_kmax,0,down,20,76,1.000997011085026,0.20847184926098222
qwen3_4b_base,P5_kmax,0,down,21,76,1.0014351010659546,0.2076312055533801
qwen3_4b_base,P5_kmax,0,down,22,76,1.0008248134987876,0.26194969685986175
qwen3_4b_base,P5_kmax,0,down,23,76,1.00051682692041,0.2731458908916769
qwen3_4b_base,P5_kmax,0,down,24,76,1.0007603376040286,0.2740373501126221
qwen3_4b_base,P5_kmax,0,down,25,76,1.0006896366020552,0.25825708108783474
qwen3_4b_base,P5_kmax,0,down,26,76,1.0006303532690677,0.2672866893385631
qwen3_4b_base,P5_kmax,0,down,27,76,1.001667617669846,0.2777307008864256
qwen3_4b_base,P5_kmax,0,down,28,76,1.0009510288401358,0.27385739270175746
qwen3_4b_base,P5_kmax,0,down,29,76,1.0005012518249414,0.3239228019712658
qwen3_4b_base,P5_kmax,0,down,30,76,1.0005982944845822,0.3221306668828464
qwen3_4b_base,P5_kmax,0,down,31,76,1.0003434542516458,0.35309521996471
qwen3_4b_base,P5_kmax,0,down,32,76,1.0000613531974583,0.28691568573221293
qwen3_4b_base,P5_kmax,0,down,33,76,1.0003948545414183,0.3646517578684252
qwen3_4b_base,P5_kmax,0,down,34,76,1.000106468725918,0.5497243037379971
qwen3_4b_base,P5_kmax,0,down,35,76,1.000052718491996,0.9598204289701332
qwen3_4b_base,P5_kmax,1,qkv,0,20,1.0035519684919296,0.5648338338514519
qwen3_4b_base,P5_kmax,1,qkv,1,20,1.00072902925036,0.49278369594135246
qwen3_4b_base,P5_kmax,1,qkv,2,20,1.0018595142638043,0.3552152987897244
qwen3_4b_base,P5_kmax,1,qkv,3,20,1.0017161134524755,0.43113490352415174
qwen3_4b_base,P5_kmax,1,qkv,4,20,1.0011045240383583,0.3487069842250176
qwen3_4b_base,P5_kmax,1,qkv,5,20,1.0001309174541286,0.45153278284147996
qwen3_4b_base,P5_kmax,1,qkv,6,20,1.0001187506538254,0.4365987620571026
qwen3_4b_base,P5_kmax,1,qkv,7,20,1.0004007275271969,0.5624232919252431
qwen3_4b_base,P5_kmax,1,qkv,8,20,1.0061382051581091,0.47812488284533305
qwen3_4b_base,P5_kmax,1,qkv,9,20,1.0001959189635967,0.479386578862254
qwen3_4b_base,P5_kmax,1,qkv,10,20,1.0108070588716414,0.5208401372406911
qwen3_4b_base,P5_kmax,1,qkv,11,20,1.0162081897058124,0.5141592640089483
qwen3_4b_base,P5_kmax,1,qkv,12,20,1.0065595823303162,0.5565853567069696
qwen3_4b_base,P5_kmax,1,qkv,13,20,1.0017976358629492,0.5156005781987266
qwen3_4b_base,P5_kmax,1,qkv,14,20,1.0033404921948759,0.5933838951203507
qwen3_4b_base,P5_kmax,1,qkv,15,20,1.0013179895466513,0.6036660126467733
qwen3_4b_base,P5_kmax,1,qkv,16,20,1.0007638382727277,0.5410624655087481
qwen3_4b_base,P5_kmax,1,qkv,17,20,1.0004103561186504,0.5533818873514637
qwen3_4b_base,P5_kmax,1,qkv,18,20,1.0038216899573005,0.603358569921399
qwen3_4b_base,P5_kmax,1,qkv,19,20,1.0030551381496908,0.6128908260201934
qwen3_4b_base,P5_kmax,1,qkv,20,20,1.001300677660119,0.6213876907126022
qwen3_4b_base,P5_kmax,1,qkv,21,20,1.0074836333157329,0.6659949031972916
qwen3_4b_base,P5_kmax,1,qkv,22,20,1.000186384995073,0.6427319088833272
qwen3_4b_base,P5_kmax,1,qkv,23,20,1.0022927638687809,0.6184228281566378
qwen3_4b_base,P5_kmax,1,qkv,24,20,1.0000229954360256,0.6083230150068535
qwen3_4b_base,P5_kmax,1,qkv,25,20,1.000859661733629,0.6513891544278959
qwen3_4b_base,P5_kmax,1,qkv,26,20,1.0002481127705842,0.5969810999853689
qwen3_4b_base,P5_kmax,1,qkv,27,20,1.0004204187525203,0.6308383973758437
qwen3_4b_base,P5_kmax,1,qkv,28,20,1.0000769318418024,0.660090511059927
qwen3_4b_base,P5_kmax,1,qkv,29,20,1.0000399217907707,0.546715008368256
qwen3_4b_base,P5_kmax,1,qkv,30,20,1.0000984689148493,0.6017911133253194
qwen3_4b_base,P5_kmax,1,qkv,31,20,1.000014113656385,0.5726224554194055
qwen3_4b_base,P5_kmax,1,qkv,32,20,1.0000320544956325,0.5862889578256782
qwen3_4b_base,P5_kmax,1,qkv,33,20,1.0001904747433674,0.5146374913665925
qwen3_4b_base,P5_kmax,1,qkv,34,20,1.0001957673393111,0.6067534683652103
qwen3_4b_base,P5_kmax,1,qkv,35,20,1.0647584036104012,0.6364659282954439
qwen3_4b_base,P5_kmax,1,down,0,76,1.0005257443586613,0.24686632489254273
qwen3_4b_base,P5_kmax,1,down,1,76,1.0000058105378542,0.5015648100859205
qwen3_4b_base,P5_kmax,1,down,2,76,1.0000919422757908,0.2797805617982814
qwen3_4b_base,P5_kmax,1,down,3,76,1.000013386377248,0.25880121505094833
qwen3_4b_base,P5_kmax,1,down,4,76,1.000012019883823,0.2641454688053489
qwen3_4b_base,P5_kmax,1,down,5,76,1.0002602859257497,0.20278669488152976
qwen3_4b_base,P5_kmax,1,down,6,76,1.000772009908942,0.9754993291036753
qwen3_4b_base,P5_kmax,1,down,7,76,1.0008812110520395,0.13537534405940424
qwen3_4b_base,P5_kmax,1,down,8,76,1.0009466035157055,0.14215807562195795
qwen3_4b_base,P5_kmax,1,down,9,76,1.000968006619386,0.21806841191181214
qwen3_4b_base,P5_kmax,1,down,10,76,1.001792981353315,0.2426619964066434
qwen3_4b_base,P5_kmax,1,down,11,76,1.0014206022712566,0.22928104076160688
qwen3_4b_base,P5_kmax,1,down,12,76,1.0013672733775478,0.23979953164658127
qwen3_4b_base,P5_kmax,1,down,13,76,1.0037325249787006,0.20085026328001135
qwen3_4b_base,P5_kmax,1,down,14,76,1.0002965274312405,0.20293398663345222
qwen3_4b_base,P5_kmax,1,down,15,76,1.0052073709993443,0.2177719760758802
qwen3_4b_base,P5_kmax,1,down,16,76,1.0040170733787528,0.9885551026854682
qwen3_4b_base,P5_kmax,1,down,17,76,1.001326834353753,0.22611791691462074
qwen3_4b_base,P5_kmax,1,down,18,76,1.001476886258927,0.22746838876003445
qwen3_4b_base,P5_kmax,1,down,19,76,1.0012962614574057,0.2234534685684392
qwen3_4b_base,P5_kmax,1,down,20,76,1.000997011085026,0.20847184926098222
qwen3_4b_base,P5_kmax,1,down,21,76,1.0014351010659546,0.2076312055533801
qwen3_4b_base,P5_kmax,1,down,22,76,1.0008248134987876,0.26194969685986175
qwen3_4b_base,P5_kmax,1,down,23,76,1.00051682692041,0.2731458908916769
qwen3_4b_base,P5_kmax,1,down,24,76,1.0007603376040286,0.2740373501126221
qwen3_4b_base,P5_kmax,1,down,25,76,1.0006896366020552,0.25825708108783474
qwen3_4b_base,P5_kmax,1,down,26,76,1.0006303532690677,0.2672866893385631
qwen3_4b_base,P5_kmax,1,down,27,76,1.001667617669846,0.2777307008864256
qwen3_4b_base,P5_kmax,1,down,28,76,1.0009510288401358,0.27385739270175746
qwen3_4b_base,P5_kmax,1,down,29,76,1.0005012518249414,0.3239228019712658
qwen3_4b_base,P5_kmax,1,down,30,76,1.0005982944845822,0.3221306668828464
qwen3_4b_base,P5_kmax,1,down,31,76,1.0003434542516458,0.35309521996471
qwen3_4b_base,P5_kmax,1,down,32,76,1.0000613531974583,0.28691568573221293
qwen3_4b_base,P5_kmax,1,down,33,76,1.0003948545414183,0.3646517578684252
qwen3_4b_base,P5_kmax,1,down,34,76,1.000106468725918,0.5497243037379971
qwen3_4b_base,P5_kmax,1,down,35,76,1.000052718491996,0.9598204289701332
qwen3_4b_base,P5_kmax,2,qkv,0,20,1.0035519684919296,0.5648338338514519
qwen3_4b_base,P5_kmax,2,qkv,1,20,1.00072902925036,0.49278369594135246
qwen3_4b_base,P5_kmax,2,qkv,2,20,1.0018595142638043,0.3552152987897244
qwen3_4b_base,P5_kmax,2,qkv,3,20,1.0017161134524755,0.43113490352415174
qwen3_4b_base,P5_kmax,2,qkv,4,20,1.0011045240383583,0.3487069842250176
qwen3_4b_base,P5_kmax,2,qkv,5,20,1.0001309174541286,0.45153278284147996
qwen3_4b_base,P5_kmax,2,qkv,6,20,1.0001187506538254,0.4365987620571026
qwen3_4b_base,P5_kmax,2,qkv,7,20,1.0004007275271969,0.5624232919252431
qwen3_4b_base,P5_kmax,2,qkv,8,20,1.0061382051581091,0.47812488284533305
qwen3_4b_base,P5_kmax,2,qkv,9,20,1.0001959189635967,0.479386578862254
qwen3_4b_base,P5_kmax,2,qkv,10,20,1.0108070588716414,0.5208401372406911
qwen3_4b_base,P5_kmax,2,qkv,11,20,1.0162081897058124,0.5141592640089483
qwen3_4b_base,P5_kmax,2,qkv,12,20,1.0065595823303162,0.5565853567069696
qwen3_4b_base,P5_kmax,2,qkv,13,20,1.0017976358629492,0.5156005781987266
qwen3_4b_base,P5_kmax,2,qkv,14,20,1.0033404921948759,0.5933838951203507
qwen3_4b_base,P5_kmax,2,qkv,15,20,1.0013179895466513,0.6036660126467733
qwen3_4b_base,P5_kmax,2,qkv,16,20,1.0007638382727277,0.5410624655087481
qwen3_4b_base,P5_kmax,2,qkv,17,20,1.0004103561186504,0.5533818873514637
qwen3_4b_base,P5_kmax,2,qkv,18,20,1.0038216899573005,0.603358569921399
qwen3_4b_base,P5_kmax,2,qkv,19,20,1.0030551381496908,0.6128908260201934
qwen3_4b_base,P5_kmax,2,qkv,20,20,1.001300677660119,0.6213876907126022
qwen3_4b_base,P5_kmax,2,qkv,21,20,1.0074836333157329,0.6659949031972916
qwen3_4b_base,P5_kmax,2,qkv,22,20,1.000186384995073,0.6427319088833272
qwen3_4b_base,P5_kmax,2,qkv,23,20,1.0022927638687809,0.6184228281566378
qwen3_4b_base,P5_kmax,2,qkv,24,20,1.0000229954360256,0.6083230150068535
qwen3_4b_base,P5_kmax,2,qkv,25,20,1.000859661733629,0.6513891544278959
qwen3_4b_base,P5_kmax,2,qkv,26,20,1.0002481127705842,0.5969810999853689
qwen3_4b_base,P5_kmax,2,qkv,27,20,1.0004204187525203,0.6308383973758437
qwen3_4b_base,P5_kmax,2,qkv,28,20,1.0000769318418024,0.660090511059927
qwen3_4b_base,P5_kmax,2,qkv,29,20,1.0000399217907707,0.546715008368256
qwen3_4b_base,P5_kmax,2,qkv,30,20,1.0000984689148493,0.6017911133253194
qwen3_4b_base,P5_kmax,2,qkv,31,20,1.000014113656385,0.5726224554194055
qwen3_4b_base,P5_kmax,2,qkv,32,20,1.0000320544956325,0.5862889578256782
qwen3_4b_base,P5_kmax,2,qkv,33,20,1.0001904747433674,0.5146374913665925
qwen3_4b_base,P5_kmax,2,qkv,34,20,1.0001957673393111,0.6067534683652103
qwen3_4b_base,P5_kmax,2,qkv,35,20,1.0647584036104012,0.6364659282954439
qwen3_4b_base,P5_kmax,2,down,0,76,1.0005257443586613,0.24686632489254273
qwen3_4b_base,P5_kmax,2,down,1,76,1.0000058105378542,0.5015648100859205
qwen3_4b_base,P5_kmax,2,down,2,76,1.0000919422757908,0.2797805617982814
qwen3_4b_base,P5_kmax,2,down,3,76,1.000013386377248,0.25880121505094833
qwen3_4b_base,P5_kmax,2,down,4,76,1.000012019883823,0.2641454688053489
qwen3_4b_base,P5_kmax,2,down,5,76,1.0002602859257497,0.20278669488152976
qwen3_4b_base,P5_kmax,2,down,6,76,1.000772009908942,0.9754993291036753
qwen3_4b_base,P5_kmax,2,down,7,76,1.0008812110520395,0.13537534405940424
qwen3_4b_base,P5_kmax,2,down,8,76,1.0009466035157055,0.14215807562195795
qwen3_4b_base,P5_kmax,2,down,9,76,1.000968006619386,0.21806841191181214
qwen3_4b_base,P5_kmax,2,down,10,76,1.001792981353315,0.2426619964066434
qwen3_4b_base,P5_kmax,2,down,11,76,1.0014206022712566,0.22928104076160688
qwen3_4b_base,P5_kmax,2,down,12,76,1.0013672733775478,0.23979953164658127
qwen3_4b_base,P5_kmax,2,down,13,76,1.0037325249787006,0.20085026328001135
qwen3_4b_base,P5_kmax,2,down,14,76,1.0002965274312405,0.20293398663345222
qwen3_4b_base,P5_kmax,2,down,15,76,1.0052073709993443,0.2177719760758802
qwen3_4b_base,P5_kmax,2,down,16,76,1.0040170733787528,0.9885551026854682
qwen3_4b_base,P5_kmax,2,down,17,76,1.001326834353753,0.22611791691462074
qwen3_4b_base,P5_kmax,2,down,18,76,1.001476886258927,0.22746838876003445
qwen3_4b_base,P5_kmax,2,down,19,76,1.0012962614574057,0.2234534685684392
qwen3_4b_base,P5_kmax,2,down,20,76,1.000997011085026,0.20847184926098222
qwen3_4b_base,P5_kmax,2,down,21,76,1.0014351010659546,0.2076312055533801
qwen3_4b_base,P5_kmax,2,down,22,76,1.0008248134987876,0.26194969685986175
qwen3_4b_base,P5_kmax,2,down,23,76,1.00051682692041,0.2731458908916769
qwen3_4b_base,P5_kmax,2,down,24,76,1.0007603376040286,0.2740373501126221
qwen3_4b_base,P5_kmax,2,down,25,76,1.0006896366020552,0.25825708108783474
qwen3_4b_base,P5_kmax,2,down,26,76,1.0006303532690677,0.2672866893385631
qwen3_4b_base,P5_kmax,2,down,27,76,1.001667617669846,0.2777307008864256
qwen3_4b_base,P5_kmax,2,down,28,76,1.0009510288401358,0.27385739270175746
qwen3_4b_base,P5_kmax,2,down,29,76,1.0005012518249414,0.3239228019712658
qwen3_4b_base,P5_kmax,2,down,30,76,1.0005982944845822,0.3221306668828464
qwen3_4b_base,P5_kmax,2,down,31,76,1.0003434542516458,0.35309521996471
qwen3_4b_base,P5_kmax,2,down,32,76,1.0000613531974583,0.28691568573221293
qwen3_4b_base,P5_kmax,2,down,33,76,1.0003948545414183,0.3646517578684252
qwen3_4b_base,P5_kmax,2,down,34,76,1.000106468725918,0.5497243037379971
qwen3_4b_base,P5_kmax,2,down,35,76,1.000052718491996,0.9598204289701332
qwen3_4b_base,P1_kmax,0,qkv,0,20,1.0035519684919296,0.5648338338514519
qwen3_4b_base,P1_kmax,0,qkv,1,20,1.00072902925036,0.49278369594135246
qwen3_4b_base,P1_kmax,0,qkv,2,20,1.0018595142638043,0.3552152987897244
qwen3_4b_base,P1_kmax,0,qkv,3,20,1.0017161134524755,0.43113490352415174
qwen3_4b_base,P1_kmax,0,qkv,4,20,1.0011045240383583,0.3487069842250176
qwen3_4b_base,P1_kmax,0,qkv,5,20,1.0001309174541286,0.45153278284147996
qwen3_4b_base,P1_kmax,0,qkv,6,20,1.0001187506538254,0.4365987620571026
qwen3_4b_base,P1_kmax,0,qkv,7,20,1.0004007275271969,0.5624232919252431
qwen3_4b_base,P1_kmax,0,qkv,8,20,1.0061382051581091,0.47812488284533305
qwen3_4b_base,P1_kmax,0,qkv,9,20,1.0001959189635967,0.479386578862254
qwen3_4b_base,P1_kmax,0,qkv,10,20,1.0108070588716414,0.5208401372406911
qwen3_4b_base,P1_kmax,0,qkv,11,20,1.0162081897058124,0.5141592640089483
qwen3_4b_base,P1_kmax,0,qkv,12,20,1.0065595823303162,0.5565853567069696
qwen3_4b_base,P1_kmax,0,qkv,13,20,1.0017976358629492,0.5156005781987266
qwen3_4b_base,P1_kmax,0,qkv,14,20,1.0033404921948759,0.5933838951203507
qwen3_4b_base,P1_kmax,0,qkv,15,20,1.0013179895466513,0.6036660126467733
qwen3_4b_base,P1_kmax,0,qkv,16,20,1.0007638382727277,0.5410624655087481
qwen3_4b_base,P1_kmax,0,qkv,17,20,1.0004103561186504,0.5533818873514637
qwen3_4b_base,P1_kmax,0,qkv,18,20,1.0038216899573005,0.603358569921399
qwen3_4b_base,P1_kmax,0,qkv,19,20,1.0030551381496908,0.6128908260201934
qwen3_4b_base,P1_kmax,0,qkv,20,20,1.001300677660119,0.6213876907126022
qwen3_4b_base,P1_kmax,0,qkv,21,20,1.0074836333157329,0.6659949031972916
qwen3_4b_base,P1_kmax,0,qkv,22,20,1.000186384995073,0.6427319088833272
qwen3_4b_base,P1_kmax,0,qkv,23,20,1.0022927638687809,0.6184228281566378
qwen3_4b_base,P1_kmax,0,qkv,24,20,1.0000229954360256,0.6083230150068535
qwen3_4b_base,P1_kmax,0,qkv,25,20,1.000859661733629,0.6513891544278959
qwen3_4b_base,P1_kmax,0,qkv,26,20,1.0002481127705842,0.5969810999853689
qwen3_4b_base,P1_kmax,0,qkv,27,20,1.0004204187525203,0.6308383973758437
qwen3_4b_base,P1_kmax,0,qkv,28,20,1.0000769318418024,0.660090511059927
qwen3_4b_base,P1_kmax,0,qkv,29,20,1.0000399217907707,0.546715008368256
qwen3_4b_base,P1_kmax,0,qkv,30,20,1.0000984689148493,0.6017911133253194
qwen3_4b_base,P1_kmax,0,qkv,31,20,1.000014113656385,0.5726224554194055
qwen3_4b_base,P1_kmax,0,qkv,32,20,1.0000320544956325,0.5862889578256782
qwen3_4b_base,P1_kmax,0,qkv,33,20,1.0001904747433674,0.5146374913665925
qwen3_4b_base,P1_kmax,0,qkv,34,20,1.0001957673393111,0.6067534683652103
qwen3_4b_base,P1_kmax,0,qkv,35,20,1.0647584036104012,0.6364659282954439
qwen3_4b_base,P1_kmax,0,down,0,76,1.0005257443586613,0.24686632489254273
qwen3_4b_base,P1_kmax,0,down,1,76,1.0000058105378542,0.5015648100859205
qwen3_4b_base,P1_kmax,0,down,2,76,1.0000919422757908,0.2797805617982814
qwen3_4b_base,P1_kmax,0,down,3,76,1.000013386377248,0.25880121505094833
qwen3_4b_base,P1_kmax,0,down,4,76,1.000012019883823,0.2641454688053489
qwen3_4b_base,P1_kmax,0,down,5,76,1.0002602859257497,0.20278669488152976
qwen3_4b_base,P1_kmax,0,down,6,76,1.000772009908942,0.9754993291036753
qwen3_4b_base,P1_kmax,0,down,7,76,1.0008812110520395,0.13537534405940424
qwen3_4b_base,P1_kmax,0,down,8,76,1.0009466035157055,0.14215807562195795
qwen3_4b_base,P1_kmax,0,down,9,76,1.000968006619386,0.21806841191181214
qwen3_4b_base,P1_kmax,0,down,10,76,1.001792981353315,0.2426619964066434
qwen3_4b_base,P1_kmax,0,down,11,76,1.0014206022712566,0.22928104076160688
qwen3_4b_base,P1_kmax,0,down,12,76,1.0013672733775478,0.23979953164658127
qwen3_4b_base,P1_kmax,0,down,13,76,1.0037325249787006,0.20085026328001135
qwen3_4b_base,P1_kmax,0,down,14,76,1.0002965274312405,0.20293398663345222
qwen3_4b_base,P1_kmax,0,down,15,76,1.0052073709993443,0.2177719760758802
qwen3_4b_base,P1_kmax,0,down,16,76,1.0040170733787528,0.9885551026854682
qwen3_4b_base,P1_kmax,0,down,17,76,1.001326834353753,0.22611791691462074
qwen3_4b_base,P1_kmax,0,down,18,76,1.001476886258927,0.22746838876003445
qwen3_4b_base,P1_kmax,0,down,19,76,1.0012962614574057,0.2234534685684392
qwen3_4b_base,P1_kmax,0,down,20,76,1.000997011085026,0.20847184926098222
qwen3_4b_base,P1_kmax,0,down,21,76,1.0014351010659546,0.2076312055533801
qwen3_4b_base,P1_kmax,0,down,22,76,1.0008248134987876,0.26194969685986175
qwen3_4b_base,P1_kmax,0,down,23,76,1.00051682692041,0.2731458908916769
qwen3_4b_base,P1_kmax,0,down,24,76,1.0007603376040286,0.2740373501126221
qwen3_4b_base,P1_kmax,0,down,25,76,1.0006896366020552,0.25825708108783474
qwen3_4b_base,P1_kmax,0,down,26,76,1.0006303532690677,0.2672866893385631
qwen3_4b_base,P1_kmax,0,down,27,76,1.001667617669846,0.2777307008864256
qwen3_4b_base,P1_kmax,0,down,28,76,1.0009510288401358,0.27385739270175746
qwen3_4b_base,P1_kmax,0,down,29,76,1.0005012518249414,0.3239228019712658
qwen3_4b_base,P1_kmax,0,down,30,76,1.0005982944845822,0.3221306668828464
qwen3_4b_base,P1_kmax,0,down,31,76,1.0003434542516458,0.35309521996471
qwen3_4b_base,P1_kmax,0,down,32,76,1.0000613531974583,0.28691568573221293
qwen3_4b_base,P1_kmax,0,down,33,76,1.0003948545414183,0.3646517578684252
qwen3_4b_base,P1_kmax,0,down,34,76,1.000106468725918,0.5497243037379971
qwen3_4b_base,P1_kmax,0,down,35,76,1.000052718491996,0.9598204289701332
qwen3_4b_base,P1_kmax,1,qkv,0,20,1.0035519684919296,0.5648338338514519
qwen3_4b_base,P1_kmax,1,qkv,1,20,1.00072902925036,0.49278369594135246
qwen3_4b_base,P1_kmax,1,qkv,2,20,1.0018595142638043,0.3552152987897244
qwen3_4b_base,P1_kmax,1,qkv,3,20,1.0017161134524755,0.43113490352415174
qwen3_4b_base,P1_kmax,1,qkv,4,20,1.0011045240383583,0.3487069842250176
qwen3_4b_base,P1_kmax,1,qkv,5,20,1.0001309174541286,0.45153278284147996
qwen3_4b_base,P1_kmax,1,qkv,6,20,1.0001187506538254,0.4365987620571026
qwen3_4b_base,P1_kmax,1,qkv,7,20,1.0004007275271969,0.5624232919252431
qwen3_4b_base,P1_kmax,1,qkv,8,20,1.0061382051581091,0.47812488284533305
qwen3_4b_base,P1_kmax,1,qkv,9,20,1.0001959189635967,0.479386578862254
qwen3_4b_base,P1_kmax,1,qkv,10,20,1.0108070588716414,0.5208401372406911
qwen3_4b_base,P1_kmax,1,qkv,11,20,1.0162081897058124,0.5141592640089483
qwen3_4b_base,P1_kmax,1,qkv,12,20,1.0065595823303162,0.5565853567069696
qwen3_4b_base,P1_kmax,1,qkv,13,20,1.0017976358629492,0.5156005781987266
qwen3_4b_base,P1_kmax,1,qkv,14,20,1.0033404921948759,0.5933838951203507
qwen3_4b_base,P1_kmax,1,qkv,15,20,1.0013179895466513,0.6036660126467733
qwen3_4b_base,P1_kmax,1,qkv,16,20,1.0007638382727277,0.5410624655087481
qwen3_4b_base,P1_kmax,1,qkv,17,20,1.0004103561186504,0.5533818873514637
qwen3_4b_base,P1_kmax,1,qkv,18,20,1.0038216899573005,0.603358569921399
qwen3_4b_base,P1_kmax,1,qkv,19,20,1.0030551381496908,0.6128908260201934
qwen3_4b_base,P1_kmax,1,qkv,20,20,1.001300677660119,0.6213876907126022
qwen3_4b_base,P1_kmax,1,qkv,21,20,1.0074836333157329,0.6659949031972916
qwen3_4b_base,P1_kmax,1,qkv,22,20,1.000186384995073,0.6427319088833272
qwen3_4b_base,P1_kmax,1,qkv,23,20,1.0022927638687809,0.6184228281566378
qwen3_4b_base,P1_kmax,1,qkv,24,20,1.0000229954360256,0.6083230150068535
qwen3_4b_base,P1_kmax,1,qkv,25,20,1.000859661733629,0.6513891544278959
qwen3_4b_base,P1_kmax,1,qkv,26,20,1.0002481127705842,0.5969810999853689
qwen3_4b_base,P1_kmax,1,qkv,27,20,1.0004204187525203,0.6308383973758437
qwen3_4b_base,P1_kmax,1,qkv,28,20,1.0000769318418024,0.660090511059927
qwen3_4b_base,P1_kmax,1,qkv,29,20,1.0000399217907707,0.546715008368256
qwen3_4b_base,P1_kmax,1,qkv,30,20,1.0000984689148493,0.6017911133253194
qwen3_4b_base,P1_kmax,1,qkv,31,20,1.000014113656385,0.5726224554194055
qwen3_4b_base,P1_kmax,1,qkv,32,20,1.0000320544956325,0.5862889578256782
qwen3_4b_base,P1_kmax,1,qkv,33,20,1.0001904747433674,0.5146374913665925
qwen3_4b_base,P1_kmax,1,qkv,34,20,1.0001957673393111,0.6067534683652103
qwen3_4b_base,P1_kmax,1,qkv,35,20,1.0647584036104012,0.6364659282954439
qwen3_4b_base,P1_kmax,1,down,0,76,1.0005257443586613,0.24686632489254273
qwen3_4b_base,P1_kmax,1,down,1,76,1.0000058105378542,0.5015648100859205
qwen3_4b_base,P1_kmax,1,down,2,76,1.0000919422757908,0.2797805617982814
qwen3_4b_base,P1_kmax,1,down,3,76,1.000013386377248,0.25880121505094833
qwen3_4b_base,P1_kmax,1,down,4,76,1.000012019883823,0.2641454688053489
qwen3_4b_base,P1_kmax,1,down,5,76,1.0002602859257497,0.20278669488152976
qwen3_4b_base,P1_kmax,1,down,6,76,1.000772009908942,0.9754993291036753
qwen3_4b_base,P1_kmax,1,down,7,76,1.0008812110520395,0.13537534405940424
qwen3_4b_base,P1_kmax,1,down,8,76,1.0009466035157055,0.14215807562195795
qwen3_4b_base,P1_kmax,1,down,9,76,1.000968006619386,0.21806841191181214
qwen3_4b_base,P1_kmax,1,down,10,76,1.001792981353315,0.2426619964066434
qwen3_4b_base,P1_kmax,1,down,11,76,1.0014206022712566,0.22928104076160688
qwen3_4b_base,P1_kmax,1,down,12,76,1.0013672733775478,0.23979953164658127
qwen3_4b_base,P1_kmax,1,down,13,76,1.0037325249787006,0.20085026328001135
qwen3_4b_base,P1_kmax,1,down,14,76,1.0002965274312405,0.20293398663345222
qwen3_4b_base,P1_kmax,1,down,15,76,1.0052073709993443,0.2177719760758802
qwen3_4b_base,P1_kmax,1,down,16,76,1.0040170733787528,0.9885551026854682
qwen3_4b_base,P1_kmax,1,down,17,76,1.001326834353753,0.22611791691462074
qwen3_4b_base,P1_kmax,1,down,18,76,1.001476886258927,0.22746838876003445
qwen3_4b_base,P1_kmax,1,down,19,76,1.0012962614574057,0.2234534685684392
qwen3_4b_base,P1_kmax,1,down,20,76,1.000997011085026,0.20847184926098222
qwen3_4b_base,P1_kmax,1,down,21,76,1.0014351010659546,0.2076312055533801
qwen3_4b_base,P1_kmax,1,down,22,76,1.0008248134987876,0.26194969685986175
qwen3_4b_base,P1_kmax,1,down,23,76,1.00051682692041,0.2731458908916769
qwen3_4b_base,P1_kmax,1,down,24,76,1.0007603376040286,0.2740373501126221
qwen3_4b_base,P1_kmax,1,down,25,76,1.0006896366020552,0.25825708108783474
qwen3_4b_base,P1_kmax,1,down,26,76,1.0006303532690677,0.2672866893385631
qwen3_4b_base,P1_kmax,1,down,27,76,1.001667617669846,0.2777307008864256
qwen3_4b_base,P1_kmax,1,down,28,76,1.0009510288401358,0.27385739270175746
qwen3_4b_base,P1_kmax,1,down,29,76,1.0005012518249414,0.3239228019712658
qwen3_4b_base,P1_kmax,1,down,30,76,1.0005982944845822,0.3221306668828464
qwen3_4b_base,P1_kmax,1,down,31,76,1.0003434542516458,0.35309521996471
qwen3_4b_base,P1_kmax,1,down,32,76,1.0000613531974583,0.28691568573221293
qwen3_4b_base,P1_kmax,1,down,33,76,1.0003948545414183,0.3646517578684252
qwen3_4b_base,P1_kmax,1,down,34,76,1.000106468725918,0.5497243037379971
qwen3_4b_base,P1_kmax,1,down,35,76,1.000052718491996,0.9598204289701332
qwen3_4b_base,P1_kmax,2,qkv,0,20,1.0035519684919296,0.5648338338514519
qwen3_4b_base,P1_kmax,2,qkv,1,20,1.00072902925036,0.49278369594135246
qwen3_4b_base,P1_kmax,2,qkv,2,20,1.0018595142638043,0.3552152987897244
qwen3_4b_base,P1_kmax,2,qkv,3,20,1.0017161134524755,0.43113490352415174
qwen3_4b_base,P1_kmax,2,qkv,4,20,1.0011045240383583,0.3487069842250176
qwen3_4b_base,P1_kmax,2,qkv,5,20,1.0001309174541286,0.45153278284147996
qwen3_4b_base,P1_kmax,2,qkv,6,20,1.0001187506538254,0.4365987620571026
qwen3_4b_base,P1_kmax,2,qkv,7,20,1.0004007275271969,0.5624232919252431
qwen3_4b_base,P1_kmax,2,qkv,8,20,1.0061382051581091,0.47812488284533305
qwen3_4b_base,P1_kmax,2,qkv,9,20,1.0001959189635967,0.479386578862254
qwen3_4b_base,P1_kmax,2,qkv,10,20,1.0108070588716414,0.5208401372406911
qwen3_4b_base,P1_kmax,2,qkv,11,20,1.0162081897058124,0.5141592640089483
qwen3_4b_base,P1_kmax,2,qkv,12,20,1.0065595823303162,0.5565853567069696
qwen3_4b_base,P1_kmax,2,qkv,13,20,1.0017976358629492,0.5156005781987266
qwen3_4b_base,P1_kmax,2,qkv,14,20,1.0033404921948759,0.5933838951203507
qwen3_4b_base,P1_kmax,2,qkv,15,20,1.0013179895466513,0.6036660126467733
qwen3_4b_base,P1_kmax,2,qkv,16,20,1.0007638382727277,0.5410624655087481
qwen3_4b_base,P1_kmax,2,qkv,17,20,1.0004103561186504,0.5533818873514637
qwen3_4b_base,P1_kmax,2,qkv,18,20,1.0038216899573005,0.603358569921399
qwen3_4b_base,P1_kmax,2,qkv,19,20,1.0030551381496908,0.6128908260201934
qwen3_4b_base,P1_kmax,2,qkv,20,20,1.001300677660119,0.6213876907126022
qwen3_4b_base,P1_kmax,2,qkv,21,20,1.0074836333157329,0.6659949031972916
qwen3_4b_base,P1_kmax,2,qkv,22,20,1.000186384995073,0.6427319088833272
qwen3_4b_base,P1_kmax,2,qkv,23,20,1.0022927638687809,0.6184228281566378
qwen3_4b_base,P1_kmax,2,qkv,24,20,1.0000229954360256,0.6083230150068535
qwen3_4b_base,P1_kmax,2,qkv,25,20,1.000859661733629,0.6513891544278959
qwen3_4b_base,P1_kmax,2,qkv,26,20,1.0002481127705842,0.5969810999853689
qwen3_4b_base,P1_kmax,2,qkv,27,20,1.0004204187525203,0.6308383973758437
qwen3_4b_base,P1_kmax,2,qkv,28,20,1.0000769318418024,0.660090511059927
qwen3_4b_base,P1_kmax,2,qkv,29,20,1.0000399217907707,0.546715008368256
qwen3_4b_base,P1_kmax,2,qkv,30,20,1.0000984689148493,0.6017911133253194
qwen3_4b_base,P1_kmax,2,qkv,31,20,1.000014113656385,0.5726224554194055
qwen3_4b_base,P1_kmax,2,qkv,32,20,1.0000320544956325,0.5862889578256782
qwen3_4b_base,P1_kmax,2,qkv,33,20,1.0001904747433674,0.5146374913665925
qwen3_4b_base,P1_kmax,2,qkv,34,20,1.0001957673393111,0.6067534683652103
qwen3_4b_base,P1_kmax,2,qkv,35,20,1.0647584036104012,0.6364659282954439
qwen3_4b_base,P1_kmax,2,down,0,76,1.0005257443586613,0.24686632489254273
qwen3_4b_base,P1_kmax,2,down,1,76,1.0000058105378542,0.5015648100859205
qwen3_4b_base,P1_kmax,2,down,2,76,1.0000919422757908,0.2797805617982814
qwen3_4b_base,P1_kmax,2,down,3,76,1.000013386377248,0.25880121505094833
qwen3_4b_base,P1_kmax,2,down,4,76,1.000012019883823,0.2641454688053489
qwen3_4b_base,P1_kmax,2,down,5,76,1.0002602859257497,0.20278669488152976
qwen3_4b_base,P1_kmax,2,down,6,76,1.000772009908942,0.9754993291036753
qwen3_4b_base,P1_kmax,2,down,7,76,1.0008812110520395,0.13537534405940424
qwen3_4b_base,P1_kmax,2,down,8,76,1.0009466035157055,0.14215807562195795
qwen3_4b_base,P1_kmax,2,down,9,76,1.000968006619386,0.21806841191181214
qwen3_4b_base,P1_kmax,2,down,10,76,1.001792981353315,0.2426619964066434
qwen3_4b_base,P1_kmax,2,down,11,76,1.0014206022712566,0.22928104076160688
qwen3_4b_base,P1_kmax,2,down,12,76,1.0013672733775478,0.23979953164658127
qwen3_4b_base,P1_kmax,2,down,13,76,1.0037325249787006,0.20085026328001135
qwen3_4b_base,P1_kmax,2,down,14,76,1.0002965274312405,0.20293398663345222
qwen3_4b_base,P1_kmax,2,down,15,76,1.0052073709993443,0.2177719760758802
qwen3_4b_base,P1_kmax,2,down,16,76,1.0040170733787528,0.9885551026854682
qwen3_4b_base,P1_kmax,2,down,17,76,1.001326834353753,0.22611791691462074
qwen3_4b_base,P1_kmax,2,down,18,76,1.001476886258927,0.22746838876003445
qwen3_4b_base,P1_kmax,2,down,19,76,1.0012962614574057,0.2234534685684392
qwen3_4b_base,P1_kmax,2,down,20,76,1.000997011085026,0.20847184926098222
qwen3_4b_base,P1_kmax,2,down,21,76,1.0014351010659546,0.2076312055533801
qwen3_4b_base,P1_kmax,2,down,22,76,1.0008248134987876,0.26194969685986175
qwen3_4b_base,P1_kmax,2,down,23,76,1.00051682692041,0.2731458908916769
qwen3_4b_base,P1_kmax,2,down,24,76,1.0007603376040286,0.2740373501126221
qwen3_4b_base,P1_kmax,2,down,25,76,1.0006896366020552,0.25825708108783474
qwen3_4b_base,P1_kmax,2,down,26,76,1.0006303532690677,0.2672866893385631
qwen3_4b_base,P1_kmax,2,down,27,76,1.001667617669846,0.2777307008864256
qwen3_4b_base,P1_kmax,2,down,28,76,1.0009510288401358,0.27385739270175746
qwen3_4b_base,P1_kmax,2,down,29,76,1.0005012518249414,0.3239228019712658
qwen3_4b_base,P1_kmax,2,down,30,76,1.0005982944845822,0.3221306668828464
qwen3_4b_base,P1_kmax,2,down,31,76,1.0003434542516458,0.35309521996471
qwen3_4b_base,P1_kmax,2,down,32,76,1.0000613531974583,0.28691568573221293
qwen3_4b_base,P1_kmax,2,down,33,76,1.0003948545414183,0.3646517578684252
qwen3_4b_base,P1_kmax,2,down,34,76,1.000106468725918,0.5497243037379971
qwen3_4b_base,P1_kmax,2,down,35,76,1.000052718491996,0.9598204289701332
qwen3_4b_base,P4_kmax,0,qkv,0,20,1.0035519684919296,0.5648338338514519
qwen3_4b_base,P4_kmax,0,qkv,1,20,1.00072902925036,0.49278369594135246
qwen3_4b_base,P4_kmax,0,qkv,2,20,1.0018595142638043,0.3552152987897244
qwen3_4b_base,P4_kmax,0,qkv,3,20,1.0017161134524755,0.43113490352415174
qwen3_4b_base,P4_kmax,0,qkv,4,20,1.0011045240383583,0.3487069842250176
qwen3_4b_base,P4_kmax,0,qkv,5,20,1.0001309174541286,0.45153278284147996
qwen3_4b_base,P4_kmax,0,qkv,6,20,1.0001187506538254,0.4365987620571026
qwen3_4b_base,P4_kmax,0,qkv,7,20,1.0004007275271969,0.5624232919252431
qwen3_4b_base,P4_kmax,0,qkv,8,20,1.0061382051581091,0.47812488284533305
qwen3_4b_base,P4_kmax,0,qkv,9,20,1.0001959189635967,0.479386578862254
qwen3_4b_base,P4_kmax,0,qkv,10,20,1.0108070588716414,0.5208401372406911
qwen3_4b_base,P4_kmax,0,qkv,11,20,1.0162081897058124,0.5141592640089483
qwen3_4b_base,P4_kmax,0,qkv,12,20,1.0065595823303162,0.5565853567069696
qwen3_4b_base,P4_kmax,0,qkv,13,20,1.0017976358629492,0.5156005781987266
qwen3_4b_base,P4_kmax,0,qkv,14,20,1.0033404921948759,0.5933838951203507
qwen3_4b_base,P4_kmax,0,qkv,15,20,1.0013179895466513,0.6036660126467733
qwen3_4b_base,P4_kmax,0,qkv,16,20,1.0007638382727277,0.5410624655087481
qwen3_4b_base,P4_kmax,0,qkv,17,20,1.0004103561186504,0.5533818873514637
qwen3_4b_base,P4_kmax,0,qkv,18,20,1.0038216899573005,0.603358569921399
qwen3_4b_base,P4_kmax,0,qkv,19,20,1.0030551381496908,0.6128908260201934
qwen3_4b_base,P4_kmax,0,qkv,20,20,1.001300677660119,0.6213876907126022
qwen3_4b_base,P4_kmax,0,qkv,21,20,1.0074836333157329,0.6659949031972916
qwen3_4b_base,P4_kmax,0,qkv,22,20,1.000186384995073,0.6427319088833272
qwen3_4b_base,P4_kmax,0,qkv,23,20,1.0022927638687809,0.6184228281566378
qwen3_4b_base,P4_kmax,0,qkv,24,20,1.0000229954360256,0.6083230150068535
qwen3_4b_base,P4_kmax,0,qkv,25,20,1.000859661733629,0.6513891544278959
qwen3_4b_base,P4_kmax,0,qkv,26,20,1.0002481127705842,0.5969810999853689
qwen3_4b_base,P4_kmax,0,qkv,27,20,1.0004204187525203,0.6308383973758437
qwen3_4b_base,P4_kmax,0,qkv,28,20,1.0000769318418024,0.660090511059927
qwen3_4b_base,P4_kmax,0,qkv,29,20,1.0000399217907707,0.546715008368256
qwen3_4b_base,P4_kmax,0,qkv,30,20,1.0000984689148493,0.6017911133253194
qwen3_4b_base,P4_kmax,0,qkv,31,20,1.000014113656385,0.5726224554194055
qwen3_4b_base,P4_kmax,0,qkv,32,20,1.0000320544956325,0.5862889578256782
qwen3_4b_base,P4_kmax,0,qkv,33,20,1.0001904747433674,0.5146374913665925
qwen3_4b_base,P4_kmax,0,qkv,34,20,1.0001957673393111,0.6067534683652103
qwen3_4b_base,P4_kmax,0,qkv,35,20,1.0647584036104012,0.6364659282954439
qwen3_4b_base,P4_kmax,0,down,0,76,1.0005257443586613,0.24686632489254273
qwen3_4b_base,P4_kmax,0,down,1,76,1.0000058105378542,0.5015648100859205
qwen3_4b_base,P4_kmax,0,down,2,76,1.0000919422757908,0.2797805617982814
qwen3_4b_base,P4_kmax,0,down,3,76,1.000013386377248,0.25880121505094833
qwen3_4b_base,P4_kmax,0,down,4,76,1.000012019883823,0.2641454688053489
qwen3_4b_base,P4_kmax,0,down,5,76,1.0002602859257497,0.20278669488152976
qwen3_4b_base,P4_kmax,0,down,6,76,1.000772009908942,0.9754993291036753
qwen3_4b_base,P4_kmax,0,down,7,76,1.0008812110520395,0.13537534405940424
qwen3_4b_base,P4_kmax,0,down,8,76,1.0009466035157055,0.14215807562195795
qwen3_4b_base,P4_kmax,0,down,9,76,1.000968006619386,0.21806841191181214
qwen3_4b_base,P4_kmax,0,down,10,76,1.001792981353315,0.2426619964066434
qwen3_4b_base,P4_kmax,0,down,11,76,1.0014206022712566,0.22928104076160688
qwen3_4b_base,P4_kmax,0,down,12,76,1.0013672733775478,0.23979953164658127
qwen3_4b_base,P4_kmax,0,down,13,76,1.0037325249787006,0.20085026328001135
qwen3_4b_base,P4_kmax,0,down,14,76,1.0002965274312405,0.20293398663345222
qwen3_4b_base,P4_kmax,0,down,15,76,1.0052073709993443,0.2177719760758802
qwen3_4b_base,P4_kmax,0,down,16,76,1.0040170733787528,0.9885551026854682
qwen3_4b_base,P4_kmax,0,down,17,76,1.001326834353753,0.22611791691462074
qwen3_4b_base,P4_kmax,0,down,18,76,1.001476886258927,0.22746838876003445
qwen3_4b_base,P4_kmax,0,down,19,76,1.0012962614574057,0.2234534685684392
qwen3_4b_base,P4_kmax,0,down,20,76,1.000997011085026,0.20847184926098222
qwen3_4b_base,P4_kmax,0,down,21,76,1.0014351010659546,0.2076312055533801
qwen3_4b_base,P4_kmax,0,down,22,76,1.0008248134987876,0.26194969685986175
qwen3_4b_base,P4_kmax,0,down,23,76,1.00051682692041,0.2731458908916769
qwen3_4b_base,P4_kmax,0,down,24,76,1.0007603376040286,0.2740373501126221
qwen3_4b_base,P4_kmax,0,down,25,76,1.0006896366020552,0.25825708108783474
qwen3_4b_base,P4_kmax,0,down,26,76,1.0006303532690677,0.2672866893385631
qwen3_4b_base,P4_kmax,0,down,27,76,1.001667617669846,0.2777307008864256
qwen3_4b_base,P4_kmax,0,down,28,76,1.0009510288401358,0.27385739270175746
qwen3_4b_base,P4_kmax,0,down,29,76,1.0005012518249414,0.3239228019712658
qwen3_4b_base,P4_kmax,0,down,30,76,1.0005982944845822,0.3221306668828464
qwen3_4b_base,P4_kmax,0,down,31,76,1.0003434542516458,0.35309521996471
qwen3_4b_base,P4_kmax,0,down,32,76,1.0000613531974583,0.28691568573221293
qwen3_4b_base,P4_kmax,0,down,33,76,1.0003948545414183,0.3646517578684252
qwen3_4b_base,P4_kmax,0,down,34,76,1.000106468725918,0.5497243037379971
qwen3_4b_base,P4_kmax,0,down,35,76,1.000052718491996,0.9598204289701332
qwen3_4b_base,P4_kmax,1,qkv,0,20,1.0035519684919296,0.5648338338514519
qwen3_4b_base,P4_kmax,1,qkv,1,20,1.00072902925036,0.49278369594135246
qwen3_4b_base,P4_kmax,1,qkv,2,20,1.0018595142638043,0.3552152987897244
qwen3_4b_base,P4_kmax,1,qkv,3,20,1.0017161134524755,0.43113490352415174
qwen3_4b_base,P4_kmax,1,qkv,4,20,1.0011045240383583,0.3487069842250176
qwen3_4b_base,P4_kmax,1,qkv,5,20,1.0001309174541286,0.45153278284147996
qwen3_4b_base,P4_kmax,1,qkv,6,20,1.0001187506538254,0.4365987620571026
qwen3_4b_base,P4_kmax,1,qkv,7,20,1.0004007275271969,0.5624232919252431
qwen3_4b_base,P4_kmax,1,qkv,8,20,1.0061382051581091,0.47812488284533305
qwen3_4b_base,P4_kmax,1,qkv,9,20,1.0001959189635967,0.479386578862254
qwen3_4b_base,P4_kmax,1,qkv,10,20,1.0108070588716414,0.5208401372406911
qwen3_4b_base,P4_kmax,1,qkv,11,20,1.0162081897058124,0.5141592640089483
qwen3_4b_base,P4_kmax,1,qkv,12,20,1.0065595823303162,0.5565853567069696
qwen3_4b_base,P4_kmax,1,qkv,13,20,1.0017976358629492,0.5156005781987266
qwen3_4b_base,P4_kmax,1,qkv,14,20,1.0033404921948759,0.5933838951203507
qwen3_4b_base,P4_kmax,1,qkv,15,20,1.0013179895466513,0.6036660126467733
qwen3_4b_base,P4_kmax,1,qkv,16,20,1.0007638382727277,0.5410624655087481
qwen3_4b_base,P4_kmax,1,qkv,17,20,1.0004103561186504,0.5533818873514637
qwen3_4b_base,P4_kmax,1,qkv,18,20,1.0038216899573005,0.603358569921399
qwen3_4b_base,P4_kmax,1,qkv,19,20,1.0030551381496908,0.6128908260201934
qwen3_4b_base,P4_kmax,1,qkv,20,20,1.001300677660119,0.6213876907126022
qwen3_4b_base,P4_kmax,1,qkv,21,20,1.0074836333157329,0.6659949031972916
qwen3_4b_base,P4_kmax,1,qkv,22,20,1.000186384995073,0.6427319088833272
qwen3_4b_base,P4_kmax,1,qkv,23,20,1.0022927638687809,0.6184228281566378
qwen3_4b_base,P4_kmax,1,qkv,24,20,1.0000229954360256,0.6083230150068535
qwen3_4b_base,P4_kmax,1,qkv,25,20,1.000859661733629,0.6513891544278959
qwen3_4b_base,P4_kmax,1,qkv,26,20,1.0002481127705842,0.5969810999853689
qwen3_4b_base,P4_kmax,1,qkv,27,20,1.0004204187525203,0.6308383973758437
qwen3_4b_base,P4_kmax,1,qkv,28,20,1.0000769318418024,0.660090511059927
qwen3_4b_base,P4_kmax,1,qkv,29,20,1.0000399217907707,0.546715008368256
qwen3_4b_base,P4_kmax,1,qkv,30,20,1.0000984689148493,0.6017911133253194
qwen3_4b_base,P4_kmax,1,qkv,31,20,1.000014113656385,0.5726224554194055
qwen3_4b_base,P4_kmax,1,qkv,32,20,1.0000320544956325,0.5862889578256782
qwen3_4b_base,P4_kmax,1,qkv,33,20,1.0001904747433674,0.5146374913665925
qwen3_4b_base,P4_kmax,1,qkv,34,20,1.0001957673393111,0.6067534683652103
qwen3_4b_base,P4_kmax,1,qkv,35,20,1.0647584036104012,0.6364659282954439
qwen3_4b_base,P4_kmax,1,down,0,76,1.0005257443586613,0.24686632489254273
qwen3_4b_base,P4_kmax,1,down,1,76,1.0000058105378542,0.5015648100859205
qwen3_4b_base,P4_kmax,1,down,2,76,1.0000919422757908,0.2797805617982814
qwen3_4b_base,P4_kmax,1,down,3,76,1.000013386377248,0.25880121505094833
qwen3_4b_base,P4_kmax,1,down,4,76,1.000012019883823,0.2641454688053489
qwen3_4b_base,P4_kmax,1,down,5,76,1.0002602859257497,0.20278669488152976
qwen3_4b_base,P4_kmax,1,down,6,76,1.000772009908942,0.9754993291036753
qwen3_4b_base,P4_kmax,1,down,7,76,1.0008812110520395,0.13537534405940424
qwen3_4b_base,P4_kmax,1,down,8,76,1.0009466035157055,0.14215807562195795
qwen3_4b_base,P4_kmax,1,down,9,76,1.000968006619386,0.21806841191181214
qwen3_4b_base,P4_kmax,1,down,10,76,1.001792981353315,0.2426619964066434
qwen3_4b_base,P4_kmax,1,down,11,76,1.0014206022712566,0.22928104076160688
qwen3_4b_base,P4_kmax,1,down,12,76,1.0013672733775478,0.23979953164658127
qwen3_4b_base,P4_kmax,1,down,13,76,1.0037325249787006,0.20085026328001135
qwen3_4b_base,P4_kmax,1,down,14,76,1.0002965274312405,0.20293398663345222
qwen3_4b_base,P4_kmax,1,down,15,76,1.0052073709993443,0.2177719760758802
qwen3_4b_base,P4_kmax,1,down,16,76,1.0040170733787528,0.9885551026854682
qwen3_4b_base,P4_kmax,1,down,17,76,1.001326834353753,0.22611791691462074
qwen3_4b_base,P4_kmax,1,down,18,76,1.001476886258927,0.22746838876003445
qwen3_4b_base,P4_kmax,1,down,19,76,1.0012962614574057,0.2234534685684392
qwen3_4b_base,P4_kmax,1,down,20,76,1.000997011085026,0.20847184926098222
qwen3_4b_base,P4_kmax,1,down,21,76,1.0014351010659546,0.2076312055533801
qwen3_4b_base,P4_kmax,1,down,22,76,1.0008248134987876,0.26194969685986175
qwen3_4b_base,P4_kmax,1,down,23,76,1.00051682692041,0.2731458908916769
qwen3_4b_base,P4_kmax,1,down,24,76,1.0007603376040286,0.2740373501126221
qwen3_4b_base,P4_kmax,1,down,25,76,1.0006896366020552,0.25825708108783474
qwen3_4b_base,P4_kmax,1,down,26,76,1.0006303532690677,0.2672866893385631
qwen3_4b_base,P4_kmax,1,down,27,76,1.001667617669846,0.2777307008864256
qwen3_4b_base,P4_kmax,1,down,28,76,1.0009510288401358,0.27385739270175746
qwen3_4b_base,P4_kmax,1,down,29,76,1.0005012518249414,0.3239228019712658
qwen3_4b_base,P4_kmax,1,down,30,76,1.0005982944845822,0.3221306668828464
qwen3_4b_base,P4_kmax,1,down,31,76,1.0003434542516458,0.35309521996471
qwen3_4b_base,P4_kmax,1,down,32,76,1.0000613531974583,0.28691568573221293
qwen3_4b_base,P4_kmax,1,down,33,76,1.0003948545414183,0.3646517578684252
qwen3_4b_base,P4_kmax,1,down,34,76,1.000106468725918,0.5497243037379971
qwen3_4b_base,P4_kmax,1,down,35,76,1.000052718491996,0.9598204289701332
qwen3_4b_base,P4_kmax,2,qkv,0,20,1.0035519684919296,0.5648338338514519
qwen3_4b_base,P4_kmax,2,qkv,1,20,1.00072902925036,0.49278369594135246
qwen3_4b_base,P4_kmax,2,qkv,2,20,1.0018595142638043,0.3552152987897244
qwen3_4b_base,P4_kmax,2,qkv,3,20,1.0017161134524755,0.43113490352415174
qwen3_4b_base,P4_kmax,2,qkv,4,20,1.0011045240383583,0.3487069842250176
qwen3_4b_base,P4_kmax,2,qkv,5,20,1.0001309174541286,0.45153278284147996
qwen3_4b_base,P4_kmax,2,qkv,6,20,1.0001187506538254,0.4365987620571026
qwen3_4b_base,P4_kmax,2,qkv,7,20,1.0004007275271969,0.5624232919252431
qwen3_4b_base,P4_kmax,2,qkv,8,20,1.0061382051581091,0.47812488284533305
qwen3_4b_base,P4_kmax,2,qkv,9,20,1.0001959189635967,0.479386578862254
qwen3_4b_base,P4_kmax,2,qkv,10,20,1.0108070588716414,0.5208401372406911
qwen3_4b_base,P4_kmax,2,qkv,11,20,1.0162081897058124,0.5141592640089483
qwen3_4b_base,P4_kmax,2,qkv,12,20,1.0065595823303162,0.5565853567069696
qwen3_4b_base,P4_kmax,2,qkv,13,20,1.0017976358629492,0.5156005781987266
qwen3_4b_base,P4_kmax,2,qkv,14,20,1.0033404921948759,0.5933838951203507
qwen3_4b_base,P4_kmax,2,qkv,15,20,1.0013179895466513,0.6036660126467733
qwen3_4b_base,P4_kmax,2,qkv,16,20,1.0007638382727277,0.5410624655087481
qwen3_4b_base,P4_kmax,2,qkv,17,20,1.0004103561186504,0.5533818873514637
qwen3_4b_base,P4_kmax,2,qkv,18,20,1.0038216899573005,0.603358569921399
qwen3_4b_base,P4_kmax,2,qkv,19,20,1.0030551381496908,0.6128908260201934
qwen3_4b_base,P4_kmax,2,qkv,20,20,1.001300677660119,0.6213876907126022
qwen3_4b_base,P4_kmax,2,qkv,21,20,1.0074836333157329,0.6659949031972916
qwen3_4b_base,P4_kmax,2,qkv,22,20,1.000186384995073,0.6427319088833272
qwen3_4b_base,P4_kmax,2,qkv,23,20,1.0022927638687809,0.6184228281566378
qwen3_4b_base,P4_kmax,2,qkv,24,20,1.0000229954360256,0.6083230150068535
qwen3_4b_base,P4_kmax,2,qkv,25,20,1.000859661733629,0.6513891544278959
qwen3_4b_base,P4_kmax,2,qkv,26,20,1.0002481127705842,0.5969810999853689
qwen3_4b_base,P4_kmax,2,qkv,27,20,1.0004204187525203,0.6308383973758437
qwen3_4b_base,P4_kmax,2,qkv,28,20,1.0000769318418024,0.660090511059927
qwen3_4b_base,P4_kmax,2,qkv,29,20,1.0000399217907707,0.546715008368256
qwen3_4b_base,P4_kmax,2,qkv,30,20,1.0000984689148493,0.6017911133253194
qwen3_4b_base,P4_kmax,2,qkv,31,20,1.000014113656385,0.5726224554194055
qwen3_4b_base,P4_kmax,2,qkv,32,20,1.0000320544956325,0.5862889578256782
qwen3_4b_base,P4_kmax,2,qkv,33,20,1.0001904747433674,0.5146374913665925
qwen3_4b_base,P4_kmax,2,qkv,34,20,1.0001957673393111,0.6067534683652103
qwen3_4b_base,P4_kmax,2,qkv,35,20,1.0647584036104012,0.6364659282954439
qwen3_4b_base,P4_kmax,2,down,0,76,1.0005257443586613,0.24686632489254273
qwen3_4b_base,P4_kmax,2,down,1,76,1.0000058105378542,0.5015648100859205
qwen3_4b_base,P4_kmax,2,down,2,76,1.0000919422757908,0.2797805617982814
qwen3_4b_base,P4_kmax,2,down,3,76,1.000013386377248,0.25880121505094833
qwen3_4b_base,P4_kmax,2,down,4,76,1.000012019883823,0.2641454688053489
qwen3_4b_base,P4_kmax,2,down,5,76,1.0002602859257497,0.20278669488152976
qwen3_4b_base,P4_kmax,2,down,6,76,1.000772009908942,0.9754993291036753
qwen3_4b_base,P4_kmax,2,down,7,76,1.0008812110520395,0.13537534405940424
qwen3_4b_base,P4_kmax,2,down,8,76,1.0009466035157055,0.14215807562195795
qwen3_4b_base,P4_kmax,2,down,9,76,1.000968006619386,0.21806841191181214
qwen3_4b_base,P4_kmax,2,down,10,76,1.001792981353315,0.2426619964066434
qwen3_4b_base,P4_kmax,2,down,11,76,1.0014206022712566,0.22928104076160688
qwen3_4b_base,P4_kmax,2,down,12,76,1.0013672733775478,0.23979953164658127
qwen3_4b_base,P4_kmax,2,down,13,76,1.0037325249787006,0.20085026328001135
qwen3_4b_base,P4_kmax,2,down,14,76,1.0002965274312405,0.20293398663345222
qwen3_4b_base,P4_kmax,2,down,15,76,1.0052073709993443,0.2177719760758802
qwen3_4b_base,P4_kmax,2,down,16,76,1.0040170733787528,0.9885551026854682
qwen3_4b_base,P4_kmax,2,down,17,76,1.001326834353753,0.22611791691462074
qwen3_4b_base,P4_kmax,2,down,18,76,1.001476886258927,0.22746838876003445
qwen3_4b_base,P4_kmax,2,down,19,76,1.0012962614574057,0.2234534685684392
qwen3_4b_base,P4_kmax,2,down,20,76,1.000997011085026,0.20847184926098222
qwen3_4b_base,P4_kmax,2,down,21,76,1.0014351010659546,0.2076312055533801
qwen3_4b_base,P4_kmax,2,down,22,76,1.0008248134987876,0.26194969685986175
qwen3_4b_base,P4_kmax,2,down,23,76,1.00051682692041,0.2731458908916769
qwen3_4b_base,P4_kmax,2,down,24,76,1.0007603376040286,0.2740373501126221
qwen3_4b_base,P4_kmax,2,down,25,76,1.0006896366020552,0.25825708108783474
qwen3_4b_base,P4_kmax,2,down,26,76,1.0006303532690677,0.2672866893385631
qwen3_4b_base,P4_kmax,2,down,27,76,1.001667617669846,0.2777307008864256
qwen3_4b_base,P4_kmax,2,down,28,76,1.0009510288401358,0.27385739270175746
qwen3_4b_base,P4_kmax,2,down,29,76,1.0005012518249414,0.3239228019712658
qwen3_4b_base,P4_kmax,2,down,30,76,1.0005982944845822,0.3221306668828464
qwen3_4b_base,P4_kmax,2,down,31,76,1.0003434542516458,0.35309521996471
qwen3_4b_base,P4_kmax,2,down,32,76,1.0000613531974583,0.28691568573221293
qwen3_4b_base,P4_kmax,2,down,33,76,1.0003948545414183,0.3646517578684252
qwen3_4b_base,P4_kmax,2,down,34,76,1.000106468725918,0.5497243037379971
qwen3_4b_base,P4_kmax,2,down,35,76,1.000052718491996,0.9598204289701332
