model,model_id,site,method,seed,sequence,nll,tokens_scored,rotation_only_nll,weight_fold_max_relative_error
qwen3_8b_base,Qwen/Qwen3-8B-Base,both,bf16,20260902,0,1.9303513765335083,2047,1.9303513765335083,0.0
qwen3_8b_base,Qwen/Qwen3-8B-Base,both,bf16,20260902,1,2.3531620502471924,2047,2.3531620502471924,0.0
qwen3_8b_base,Qwen/Qwen3-8B-Base,both,bf16,20260902,2,2.5502800941467285,2047,2.5502800941467285,0.0
qwen3_8b_base,Qwen/Qwen3-8B-Base,both,bf16,20260902,3,2.275672197341919,2047,2.275672197341919,0.0
qwen3_8b_base,Qwen/Qwen3-8B-Base,both,bf16,20260902,4,2.0596470832824707,2047,2.0596470832824707,0.0
qwen3_8b_base,Qwen/Qwen3-8B-Base,both,bf16,20260902,5,1.6440420150756836,2047,1.6440420150756836,0.0
qwen3_8b_base,Qwen/Qwen3-8B-Base,both,bf16,20260902,6,1.4683098793029785,2047,1.4683098793029785,0.0
qwen3_8b_base,Qwen/Qwen3-8B-Base,both,bf16,20260902,7,2.004887580871582,2047,2.004887580871582,0.0
qwen3_8b_base,Qwen/Qwen3-8B-Base,both,bf16,20260902,8,2.177551746368408,2047,2.177551746368408,0.0
qwen3_8b_base,Qwen/Qwen3-8B-Base,both,bf16,20260902,9,2.364039659500122,2047,2.364039659500122,0.0
qwen3_8b_base,Qwen/Qwen3-8B-Base,both,bf16,20260902,10,2.1958224773406982,2047,2.1958224773406982,0.0
qwen3_8b_base,Qwen/Qwen3-8B-Base,both,bf16,20260902,11,2.236927032470703,2047,2.236927032470703,0.0
qwen3_8b_base,Qwen/Qwen3-8B-Base,both,bf16,20260902,12,2.148857593536377,2047,2.148857593536377,0.0
qwen3_8b_base,Qwen/Qwen3-8B-Base,both,bf16,20260902,13,2.339109182357788,2047,2.339109182357788,0.0
qwen3_8b_base,Qwen/Qwen3-8B-Base,both,bf16,20260902,14,2.3219900131225586,2047,2.3219900131225586,0.0
qwen3_8b_base,Qwen/Qwen3-8B-Base,both,bf16,20260902,15,2.2206647396087646,2047,2.2206647396087646,0.0
qwen3_8b_base,Qwen/Qwen3-8B-Base,both,bf16,20260902,16,2.515286684036255,2047,2.515286684036255,0.0
qwen3_8b_base,Qwen/Qwen3-8B-Base,both,bf16,20260902,17,2.3524320125579834,2047,2.3524320125579834,0.0
qwen3_8b_base,Qwen/Qwen3-8B-Base,both,bf16,20260902,18,2.0910401344299316,2047,2.0910401344299316,0.0
qwen3_8b_base,Qwen/Qwen3-8B-Base,both,bf16,20260902,19,1.9615707397460938,2047,1.9615707397460938,0.0
qwen3_8b_base,Qwen/Qwen3-8B-Base,both,bf16,20260902,20,2.0719099044799805,2047,2.0719099044799805,0.0
qwen3_8b_base,Qwen/Qwen3-8B-Base,both,bf16,20260902,21,2.323246479034424,2047,2.323246479034424,0.0
qwen3_8b_base,Qwen/Qwen3-8B-Base,both,bf16,20260902,22,2.161530017852783,2047,2.161530017852783,0.0
qwen3_8b_base,Qwen/Qwen3-8B-Base,both,bf16,20260902,23,2.264516830444336,2047,2.264516830444336,0.0
qwen3_8b_base,Qwen/Qwen3-8B-Base,both,bf16,20260902,24,2.2447001934051514,2047,2.2447001934051514,0.0
qwen3_8b_base,Qwen/Qwen3-8B-Base,both,bf16,20260902,25,2.371999740600586,2047,2.371999740600586,0.0
qwen3_8b_base,Qwen/Qwen3-8B-Base,both,bf16,20260902,26,2.4107797145843506,2047,2.4107797145843506,0.0
qwen3_8b_base,Qwen/Qwen3-8B-Base,both,bf16,20260902,27,2.6177680492401123,2047,2.6177680492401123,0.0
qwen3_8b_base,Qwen/Qwen3-8B-Base,both,bf16,20260902,28,2.383429765701294,2047,2.383429765701294,0.0
qwen3_8b_base,Qwen/Qwen3-8B-Base,both,bf16,20260902,29,2.0746243000030518,2047,2.0746243000030518,0.0
qwen3_8b_base,Qwen/Qwen3-8B-Base,both,bf16,20260902,30,1.9658794403076172,2047,1.9658794403076172,0.0
qwen3_8b_base,Qwen/Qwen3-8B-Base,both,bf16,20260902,31,1.9084949493408203,2047,1.9084949493408203,0.0
qwen3_8b_base,Qwen/Qwen3-8B-Base,both,bf16,20260902,32,1.665541172027588,2047,1.665541172027588,0.0
qwen3_8b_base,Qwen/Qwen3-8B-Base,both,bf16,20260902,33,2.205414295196533,2047,2.205414295196533,0.0
qwen3_8b_base,Qwen/Qwen3-8B-Base,both,bf16,20260902,34,1.995378851890564,2047,1.995378851890564,0.0
qwen3_8b_base,Qwen/Qwen3-8B-Base,both,bf16,20260902,35,2.1027321815490723,2047,2.1027321815490723,0.0
qwen3_8b_base,Qwen/Qwen3-8B-Base,both,bf16,20260902,36,1.7338454723358154,2047,1.7338454723358154,0.0
qwen3_8b_base,Qwen/Qwen3-8B-Base,both,bf16,20260902,37,1.549477219581604,2047,1.549477219581604,0.0
qwen3_8b_base,Qwen/Qwen3-8B-Base,both,bf16,20260902,38,1.7624603509902954,2047,1.7624603509902954,0.0
qwen3_8b_base,Qwen/Qwen3-8B-Base,both,bf16,20260902,39,1.5050768852233887,2047,1.5050768852233887,0.0
qwen3_8b_base,Qwen/Qwen3-8B-Base,both,bf16,20260902,40,1.757627010345459,2047,1.757627010345459,0.0
qwen3_8b_base,Qwen/Qwen3-8B-Base,both,bf16,20260902,41,1.9254690408706665,2047,1.9254690408706665,0.0
qwen3_8b_base,Qwen/Qwen3-8B-Base,both,bf16,20260902,42,2.57047176361084,2047,2.57047176361084,0.0
qwen3_8b_base,Qwen/Qwen3-8B-Base,both,bf16,20260902,43,2.8348042964935303,2047,2.8348042964935303,0.0
qwen3_8b_base,Qwen/Qwen3-8B-Base,both,bf16,20260902,44,2.620812177658081,2047,2.620812177658081,0.0
qwen3_8b_base,Qwen/Qwen3-8B-Base,both,bf16,20260902,45,2.348925828933716,2047,2.348925828933716,0.0
qwen3_8b_base,Qwen/Qwen3-8B-Base,both,bf16,20260902,46,2.3406405448913574,2047,2.3406405448913574,0.0
qwen3_8b_base,Qwen/Qwen3-8B-Base,both,bf16,20260902,47,2.4220383167266846,2047,2.4220383167266846,0.0
qwen3_8b_base,Qwen/Qwen3-8B-Base,both,bf16,20260902,48,2.482250690460205,2047,2.482250690460205,0.0
qwen3_8b_base,Qwen/Qwen3-8B-Base,both,bf16,20260902,49,1.8767138719558716,2047,1.8767138719558716,0.0
qwen3_8b_base,Qwen/Qwen3-8B-Base,both,bf16,20260902,50,2.3466925621032715,2047,2.3466925621032715,0.0
qwen3_8b_base,Qwen/Qwen3-8B-Base,both,bf16,20260902,51,2.0805270671844482,2047,2.0805270671844482,0.0
qwen3_8b_base,Qwen/Qwen3-8B-Base,both,bf16,20260902,52,1.9718682765960693,2047,1.9718682765960693,0.0
qwen3_8b_base,Qwen/Qwen3-8B-Base,both,bf16,20260902,53,1.922855257987976,2047,1.922855257987976,0.0
qwen3_8b_base,Qwen/Qwen3-8B-Base,both,bf16,20260902,54,1.8162376880645752,2047,1.8162376880645752,0.0
qwen3_8b_base,Qwen/Qwen3-8B-Base,both,bf16,20260902,55,1.977375864982605,2047,1.977375864982605,0.0
qwen3_8b_base,Qwen/Qwen3-8B-Base,both,bf16,20260902,56,1.8221948146820068,2047,1.8221948146820068,0.0
qwen3_8b_base,Qwen/Qwen3-8B-Base,both,bf16,20260902,57,1.632308006286621,2047,1.632308006286621,0.0
qwen3_8b_base,Qwen/Qwen3-8B-Base,both,bf16,20260902,58,2.0062572956085205,2047,2.0062572956085205,0.0
qwen3_8b_base,Qwen/Qwen3-8B-Base,both,bf16,20260902,59,1.9408085346221924,2047,1.9408085346221924,0.0
qwen3_8b_base,Qwen/Qwen3-8B-Base,both,bf16,20260902,60,2.2019741535186768,2047,2.2019741535186768,0.0
qwen3_8b_base,Qwen/Qwen3-8B-Base,both,bf16,20260902,61,2.392759323120117,2047,2.392759323120117,0.0
qwen3_8b_base,Qwen/Qwen3-8B-Base,both,bf16,20260902,62,2.4312007427215576,2047,2.4312007427215576,0.0
qwen3_8b_base,Qwen/Qwen3-8B-Base,both,bf16,20260902,63,2.6506474018096924,2047,2.6506474018096924,0.0
qwen3_8b_base,Qwen/Qwen3-8B-Base,both,bf16,20260902,64,2.010155439376831,2047,2.010155439376831,0.0
qwen3_8b_base,Qwen/Qwen3-8B-Base,both,bf16,20260902,65,1.9335591793060303,2047,1.9335591793060303,0.0
qwen3_8b_base,Qwen/Qwen3-8B-Base,both,bf16,20260902,66,2.2685017585754395,2047,2.2685017585754395,0.0
qwen3_8b_base,Qwen/Qwen3-8B-Base,both,bf16,20260902,67,2.006455898284912,2047,2.006455898284912,0.0
qwen3_8b_base,Qwen/Qwen3-8B-Base,both,bf16,20260902,68,2.071794271469116,2047,2.071794271469116,0.0
qwen3_8b_base,Qwen/Qwen3-8B-Base,both,bf16,20260902,69,2.004167318344116,2047,2.004167318344116,0.0
qwen3_8b_base,Qwen/Qwen3-8B-Base,both,bf16,20260902,70,1.873478889465332,2047,1.873478889465332,0.0
qwen3_8b_base,Qwen/Qwen3-8B-Base,both,bf16,20260902,71,2.001404285430908,2047,2.001404285430908,0.0
qwen3_8b_base,Qwen/Qwen3-8B-Base,both,bf16,20260902,72,2.4872384071350098,2047,2.4872384071350098,0.0
qwen3_8b_base,Qwen/Qwen3-8B-Base,both,bf16,20260902,73,2.5325710773468018,2047,2.5325710773468018,0.0
qwen3_8b_base,Qwen/Qwen3-8B-Base,both,bf16,20260902,74,2.1654441356658936,2047,2.1654441356658936,0.0
qwen3_8b_base,Qwen/Qwen3-8B-Base,both,bf16,20260902,75,2.022428035736084,2047,2.022428035736084,0.0
qwen3_8b_base,Qwen/Qwen3-8B-Base,both,bf16,20260902,76,2.185152053833008,2047,2.185152053833008,0.0
qwen3_8b_base,Qwen/Qwen3-8B-Base,both,bf16,20260902,77,2.152491807937622,2047,2.152491807937622,0.0
qwen3_8b_base,Qwen/Qwen3-8B-Base,both,bf16,20260902,78,2.192042112350464,2047,2.192042112350464,0.0
qwen3_8b_base,Qwen/Qwen3-8B-Base,both,bf16,20260902,79,2.3057985305786133,2047,2.3057985305786133,0.0
qwen3_8b_base,Qwen/Qwen3-8B-Base,both,bf16,20260902,80,2.287799596786499,2047,2.287799596786499,0.0
qwen3_8b_base,Qwen/Qwen3-8B-Base,both,bf16,20260902,81,2.342766761779785,2047,2.342766761779785,0.0
qwen3_8b_base,Qwen/Qwen3-8B-Base,both,bf16,20260902,82,1.8015358448028564,2047,1.8015358448028564,0.0
qwen3_8b_base,Qwen/Qwen3-8B-Base,both,bf16,20260902,83,1.9802395105361938,2047,1.9802395105361938,0.0
qwen3_8b_base,Qwen/Qwen3-8B-Base,both,bf16,20260902,84,1.8123387098312378,2047,1.8123387098312378,0.0
qwen3_8b_base,Qwen/Qwen3-8B-Base,both,bf16,20260902,85,2.0039846897125244,2047,2.0039846897125244,0.0
qwen3_8b_base,Qwen/Qwen3-8B-Base,both,bf16,20260902,86,2.019855499267578,2047,2.019855499267578,0.0
qwen3_8b_base,Qwen/Qwen3-8B-Base,both,bf16,20260902,87,2.0003013610839844,2047,2.0003013610839844,0.0
qwen3_8b_base,Qwen/Qwen3-8B-Base,both,bf16,20260902,88,2.2699625492095947,2047,2.2699625492095947,0.0
qwen3_8b_base,Qwen/Qwen3-8B-Base,both,bf16,20260902,89,2.211808204650879,2047,2.211808204650879,0.0
qwen3_8b_base,Qwen/Qwen3-8B-Base,both,bf16,20260902,90,2.2979307174682617,2047,2.2979307174682617,0.0
qwen3_8b_base,Qwen/Qwen3-8B-Base,both,bf16,20260902,91,3.0158205032348633,2047,3.0158205032348633,0.0
qwen3_8b_base,Qwen/Qwen3-8B-Base,both,bf16,20260902,92,2.9794163703918457,2047,2.9794163703918457,0.0
qwen3_8b_base,Qwen/Qwen3-8B-Base,both,bf16,20260902,93,2.4502482414245605,2047,2.4502482414245605,0.0
qwen3_8b_base,Qwen/Qwen3-8B-Base,both,bf16,20260902,94,2.700420379638672,2047,2.700420379638672,0.0
qwen3_8b_base,Qwen/Qwen3-8B-Base,both,bf16,20260902,95,2.7303600311279297,2047,2.7303600311279297,0.0
qwen3_8b_base,Qwen/Qwen3-8B-Base,both,bf16,20260902,96,2.4050662517547607,2047,2.4050662517547607,0.0
qwen3_8b_base,Qwen/Qwen3-8B-Base,both,bf16,20260902,97,2.621814250946045,2047,2.621814250946045,0.0
qwen3_8b_base,Qwen/Qwen3-8B-Base,both,bf16,20260902,98,2.256157398223877,2047,2.256157398223877,0.0
qwen3_8b_base,Qwen/Qwen3-8B-Base,both,bf16,20260902,99,2.3655354976654053,2047,2.3655354976654053,0.0
qwen3_8b_base,Qwen/Qwen3-8B-Base,both,bf16,20260902,100,2.0550625324249268,2047,2.0550625324249268,0.0
qwen3_8b_base,Qwen/Qwen3-8B-Base,both,bf16,20260902,101,2.183797597885132,2047,2.183797597885132,0.0
qwen3_8b_base,Qwen/Qwen3-8B-Base,both,bf16,20260902,102,2.5122616291046143,2047,2.5122616291046143,0.0
qwen3_8b_base,Qwen/Qwen3-8B-Base,both,bf16,20260902,103,2.176252603530884,2047,2.176252603530884,0.0
qwen3_8b_base,Qwen/Qwen3-8B-Base,both,bf16,20260902,104,2.4556996822357178,2047,2.4556996822357178,0.0
qwen3_8b_base,Qwen/Qwen3-8B-Base,both,bf16,20260902,105,2.149631977081299,2047,2.149631977081299,0.0
qwen3_8b_base,Qwen/Qwen3-8B-Base,both,bf16,20260902,106,2.3382515907287598,2047,2.3382515907287598,0.0
qwen3_8b_base,Qwen/Qwen3-8B-Base,both,bf16,20260902,107,2.2680721282958984,2047,2.2680721282958984,0.0
qwen3_8b_base,Qwen/Qwen3-8B-Base,both,bf16,20260902,108,2.040921688079834,2047,2.040921688079834,0.0
qwen3_8b_base,Qwen/Qwen3-8B-Base,both,bf16,20260902,109,2.2223269939422607,2047,2.2223269939422607,0.0
qwen3_8b_base,Qwen/Qwen3-8B-Base,both,bf16,20260902,110,2.0874288082122803,2047,2.0874288082122803,0.0
qwen3_8b_base,Qwen/Qwen3-8B-Base,both,bf16,20260902,111,1.9571789503097534,2047,1.9571789503097534,0.0
qwen3_8b_base,Qwen/Qwen3-8B-Base,both,bf16,20260902,112,1.9173492193222046,2047,1.9173492193222046,0.0
qwen3_8b_base,Qwen/Qwen3-8B-Base,both,bf16,20260902,113,2.045541286468506,2047,2.045541286468506,0.0
qwen3_8b_base,Qwen/Qwen3-8B-Base,both,bf16,20260902,114,2.33402156829834,2047,2.33402156829834,0.0
qwen3_8b_base,Qwen/Qwen3-8B-Base,both,bf16,20260902,115,2.319005250930786,2047,2.319005250930786,0.0
qwen3_8b_base,Qwen/Qwen3-8B-Base,both,bf16,20260902,116,2.458968162536621,2047,2.458968162536621,0.0
qwen3_8b_base,Qwen/Qwen3-8B-Base,both,bf16,20260902,117,2.2734603881835938,2047,2.2734603881835938,0.0
qwen3_8b_base,Qwen/Qwen3-8B-Base,both,bf16,20260902,118,2.09843111038208,2047,2.09843111038208,0.0
qwen3_8b_base,Qwen/Qwen3-8B-Base,both,bf16,20260902,119,2.091322898864746,2047,2.091322898864746,0.0
qwen3_8b_base,Qwen/Qwen3-8B-Base,both,bf16,20260902,120,2.4637441635131836,2047,2.4637441635131836,0.0
qwen3_8b_base,Qwen/Qwen3-8B-Base,both,bf16,20260902,121,1.9640320539474487,2047,1.9640320539474487,0.0
qwen3_8b_base,Qwen/Qwen3-8B-Base,both,bf16,20260902,122,1.8557941913604736,2047,1.8557941913604736,0.0
qwen3_8b_base,Qwen/Qwen3-8B-Base,both,bf16,20260902,123,1.9293957948684692,2047,1.9293957948684692,0.0
qwen3_8b_base,Qwen/Qwen3-8B-Base,both,bf16,20260902,124,2.136479377746582,2047,2.136479377746582,0.0
qwen3_8b_base,Qwen/Qwen3-8B-Base,both,bf16,20260902,125,2.3938920497894287,2047,2.3938920497894287,0.0
qwen3_8b_base,Qwen/Qwen3-8B-Base,both,bf16,20260902,126,2.2486684322357178,2047,2.2486684322357178,0.0
qwen3_8b_base,Qwen/Qwen3-8B-Base,both,bf16,20260902,127,2.1962101459503174,2047,2.1962101459503174,0.0
qwen3_8b_base,Qwen/Qwen3-8B-Base,both,bf16,20260902,128,2.105013608932495,2047,2.105013608932495,0.0
qwen3_8b_base,Qwen/Qwen3-8B-Base,both,bf16,20260902,129,2.1018922328948975,2047,2.1018922328948975,0.0
qwen3_8b_base,Qwen/Qwen3-8B-Base,both,bf16,20260902,130,1.9833043813705444,2047,1.9833043813705444,0.0
qwen3_8b_base,Qwen/Qwen3-8B-Base,both,bf16,20260902,131,2.219782829284668,2047,2.219782829284668,0.0
qwen3_8b_base,Qwen/Qwen3-8B-Base,both,bf16,20260902,132,2.0805156230926514,2047,2.0805156230926514,0.0
qwen3_8b_base,Qwen/Qwen3-8B-Base,both,bf16,20260902,133,2.112592935562134,2047,2.112592935562134,0.0
qwen3_8b_base,Qwen/Qwen3-8B-Base,both,bf16,20260902,134,2.510441541671753,2047,2.510441541671753,0.0
qwen3_8b_base,Qwen/Qwen3-8B-Base,both,bf16,20260902,135,2.2281086444854736,2047,2.2281086444854736,0.0
qwen3_8b_base,Qwen/Qwen3-8B-Base,both,bf16,20260902,136,1.7874332666397095,2047,1.7874332666397095,0.0
qwen3_8b_base,Qwen/Qwen3-8B-Base,both,bf16,20260902,137,1.5759145021438599,2047,1.5759145021438599,0.0
qwen3_8b_base,Qwen/Qwen3-8B-Base,both,bf16,20260902,138,1.7636594772338867,2047,1.7636594772338867,0.0
qwen3_8b_base,Qwen/Qwen3-8B-Base,both,bf16,20260902,139,2.381622552871704,2047,2.381622552871704,0.0
qwen3_8b_base,Qwen/Qwen3-8B-Base,both,bf16,20260902,140,2.6141152381896973,2047,2.6141152381896973,0.0
qwen3_8b_base,Qwen/Qwen3-8B-Base,both,bf16,20260902,141,2.287601947784424,2047,2.287601947784424,0.0
qwen3_8b_base,Qwen/Qwen3-8B-Base,both,bf16,20260902,142,2.264681339263916,2047,2.264681339263916,0.0
qwen3_8b_base,Qwen/Qwen3-8B-Base,both,bf16,20260902,143,2.3726329803466797,2047,2.3726329803466797,0.0
qwen3_8b_base,Qwen/Qwen3-8B-Base,both,bf16,20260902,144,2.3436450958251953,2047,2.3436450958251953,0.0
qwen3_8b_base,Qwen/Qwen3-8B-Base,both,bf16,20260902,145,2.32551908493042,2047,2.32551908493042,0.0
qwen3_8b_base,Qwen/Qwen3-8B-Base,both,hadamard,20260902,0,2.0008022785186768,2047,1.9316251277923584,0.0
qwen3_8b_base,Qwen/Qwen3-8B-Base,both,hadamard,20260902,1,2.4158942699432373,2047,2.3518285751342773,0.0
qwen3_8b_base,Qwen/Qwen3-8B-Base,both,hadamard,20260902,2,2.6059157848358154,2047,2.548618793487549,0.0
qwen3_8b_base,Qwen/Qwen3-8B-Base,both,hadamard,20260902,3,2.3505914211273193,2047,2.275383234024048,0.0
qwen3_8b_base,Qwen/Qwen3-8B-Base,both,hadamard,20260902,4,2.113577127456665,2047,2.061544895172119,0.0
qwen3_8b_base,Qwen/Qwen3-8B-Base,both,hadamard,20260902,5,1.6976726055145264,2047,1.6449625492095947,0.0
qwen3_8b_base,Qwen/Qwen3-8B-Base,both,hadamard,20260902,6,1.4945622682571411,2047,1.4681226015090942,0.0
qwen3_8b_base,Qwen/Qwen3-8B-Base,both,hadamard,20260902,7,2.048908233642578,2047,2.008359909057617,0.0
qwen3_8b_base,Qwen/Qwen3-8B-Base,both,hadamard,20260902,8,2.2383623123168945,2047,2.178054094314575,0.0
qwen3_8b_base,Qwen/Qwen3-8B-Base,both,hadamard,20260902,9,2.4053189754486084,2047,2.365758180618286,0.0
qwen3_8b_base,Qwen/Qwen3-8B-Base,both,hadamard,20260902,10,2.2001233100891113,2047,2.198869466781616,0.0
qwen3_8b_base,Qwen/Qwen3-8B-Base,both,hadamard,20260902,11,2.2946994304656982,2047,2.2343010902404785,0.0
qwen3_8b_base,Qwen/Qwen3-8B-Base,both,hadamard,20260902,12,2.1890454292297363,2047,2.1460916996002197,0.0
qwen3_8b_base,Qwen/Qwen3-8B-Base,both,hadamard,20260902,13,2.4039628505706787,2047,2.339164972305298,0.0
qwen3_8b_base,Qwen/Qwen3-8B-Base,both,hadamard,20260902,14,2.3980510234832764,2047,2.322035074234009,0.0
qwen3_8b_base,Qwen/Qwen3-8B-Base,both,hadamard,20260902,15,2.2753782272338867,2047,2.2203288078308105,0.0
qwen3_8b_base,Qwen/Qwen3-8B-Base,both,hadamard,20260902,16,2.5700905323028564,2047,2.5162808895111084,0.0
qwen3_8b_base,Qwen/Qwen3-8B-Base,both,hadamard,20260902,17,2.3914570808410645,2047,2.350363254547119,0.0
qwen3_8b_base,Qwen/Qwen3-8B-Base,both,hadamard,20260902,18,2.1219329833984375,2047,2.092217206954956,0.0
qwen3_8b_base,Qwen/Qwen3-8B-Base,both,hadamard,20260902,19,2.0000617504119873,2047,1.964194416999817,0.0
qwen3_8b_base,Qwen/Qwen3-8B-Base,both,hadamard,20260902,20,2.1300501823425293,2047,2.0719172954559326,0.0
qwen3_8b_base,Qwen/Qwen3-8B-Base,both,hadamard,20260902,21,2.394569158554077,2047,2.323068857192993,0.0
qwen3_8b_base,Qwen/Qwen3-8B-Base,both,hadamard,20260902,22,2.220215082168579,2047,2.1629385948181152,0.0
qwen3_8b_base,Qwen/Qwen3-8B-Base,both,hadamard,20260902,23,2.290135383605957,2047,2.265460968017578,0.0
qwen3_8b_base,Qwen/Qwen3-8B-Base,both,hadamard,20260902,24,2.299543619155884,2047,2.2442445755004883,0.0
qwen3_8b_base,Qwen/Qwen3-8B-Base,both,hadamard,20260902,25,2.4003727436065674,2047,2.371628761291504,0.0
qwen3_8b_base,Qwen/Qwen3-8B-Base,both,hadamard,20260902,26,2.4606430530548096,2047,2.4108924865722656,0.0
qwen3_8b_base,Qwen/Qwen3-8B-Base,both,hadamard,20260902,27,2.683213233947754,2047,2.617600679397583,0.0
qwen3_8b_base,Qwen/Qwen3-8B-Base,both,hadamard,20260902,28,2.4352834224700928,2047,2.3811190128326416,0.0
qwen3_8b_base,Qwen/Qwen3-8B-Base,both,hadamard,20260902,29,2.1225903034210205,2047,2.0793070793151855,0.0
qwen3_8b_base,Qwen/Qwen3-8B-Base,both,hadamard,20260902,30,1.9938737154006958,2047,1.9675776958465576,0.0
qwen3_8b_base,Qwen/Qwen3-8B-Base,both,hadamard,20260902,31,2.001664638519287,2047,1.9116626977920532,0.0
qwen3_8b_base,Qwen/Qwen3-8B-Base,both,hadamard,20260902,32,1.7199891805648804,2047,1.6653529405593872,0.0
qwen3_8b_base,Qwen/Qwen3-8B-Base,both,hadamard,20260902,33,2.2605862617492676,2047,2.2035648822784424,0.0
qwen3_8b_base,Qwen/Qwen3-8B-Base,both,hadamard,20260902,34,2.0361204147338867,2047,1.9940129518508911,0.0
qwen3_8b_base,Qwen/Qwen3-8B-Base,both,hadamard,20260902,35,2.1453537940979004,2047,2.1022555828094482,0.0
qwen3_8b_base,Qwen/Qwen3-8B-Base,both,hadamard,20260902,36,1.767205834388733,2047,1.7321971654891968,0.0
qwen3_8b_base,Qwen/Qwen3-8B-Base,both,hadamard,20260902,37,1.5966038703918457,2047,1.5486499071121216,0.0
qwen3_8b_base,Qwen/Qwen3-8B-Base,both,hadamard,20260902,38,1.7938618659973145,2047,1.7646453380584717,0.0
qwen3_8b_base,Qwen/Qwen3-8B-Base,both,hadamard,20260902,39,1.5594761371612549,2047,1.5051101446151733,0.0
qwen3_8b_base,Qwen/Qwen3-8B-Base,both,hadamard,20260902,40,1.7802194356918335,2047,1.7650604248046875,0.0
qwen3_8b_base,Qwen/Qwen3-8B-Base,both,hadamard,20260902,41,2.0075430870056152,2047,1.9263883829116821,0.0
qwen3_8b_base,Qwen/Qwen3-8B-Base,both,hadamard,20260902,42,2.621011972427368,2047,2.5689213275909424,0.0
qwen3_8b_base,Qwen/Qwen3-8B-Base,both,hadamard,20260902,43,2.8705241680145264,2047,2.8324944972991943,0.0
qwen3_8b_base,Qwen/Qwen3-8B-Base,both,hadamard,20260902,44,2.670680046081543,2047,2.6234476566314697,0.0
qwen3_8b_base,Qwen/Qwen3-8B-Base,both,hadamard,20260902,45,2.415003776550293,2047,2.3492636680603027,0.0
qwen3_8b_base,Qwen/Qwen3-8B-Base,both,hadamard,20260902,46,2.3954544067382812,2047,2.3427700996398926,0.0
qwen3_8b_base,Qwen/Qwen3-8B-Base,both,hadamard,20260902,47,2.477501392364502,2047,2.4208996295928955,0.0
qwen3_8b_base,Qwen/Qwen3-8B-Base,both,hadamard,20260902,48,2.5354740619659424,2047,2.479107618331909,0.0
qwen3_8b_base,Qwen/Qwen3-8B-Base,both,hadamard,20260902,49,1.922802448272705,2047,1.8739848136901855,0.0
qwen3_8b_base,Qwen/Qwen3-8B-Base,both,hadamard,20260902,50,2.381258726119995,2047,2.3422765731811523,0.0
qwen3_8b_base,Qwen/Qwen3-8B-Base,both,hadamard,20260902,51,2.1094067096710205,2047,2.080012559890747,0.0
qwen3_8b_base,Qwen/Qwen3-8B-Base,both,hadamard,20260902,52,2.0264036655426025,2047,1.9718588590621948,0.0
qwen3_8b_base,Qwen/Qwen3-8B-Base,both,hadamard,20260902,53,2.0515308380126953,2047,1.928279161453247,0.0
qwen3_8b_base,Qwen/Qwen3-8B-Base,both,hadamard,20260902,54,1.8862825632095337,2047,1.8183245658874512,0.0
qwen3_8b_base,Qwen/Qwen3-8B-Base,both,hadamard,20260902,55,2.036499500274658,2047,1.9758280515670776,0.0
qwen3_8b_base,Qwen/Qwen3-8B-Base,both,hadamard,20260902,56,1.813768982887268,2047,1.8245000839233398,0.0
qwen3_8b_base,Qwen/Qwen3-8B-Base,both,hadamard,20260902,57,1.6300406455993652,2047,1.6404577493667603,0.0
qwen3_8b_base,Qwen/Qwen3-8B-Base,both,hadamard,20260902,58,2.049388885498047,2047,2.008650779724121,0.0
qwen3_8b_base,Qwen/Qwen3-8B-Base,both,hadamard,20260902,59,1.9884209632873535,2047,1.9401181936264038,0.0
qwen3_8b_base,Qwen/Qwen3-8B-Base,both,hadamard,20260902,60,2.2623496055603027,2047,2.199547529220581,0.0
qwen3_8b_base,Qwen/Qwen3-8B-Base,both,hadamard,20260902,61,2.4259777069091797,2047,2.3946890830993652,0.0
qwen3_8b_base,Qwen/Qwen3-8B-Base,both,hadamard,20260902,62,2.4683663845062256,2047,2.430326223373413,0.0
qwen3_8b_base,Qwen/Qwen3-8B-Base,both,hadamard,20260902,63,2.7797272205352783,2047,2.650061845779419,0.0
qwen3_8b_base,Qwen/Qwen3-8B-Base,both,hadamard,20260902,64,2.04750657081604,2047,2.0109472274780273,0.0
qwen3_8b_base,Qwen/Qwen3-8B-Base,both,hadamard,20260902,65,1.9668715000152588,2047,1.9355194568634033,0.0
qwen3_8b_base,Qwen/Qwen3-8B-Base,both,hadamard,20260902,66,2.3056983947753906,2047,2.2720396518707275,0.0
qwen3_8b_base,Qwen/Qwen3-8B-Base,both,hadamard,20260902,67,2.056716203689575,2047,2.0099079608917236,0.0
qwen3_8b_base,Qwen/Qwen3-8B-Base,both,hadamard,20260902,68,2.0959317684173584,2047,2.072307586669922,0.0
qwen3_8b_base,Qwen/Qwen3-8B-Base,both,hadamard,20260902,69,2.0684049129486084,2047,2.0068607330322266,0.0
qwen3_8b_base,Qwen/Qwen3-8B-Base,both,hadamard,20260902,70,1.9043798446655273,2047,1.8705015182495117,0.0
qwen3_8b_base,Qwen/Qwen3-8B-Base,both,hadamard,20260902,71,2.061206579208374,2047,2.0021145343780518,0.0
qwen3_8b_base,Qwen/Qwen3-8B-Base,both,hadamard,20260902,72,2.561244249343872,2047,2.4886786937713623,0.0
qwen3_8b_base,Qwen/Qwen3-8B-Base,both,hadamard,20260902,73,2.5787298679351807,2047,2.53127121925354,0.0
qwen3_8b_base,Qwen/Qwen3-8B-Base,both,hadamard,20260902,74,2.2087693214416504,2047,2.1697354316711426,0.0
qwen3_8b_base,Qwen/Qwen3-8B-Base,both,hadamard,20260902,75,2.0748727321624756,2047,2.022764205932617,0.0
qwen3_8b_base,Qwen/Qwen3-8B-Base,both,hadamard,20260902,76,2.220221757888794,2047,2.1837990283966064,0.0
qwen3_8b_base,Qwen/Qwen3-8B-Base,both,hadamard,20260902,77,2.1908881664276123,2047,2.152911424636841,0.0
qwen3_8b_base,Qwen/Qwen3-8B-Base,both,hadamard,20260902,78,2.160277843475342,2047,2.196945905685425,0.0
qwen3_8b_base,Qwen/Qwen3-8B-Base,both,hadamard,20260902,79,2.361321449279785,2047,2.305083990097046,0.0
qwen3_8b_base,Qwen/Qwen3-8B-Base,both,hadamard,20260902,80,2.321636199951172,2047,2.286659002304077,0.0
qwen3_8b_base,Qwen/Qwen3-8B-Base,both,hadamard,20260902,81,2.360748529434204,2047,2.351078987121582,0.0
qwen3_8b_base,Qwen/Qwen3-8B-Base,both,hadamard,20260902,82,1.84317147731781,2047,1.8007595539093018,0.0
qwen3_8b_base,Qwen/Qwen3-8B-Base,both,hadamard,20260902,83,2.0151922702789307,2047,1.9803682565689087,0.0
qwen3_8b_base,Qwen/Qwen3-8B-Base,both,hadamard,20260902,84,1.8538516759872437,2047,1.8104099035263062,0.0
qwen3_8b_base,Qwen/Qwen3-8B-Base,both,hadamard,20260902,85,2.0424880981445312,2047,2.0063071250915527,0.0
qwen3_8b_base,Qwen/Qwen3-8B-Base,both,hadamard,20260902,86,2.0405914783477783,2047,2.018888473510742,0.0
qwen3_8b_base,Qwen/Qwen3-8B-Base,both,hadamard,20260902,87,2.025413990020752,2047,2.001814842224121,0.0
qwen3_8b_base,Qwen/Qwen3-8B-Base,both,hadamard,20260902,88,2.3245084285736084,2047,2.269686698913574,0.0
qwen3_8b_base,Qwen/Qwen3-8B-Base,both,hadamard,20260902,89,2.2438175678253174,2047,2.2131094932556152,0.0
qwen3_8b_base,Qwen/Qwen3-8B-Base,both,hadamard,20260902,90,2.3264122009277344,2047,2.3019418716430664,0.0
qwen3_8b_base,Qwen/Qwen3-8B-Base,both,hadamard,20260902,91,3.0497989654541016,2047,3.01352596282959,0.0
qwen3_8b_base,Qwen/Qwen3-8B-Base,both,hadamard,20260902,92,3.047079563140869,2047,2.9803004264831543,0.0
qwen3_8b_base,Qwen/Qwen3-8B-Base,both,hadamard,20260902,93,2.672518253326416,2047,2.4535372257232666,0.0
qwen3_8b_base,Qwen/Qwen3-8B-Base,both,hadamard,20260902,94,2.7542078495025635,2047,2.701488733291626,0.0
qwen3_8b_base,Qwen/Qwen3-8B-Base,both,hadamard,20260902,95,2.8104681968688965,2047,2.7312817573547363,0.0
qwen3_8b_base,Qwen/Qwen3-8B-Base,both,hadamard,20260902,96,2.4547171592712402,2047,2.4069080352783203,0.0
qwen3_8b_base,Qwen/Qwen3-8B-Base,both,hadamard,20260902,97,2.721137762069702,2047,2.6207990646362305,0.0
qwen3_8b_base,Qwen/Qwen3-8B-Base,both,hadamard,20260902,98,2.306992292404175,2047,2.257424831390381,0.0
qwen3_8b_base,Qwen/Qwen3-8B-Base,both,hadamard,20260902,99,2.4105186462402344,2047,2.3642690181732178,0.0
qwen3_8b_base,Qwen/Qwen3-8B-Base,both,hadamard,20260902,100,2.128169536590576,2047,2.056755304336548,0.0
qwen3_8b_base,Qwen/Qwen3-8B-Base,both,hadamard,20260902,101,2.2557411193847656,2047,2.1866254806518555,0.0
qwen3_8b_base,Qwen/Qwen3-8B-Base,both,hadamard,20260902,102,2.5085299015045166,2047,2.50789475440979,0.0
qwen3_8b_base,Qwen/Qwen3-8B-Base,both,hadamard,20260902,103,2.2487616539001465,2047,2.173982858657837,0.0
qwen3_8b_base,Qwen/Qwen3-8B-Base,both,hadamard,20260902,104,2.5103394985198975,2047,2.4588518142700195,0.0
qwen3_8b_base,Qwen/Qwen3-8B-Base,both,hadamard,20260902,105,2.196840763092041,2047,2.150270462036133,0.0
qwen3_8b_base,Qwen/Qwen3-8B-Base,both,hadamard,20260902,106,2.3812828063964844,2047,2.3425209522247314,0.0
qwen3_8b_base,Qwen/Qwen3-8B-Base,both,hadamard,20260902,107,2.334829807281494,2047,2.266005754470825,0.0
qwen3_8b_base,Qwen/Qwen3-8B-Base,both,hadamard,20260902,108,2.0934367179870605,2047,2.0398521423339844,0.0
qwen3_8b_base,Qwen/Qwen3-8B-Base,both,hadamard,20260902,109,2.269002914428711,2047,2.2221944332122803,0.0
qwen3_8b_base,Qwen/Qwen3-8B-Base,both,hadamard,20260902,110,2.151880979537964,2047,2.086860179901123,0.0
qwen3_8b_base,Qwen/Qwen3-8B-Base,both,hadamard,20260902,111,2.011179208755493,2047,1.9529235363006592,0.0
qwen3_8b_base,Qwen/Qwen3-8B-Base,both,hadamard,20260902,112,1.9892578125,2047,1.921849012374878,0.0
qwen3_8b_base,Qwen/Qwen3-8B-Base,both,hadamard,20260902,113,2.067206859588623,2047,2.0461339950561523,0.0
qwen3_8b_base,Qwen/Qwen3-8B-Base,both,hadamard,20260902,114,2.3678133487701416,2047,2.3358426094055176,0.0
qwen3_8b_base,Qwen/Qwen3-8B-Base,both,hadamard,20260902,115,2.3926591873168945,2047,2.31791353225708,0.0
qwen3_8b_base,Qwen/Qwen3-8B-Base,both,hadamard,20260902,116,2.5160515308380127,2047,2.456657648086548,0.0
qwen3_8b_base,Qwen/Qwen3-8B-Base,both,hadamard,20260902,117,2.345165967941284,2047,2.272627830505371,0.0
qwen3_8b_base,Qwen/Qwen3-8B-Base,both,hadamard,20260902,118,2.1581976413726807,2047,2.099961042404175,0.0
qwen3_8b_base,Qwen/Qwen3-8B-Base,both,hadamard,20260902,119,2.1348493099212646,2047,2.0921616554260254,0.0
qwen3_8b_base,Qwen/Qwen3-8B-Base,both,hadamard,20260902,120,2.4878318309783936,2047,2.4627084732055664,0.0
qwen3_8b_base,Qwen/Qwen3-8B-Base,both,hadamard,20260902,121,2.006833791732788,2047,1.9648172855377197,0.0
qwen3_8b_base,Qwen/Qwen3-8B-Base,both,hadamard,20260902,122,1.9203063249588013,2047,1.853977918624878,0.0
qwen3_8b_base,Qwen/Qwen3-8B-Base,both,hadamard,20260902,123,1.9846980571746826,2047,1.9312845468521118,0.0
qwen3_8b_base,Qwen/Qwen3-8B-Base,both,hadamard,20260902,124,2.168001174926758,2047,2.135519504547119,0.0
qwen3_8b_base,Qwen/Qwen3-8B-Base,both,hadamard,20260902,125,2.4329750537872314,2047,2.391859769821167,0.0
qwen3_8b_base,Qwen/Qwen3-8B-Base,both,hadamard,20260902,126,2.266969680786133,2047,2.24737811088562,0.0
qwen3_8b_base,Qwen/Qwen3-8B-Base,both,hadamard,20260902,127,2.2389705181121826,2047,2.1962273120880127,0.0
qwen3_8b_base,Qwen/Qwen3-8B-Base,both,hadamard,20260902,128,2.1511385440826416,2047,2.0992047786712646,0.0
qwen3_8b_base,Qwen/Qwen3-8B-Base,both,hadamard,20260902,129,2.107273578643799,2047,2.1025805473327637,0.0
qwen3_8b_base,Qwen/Qwen3-8B-Base,both,hadamard,20260902,130,2.0352783203125,2047,1.9849597215652466,0.0
qwen3_8b_base,Qwen/Qwen3-8B-Base,both,hadamard,20260902,131,2.2530455589294434,2047,2.220374584197998,0.0
qwen3_8b_base,Qwen/Qwen3-8B-Base,both,hadamard,20260902,132,2.1225550174713135,2047,2.079681158065796,0.0
qwen3_8b_base,Qwen/Qwen3-8B-Base,both,hadamard,20260902,133,2.1733996868133545,2047,2.111677408218384,0.0
qwen3_8b_base,Qwen/Qwen3-8B-Base,both,hadamard,20260902,134,2.5903823375701904,2047,2.510082483291626,0.0
qwen3_8b_base,Qwen/Qwen3-8B-Base,both,hadamard,20260902,135,2.2497036457061768,2047,2.2292003631591797,0.0
qwen3_8b_base,Qwen/Qwen3-8B-Base,both,hadamard,20260902,136,1.8305188417434692,2047,1.78774893283844,0.0
qwen3_8b_base,Qwen/Qwen3-8B-Base,both,hadamard,20260902,137,1.7776318788528442,2047,1.5746818780899048,0.0
qwen3_8b_base,Qwen/Qwen3-8B-Base,both,hadamard,20260902,138,1.8137935400009155,2047,1.7626007795333862,0.0
qwen3_8b_base,Qwen/Qwen3-8B-Base,both,hadamard,20260902,139,2.4194936752319336,2047,2.3842155933380127,0.0
qwen3_8b_base,Qwen/Qwen3-8B-Base,both,hadamard,20260902,140,2.6700167655944824,2047,2.6142449378967285,0.0
qwen3_8b_base,Qwen/Qwen3-8B-Base,both,hadamard,20260902,141,2.3304569721221924,2047,2.290863513946533,0.0
qwen3_8b_base,Qwen/Qwen3-8B-Base,both,hadamard,20260902,142,2.2662556171417236,2047,2.26305890083313,0.0
qwen3_8b_base,Qwen/Qwen3-8B-Base,both,hadamard,20260902,143,2.3045196533203125,2047,2.3760857582092285,0.0
qwen3_8b_base,Qwen/Qwen3-8B-Base,both,hadamard,20260902,144,2.3803255558013916,2047,2.342021942138672,0.0
qwen3_8b_base,Qwen/Qwen3-8B-Base,both,hadamard,20260902,145,2.367501974105835,2047,2.3263440132141113,0.0
qwen3_8b_base,Qwen/Qwen3-8B-Base,both,nar_k8,20260902,0,1.9547685384750366,2047,1.9322739839553833,0.0
qwen3_8b_base,Qwen/Qwen3-8B-Base,both,nar_k8,20260902,1,2.3630530834198,2047,2.3538384437561035,0.0
qwen3_8b_base,Qwen/Qwen3-8B-Base,both,nar_k8,20260902,2,2.5711512565612793,2047,2.5494682788848877,0.0
qwen3_8b_base,Qwen/Qwen3-8B-Base,both,nar_k8,20260902,3,2.305124044418335,2047,2.2777302265167236,0.0
qwen3_8b_base,Qwen/Qwen3-8B-Base,both,nar_k8,20260902,4,2.0944814682006836,2047,2.065276622772217,0.0
qwen3_8b_base,Qwen/Qwen3-8B-Base,both,nar_k8,20260902,5,1.663294792175293,2047,1.6499500274658203,0.0
qwen3_8b_base,Qwen/Qwen3-8B-Base,both,nar_k8,20260902,6,1.481237769126892,2047,1.4701015949249268,0.0
qwen3_8b_base,Qwen/Qwen3-8B-Base,both,nar_k8,20260902,7,2.0192365646362305,2047,2.0103492736816406,0.0
qwen3_8b_base,Qwen/Qwen3-8B-Base,both,nar_k8,20260902,8,2.205432653427124,2047,2.1817996501922607,0.0
qwen3_8b_base,Qwen/Qwen3-8B-Base,both,nar_k8,20260902,9,2.388693332672119,2047,2.370831251144409,0.0
qwen3_8b_base,Qwen/Qwen3-8B-Base,both,nar_k8,20260902,10,2.2195205688476562,2047,2.2036807537078857,0.0
qwen3_8b_base,Qwen/Qwen3-8B-Base,both,nar_k8,20260902,11,2.2642171382904053,2047,2.2415523529052734,0.0
qwen3_8b_base,Qwen/Qwen3-8B-Base,both,nar_k8,20260902,12,2.157578468322754,2047,2.1503381729125977,0.0
qwen3_8b_base,Qwen/Qwen3-8B-Base,both,nar_k8,20260902,13,2.3643534183502197,2047,2.3407583236694336,0.0
qwen3_8b_base,Qwen/Qwen3-8B-Base,both,nar_k8,20260902,14,2.3197953701019287,2047,2.3199877738952637,0.0
qwen3_8b_base,Qwen/Qwen3-8B-Base,both,nar_k8,20260902,15,2.2231738567352295,2047,2.218545436859131,0.0
qwen3_8b_base,Qwen/Qwen3-8B-Base,both,nar_k8,20260902,16,2.540740728378296,2047,2.5169126987457275,0.0
qwen3_8b_base,Qwen/Qwen3-8B-Base,both,nar_k8,20260902,17,2.386727809906006,2047,2.355337142944336,0.0
qwen3_8b_base,Qwen/Qwen3-8B-Base,both,nar_k8,20260902,18,2.116619348526001,2047,2.096959352493286,0.0
qwen3_8b_base,Qwen/Qwen3-8B-Base,both,nar_k8,20260902,19,1.989238977432251,2047,1.966502070426941,0.0
qwen3_8b_base,Qwen/Qwen3-8B-Base,both,nar_k8,20260902,20,2.0824711322784424,2047,2.073692560195923,0.0
qwen3_8b_base,Qwen/Qwen3-8B-Base,both,nar_k8,20260902,21,2.348522901535034,2047,2.322117805480957,0.0
qwen3_8b_base,Qwen/Qwen3-8B-Base,both,nar_k8,20260902,22,2.1939258575439453,2047,2.16727352142334,0.0
qwen3_8b_base,Qwen/Qwen3-8B-Base,both,nar_k8,20260902,23,2.2895781993865967,2047,2.2682693004608154,0.0
qwen3_8b_base,Qwen/Qwen3-8B-Base,both,nar_k8,20260902,24,2.2672531604766846,2047,2.246994972229004,0.0
qwen3_8b_base,Qwen/Qwen3-8B-Base,both,nar_k8,20260902,25,2.3990800380706787,2047,2.3760485649108887,0.0
qwen3_8b_base,Qwen/Qwen3-8B-Base,both,nar_k8,20260902,26,2.4360506534576416,2047,2.4160356521606445,0.0
qwen3_8b_base,Qwen/Qwen3-8B-Base,both,nar_k8,20260902,27,2.6404502391815186,2047,2.6171517372131348,0.0
qwen3_8b_base,Qwen/Qwen3-8B-Base,both,nar_k8,20260902,28,2.4200470447540283,2047,2.3842835426330566,0.0
qwen3_8b_base,Qwen/Qwen3-8B-Base,both,nar_k8,20260902,29,2.144054651260376,2047,2.0950424671173096,0.0
qwen3_8b_base,Qwen/Qwen3-8B-Base,both,nar_k8,20260902,30,2.0336008071899414,2047,1.9719587564468384,0.0
qwen3_8b_base,Qwen/Qwen3-8B-Base,both,nar_k8,20260902,31,1.9412262439727783,2047,1.9119421243667603,0.0
qwen3_8b_base,Qwen/Qwen3-8B-Base,both,nar_k8,20260902,32,1.6979002952575684,2047,1.6655468940734863,0.0
qwen3_8b_base,Qwen/Qwen3-8B-Base,both,nar_k8,20260902,33,2.2134437561035156,2047,2.208383560180664,0.0
qwen3_8b_base,Qwen/Qwen3-8B-Base,both,nar_k8,20260902,34,2.0133421421051025,2047,1.9952025413513184,0.0
qwen3_8b_base,Qwen/Qwen3-8B-Base,both,nar_k8,20260902,35,2.1191720962524414,2047,2.106339454650879,0.0
qwen3_8b_base,Qwen/Qwen3-8B-Base,both,nar_k8,20260902,36,1.7484543323516846,2047,1.741180181503296,0.0
qwen3_8b_base,Qwen/Qwen3-8B-Base,both,nar_k8,20260902,37,1.5582878589630127,2047,1.5504212379455566,0.0
qwen3_8b_base,Qwen/Qwen3-8B-Base,both,nar_k8,20260902,38,1.7990978956222534,2047,1.76759672164917,0.0
qwen3_8b_base,Qwen/Qwen3-8B-Base,both,nar_k8,20260902,39,1.5249216556549072,2047,1.507117509841919,0.0
qwen3_8b_base,Qwen/Qwen3-8B-Base,both,nar_k8,20260902,40,1.8112322092056274,2047,1.7778536081314087,0.0
qwen3_8b_base,Qwen/Qwen3-8B-Base,both,nar_k8,20260902,41,1.932199239730835,2047,1.9250844717025757,0.0
qwen3_8b_base,Qwen/Qwen3-8B-Base,both,nar_k8,20260902,42,2.6067512035369873,2047,2.5741982460021973,0.0
qwen3_8b_base,Qwen/Qwen3-8B-Base,both,nar_k8,20260902,43,2.866110324859619,2047,2.8364510536193848,0.0
qwen3_8b_base,Qwen/Qwen3-8B-Base,both,nar_k8,20260902,44,2.6562857627868652,2047,2.6270036697387695,0.0
qwen3_8b_base,Qwen/Qwen3-8B-Base,both,nar_k8,20260902,45,2.36448335647583,2047,2.352283239364624,0.0
qwen3_8b_base,Qwen/Qwen3-8B-Base,both,nar_k8,20260902,46,2.367173671722412,2047,2.343782663345337,0.0
qwen3_8b_base,Qwen/Qwen3-8B-Base,both,nar_k8,20260902,47,2.4383022785186768,2047,2.4249846935272217,0.0
qwen3_8b_base,Qwen/Qwen3-8B-Base,both,nar_k8,20260902,48,2.5129668712615967,2047,2.484833240509033,0.0
qwen3_8b_base,Qwen/Qwen3-8B-Base,both,nar_k8,20260902,49,1.879198431968689,2047,1.876785397529602,0.0
qwen3_8b_base,Qwen/Qwen3-8B-Base,both,nar_k8,20260902,50,2.3626205921173096,2047,2.3451783657073975,0.0
qwen3_8b_base,Qwen/Qwen3-8B-Base,both,nar_k8,20260902,51,2.112764596939087,2047,2.087918758392334,0.0
qwen3_8b_base,Qwen/Qwen3-8B-Base,both,nar_k8,20260902,52,2.0117990970611572,2047,1.9758023023605347,0.0
qwen3_8b_base,Qwen/Qwen3-8B-Base,both,nar_k8,20260902,53,2.0001399517059326,2047,1.9341256618499756,0.0
qwen3_8b_base,Qwen/Qwen3-8B-Base,both,nar_k8,20260902,54,1.8541905879974365,2047,1.8206104040145874,0.0
qwen3_8b_base,Qwen/Qwen3-8B-Base,both,nar_k8,20260902,55,1.9968621730804443,2047,1.9787908792495728,0.0
qwen3_8b_base,Qwen/Qwen3-8B-Base,both,nar_k8,20260902,56,1.8388619422912598,2047,1.838687539100647,0.0
qwen3_8b_base,Qwen/Qwen3-8B-Base,both,nar_k8,20260902,57,1.5360784530639648,2047,1.6403695344924927,0.0
qwen3_8b_base,Qwen/Qwen3-8B-Base,both,nar_k8,20260902,58,2.0195531845092773,2047,2.0074727535247803,0.0
qwen3_8b_base,Qwen/Qwen3-8B-Base,both,nar_k8,20260902,59,1.9649728536605835,2047,1.9419804811477661,0.0
qwen3_8b_base,Qwen/Qwen3-8B-Base,both,nar_k8,20260902,60,2.218355894088745,2047,2.203625202178955,0.0
qwen3_8b_base,Qwen/Qwen3-8B-Base,both,nar_k8,20260902,61,2.4203436374664307,2047,2.4013683795928955,0.0
qwen3_8b_base,Qwen/Qwen3-8B-Base,both,nar_k8,20260902,62,2.4685168266296387,2047,2.4361608028411865,0.0
qwen3_8b_base,Qwen/Qwen3-8B-Base,both,nar_k8,20260902,63,2.6717615127563477,2047,2.6477725505828857,0.0
qwen3_8b_base,Qwen/Qwen3-8B-Base,both,nar_k8,20260902,64,2.025965929031372,2047,2.0096616744995117,0.0
qwen3_8b_base,Qwen/Qwen3-8B-Base,both,nar_k8,20260902,65,1.9478992223739624,2047,1.9383376836776733,0.0
qwen3_8b_base,Qwen/Qwen3-8B-Base,both,nar_k8,20260902,66,2.3011295795440674,2047,2.2738585472106934,0.0
qwen3_8b_base,Qwen/Qwen3-8B-Base,both,nar_k8,20260902,67,2.028651475906372,2047,2.0129458904266357,0.0
qwen3_8b_base,Qwen/Qwen3-8B-Base,both,nar_k8,20260902,68,2.1430351734161377,2047,2.0808393955230713,0.0
qwen3_8b_base,Qwen/Qwen3-8B-Base,both,nar_k8,20260902,69,2.0388283729553223,2047,2.0010464191436768,0.0
qwen3_8b_base,Qwen/Qwen3-8B-Base,both,nar_k8,20260902,70,1.9182751178741455,2047,1.8919775485992432,0.0
qwen3_8b_base,Qwen/Qwen3-8B-Base,both,nar_k8,20260902,71,2.012730121612549,2047,2.0041356086730957,0.0
qwen3_8b_base,Qwen/Qwen3-8B-Base,both,nar_k8,20260902,72,2.4973061084747314,2047,2.491278648376465,0.0
qwen3_8b_base,Qwen/Qwen3-8B-Base,both,nar_k8,20260902,73,2.564579486846924,2047,2.5326554775238037,0.0
qwen3_8b_base,Qwen/Qwen3-8B-Base,both,nar_k8,20260902,74,2.219034194946289,2047,2.1769185066223145,0.0
qwen3_8b_base,Qwen/Qwen3-8B-Base,both,nar_k8,20260902,75,2.036283016204834,2047,2.0259156227111816,0.0
qwen3_8b_base,Qwen/Qwen3-8B-Base,both,nar_k8,20260902,76,2.1951358318328857,2047,2.186821460723877,0.0
qwen3_8b_base,Qwen/Qwen3-8B-Base,both,nar_k8,20260902,77,2.169769763946533,2047,2.1533286571502686,0.0
qwen3_8b_base,Qwen/Qwen3-8B-Base,both,nar_k8,20260902,78,2.155062675476074,2047,2.1572694778442383,0.0
qwen3_8b_base,Qwen/Qwen3-8B-Base,both,nar_k8,20260902,79,2.3480827808380127,2047,2.312026262283325,0.0
qwen3_8b_base,Qwen/Qwen3-8B-Base,both,nar_k8,20260902,80,2.3645341396331787,2047,2.2915451526641846,0.0
qwen3_8b_base,Qwen/Qwen3-8B-Base,both,nar_k8,20260902,81,2.421640157699585,2047,2.3536219596862793,0.0
qwen3_8b_base,Qwen/Qwen3-8B-Base,both,nar_k8,20260902,82,1.817692518234253,2047,1.8051602840423584,0.0
qwen3_8b_base,Qwen/Qwen3-8B-Base,both,nar_k8,20260902,83,1.9866809844970703,2047,1.978941559791565,0.0
qwen3_8b_base,Qwen/Qwen3-8B-Base,both,nar_k8,20260902,84,1.8082603216171265,2047,1.8110172748565674,0.0
qwen3_8b_base,Qwen/Qwen3-8B-Base,both,nar_k8,20260902,85,2.0193681716918945,2047,2.0077476501464844,0.0
qwen3_8b_base,Qwen/Qwen3-8B-Base,both,nar_k8,20260902,86,1.99530827999115,2047,2.020627975463867,0.0
qwen3_8b_base,Qwen/Qwen3-8B-Base,both,nar_k8,20260902,87,2.017184019088745,2047,2.0050384998321533,0.0
qwen3_8b_base,Qwen/Qwen3-8B-Base,both,nar_k8,20260902,88,2.2875607013702393,2047,2.2741010189056396,0.0
qwen3_8b_base,Qwen/Qwen3-8B-Base,both,nar_k8,20260902,89,2.236462116241455,2047,2.214754581451416,0.0
qwen3_8b_base,Qwen/Qwen3-8B-Base,both,nar_k8,20260902,90,2.334829807281494,2047,2.303311586380005,0.0
qwen3_8b_base,Qwen/Qwen3-8B-Base,both,nar_k8,20260902,91,3.0246639251708984,2047,3.0202033519744873,0.0
qwen3_8b_base,Qwen/Qwen3-8B-Base,both,nar_k8,20260902,92,3.009891986846924,2047,2.9865169525146484,0.0
qwen3_8b_base,Qwen/Qwen3-8B-Base,both,nar_k8,20260902,93,2.4732422828674316,2047,2.447697401046753,0.0
qwen3_8b_base,Qwen/Qwen3-8B-Base,both,nar_k8,20260902,94,2.7169923782348633,2047,2.7009353637695312,0.0
qwen3_8b_base,Qwen/Qwen3-8B-Base,both,nar_k8,20260902,95,2.744993209838867,2047,2.731647253036499,0.0
qwen3_8b_base,Qwen/Qwen3-8B-Base,both,nar_k8,20260902,96,2.4441895484924316,2047,2.412609815597534,0.0
qwen3_8b_base,Qwen/Qwen3-8B-Base,both,nar_k8,20260902,97,2.617920398712158,2047,2.622703790664673,0.0
qwen3_8b_base,Qwen/Qwen3-8B-Base,both,nar_k8,20260902,98,2.2679831981658936,2047,2.2576093673706055,0.0
qwen3_8b_base,Qwen/Qwen3-8B-Base,both,nar_k8,20260902,99,2.3894877433776855,2047,2.3674283027648926,0.0
qwen3_8b_base,Qwen/Qwen3-8B-Base,both,nar_k8,20260902,100,2.0916972160339355,2047,2.0589146614074707,0.0
qwen3_8b_base,Qwen/Qwen3-8B-Base,both,nar_k8,20260902,101,2.1768226623535156,2047,2.1859829425811768,0.0
qwen3_8b_base,Qwen/Qwen3-8B-Base,both,nar_k8,20260902,102,2.501924514770508,2047,2.517852306365967,0.0
qwen3_8b_base,Qwen/Qwen3-8B-Base,both,nar_k8,20260902,103,2.018019914627075,2047,2.177466630935669,0.0
qwen3_8b_base,Qwen/Qwen3-8B-Base,both,nar_k8,20260902,104,2.4785420894622803,2047,2.46437931060791,0.0
qwen3_8b_base,Qwen/Qwen3-8B-Base,both,nar_k8,20260902,105,2.2108092308044434,2047,2.15358304977417,0.0
qwen3_8b_base,Qwen/Qwen3-8B-Base,both,nar_k8,20260902,106,2.360896348953247,2047,2.344849109649658,0.0
qwen3_8b_base,Qwen/Qwen3-8B-Base,both,nar_k8,20260902,107,2.3061678409576416,2047,2.271617889404297,0.0
qwen3_8b_base,Qwen/Qwen3-8B-Base,both,nar_k8,20260902,108,2.053941488265991,2047,2.0401642322540283,0.0
qwen3_8b_base,Qwen/Qwen3-8B-Base,both,nar_k8,20260902,109,2.246797800064087,2047,2.224565029144287,0.0
qwen3_8b_base,Qwen/Qwen3-8B-Base,both,nar_k8,20260902,110,2.11384654045105,2047,2.092273712158203,0.0
qwen3_8b_base,Qwen/Qwen3-8B-Base,both,nar_k8,20260902,111,1.9899996519088745,2047,1.9550838470458984,0.0
qwen3_8b_base,Qwen/Qwen3-8B-Base,both,nar_k8,20260902,112,1.9939872026443481,2047,1.9396895170211792,0.0
qwen3_8b_base,Qwen/Qwen3-8B-Base,both,nar_k8,20260902,113,2.0583882331848145,2047,2.047842025756836,0.0
qwen3_8b_base,Qwen/Qwen3-8B-Base,both,nar_k8,20260902,114,2.351957082748413,2047,2.3370656967163086,0.0
qwen3_8b_base,Qwen/Qwen3-8B-Base,both,nar_k8,20260902,115,2.358870267868042,2047,2.3231239318847656,0.0
qwen3_8b_base,Qwen/Qwen3-8B-Base,both,nar_k8,20260902,116,2.484056234359741,2047,2.464578866958618,0.0
qwen3_8b_base,Qwen/Qwen3-8B-Base,both,nar_k8,20260902,117,2.2990455627441406,2047,2.2755367755889893,0.0
qwen3_8b_base,Qwen/Qwen3-8B-Base,both,nar_k8,20260902,118,2.121107339859009,2047,2.0983054637908936,0.0
qwen3_8b_base,Qwen/Qwen3-8B-Base,both,nar_k8,20260902,119,2.1095054149627686,2047,2.093827724456787,0.0
qwen3_8b_base,Qwen/Qwen3-8B-Base,both,nar_k8,20260902,120,2.4975595474243164,2047,2.473975896835327,0.0
qwen3_8b_base,Qwen/Qwen3-8B-Base,both,nar_k8,20260902,121,1.9692142009735107,2047,1.964258074760437,0.0
qwen3_8b_base,Qwen/Qwen3-8B-Base,both,nar_k8,20260902,122,1.8849711418151855,2047,1.8566185235977173,0.0
qwen3_8b_base,Qwen/Qwen3-8B-Base,both,nar_k8,20260902,123,1.9358855485916138,2047,1.9316937923431396,0.0
qwen3_8b_base,Qwen/Qwen3-8B-Base,both,nar_k8,20260902,124,2.157212734222412,2047,2.1408050060272217,0.0
qwen3_8b_base,Qwen/Qwen3-8B-Base,both,nar_k8,20260902,125,2.407752275466919,2047,2.3997483253479004,0.0
qwen3_8b_base,Qwen/Qwen3-8B-Base,both,nar_k8,20260902,126,2.263129949569702,2047,2.2528090476989746,0.0
qwen3_8b_base,Qwen/Qwen3-8B-Base,both,nar_k8,20260902,127,2.207821846008301,2047,2.1977765560150146,0.0
qwen3_8b_base,Qwen/Qwen3-8B-Base,both,nar_k8,20260902,128,2.0970685482025146,2047,2.0989186763763428,0.0
qwen3_8b_base,Qwen/Qwen3-8B-Base,both,nar_k8,20260902,129,2.091355323791504,2047,2.101639747619629,0.0
qwen3_8b_base,Qwen/Qwen3-8B-Base,both,nar_k8,20260902,130,2.0132968425750732,2047,1.985652208328247,0.0
qwen3_8b_base,Qwen/Qwen3-8B-Base,both,nar_k8,20260902,131,2.24403715133667,2047,2.223219156265259,0.0
qwen3_8b_base,Qwen/Qwen3-8B-Base,both,nar_k8,20260902,132,2.094938278198242,2047,2.0839428901672363,0.0
qwen3_8b_base,Qwen/Qwen3-8B-Base,both,nar_k8,20260902,133,2.1155965328216553,2047,2.112532377243042,0.0
qwen3_8b_base,Qwen/Qwen3-8B-Base,both,nar_k8,20260902,134,2.5433290004730225,2047,2.5094659328460693,0.0
qwen3_8b_base,Qwen/Qwen3-8B-Base,both,nar_k8,20260902,135,2.2526443004608154,2047,2.229428291320801,0.0
qwen3_8b_base,Qwen/Qwen3-8B-Base,both,nar_k8,20260902,136,1.806546926498413,2047,1.7869855165481567,0.0
qwen3_8b_base,Qwen/Qwen3-8B-Base,both,nar_k8,20260902,137,1.574263572692871,2047,1.5751802921295166,0.0
qwen3_8b_base,Qwen/Qwen3-8B-Base,both,nar_k8,20260902,138,1.7771695852279663,2047,1.7621257305145264,0.0
qwen3_8b_base,Qwen/Qwen3-8B-Base,both,nar_k8,20260902,139,2.4082016944885254,2047,2.3853366374969482,0.0
qwen3_8b_base,Qwen/Qwen3-8B-Base,both,nar_k8,20260902,140,2.6218910217285156,2047,2.6144800186157227,0.0
qwen3_8b_base,Qwen/Qwen3-8B-Base,both,nar_k8,20260902,141,2.333008289337158,2047,2.294809103012085,0.0
qwen3_8b_base,Qwen/Qwen3-8B-Base,both,nar_k8,20260902,142,2.280451774597168,2047,2.271766424179077,0.0
qwen3_8b_base,Qwen/Qwen3-8B-Base,both,nar_k8,20260902,143,2.2565624713897705,2047,2.2661640644073486,0.0
qwen3_8b_base,Qwen/Qwen3-8B-Base,both,nar_k8,20260902,144,2.363581418991089,2047,2.3460540771484375,0.0
qwen3_8b_base,Qwen/Qwen3-8B-Base,both,nar_k8,20260902,145,2.343745470046997,2047,2.3298962116241455,0.0
qwen3_8b_base,Qwen/Qwen3-8B-Base,both,nar_k16,20260902,0,1.9464607238769531,2047,1.9336392879486084,0.0
qwen3_8b_base,Qwen/Qwen3-8B-Base,both,nar_k16,20260902,1,2.3695712089538574,2047,2.3548641204833984,0.0
qwen3_8b_base,Qwen/Qwen3-8B-Base,both,nar_k16,20260902,2,2.5602333545684814,2047,2.5508737564086914,0.0
qwen3_8b_base,Qwen/Qwen3-8B-Base,both,nar_k16,20260902,3,2.299267053604126,2047,2.2805559635162354,0.0
qwen3_8b_base,Qwen/Qwen3-8B-Base,both,nar_k16,20260902,4,2.092268943786621,2047,2.064419746398926,0.0
qwen3_8b_base,Qwen/Qwen3-8B-Base,both,nar_k16,20260902,5,1.6701005697250366,2047,1.6479895114898682,0.0
qwen3_8b_base,Qwen/Qwen3-8B-Base,both,nar_k16,20260902,6,1.480933427810669,2047,1.4699712991714478,0.0
qwen3_8b_base,Qwen/Qwen3-8B-Base,both,nar_k16,20260902,7,2.0341250896453857,2047,2.0086917877197266,0.0
qwen3_8b_base,Qwen/Qwen3-8B-Base,both,nar_k16,20260902,8,2.2049803733825684,2047,2.184439182281494,0.0
qwen3_8b_base,Qwen/Qwen3-8B-Base,both,nar_k16,20260902,9,2.389641046524048,2047,2.3702356815338135,0.0
qwen3_8b_base,Qwen/Qwen3-8B-Base,both,nar_k16,20260902,10,2.1873393058776855,2047,2.2010834217071533,0.0
qwen3_8b_base,Qwen/Qwen3-8B-Base,both,nar_k16,20260902,11,2.275400161743164,2047,2.2395591735839844,0.0
qwen3_8b_base,Qwen/Qwen3-8B-Base,both,nar_k16,20260902,12,2.163214683532715,2047,2.1521973609924316,0.0
qwen3_8b_base,Qwen/Qwen3-8B-Base,both,nar_k16,20260902,13,2.364109754562378,2047,2.3410775661468506,0.0
qwen3_8b_base,Qwen/Qwen3-8B-Base,both,nar_k16,20260902,14,2.3393661975860596,2047,2.3222391605377197,0.0
qwen3_8b_base,Qwen/Qwen3-8B-Base,both,nar_k16,20260902,15,2.2349209785461426,2047,2.2161033153533936,0.0
qwen3_8b_base,Qwen/Qwen3-8B-Base,both,nar_k16,20260902,16,2.533686876296997,2047,2.51637601852417,0.0
qwen3_8b_base,Qwen/Qwen3-8B-Base,both,nar_k16,20260902,17,2.383711814880371,2047,2.3532254695892334,0.0
qwen3_8b_base,Qwen/Qwen3-8B-Base,both,nar_k16,20260902,18,2.114497423171997,2047,2.0948054790496826,0.0
qwen3_8b_base,Qwen/Qwen3-8B-Base,both,nar_k16,20260902,19,1.979982852935791,2047,1.9647083282470703,0.0
qwen3_8b_base,Qwen/Qwen3-8B-Base,both,nar_k16,20260902,20,2.09942889213562,2047,2.0738959312438965,0.0
qwen3_8b_base,Qwen/Qwen3-8B-Base,both,nar_k16,20260902,21,2.3495118618011475,2047,2.3236541748046875,0.0
qwen3_8b_base,Qwen/Qwen3-8B-Base,both,nar_k16,20260902,22,2.1869285106658936,2047,2.171466588973999,0.0
qwen3_8b_base,Qwen/Qwen3-8B-Base,both,nar_k16,20260902,23,2.2999210357666016,2047,2.2674121856689453,0.0
qwen3_8b_base,Qwen/Qwen3-8B-Base,both,nar_k16,20260902,24,2.274367094039917,2047,2.2484519481658936,0.0
qwen3_8b_base,Qwen/Qwen3-8B-Base,both,nar_k16,20260902,25,2.3973209857940674,2047,2.3778140544891357,0.0
qwen3_8b_base,Qwen/Qwen3-8B-Base,both,nar_k16,20260902,26,2.4331562519073486,2047,2.416347026824951,0.0
qwen3_8b_base,Qwen/Qwen3-8B-Base,both,nar_k16,20260902,27,2.634955406188965,2047,2.6177642345428467,0.0
qwen3_8b_base,Qwen/Qwen3-8B-Base,both,nar_k16,20260902,28,2.406337022781372,2047,2.3840768337249756,0.0
qwen3_8b_base,Qwen/Qwen3-8B-Base,both,nar_k16,20260902,29,2.147812604904175,2047,2.0956711769104004,0.0
qwen3_8b_base,Qwen/Qwen3-8B-Base,both,nar_k16,20260902,30,1.987056851387024,2047,1.969457745552063,0.0
qwen3_8b_base,Qwen/Qwen3-8B-Base,both,nar_k16,20260902,31,1.942335605621338,2047,1.9111237525939941,0.0
qwen3_8b_base,Qwen/Qwen3-8B-Base,both,nar_k16,20260902,32,1.6914234161376953,2047,1.6667797565460205,0.0
qwen3_8b_base,Qwen/Qwen3-8B-Base,both,nar_k16,20260902,33,2.2320878505706787,2047,2.210364580154419,0.0
qwen3_8b_base,Qwen/Qwen3-8B-Base,both,nar_k16,20260902,34,2.0106663703918457,2047,1.9980696439743042,0.0
qwen3_8b_base,Qwen/Qwen3-8B-Base,both,nar_k16,20260902,35,2.122819423675537,2047,2.1060454845428467,0.0
qwen3_8b_base,Qwen/Qwen3-8B-Base,both,nar_k16,20260902,36,1.7494337558746338,2047,1.744458556175232,0.0
qwen3_8b_base,Qwen/Qwen3-8B-Base,both,nar_k16,20260902,37,1.5552886724472046,2047,1.5487593412399292,0.0
qwen3_8b_base,Qwen/Qwen3-8B-Base,both,nar_k16,20260902,38,1.8088914155960083,2047,1.7688671350479126,0.0
qwen3_8b_base,Qwen/Qwen3-8B-Base,both,nar_k16,20260902,39,1.5240719318389893,2047,1.5062949657440186,0.0
qwen3_8b_base,Qwen/Qwen3-8B-Base,both,nar_k16,20260902,40,1.7805390357971191,2047,1.7764577865600586,0.0
qwen3_8b_base,Qwen/Qwen3-8B-Base,both,nar_k16,20260902,41,1.9473035335540771,2047,1.9244662523269653,0.0
qwen3_8b_base,Qwen/Qwen3-8B-Base,both,nar_k16,20260902,42,2.5981605052948,2047,2.574136972427368,0.0
qwen3_8b_base,Qwen/Qwen3-8B-Base,both,nar_k16,20260902,43,2.8695383071899414,2047,2.842716693878174,0.0
qwen3_8b_base,Qwen/Qwen3-8B-Base,both,nar_k16,20260902,44,2.6511826515197754,2047,2.626400947570801,0.0
qwen3_8b_base,Qwen/Qwen3-8B-Base,both,nar_k16,20260902,45,2.3814761638641357,2047,2.352663516998291,0.0
qwen3_8b_base,Qwen/Qwen3-8B-Base,both,nar_k16,20260902,46,2.3650057315826416,2047,2.344928741455078,0.0
qwen3_8b_base,Qwen/Qwen3-8B-Base,both,nar_k16,20260902,47,2.4397153854370117,2047,2.423757791519165,0.0
qwen3_8b_base,Qwen/Qwen3-8B-Base,both,nar_k16,20260902,48,2.517772674560547,2047,2.486053705215454,0.0
qwen3_8b_base,Qwen/Qwen3-8B-Base,both,nar_k16,20260902,49,1.9168001413345337,2047,1.876264214515686,0.0
qwen3_8b_base,Qwen/Qwen3-8B-Base,both,nar_k16,20260902,50,2.357964038848877,2047,2.3473165035247803,0.0
qwen3_8b_base,Qwen/Qwen3-8B-Base,both,nar_k16,20260902,51,2.134730100631714,2047,2.084115505218506,0.0
qwen3_8b_base,Qwen/Qwen3-8B-Base,both,nar_k16,20260902,52,1.9813485145568848,2047,1.9752932786941528,0.0
qwen3_8b_base,Qwen/Qwen3-8B-Base,both,nar_k16,20260902,53,2.0022408962249756,2047,1.9301705360412598,0.0
qwen3_8b_base,Qwen/Qwen3-8B-Base,both,nar_k16,20260902,54,1.8777999877929688,2047,1.822513222694397,0.0
qwen3_8b_base,Qwen/Qwen3-8B-Base,both,nar_k16,20260902,55,2.00251841545105,2047,1.9776363372802734,0.0
qwen3_8b_base,Qwen/Qwen3-8B-Base,both,nar_k16,20260902,56,1.854053020477295,2047,1.8342926502227783,0.0
qwen3_8b_base,Qwen/Qwen3-8B-Base,both,nar_k16,20260902,57,1.5197927951812744,2047,1.61575448513031,0.0
qwen3_8b_base,Qwen/Qwen3-8B-Base,both,nar_k16,20260902,58,2.018599510192871,2047,2.0079026222229004,0.0
qwen3_8b_base,Qwen/Qwen3-8B-Base,both,nar_k16,20260902,59,1.9608914852142334,2047,1.9433164596557617,0.0
qwen3_8b_base,Qwen/Qwen3-8B-Base,both,nar_k16,20260902,60,2.2396984100341797,2047,2.2061495780944824,0.0
qwen3_8b_base,Qwen/Qwen3-8B-Base,both,nar_k16,20260902,61,2.4136064052581787,2047,2.3988120555877686,0.0
qwen3_8b_base,Qwen/Qwen3-8B-Base,both,nar_k16,20260902,62,2.4527852535247803,2047,2.4320547580718994,0.0
qwen3_8b_base,Qwen/Qwen3-8B-Base,both,nar_k16,20260902,63,2.68226957321167,2047,2.6469168663024902,0.0
qwen3_8b_base,Qwen/Qwen3-8B-Base,both,nar_k16,20260902,64,2.030970811843872,2047,2.0132765769958496,0.0
qwen3_8b_base,Qwen/Qwen3-8B-Base,both,nar_k16,20260902,65,1.9572635889053345,2047,1.9391685724258423,0.0
qwen3_8b_base,Qwen/Qwen3-8B-Base,both,nar_k16,20260902,66,2.3150298595428467,2047,2.284036636352539,0.0
qwen3_8b_base,Qwen/Qwen3-8B-Base,both,nar_k16,20260902,67,2.031336784362793,2047,2.013479232788086,0.0
qwen3_8b_base,Qwen/Qwen3-8B-Base,both,nar_k16,20260902,68,2.0886056423187256,2047,2.082054615020752,0.0
qwen3_8b_base,Qwen/Qwen3-8B-Base,both,nar_k16,20260902,69,2.072636842727661,2047,2.0164551734924316,0.0
qwen3_8b_base,Qwen/Qwen3-8B-Base,both,nar_k16,20260902,70,1.916674256324768,2047,1.8961890935897827,0.0
qwen3_8b_base,Qwen/Qwen3-8B-Base,both,nar_k16,20260902,71,2.0321083068847656,2047,2.002845287322998,0.0
qwen3_8b_base,Qwen/Qwen3-8B-Base,both,nar_k16,20260902,72,2.5268378257751465,2047,2.4885592460632324,0.0
qwen3_8b_base,Qwen/Qwen3-8B-Base,both,nar_k16,20260902,73,2.559128999710083,2047,2.531578302383423,0.0
qwen3_8b_base,Qwen/Qwen3-8B-Base,both,nar_k16,20260902,74,2.228642702102661,2047,2.175710678100586,0.0
qwen3_8b_base,Qwen/Qwen3-8B-Base,both,nar_k16,20260902,75,2.0468292236328125,2047,2.025848865509033,0.0
qwen3_8b_base,Qwen/Qwen3-8B-Base,both,nar_k16,20260902,76,2.1954855918884277,2047,2.186887502670288,0.0
qwen3_8b_base,Qwen/Qwen3-8B-Base,both,nar_k16,20260902,77,2.169065475463867,2047,2.153111219406128,0.0
qwen3_8b_base,Qwen/Qwen3-8B-Base,both,nar_k16,20260902,78,2.2478408813476562,2047,2.165727376937866,0.0
qwen3_8b_base,Qwen/Qwen3-8B-Base,both,nar_k16,20260902,79,2.3225061893463135,2047,2.309298038482666,0.0
qwen3_8b_base,Qwen/Qwen3-8B-Base,both,nar_k16,20260902,80,2.3193881511688232,2047,2.291405439376831,0.0
qwen3_8b_base,Qwen/Qwen3-8B-Base,both,nar_k16,20260902,81,2.247213840484619,2047,2.3555030822753906,0.0
qwen3_8b_base,Qwen/Qwen3-8B-Base,both,nar_k16,20260902,82,1.8381035327911377,2047,1.8042588233947754,0.0
qwen3_8b_base,Qwen/Qwen3-8B-Base,both,nar_k16,20260902,83,2.0014116764068604,2047,1.9810465574264526,0.0
qwen3_8b_base,Qwen/Qwen3-8B-Base,both,nar_k16,20260902,84,1.8150029182434082,2047,1.8098481893539429,0.0
qwen3_8b_base,Qwen/Qwen3-8B-Base,both,nar_k16,20260902,85,2.0360469818115234,2047,2.006437063217163,0.0
qwen3_8b_base,Qwen/Qwen3-8B-Base,both,nar_k16,20260902,86,2.0466513633728027,2047,2.0218756198883057,0.0
qwen3_8b_base,Qwen/Qwen3-8B-Base,both,nar_k16,20260902,87,2.020517110824585,2047,2.006237745285034,0.0
qwen3_8b_base,Qwen/Qwen3-8B-Base,both,nar_k16,20260902,88,2.3001675605773926,2047,2.277510166168213,0.0
qwen3_8b_base,Qwen/Qwen3-8B-Base,both,nar_k16,20260902,89,2.2427492141723633,2047,2.2143776416778564,0.0
qwen3_8b_base,Qwen/Qwen3-8B-Base,both,nar_k16,20260902,90,2.3372864723205566,2047,2.3054490089416504,0.0
qwen3_8b_base,Qwen/Qwen3-8B-Base,both,nar_k16,20260902,91,3.036358118057251,2047,3.018134832382202,0.0
qwen3_8b_base,Qwen/Qwen3-8B-Base,both,nar_k16,20260902,92,2.994623899459839,2047,2.9870760440826416,0.0
qwen3_8b_base,Qwen/Qwen3-8B-Base,both,nar_k16,20260902,93,2.439302444458008,2047,2.4473819732666016,0.0
qwen3_8b_base,Qwen/Qwen3-8B-Base,both,nar_k16,20260902,94,2.7201387882232666,2047,2.6990609169006348,0.0
qwen3_8b_base,Qwen/Qwen3-8B-Base,both,nar_k16,20260902,95,2.7490015029907227,2047,2.733086347579956,0.0
qwen3_8b_base,Qwen/Qwen3-8B-Base,both,nar_k16,20260902,96,2.425844192504883,2047,2.4134793281555176,0.0
qwen3_8b_base,Qwen/Qwen3-8B-Base,both,nar_k16,20260902,97,2.6537673473358154,2047,2.6253321170806885,0.0
qwen3_8b_base,Qwen/Qwen3-8B-Base,both,nar_k16,20260902,98,2.2867729663848877,2047,2.2616748809814453,0.0
qwen3_8b_base,Qwen/Qwen3-8B-Base,both,nar_k16,20260902,99,2.384556293487549,2047,2.367361545562744,0.0
qwen3_8b_base,Qwen/Qwen3-8B-Base,both,nar_k16,20260902,100,2.1117985248565674,2047,2.0601694583892822,0.0
qwen3_8b_base,Qwen/Qwen3-8B-Base,both,nar_k16,20260902,101,2.2362000942230225,2047,2.1870381832122803,0.0
qwen3_8b_base,Qwen/Qwen3-8B-Base,both,nar_k16,20260902,102,2.5415704250335693,2047,2.5217387676239014,0.0
qwen3_8b_base,Qwen/Qwen3-8B-Base,both,nar_k16,20260902,103,2.2167673110961914,2047,2.1811482906341553,0.0
qwen3_8b_base,Qwen/Qwen3-8B-Base,both,nar_k16,20260902,104,2.4777512550354004,2047,2.4697256088256836,0.0
qwen3_8b_base,Qwen/Qwen3-8B-Base,both,nar_k16,20260902,105,2.1848108768463135,2047,2.1519243717193604,0.0
qwen3_8b_base,Qwen/Qwen3-8B-Base,both,nar_k16,20260902,106,2.369460344314575,2047,2.3445723056793213,0.0
qwen3_8b_base,Qwen/Qwen3-8B-Base,both,nar_k16,20260902,107,2.3127572536468506,2047,2.2711575031280518,0.0
qwen3_8b_base,Qwen/Qwen3-8B-Base,both,nar_k16,20260902,108,2.0552351474761963,2047,2.0407793521881104,0.0
qwen3_8b_base,Qwen/Qwen3-8B-Base,both,nar_k16,20260902,109,2.2411537170410156,2047,2.2269070148468018,0.0
qwen3_8b_base,Qwen/Qwen3-8B-Base,both,nar_k16,20260902,110,2.1131837368011475,2047,2.0882351398468018,0.0
qwen3_8b_base,Qwen/Qwen3-8B-Base,both,nar_k16,20260902,111,1.9829641580581665,2047,1.959465742111206,0.0
qwen3_8b_base,Qwen/Qwen3-8B-Base,both,nar_k16,20260902,112,2.0036721229553223,2047,1.9392527341842651,0.0
qwen3_8b_base,Qwen/Qwen3-8B-Base,both,nar_k16,20260902,113,2.060070753097534,2047,2.051574230194092,0.0
qwen3_8b_base,Qwen/Qwen3-8B-Base,both,nar_k16,20260902,114,2.348422050476074,2047,2.33661150932312,0.0
qwen3_8b_base,Qwen/Qwen3-8B-Base,both,nar_k16,20260902,115,2.36049222946167,2047,2.3230655193328857,0.0
qwen3_8b_base,Qwen/Qwen3-8B-Base,both,nar_k16,20260902,116,2.4854941368103027,2047,2.46219801902771,0.0
qwen3_8b_base,Qwen/Qwen3-8B-Base,both,nar_k16,20260902,117,2.2957820892333984,2047,2.2738678455352783,0.0
qwen3_8b_base,Qwen/Qwen3-8B-Base,both,nar_k16,20260902,118,2.1202845573425293,2047,2.0999951362609863,0.0
qwen3_8b_base,Qwen/Qwen3-8B-Base,both,nar_k16,20260902,119,2.1193900108337402,2047,2.0953171253204346,0.0
qwen3_8b_base,Qwen/Qwen3-8B-Base,both,nar_k16,20260902,120,2.500352382659912,2047,2.474147081375122,0.0
qwen3_8b_base,Qwen/Qwen3-8B-Base,both,nar_k16,20260902,121,1.9707218408584595,2047,1.9618043899536133,0.0
qwen3_8b_base,Qwen/Qwen3-8B-Base,both,nar_k16,20260902,122,1.8846813440322876,2047,1.8592268228530884,0.0
qwen3_8b_base,Qwen/Qwen3-8B-Base,both,nar_k16,20260902,123,1.9505722522735596,2047,1.9296505451202393,0.0
qwen3_8b_base,Qwen/Qwen3-8B-Base,both,nar_k16,20260902,124,2.1543965339660645,2047,2.137603521347046,0.0
qwen3_8b_base,Qwen/Qwen3-8B-Base,both,nar_k16,20260902,125,2.426671266555786,2047,2.399904489517212,0.0
qwen3_8b_base,Qwen/Qwen3-8B-Base,both,nar_k16,20260902,126,2.262723922729492,2047,2.2549033164978027,0.0
qwen3_8b_base,Qwen/Qwen3-8B-Base,both,nar_k16,20260902,127,2.2022907733917236,2047,2.198338747024536,0.0
qwen3_8b_base,Qwen/Qwen3-8B-Base,both,nar_k16,20260902,128,2.1211912631988525,2047,2.106039047241211,0.0
qwen3_8b_base,Qwen/Qwen3-8B-Base,both,nar_k16,20260902,129,2.1151938438415527,2047,2.103867769241333,0.0
qwen3_8b_base,Qwen/Qwen3-8B-Base,both,nar_k16,20260902,130,2.0104496479034424,2047,1.9863996505737305,0.0
qwen3_8b_base,Qwen/Qwen3-8B-Base,both,nar_k16,20260902,131,2.237382411956787,2047,2.222332000732422,0.0
qwen3_8b_base,Qwen/Qwen3-8B-Base,both,nar_k16,20260902,132,2.0915017127990723,2047,2.084092617034912,0.0
qwen3_8b_base,Qwen/Qwen3-8B-Base,both,nar_k16,20260902,133,2.1218137741088867,2047,2.110725164413452,0.0
qwen3_8b_base,Qwen/Qwen3-8B-Base,both,nar_k16,20260902,134,2.53410005569458,2047,2.510590076446533,0.0
qwen3_8b_base,Qwen/Qwen3-8B-Base,both,nar_k16,20260902,135,2.241365671157837,2047,2.2310612201690674,0.0
qwen3_8b_base,Qwen/Qwen3-8B-Base,both,nar_k16,20260902,136,1.802183747291565,2047,1.7879656553268433,0.0
qwen3_8b_base,Qwen/Qwen3-8B-Base,both,nar_k16,20260902,137,1.5781476497650146,2047,1.5757882595062256,0.0
qwen3_8b_base,Qwen/Qwen3-8B-Base,both,nar_k16,20260902,138,1.7775243520736694,2047,1.7640706300735474,0.0
qwen3_8b_base,Qwen/Qwen3-8B-Base,both,nar_k16,20260902,139,2.408684015274048,2047,2.3865580558776855,0.0
qwen3_8b_base,Qwen/Qwen3-8B-Base,both,nar_k16,20260902,140,2.6202945709228516,2047,2.6110310554504395,0.0
qwen3_8b_base,Qwen/Qwen3-8B-Base,both,nar_k16,20260902,141,2.3140757083892822,2047,2.29608154296875,0.0
qwen3_8b_base,Qwen/Qwen3-8B-Base,both,nar_k16,20260902,142,2.2810609340667725,2047,2.273484468460083,0.0
qwen3_8b_base,Qwen/Qwen3-8B-Base,both,nar_k16,20260902,143,2.2994492053985596,2047,2.278059244155884,0.0
qwen3_8b_base,Qwen/Qwen3-8B-Base,both,nar_k16,20260902,144,2.381899356842041,2047,2.347836494445801,0.0
qwen3_8b_base,Qwen/Qwen3-8B-Base,both,nar_k16,20260902,145,2.36462140083313,2047,2.3324148654937744,0.0
qwen3_8b_base,Qwen/Qwen3-8B-Base,both,nar_k32,20260902,0,1.9457429647445679,2047,1.9317842721939087,0.0
qwen3_8b_base,Qwen/Qwen3-8B-Base,both,nar_k32,20260902,1,2.3826043605804443,2047,2.355757474899292,0.0
qwen3_8b_base,Qwen/Qwen3-8B-Base,both,nar_k32,20260902,2,2.55767822265625,2047,2.5509376525878906,0.0
qwen3_8b_base,Qwen/Qwen3-8B-Base,both,nar_k32,20260902,3,2.2930335998535156,2047,2.2795989513397217,0.0
qwen3_8b_base,Qwen/Qwen3-8B-Base,both,nar_k32,20260902,4,2.060750961303711,2047,2.0624918937683105,0.0
qwen3_8b_base,Qwen/Qwen3-8B-Base,both,nar_k32,20260902,5,1.6445754766464233,2047,1.647781252861023,0.0
qwen3_8b_base,Qwen/Qwen3-8B-Base,both,nar_k32,20260902,6,1.4603688716888428,2047,1.4723519086837769,0.0
qwen3_8b_base,Qwen/Qwen3-8B-Base,both,nar_k32,20260902,7,1.9976471662521362,2047,2.0097522735595703,0.0
qwen3_8b_base,Qwen/Qwen3-8B-Base,both,nar_k32,20260902,8,2.1936750411987305,2047,2.1815404891967773,0.0
qwen3_8b_base,Qwen/Qwen3-8B-Base,both,nar_k32,20260902,9,2.3689324855804443,2047,2.369560718536377,0.0
qwen3_8b_base,Qwen/Qwen3-8B-Base,both,nar_k32,20260902,10,2.2169060707092285,2047,2.203747034072876,0.0
qwen3_8b_base,Qwen/Qwen3-8B-Base,both,nar_k32,20260902,11,2.2426984310150146,2047,2.237529993057251,0.0
qwen3_8b_base,Qwen/Qwen3-8B-Base,both,nar_k32,20260902,12,2.151756525039673,2047,2.152273654937744,0.0
qwen3_8b_base,Qwen/Qwen3-8B-Base,both,nar_k32,20260902,13,2.353196382522583,2047,2.341367483139038,0.0
qwen3_8b_base,Qwen/Qwen3-8B-Base,both,nar_k32,20260902,14,2.3374054431915283,2047,2.320580005645752,0.0
qwen3_8b_base,Qwen/Qwen3-8B-Base,both,nar_k32,20260902,15,2.357177257537842,2047,2.2160677909851074,0.0
qwen3_8b_base,Qwen/Qwen3-8B-Base,both,nar_k32,20260902,16,2.515994071960449,2047,2.5184407234191895,0.0
qwen3_8b_base,Qwen/Qwen3-8B-Base,both,nar_k32,20260902,17,2.3512656688690186,2047,2.3562960624694824,0.0
qwen3_8b_base,Qwen/Qwen3-8B-Base,both,nar_k32,20260902,18,2.1008360385894775,2047,2.0958595275878906,0.0
qwen3_8b_base,Qwen/Qwen3-8B-Base,both,nar_k32,20260902,19,1.965025782585144,2047,1.9633806943893433,0.0
qwen3_8b_base,Qwen/Qwen3-8B-Base,both,nar_k32,20260902,20,2.0774013996124268,2047,2.0735299587249756,0.0
qwen3_8b_base,Qwen/Qwen3-8B-Base,both,nar_k32,20260902,21,2.323118209838867,2047,2.325371265411377,0.0
qwen3_8b_base,Qwen/Qwen3-8B-Base,both,nar_k32,20260902,22,2.1848695278167725,2047,2.1688997745513916,0.0
qwen3_8b_base,Qwen/Qwen3-8B-Base,both,nar_k32,20260902,23,2.2682487964630127,2047,2.2675254344940186,0.0
qwen3_8b_base,Qwen/Qwen3-8B-Base,both,nar_k32,20260902,24,2.2539100646972656,2047,2.2485523223876953,0.0
qwen3_8b_base,Qwen/Qwen3-8B-Base,both,nar_k32,20260902,25,2.363804817199707,2047,2.3785064220428467,0.0
qwen3_8b_base,Qwen/Qwen3-8B-Base,both,nar_k32,20260902,26,2.4187862873077393,2047,2.4156386852264404,0.0
qwen3_8b_base,Qwen/Qwen3-8B-Base,both,nar_k32,20260902,27,2.621605396270752,2047,2.6201653480529785,0.0
qwen3_8b_base,Qwen/Qwen3-8B-Base,both,nar_k32,20260902,28,2.383563995361328,2047,2.3853933811187744,0.0
qwen3_8b_base,Qwen/Qwen3-8B-Base,both,nar_k32,20260902,29,2.0635130405426025,2047,2.0915324687957764,0.0
qwen3_8b_base,Qwen/Qwen3-8B-Base,both,nar_k32,20260902,30,1.9875011444091797,2047,1.9683144092559814,0.0
qwen3_8b_base,Qwen/Qwen3-8B-Base,both,nar_k32,20260902,31,1.9248309135437012,2047,1.9129048585891724,0.0
qwen3_8b_base,Qwen/Qwen3-8B-Base,both,nar_k32,20260902,32,1.677991509437561,2047,1.668849229812622,0.0
qwen3_8b_base,Qwen/Qwen3-8B-Base,both,nar_k32,20260902,33,2.20733904838562,2047,2.207037925720215,0.0
qwen3_8b_base,Qwen/Qwen3-8B-Base,both,nar_k32,20260902,34,2.006472110748291,2047,1.9970593452453613,0.0
qwen3_8b_base,Qwen/Qwen3-8B-Base,both,nar_k32,20260902,35,2.1140356063842773,2047,2.1084444522857666,0.0
qwen3_8b_base,Qwen/Qwen3-8B-Base,both,nar_k32,20260902,36,1.7209067344665527,2047,1.7418800592422485,0.0
qwen3_8b_base,Qwen/Qwen3-8B-Base,both,nar_k32,20260902,37,1.549625039100647,2047,1.5494848489761353,0.0
qwen3_8b_base,Qwen/Qwen3-8B-Base,both,nar_k32,20260902,38,1.7659701108932495,2047,1.7681081295013428,0.0
qwen3_8b_base,Qwen/Qwen3-8B-Base,both,nar_k32,20260902,39,1.5232702493667603,2047,1.5066280364990234,0.0
qwen3_8b_base,Qwen/Qwen3-8B-Base,both,nar_k32,20260902,40,1.7528376579284668,2047,1.7625503540039062,0.0
qwen3_8b_base,Qwen/Qwen3-8B-Base,both,nar_k32,20260902,41,1.993088960647583,2047,1.9249495267868042,0.0
qwen3_8b_base,Qwen/Qwen3-8B-Base,both,nar_k32,20260902,42,2.5663812160491943,2047,2.571119785308838,0.0
qwen3_8b_base,Qwen/Qwen3-8B-Base,both,nar_k32,20260902,43,2.8084216117858887,2047,2.8384597301483154,0.0
qwen3_8b_base,Qwen/Qwen3-8B-Base,both,nar_k32,20260902,44,2.6162147521972656,2047,2.627920150756836,0.0
qwen3_8b_base,Qwen/Qwen3-8B-Base,both,nar_k32,20260902,45,2.3657820224761963,2047,2.351057291030884,0.0
qwen3_8b_base,Qwen/Qwen3-8B-Base,both,nar_k32,20260902,46,2.3547606468200684,2047,2.3433949947357178,0.0
qwen3_8b_base,Qwen/Qwen3-8B-Base,both,nar_k32,20260902,47,2.4237425327301025,2047,2.4230363368988037,0.0
qwen3_8b_base,Qwen/Qwen3-8B-Base,both,nar_k32,20260902,48,2.472210645675659,2047,2.4875972270965576,0.0
qwen3_8b_base,Qwen/Qwen3-8B-Base,both,nar_k32,20260902,49,1.938981294631958,2047,1.8766993284225464,0.0
qwen3_8b_base,Qwen/Qwen3-8B-Base,both,nar_k32,20260902,50,2.348386287689209,2047,2.347074031829834,0.0
qwen3_8b_base,Qwen/Qwen3-8B-Base,both,nar_k32,20260902,51,2.065586805343628,2047,2.0886735916137695,0.0
qwen3_8b_base,Qwen/Qwen3-8B-Base,both,nar_k32,20260902,52,1.9731316566467285,2047,1.9763075113296509,0.0
qwen3_8b_base,Qwen/Qwen3-8B-Base,both,nar_k32,20260902,53,1.9916749000549316,2047,1.9307423830032349,0.0
qwen3_8b_base,Qwen/Qwen3-8B-Base,both,nar_k32,20260902,54,1.8212082386016846,2047,1.8216805458068848,0.0
qwen3_8b_base,Qwen/Qwen3-8B-Base,both,nar_k32,20260902,55,1.9774166345596313,2047,1.979314923286438,0.0
qwen3_8b_base,Qwen/Qwen3-8B-Base,both,nar_k32,20260902,56,1.820041298866272,2047,1.8396904468536377,0.0
qwen3_8b_base,Qwen/Qwen3-8B-Base,both,nar_k32,20260902,57,1.6491822004318237,2047,1.6305617094039917,0.0
qwen3_8b_base,Qwen/Qwen3-8B-Base,both,nar_k32,20260902,58,2.015342950820923,2047,2.0085854530334473,0.0
qwen3_8b_base,Qwen/Qwen3-8B-Base,both,nar_k32,20260902,59,1.9363120794296265,2047,1.9428627490997314,0.0
qwen3_8b_base,Qwen/Qwen3-8B-Base,both,nar_k32,20260902,60,2.210456132888794,2047,2.201972484588623,0.0
qwen3_8b_base,Qwen/Qwen3-8B-Base,both,nar_k32,20260902,61,2.3768422603607178,2047,2.3986876010894775,0.0
qwen3_8b_base,Qwen/Qwen3-8B-Base,both,nar_k32,20260902,62,2.4248743057250977,2047,2.4319567680358887,0.0
qwen3_8b_base,Qwen/Qwen3-8B-Base,both,nar_k32,20260902,63,2.673382043838501,2047,2.6512327194213867,0.0
qwen3_8b_base,Qwen/Qwen3-8B-Base,both,nar_k32,20260902,64,2.008209705352783,2047,2.0125253200531006,0.0
qwen3_8b_base,Qwen/Qwen3-8B-Base,both,nar_k32,20260902,65,1.9393301010131836,2047,1.9385008811950684,0.0
qwen3_8b_base,Qwen/Qwen3-8B-Base,both,nar_k32,20260902,66,2.2864363193511963,2047,2.2779715061187744,0.0
qwen3_8b_base,Qwen/Qwen3-8B-Base,both,nar_k32,20260902,67,2.0118703842163086,2047,2.0130813121795654,0.0
qwen3_8b_base,Qwen/Qwen3-8B-Base,both,nar_k32,20260902,68,2.0567357540130615,2047,2.081437349319458,0.0
qwen3_8b_base,Qwen/Qwen3-8B-Base,both,nar_k32,20260902,69,2.036494731903076,2047,2.001216173171997,0.0
qwen3_8b_base,Qwen/Qwen3-8B-Base,both,nar_k32,20260902,70,1.8782246112823486,2047,1.8771742582321167,0.0
qwen3_8b_base,Qwen/Qwen3-8B-Base,both,nar_k32,20260902,71,2.0052287578582764,2047,2.004514694213867,0.0
qwen3_8b_base,Qwen/Qwen3-8B-Base,both,nar_k32,20260902,72,2.501262664794922,2047,2.489833116531372,0.0
qwen3_8b_base,Qwen/Qwen3-8B-Base,both,nar_k32,20260902,73,2.5385019779205322,2047,2.532762050628662,0.0
qwen3_8b_base,Qwen/Qwen3-8B-Base,both,nar_k32,20260902,74,2.1628010272979736,2047,2.1754658222198486,0.0
qwen3_8b_base,Qwen/Qwen3-8B-Base,both,nar_k32,20260902,75,2.0333988666534424,2047,2.0251736640930176,0.0
qwen3_8b_base,Qwen/Qwen3-8B-Base,both,nar_k32,20260902,76,2.175868511199951,2047,2.186258554458618,0.0
qwen3_8b_base,Qwen/Qwen3-8B-Base,both,nar_k32,20260902,77,2.1653800010681152,2047,2.1538784503936768,0.0
qwen3_8b_base,Qwen/Qwen3-8B-Base,both,nar_k32,20260902,78,2.1215598583221436,2047,2.157646417617798,0.0
qwen3_8b_base,Qwen/Qwen3-8B-Base,both,nar_k32,20260902,79,2.3066728115081787,2047,2.309781551361084,0.0
qwen3_8b_base,Qwen/Qwen3-8B-Base,both,nar_k32,20260902,80,2.2859864234924316,2047,2.292584180831909,0.0
qwen3_8b_base,Qwen/Qwen3-8B-Base,both,nar_k32,20260902,81,2.2789928913116455,2047,2.35272479057312,0.0
qwen3_8b_base,Qwen/Qwen3-8B-Base,both,nar_k32,20260902,82,1.80767822265625,2047,1.8025356531143188,0.0
qwen3_8b_base,Qwen/Qwen3-8B-Base,both,nar_k32,20260902,83,1.9782147407531738,2047,1.9794361591339111,0.0
qwen3_8b_base,Qwen/Qwen3-8B-Base,both,nar_k32,20260902,84,1.8524011373519897,2047,1.8099290132522583,0.0
qwen3_8b_base,Qwen/Qwen3-8B-Base,both,nar_k32,20260902,85,2.016643524169922,2047,2.0093836784362793,0.0
qwen3_8b_base,Qwen/Qwen3-8B-Base,both,nar_k32,20260902,86,1.985683560371399,2047,2.022629976272583,0.0
qwen3_8b_base,Qwen/Qwen3-8B-Base,both,nar_k32,20260902,87,2.002079963684082,2047,2.003659725189209,0.0
qwen3_8b_base,Qwen/Qwen3-8B-Base,both,nar_k32,20260902,88,2.278982400894165,2047,2.2751200199127197,0.0
qwen3_8b_base,Qwen/Qwen3-8B-Base,both,nar_k32,20260902,89,2.213815689086914,2047,2.216265916824341,0.0
qwen3_8b_base,Qwen/Qwen3-8B-Base,both,nar_k32,20260902,90,2.307795524597168,2047,2.302382230758667,0.0
qwen3_8b_base,Qwen/Qwen3-8B-Base,both,nar_k32,20260902,91,3.005277395248413,2047,3.021074056625366,0.0
qwen3_8b_base,Qwen/Qwen3-8B-Base,both,nar_k32,20260902,92,2.957019329071045,2047,2.988757848739624,0.0
qwen3_8b_base,Qwen/Qwen3-8B-Base,both,nar_k32,20260902,93,2.6900694370269775,2047,2.447532892227173,0.0
qwen3_8b_base,Qwen/Qwen3-8B-Base,both,nar_k32,20260902,94,2.7159857749938965,2047,2.7021074295043945,0.0
qwen3_8b_base,Qwen/Qwen3-8B-Base,both,nar_k32,20260902,95,2.7327845096588135,2047,2.730333089828491,0.0
qwen3_8b_base,Qwen/Qwen3-8B-Base,both,nar_k32,20260902,96,2.4050347805023193,2047,2.4151222705841064,0.0
qwen3_8b_base,Qwen/Qwen3-8B-Base,both,nar_k32,20260902,97,2.6177685260772705,2047,2.621274709701538,0.0
qwen3_8b_base,Qwen/Qwen3-8B-Base,both,nar_k32,20260902,98,2.26733136177063,2047,2.2602062225341797,0.0
qwen3_8b_base,Qwen/Qwen3-8B-Base,both,nar_k32,20260902,99,2.3901264667510986,2047,2.367706775665283,0.0
qwen3_8b_base,Qwen/Qwen3-8B-Base,both,nar_k32,20260902,100,2.071153163909912,2047,2.060373306274414,0.0
qwen3_8b_base,Qwen/Qwen3-8B-Base,both,nar_k32,20260902,101,2.213557481765747,2047,2.1873056888580322,0.0
qwen3_8b_base,Qwen/Qwen3-8B-Base,both,nar_k32,20260902,102,2.451531171798706,2047,2.511472463607788,0.0
qwen3_8b_base,Qwen/Qwen3-8B-Base,both,nar_k32,20260902,103,2.186023712158203,2047,2.176194429397583,0.0
qwen3_8b_base,Qwen/Qwen3-8B-Base,both,nar_k32,20260902,104,2.467672348022461,2047,2.465080499649048,0.0
qwen3_8b_base,Qwen/Qwen3-8B-Base,both,nar_k32,20260902,105,2.1590054035186768,2047,2.1546497344970703,0.0
qwen3_8b_base,Qwen/Qwen3-8B-Base,both,nar_k32,20260902,106,2.3310153484344482,2047,2.3461759090423584,0.0
qwen3_8b_base,Qwen/Qwen3-8B-Base,both,nar_k32,20260902,107,2.281312942504883,2047,2.269441604614258,0.0
qwen3_8b_base,Qwen/Qwen3-8B-Base,both,nar_k32,20260902,108,2.0467729568481445,2047,2.040567636489868,0.0
qwen3_8b_base,Qwen/Qwen3-8B-Base,both,nar_k32,20260902,109,2.23343563079834,2047,2.2236788272857666,0.0
qwen3_8b_base,Qwen/Qwen3-8B-Base,both,nar_k32,20260902,110,2.0987422466278076,2047,2.089691638946533,0.0
qwen3_8b_base,Qwen/Qwen3-8B-Base,both,nar_k32,20260902,111,1.9538588523864746,2047,1.9594800472259521,0.0
qwen3_8b_base,Qwen/Qwen3-8B-Base,both,nar_k32,20260902,112,2.078763008117676,2047,1.9355204105377197,0.0
qwen3_8b_base,Qwen/Qwen3-8B-Base,both,nar_k32,20260902,113,2.0372447967529297,2047,2.051347255706787,0.0
qwen3_8b_base,Qwen/Qwen3-8B-Base,both,nar_k32,20260902,114,2.329143762588501,2047,2.337341547012329,0.0
qwen3_8b_base,Qwen/Qwen3-8B-Base,both,nar_k32,20260902,115,2.3390579223632812,2047,2.323765754699707,0.0
qwen3_8b_base,Qwen/Qwen3-8B-Base,both,nar_k32,20260902,116,2.4552111625671387,2047,2.4646973609924316,0.0
qwen3_8b_base,Qwen/Qwen3-8B-Base,both,nar_k32,20260902,117,2.29534649848938,2047,2.273854970932007,0.0
qwen3_8b_base,Qwen/Qwen3-8B-Base,both,nar_k32,20260902,118,2.1066510677337646,2047,2.0990614891052246,0.0
qwen3_8b_base,Qwen/Qwen3-8B-Base,both,nar_k32,20260902,119,2.096804618835449,2047,2.09447979927063,0.0
qwen3_8b_base,Qwen/Qwen3-8B-Base,both,nar_k32,20260902,120,2.4502739906311035,2047,2.4730918407440186,0.0
qwen3_8b_base,Qwen/Qwen3-8B-Base,both,nar_k32,20260902,121,1.9685306549072266,2047,1.9616167545318604,0.0
qwen3_8b_base,Qwen/Qwen3-8B-Base,both,nar_k32,20260902,122,1.854430913925171,2047,1.8551572561264038,0.0
qwen3_8b_base,Qwen/Qwen3-8B-Base,both,nar_k32,20260902,123,1.9135385751724243,2047,1.9309743642807007,0.0
qwen3_8b_base,Qwen/Qwen3-8B-Base,both,nar_k32,20260902,124,2.1571192741394043,2047,2.1383790969848633,0.0
qwen3_8b_base,Qwen/Qwen3-8B-Base,both,nar_k32,20260902,125,2.3896563053131104,2047,2.4035751819610596,0.0
qwen3_8b_base,Qwen/Qwen3-8B-Base,both,nar_k32,20260902,126,2.2472829818725586,2047,2.2496466636657715,0.0
qwen3_8b_base,Qwen/Qwen3-8B-Base,both,nar_k32,20260902,127,2.1980836391448975,2047,2.1984896659851074,0.0
qwen3_8b_base,Qwen/Qwen3-8B-Base,both,nar_k32,20260902,128,2.1034138202667236,2047,2.100229501724243,0.0
qwen3_8b_base,Qwen/Qwen3-8B-Base,both,nar_k32,20260902,129,2.08585524559021,2047,2.1025519371032715,0.0
qwen3_8b_base,Qwen/Qwen3-8B-Base,both,nar_k32,20260902,130,1.9937376976013184,2047,1.9879188537597656,0.0
qwen3_8b_base,Qwen/Qwen3-8B-Base,both,nar_k32,20260902,131,2.2264747619628906,2047,2.22021746635437,0.0
qwen3_8b_base,Qwen/Qwen3-8B-Base,both,nar_k32,20260902,132,2.0880956649780273,2047,2.085646152496338,0.0
qwen3_8b_base,Qwen/Qwen3-8B-Base,both,nar_k32,20260902,133,2.116058349609375,2047,2.1107518672943115,0.0
qwen3_8b_base,Qwen/Qwen3-8B-Base,both,nar_k32,20260902,134,2.5094292163848877,2047,2.5135011672973633,0.0
qwen3_8b_base,Qwen/Qwen3-8B-Base,both,nar_k32,20260902,135,2.2147269248962402,2047,2.2310640811920166,0.0
qwen3_8b_base,Qwen/Qwen3-8B-Base,both,nar_k32,20260902,136,1.780518651008606,2047,1.786765694618225,0.0
qwen3_8b_base,Qwen/Qwen3-8B-Base,both,nar_k32,20260902,137,1.6113544702529907,2047,1.5750097036361694,0.0
qwen3_8b_base,Qwen/Qwen3-8B-Base,both,nar_k32,20260902,138,1.7740191221237183,2047,1.763405203819275,0.0
qwen3_8b_base,Qwen/Qwen3-8B-Base,both,nar_k32,20260902,139,2.3837080001831055,2047,2.385315179824829,0.0
qwen3_8b_base,Qwen/Qwen3-8B-Base,both,nar_k32,20260902,140,2.6253950595855713,2047,2.6138999462127686,0.0
qwen3_8b_base,Qwen/Qwen3-8B-Base,both,nar_k32,20260902,141,2.296963691711426,2047,2.2947371006011963,0.0
qwen3_8b_base,Qwen/Qwen3-8B-Base,both,nar_k32,20260902,142,2.2720181941986084,2047,2.274851083755493,0.0
qwen3_8b_base,Qwen/Qwen3-8B-Base,both,nar_k32,20260902,143,2.250338077545166,2047,2.2678208351135254,0.0
qwen3_8b_base,Qwen/Qwen3-8B-Base,both,nar_k32,20260902,144,2.3483924865722656,2047,2.3476953506469727,0.0
qwen3_8b_base,Qwen/Qwen3-8B-Base,both,nar_k32,20260902,145,2.3327548503875732,2047,2.33161997795105,0.0
qwen3_8b_base,Qwen/Qwen3-8B-Base,both,nar_k64,20260902,0,1.9359493255615234,2047,1.9324816465377808,0.0
qwen3_8b_base,Qwen/Qwen3-8B-Base,both,nar_k64,20260902,1,2.354522943496704,2047,2.3544809818267822,0.0
qwen3_8b_base,Qwen/Qwen3-8B-Base,both,nar_k64,20260902,2,2.557082414627075,2047,2.5520594120025635,0.0
qwen3_8b_base,Qwen/Qwen3-8B-Base,both,nar_k64,20260902,3,2.285537004470825,2047,2.280928134918213,0.0
qwen3_8b_base,Qwen/Qwen3-8B-Base,both,nar_k64,20260902,4,2.0645835399627686,2047,2.0631978511810303,0.0
qwen3_8b_base,Qwen/Qwen3-8B-Base,both,nar_k64,20260902,5,1.6439743041992188,2047,1.6469511985778809,0.0
qwen3_8b_base,Qwen/Qwen3-8B-Base,both,nar_k64,20260902,6,1.4633779525756836,2047,1.4708510637283325,0.0
qwen3_8b_base,Qwen/Qwen3-8B-Base,both,nar_k64,20260902,7,1.9968761205673218,2047,2.0101373195648193,0.0
qwen3_8b_base,Qwen/Qwen3-8B-Base,both,nar_k64,20260902,8,2.1773176193237305,2047,2.181443452835083,0.0
qwen3_8b_base,Qwen/Qwen3-8B-Base,both,nar_k64,20260902,9,2.349045991897583,2047,2.369608163833618,0.0
qwen3_8b_base,Qwen/Qwen3-8B-Base,both,nar_k64,20260902,10,2.197446346282959,2047,2.200202226638794,0.0
qwen3_8b_base,Qwen/Qwen3-8B-Base,both,nar_k64,20260902,11,2.236567258834839,2047,2.2408840656280518,0.0
qwen3_8b_base,Qwen/Qwen3-8B-Base,both,nar_k64,20260902,12,2.142911672592163,2047,2.151603937149048,0.0
qwen3_8b_base,Qwen/Qwen3-8B-Base,both,nar_k64,20260902,13,2.3440825939178467,2047,2.340447425842285,0.0
qwen3_8b_base,Qwen/Qwen3-8B-Base,both,nar_k64,20260902,14,2.320117473602295,2047,2.3224334716796875,0.0
qwen3_8b_base,Qwen/Qwen3-8B-Base,both,nar_k64,20260902,15,2.310030221939087,2047,2.2200396060943604,0.0
qwen3_8b_base,Qwen/Qwen3-8B-Base,both,nar_k64,20260902,16,2.509521961212158,2047,2.5187909603118896,0.0
qwen3_8b_base,Qwen/Qwen3-8B-Base,both,nar_k64,20260902,17,2.3433992862701416,2047,2.355872869491577,0.0
qwen3_8b_base,Qwen/Qwen3-8B-Base,both,nar_k64,20260902,18,2.0948331356048584,2047,2.0958213806152344,0.0
qwen3_8b_base,Qwen/Qwen3-8B-Base,both,nar_k64,20260902,19,1.9611271619796753,2047,1.9657704830169678,0.0
qwen3_8b_base,Qwen/Qwen3-8B-Base,both,nar_k64,20260902,20,2.080209732055664,2047,2.0735034942626953,0.0
qwen3_8b_base,Qwen/Qwen3-8B-Base,both,nar_k64,20260902,21,2.3356072902679443,2047,2.324324369430542,0.0
qwen3_8b_base,Qwen/Qwen3-8B-Base,both,nar_k64,20260902,22,2.168771266937256,2047,2.1697139739990234,0.0
qwen3_8b_base,Qwen/Qwen3-8B-Base,both,nar_k64,20260902,23,2.2633206844329834,2047,2.266601085662842,0.0
qwen3_8b_base,Qwen/Qwen3-8B-Base,both,nar_k64,20260902,24,2.2487618923187256,2047,2.2484755516052246,0.0
qwen3_8b_base,Qwen/Qwen3-8B-Base,both,nar_k64,20260902,25,2.3606977462768555,2047,2.379173517227173,0.0
qwen3_8b_base,Qwen/Qwen3-8B-Base,both,nar_k64,20260902,26,2.4208545684814453,2047,2.4154436588287354,0.0
qwen3_8b_base,Qwen/Qwen3-8B-Base,both,nar_k64,20260902,27,2.6298539638519287,2047,2.6172983646392822,0.0
qwen3_8b_base,Qwen/Qwen3-8B-Base,both,nar_k64,20260902,28,2.3896408081054688,2047,2.3835701942443848,0.0
qwen3_8b_base,Qwen/Qwen3-8B-Base,both,nar_k64,20260902,29,2.0364840030670166,2047,2.0960533618927,0.0
qwen3_8b_base,Qwen/Qwen3-8B-Base,both,nar_k64,20260902,30,1.9743255376815796,2047,1.9684412479400635,0.0
qwen3_8b_base,Qwen/Qwen3-8B-Base,both,nar_k64,20260902,31,1.915708303451538,2047,1.9133750200271606,0.0
qwen3_8b_base,Qwen/Qwen3-8B-Base,both,nar_k64,20260902,32,1.6652506589889526,2047,1.662698745727539,0.0
qwen3_8b_base,Qwen/Qwen3-8B-Base,both,nar_k64,20260902,33,2.1732170581817627,2047,2.207554817199707,0.0
qwen3_8b_base,Qwen/Qwen3-8B-Base,both,nar_k64,20260902,34,1.9908875226974487,2047,1.9988861083984375,0.0
qwen3_8b_base,Qwen/Qwen3-8B-Base,both,nar_k64,20260902,35,2.11006498336792,2047,2.106411933898926,0.0
qwen3_8b_base,Qwen/Qwen3-8B-Base,both,nar_k64,20260902,36,1.708689570426941,2047,1.7388243675231934,0.0
qwen3_8b_base,Qwen/Qwen3-8B-Base,both,nar_k64,20260902,37,1.5514161586761475,2047,1.5493208169937134,0.0
qwen3_8b_base,Qwen/Qwen3-8B-Base,both,nar_k64,20260902,38,1.7603956460952759,2047,1.7696386575698853,0.0
qwen3_8b_base,Qwen/Qwen3-8B-Base,both,nar_k64,20260902,39,1.5206350088119507,2047,1.5039087533950806,0.0
qwen3_8b_base,Qwen/Qwen3-8B-Base,both,nar_k64,20260902,40,1.7259641885757446,2047,1.7819215059280396,0.0
qwen3_8b_base,Qwen/Qwen3-8B-Base,both,nar_k64,20260902,41,1.9635311365127563,2047,1.9232921600341797,0.0
qwen3_8b_base,Qwen/Qwen3-8B-Base,both,nar_k64,20260902,42,2.5683236122131348,2047,2.5744547843933105,0.0
qwen3_8b_base,Qwen/Qwen3-8B-Base,both,nar_k64,20260902,43,2.817870616912842,2047,2.8391826152801514,0.0
qwen3_8b_base,Qwen/Qwen3-8B-Base,both,nar_k64,20260902,44,2.6159887313842773,2047,2.628873586654663,0.0
qwen3_8b_base,Qwen/Qwen3-8B-Base,both,nar_k64,20260902,45,2.3593060970306396,2047,2.350909948348999,0.0
qwen3_8b_base,Qwen/Qwen3-8B-Base,both,nar_k64,20260902,46,2.34790301322937,2047,2.3428587913513184,0.0
qwen3_8b_base,Qwen/Qwen3-8B-Base,both,nar_k64,20260902,47,2.4175214767456055,2047,2.4247703552246094,0.0
qwen3_8b_base,Qwen/Qwen3-8B-Base,both,nar_k64,20260902,48,2.483555316925049,2047,2.485700845718384,0.0
qwen3_8b_base,Qwen/Qwen3-8B-Base,both,nar_k64,20260902,49,1.886937141418457,2047,1.877541422843933,0.0
qwen3_8b_base,Qwen/Qwen3-8B-Base,both,nar_k64,20260902,50,2.3441638946533203,2047,2.3465704917907715,0.0
qwen3_8b_base,Qwen/Qwen3-8B-Base,both,nar_k64,20260902,51,2.0423357486724854,2047,2.0880231857299805,0.0
qwen3_8b_base,Qwen/Qwen3-8B-Base,both,nar_k64,20260902,52,1.970572829246521,2047,1.980407476425171,0.0
qwen3_8b_base,Qwen/Qwen3-8B-Base,both,nar_k64,20260902,53,1.960265040397644,2047,1.9314684867858887,0.0
qwen3_8b_base,Qwen/Qwen3-8B-Base,both,nar_k64,20260902,54,1.804057240486145,2047,1.8247733116149902,0.0
qwen3_8b_base,Qwen/Qwen3-8B-Base,both,nar_k64,20260902,55,1.9688178300857544,2047,1.9790918827056885,0.0
qwen3_8b_base,Qwen/Qwen3-8B-Base,both,nar_k64,20260902,56,1.799981951713562,2047,1.8448035717010498,0.0
qwen3_8b_base,Qwen/Qwen3-8B-Base,both,nar_k64,20260902,57,1.6373023986816406,2047,1.6139849424362183,0.0
qwen3_8b_base,Qwen/Qwen3-8B-Base,both,nar_k64,20260902,58,2.0208890438079834,2047,2.0093441009521484,0.0
qwen3_8b_base,Qwen/Qwen3-8B-Base,both,nar_k64,20260902,59,1.955814242362976,2047,1.9438167810440063,0.0
qwen3_8b_base,Qwen/Qwen3-8B-Base,both,nar_k64,20260902,60,2.2067129611968994,2047,2.204995632171631,0.0
qwen3_8b_base,Qwen/Qwen3-8B-Base,both,nar_k64,20260902,61,2.376039505004883,2047,2.400739908218384,0.0
qwen3_8b_base,Qwen/Qwen3-8B-Base,both,nar_k64,20260902,62,2.4124069213867188,2047,2.434879779815674,0.0
qwen3_8b_base,Qwen/Qwen3-8B-Base,both,nar_k64,20260902,63,2.6896002292633057,2047,2.6469264030456543,0.0
qwen3_8b_base,Qwen/Qwen3-8B-Base,both,nar_k64,20260902,64,2.0024123191833496,2047,2.013118028640747,0.0
qwen3_8b_base,Qwen/Qwen3-8B-Base,both,nar_k64,20260902,65,1.9332891702651978,2047,1.9419296979904175,0.0
qwen3_8b_base,Qwen/Qwen3-8B-Base,both,nar_k64,20260902,66,2.269334316253662,2047,2.2764084339141846,0.0
qwen3_8b_base,Qwen/Qwen3-8B-Base,both,nar_k64,20260902,67,2.0120391845703125,2047,2.010446786880493,0.0
qwen3_8b_base,Qwen/Qwen3-8B-Base,both,nar_k64,20260902,68,2.052002191543579,2047,2.0833632946014404,0.0
qwen3_8b_base,Qwen/Qwen3-8B-Base,both,nar_k64,20260902,69,2.0492093563079834,2047,2.0075528621673584,0.0
qwen3_8b_base,Qwen/Qwen3-8B-Base,both,nar_k64,20260902,70,1.8823459148406982,2047,1.8769484758377075,0.0
qwen3_8b_base,Qwen/Qwen3-8B-Base,both,nar_k64,20260902,71,2.0023529529571533,2047,2.0045623779296875,0.0
qwen3_8b_base,Qwen/Qwen3-8B-Base,both,nar_k64,20260902,72,2.485807180404663,2047,2.493173599243164,0.0
qwen3_8b_base,Qwen/Qwen3-8B-Base,both,nar_k64,20260902,73,2.536789655685425,2047,2.5331764221191406,0.0
qwen3_8b_base,Qwen/Qwen3-8B-Base,both,nar_k64,20260902,74,2.1536691188812256,2047,2.1763641834259033,0.0
qwen3_8b_base,Qwen/Qwen3-8B-Base,both,nar_k64,20260902,75,2.0347206592559814,2047,2.0263073444366455,0.0
qwen3_8b_base,Qwen/Qwen3-8B-Base,both,nar_k64,20260902,76,2.1710386276245117,2047,2.1876940727233887,0.0
qwen3_8b_base,Qwen/Qwen3-8B-Base,both,nar_k64,20260902,77,2.1535842418670654,2047,2.154120683670044,0.0
qwen3_8b_base,Qwen/Qwen3-8B-Base,both,nar_k64,20260902,78,2.1166975498199463,2047,2.1481049060821533,0.0
qwen3_8b_base,Qwen/Qwen3-8B-Base,both,nar_k64,20260902,79,2.300424337387085,2047,2.3113579750061035,0.0
qwen3_8b_base,Qwen/Qwen3-8B-Base,both,nar_k64,20260902,80,2.2814981937408447,2047,2.2928032875061035,0.0
qwen3_8b_base,Qwen/Qwen3-8B-Base,both,nar_k64,20260902,81,2.35530424118042,2047,2.355140447616577,0.0
qwen3_8b_base,Qwen/Qwen3-8B-Base,both,nar_k64,20260902,82,1.8025531768798828,2047,1.8046507835388184,0.0
qwen3_8b_base,Qwen/Qwen3-8B-Base,both,nar_k64,20260902,83,1.9838604927062988,2047,1.9823521375656128,0.0
qwen3_8b_base,Qwen/Qwen3-8B-Base,both,nar_k64,20260902,84,1.8484872579574585,2047,1.812461256980896,0.0
qwen3_8b_base,Qwen/Qwen3-8B-Base,both,nar_k64,20260902,85,2.008131742477417,2047,2.009063720703125,0.0
qwen3_8b_base,Qwen/Qwen3-8B-Base,both,nar_k64,20260902,86,2.005136013031006,2047,2.0247182846069336,0.0
qwen3_8b_base,Qwen/Qwen3-8B-Base,both,nar_k64,20260902,87,2.006253957748413,2047,2.003866195678711,0.0
qwen3_8b_base,Qwen/Qwen3-8B-Base,both,nar_k64,20260902,88,2.2709574699401855,2047,2.2756597995758057,0.0
qwen3_8b_base,Qwen/Qwen3-8B-Base,both,nar_k64,20260902,89,2.2122642993927,2047,2.217097520828247,0.0
qwen3_8b_base,Qwen/Qwen3-8B-Base,both,nar_k64,20260902,90,2.2914154529571533,2047,2.3079428672790527,0.0
qwen3_8b_base,Qwen/Qwen3-8B-Base,both,nar_k64,20260902,91,3.0146994590759277,2047,3.0239226818084717,0.0
qwen3_8b_base,Qwen/Qwen3-8B-Base,both,nar_k64,20260902,92,2.961841344833374,2047,2.986348867416382,0.0
qwen3_8b_base,Qwen/Qwen3-8B-Base,both,nar_k64,20260902,93,2.474921464920044,2047,2.446922540664673,0.0
qwen3_8b_base,Qwen/Qwen3-8B-Base,both,nar_k64,20260902,94,2.711087226867676,2047,2.7027499675750732,0.0
qwen3_8b_base,Qwen/Qwen3-8B-Base,both,nar_k64,20260902,95,2.737396240234375,2047,2.728781223297119,0.0
qwen3_8b_base,Qwen/Qwen3-8B-Base,both,nar_k64,20260902,96,2.405766010284424,2047,2.4151229858398438,0.0
qwen3_8b_base,Qwen/Qwen3-8B-Base,both,nar_k64,20260902,97,2.6256015300750732,2047,2.622858762741089,0.0
qwen3_8b_base,Qwen/Qwen3-8B-Base,both,nar_k64,20260902,98,2.255262851715088,2047,2.260343313217163,0.0
qwen3_8b_base,Qwen/Qwen3-8B-Base,both,nar_k64,20260902,99,2.3676841259002686,2047,2.3676841259002686,0.0
qwen3_8b_base,Qwen/Qwen3-8B-Base,both,nar_k64,20260902,100,2.1122493743896484,2047,2.0591928958892822,0.0
qwen3_8b_base,Qwen/Qwen3-8B-Base,both,nar_k64,20260902,101,2.199237108230591,2047,2.1861746311187744,0.0
qwen3_8b_base,Qwen/Qwen3-8B-Base,both,nar_k64,20260902,102,2.4215919971466064,2047,2.512498617172241,0.0
qwen3_8b_base,Qwen/Qwen3-8B-Base,both,nar_k64,20260902,103,2.187673568725586,2047,2.175884246826172,0.0
qwen3_8b_base,Qwen/Qwen3-8B-Base,both,nar_k64,20260902,104,2.4385318756103516,2047,2.4652559757232666,0.0
qwen3_8b_base,Qwen/Qwen3-8B-Base,both,nar_k64,20260902,105,2.1535534858703613,2047,2.1574618816375732,0.0
qwen3_8b_base,Qwen/Qwen3-8B-Base,both,nar_k64,20260902,106,2.334808826446533,2047,2.346719264984131,0.0
qwen3_8b_base,Qwen/Qwen3-8B-Base,both,nar_k64,20260902,107,2.2621519565582275,2047,2.2683937549591064,0.0
qwen3_8b_base,Qwen/Qwen3-8B-Base,both,nar_k64,20260902,108,2.03166127204895,2047,2.039538621902466,0.0
qwen3_8b_base,Qwen/Qwen3-8B-Base,both,nar_k64,20260902,109,2.229052782058716,2047,2.22746205329895,0.0
qwen3_8b_base,Qwen/Qwen3-8B-Base,both,nar_k64,20260902,110,2.0972745418548584,2047,2.0903069972991943,0.0
qwen3_8b_base,Qwen/Qwen3-8B-Base,both,nar_k64,20260902,111,1.9577683210372925,2047,1.9590306282043457,0.0
qwen3_8b_base,Qwen/Qwen3-8B-Base,both,nar_k64,20260902,112,2.0052099227905273,2047,1.9389525651931763,0.0
qwen3_8b_base,Qwen/Qwen3-8B-Base,both,nar_k64,20260902,113,2.028317928314209,2047,2.0516161918640137,0.0
qwen3_8b_base,Qwen/Qwen3-8B-Base,both,nar_k64,20260902,114,2.32546067237854,2047,2.338132381439209,0.0
qwen3_8b_base,Qwen/Qwen3-8B-Base,both,nar_k64,20260902,115,2.3619015216827393,2047,2.3215858936309814,0.0
qwen3_8b_base,Qwen/Qwen3-8B-Base,both,nar_k64,20260902,116,2.454190969467163,2047,2.463620662689209,0.0
qwen3_8b_base,Qwen/Qwen3-8B-Base,both,nar_k64,20260902,117,2.2648277282714844,2047,2.2755613327026367,0.0
qwen3_8b_base,Qwen/Qwen3-8B-Base,both,nar_k64,20260902,118,2.1013147830963135,2047,2.1004319190979004,0.0
qwen3_8b_base,Qwen/Qwen3-8B-Base,both,nar_k64,20260902,119,2.0832560062408447,2047,2.092142105102539,0.0
qwen3_8b_base,Qwen/Qwen3-8B-Base,both,nar_k64,20260902,120,2.443735122680664,2047,2.4699783325195312,0.0
qwen3_8b_base,Qwen/Qwen3-8B-Base,both,nar_k64,20260902,121,1.9786310195922852,2047,1.9615594148635864,0.0
qwen3_8b_base,Qwen/Qwen3-8B-Base,both,nar_k64,20260902,122,1.8543373346328735,2047,1.8587521314620972,0.0
qwen3_8b_base,Qwen/Qwen3-8B-Base,both,nar_k64,20260902,123,1.9334304332733154,2047,1.9295624494552612,0.0
qwen3_8b_base,Qwen/Qwen3-8B-Base,both,nar_k64,20260902,124,2.1505556106567383,2047,2.1407008171081543,0.0
qwen3_8b_base,Qwen/Qwen3-8B-Base,both,nar_k64,20260902,125,2.385270357131958,2047,2.4016778469085693,0.0
qwen3_8b_base,Qwen/Qwen3-8B-Base,both,nar_k64,20260902,126,2.2474560737609863,2047,2.2535088062286377,0.0
qwen3_8b_base,Qwen/Qwen3-8B-Base,both,nar_k64,20260902,127,2.1901257038116455,2047,2.202407121658325,0.0
qwen3_8b_base,Qwen/Qwen3-8B-Base,both,nar_k64,20260902,128,2.081240177154541,2047,2.1028406620025635,0.0
qwen3_8b_base,Qwen/Qwen3-8B-Base,both,nar_k64,20260902,129,2.104243278503418,2047,2.105419158935547,0.0
qwen3_8b_base,Qwen/Qwen3-8B-Base,both,nar_k64,20260902,130,1.9839794635772705,2047,1.9888960123062134,0.0
qwen3_8b_base,Qwen/Qwen3-8B-Base,both,nar_k64,20260902,131,2.219113826751709,2047,2.22404408454895,0.0
qwen3_8b_base,Qwen/Qwen3-8B-Base,both,nar_k64,20260902,132,2.074901819229126,2047,2.0848186016082764,0.0
qwen3_8b_base,Qwen/Qwen3-8B-Base,both,nar_k64,20260902,133,2.1168041229248047,2047,2.1111507415771484,0.0
qwen3_8b_base,Qwen/Qwen3-8B-Base,both,nar_k64,20260902,134,2.519066572189331,2047,2.510817527770996,0.0
qwen3_8b_base,Qwen/Qwen3-8B-Base,both,nar_k64,20260902,135,2.214167833328247,2047,2.2297229766845703,0.0
qwen3_8b_base,Qwen/Qwen3-8B-Base,both,nar_k64,20260902,136,1.7960463762283325,2047,1.7882274389266968,0.0
qwen3_8b_base,Qwen/Qwen3-8B-Base,both,nar_k64,20260902,137,1.590293288230896,2047,1.5746538639068604,0.0
qwen3_8b_base,Qwen/Qwen3-8B-Base,both,nar_k64,20260902,138,1.771000623703003,2047,1.7630268335342407,0.0
qwen3_8b_base,Qwen/Qwen3-8B-Base,both,nar_k64,20260902,139,2.379300832748413,2047,2.3875534534454346,0.0
qwen3_8b_base,Qwen/Qwen3-8B-Base,both,nar_k64,20260902,140,2.6164958477020264,2047,2.6119558811187744,0.0
qwen3_8b_base,Qwen/Qwen3-8B-Base,both,nar_k64,20260902,141,2.303312063217163,2047,2.294450521469116,0.0
qwen3_8b_base,Qwen/Qwen3-8B-Base,both,nar_k64,20260902,142,2.2270781993865967,2047,2.273564100265503,0.0
qwen3_8b_base,Qwen/Qwen3-8B-Base,both,nar_k64,20260902,143,2.2623767852783203,2047,2.266357898712158,0.0
qwen3_8b_base,Qwen/Qwen3-8B-Base,both,nar_k64,20260902,144,2.351799964904785,2047,2.347968816757202,0.0
qwen3_8b_base,Qwen/Qwen3-8B-Base,both,nar_k64,20260902,145,2.323232412338257,2047,2.3321025371551514,0.0
qwen3_8b_base,Qwen/Qwen3-8B-Base,both,nar_kmax,20260902,0,1.9410254955291748,2047,1.9303478002548218,0.0
qwen3_8b_base,Qwen/Qwen3-8B-Base,both,nar_kmax,20260902,1,2.3534133434295654,2047,2.3539559841156006,0.0
qwen3_8b_base,Qwen/Qwen3-8B-Base,both,nar_kmax,20260902,2,2.5493276119232178,2047,2.5500614643096924,0.0
qwen3_8b_base,Qwen/Qwen3-8B-Base,both,nar_kmax,20260902,3,2.2839510440826416,2047,2.2763586044311523,0.0
qwen3_8b_base,Qwen/Qwen3-8B-Base,both,nar_kmax,20260902,4,2.0676944255828857,2047,2.063693046569824,0.0
qwen3_8b_base,Qwen/Qwen3-8B-Base,both,nar_kmax,20260902,5,1.6500617265701294,2047,1.6488471031188965,0.0
qwen3_8b_base,Qwen/Qwen3-8B-Base,both,nar_kmax,20260902,6,1.4458870887756348,2047,1.4703413248062134,0.0
qwen3_8b_base,Qwen/Qwen3-8B-Base,both,nar_kmax,20260902,7,2.0022084712982178,2047,2.0088658332824707,0.0
qwen3_8b_base,Qwen/Qwen3-8B-Base,both,nar_kmax,20260902,8,2.1823930740356445,2047,2.1827001571655273,0.0
qwen3_8b_base,Qwen/Qwen3-8B-Base,both,nar_kmax,20260902,9,2.34700608253479,2047,2.3681938648223877,0.0
qwen3_8b_base,Qwen/Qwen3-8B-Base,both,nar_kmax,20260902,10,2.201263189315796,2047,2.2024097442626953,0.0
qwen3_8b_base,Qwen/Qwen3-8B-Base,both,nar_kmax,20260902,11,2.24540114402771,2047,2.2407917976379395,0.0
qwen3_8b_base,Qwen/Qwen3-8B-Base,both,nar_kmax,20260902,12,2.144967555999756,2047,2.151665449142456,0.0
qwen3_8b_base,Qwen/Qwen3-8B-Base,both,nar_kmax,20260902,13,2.3455746173858643,2047,2.3428795337677,0.0
qwen3_8b_base,Qwen/Qwen3-8B-Base,both,nar_kmax,20260902,14,2.305345296859741,2047,2.325301170349121,0.0
qwen3_8b_base,Qwen/Qwen3-8B-Base,both,nar_kmax,20260902,15,2.2949647903442383,2047,2.2157254219055176,0.0
qwen3_8b_base,Qwen/Qwen3-8B-Base,both,nar_kmax,20260902,16,2.5161044597625732,2047,2.5167839527130127,0.0
qwen3_8b_base,Qwen/Qwen3-8B-Base,both,nar_kmax,20260902,17,2.339893341064453,2047,2.3566055297851562,0.0
qwen3_8b_base,Qwen/Qwen3-8B-Base,both,nar_kmax,20260902,18,2.0895402431488037,2047,2.0960443019866943,0.0
qwen3_8b_base,Qwen/Qwen3-8B-Base,both,nar_kmax,20260902,19,1.9552630186080933,2047,1.961556315422058,0.0
qwen3_8b_base,Qwen/Qwen3-8B-Base,both,nar_kmax,20260902,20,2.082551956176758,2047,2.076219320297241,0.0
qwen3_8b_base,Qwen/Qwen3-8B-Base,both,nar_kmax,20260902,21,2.3258543014526367,2047,2.3250985145568848,0.0
qwen3_8b_base,Qwen/Qwen3-8B-Base,both,nar_kmax,20260902,22,2.158489465713501,2047,2.1676385402679443,0.0
qwen3_8b_base,Qwen/Qwen3-8B-Base,both,nar_kmax,20260902,23,2.265038251876831,2047,2.268009901046753,0.0
qwen3_8b_base,Qwen/Qwen3-8B-Base,both,nar_kmax,20260902,24,2.2485744953155518,2047,2.2448782920837402,0.0
qwen3_8b_base,Qwen/Qwen3-8B-Base,both,nar_kmax,20260902,25,2.357002019882202,2047,2.3755524158477783,0.0
qwen3_8b_base,Qwen/Qwen3-8B-Base,both,nar_kmax,20260902,26,2.4139652252197266,2047,2.415009021759033,0.0
qwen3_8b_base,Qwen/Qwen3-8B-Base,both,nar_kmax,20260902,27,2.6277432441711426,2047,2.620047092437744,0.0
qwen3_8b_base,Qwen/Qwen3-8B-Base,both,nar_kmax,20260902,28,2.3954875469207764,2047,2.384552478790283,0.0
qwen3_8b_base,Qwen/Qwen3-8B-Base,both,nar_kmax,20260902,29,2.044235944747925,2047,2.098599433898926,0.0
qwen3_8b_base,Qwen/Qwen3-8B-Base,both,nar_kmax,20260902,30,1.9720447063446045,2047,1.9694372415542603,0.0
qwen3_8b_base,Qwen/Qwen3-8B-Base,both,nar_kmax,20260902,31,1.919507384300232,2047,1.9135682582855225,0.0
qwen3_8b_base,Qwen/Qwen3-8B-Base,both,nar_kmax,20260902,32,1.6847625970840454,2047,1.665102481842041,0.0
qwen3_8b_base,Qwen/Qwen3-8B-Base,both,nar_kmax,20260902,33,2.1909422874450684,2047,2.2055728435516357,0.0
qwen3_8b_base,Qwen/Qwen3-8B-Base,both,nar_kmax,20260902,34,1.9948097467422485,2047,1.9960002899169922,0.0
qwen3_8b_base,Qwen/Qwen3-8B-Base,both,nar_kmax,20260902,35,2.1109235286712646,2047,2.104891300201416,0.0
qwen3_8b_base,Qwen/Qwen3-8B-Base,both,nar_kmax,20260902,36,1.7053576707839966,2047,1.742836833000183,0.0
qwen3_8b_base,Qwen/Qwen3-8B-Base,both,nar_kmax,20260902,37,1.5483813285827637,2047,1.5503016710281372,0.0
qwen3_8b_base,Qwen/Qwen3-8B-Base,both,nar_kmax,20260902,38,1.7581517696380615,2047,1.768412470817566,0.0
qwen3_8b_base,Qwen/Qwen3-8B-Base,both,nar_kmax,20260902,39,1.5125969648361206,2047,1.506171464920044,0.0
qwen3_8b_base,Qwen/Qwen3-8B-Base,both,nar_kmax,20260902,40,1.7371257543563843,2047,1.77593994140625,0.0
qwen3_8b_base,Qwen/Qwen3-8B-Base,both,nar_kmax,20260902,41,2.0363881587982178,2047,1.9266095161437988,0.0
qwen3_8b_base,Qwen/Qwen3-8B-Base,both,nar_kmax,20260902,42,2.562741756439209,2047,2.5731120109558105,0.0
qwen3_8b_base,Qwen/Qwen3-8B-Base,both,nar_kmax,20260902,43,2.7990150451660156,2047,2.8381166458129883,0.0
qwen3_8b_base,Qwen/Qwen3-8B-Base,both,nar_kmax,20260902,44,2.6109261512756348,2047,2.627345561981201,0.0
qwen3_8b_base,Qwen/Qwen3-8B-Base,both,nar_kmax,20260902,45,2.358717203140259,2047,2.3551363945007324,0.0
qwen3_8b_base,Qwen/Qwen3-8B-Base,both,nar_kmax,20260902,46,2.364866256713867,2047,2.3443658351898193,0.0
qwen3_8b_base,Qwen/Qwen3-8B-Base,both,nar_kmax,20260902,47,2.439917802810669,2047,2.424978256225586,0.0
qwen3_8b_base,Qwen/Qwen3-8B-Base,both,nar_kmax,20260902,48,2.483999729156494,2047,2.485114812850952,0.0
qwen3_8b_base,Qwen/Qwen3-8B-Base,both,nar_kmax,20260902,49,1.8863672018051147,2047,1.8778053522109985,0.0
qwen3_8b_base,Qwen/Qwen3-8B-Base,both,nar_kmax,20260902,50,2.333390951156616,2047,2.3469715118408203,0.0
qwen3_8b_base,Qwen/Qwen3-8B-Base,both,nar_kmax,20260902,51,2.0686001777648926,2047,2.0853474140167236,0.0
qwen3_8b_base,Qwen/Qwen3-8B-Base,both,nar_kmax,20260902,52,1.9621384143829346,2047,1.9758139848709106,0.0
qwen3_8b_base,Qwen/Qwen3-8B-Base,both,nar_kmax,20260902,53,1.9613854885101318,2047,1.9288986921310425,0.0
qwen3_8b_base,Qwen/Qwen3-8B-Base,both,nar_kmax,20260902,54,1.811289668083191,2047,1.825015664100647,0.0
qwen3_8b_base,Qwen/Qwen3-8B-Base,both,nar_kmax,20260902,55,1.9757829904556274,2047,1.9781686067581177,0.0
qwen3_8b_base,Qwen/Qwen3-8B-Base,both,nar_kmax,20260902,56,1.8164384365081787,2047,1.8371765613555908,0.0
qwen3_8b_base,Qwen/Qwen3-8B-Base,both,nar_kmax,20260902,57,1.6500744819641113,2047,1.6237198114395142,0.0
qwen3_8b_base,Qwen/Qwen3-8B-Base,both,nar_kmax,20260902,58,2.0262064933776855,2047,2.005819320678711,0.0
qwen3_8b_base,Qwen/Qwen3-8B-Base,both,nar_kmax,20260902,59,1.9355478286743164,2047,1.944263219833374,0.0
qwen3_8b_base,Qwen/Qwen3-8B-Base,both,nar_kmax,20260902,60,2.1913254261016846,2047,2.2046244144439697,0.0
qwen3_8b_base,Qwen/Qwen3-8B-Base,both,nar_kmax,20260902,61,2.364234447479248,2047,2.3969643115997314,0.0
qwen3_8b_base,Qwen/Qwen3-8B-Base,both,nar_kmax,20260902,62,2.4285991191864014,2047,2.436920404434204,0.0
qwen3_8b_base,Qwen/Qwen3-8B-Base,both,nar_kmax,20260902,63,2.6597371101379395,2047,2.6488144397735596,0.0
qwen3_8b_base,Qwen/Qwen3-8B-Base,both,nar_kmax,20260902,64,2.0116095542907715,2047,2.011898994445801,0.0
qwen3_8b_base,Qwen/Qwen3-8B-Base,both,nar_kmax,20260902,65,1.9409728050231934,2047,1.9383896589279175,0.0
qwen3_8b_base,Qwen/Qwen3-8B-Base,both,nar_kmax,20260902,66,2.3042526245117188,2047,2.279860734939575,0.0
qwen3_8b_base,Qwen/Qwen3-8B-Base,both,nar_kmax,20260902,67,2.01161789894104,2047,2.0100820064544678,0.0
qwen3_8b_base,Qwen/Qwen3-8B-Base,both,nar_kmax,20260902,68,2.054365873336792,2047,2.0802392959594727,0.0
qwen3_8b_base,Qwen/Qwen3-8B-Base,both,nar_kmax,20260902,69,2.0555357933044434,2047,2.0030672550201416,0.0
qwen3_8b_base,Qwen/Qwen3-8B-Base,both,nar_kmax,20260902,70,1.865607500076294,2047,1.8953560590744019,0.0
qwen3_8b_base,Qwen/Qwen3-8B-Base,both,nar_kmax,20260902,71,1.996981143951416,2047,2.003835439682007,0.0
qwen3_8b_base,Qwen/Qwen3-8B-Base,both,nar_kmax,20260902,72,2.489825963973999,2047,2.490216016769409,0.0
qwen3_8b_base,Qwen/Qwen3-8B-Base,both,nar_kmax,20260902,73,2.5216212272644043,2047,2.5323686599731445,0.0
qwen3_8b_base,Qwen/Qwen3-8B-Base,both,nar_kmax,20260902,74,2.1477272510528564,2047,2.1758289337158203,0.0
qwen3_8b_base,Qwen/Qwen3-8B-Base,both,nar_kmax,20260902,75,2.0279252529144287,2047,2.02593994140625,0.0
qwen3_8b_base,Qwen/Qwen3-8B-Base,both,nar_kmax,20260902,76,2.166053533554077,2047,2.187303066253662,0.0
qwen3_8b_base,Qwen/Qwen3-8B-Base,both,nar_kmax,20260902,77,2.1532864570617676,2047,2.1535098552703857,0.0
qwen3_8b_base,Qwen/Qwen3-8B-Base,both,nar_kmax,20260902,78,2.098228693008423,2047,2.1432719230651855,0.0
qwen3_8b_base,Qwen/Qwen3-8B-Base,both,nar_kmax,20260902,79,2.311418056488037,2047,2.310410499572754,0.0
qwen3_8b_base,Qwen/Qwen3-8B-Base,both,nar_kmax,20260902,80,2.275729179382324,2047,2.290703296661377,0.0
qwen3_8b_base,Qwen/Qwen3-8B-Base,both,nar_kmax,20260902,81,2.3251559734344482,2047,2.3558177947998047,0.0
qwen3_8b_base,Qwen/Qwen3-8B-Base,both,nar_kmax,20260902,82,1.8030121326446533,2047,1.8021163940429688,0.0
qwen3_8b_base,Qwen/Qwen3-8B-Base,both,nar_kmax,20260902,83,1.9789772033691406,2047,1.9820225238800049,0.0
qwen3_8b_base,Qwen/Qwen3-8B-Base,both,nar_kmax,20260902,84,1.8544412851333618,2047,1.811120867729187,0.0
qwen3_8b_base,Qwen/Qwen3-8B-Base,both,nar_kmax,20260902,85,2.0099968910217285,2047,2.00738525390625,0.0
qwen3_8b_base,Qwen/Qwen3-8B-Base,both,nar_kmax,20260902,86,1.98170006275177,2047,2.021085500717163,0.0
qwen3_8b_base,Qwen/Qwen3-8B-Base,both,nar_kmax,20260902,87,1.9966825246810913,2047,2.0030195713043213,0.0
qwen3_8b_base,Qwen/Qwen3-8B-Base,both,nar_kmax,20260902,88,2.2574989795684814,2047,2.279634714126587,0.0
qwen3_8b_base,Qwen/Qwen3-8B-Base,both,nar_kmax,20260902,89,2.213423490524292,2047,2.2167296409606934,0.0
qwen3_8b_base,Qwen/Qwen3-8B-Base,both,nar_kmax,20260902,90,2.3029792308807373,2047,2.305572271347046,0.0
qwen3_8b_base,Qwen/Qwen3-8B-Base,both,nar_kmax,20260902,91,3.0264878273010254,2047,3.017662286758423,0.0
qwen3_8b_base,Qwen/Qwen3-8B-Base,both,nar_kmax,20260902,92,2.9353208541870117,2047,2.984069585800171,0.0
qwen3_8b_base,Qwen/Qwen3-8B-Base,both,nar_kmax,20260902,93,2.5089831352233887,2047,2.4505672454833984,0.0
qwen3_8b_base,Qwen/Qwen3-8B-Base,both,nar_kmax,20260902,94,2.7141213417053223,2047,2.6989524364471436,0.0
qwen3_8b_base,Qwen/Qwen3-8B-Base,both,nar_kmax,20260902,95,2.7344417572021484,2047,2.732146978378296,0.0
qwen3_8b_base,Qwen/Qwen3-8B-Base,both,nar_kmax,20260902,96,2.4035065174102783,2047,2.4129836559295654,0.0
qwen3_8b_base,Qwen/Qwen3-8B-Base,both,nar_kmax,20260902,97,2.6186039447784424,2047,2.6257545948028564,0.0
qwen3_8b_base,Qwen/Qwen3-8B-Base,both,nar_kmax,20260902,98,2.252403736114502,2047,2.2592763900756836,0.0
qwen3_8b_base,Qwen/Qwen3-8B-Base,both,nar_kmax,20260902,99,2.3785130977630615,2047,2.3672871589660645,0.0
qwen3_8b_base,Qwen/Qwen3-8B-Base,both,nar_kmax,20260902,100,2.0774412155151367,2047,2.0607166290283203,0.0
qwen3_8b_base,Qwen/Qwen3-8B-Base,both,nar_kmax,20260902,101,2.1916723251342773,2047,2.1870028972625732,0.0
qwen3_8b_base,Qwen/Qwen3-8B-Base,both,nar_kmax,20260902,102,2.4583301544189453,2047,2.512963056564331,0.0
qwen3_8b_base,Qwen/Qwen3-8B-Base,both,nar_kmax,20260902,103,2.184439182281494,2047,2.180511474609375,0.0
qwen3_8b_base,Qwen/Qwen3-8B-Base,both,nar_kmax,20260902,104,2.451580047607422,2047,2.4691002368927,0.0
qwen3_8b_base,Qwen/Qwen3-8B-Base,both,nar_kmax,20260902,105,2.150892496109009,2047,2.153520345687866,0.0
qwen3_8b_base,Qwen/Qwen3-8B-Base,both,nar_kmax,20260902,106,2.329850673675537,2047,2.3445801734924316,0.0
qwen3_8b_base,Qwen/Qwen3-8B-Base,both,nar_kmax,20260902,107,2.282231330871582,2047,2.275678873062134,0.0
qwen3_8b_base,Qwen/Qwen3-8B-Base,both,nar_kmax,20260902,108,2.046967029571533,2047,2.041368007659912,0.0
qwen3_8b_base,Qwen/Qwen3-8B-Base,both,nar_kmax,20260902,109,2.2308268547058105,2047,2.2254998683929443,0.0
qwen3_8b_base,Qwen/Qwen3-8B-Base,both,nar_kmax,20260902,110,2.102635383605957,2047,2.0892813205718994,0.0
qwen3_8b_base,Qwen/Qwen3-8B-Base,both,nar_kmax,20260902,111,1.9540199041366577,2047,1.9591764211654663,0.0
qwen3_8b_base,Qwen/Qwen3-8B-Base,both,nar_kmax,20260902,112,1.9293121099472046,2047,1.9382935762405396,0.0
qwen3_8b_base,Qwen/Qwen3-8B-Base,both,nar_kmax,20260902,113,2.02228045463562,2047,2.051427125930786,0.0
qwen3_8b_base,Qwen/Qwen3-8B-Base,both,nar_kmax,20260902,114,2.3220345973968506,2047,2.336832046508789,0.0
qwen3_8b_base,Qwen/Qwen3-8B-Base,both,nar_kmax,20260902,115,2.351181745529175,2047,2.3223376274108887,0.0
qwen3_8b_base,Qwen/Qwen3-8B-Base,both,nar_kmax,20260902,116,2.457500696182251,2047,2.4633071422576904,0.0
qwen3_8b_base,Qwen/Qwen3-8B-Base,both,nar_kmax,20260902,117,2.278658628463745,2047,2.2766611576080322,0.0
qwen3_8b_base,Qwen/Qwen3-8B-Base,both,nar_kmax,20260902,118,2.1115667819976807,2047,2.100128412246704,0.0
qwen3_8b_base,Qwen/Qwen3-8B-Base,both,nar_kmax,20260902,119,2.103553295135498,2047,2.0930895805358887,0.0
qwen3_8b_base,Qwen/Qwen3-8B-Base,both,nar_kmax,20260902,120,2.455653190612793,2047,2.4720547199249268,0.0
qwen3_8b_base,Qwen/Qwen3-8B-Base,both,nar_kmax,20260902,121,1.9760199785232544,2047,1.9630686044692993,0.0
qwen3_8b_base,Qwen/Qwen3-8B-Base,both,nar_kmax,20260902,122,1.8563594818115234,2047,1.8564077615737915,0.0
qwen3_8b_base,Qwen/Qwen3-8B-Base,both,nar_kmax,20260902,123,1.9206470251083374,2047,1.9308350086212158,0.0
qwen3_8b_base,Qwen/Qwen3-8B-Base,both,nar_kmax,20260902,124,2.1434051990509033,2047,2.138380289077759,0.0
qwen3_8b_base,Qwen/Qwen3-8B-Base,both,nar_kmax,20260902,125,2.4022035598754883,2047,2.402341842651367,0.0
qwen3_8b_base,Qwen/Qwen3-8B-Base,both,nar_kmax,20260902,126,2.2258408069610596,2047,2.2514102458953857,0.0
qwen3_8b_base,Qwen/Qwen3-8B-Base,both,nar_kmax,20260902,127,2.1875295639038086,2047,2.198054313659668,0.0
qwen3_8b_base,Qwen/Qwen3-8B-Base,both,nar_kmax,20260902,128,2.1011059284210205,2047,2.1072380542755127,0.0
qwen3_8b_base,Qwen/Qwen3-8B-Base,both,nar_kmax,20260902,129,2.1035571098327637,2047,2.1016485691070557,0.0
qwen3_8b_base,Qwen/Qwen3-8B-Base,both,nar_kmax,20260902,130,1.9934543371200562,2047,1.9875723123550415,0.0
qwen3_8b_base,Qwen/Qwen3-8B-Base,both,nar_kmax,20260902,131,2.2157907485961914,2047,2.2229208946228027,0.0
qwen3_8b_base,Qwen/Qwen3-8B-Base,both,nar_kmax,20260902,132,2.0734481811523438,2047,2.080415964126587,0.0
qwen3_8b_base,Qwen/Qwen3-8B-Base,both,nar_kmax,20260902,133,2.1112751960754395,2047,2.11220121383667,0.0
qwen3_8b_base,Qwen/Qwen3-8B-Base,both,nar_kmax,20260902,134,2.5079636573791504,2047,2.5122506618499756,0.0
qwen3_8b_base,Qwen/Qwen3-8B-Base,both,nar_kmax,20260902,135,2.2141740322113037,2047,2.2306947708129883,0.0
qwen3_8b_base,Qwen/Qwen3-8B-Base,both,nar_kmax,20260902,136,1.7872532606124878,2047,1.7865914106369019,0.0
qwen3_8b_base,Qwen/Qwen3-8B-Base,both,nar_kmax,20260902,137,1.584536075592041,2047,1.5779050588607788,0.0
qwen3_8b_base,Qwen/Qwen3-8B-Base,both,nar_kmax,20260902,138,1.7696239948272705,2047,1.7642849683761597,0.0
qwen3_8b_base,Qwen/Qwen3-8B-Base,both,nar_kmax,20260902,139,2.3728435039520264,2047,2.3862318992614746,0.0
qwen3_8b_base,Qwen/Qwen3-8B-Base,both,nar_kmax,20260902,140,2.623537540435791,2047,2.6130244731903076,0.0
qwen3_8b_base,Qwen/Qwen3-8B-Base,both,nar_kmax,20260902,141,2.296797752380371,2047,2.2963430881500244,0.0
qwen3_8b_base,Qwen/Qwen3-8B-Base,both,nar_kmax,20260902,142,2.24373459815979,2047,2.2754743099212646,0.0
qwen3_8b_base,Qwen/Qwen3-8B-Base,both,nar_kmax,20260902,143,2.2594494819641113,2047,2.2547216415405273,0.0
qwen3_8b_base,Qwen/Qwen3-8B-Base,both,nar_kmax,20260902,144,2.348707675933838,2047,2.346417188644409,0.0
qwen3_8b_base,Qwen/Qwen3-8B-Base,both,nar_kmax,20260902,145,2.322204351425171,2047,2.330069065093994,0.0
