model,site,layer,rank,eigenvalue,fraction_total_energy,cumulative_fraction_total_energy,relative_ritz_residual
llama32_3b,qkv,0,1,11.395370191154454,0.22213890637899447,0.22213890637899447,9.810099546601046e-05
llama32_3b,qkv,0,2,3.4156838949138297,0.06658461043604179,0.2887235168150363,0.000770901808386161
llama32_3b,qkv,0,3,1.9718493101312504,0.03843880821324637,0.32716232502828263,0.0039733815388726485
llama32_3b,qkv,0,4,1.5957866262961253,0.031107922782079776,0.3582702478103624,0.005642959529106823
llama32_3b,qkv,0,5,1.200501508318509,0.02340231933590128,0.3816725671462637,0.005908959214384996
llama32_3b,qkv,0,6,0.9993670260637775,0.01948144680840291,0.4011540139546666,0.010049597349192326
llama32_3b,qkv,0,7,0.9045406044153588,0.01763292085027613,0.41878693480494267,0.013345273730062496
llama32_3b,qkv,0,8,0.8448768648061058,0.016469848686322338,0.43525678349126506,0.01653602111247504
llama32_3b,qkv,0,9,0.7728911838766568,0.015066575236809678,0.4503233587280748,0.02100454093046763
llama32_3b,qkv,0,10,0.705495531035613,0.013752778811974873,0.46407613754004967,0.02416474172460816
llama32_3b,qkv,0,11,0.6652163886291028,0.01296758583500503,0.47704372337505463,0.02259591644800519
llama32_3b,qkv,0,12,0.6109883381978723,0.011910475831925955,0.4889541992069806,0.02780741037973438
llama32_3b,qkv,0,13,0.5892408671494755,0.011486535288164621,0.5004407344951451,0.025695121145314935
llama32_3b,qkv,0,14,0.5253798275222659,0.010241641856442172,0.5106823763515873,0.028469227099999016
llama32_3b,qkv,0,15,0.499451933608465,0.009736209044510082,0.5204185853960974,0.050817260267382036
llama32_3b,qkv,0,16,0.4545201676104451,0.008860318819528645,0.5292789042156262,0.044456076480974396
llama32_3b,qkv,0,17,0.43242502121592974,0.00842960076701892,0.537708504982645,0.05451093796158847
llama32_3b,qkv,0,18,0.42003416217279554,0.00818805601412667,0.5458965609967718,0.043219566811331975
llama32_3b,qkv,0,19,0.39090823510438966,0.007620281428683863,0.5535168424254556,0.058494193515700975
llama32_3b,qkv,0,20,0.37050780151837637,0.007222599744768758,0.5607394421702243,0.05849503397631596
llama32_3b,qkv,0,21,0.3483126099683723,0.0067899314334209275,0.5675293736036452,0.09098911803408698
llama32_3b,qkv,0,22,0.3317894802414658,0.00646783308067567,0.5739972066843209,0.07020911734731693
llama32_3b,qkv,0,23,0.30900829740462205,0.0060237415806623906,0.5800209482649833,0.09134739183331032
llama32_3b,qkv,0,24,0.28536780470470374,0.005562898878185128,0.5855838471431685,0.08451470823018187
llama32_3b,qkv,0,25,0.27875372288129824,0.005433965383414333,0.5910178125265827,0.10396403167204346
llama32_3b,qkv,0,26,0.2758091941090728,0.005376565370050013,0.5963943778966327,0.10337617403582103
llama32_3b,qkv,0,27,0.25118117495424985,0.004896472038323064,0.6012908499349559,0.10257877093255988
llama32_3b,qkv,0,28,0.23207478575298138,0.004524016178546277,0.6058148661135021,0.09546623986344537
llama32_3b,qkv,0,29,0.23009196502387103,0.004485363495840797,0.6103002296093428,0.11674994932301949
llama32_3b,qkv,0,30,0.2169920753732388,0.004229997052112992,0.6145302266614558,0.12529559833667284
llama32_3b,qkv,0,31,0.21553130838782503,0.004201521173298082,0.6187317478347539,0.14581158973781316
llama32_3b,qkv,0,32,0.20606027431608176,0.0040168948631665894,0.6227486426979205,0.1497086230494208
llama32_3b,qkv,0,33,0.19733860608085568,0.00384687653018804,0.6265955192281085,0.1598694920965451
llama32_3b,qkv,0,34,0.19205957483475097,0.003743968225492461,0.630339487453601,0.10581758393751779
llama32_3b,qkv,0,35,0.18475182331885295,0.0036015124822739455,0.6339409999358749,0.1487413681311538
llama32_3b,qkv,0,36,0.16955650832546196,0.0033052982656145875,0.6372462982014895,0.154529981405078
llama32_3b,qkv,0,37,0.16770038359128328,0.0032691153675044843,0.640515413568994,0.1720041335537673
llama32_3b,qkv,0,38,0.16313148693366103,0.0031800502744133725,0.6436954638434074,0.1729653330330173
llama32_3b,qkv,0,39,0.1573239522639069,0.0030668394371473145,0.6467623032805547,0.15622731703027062
llama32_3b,qkv,0,40,0.1532521577416417,0.0029874647466367693,0.6497497680271915,0.1685669336282188
llama32_3b,qkv,0,41,0.15189044855899714,0.0029609198794174753,0.652710687906609,0.17250132942210528
llama32_3b,qkv,0,42,0.14969175546812927,0.00291805902711734,0.6556287469337264,0.1587054566802845
llama32_3b,qkv,0,43,0.1450269611522291,0.0028271245256106334,0.658455871459337,0.1829911912243104
llama32_3b,qkv,0,44,0.13844748262215031,0.0026988655800302347,0.6611547370393672,0.16703401243223545
llama32_3b,qkv,0,45,0.1374400459818557,0.002679226825889988,0.6638339638652572,0.1752589174512325
llama32_3b,qkv,0,46,0.13152645934363724,0.0025639486342599366,0.6663979124995171,0.19748222567120352
llama32_3b,qkv,0,47,0.13031679446032843,0.0025403676860541575,0.6689382801855712,0.22872560250025037
llama32_3b,qkv,0,48,0.12637517321077696,0.0024635305654474716,0.6714018107510188,0.20398553739675956
llama32_3b,qkv,1,1,47.492296483912476,0.3060247262282494,0.3060247262282494,3.302179681001256e-05
llama32_3b,qkv,1,2,5.869846446139326,0.03782335841119273,0.3438480846394421,0.003761782153625262
llama32_3b,qkv,1,3,4.5197328839400726,0.029123671012647376,0.3729717556520895,0.005523538431395562
llama32_3b,qkv,1,4,3.7907230706770827,0.02442617173300979,0.39739792738509927,0.007282750250143773
llama32_3b,qkv,1,5,2.7733279019577726,0.017870412146215823,0.4152683395313151,0.01211907075457059
llama32_3b,qkv,1,6,2.2816549768502905,0.014702233653292705,0.4299705731846078,0.016069203066065893
llama32_3b,qkv,1,7,2.171460439880599,0.013992176328113207,0.443962749512721,0.020437939607108782
llama32_3b,qkv,1,8,2.111827375053969,0.013607920486875827,0.45757066999959684,0.015426893647747936
llama32_3b,qkv,1,9,2.0451849789580585,0.013178498822093753,0.4707491688216906,0.025759262945375734
llama32_3b,qkv,1,10,1.9668401988337942,0.012673670846528035,0.48342283966821864,0.026894353478288346
llama32_3b,qkv,1,11,1.8446806127081636,0.011886514682940205,0.4953093543511588,0.024430769873219765
llama32_3b,qkv,1,12,1.5762136468558567,0.010156601922159917,0.5054659562733188,0.04626314421103624
llama32_3b,qkv,1,13,1.5361035120337767,0.009898145415807079,0.5153641016891258,0.043408644997662976
llama32_3b,qkv,1,14,1.403603050180402,0.009044356052777834,0.5244084577419036,0.04287518845967581
llama32_3b,qkv,1,15,1.3938305021805149,0.008981384970146972,0.5333898427120506,0.03843454275123399
llama32_3b,qkv,1,16,1.3715084329528546,0.008837548903458626,0.5422273916155093,0.03533952193249094
llama32_3b,qkv,1,17,1.2708404636804014,0.008188877644805302,0.5504162692603145,0.05707680209109035
llama32_3b,qkv,1,18,1.2044006501116087,0.0077607613551469775,0.5581770306154615,0.04552835709172683
llama32_3b,qkv,1,19,1.1719679096519335,0.007551775451014799,0.5657288060664764,0.07982765524769152
llama32_3b,qkv,1,20,1.1227600699904314,0.0072346963292293145,0.5729635023957057,0.06890888445176943
llama32_3b,qkv,1,21,1.075515428883865,0.006930267412735745,0.5798937698084415,0.08047530652004845
llama32_3b,qkv,1,22,1.0464905463239376,0.006743240623196989,0.5866370104316384,0.08423830894580678
llama32_3b,qkv,1,23,1.0163318146583498,0.0065489076832331555,0.5931859181148715,0.07426242916167208
llama32_3b,qkv,1,24,0.9861627297025847,0.006354508030075254,0.5995404261449468,0.06683988227675094
llama32_3b,qkv,1,25,0.9664052947710278,0.006227197622629485,0.6057676237675764,0.08530308538335539
llama32_3b,qkv,1,26,0.9507374482956871,0.006126239177088184,0.6118938629446645,0.06864131721888887
llama32_3b,qkv,1,27,0.9209650671317786,0.005934395752588077,0.6178282586972526,0.08493441556529206
llama32_3b,qkv,1,28,0.8791817009609572,0.005665157494175964,0.6234934161914285,0.07741562181001659
llama32_3b,qkv,1,29,0.8338594960143744,0.00537311612351837,0.6288665323149469,0.10906016471851725
llama32_3b,qkv,1,30,0.8183797550071527,0.005273369767697824,0.6341399020826447,0.09456619513208285
llama32_3b,qkv,1,31,0.7970372389908968,0.005135845619479193,0.6392757477021238,0.11294683316696773
llama32_3b,qkv,1,32,0.7704408070284047,0.0049644669662543064,0.6442402146683781,0.09400594345814102
llama32_3b,qkv,1,33,0.7349577730257405,0.004735825974549658,0.6489760406429278,0.12714769980128013
llama32_3b,qkv,1,34,0.7040984469955958,0.004536978635104569,0.6535130192780324,0.13131360609521298
llama32_3b,qkv,1,35,0.6849851367753962,0.00441381875528209,0.6579268380333145,0.15686278462508652
llama32_3b,qkv,1,36,0.6766000560872089,0.004359788055316391,0.6622866260886309,0.12560202648852042
llama32_3b,qkv,1,37,0.6602020887388282,0.004254124951191961,0.6665407510398229,0.1764577469051057
llama32_3b,qkv,1,38,0.6545790153888047,0.004217891717385606,0.6707586427572085,0.16049288749498275
llama32_3b,qkv,1,39,0.6126075536471278,0.0039474414330274476,0.674706084190236,0.12208789700774436
llama32_3b,qkv,1,40,0.6002247593020562,0.0038676507821231504,0.6785737349723591,0.16375254082804666
llama32_3b,qkv,1,41,0.5701165143020813,0.003673643161614602,0.6822473781339736,0.159966744962091
llama32_3b,qkv,1,42,0.5665075408361726,0.003650388124510977,0.6858977662584848,0.1446772230060088
llama32_3b,qkv,1,43,0.523989220698282,0.0033764140646486457,0.6892741803231334,0.18675894058928125
llama32_3b,qkv,1,44,0.514218106326114,0.003313452219842919,0.6925876325429762,0.16631174872069743
llama32_3b,qkv,1,45,0.5132855546680851,0.0033074431639123717,0.6958950757068887,0.2056309015453139
llama32_3b,qkv,1,46,0.4831730708700608,0.003113408229984413,0.6990084839368729,0.16297341154407166
llama32_3b,qkv,1,47,0.4733728812208367,0.0030502590336636023,0.7020587429705366,0.19488387053985662
llama32_3b,qkv,1,48,0.4610444659108999,0.002970818783362597,0.7050295617538992,0.20811487891571637
llama32_3b,qkv,2,1,83.75775197166647,0.16152460852538358,0.16152460852538358,0.0003492364185742349
llama32_3b,qkv,2,2,15.253938453743432,0.029416816703063918,0.1909414252284475,0.010736142437174502
llama32_3b,qkv,2,3,10.334565565333174,0.019929936249781822,0.21087136147822935,0.020010599369092906
llama32_3b,qkv,2,4,9.266293734511908,0.01786980228951901,0.22874116376774833,0.01800037327917226
llama32_3b,qkv,2,5,7.94235900226513,0.015316629188458945,0.2440577929562073,0.02987335565376108
llama32_3b,qkv,2,6,7.15393517914825,0.013796174706536839,0.25785396766274415,0.04120970135466095
llama32_3b,qkv,2,7,6.261303105661436,0.0120747573710294,0.2699287250337735,0.05271860404385981
llama32_3b,qkv,2,8,6.092007476344182,0.011748275229295483,0.281677000263069,0.043877424768764696
llama32_3b,qkv,2,9,5.443769285110612,0.010498165029279308,0.2921751652923484,0.07008395641700033
llama32_3b,qkv,2,10,5.152731146880022,0.009936905680299228,0.3021120709726476,0.05650449891856503
llama32_3b,qkv,2,11,4.700993995319342,0.009065742536058038,0.3111778135087056,0.059835556129079356
llama32_3b,qkv,2,12,4.5289354893692835,0.008733932259840895,0.3199117457685465,0.07185664083257086
llama32_3b,qkv,2,13,4.235597736147768,0.008168238164196482,0.328079983932743,0.06701587046777382
llama32_3b,qkv,2,14,4.219198399954136,0.008136612478258198,0.3362165964110012,0.07852677440230404
llama32_3b,qkv,2,15,4.093055967333856,0.007893350134561073,0.34410994654556226,0.08878322391841943
llama32_3b,qkv,2,16,3.9507243198859374,0.0076188673184203635,0.35172881386398264,0.10038553738940013
llama32_3b,qkv,2,17,3.8553056287792002,0.007434854897310566,0.3591636687612932,0.10201659475761711
llama32_3b,qkv,2,18,3.80335833178596,0.007334675909536116,0.3664983446708293,0.07376709879442367
llama32_3b,qkv,2,19,3.622230813810708,0.006985376283585986,0.37348372095441523,0.10320305228903869
llama32_3b,qkv,2,20,3.563972145750254,0.006873025983701404,0.38035674693811666,0.10584699595933712
llama32_3b,qkv,2,21,3.356118186706364,0.006472185123307101,0.3868289320614238,0.09015126415280472
llama32_3b,qkv,2,22,3.336918684778895,0.006435159391840886,0.3932640914532647,0.10499945597725004
llama32_3b,qkv,2,23,3.1625710484702343,0.006098934588295432,0.3993630260415601,0.09525134204985453
llama32_3b,qkv,2,24,3.1560676103114953,0.00608639287988121,0.4054494189214413,0.0996904046540216
llama32_3b,qkv,2,25,2.932656008247295,0.005655549516562958,0.41110496843800426,0.116812011592315
llama32_3b,qkv,2,26,2.902312740795301,0.005597033328136335,0.4167020017661406,0.13881666495314188
llama32_3b,qkv,2,27,2.868426353378987,0.00553168432660617,0.4222336860927468,0.17977183703049665
llama32_3b,qkv,2,28,2.769497593714306,0.005340902831155518,0.4275745889239023,0.11921410607395803
llama32_3b,qkv,2,29,2.700641293549867,0.005208115278161861,0.4327827042020641,0.1339272763787437
llama32_3b,qkv,2,30,2.567999265078559,0.004952318635839268,0.4377350228379034,0.17111270988498517
llama32_3b,qkv,2,31,2.533640480045908,0.004886058628005197,0.4426210814659086,0.1570797409028322
llama32_3b,qkv,2,32,2.4768452378879258,0.0047765305062526485,0.44739761197216127,0.1671427727605532
llama32_3b,qkv,2,33,2.4612973988931897,0.004746546910132614,0.45214415888229387,0.15099397070879172
llama32_3b,qkv,2,34,2.3939775038441318,0.004616722273752123,0.4567608811560461,0.15057231827522868
llama32_3b,qkv,2,35,2.310275207948493,0.004455304610802043,0.46121618576684814,0.14291307728138153
llama32_3b,qkv,2,36,2.2343411140768885,0.004308867719915934,0.465525053486764,0.18354064614861026
llama32_3b,qkv,2,37,2.2040900056810173,0.0042505292577906025,0.46977558274455455,0.17518776289562904
llama32_3b,qkv,2,38,2.19755641041774,0.004237929392198207,0.4740135121367528,0.1642353951696927
llama32_3b,qkv,2,39,2.1541159475607263,0.004154155608972576,0.47816766774572533,0.1709866533003554
llama32_3b,qkv,2,40,2.1316838175054555,0.004110895839694219,0.4822785635854196,0.1464062197284851
llama32_3b,qkv,2,41,2.102950796162174,0.004055484968282639,0.4863340485537022,0.17531001176688782
llama32_3b,qkv,2,42,2.036579448691234,0.003927489580808864,0.49026153813451107,0.18591169580250003
llama32_3b,qkv,2,43,1.953694770198605,0.003767648671387094,0.4940291868058981,0.17214024334238068
llama32_3b,qkv,2,44,1.8930796886368981,0.0036507540904138496,0.49767994089631196,0.2181539850721221
llama32_3b,qkv,2,45,1.8384131189269666,0.00354533105715468,0.5012252719534667,0.19207278551360227
llama32_3b,qkv,2,46,1.774170351265471,0.0034214405795231825,0.5046467125329898,0.2065319552121856
llama32_3b,qkv,2,47,1.7472018661032422,0.0033694325694487814,0.5080161451024386,0.20669491980931404
llama32_3b,qkv,2,48,1.6739554264665635,0.0032281787486419036,0.5112443238510807,0.20437493336534782
llama32_3b,qkv,3,1,64.10320436270206,0.17163279334447534,0.17163279334447534,0.0001234310397233429
llama32_3b,qkv,3,2,10.806459248307975,0.028933698484962238,0.2005664918294376,0.0043219437392022836
llama32_3b,qkv,3,3,7.008329196745233,0.01876441480068821,0.2193309066301258,0.011194552274008916
llama32_3b,qkv,3,4,5.7728516712755,0.015456491882967905,0.23478739851309371,0.012842897601700855
llama32_3b,qkv,3,5,5.025456925313451,0.01345538368165795,0.24824278219475165,0.015375827506899012
llama32_3b,qkv,3,6,3.8471883184701134,0.0103006344875554,0.25854341668230707,0.0286019817160742
llama32_3b,qkv,3,7,3.397352340037487,0.009096223471088977,0.26763964015339603,0.034804101997637615
llama32_3b,qkv,3,8,3.282133343009893,0.00878773096275345,0.2764273711161495,0.04728139838392772
llama32_3b,qkv,3,9,3.0846174595290132,0.008258893080954052,0.2846862641971035,0.038226412449653975
llama32_3b,qkv,3,10,2.7791539565390835,0.007441031402990031,0.29212729560009354,0.05448364039639231
llama32_3b,qkv,3,11,2.634132633482002,0.007052744810794638,0.2991800404108882,0.051196769939811315
llama32_3b,qkv,3,12,2.5671804370742524,0.006873483998417899,0.3060535244093061,0.0598495508424214
llama32_3b,qkv,3,13,2.345834311981861,0.006280841959329958,0.31233436636863604,0.0673252577894121
llama32_3b,qkv,3,14,2.2225547983166223,0.005950767862366024,0.3182851342310021,0.07223823424879802
llama32_3b,qkv,3,15,2.1881478632982225,0.005858645191957589,0.3241437794229597,0.07709871919863615
llama32_3b,qkv,3,16,2.055139568014527,0.005502522818911131,0.3296463022418708,0.06627525146491901
llama32_3b,qkv,3,17,1.9801390320819803,0.005301713021453869,0.3349480152633247,0.07827772353896104
llama32_3b,qkv,3,18,1.8583453426878518,0.0049756171370084045,0.33992363240033313,0.09937711174122539
llama32_3b,qkv,3,19,1.7815988564603054,0.0047701326539539,0.344693765054287,0.12644949931511434
llama32_3b,qkv,3,20,1.7050564498452905,0.004565194582803632,0.3492589596370906,0.12901743393047768
llama32_3b,qkv,3,21,1.6723305414982907,0.004477572768571846,0.35373653240566244,0.10450564090992004
llama32_3b,qkv,3,22,1.6036287576087702,0.004293627532230936,0.3580301599378934,0.11854760309444165
llama32_3b,qkv,3,23,1.5927542646813593,0.004264511677323342,0.3622946716152167,0.14425416020712897
llama32_3b,qkv,3,24,1.529158114540909,0.00409423649368664,0.3663889081089034,0.1274555328676541
llama32_3b,qkv,3,25,1.4219529264609354,0.0038072005167161726,0.3701961086256196,0.13322496380129623
llama32_3b,qkv,3,26,1.4098019900794116,0.003774667054876855,0.37397077568049647,0.14053842632699787
llama32_3b,qkv,3,27,1.3347084310965935,0.0035736081933342287,0.3775443838738306,0.13235699299854836
llama32_3b,qkv,3,28,1.301698143722001,0.003485224969944203,0.38102960884377485,0.14447921258735946
llama32_3b,qkv,3,29,1.2538054691395368,0.0033569949758113513,0.38438660381958617,0.1597951485742184
llama32_3b,qkv,3,30,1.1600815293030837,0.003106054297302313,0.3874926581168885,0.14977832892002735
llama32_3b,qkv,3,31,1.1111401425642027,0.002975016434224225,0.3904676745511127,0.1464448619056442
llama32_3b,qkv,3,32,1.0732261074744325,0.002873503696848433,0.39334117824796117,0.18433412937523413
llama32_3b,qkv,3,33,1.0526927987718755,0.0028185268955440226,0.3961597051435051,0.14911469858123824
llama32_3b,qkv,3,34,1.0280802299111904,0.0027526281002039177,0.3989123332437091,0.210730293213026
llama32_3b,qkv,3,35,0.9855360940293535,0.0026387185233829,0.401551051767092,0.23577886317129076
llama32_3b,qkv,3,36,0.9479498122456157,0.002538083327403072,0.404089135094495,0.20278720868353803
llama32_3b,qkv,3,37,0.921348674623537,0.0024668602489063183,0.4065559953434014,0.2236346050159335
llama32_3b,qkv,3,38,0.8990801772249537,0.0024072375755922392,0.40896323291899367,0.18561832867988762
llama32_3b,qkv,3,39,0.8663977925445814,0.0023197322935768093,0.4112829652125704,0.19217072069525734
llama32_3b,qkv,3,40,0.856161926382728,0.0022923263266033194,0.4135752915391738,0.19961594136832903
llama32_3b,qkv,3,41,0.8246001055332632,0.0022078212924277825,0.4157831128316015,0.1973025440484418
llama32_3b,qkv,3,42,0.8122601461072813,0.0021747817318146304,0.4179578945634162,0.22736111931921205
llama32_3b,qkv,3,43,0.7917736587162011,0.002119930291988741,0.42007782485540485,0.2138620656326391
llama32_3b,qkv,3,44,0.77267782272889,0.0020688022445793488,0.42214662709998424,0.22872333563973923
llama32_3b,qkv,3,45,0.7537073456730491,0.00201800983879338,0.4241646369387776,0.238453561715509
llama32_3b,qkv,3,46,0.7459515334387141,0.0019972440793954195,0.42616188101817304,0.22441509444385768
llama32_3b,qkv,3,47,0.7267911167116116,0.0019459431206179166,0.42810782413879095,0.24748772313738016
llama32_3b,qkv,3,48,0.7071898990744566,0.0018934619417211042,0.4300012860805121,0.23565623266089597
llama32_3b,qkv,4,1,71.84250616532943,0.2011845089168786,0.2011845089168786,0.00012986335778347226
llama32_3b,qkv,4,2,10.872964207476423,0.030448157801148613,0.23163266671802724,0.003736368629375147
llama32_3b,qkv,4,3,7.742455064519506,0.021681621412005678,0.2533142881300329,0.008247022472191206
llama32_3b,qkv,4,4,6.017355926392025,0.016850731713664427,0.27016501984369734,0.014424147060095717
llama32_3b,qkv,4,5,5.115250954792249,0.01432451770207193,0.2844895375457693,0.021432786137543396
llama32_3b,qkv,4,6,4.297689103395985,0.012035054425222765,0.296524591970992,0.02221958838725812
llama32_3b,qkv,4,7,3.470168565357713,0.009717703292166037,0.3062422952631581,0.03813491564764961
llama32_3b,qkv,4,8,3.321121565695614,0.009300318807226891,0.3155426140703849,0.037679595467301374
llama32_3b,qkv,4,9,3.1755612884517945,0.008892698382241843,0.32443531245262675,0.04306892356408369
llama32_3b,qkv,4,10,3.0544072585992117,0.00855342410994543,0.33298873656257216,0.04156737588774901
llama32_3b,qkv,4,11,2.635465500539013,0.007380238535570382,0.34036897509814257,0.05490580132552536
llama32_3b,qkv,4,12,2.5317740280954992,0.007089865620204524,0.3474588407183471,0.054201564064859875
llama32_3b,qkv,4,13,2.3491987690074874,0.00657859011214437,0.3540374308304915,0.07788472357305998
llama32_3b,qkv,4,14,2.1971222371462034,0.006152721862087977,0.3601901526925795,0.08381162788639025
llama32_3b,qkv,4,15,2.1288628718436753,0.005961571418981717,0.36615172411156116,0.07385517830049108
llama32_3b,qkv,4,16,2.011441597732062,0.005632750187242177,0.37178447429880335,0.06715178146023967
llama32_3b,qkv,4,17,1.9395695432845397,0.005431482932650633,0.37721595723145396,0.08662686227290149
llama32_3b,qkv,4,18,1.855843433078408,0.005197020115797092,0.38241297734725105,0.10660104764827737
llama32_3b,qkv,4,19,1.8181034024735485,0.005091334638925311,0.3875043119861764,0.0952031570775841
llama32_3b,qkv,4,20,1.7975806003150387,0.005033863510839156,0.39253817549701553,0.10531265832185105
llama32_3b,qkv,4,21,1.7301686921665458,0.004845086248464792,0.39738326174548033,0.12888645198011411
llama32_3b,qkv,4,22,1.6673142897797042,0.0046690716193487055,0.4020523333648291,0.11072592347079392
llama32_3b,qkv,4,23,1.6119935230328581,0.004514153843161208,0.40656648720799016,0.10457353552748404
llama32_3b,qkv,4,24,1.5215453552260727,0.004260866879858957,0.4108273540878491,0.12529312895040892
llama32_3b,qkv,4,25,1.4500333849650775,0.004060607988757245,0.4148879620766064,0.14986949785290538
llama32_3b,qkv,4,26,1.3789605677587704,0.0038615788820319788,0.41874954095863837,0.21097508852416752
llama32_3b,qkv,4,27,1.3734148678745652,0.00384604895459269,0.42259558991323104,0.13504593826299954
llama32_3b,qkv,4,28,1.348582477067094,0.00377650944913145,0.4263720993623626,0.15631340265788793
llama32_3b,qkv,4,29,1.2678611609009645,0.0035504611217716774,0.42992256048413424,0.16689297688340327
llama32_3b,qkv,4,30,1.2471074180866606,0.003492343277905341,0.43341490376203956,0.18360215466820556
llama32_3b,qkv,4,31,1.1999308009700642,0.003360232010445932,0.4367751357724855,0.19945966459653067
llama32_3b,qkv,4,32,1.1488559660505304,0.003217204349945749,0.43999234012243127,0.1684789328794285
llama32_3b,qkv,4,33,1.1286391822639876,0.0031605901818846528,0.4431529303043159,0.1899068258107894
llama32_3b,qkv,4,34,1.0968608670027167,0.0030715996233519117,0.4462245299276678,0.17914857950201948
llama32_3b,qkv,4,35,1.0631268884750904,0.002977132513751436,0.44920166244141924,0.18673190554818386
llama32_3b,qkv,4,36,1.0121600897487033,0.0028344073929262117,0.45203606983434547,0.18537452842766855
llama32_3b,qkv,4,37,0.9935357518965412,0.00278225263852404,0.45481832247286946,0.15500143441985248
llama32_3b,qkv,4,38,0.9868146992330871,0.0027634313062560676,0.4575817537791256,0.23176407173258246
llama32_3b,qkv,4,39,0.961654878628401,0.002692974881181725,0.4602747286603073,0.19709720528123315
llama32_3b,qkv,4,40,0.9240804074606974,0.002587753029478924,0.4628624816897862,0.20048513706475918
llama32_3b,qkv,4,41,0.9082269989242221,0.002543357860360942,0.46540583955014714,0.20375390858992865
llama32_3b,qkv,4,42,0.8871208055210976,0.0024842530297869577,0.4678900925799341,0.2251489590980061
llama32_3b,qkv,4,43,0.8731071227645688,0.0024450097456370267,0.4703351023255712,0.22522755494010416
llama32_3b,qkv,4,44,0.8407518288912637,0.002354403442263056,0.4726895057678342,0.23354609557523626
llama32_3b,qkv,4,45,0.8210721544839245,0.002299293371044587,0.47498879913887876,0.17412749336403252
llama32_3b,qkv,4,46,0.7920118508107805,0.0022179142093822356,0.477206713348261,0.214239478806571
llama32_3b,qkv,4,47,0.7826331030812342,0.0021916503879074963,0.47939836373616845,0.21747798359950576
llama32_3b,qkv,4,48,0.7730137659896692,0.0021647128308515265,0.4815630765670201,0.21140182051287235
llama32_3b,qkv,5,1,75.71912638487994,0.15478618304924743,0.15478618304924743,0.00022255028023590579
llama32_3b,qkv,5,2,12.440326770310879,0.02543070408491013,0.18021688713415754,0.009934096646093175
llama32_3b,qkv,5,3,9.672599617567611,0.01977287439050364,0.1999897615246612,0.01640843613114172
llama32_3b,qkv,5,4,7.552182350614607,0.015438285352126779,0.21542804687678796,0.01601866402432423
llama32_3b,qkv,5,5,6.63277975369365,0.013558828661889816,0.22898687553867778,0.026071233187485027
llama32_3b,qkv,5,6,5.97367191292372,0.012211470447902542,0.24119834598658033,0.03284056762600092
llama32_3b,qkv,5,7,5.082550878039128,0.010389827354405036,0.2515881733409854,0.0332596014760461
llama32_3b,qkv,5,8,4.686864062379977,0.009580958382944987,0.26116913172393036,0.04191108734093257
llama32_3b,qkv,5,9,4.389963700073382,0.008974030173105614,0.27014316189703597,0.04817389853929403
llama32_3b,qkv,5,10,3.76412305715397,0.007694677267973224,0.2778378391650092,0.08239830308639896
llama32_3b,qkv,5,11,3.734180369508401,0.007633467973146772,0.285471307138156,0.08030969785515922
llama32_3b,qkv,5,12,3.587427357960813,0.007333473247996731,0.2928047803861527,0.06912021789402988
llama32_3b,qkv,5,13,3.266897294874915,0.006678240846536961,0.29948302123268966,0.07826826976051261
llama32_3b,qkv,5,14,3.042441938456705,0.00621940581312233,0.305702427045812,0.10431076554504355
llama32_3b,qkv,5,15,2.9451707807239913,0.00602056264171941,0.31172298968753137,0.0771123827067572
llama32_3b,qkv,5,16,2.7960892415865994,0.005715807905262337,0.31743879759279375,0.09714623741339799
llama32_3b,qkv,5,17,2.7436581471267742,0.005608627469195507,0.32304742506198925,0.08557715129069388
llama32_3b,qkv,5,18,2.6773205437998215,0.005473019137432391,0.32852044419942167,0.13458236918309346
llama32_3b,qkv,5,19,2.614906781180698,0.005345431980173732,0.3338658761795954,0.09963531841906684
llama32_3b,qkv,5,20,2.5102846054898076,0.005131561746711366,0.33899743792630677,0.10768076569449049
llama32_3b,qkv,5,21,2.3949283149278373,0.004895748673326874,0.3438931865996336,0.1358742366092269
llama32_3b,qkv,5,22,2.3395958833065267,0.004782637279965548,0.34867582387959917,0.13068186322262293
llama32_3b,qkv,5,23,2.273028920642437,0.004646560088377483,0.3533223839679766,0.1385090769053734
llama32_3b,qkv,5,24,2.2116098562749698,0.004521006308324961,0.3578433902763016,0.15517192569919833
llama32_3b,qkv,5,25,2.1341529809328263,0.004362667792582051,0.3622060580688837,0.14080808064718967
llama32_3b,qkv,5,26,2.0635522825216235,0.004218344777388583,0.36642440284627226,0.14311611556272213
llama32_3b,qkv,5,27,2.044275342646028,0.004178938565422446,0.3706033414116947,0.1350519253907193
llama32_3b,qkv,5,28,1.9776590900773787,0.0040427606146662045,0.3746461020263609,0.17190412207848613
llama32_3b,qkv,5,29,1.9126564691731351,0.003909881274156879,0.37855598330051776,0.1568873318304399
llama32_3b,qkv,5,30,1.8914246798019612,0.0038664789292940384,0.38242246222981185,0.16700936835368999
llama32_3b,qkv,5,31,1.8050254682038855,0.003689860354566255,0.38611232258437805,0.1520644575901851
llama32_3b,qkv,5,32,1.760262538055612,0.003598355295929777,0.3897106778803079,0.1656662573333052
llama32_3b,qkv,5,33,1.7419845711043183,0.0035609911995202336,0.3932716690798281,0.1685896807538715
llama32_3b,qkv,5,34,1.7007592757517758,0.003476717827423165,0.39674838690725117,0.1674426848270173
llama32_3b,qkv,5,35,1.6637281187055983,0.003401018176268452,0.40014940508351976,0.1575507299339302
llama32_3b,qkv,5,36,1.6177904132869914,0.0033071116242614444,0.40345651670778127,0.19850301104042778
llama32_3b,qkv,5,37,1.6107690801350365,0.0032927585088677984,0.406749275216649,0.16546871565756188
llama32_3b,qkv,5,38,1.5587489374699472,0.0031864181466734675,0.4099356933633225,0.17451275825401324
llama32_3b,qkv,5,39,1.5227004683204703,0.003112727320975691,0.41304842068429815,0.17264918951537497
llama32_3b,qkv,5,40,1.497605929727176,0.0030614286857471988,0.4161098493700453,0.16184762520113333
llama32_3b,qkv,5,41,1.4592740370248267,0.002983070051096671,0.419092919421142,0.19489655848898255
llama32_3b,qkv,5,42,1.419711989372807,0.0029021967150977576,0.42199511613623975,0.2593212333223862
llama32_3b,qkv,5,43,1.4052245428469514,0.0028725812578555693,0.4248676973940953,0.2252068247389642
llama32_3b,qkv,5,44,1.384139133003862,0.002829478144237336,0.4276971755383327,0.20076663114767765
llama32_3b,qkv,5,45,1.3522837711159423,0.002764358931804529,0.4304615344701372,0.1826391721307308
llama32_3b,qkv,5,46,1.3289582471541626,0.0027166765430337494,0.433178211013171,0.2127525161732056
llama32_3b,qkv,5,47,1.2906959845563752,0.002638460247295793,0.43581667126046675,0.21713159429184026
llama32_3b,qkv,5,48,1.272126007756853,0.0026004992199392344,0.4384171704804059,0.2079154014740631
llama32_3b,qkv,6,1,79.22093580428826,0.18161700699634184,0.18161700699634184,0.0001419946093090242
llama32_3b,qkv,6,2,11.303796429780752,0.02591438304067076,0.2075313900370126,0.0058696002208189916
llama32_3b,qkv,6,3,9.767571765337884,0.022392529596281498,0.22992391963329412,0.00674762794028212
llama32_3b,qkv,6,4,7.03081789313017,0.016118417303743936,0.24604233693703806,0.01889028585527252
llama32_3b,qkv,6,5,5.883757517885081,0.01348873778681961,0.25953107472385767,0.018367930186157778
llama32_3b,qkv,6,6,5.059249033694452,0.011598520742278122,0.27112959546613574,0.023557871527004247
llama32_3b,qkv,6,7,4.295422443376217,0.009847419246323442,0.2809770147124592,0.040826945303201544
llama32_3b,qkv,6,8,4.189223189412237,0.009603953419337613,0.29058096813179685,0.03356736903784941
llama32_3b,qkv,6,9,3.767120946913128,0.008636267981759349,0.29921723611355616,0.03573443468373038
llama32_3b,qkv,6,10,3.357244043166806,0.007696609598030622,0.3069138457115868,0.05165821411238738
llama32_3b,qkv,6,11,3.0751294711721355,0.00704985121685845,0.3139636969284453,0.05894595615312352
llama32_3b,qkv,6,12,3.0008798878100618,0.00687963122432694,0.32084332815277217,0.05906830189010598
llama32_3b,qkv,6,13,2.7249259709561366,0.0062469963792685405,0.32709032453204073,0.06849989687727305
llama32_3b,qkv,6,14,2.599417971383578,0.005959264518933303,0.333049589050974,0.09597730775221662
llama32_3b,qkv,6,15,2.507322750591479,0.0057481327241732764,0.33879772177514733,0.08773295209065829
llama32_3b,qkv,6,16,2.414240260577935,0.005534737577191036,0.3443324593523383,0.12068860523237183
llama32_3b,qkv,6,17,2.3399740732897767,0.005364479519527761,0.3496969388718661,0.09173008864324998
llama32_3b,qkv,6,18,2.3084182692533544,0.005292136639148053,0.35498907551101416,0.07491618895040181
llama32_3b,qkv,6,19,2.115424478060591,0.004849691035982011,0.35983876654699615,0.10556998357843567
llama32_3b,qkv,6,20,1.996892286499805,0.004577951480706249,0.3644167180277024,0.12106421474746264
llama32_3b,qkv,6,21,1.9887451871912347,0.004559273945821027,0.36897599197352354,0.13366441134725698
llama32_3b,qkv,6,22,1.8670696736440997,0.004280328205394955,0.37325632017891847,0.12490896202989678
llama32_3b,qkv,6,23,1.8049311251528484,0.0041378732207182,0.3773941933996367,0.1209357039621929
llama32_3b,qkv,6,24,1.7601800915056336,0.004035279774825583,0.3814294731744622,0.12216282922155956
llama32_3b,qkv,6,25,1.691388333414421,0.003877572054212339,0.38530704522867454,0.1356306609677879
llama32_3b,qkv,6,26,1.6826952054488122,0.003857642727873018,0.3891646879565475,0.11916581956975959
llama32_3b,qkv,6,27,1.6332188605833053,0.003744216326374921,0.39290890428292247,0.14410375993672905
llama32_3b,qkv,6,28,1.5133451367640505,0.003469401257396896,0.39637830554031933,0.1422683567725034
llama32_3b,qkv,6,29,1.4371886507482887,0.0032948096180389482,0.3996731151583583,0.15166869500497188
llama32_3b,qkv,6,30,1.421511650759919,0.0032588694995884003,0.4029319846579468,0.1540377138361515
llama32_3b,qkv,6,31,1.4021185597243764,0.003214410101141201,0.4061463947590879,0.17737221701519645
llama32_3b,qkv,6,32,1.3598118747803682,0.0031174204175751044,0.40926381517666305,0.1764294329099603
llama32_3b,qkv,6,33,1.3268652127301557,0.003041888942323891,0.41230570411898687,0.16250256989260714
llama32_3b,qkv,6,34,1.299715617632782,0.002979647463443498,0.41528535158243035,0.17674684375006144
llama32_3b,qkv,6,35,1.280683420130995,0.0029360154271421707,0.41822136700957263,0.18250960343885905
llama32_3b,qkv,6,36,1.2336683636911498,0.0028282316229283036,0.4210495986325008,0.19097164970584224
llama32_3b,qkv,6,37,1.2064811260611417,0.002765903847110827,0.4238155024796116,0.18063153760517034
llama32_3b,qkv,6,38,1.1617060381557685,0.0026632552559169346,0.42647875773552857,0.17867787501947008
llama32_3b,qkv,6,39,1.0864408488377344,0.0024907069481220844,0.42896946468365066,0.23623718445524183
llama32_3b,qkv,6,40,1.0493304420463785,0.002405629929762779,0.4313750946134135,0.20536830885973856
llama32_3b,qkv,6,41,1.0286053996515858,0.002358116982189004,0.4337332115956025,0.23285884974198326
llama32_3b,qkv,6,42,1.0246054561425275,0.002348946959632539,0.436082158555235,0.22236821181638716
llama32_3b,qkv,6,43,0.9991918442016079,0.0022906852881334947,0.43837284384336855,0.20833909987976618
llama32_3b,qkv,6,44,0.9591629284643429,0.002198917477065586,0.4405717613204341,0.23757295382088667
llama32_3b,qkv,6,45,0.9449539098744925,0.0021663427617779596,0.44273810408221204,0.1897352285007635
llama32_3b,qkv,6,46,0.9372715032651877,0.002148730552571573,0.4448868346347836,0.21919095192687374
llama32_3b,qkv,6,47,0.9110345017382869,0.0020885812291446685,0.44697541586392825,0.20767169511879477
llama32_3b,qkv,6,48,0.8804356693072001,0.0020184322425504486,0.4489938481064788,0.23584047027155633
llama32_3b,qkv,7,1,73.44002439749316,0.18045261025637085,0.18045261025637085,0.00010813531703932889
llama32_3b,qkv,7,2,9.141190860371886,0.022461209199463362,0.2029138194558342,0.0068431249986948784
llama32_3b,qkv,7,3,8.387798900002773,0.020610017742078563,0.22352383719791277,0.007842847855361981
llama32_3b,qkv,7,4,6.018531198116265,0.0147883892130972,0.23831222641100996,0.012374949414990797
llama32_3b,qkv,7,5,5.593402909962137,0.01374378839875088,0.25205601480976086,0.019764854434143178
llama32_3b,qkv,7,6,4.41238068625925,0.010841848417297876,0.2628978632270587,0.02745533182381586
llama32_3b,qkv,7,7,4.185982227894937,0.010285555127568888,0.27318341835462767,0.032530717698498336
llama32_3b,qkv,7,8,3.7913208873968562,0.0093158159472727,0.2824992343019003,0.031097803914687642
llama32_3b,qkv,7,9,3.2312104214516637,0.00793954467774447,0.29043877897964476,0.05216974932182054
llama32_3b,qkv,7,10,2.9037103069451673,0.007134830204855829,0.2975736091845006,0.05607771725705437
llama32_3b,qkv,7,11,2.8698869747253704,0.007051721455414304,0.3046253306399149,0.0406423864476571
llama32_3b,qkv,7,12,2.5474347447532395,0.006259410354501261,0.31088474099441615,0.06344008888592145
llama32_3b,qkv,7,13,2.5026288703277495,0.006149315933084172,0.31703405692750036,0.06263922443520192
llama32_3b,qkv,7,14,2.401145147467312,0.005899955957526686,0.32293401288502704,0.07498116308801284
llama32_3b,qkv,7,15,2.3063022753926363,0.00566691349913297,0.32860092638416005,0.0791320036162663
llama32_3b,qkv,7,16,2.2065411623978473,0.005421786221607107,0.33402271260576716,0.06769122469430507
llama32_3b,qkv,7,17,2.0758051410279688,0.005100549178124691,0.33912326178389185,0.08716183365682931
llama32_3b,qkv,7,18,1.9903517707019416,0.004890578064184507,0.3440138398480764,0.11613760172452416
llama32_3b,qkv,7,19,1.855650605400043,0.004559598096752304,0.34857343794482865,0.11108474578466015
llama32_3b,qkv,7,20,1.7902283315774008,0.004398846242745487,0.3529722841875741,0.11023935056132197
llama32_3b,qkv,7,21,1.706585747936652,0.004193324489854088,0.3571656086774282,0.09742408741993619
llama32_3b,qkv,7,22,1.6892239154716258,0.004150663992218759,0.361316272669647,0.13693662365826526
llama32_3b,qkv,7,23,1.6441246905847797,0.004039848766895273,0.3653561214365422,0.12617573347615088
llama32_3b,qkv,7,24,1.577993168026072,0.0038773541876266668,0.36923347562416897,0.10570621249433462
llama32_3b,qkv,7,25,1.4506872006367773,0.0035645452757958203,0.3727980208999647,0.127888848290884
llama32_3b,qkv,7,26,1.425552765573169,0.0035027863854392672,0.37630080728540405,0.130445919475381
llama32_3b,qkv,7,27,1.389134128708972,0.003413300602475018,0.37971410788787907,0.16339522281273347
llama32_3b,qkv,7,28,1.3365771683770584,0.0032841606579169648,0.382998268545796,0.163825468848884
llama32_3b,qkv,7,29,1.315524306782346,0.0032324307754816096,0.3862306993212776,0.18069611724330784
llama32_3b,qkv,7,30,1.2604825741555292,0.003097185391142094,0.38932788471241975,0.1935981055559739
llama32_3b,qkv,7,31,1.2373445703962322,0.00304033201713056,0.3923682167295503,0.19125728641476858
llama32_3b,qkv,7,32,1.2062629011497537,0.002963959924492153,0.3953321766540424,0.1752399594562567
llama32_3b,qkv,7,33,1.1667955820522284,0.0028669830946313414,0.39819915974867376,0.1895327892586403
llama32_3b,qkv,7,34,1.123498016959811,0.002760594804284606,0.40095975455295835,0.23102609478136915
llama32_3b,qkv,7,35,1.0893061936952297,0.0026765806198104404,0.40363633517276876,0.1753355443909416
llama32_3b,qkv,7,36,1.0803086350170934,0.002654472335360306,0.406290807508129,0.18620296933840422
llama32_3b,qkv,7,37,1.0364531426016494,0.0025467131380374434,0.4088375206461665,0.21223772425620682
llama32_3b,qkv,7,38,1.0041290383989614,0.0024672882055782283,0.4113048088517447,0.20855616769410176
llama32_3b,qkv,7,39,0.9934068287310298,0.0024409422077634403,0.41374575105950817,0.24946109694194163
llama32_3b,qkv,7,40,0.9525993693874855,0.002340672462254959,0.4160864235217631,0.2117662823507454
llama32_3b,qkv,7,41,0.9332395952879459,0.0022931027371779766,0.4183795262589411,0.16459348766997298
llama32_3b,qkv,7,42,0.8927738388926665,0.00219367260452982,0.4205731988634709,0.22337046228292845
llama32_3b,qkv,7,43,0.8798629147893438,0.002161948623303229,0.4227351474867741,0.2339976928179577
llama32_3b,qkv,7,44,0.8680225909649547,0.002132855259596985,0.4248680027463711,0.2147959511278926
llama32_3b,qkv,7,45,0.8350535158583136,0.0020518455416735416,0.4269198482880447,0.20260073013275223
llama32_3b,qkv,7,46,0.8189668465502459,0.0020123183017143054,0.42893216658975897,0.2555039887383959
llama32_3b,qkv,7,47,0.7958264832921929,0.001955459130077935,0.4308876257198369,0.2761925144829087
llama32_3b,qkv,7,48,0.7712398820892133,0.0018950463456213775,0.4327826720654583,0.24364227913520548
llama32_3b,qkv,8,1,92.51682691706597,0.18145914254301448,0.18145914254301448,0.00014503648510376862
llama32_3b,qkv,8,2,12.343063457886178,0.024209236157978167,0.20566837870099267,0.006467139541994926
llama32_3b,qkv,8,3,10.1750227296105,0.019956919853357184,0.22562529855434985,0.007830523140865929
llama32_3b,qkv,8,4,8.083101813982768,0.015853902183307976,0.24147920073765783,0.010431223895393254
llama32_3b,qkv,8,5,7.421859916263782,0.014556966352584305,0.25603616709024213,0.016301018276132426
llama32_3b,qkv,8,6,6.318122778201758,0.01239213643634481,0.2684283035265869,0.019701137349053696
llama32_3b,qkv,8,7,5.8959908126529905,0.011564182138072754,0.2799924856646597,0.02045190022148722
llama32_3b,qkv,8,8,5.374740109824325,0.010541819950164797,0.2905343056148245,0.03709300902525631
llama32_3b,qkv,8,9,4.591855569457304,0.009006298660264436,0.29954060427508894,0.037793402701922225
llama32_3b,qkv,8,10,4.418260569414669,0.008665815735080148,0.3082064200101691,0.052389307790165554
llama32_3b,qkv,8,11,4.248578037270032,0.008333006582264145,0.3165394265924332,0.047644751345792616
llama32_3b,qkv,8,12,3.955090336617933,0.007757370470630198,0.32429679706306347,0.045598924492351395
llama32_3b,qkv,8,13,3.6592923829495843,0.007177203112677548,0.331474000175741,0.0492848167750876
llama32_3b,qkv,8,14,3.5752425564353865,0.007012350837060407,0.3384863510128014,0.06399218537297778
llama32_3b,qkv,8,15,3.5172638234219553,0.006898633456893677,0.34538498446969507,0.05903147908396763
llama32_3b,qkv,8,16,3.410108882638463,0.006688463649716326,0.3520734481194114,0.07200883412702114
llama32_3b,qkv,8,17,3.1689374950385023,0.00621543885349166,0.358288886972903,0.0821063444740896
llama32_3b,qkv,8,18,2.9498977798986394,0.005785822315434475,0.3640747092883376,0.07006241039498783
llama32_3b,qkv,8,19,2.8333590625807754,0.005557247509939698,0.3696319567982772,0.07681785597275163
llama32_3b,qkv,8,20,2.6773288185516493,0.005251215458952011,0.3748831722572292,0.10664292879330431
llama32_3b,qkv,8,21,2.6279529450436847,0.005154371414818296,0.3800375436720476,0.08821533024565659
llama32_3b,qkv,8,22,2.5415546214288915,0.0049849128823250865,0.3850224565543726,0.10579300896330933
llama32_3b,qkv,8,23,2.444667475054216,0.004794881954001656,0.38981733850837424,0.09045201653439616
llama32_3b,qkv,8,24,2.252749738955137,0.004418461480107178,0.39423579998848146,0.13525943120404996
llama32_3b,qkv,8,25,2.1637417125668392,0.0042438843714224525,0.3984796843599039,0.10684805231730926
llama32_3b,qkv,8,26,2.0156886757197645,0.003953498524734884,0.4024331828846388,0.15138034830465866
llama32_3b,qkv,8,27,1.8745006282633006,0.003676577418785816,0.4061097603034246,0.13769863226751206
llama32_3b,qkv,8,28,1.869898597681238,0.0036675511632255553,0.40977731146665014,0.13413771869117322
llama32_3b,qkv,8,29,1.7848948147732497,0.003500827832201426,0.41327813929885165,0.15165508257978924
llama32_3b,qkv,8,30,1.7715464540221555,0.0034746468424619085,0.41675278614131356,0.1643127458225504
llama32_3b,qkv,8,31,1.700344307836462,0.0033349935401965776,0.4200877796815101,0.16448613205752854
llama32_3b,qkv,8,32,1.6876303878060517,0.0033100569194330185,0.42339783660094304,0.14960643252016723
llama32_3b,qkv,8,33,1.632604126847267,0.003202130410670672,0.42659996701161373,0.14448596258933175
llama32_3b,qkv,8,34,1.5687333642798447,0.0030768566178346686,0.42967682362944837,0.1569759041292958
llama32_3b,qkv,8,35,1.5277686012759801,0.002996509820210248,0.43267333344965864,0.14649817656796058
llama32_3b,qkv,8,36,1.4683164780459594,0.0028799025860110905,0.43555323603566976,0.1861638104229535
llama32_3b,qkv,8,37,1.419875025452786,0.002784891281105714,0.43833812731677546,0.23199128653202009
llama32_3b,qkv,8,38,1.3594361051690613,0.0026663485790225402,0.44100447589579794,0.17343636330781878
llama32_3b,qkv,8,39,1.306831654376161,0.002563172120718552,0.4435676480165166,0.18964820369816765
llama32_3b,qkv,8,40,1.266436455372884,0.00248394244522871,0.44605159046174536,0.2062389272022843
llama32_3b,qkv,8,41,1.2370034582422047,0.0024262136341596514,0.4484778040959049,0.1864226181638102
llama32_3b,qkv,8,42,1.166328449889668,0.0022875942408857345,0.4507653983367907,0.20249766130958372
llama32_3b,qkv,8,43,1.1335118921684664,0.0022232290370224343,0.45298862737381307,0.2379199923613857
llama32_3b,qkv,8,44,1.0967881018559213,0.002151200329131085,0.4551398277029442,0.1970372024668035
llama32_3b,qkv,8,45,1.0689002929636395,0.0020965021941255118,0.4572363298970697,0.23661300587207498
llama32_3b,qkv,8,46,1.0161774061198965,0.001993093439654997,0.4592294233367247,0.20760614730051952
llama32_3b,qkv,8,47,0.9859654719596477,0.0019338368498002763,0.461163260186525,0.22257166459680955
llama32_3b,qkv,8,48,0.9758658390725758,0.0019140277968446434,0.46307728798336967,0.2516894719305065
llama32_3b,qkv,9,1,92.81558031998549,0.1821022444675839,0.1821022444675839,7.267703820787836e-05
llama32_3b,qkv,9,2,12.236795078867454,0.024008338268955806,0.20611058273653973,0.005038128879545768
llama32_3b,qkv,9,3,10.134712119887308,0.019884095080822447,0.22599467781736218,0.007907940927198914
llama32_3b,qkv,9,4,7.7288678155848505,0.015163878430313669,0.24115855624767585,0.011373498054118301
llama32_3b,qkv,9,5,7.016945471043621,0.013767101548882403,0.2549256577965583,0.014094821652955844
llama32_3b,qkv,9,6,6.274416011274671,0.012310274141877409,0.2672359319384357,0.015780713883241145
llama32_3b,qkv,9,7,6.044210695233409,0.011858616084092721,0.2790945480225284,0.024159590100341688
llama32_3b,qkv,9,8,5.5162080909990605,0.010822685920381825,0.2899172339429102,0.02690102208591323
llama32_3b,qkv,9,9,4.874032989723746,0.00956275168433792,0.29947998562724815,0.0253022068811706
llama32_3b,qkv,9,10,4.530647897454579,0.008889037251875773,0.3083690228791239,0.030418946025987003
llama32_3b,qkv,9,11,4.300187409929973,0.008436878552930615,0.3168059014320545,0.03133346046693876
llama32_3b,qkv,9,12,4.093277581689335,0.008030925759281927,0.32483682719133644,0.045369056588939284
llama32_3b,qkv,9,13,3.7063128261779075,0.007271708930969885,0.33210853612230634,0.04035521520021296
llama32_3b,qkv,9,14,3.683170855844487,0.007226304864922035,0.3393348409872284,0.036504212745937424
llama32_3b,qkv,9,15,3.5815395912135437,0.007026906430590546,0.3463617474178189,0.05688827391490412
llama32_3b,qkv,9,16,3.4141650066919498,0.0066985209655303374,0.3530602683833492,0.04880334472321831
llama32_3b,qkv,9,17,3.2270185674555543,0.006331343531401579,0.3593916119147508,0.0522763847683746
llama32_3b,qkv,9,18,3.157469667816907,0.006194890032099142,0.36558650194684994,0.055012840681753224
llama32_3b,qkv,9,19,2.9165175748366914,0.005722147020747079,0.3713086489675971,0.07809094482513311
llama32_3b,qkv,9,20,2.7573233788566065,0.005409811308421163,0.3767184602760182,0.06996644847938152
llama32_3b,qkv,9,21,2.6434099759004113,0.005186315573311303,0.3819047758493295,0.05891960053671742
llama32_3b,qkv,9,22,2.4417159072676076,0.004790595991887495,0.386695371841217,0.08963641833923794
llama32_3b,qkv,9,23,2.3726668115390783,0.004655123097495488,0.39135049493871255,0.0911928485424479
llama32_3b,qkv,9,24,2.2714701637935866,0.004456577372483397,0.3958070723111959,0.09874613080038488
llama32_3b,qkv,9,25,2.0668525623628153,0.004055121880316489,0.39986219419151237,0.124153663045588
llama32_3b,qkv,9,26,1.901220140488796,0.0037301545022547906,0.4035923486937672,0.1124972878103891
llama32_3b,qkv,9,27,1.8435215518330956,0.0036169510674371502,0.4072092997612043,0.11406587973356479
llama32_3b,qkv,9,28,1.8158621268171131,0.003562683848951541,0.4107719836101558,0.12593705302254501
llama32_3b,qkv,9,29,1.7211996251195434,0.003376957983028877,0.4141489415931847,0.16723558896996304
llama32_3b,qkv,9,30,1.649127495714327,0.0032355539592324317,0.41738449555241713,0.1622381601057694
llama32_3b,qkv,9,31,1.6109418565613765,0.0031606345268245495,0.4205451300792417,0.1453035029478739
llama32_3b,qkv,9,32,1.5862239419642752,0.003112138490801587,0.4236572685700433,0.17008757694500445
llama32_3b,qkv,9,33,1.5150971889653453,0.0029725892759160807,0.4266298578459594,0.15825293424404427
llama32_3b,qkv,9,34,1.4592155679273526,0.002862950693897602,0.429492808539857,0.14738791620872807
llama32_3b,qkv,9,35,1.3880561500184316,0.002723337391135856,0.43221614593099283,0.17305399693618512
llama32_3b,qkv,9,36,1.3446287143198123,0.002638133662570821,0.43485427959356365,0.17592081100971171
llama32_3b,qkv,9,37,1.2820882882572608,0.002515430643135006,0.43736971023669863,0.15874508844419238
llama32_3b,qkv,9,38,1.2291257959602688,0.0024115193311911574,0.4397812295678898,0.23016212841042005
llama32_3b,qkv,9,39,1.1760197360530535,0.0023073263425722893,0.44208855591046214,0.20505008384786638
llama32_3b,qkv,9,40,1.150490129820712,0.0022572377843878186,0.44434579369484994,0.17868078404124607
llama32_3b,qkv,9,41,1.1049736040533789,0.0021679353044160026,0.44651372899926595,0.1959704212052777
llama32_3b,qkv,9,42,1.0611246297976924,0.002081904525940738,0.44859563352520665,0.2513356413664004
llama32_3b,qkv,9,43,1.0101114147658432,0.001981817655581463,0.4505774511807881,0.24099678485874934
llama32_3b,qkv,9,44,0.9846224447474462,0.0019318088248063397,0.4525092600055944,0.25326688890537175
llama32_3b,qkv,9,45,0.9718155318541931,0.0019066819272044286,0.45441594193279883,0.2553509951222924
llama32_3b,qkv,9,46,0.9530179902880065,0.0018698015403353912,0.4562857434731342,0.24061342567783517
llama32_3b,qkv,9,47,0.933995694868993,0.0018324801910663837,0.4581182236642006,0.23390290483414908
llama32_3b,qkv,9,48,0.8814382429708439,0.0017293635599883448,0.459847587224189,0.2685410450410683
llama32_3b,qkv,10,1,93.76993956929023,0.17168188089938874,0.17168188089938874,9.808226101059239e-05
llama32_3b,qkv,10,2,14.560756182428635,0.026659055345445104,0.19834093624483384,0.0038143482078410425
llama32_3b,qkv,10,3,11.570751158313307,0.021184703023191313,0.21952563926802515,0.0074982639700463
llama32_3b,qkv,10,4,9.092731206584512,0.016647735971989958,0.2361733752400151,0.009462129023739253
llama32_3b,qkv,10,5,7.854686878309152,0.014381020435097955,0.25055439567511306,0.010028700169085879
llama32_3b,qkv,10,6,7.612558300752008,0.013937711099446876,0.2644921067745599,0.018883904032400933
llama32_3b,qkv,10,7,7.418991217380576,0.013583312225926649,0.27807541900048655,0.014935980704927616
llama32_3b,qkv,10,8,6.6165730907427545,0.012114177726302189,0.2901895967267888,0.018784906198648935
llama32_3b,qkv,10,9,6.293110877384189,0.01152195593918839,0.30171155266597716,0.017108720093020693
llama32_3b,qkv,10,10,5.106950162067174,0.009350233278493806,0.311061785944471,0.024218966890475337
llama32_3b,qkv,10,11,4.864283559050553,0.00890593888064391,0.3199677248251148,0.027112535143042345
llama32_3b,qkv,10,12,4.710325638345756,0.008624059788822304,0.3285917846139372,0.03394468718503149
llama32_3b,qkv,10,13,4.412368260221262,0.008078534396151405,0.3366703190100886,0.048406861140614384
llama32_3b,qkv,10,14,4.28039659416898,0.007836909585925955,0.34450722859601457,0.050878790744341186
llama32_3b,qkv,10,15,4.110995762383312,0.0075267563154805366,0.35203398491149507,0.05049604617523056
llama32_3b,qkv,10,16,4.049268769712893,0.007413741352981926,0.359447726264477,0.032895351644783584
llama32_3b,qkv,10,17,3.80283388652674,0.006962547671307891,0.36641027393578496,0.04656972534336837
llama32_3b,qkv,10,18,3.729191984714062,0.006827717892443991,0.3732379918282289,0.05704582242311426
llama32_3b,qkv,10,19,3.4458018225969465,0.006308863382308602,0.37954685521053755,0.048149217758182594
llama32_3b,qkv,10,20,3.2494615206927433,0.005949387067381906,0.38549624227791934,0.0685214531912303
llama32_3b,qkv,10,21,2.9883751271308703,0.005471368169963097,0.3909676104478825,0.07605669677459938
llama32_3b,qkv,10,22,2.9260739082162557,0.005357301865828584,0.3963249123137111,0.08849687385192254
llama32_3b,qkv,10,23,2.777704488193372,0.0050856546704215995,0.40141056698413263,0.08171731765125205
llama32_3b,qkv,10,24,2.6009916432743965,0.004762113952211437,0.40617268093634407,0.08222357044131136
llama32_3b,qkv,10,25,2.308750888457163,0.004227055033618391,0.41039973596996254,0.08114127985084807
llama32_3b,qkv,10,26,2.2166973363741103,0.004058515659084506,0.414458251629047,0.10073086500560399
llama32_3b,qkv,10,27,2.128283679634498,0.0038966405106523887,0.41835489213969945,0.1193871832311822
llama32_3b,qkv,10,28,2.067110900592157,0.0037846402490112757,0.42213953238871066,0.14430075779252519
llama32_3b,qkv,10,29,2.027369737092522,0.0037118787891011326,0.42585141117781183,0.13289783782310527
llama32_3b,qkv,10,30,1.942457274681901,0.0035564139213043284,0.4294078250991161,0.1262312955599953
llama32_3b,qkv,10,31,1.8659156493808098,0.0034162750851362902,0.43282410018425244,0.14468607764186264
llama32_3b,qkv,10,32,1.7778269062959198,0.0032549948159120387,0.4360790950001644,0.1339179120080691
llama32_3b,qkv,10,33,1.7364881347356944,0.003179308320984895,0.4392584033211493,0.12918963487874485
llama32_3b,qkv,10,34,1.6622814491782487,0.0030434444886060998,0.44230184780975546,0.143458968216135
llama32_3b,qkv,10,35,1.5544897581920025,0.0028460904075557464,0.44514793821731113,0.17388502512708914
llama32_3b,qkv,10,36,1.5066187148302972,0.0027584440807829676,0.44790638229809415,0.15267433330149677
llama32_3b,qkv,10,37,1.458216697601659,0.0026698256024592524,0.4505762079005534,0.17956423481031325
llama32_3b,qkv,10,38,1.393146453720168,0.002550689534850919,0.45312689743540435,0.20498613117706946
llama32_3b,qkv,10,39,1.3091991913330232,0.0023969918363221723,0.45552388927172655,0.22966280560296048
llama32_3b,qkv,10,40,1.2957952018506897,0.0023724506866056134,0.45789633995833207,0.19065956119361424
llama32_3b,qkv,10,41,1.2653799347171368,0.0023167638610245094,0.4602131038193566,0.19777051101944051
llama32_3b,qkv,10,42,1.2072846900860945,0.0022103982078591116,0.4624235020272157,0.26199619230746596
llama32_3b,qkv,10,43,1.1851132550778456,0.0021698048825147774,0.4645933069097305,0.1899554012644234
llama32_3b,qkv,10,44,1.1431657812768234,0.0020930039244015887,0.4666863108341321,0.23839496279143757
llama32_3b,qkv,10,45,1.093979623052765,0.002002949774885139,0.4686892606090172,0.21938065283970642
llama32_3b,qkv,10,46,1.0514473216790567,0.0019250780653334643,0.47061433867435065,0.22005561493798853
llama32_3b,qkv,10,47,1.0158630405995013,0.0018599273748856335,0.47247426604923637,0.24992341758152356
llama32_3b,qkv,10,48,0.9899999901772445,0.00181257512999048,0.4742868411792268,0.22724193702269432
llama32_3b,qkv,11,1,80.13206202053146,0.179199862295366,0.179199862295366,5.8874480546928116e-05
llama32_3b,qkv,11,2,11.009515396558951,0.02462065237378489,0.20382051466915088,0.00508985282041845
llama32_3b,qkv,11,3,9.025535969421375,0.02018386600918592,0.2240043806783368,0.007870028547235864
llama32_3b,qkv,11,4,6.716140825508448,0.015019350316718798,0.23902373099505558,0.010626288164809969
llama32_3b,qkv,11,5,5.975324699216556,0.01336265829519464,0.25238638929025026,0.011950130998408231
llama32_3b,qkv,11,6,5.2345824477721115,0.011706131480482284,0.26409252077073253,0.01693546006591054
llama32_3b,qkv,11,7,4.933246879524917,0.011032252748636381,0.27512477351936887,0.017105626422931036
llama32_3b,qkv,11,8,4.366168275857453,0.009764091102405179,0.28488886462177404,0.030931518681437377
llama32_3b,qkv,11,9,3.8549973740194314,0.00862095622094785,0.2935098208427219,0.03284725590233837
llama32_3b,qkv,11,10,3.4952667230698116,0.007816488177968033,0.30132630902068996,0.04455142401820158
llama32_3b,qkv,11,11,3.3554074116099524,0.00750371987122073,0.3088300288919107,0.04435286897299041
llama32_3b,qkv,11,12,3.142916732909525,0.007028525555711802,0.3158585544476225,0.046468687453619054
llama32_3b,qkv,11,13,2.9992215543791425,0.006707179073968266,0.32256573352159074,0.04616736302793782
llama32_3b,qkv,11,14,2.921039869610388,0.006532340853269655,0.3290980743748604,0.05818241291918742
llama32_3b,qkv,11,15,2.8457789993314653,0.006364034469406017,0.3354621088442664,0.047654564461456474
llama32_3b,qkv,11,16,2.731402360122668,0.00610825323179389,0.34157036207606034,0.06624209292121895
llama32_3b,qkv,11,17,2.41882135700788,0.005409226259294851,0.34697958833535525,0.07198899658433627
llama32_3b,qkv,11,18,2.339098339589784,0.00523094114615957,0.3522105294815148,0.06184515855717927
llama32_3b,qkv,11,19,2.257164704482689,0.0050477124140100305,0.3572582418955248,0.07368357070024341
llama32_3b,qkv,11,20,2.1932943983954596,0.00490487882447053,0.36216312071999535,0.08317183091686017
llama32_3b,qkv,11,21,2.081995475175689,0.0046559803035577,0.36681910102355303,0.0983317898820739
llama32_3b,qkv,11,22,1.9773357050465656,0.004421928964778996,0.3712410299883321,0.10861756235529116
llama32_3b,qkv,11,23,1.9314354166066297,0.004319281845007554,0.37556031183333966,0.09753333536563229
llama32_3b,qkv,11,24,1.8522969362902708,0.004142303936073644,0.37970261576941317,0.12064983070807131
llama32_3b,qkv,11,25,1.6838609353547485,0.0037656293889305283,0.3834682451583437,0.10822716368131875
llama32_3b,qkv,11,26,1.6015131754750178,0.0035814745468025593,0.3870497197051463,0.11523302321752744
llama32_3b,qkv,11,27,1.5519470604505774,0.003470629514702672,0.39052034921984896,0.12847072296163475
llama32_3b,qkv,11,28,1.517182136467325,0.0033928844843936867,0.39391323370424275,0.14345539237023575
llama32_3b,qkv,11,29,1.4706192867551793,0.0032887556744504404,0.39720198937869317,0.15757169746294503
llama32_3b,qkv,11,30,1.387088880638016,0.0031019560726900817,0.4003039454513832,0.17626730817596598
llama32_3b,qkv,11,31,1.361547297187835,0.003044837260049203,0.4033487827114324,0.1391850892965668
llama32_3b,qkv,11,32,1.3346767575938658,0.0029847464939609957,0.4063335292053934,0.12341128153502146
llama32_3b,qkv,11,33,1.299480581205154,0.0029060370510345856,0.409239566256428,0.17001232720371334
llama32_3b,qkv,11,34,1.2217521038559602,0.0027322123410971934,0.41197177859752515,0.15049052606910718
llama32_3b,qkv,11,35,1.1925699388361886,0.0026669520717223227,0.4146387306692475,0.1843501825904529
llama32_3b,qkv,11,36,1.1050179508542501,0.00247115897973838,0.41710988964898593,0.2017953273660834
llama32_3b,qkv,11,37,1.0962154400287012,0.002451473866339106,0.41956136351532497,0.1709227907219274
llama32_3b,qkv,11,38,1.0862546982674195,0.002429198593408727,0.42199056210873376,0.2062037568217751
llama32_3b,qkv,11,39,1.0503265594177098,0.0023488522579712696,0.42433941436670497,0.19412019382633133
llama32_3b,qkv,11,40,1.0156861402184416,0.002271385658537299,0.4266108000252423,0.22220300245300417
llama32_3b,qkv,11,41,0.9661211319741297,0.0021605431015371606,0.4287713431267795,0.22550907196865047
llama32_3b,qkv,11,42,0.928715459843629,0.0020768925486144884,0.43084823567539393,0.20970812798970762
llama32_3b,qkv,11,43,0.9033915262657263,0.002020260467827968,0.432868496143222,0.239394691225453
llama32_3b,qkv,11,44,0.8409897459890638,0.00188071095230822,0.43474920709553017,0.2604554342636039
llama32_3b,qkv,11,45,0.8330706317525745,0.0018630013845659526,0.4366122084800962,0.27450987454085973
llama32_3b,qkv,11,46,0.7939081486892277,0.0017754220636906428,0.4383876305437867,0.22448438599498266
llama32_3b,qkv,11,47,0.7831816584408262,0.0017514343423346939,0.44013906488612153,0.2986166964282594
llama32_3b,qkv,11,48,0.75678263063668,0.001692398021192447,0.44183146290731384,0.27885950540441234
llama32_3b,qkv,12,1,91.97649927256259,0.14324418281832343,0.14324418281832343,0.00011484514203734906
llama32_3b,qkv,12,2,17.450897741097293,0.027178024888312995,0.1704222077066364,0.004161315036567374
llama32_3b,qkv,12,3,14.384510632201698,0.022402434176638442,0.19282464188327486,0.005157399983489563
llama32_3b,qkv,12,4,13.151598257264244,0.020482296673783977,0.21330693855705884,0.007425302378052184
llama32_3b,qkv,12,5,11.65371739637325,0.018149497300308112,0.231456435857367,0.008800623024634992
llama32_3b,qkv,12,6,11.475744599016341,0.017872322498887004,0.24932875835625398,0.008027197422679816
llama32_3b,qkv,12,7,10.799588455196426,0.016819277046569322,0.2661480354028233,0.007774039503451079
llama32_3b,qkv,12,8,9.347721775133564,0.014558140149735974,0.2807061755525592,0.012834985016227528
llama32_3b,qkv,12,9,9.047713427815083,0.014090907205557904,0.29479708275811717,0.011129443308028737
llama32_3b,qkv,12,10,8.212730486106754,0.012790504927821626,0.3075875876859388,0.021881544020878694
llama32_3b,qkv,12,11,7.589854382952575,0.011820437800902847,0.3194080254868416,0.014760800899387666
llama32_3b,qkv,12,12,7.409814151891759,0.011540043178616738,0.3309480686654584,0.015485128932972825
llama32_3b,qkv,12,13,6.876461561140764,0.010709399953223264,0.3416574686186816,0.018752989577224568
llama32_3b,qkv,12,14,6.366370338321468,0.009914983977909598,0.35157245259659126,0.028442560025853547
llama32_3b,qkv,12,15,5.772468492170787,0.008990041353445895,0.36056249395003714,0.033241588246765486
llama32_3b,qkv,12,16,5.556581815424188,0.00865381948333222,0.36921631343336936,0.03435101912608675
llama32_3b,qkv,12,17,5.461245178636418,0.0085053422229742,0.3777216556563435,0.031584553523742086
llama32_3b,qkv,12,18,4.842404682290699,0.0075415601493464875,0.38526321580569,0.03822585933713265
llama32_3b,qkv,12,19,4.499489082813781,0.007007503458656807,0.39227071926434687,0.041140488387164345
llama32_3b,qkv,12,20,4.422822555428619,0.006888103023201419,0.39915882228754823,0.04388943869889806
llama32_3b,qkv,12,21,4.208005747816218,0.006553547367077869,0.4057123696546261,0.05358844068641056
llama32_3b,qkv,12,22,3.8858978276510125,0.0060518965522687145,0.4117642662068948,0.055133708911202735
llama32_3b,qkv,12,23,3.8565298608220915,0.00600615888620493,0.41777042509309975,0.07937763036922856
llama32_3b,qkv,12,24,3.4762826699468787,0.005413961982031918,0.4231843870751316,0.09310119573774228
llama32_3b,qkv,12,25,3.3253687906543865,0.005178928734559268,0.42836331580969095,0.08751503771401234
llama32_3b,qkv,12,26,3.005709009621341,0.004681090651178091,0.43304440646086906,0.08541953193955833
llama32_3b,qkv,12,27,2.678876208681015,0.004172081307930705,0.43721648776879973,0.09767477706354442
llama32_3b,qkv,12,28,2.5754493187741705,0.004011004288873445,0.4412274920576732,0.1015438028947488
llama32_3b,qkv,12,29,2.502863395706987,0.0038979589858220585,0.44512545104349527,0.10216861819485343
llama32_3b,qkv,12,30,2.4104418920837904,0.003754021753311028,0.44887947279680623,0.11625385830869701
llama32_3b,qkv,12,31,2.3016648862266256,0.0035846124646702533,0.4524640852614766,0.1172381883244904
llama32_3b,qkv,12,32,2.202640684454068,0.003430392191292462,0.45589447745276895,0.14957308018982052
llama32_3b,qkv,12,33,2.1128661321211903,0.0032905773202274572,0.45918505477299637,0.11554942545961404
llama32_3b,qkv,12,34,1.9279559240884265,0.003002598196713231,0.46218765296970965,0.17766452411212053
llama32_3b,qkv,12,35,1.8728536174568813,0.002916781874638936,0.46510443484434855,0.19375962106766598
llama32_3b,qkv,12,36,1.8088189762623543,0.002817054336381663,0.4679214891807303,0.15359000239405943
llama32_3b,qkv,12,37,1.7448054211193609,0.0027173596375371163,0.47063884881826745,0.19359737421205442
llama32_3b,qkv,12,38,1.6570204092000536,0.002580643276341261,0.4732194920946087,0.1867082381653573
llama32_3b,qkv,12,39,1.6095364113294326,0.0025066917069108173,0.4757261838015195,0.21060838539929938
llama32_3b,qkv,12,40,1.601061740252674,0.0024934932557559523,0.47821967705727536,0.18790354873649845
llama32_3b,qkv,12,41,1.427503211761102,0.0022231932358426887,0.4804428702931181,0.209188655567929
llama32_3b,qkv,12,42,1.4192145658287876,0.002210284500213098,0.4826531547933312,0.22584697453436067
llama32_3b,qkv,12,43,1.2908008860191733,0.0020102930592199825,0.48466344785255117,0.25699512810398883
llama32_3b,qkv,12,44,1.2569504801819142,0.0019575744434803502,0.4866210222960315,0.22904830984495417
llama32_3b,qkv,12,45,1.2134772142028505,0.0018898691871500272,0.4885108914831815,0.22763955846629264
llama32_3b,qkv,12,46,1.1723351112252873,0.0018257944836436023,0.49033668596682506,0.26738581314398985
llama32_3b,qkv,12,47,1.152549049919429,0.0017949796754549155,0.49213166564228,0.24825752046057478
llama32_3b,qkv,12,48,1.135780243026826,0.0017688639387268734,0.49390052958100705,0.23986761149565594
llama32_3b,qkv,13,1,101.53393986700085,0.1530844560550597,0.1530844560550597,0.00018147249135100775
llama32_3b,qkv,13,2,16.0434343755111,0.024188960143251354,0.17727341619831105,0.006051445191520082
llama32_3b,qkv,13,3,14.120992927090564,0.021290462322575265,0.1985638785208863,0.006562679375413935
llama32_3b,qkv,13,4,12.774318956214334,0.019260058965972174,0.21782393748685847,0.009860045741809762
llama32_3b,qkv,13,5,11.30388234922222,0.017043056568156283,0.23486699405501474,0.011045865871559096
llama32_3b,qkv,13,6,10.983264890309583,0.016559656146940594,0.2514266502019553,0.009107999491379646
llama32_3b,qkv,13,7,10.063348356318762,0.01517268226996402,0.2665993324719194,0.0154673133107934
llama32_3b,qkv,13,8,9.518708146345054,0.014351518919081027,0.2809508513910004,0.015226906352711409
llama32_3b,qkv,13,9,8.59660798872892,0.012961252755452837,0.29391210414645325,0.018375902359573957
llama32_3b,qkv,13,10,8.130597997298345,0.01225864152862741,0.3061707456750807,0.017065003827565265
llama32_3b,qkv,13,11,7.772783578688938,0.011719158615689833,0.31788990429077046,0.021781533332595457
llama32_3b,qkv,13,12,7.485979136199141,0.011286738657100254,0.32917664294787075,0.033404911619120535
llama32_3b,qkv,13,13,6.861705977737384,0.010345511349088031,0.3395221542969587,0.02353650362223356
llama32_3b,qkv,13,14,6.7177912411050835,0.01012852864158627,0.349650682938545,0.033424534932362346
llama32_3b,qkv,13,15,6.182750576956092,0.009321838689971319,0.35897252162851634,0.03307348557781431
llama32_3b,qkv,13,16,5.903437955947207,0.008900714278641792,0.36787323590715815,0.033399576424407204
llama32_3b,qkv,13,17,5.4363127304969625,0.008196421594428828,0.37606965750158694,0.037321534914511435
llama32_3b,qkv,13,18,5.197612762175089,0.007836529573506766,0.3839061870750938,0.03842052930810007
llama32_3b,qkv,13,19,4.863606452866263,0.007332942553772514,0.3912391296288662,0.05161372725909291
llama32_3b,qkv,13,20,4.570689010155051,0.006891305920295843,0.3981304355491621,0.06523138646729389
llama32_3b,qkv,13,21,4.370137320163365,0.006588930710454525,0.4047193662596167,0.05014964157731663
llama32_3b,qkv,13,22,4.19793496669587,0.00632929827969784,0.4110486645393145,0.06643842943461258
llama32_3b,qkv,13,23,4.038185465549627,0.00608844122716867,0.4171371057664831,0.05138596447811707
llama32_3b,qkv,13,24,3.8118834895223475,0.005747241871074536,0.42288434763755767,0.06358893675819345
llama32_3b,qkv,13,25,3.6073246471436677,0.005438825009108852,0.42832317264666653,0.08538684014193257
llama32_3b,qkv,13,26,3.074873423309502,0.004636039200902512,0.432959211847569,0.12653980315108068
llama32_3b,qkv,13,27,2.8819736557912212,0.0043452009253232855,0.43730441277289234,0.11726325964640653
llama32_3b,qkv,13,28,2.8278239597328128,0.004263558503316352,0.4415679712762086,0.0797117644753978
llama32_3b,qkv,13,29,2.706523376720793,0.004080671541637524,0.44564864281784616,0.1109818249922875
llama32_3b,qkv,13,30,2.6380834887483875,0.003977483553104341,0.4496261263709505,0.14724345361150623
llama32_3b,qkv,13,31,2.582447313066334,0.003893599940369256,0.45351972631131976,0.13674916890306854
llama32_3b,qkv,13,32,2.446301490147845,0.0036883305568217845,0.45720805686814153,0.14972755546140606
llama32_3b,qkv,13,33,2.3380118568182704,0.003525060426298192,0.4607331172944398,0.15333569039332773
llama32_3b,qkv,13,34,2.2885082573328366,0.0034504230034825122,0.46418354029792225,0.12374591484458337
llama32_3b,qkv,13,35,2.0434874782463623,0.0030810009881665234,0.4672645412860888,0.14034946956140637
llama32_3b,qkv,13,36,2.0159138187372787,0.003039427710571616,0.4703039689966604,0.15981421857483086
llama32_3b,qkv,13,37,1.9718493411546874,0.0029729909447875104,0.47327695994144786,0.14274440489144824
llama32_3b,qkv,13,38,1.8865333489487726,0.0028443585655382846,0.47612131850698614,0.16646732103695147
llama32_3b,qkv,13,39,1.8424842676161668,0.002777945012943359,0.4788992635199295,0.23983318960233166
llama32_3b,qkv,13,40,1.8016748123045816,0.0027164158998560445,0.4816156794197856,0.1400287826591974
llama32_3b,qkv,13,41,1.7270081994481803,0.002603839771818775,0.48421951919160433,0.2055496886001634
llama32_3b,qkv,13,42,1.6436326682140996,0.0024781330587335766,0.4866976522503379,0.1718997080362155
llama32_3b,qkv,13,43,1.6028622340725662,0.0024166627785311067,0.4891143150288691,0.19113436986976368
llama32_3b,qkv,13,44,1.564794547937272,0.002359267477679689,0.49147358250654877,0.1967943376786707
llama32_3b,qkv,13,45,1.4738006160208879,0.0022220743717096324,0.49369565687825845,0.184650392412493
llama32_3b,qkv,13,46,1.3940430534121335,0.002101822531741323,0.4957974794099998,0.24317876837472438
llama32_3b,qkv,13,47,1.3260745517145387,0.0019993452603492834,0.49779682467034897,0.27245953304174875
llama32_3b,qkv,13,48,1.305885746486713,0.0019689062537397535,0.4997657309240888,0.20172592258006367
llama32_3b,qkv,14,1,86.18127916909847,0.14102563093709747,0.14102563093709747,0.00014123737824419882
llama32_3b,qkv,14,2,13.690296847191354,0.022402577093374017,0.16342820803047148,0.007429816505371281
llama32_3b,qkv,14,3,11.738696795397342,0.019209010795743466,0.18263721882621495,0.009428154803936122
llama32_3b,qkv,14,4,10.903066694240541,0.017841599411486324,0.20047881823770125,0.011290695459057613
llama32_3b,qkv,14,5,8.96280207565054,0.01466658223072841,0.21514540046842967,0.01378870040767832
llama32_3b,qkv,14,6,8.778957736287252,0.014365742370808832,0.2295111428392385,0.016158870768419018
llama32_3b,qkv,14,7,8.16408260343651,0.013359570793943915,0.24287071363318244,0.01691918532255466
llama32_3b,qkv,14,8,7.318073639485575,0.011975175608934864,0.2548458892421173,0.01963166119669958
llama32_3b,qkv,14,9,7.056720002132572,0.011547500805766841,0.2663933900478841,0.020397350989862
llama32_3b,qkv,14,10,6.98730093143855,0.011433904577698766,0.2778272946255829,0.02115389539686298
llama32_3b,qkv,14,11,6.449617338014488,0.010554047969184384,0.2883813425947673,0.026558219448842648
llama32_3b,qkv,14,12,6.181606619663442,0.01011547962791853,0.2984968222226858,0.03132509440477888
llama32_3b,qkv,14,13,5.971756040296445,0.009772083583637516,0.30826890580632327,0.03372695748696934
llama32_3b,qkv,14,14,5.833199744531662,0.009545352335053983,0.3178142581413773,0.033399829916390116
llama32_3b,qkv,14,15,5.254913176018862,0.00859905368442768,0.32641331182580496,0.044472820328277526
llama32_3b,qkv,14,16,5.019567201699177,0.008213937394243394,0.3346272492200484,0.03783055551470455
llama32_3b,qkv,14,17,4.885617655780767,0.007994744555508472,0.34262199377555685,0.05011186445439884
llama32_3b,qkv,14,18,4.7543038322949,0.00777986476970811,0.350401858545265,0.04834913493359983
llama32_3b,qkv,14,19,4.556554960000141,0.007456271760282608,0.3578581303055476,0.04308500062039994
llama32_3b,qkv,14,20,4.199412179162319,0.006871849174683034,0.3647299794802306,0.06758816179790195
llama32_3b,qkv,14,21,3.8269175287653123,0.00626230504167175,0.37099228452190236,0.0752474531051809
llama32_3b,qkv,14,22,3.6689491926321622,0.006003808248794616,0.37699609277069696,0.07665268675766788
llama32_3b,qkv,14,23,3.5519025479180897,0.005812275040202012,0.38280836781089894,0.09746490227851552
llama32_3b,qkv,14,24,3.4610764685805377,0.005663648734493685,0.38847201654539265,0.0999679221181954
llama32_3b,qkv,14,25,3.247991468985524,0.005314959938030647,0.3937869764834233,0.07173689651698492
llama32_3b,qkv,14,26,2.9278947588466764,0.004791158934570879,0.39857813541799414,0.09847179221910073
llama32_3b,qkv,14,27,2.7131461310895406,0.00443974780428465,0.4030178832222788,0.09038688267513538
llama32_3b,qkv,14,28,2.678052864015456,0.004382321757949736,0.40740020498022855,0.10862296729477897
llama32_3b,qkv,14,29,2.5834548419266414,0.004227523107023467,0.41162772808725206,0.09933439450540793
llama32_3b,qkv,14,30,2.474180397835685,0.0040487081999832685,0.41567643628723533,0.14948894854423897
llama32_3b,qkv,14,31,2.391458067183956,0.003913342735636224,0.4195897790228716,0.10694661882734066
llama32_3b,qkv,14,32,2.349818477169884,0.003845204393872064,0.4234349834167436,0.15602130513286172
llama32_3b,qkv,14,33,2.2349557064234067,0.00365724484080113,0.42709222825754467,0.17429553281278226
llama32_3b,qkv,14,34,2.1187860205900124,0.003467146673329358,0.4305593749308741,0.1440475236127273
llama32_3b,qkv,14,35,2.0410090029429857,0.0033398736380271547,0.4338992485689013,0.1396613177495299
llama32_3b,qkv,14,36,1.9249049006906873,0.0031498827904512154,0.4370491313593525,0.1442906914680493
llama32_3b,qkv,14,37,1.8370351081177079,0.003006094103889696,0.44005522546324216,0.15909221436524928
llama32_3b,qkv,14,38,1.7733209735329323,0.0029018333396487895,0.44295705880289094,0.17167394344628598
llama32_3b,qkv,14,39,1.6718302589571425,0.0027357555998507514,0.44569281440274167,0.2127794045099469
llama32_3b,qkv,14,40,1.6202756407058507,0.0026513924685917694,0.44834420687133353,0.2091272492780031
llama32_3b,qkv,14,41,1.5845507197124749,0.0025929327941492104,0.45093713966548277,0.21089007818850466
llama32_3b,qkv,14,42,1.5678804299195255,0.0025656538055031713,0.4535027934709859,0.21878058383589075
llama32_3b,qkv,14,43,1.4466398793988524,0.0023672577582735813,0.45587005122925944,0.21645546588519682
llama32_3b,qkv,14,44,1.401820601573483,0.0022939162275559203,0.4581639674568154,0.2258364824204136
llama32_3b,qkv,14,45,1.3970124514461402,0.002286048249592651,0.46045001570640803,0.22540501424762396
llama32_3b,qkv,14,46,1.3421153761403581,0.0021962155764617647,0.46264623128286975,0.22835340985826544
llama32_3b,qkv,14,47,1.2869327783646636,0.002105915679046738,0.46475214696191647,0.2112219512399726
llama32_3b,qkv,14,48,1.2495225004006498,0.0020446981141153163,0.46679684507603186,0.2757235111080724
llama32_3b,qkv,15,1,91.0457061362028,0.1366398242756439,0.1366398242756439,0.00020954812422298627
llama32_3b,qkv,15,2,16.215783085036758,0.024336367361649104,0.160976191637293,0.006691655521010703
llama32_3b,qkv,15,3,12.936267915926727,0.019414527601890035,0.18039071923918304,0.011350619127859658
llama32_3b,qkv,15,4,12.312390141799089,0.01847822260691583,0.19886894184609885,0.007614857091843336
llama32_3b,qkv,15,5,10.71243535520995,0.016077038079207653,0.2149459799253065,0.012675802649776625
llama32_3b,qkv,15,6,10.27233611806485,0.015416544740429102,0.2303625246657356,0.014564333443625028
llama32_3b,qkv,15,7,9.65118661106745,0.01448433428167273,0.24484685894740832,0.017895224720953246
llama32_3b,qkv,15,8,9.041549116932359,0.01356940085311712,0.25841625980052546,0.018043958498774406
llama32_3b,qkv,15,9,8.28781484445906,0.012438209466812636,0.27085446926733814,0.01787535487021523
llama32_3b,qkv,15,10,8.039520199661567,0.012065573149587979,0.2829200424169261,0.02130898448906251
llama32_3b,qkv,15,11,7.65226891285223,0.011484393102491783,0.29440443551941786,0.02452293749202066
llama32_3b,qkv,15,12,7.164927576923724,0.010752999637280906,0.3051574351566988,0.025261573969634778
llama32_3b,qkv,15,13,6.8512463667357935,0.01028223229132249,0.31543966744802127,0.03402526603230037
llama32_3b,qkv,15,14,6.537396122870436,0.009811211262538594,0.32525087871055985,0.037582376170780446
llama32_3b,qkv,15,15,6.180968410725381,0.009276290704268527,0.3345271694148284,0.032691578731223664
llama32_3b,qkv,15,16,5.847512141670548,0.008775845291289884,0.34330301470611824,0.04115349499441353
llama32_3b,qkv,15,17,5.377783393106492,0.008070884493193672,0.35137389919931195,0.0627387102740893
llama32_3b,qkv,15,18,5.278477870275315,0.007921848478590699,0.3592957476779026,0.05378763735959533
llama32_3b,qkv,15,19,4.898897564775308,0.007352180907838644,0.36664792858574125,0.06433218716581403
llama32_3b,qkv,15,20,4.697942178540794,0.007050590532766472,0.3736985191185077,0.061857605932009535
llama32_3b,qkv,15,21,4.417093447203899,0.0066290976043629915,0.38032761672287074,0.05223276042376326
llama32_3b,qkv,15,22,4.256454050166705,0.006388012770004399,0.3867156294928752,0.05336918632107629
llama32_3b,qkv,15,23,4.179872410385368,0.006273080366857253,0.39298870985973244,0.07121273946761603
llama32_3b,qkv,15,24,3.855773185785491,0.005786677844689429,0.39877538770442184,0.0868986059791311
llama32_3b,qkv,15,25,3.72873233384565,0.005596017126885566,0.40437140483130746,0.109826381158606
llama32_3b,qkv,15,26,3.547833088013117,0.005324526661149862,0.40969593149245725,0.08572052127315007
llama32_3b,qkv,15,27,3.1228547030686005,0.0046867264363606165,0.41438265792881795,0.1147315618143249
llama32_3b,qkv,15,28,2.9946561848234046,0.004494328312947566,0.4188769862417654,0.09338205128587164
llama32_3b,qkv,15,29,2.8923746626170654,0.0043408259698495604,0.423217812211615,0.12188256235498136
llama32_3b,qkv,15,30,2.75843842014425,0.004139816768951634,0.42735762898056656,0.11719840354787384
llama32_3b,qkv,15,31,2.6570552004767025,0.0039876625827987055,0.43134529156336526,0.10897256971608023
llama32_3b,qkv,15,32,2.5944147450864867,0.0038936528685540707,0.43523894443191935,0.12432705205639444
llama32_3b,qkv,15,33,2.4851947192408534,0.003729737338956191,0.43896868177087556,0.16908995942321786
llama32_3b,qkv,15,34,2.353100668774994,0.0035314928680251663,0.44250017463890073,0.16326609660478505
llama32_3b,qkv,15,35,2.256466617907179,0.0033864661524338913,0.4458866407913346,0.19820709031190925
llama32_3b,qkv,15,36,2.1507936616115786,0.00322787400359254,0.4491145147949272,0.15665698943177236
llama32_3b,qkv,15,37,2.071024840495584,0.0031081583337106552,0.45222267312863784,0.14680912963137113
llama32_3b,qkv,15,38,2.027343041881212,0.0030426014443194864,0.45526527457295735,0.2084123320937509
llama32_3b,qkv,15,39,1.9048443196505365,0.0028587574763837514,0.4581240320493411,0.1727758785428378
llama32_3b,qkv,15,40,1.8959751045201043,0.002845446711403005,0.460969478760744,0.16778780923705658
llama32_3b,qkv,15,41,1.7886606941526497,0.002684391096622917,0.46365386985736695,0.20511663850758993
llama32_3b,qkv,15,42,1.7222723297086107,0.0025847565851610543,0.46623862644252806,0.19760183114392016
llama32_3b,qkv,15,43,1.6541958213290688,0.0024825885364189817,0.4687212149789471,0.21948814062368127
llama32_3b,qkv,15,44,1.6238591643979388,0.002437059805322328,0.47115827478426936,0.2751626363358411
llama32_3b,qkv,15,45,1.5865435849925105,0.0023810572278358745,0.47353933201210524,0.1869580989991074
llama32_3b,qkv,15,46,1.497242660179657,0.0022470359412545314,0.47578636795335977,0.23626925616324498
llama32_3b,qkv,15,47,1.4695615879520953,0.0022054926658442984,0.477991860619204,0.29773182133299475
llama32_3b,qkv,15,48,1.4370864726331267,0.0021567545733100183,0.4801486151925141,0.22633298666363233
llama32_3b,qkv,16,1,95.83962994905198,0.1407532507106997,0.1407532507106997,0.00024607821209232623
llama32_3b,qkv,16,2,15.974519727427014,0.0234607080742364,0.16421395878493608,0.008739650547535987
llama32_3b,qkv,16,3,13.08165327097791,0.019212148706534232,0.1834261074914703,0.009253431317571012
llama32_3b,qkv,16,4,11.067725951449088,0.01625442842871745,0.19968053592018775,0.019714880521386407
llama32_3b,qkv,16,5,9.461156877353384,0.013894967944672808,0.2135755038648606,0.021980920585514582
llama32_3b,qkv,16,6,9.300045778530981,0.01365835485573579,0.22723385872059637,0.02697285043489041
llama32_3b,qkv,16,7,8.941696442592232,0.013132071167555727,0.24036592988815209,0.033117815306886976
llama32_3b,qkv,16,8,8.318922686548404,0.012217445029421854,0.252583374917574,0.027626909497537978
llama32_3b,qkv,16,9,7.769131187299806,0.011410003047712544,0.26399337796528655,0.0270023534285965
llama32_3b,qkv,16,10,7.245686148383,0.010641254349130389,0.27463463231441687,0.03781335389838869
llama32_3b,qkv,16,11,6.975325816426459,0.010244194222684402,0.28487882653710134,0.034399316814149365
llama32_3b,qkv,16,12,6.357805220037874,0.00933728304858337,0.29421610958568467,0.0479246380564994
llama32_3b,qkv,16,13,6.2678817564149165,0.009205218475433149,0.3034213280611178,0.04226694528327747
llama32_3b,qkv,16,14,5.939939374078481,0.008723591445109655,0.31214491950622747,0.055994978770290006
llama32_3b,qkv,16,15,5.911941424107291,0.00868247272967038,0.32082739223589785,0.05359308465891178
llama32_3b,qkv,16,16,5.332339472229453,0.007831250131164518,0.3286586423670623,0.05026086643260782
llama32_3b,qkv,16,17,4.96308743451318,0.0072889543745162065,0.3359475967415786,0.06760986377281153
llama32_3b,qkv,16,18,4.839384092706142,0.00710727955489959,0.34305487629647813,0.06016519022403181
llama32_3b,qkv,16,19,4.686451758814973,0.006882678070676422,0.34993755436715457,0.07611053164853063
llama32_3b,qkv,16,20,4.511289324093157,0.006625428725049748,0.3565629830922043,0.0725231571800952
llama32_3b,qkv,16,21,4.2963637973736155,0.006309781987238193,0.3628727650794425,0.06577210208677879
llama32_3b,qkv,16,22,4.112506775769926,0.006039763483718683,0.36891252856316115,0.10022593518824949
llama32_3b,qkv,16,23,4.069936327780378,0.005977243115662953,0.37488977167882415,0.09861874323794814
llama32_3b,qkv,16,24,4.004211208873105,0.005880717031991055,0.38077048871081515,0.10379168988654111
llama32_3b,qkv,16,25,3.7437967773841483,0.0054982637839606245,0.3862687524947759,0.09976441655092669
llama32_3b,qkv,16,26,3.468431950087483,0.005093853890120259,0.3913626063848962,0.07860675857213162
llama32_3b,qkv,16,27,3.2110601673229278,0.0047158691766507185,0.39607847556154685,0.11746300399019434
llama32_3b,qkv,16,28,3.122339596336123,0.0045855712114150375,0.40066404677296186,0.113554120947797
llama32_3b,qkv,16,29,3.02064283325537,0.004436215981245835,0.4051002627542077,0.1210947508383562
llama32_3b,qkv,16,30,2.9597575783489276,0.004346797881937782,0.4094470606361455,0.109474981509779
llama32_3b,qkv,16,31,2.9420795374900592,0.004320835326381119,0.4137678959625266,0.1601975000878723
llama32_3b,qkv,16,32,2.7960860189384507,0.004106424415886624,0.4178743203784132,0.14060582181339598
llama32_3b,qkv,16,33,2.5733962598013775,0.003779374869522679,0.4216536952479359,0.16102660584552023
llama32_3b,qkv,16,34,2.465894958742323,0.0036214949028769896,0.42527519015081283,0.12984339020569854
llama32_3b,qkv,16,35,2.4168831695954154,0.0035495145681319383,0.42882470471894485,0.17070571601857573
llama32_3b,qkv,16,36,2.319177308043043,0.0034060205079577,0.4322307252269025,0.16596480027358376
llama32_3b,qkv,16,37,2.2331899276201,0.003279736596792134,0.43551046182369463,0.14576580435077888
llama32_3b,qkv,16,38,2.1114105314344496,0.0031008873473550433,0.43861134917104966,0.16471781773092406
llama32_3b,qkv,16,39,2.0583926243743793,0.003023023495329011,0.44163437266637867,0.1673842203441575
llama32_3b,qkv,16,40,1.9968828304596442,0.002932688177374981,0.44456706084375364,0.18225191890316172
llama32_3b,qkv,16,41,1.9494016870994326,0.002862955799662721,0.4474300166434164,0.18089038710998948
llama32_3b,qkv,16,42,1.856561704229997,0.0027266079298749785,0.4501566245732915,0.2592768768183903
llama32_3b,qkv,16,43,1.8287202050822775,0.0026857189832901066,0.45284234355658154,0.19608420907914587
llama32_3b,qkv,16,44,1.7768233661915276,0.002609501569060047,0.4554518451256415,0.21818616399887727
llama32_3b,qkv,16,45,1.7468624649828812,0.002565499998503265,0.4580173451241448,0.21914955109659384
llama32_3b,qkv,16,46,1.680331941816314,0.002467791071495138,0.46048513619563997,0.2626188116971842
llama32_3b,qkv,16,47,1.604953941487874,0.002357088446871689,0.46284222464251173,0.2129792495773644
llama32_3b,qkv,16,48,1.5896824910874336,0.002334660289667077,0.46517688493217874,0.25999073379054366
llama32_3b,qkv,17,1,94.1360303865661,0.13935273657248734,0.13935273657248734,0.0002705959246041314
llama32_3b,qkv,17,2,14.458601337112254,0.02140355456952379,0.16075629114201115,0.013094102768553167
llama32_3b,qkv,17,3,13.089725503306619,0.019377161564789833,0.18013345270680098,0.009980809744735895
llama32_3b,qkv,17,4,10.071842390178935,0.014909687540834647,0.19504314024763564,0.0213461574609503
llama32_3b,qkv,17,5,9.133502183633214,0.013520630926898654,0.20856377117453428,0.03060201413453428
llama32_3b,qkv,17,6,8.389451688829716,0.012419187917530189,0.22098295909206447,0.027763682318051763
llama32_3b,qkv,17,7,8.06015357966935,0.011931716834766206,0.23291467592683068,0.03083499160003466
llama32_3b,qkv,17,8,7.704633157642436,0.011405427979017661,0.24432010390584835,0.041820116631163966
llama32_3b,qkv,17,9,7.233144907974744,0.010707468041859089,0.2550275719477074,0.03331073044585527
llama32_3b,qkv,17,10,6.323149794669929,0.009360371624197596,0.26438794357190504,0.04266573884840683
llama32_3b,qkv,17,11,5.763922114564139,0.00853252805282743,0.27292047162473243,0.05317500730692649
llama32_3b,qkv,17,12,5.7555293720674845,0.008520103993416232,0.28144057561814867,0.06386240912338816
llama32_3b,qkv,17,13,5.668195700068365,0.00839082101708905,0.28983139663523777,0.05399456478900822
llama32_3b,qkv,17,14,5.23188193603838,0.00774493105580492,0.29757632769104264,0.08369461703721316
llama32_3b,qkv,17,15,5.104873382332246,0.00755691601571471,0.3051332437067574,0.06230759296709907
llama32_3b,qkv,17,16,4.898499470529614,0.0072514137627647055,0.31238465746952204,0.05871343340297492
llama32_3b,qkv,17,17,4.643398239943469,0.00687377881853339,0.3192584362880554,0.05870740717522223
llama32_3b,qkv,17,18,4.489511292065117,0.006645974786202998,0.32590441107425844,0.06387170995018678
llama32_3b,qkv,17,19,4.182153566168536,0.006190982791804035,0.33209539386606246,0.09066666002934734
llama32_3b,qkv,17,20,4.121009351796809,0.006100468951744227,0.33819586281780667,0.07262022244798814
llama32_3b,qkv,17,21,4.058257335657042,0.006007575028571475,0.3442034378463782,0.08395735454473967
llama32_3b,qkv,17,22,3.852811441842554,0.005703446551907824,0.34990688439828604,0.09546258608509249
llama32_3b,qkv,17,23,3.791736935842002,0.005613035903497858,0.35551992030178386,0.09675120163992233
llama32_3b,qkv,17,24,3.6717276833311785,0.005435382164725074,0.360955302466509,0.10843451449314805
llama32_3b,qkv,17,25,3.4210724550191043,0.005064328787415105,0.36601963125392406,0.08009892753141937
llama32_3b,qkv,17,26,3.3187968746553667,0.004912926800846314,0.3709325580547704,0.09554090517082157
llama32_3b,qkv,17,27,3.104300962248955,0.0045954012768285556,0.37552795933159894,0.10354700171658024
llama32_3b,qkv,17,28,2.92817271333942,0.0043346726974262265,0.37986263202902515,0.16082513126017725
llama32_3b,qkv,17,29,2.8893561531236522,0.0042772112358776,0.3841398432649027,0.1509604669958058
llama32_3b,qkv,17,30,2.8403849555230867,0.004204717522568815,0.38834456078747154,0.16156163694229272
llama32_3b,qkv,17,31,2.6587029698676408,0.003935767559594565,0.39228032834706605,0.16091807054349588
llama32_3b,qkv,17,32,2.544646564067169,0.003766926020317315,0.39604725436738347,0.1520987353027406
llama32_3b,qkv,17,33,2.437240843747377,0.0036079297147726718,0.3996551840821561,0.15579458899789214
llama32_3b,qkv,17,34,2.376295826078698,0.0035177107523019432,0.4031728948344581,0.16834642423108384
llama32_3b,qkv,17,35,2.338646099524579,0.0034619765939252044,0.4066348714283833,0.1550281703833968
llama32_3b,qkv,17,36,2.194429100197966,0.0032484873121495826,0.4098833587405329,0.18755569257003246
llama32_3b,qkv,17,37,2.16761650149174,0.003208795719153903,0.4130921544596868,0.2253436324718954
llama32_3b,qkv,17,38,2.1125094775187248,0.0031272189353924625,0.4162193733950792,0.19451614513654825
llama32_3b,qkv,17,39,2.0757553757191816,0.003072810600507321,0.4192921839955866,0.1660490877006783
llama32_3b,qkv,17,40,1.99242104662006,0.0029494479861851847,0.4222416319817717,0.20344672545443357
llama32_3b,qkv,17,41,1.959988781572411,0.002901437411816637,0.42514306939358837,0.21054794117493464
llama32_3b,qkv,17,42,1.8215895294243571,0.0026965603371490684,0.4278396297307374,0.23003038695922565
llama32_3b,qkv,17,43,1.7064490345755259,0.002526113984338075,0.4303657437150755,0.24318060954329881
llama32_3b,qkv,17,44,1.6878178651114746,0.0024985336366253057,0.4328642773517008,0.24380730975009715
llama32_3b,qkv,17,45,1.6323301296250563,0.002416393272787039,0.4352806706244879,0.25838740472952476
llama32_3b,qkv,17,46,1.5954489998526875,0.0023617968941150305,0.4376424675186029,0.2587372704106419
llama32_3b,qkv,17,47,1.5370424426998688,0.002275335700249093,0.43991780321885204,0.23245088250734003
llama32_3b,qkv,17,48,1.5165521182952608,0.0022450031828557568,0.44216280640170774,0.2774180827927519
llama32_3b,qkv,18,1,112.62259834316251,0.1466617198181147,0.1466617198181147,0.00020945625784972642
llama32_3b,qkv,18,2,17.53818801848802,0.02283894045356189,0.16950066027167662,0.010313828681253547
llama32_3b,qkv,18,3,15.25778506863465,0.01986930715239501,0.18936996742407164,0.010136840244135572
llama32_3b,qkv,18,4,11.980182521821982,0.015601080051728382,0.2049710474758,0.016061141119097132
llama32_3b,qkv,18,5,11.322333073318603,0.014744401792495506,0.2197154492682955,0.018955379978807335
llama32_3b,qkv,18,6,10.834570699522285,0.014109217827146359,0.23382466709544186,0.018921881803098957
llama32_3b,qkv,18,7,9.873417072142582,0.012857564552628521,0.2466822316480704,0.03182223637306227
llama32_3b,qkv,18,8,9.225404611053909,0.012013696417769388,0.2586959280658398,0.028367432735635224
llama32_3b,qkv,18,9,8.678232995208896,0.011301147325526228,0.269997075391366,0.038757319684697866
llama32_3b,qkv,18,10,7.708387848579848,0.010038175601783331,0.28003525099314935,0.03803122672457149
llama32_3b,qkv,18,11,7.3729864025279,0.009601402222096449,0.2896366532152458,0.0397370335561264
llama32_3b,qkv,18,12,7.037401720973821,0.009164390225699693,0.29880104344094544,0.05724293772609867
llama32_3b,qkv,18,13,6.9879456877644595,0.009099986571436932,0.3079010300123824,0.04314861851920095
llama32_3b,qkv,18,14,6.662248543889878,0.00867585052802097,0.31657688054040334,0.07232550526968051
llama32_3b,qkv,18,15,6.338586308375423,0.008254364424884836,0.3248312449652882,0.0509948696207604
llama32_3b,qkv,18,16,6.01129807955933,0.007828156406063122,0.33265940137135136,0.05732854117883729
llama32_3b,qkv,18,17,5.600826950779142,0.007293624237846279,0.33995302560919766,0.0821034117747242
llama32_3b,qkv,18,18,5.448805601689901,0.007095655865294949,0.3470486814744925,0.0734482399153645
llama32_3b,qkv,18,19,5.14092056006503,0.0066947154645648245,0.35374339693905743,0.05981944060160641
llama32_3b,qkv,18,20,5.030961184200309,0.006551521901179722,0.3602949188402371,0.06818305334708216
llama32_3b,qkv,18,21,4.9925020554367645,0.006501438862338964,0.36679635770257607,0.08478322581795643
llama32_3b,qkv,18,22,4.833341970529684,0.006294174138187031,0.3730905318407632,0.07987897547637042
llama32_3b,qkv,18,23,4.437327259974792,0.005778467704685272,0.3788689995454484,0.09959361611280171
llama32_3b,qkv,18,24,4.202484808990101,0.00547264633087209,0.3843416458763205,0.11419521330076333
llama32_3b,qkv,18,25,4.1125518924808535,0.005355532035894488,0.389697177912215,0.10076637349690655
llama32_3b,qkv,18,26,3.7038243766733143,0.0048232704712778815,0.39452044838349287,0.10420362881604103
llama32_3b,qkv,18,27,3.6980510107918687,0.004815752159839781,0.39933620054333263,0.1050652839382838
llama32_3b,qkv,18,28,3.572520971536754,0.004652281846449446,0.403988482389782,0.1096136458863578
llama32_3b,qkv,18,29,3.463150061556872,0.0045098546072301375,0.40849833699701216,0.09086436272773811
llama32_3b,qkv,18,30,3.2998722401077947,0.004297227599381223,0.4127955645963934,0.15398831070693236
llama32_3b,qkv,18,31,3.1560371277098924,0.0041099196765944385,0.41690548427298785,0.17157621012988308
llama32_3b,qkv,18,32,3.1174573525672113,0.0040596795271407625,0.4209651638001286,0.1583929516926117
llama32_3b,qkv,18,33,2.9954939324342473,0.0039008538099690035,0.42486601761009757,0.15270507225923213
llama32_3b,qkv,18,34,2.779577264865771,0.003619678359669943,0.42848569596976754,0.2066291790947887
llama32_3b,qkv,18,35,2.725752995265378,0.003549586210636989,0.43203528218040455,0.15883951842530095
llama32_3b,qkv,18,36,2.5852569434681576,0.003366626548123695,0.4354019087285283,0.1528185586952071
llama32_3b,qkv,18,37,2.52865278229205,0.0032929143114227228,0.43869482303995105,0.1779725177430115
llama32_3b,qkv,18,38,2.446779510919946,0.0031862956135484256,0.4418811186534994,0.17035512631976021
llama32_3b,qkv,18,39,2.357390519368149,0.003069889639732697,0.44495100829323203,0.1991848810277515
llama32_3b,qkv,18,40,2.342191487727059,0.003050096843678924,0.44800110513691094,0.19691622900206435
llama32_3b,qkv,18,41,2.246255147435075,0.002925164646524262,0.4509262697834353,0.1850010051398864
llama32_3b,qkv,18,42,2.134380988276424,0.002779477574597375,0.4537057473580326,0.20715286893440643
llama32_3b,qkv,18,43,2.1089559206829693,0.0027463680193695167,0.45645211537740216,0.2508476390786713
llama32_3b,qkv,18,44,2.0397407257135325,0.0026562331824797406,0.4591083485598819,0.21718924337814294
llama32_3b,qkv,18,45,1.9876062706664595,0.0025883415785612615,0.46169669013844317,0.1971504813783539
llama32_3b,qkv,18,46,1.9561672780829151,0.0025474004460577996,0.464244090584501,0.23396208152592837
llama32_3b,qkv,18,47,1.9118699889710153,0.002489714717793603,0.46673380530229464,0.19808733137905257
llama32_3b,qkv,18,48,1.868130131244088,0.002432754899309533,0.46916656020160413,0.20495014770784134
llama32_3b,qkv,19,1,105.53227362323732,0.14969001821408853,0.14969001821408853,0.0002082468654605442
llama32_3b,qkv,19,2,14.45204953712148,0.020499203553274697,0.17018922176736323,0.012663551031300927
llama32_3b,qkv,19,3,13.722837560960176,0.019464868271319,0.18965409003868225,0.008668678550209712
llama32_3b,qkv,19,4,10.44610405566204,0.014817055036081458,0.2044711450747637,0.02258140100995039
llama32_3b,qkv,19,5,9.475485241997905,0.01344030133877147,0.21791144641353513,0.027919804453185246
llama32_3b,qkv,19,6,8.50626522214246,0.012065531730911197,0.22997697814444637,0.028238832690668667
llama32_3b,qkv,19,7,7.903679076275198,0.01121080617584113,0.24118778432028745,0.04265365512725992
llama32_3b,qkv,19,8,7.735668701654953,0.010972495418632894,0.25216027973892036,0.029080322407842984
llama32_3b,qkv,19,9,7.180338578885023,0.010184799168583007,0.26234507890750336,0.039129526086896585
llama32_3b,qkv,19,10,6.341301185281024,0.008994684349496716,0.2713397632570001,0.0539387180729798
llama32_3b,qkv,19,11,6.073009625837489,0.008614131869757987,0.27995389512675806,0.04466567357177627
llama32_3b,qkv,19,12,5.655203954650715,0.008021504265114714,0.28797539939187283,0.06395327435009315
llama32_3b,qkv,19,13,5.541969381091039,0.00786088908270022,0.29583628847457305,0.04498893822613686
llama32_3b,qkv,19,14,5.334767820618609,0.007566988418038749,0.3034032768926118,0.05163649161488978
llama32_3b,qkv,19,15,4.991060390785206,0.007079463894348862,0.31048274078696064,0.07837851855744318
llama32_3b,qkv,19,16,4.908791616905234,0.006962771494595313,0.317445512281556,0.08323848036571413
llama32_3b,qkv,19,17,4.650969156244932,0.0065970686862769305,0.3240425809678329,0.09645795068494664
llama32_3b,qkv,19,18,4.451160951880534,0.006313654970986282,0.33035623593881913,0.0727714909192235
llama32_3b,qkv,19,19,4.3877634109502,0.006223730071893608,0.3365799660107128,0.08903474468363357
llama32_3b,qkv,19,20,4.19475927217685,0.005949967439321881,0.3425299334500347,0.07016062332213308
llama32_3b,qkv,19,21,4.058025697190501,0.005756020596072242,0.3482859540461069,0.08706669355594879
llama32_3b,qkv,19,22,3.935803998584824,0.005582657816494904,0.3538686118626018,0.10996139706787846
llama32_3b,qkv,19,23,3.680077119883677,0.005219927442019414,0.3590885393046212,0.09222485732175578
llama32_3b,qkv,19,24,3.5315103377607393,0.005009196036749148,0.36409773534137035,0.12783591424133775
llama32_3b,qkv,19,25,3.3553177805753394,0.004759279435990326,0.3688570147773607,0.16427542938039008
llama32_3b,qkv,19,26,3.3117634027873812,0.0046975006513537065,0.3735545154287144,0.13417015093519902
llama32_3b,qkv,19,27,3.285948595485646,0.004660884184726771,0.37821539961344114,0.14885030819766332
llama32_3b,qkv,19,28,3.047116317981714,0.0043221175994704875,0.3825375172129116,0.1951513313285632
llama32_3b,qkv,19,29,2.962401491357599,0.004201955648012495,0.3867394728609241,0.1388231033476903
llama32_3b,qkv,19,30,2.89463716376647,0.00410583677287487,0.39084530963379893,0.13955512236413653
llama32_3b,qkv,19,31,2.868041566916998,0.004068112811852056,0.39491342244565103,0.1572151419930827
llama32_3b,qkv,19,32,2.6447509969223693,0.0037513910324193564,0.3986648134780704,0.16135450376485114
llama32_3b,qkv,19,33,2.5975874310206444,0.003684492871349926,0.40234930634942034,0.151205070877178
llama32_3b,qkv,19,34,2.5004181477525615,0.003546665159666412,0.40589597150908674,0.1935466330600276
llama32_3b,qkv,19,35,2.384885626711642,0.0033827905023205776,0.40927876201140734,0.18298611986623364
llama32_3b,qkv,19,36,2.312634017867,0.0032803067381351903,0.41255906874954257,0.2133892630132343
llama32_3b,qkv,19,37,2.1933937874576954,0.003111172958969736,0.4156702417085123,0.1745580005060965
llama32_3b,qkv,19,38,2.1582903983641692,0.0030613813002441236,0.4187316230087564,0.15942878371276992
llama32_3b,qkv,19,39,2.1333909606496104,0.0030260632202194345,0.4217576862289758,0.20546871296216632
llama32_3b,qkv,19,40,2.1092959976851766,0.00299188623036427,0.4247495724593401,0.21909236548972794
llama32_3b,qkv,19,41,2.056702913730158,0.0029172866844161915,0.42766685914375635,0.20393746821239764
llama32_3b,qkv,19,42,1.9437161548661053,0.0027570230095076776,0.430423882153264,0.20289982007093646
llama32_3b,qkv,19,43,1.8805565863243232,0.002667435657308989,0.433091317810573,0.18520116445045312
llama32_3b,qkv,19,44,1.8763344813912044,0.0026614469019961193,0.4357527647125691,0.20981989046030947
llama32_3b,qkv,19,45,1.7957948239032357,0.0025472071307639393,0.4382999718433331,0.1790480919509045
llama32_3b,qkv,19,46,1.7713972367555362,0.002512600890045983,0.4408125727333791,0.23000380645177662
llama32_3b,qkv,19,47,1.690906283593963,0.0023984302024339594,0.443211002935813,0.2343107947170385
llama32_3b,qkv,19,48,1.6548493172387253,0.002347285962239443,0.4455582888980524,0.21478864764743122
llama32_3b,qkv,20,1,104.15601564154365,0.14117697343373461,0.14117697343373461,0.0002955414782869788
llama32_3b,qkv,20,2,14.612254987999568,0.01980599892902353,0.16098297236275816,0.012458994355382372
llama32_3b,qkv,20,3,13.7405077525337,0.018624400002218877,0.17960737236497704,0.014132557914375121
llama32_3b,qkv,20,4,11.260302426354269,0.01526263660058026,0.19487000896555728,0.014170747827331041
llama32_3b,qkv,20,5,10.927285673543352,0.014811253192958595,0.20968126215851585,0.019622441771510638
llama32_3b,qkv,20,6,9.46527589465449,0.012829590257383248,0.2225108524158991,0.026081970742513026
llama32_3b,qkv,20,7,9.03375734837786,0.012244693821314502,0.23475554623721362,0.019324961531104613
llama32_3b,qkv,20,8,8.853567363691198,0.012000457552055874,0.2467560037892695,0.035598468961531626
llama32_3b,qkv,20,9,7.909076308981157,0.010720258921972953,0.25747626271124247,0.023540206023172486
llama32_3b,qkv,20,10,7.485717580790275,0.010146422609642812,0.26762268532088523,0.03316084486400438
llama32_3b,qkv,20,11,6.956603856789325,0.009429242006135624,0.2770519273270209,0.051086972465737505
llama32_3b,qkv,20,12,6.363639183257783,0.008625515428782602,0.28567744275580353,0.03856006727096395
llama32_3b,qkv,20,13,6.294633522958834,0.008531982566462584,0.29420942532226607,0.043364417501677265
llama32_3b,qkv,20,14,6.121887404672866,0.008297835993153077,0.30250726131541916,0.05333062788134615
llama32_3b,qkv,20,15,5.866749500098345,0.007952012499865676,0.3104592738152849,0.07134334461127172
llama32_3b,qkv,20,16,5.624495401838838,0.007623652201293018,0.31808292601657784,0.06224296377664743
llama32_3b,qkv,20,17,5.359081812894305,0.0072639006596794285,0.3253468266762573,0.06515147267017941
llama32_3b,qkv,20,18,5.2157267670520735,0.0070695918492492005,0.33241641852550646,0.0630932907534763
llama32_3b,qkv,20,19,4.942051126940603,0.00669864161334111,0.33911506013884757,0.08398693464527017
llama32_3b,qkv,20,20,4.832224168514147,0.006549778031179511,0.34566483817002713,0.06967951912977806
llama32_3b,qkv,20,21,4.591782446506267,0.006223874295411717,0.35188871246543885,0.06938909235961756
llama32_3b,qkv,20,22,4.516064093565196,0.006121242797501921,0.35800995526294077,0.09737544661344338
llama32_3b,qkv,20,23,4.396173539500259,0.005958738640042289,0.36396869390298303,0.10880661958802548
llama32_3b,qkv,20,24,4.2465159353804705,0.005755887105535735,0.36972458100851874,0.09190509838665695
llama32_3b,qkv,20,25,4.044752496749545,0.005482409366971629,0.3752069903754904,0.1071467664893538
llama32_3b,qkv,20,26,3.8430455179362775,0.005209008156163777,0.38041599853165414,0.1122666024568267
llama32_3b,qkv,20,27,3.686283067397959,0.00499652644611814,0.38541252497777234,0.1662763692590682
llama32_3b,qkv,20,28,3.471782606713444,0.004705784469737247,0.3901183094475095,0.12060220696732572
llama32_3b,qkv,20,29,3.3113131257010093,0.0044882781114316045,0.3946065875589412,0.12373527901064735
llama32_3b,qkv,20,30,3.0637196361318897,0.0041526806014465616,0.39875926816038776,0.12799189191322272
llama32_3b,qkv,20,31,2.944450922404174,0.003991019309722788,0.4027502874701105,0.14236492368847453
llama32_3b,qkv,20,32,2.863252108053375,0.0038809593886913888,0.40663124685880186,0.15364724343646594
llama32_3b,qkv,20,33,2.833581066038728,0.003840742144546133,0.410471989003348,0.17642745498340687
llama32_3b,qkv,20,34,2.6170887149781334,0.003547300285177449,0.41401928928852555,0.19576030136019595
llama32_3b,qkv,20,35,2.5470747619107073,0.0034524007449895054,0.41747169003351503,0.20084558187145293
llama32_3b,qkv,20,36,2.510062484830513,0.0034022329152593863,0.4208739229487744,0.15115331364463186
llama32_3b,qkv,20,37,2.3829771082046958,0.0032299766252197834,0.42410389957399425,0.1713033872040773
llama32_3b,qkv,20,38,2.347552190336798,0.003181960361752677,0.4272858599357469,0.1893466196360183
llama32_3b,qkv,20,39,2.2447244158445754,0.0030425837362325625,0.4303284436719795,0.20417037249917866
llama32_3b,qkv,20,40,2.1746448032527725,0.002947595198660536,0.4332760388706399,0.18954764400599766
llama32_3b,qkv,20,41,2.1010772813020884,0.002847879017813514,0.4361239178884534,0.19350605315384267
llama32_3b,qkv,20,42,2.0192955819530947,0.002737029032575086,0.4388609469210285,0.20417891178940073
llama32_3b,qkv,20,43,1.9250119552130096,0.0026092334656504616,0.441470180386679,0.19757769361590669
llama32_3b,qkv,20,44,1.902368315308136,0.002578541426121078,0.44404872181280003,0.23716442483579042
llama32_3b,qkv,20,45,1.8748903641710957,0.0025412967796760947,0.4465900185924762,0.19905713047071524
llama32_3b,qkv,20,46,1.8043661598386425,0.0024457056257696005,0.4490357242182457,0.21462149115612578
llama32_3b,qkv,20,47,1.7750876016817596,0.00240602036897831,0.4514417445872241,0.24232561773019515
llama32_3b,qkv,20,48,1.7500884511290307,0.0023721355818951064,0.4538138801691192,0.23773536990620533
llama32_3b,qkv,21,1,119.29405237080529,0.15540218403211753,0.15540218403211753,0.00023721876295613371
llama32_3b,qkv,21,2,15.205790506071693,0.01980830567506714,0.1752104897071847,0.010372542181572512
llama32_3b,qkv,21,3,14.84720817801775,0.019341187023068515,0.1945516767302532,0.014721279729625586
llama32_3b,qkv,21,4,11.392401641858331,0.01484067362396967,0.20939235035422288,0.02217251209063755
llama32_3b,qkv,21,5,11.028317587262066,0.014366387973251219,0.22375873832747406,0.02052496041683515
llama32_3b,qkv,21,6,9.462735807595926,0.012326933172229229,0.23608567149970333,0.026389634598194822
llama32_3b,qkv,21,7,9.058892019976357,0.011800853243208035,0.2478865247429113,0.0269920543288991
llama32_3b,qkv,21,8,8.812670781808666,0.011480105331590312,0.25936663007450167,0.028018900158752177
llama32_3b,qkv,21,9,8.194408583846402,0.010674706454124171,0.27004133652862583,0.03549969182573021
llama32_3b,qkv,21,10,7.373983384020267,0.00960595352508737,0.2796472900537132,0.03438075321858314
llama32_3b,qkv,21,11,6.77594100173657,0.008826894632345778,0.288474184686059,0.0614326165947081
llama32_3b,qkv,21,12,6.559944929543237,0.008545520492611905,0.2970197051786709,0.04801645420313629
llama32_3b,qkv,21,13,6.3529697370895475,0.008275897688217654,0.30529560286688856,0.06186464374677551
llama32_3b,qkv,21,14,6.10029580246953,0.007946743966740517,0.31324234683362906,0.052202069371075153
llama32_3b,qkv,21,15,5.842783370371977,0.007611287222937456,0.32085363405656653,0.06740237710540337
llama32_3b,qkv,21,16,5.558236289761983,0.0072406129360978394,0.3280942469926644,0.06547464561045643
llama32_3b,qkv,21,17,5.444274841614026,0.00709215743822769,0.3351864044308921,0.05834163454258736
llama32_3b,qkv,21,18,5.225341535800424,0.006806957017882748,0.3419933614487748,0.0689530212550637
llama32_3b,qkv,21,19,4.860351434496342,0.006331491076660022,0.3483248525254348,0.08763345050281668
llama32_3b,qkv,21,20,4.754441520780815,0.006193524165695448,0.3545183766911303,0.09917572759426277
llama32_3b,qkv,21,21,4.62026768434455,0.006018738358626441,0.3605371150497568,0.07847565614432955
llama32_3b,qkv,21,22,4.5290549696690565,0.005899917220519651,0.3664370322702764,0.10140887446961354
llama32_3b,qkv,21,23,4.333651659912682,0.0056453688964434685,0.37208240116671987,0.09345159801815721
llama32_3b,qkv,21,24,4.233188149965268,0.005514496916230804,0.37759689808295066,0.10727335253076187
llama32_3b,qkv,21,25,4.09077595427942,0.005328979148977838,0.38292587723192845,0.11510478033495712
llama32_3b,qkv,21,26,3.851646377116372,0.00501746941467604,0.3879433466466045,0.11118197157493308
llama32_3b,qkv,21,27,3.6241223364697124,0.0047210780009079864,0.39266442464751244,0.10701141397922548
llama32_3b,qkv,21,28,3.537716167990745,0.004608518262776693,0.3972729429102892,0.15057279525947306
llama32_3b,qkv,21,29,3.470791663877587,0.00452133693313149,0.4017942798434207,0.11130445746126444
llama32_3b,qkv,21,30,3.2566485990366787,0.004242376672244648,0.40603665651566534,0.1347376676468505
llama32_3b,qkv,21,31,3.1140213288183447,0.004056578731324901,0.41009323524699026,0.1505487387770233
llama32_3b,qkv,21,32,3.008689433656272,0.003919364794576836,0.41401260004156704,0.11013373105793829
llama32_3b,qkv,21,33,2.9215487382479495,0.003805848201625174,0.41781844824319225,0.1650085267533437
llama32_3b,qkv,21,34,2.8256445322759935,0.0036809155434606054,0.4214993637866528,0.19879466149229777
llama32_3b,qkv,21,35,2.639188074079881,0.0034380221195663197,0.42493738590621916,0.14662235563982687
llama32_3b,qkv,21,36,2.5090865573545953,0.0032685412490351044,0.42820592715525424,0.17972887935453738
llama32_3b,qkv,21,37,2.491329663585959,0.003245409667716238,0.43145133682297043,0.16740037449572387
llama32_3b,qkv,21,38,2.325461794957753,0.003029336623559313,0.43448067344652985,0.18260035741337924
llama32_3b,qkv,21,39,2.2776285087941335,0.0029670250749822364,0.43744769852151205,0.18345401589753646
llama32_3b,qkv,21,40,2.2426529329121903,0.0029214630308415914,0.4403691615523536,0.2663255204112917
llama32_3b,qkv,21,41,2.1299027791659646,0.0027745854640735725,0.4431437470164273,0.19507578639579637
llama32_3b,qkv,21,42,2.058881661756372,0.002682067551080341,0.4458258145675076,0.20972004873204445
llama32_3b,qkv,21,43,2.002798327130647,0.002609008814995568,0.4484348233825032,0.24781862074667432
llama32_3b,qkv,21,44,1.9752538335099126,0.002573127106044851,0.45100795048854797,0.21323492456320123
llama32_3b,qkv,21,45,1.9294260590644703,0.002513428100967747,0.4535213785895157,0.207210008118959
llama32_3b,qkv,21,46,1.8869846083673067,0.002458140398012283,0.455979518987528,0.21992168218512842
llama32_3b,qkv,21,47,1.8140922499862884,0.0023631848535694464,0.45834270384109743,0.2573867731725984
llama32_3b,qkv,21,48,1.7486619681603102,0.0022779500200172382,0.46062065386111467,0.22256966533780762
llama32_3b,qkv,22,1,124.51405758212577,0.16844237341978152,0.16844237341978152,0.00022359147742792565
llama32_3b,qkv,22,2,13.944778522414563,0.01886446909482043,0.18730684251460195,0.012608084638018406
llama32_3b,qkv,22,3,13.240501478341937,0.017911724487887866,0.20521856700248983,0.01481540167816748
llama32_3b,qkv,22,4,11.042296723081266,0.01493799739691633,0.22015656439940617,0.016973835387572068
llama32_3b,qkv,22,5,9.288802338983412,0.01256587362574384,0.23272243802515002,0.029325001517792812
llama32_3b,qkv,22,6,8.321404370159316,0.011257179546742125,0.24397961757189215,0.030702380621663687
llama32_3b,qkv,22,7,8.008252239992462,0.010833547957899443,0.2548131655297916,0.023222837170677735
llama32_3b,qkv,22,8,7.1757698257460785,0.009707367377097133,0.2645205329068887,0.04201351778108514
llama32_3b,qkv,22,9,6.80886279876674,0.009211016269046282,0.273731549175935,0.04068424014407505
llama32_3b,qkv,22,10,6.258213072456528,0.00846609839692997,0.282197647572865,0.04053542874618378
llama32_3b,qkv,22,11,5.9745890143070355,0.008082412326125152,0.29028005989899014,0.05532982484674012
llama32_3b,qkv,22,12,5.4932309489627364,0.007431232077357903,0.297711291976348,0.07280029108592855
llama32_3b,qkv,22,13,5.4420355571810815,0.007361975051546422,0.3050732670278944,0.06899689042365559
llama32_3b,qkv,22,14,4.995939726950465,0.006758497485431834,0.3118317645133262,0.06500266965256388
llama32_3b,qkv,22,15,4.844334222128923,0.006553405855205252,0.31838517036853153,0.07150564529373193
llama32_3b,qkv,22,16,4.6873265526085355,0.006341006187146252,0.32472617655567776,0.09666009668414641
llama32_3b,qkv,22,17,4.571281032776529,0.006184020035021678,0.3309101965906994,0.07220464955571633
llama32_3b,qkv,22,18,4.349407042826394,0.005883869335630428,0.3367940659263298,0.08361946943154404
llama32_3b,qkv,22,19,4.271642829721185,0.005778670060328331,0.34257273598665816,0.09688702648133575
llama32_3b,qkv,22,20,4.072173076741385,0.005508827768864863,0.348081563755523,0.09939631146852511
llama32_3b,qkv,22,21,3.8985577604213755,0.005273961308716941,0.35335552506424,0.09223518581221016
llama32_3b,qkv,22,22,3.7564249491507913,0.005081684319787782,0.35843720938402773,0.10625019527323006
llama32_3b,qkv,22,23,3.5997035200246663,0.004869671877173959,0.36330688126120175,0.13389150492510407
llama32_3b,qkv,22,24,3.5330055820663304,0.004779443037233559,0.36808632429843524,0.1114399388122952
llama32_3b,qkv,22,25,3.485531913103398,0.004715220750767735,0.372801545049203,0.11137073050374519
llama32_3b,qkv,22,26,3.3354827800074216,0.004512234577165638,0.37731377962636864,0.15207519251510793
llama32_3b,qkv,22,27,3.1400428482100526,0.0042478438199112945,0.3815616234462799,0.1360415192397831
llama32_3b,qkv,22,28,2.989912830520638,0.004044748225789488,0.38560637167206946,0.13640110428296148
llama32_3b,qkv,22,29,2.9004499343803953,0.0039237229949722315,0.3895300946670417,0.17735685070690996
llama32_3b,qkv,22,30,2.8258942170724044,0.0038228641665055004,0.39335295883354715,0.15852779456189212
llama32_3b,qkv,22,31,2.7203234814844546,0.003680048282006856,0.39703300711555406,0.175230318406813
llama32_3b,qkv,22,32,2.62484096963027,0.0035508797268323272,0.40058388684238644,0.1753261916581389
llama32_3b,qkv,22,33,2.6005025967781443,0.0035179548236688135,0.40410184166605523,0.16143233784003452
llama32_3b,qkv,22,34,2.484448192498771,0.0033609566526812294,0.4074627983187364,0.1787772174492578
llama32_3b,qkv,22,35,2.4392585013434545,0.003299824126923743,0.41076262244566014,0.19242887770097494
llama32_3b,qkv,22,36,2.23845063734792,0.003028171641496908,0.4137907940871571,0.17108929204203743
llama32_3b,qkv,22,37,2.180119849212677,0.002949261865462453,0.41674005595261954,0.18824822581679324
llama32_3b,qkv,22,38,2.11865341482563,0.0028661101933151007,0.41960616614593466,0.17323237918967307
llama32_3b,qkv,22,39,2.041410744559123,0.0027616164601445277,0.4223677826060791,0.24915737081735578
llama32_3b,qkv,22,40,1.9677344749089813,0.0026619473467482326,0.42502972995282734,0.16796417251069562
llama32_3b,qkv,22,41,1.951482317721753,0.0026399614603112537,0.4276696914131386,0.22614315161065304
llama32_3b,qkv,22,42,1.8867509420724613,0.0025523929820139134,0.4302220843951525,0.24908650520583064
llama32_3b,qkv,22,43,1.8690782048162535,0.0025284853376397317,0.4327505697327922,0.21122012362885068
llama32_3b,qkv,22,44,1.8192688148459557,0.002461103292366212,0.43521167302515845,0.20012221520570428
llama32_3b,qkv,22,45,1.7885914914490495,0.002419603069311214,0.43763127609446956,0.20640866729516652
llama32_3b,qkv,22,46,1.7387931620513004,0.0023522359867585926,0.43998351208122827,0.18869325086367833
llama32_3b,qkv,22,47,1.6451085202289917,0.002225499586644706,0.44220901166787296,0.23330298487608522
llama32_3b,qkv,22,48,1.623205845082294,0.0021958696905703705,0.44440488135844347,0.2391385061007477
llama32_3b,qkv,23,1,123.00181062843296,0.16730067308761098,0.16730067308761098,0.0001249308677801804
llama32_3b,qkv,23,2,15.879733361720664,0.021598788394205485,0.18889946148181647,0.009010583971232158
llama32_3b,qkv,23,3,14.114765047991378,0.019198170180891486,0.20809763166270795,0.011953558367038366
llama32_3b,qkv,23,4,11.945530831758386,0.01624769048789935,0.2243453221506073,0.015223104173780177
llama32_3b,qkv,23,5,9.965270709765418,0.013554243541018429,0.2378995656916257,0.02144488780624685
llama32_3b,qkv,23,6,9.08724418902824,0.012359997479455598,0.25025956317108133,0.02222085993889739
llama32_3b,qkv,23,7,8.670186775822266,0.011792737651416868,0.2620523008224982,0.03180361334702889
llama32_3b,qkv,23,8,7.481575620933812,0.010176050504810638,0.2722283513273088,0.02887781831951569
llama32_3b,qkv,23,9,7.228380959063773,0.009831668278755376,0.2820600196060642,0.03953586972444921
llama32_3b,qkv,23,10,6.977945466613804,0.00949103893161126,0.2915510585376755,0.04338056215807684
llama32_3b,qkv,23,11,6.48524106875594,0.008820888004777731,0.3003719465424532,0.04437359633880685
llama32_3b,qkv,23,12,6.37154493426327,0.008666244428956367,0.30903819097140955,0.04746317379930347
llama32_3b,qkv,23,13,5.786935046032297,0.007871088428447004,0.3169092793998565,0.05562166340542802
llama32_3b,qkv,23,14,5.535864080106167,0.007529594743292352,0.32443887414314887,0.05633489751776135
llama32_3b,qkv,23,15,5.25744989745318,0.00715091023517817,0.3315897843783271,0.07388851954565304
llama32_3b,qkv,23,16,5.207030429243584,0.007082332293722771,0.3386721166720498,0.0703431400850682
llama32_3b,qkv,23,17,4.9187978910623755,0.00669029336846552,0.3453624100405153,0.08502281878821481
llama32_3b,qkv,23,18,4.833104570154474,0.006573737764984912,0.35193614780550025,0.0818622451664708
llama32_3b,qkv,23,19,4.434961223630477,0.006032203867894285,0.3579683516733945,0.09476809591492034
llama32_3b,qkv,23,20,4.292204566796305,0.005838033679227377,0.36380638535262194,0.10166807825819948
llama32_3b,qkv,23,21,4.035363279861356,0.005488691503194624,0.3692950768558166,0.11061217912623744
llama32_3b,qkv,23,22,3.9836989798060647,0.00541842040612955,0.3747134972619461,0.09563857453409835
llama32_3b,qkv,23,23,3.8920958385215294,0.0052938265719774886,0.3800073238339236,0.08794233715760995
llama32_3b,qkv,23,24,3.7261989169301493,0.005068182197284156,0.3850755060312077,0.11035701377370702
llama32_3b,qkv,23,25,3.609054300038864,0.004908848174846831,0.3899843542060546,0.10102603696987389
llama32_3b,qkv,23,26,3.370969872495212,0.0045850181045720435,0.3945693723106266,0.11971635931404591
llama32_3b,qkv,23,27,3.3167070160896053,0.004511212586149733,0.39908058489677634,0.12319344619105797
llama32_3b,qkv,23,28,3.0252221050781944,0.004114749952323928,0.40319533484910025,0.10581491994538249
llama32_3b,qkv,23,29,2.968856224114995,0.004038084009146832,0.4072334188582471,0.14531342295734564
llama32_3b,qkv,23,30,2.9109196311575887,0.003959281665110959,0.41119270052335816,0.16674293535113385
llama32_3b,qkv,23,31,2.8142371273386138,0.0038277791459035626,0.4150204796692616,0.15828636292621528
llama32_3b,qkv,23,32,2.717039467059012,0.0036955759376398997,0.41871605560690156,0.1461479004107772
llama32_3b,qkv,23,33,2.638138404142217,0.0035882588106328573,0.42230431441753435,0.15169289911268635
llama32_3b,qkv,23,34,2.5444086521691256,0.0034607724710959313,0.42576508688863035,0.20088016928365485
llama32_3b,qkv,23,35,2.449028627756901,0.003331041516716067,0.4290961284053464,0.15454699202305278
llama32_3b,qkv,23,36,2.367079338282373,0.003219578350295241,0.4323157067556417,0.1689875421435925
llama32_3b,qkv,23,37,2.2242040772904534,0.0030252468424142435,0.4353409535980559,0.16515933211316905
llama32_3b,qkv,23,38,2.1659997357320098,0.0029460803206403123,0.43828703391869617,0.17365868342037863
llama32_3b,qkv,23,39,2.0869661333022216,0.0028385829202728923,0.44112561683896917,0.15586097704639065
llama32_3b,qkv,23,40,2.0684712793724573,0.0028134271807329792,0.4439390440197022,0.22199218761980785
llama32_3b,qkv,23,41,1.9447518530065766,0.0026451504439981757,0.4465841944637003,0.19499696550697923
llama32_3b,qkv,23,42,1.9277703623422524,0.002622053102555336,0.44920624756625566,0.17942674272843495
llama32_3b,qkv,23,43,1.864990874713807,0.0025366637047678337,0.4517429112710235,0.19856016113404046
llama32_3b,qkv,23,44,1.7764383292552677,0.002416219132585168,0.45415913040360867,0.213210849106987
llama32_3b,qkv,23,45,1.762518775743764,0.0023972864789953085,0.4565564168826039,0.21108160970227044
llama32_3b,qkv,23,46,1.6676907641601961,0.0022683063437888814,0.45882472322639284,0.1895098847408847
llama32_3b,qkv,23,47,1.645882179024445,0.0022386434392051317,0.461063366665598,0.22688532733833713
llama32_3b,qkv,23,48,1.6238053038842053,0.0022086156204944737,0.46327198228609245,0.22039967507892344
llama32_3b,qkv,24,1,139.57436375866163,0.16732506997512225,0.16732506997512225,0.00014745467806119713
llama32_3b,qkv,24,2,18.076556549793164,0.021670606321611788,0.18899567629673406,0.007140121300844622
llama32_3b,qkv,24,3,15.494799765123977,0.018575534826960536,0.2075712111236946,0.011404007048737962
llama32_3b,qkv,24,4,13.417033646696225,0.016084659340979416,0.223655870464674,0.01462813322761129
llama32_3b,qkv,24,5,10.412414225716844,0.012482650051269958,0.236138520515944,0.027694950172199008
llama32_3b,qkv,24,6,9.531268301141287,0.011426311340367189,0.24756483185631115,0.027269524804892052
llama32_3b,qkv,24,7,8.890842516567403,0.010658553663871617,0.2582233855201828,0.030819094394617125
llama32_3b,qkv,24,8,7.886123859987849,0.009454073020075369,0.2676774585402581,0.04109045544903839
llama32_3b,qkv,24,9,7.498049662890755,0.008988840434117898,0.27666629897437606,0.04578014846246498
llama32_3b,qkv,24,10,7.217972154239732,0.00865307684923405,0.2853193758236101,0.06254166807955096
llama32_3b,qkv,24,11,6.576070550132064,0.007883549925148083,0.29320292574875817,0.05178336791641472
llama32_3b,qkv,24,12,6.231344939395117,0.007470284656473722,0.30067321040523187,0.054570051787955424
llama32_3b,qkv,24,13,5.899802440837441,0.007072823616516466,0.3077460340217484,0.07266680656995958
llama32_3b,qkv,24,14,5.759424075644942,0.006904534690482436,0.3146505687122308,0.0806537526332901
llama32_3b,qkv,24,15,5.4608988502706515,0.006546655543625194,0.321197224255856,0.0824351501011559
llama32_3b,qkv,24,16,5.256326220929976,0.006301409005524467,0.32749863326138046,0.0744824854715088
llama32_3b,qkv,24,17,5.045763738210604,0.006048981688599169,0.33354761494997964,0.07823683596491489
llama32_3b,qkv,24,18,4.954580456117567,0.005939668999320785,0.33948728394930044,0.09706074251842786
llama32_3b,qkv,24,19,4.812320581032253,0.005769124474436106,0.3452564084237365,0.0908304904709871
llama32_3b,qkv,24,20,4.70267710081878,0.00563768126018827,0.3508940896839248,0.0940034420917564
llama32_3b,qkv,24,21,4.560557050086907,0.005467304360067148,0.356361394043992,0.09657276978635868
llama32_3b,qkv,24,22,4.286637174422076,0.005138922692195491,0.36150031673618754,0.10445223266570984
llama32_3b,qkv,24,23,4.127121634390597,0.004947691665385739,0.3664480084015732,0.10844908711603718
llama32_3b,qkv,24,24,4.0249035587500686,0.004825150202908807,0.371273158604482,0.112419229544533
llama32_3b,qkv,24,25,3.7619412692225036,0.004509904750154324,0.37578306335463635,0.1295854698757266
llama32_3b,qkv,24,26,3.660652785202585,0.004388477704241996,0.38017154105887835,0.12119683716942257
llama32_3b,qkv,24,27,3.5473312600287312,0.004252625162136277,0.38442416622101466,0.11418020048520076
llama32_3b,qkv,24,28,3.5403493571568956,0.004244255090762644,0.38866842131177726,0.16309467757076543
llama32_3b,qkv,24,29,3.40734701374668,0.004084808715234469,0.39275323002701173,0.1342464000037196
llama32_3b,qkv,24,30,3.2506696786952545,0.0038969801961209905,0.39665021022313274,0.1431367975906221
llama32_3b,qkv,24,31,3.1371636857093965,0.003760906509610807,0.4004111167327436,0.15862042966412995
llama32_3b,qkv,24,32,3.0875618557543554,0.003701442655041695,0.4041125593877851,0.17342895005502884
llama32_3b,qkv,24,33,2.8302658096404056,0.003392990029781799,0.40750554941756695,0.1565460475108173
llama32_3b,qkv,24,34,2.7560269059895464,0.0033039906647570343,0.41080954008232395,0.23065369669573915
llama32_3b,qkv,24,35,2.7374410736050514,0.0032817095264409835,0.414091249608765,0.19203052206685714
llama32_3b,qkv,24,36,2.6982819158038063,0.003234764595847642,0.4173260142046126,0.16630854389827737
llama32_3b,qkv,24,37,2.524790117006077,0.003026778497310701,0.42035279270192333,0.2215657052484568
llama32_3b,qkv,24,38,2.4260913417286725,0.0029084560558893923,0.42326124875781274,0.19034191363627492
llama32_3b,qkv,24,39,2.414640469936772,0.002894728478186306,0.426155977235999,0.17577337193895498
llama32_3b,qkv,24,40,2.327516466893891,0.0027902821492682695,0.42894625938526726,0.18544407033811325
llama32_3b,qkv,24,41,2.225750832833579,0.0026682830845285053,0.43161454246979575,0.1768455748572386
llama32_3b,qkv,24,42,2.12089685929534,0.002542581644901726,0.43415712411469753,0.21895596366818004
llama32_3b,qkv,24,43,2.103971506948305,0.0025222911295838986,0.4366794152442814,0.23166739833291214
llama32_3b,qkv,24,44,2.0426595954449533,0.0024487889504849793,0.4391282041947665,0.2049270465036943
llama32_3b,qkv,24,45,1.9871757218176282,0.0023822735619338574,0.4415104777567003,0.24138222960741268
llama32_3b,qkv,24,46,1.9281988579628653,0.0023115706935441095,0.4438220484502444,0.22520071654970908
llama32_3b,qkv,24,47,1.9198187252167869,0.0023015243909110345,0.44612357284115545,0.22757214095748818
llama32_3b,qkv,24,48,1.8588894576556534,0.0022284809344792515,0.44835205377563464,0.24064971511268274
llama32_3b,qkv,25,1,131.5417519104974,0.169264892233148,0.169264892233148,0.00015368221927325313
llama32_3b,qkv,25,2,16.812424882593398,0.02163384054567216,0.19089873277882016,0.007662438135095781
llama32_3b,qkv,25,3,13.164740470843803,0.016940084381656405,0.20783881716047659,0.011296210605321409
llama32_3b,qkv,25,4,12.01912257100933,0.015465929692825833,0.2233047468533024,0.017334768455508093
llama32_3b,qkv,25,5,8.311225827324947,0.01069469368892636,0.2339994405422288,0.024337784921943786
llama32_3b,qkv,25,6,8.213675685866512,0.010569168416976773,0.2445686089592055,0.025957451419360324
llama32_3b,qkv,25,7,7.096331361594844,0.00913139551302573,0.2537000044722313,0.04703209292754759
llama32_3b,qkv,25,8,6.397149837436675,0.0082317048549709,0.26193170932720217,0.059341799803422975
llama32_3b,qkv,25,9,5.988163827107492,0.0077054310904984815,0.26963714041770065,0.07513763001602679
llama32_3b,qkv,25,10,5.744012225613701,0.0073912624412659856,0.27702840285896657,0.05197806935832258
llama32_3b,qkv,25,11,5.490650483206512,0.007065242395146065,0.2840936452541127,0.07158110347085933
llama32_3b,qkv,25,12,4.81465062622903,0.006195381371713963,0.2902890266258267,0.07829263672026328
llama32_3b,qkv,25,13,4.67406839028214,0.0060144833931494385,0.29630351001897615,0.076956709046943
llama32_3b,qkv,25,14,4.568682205450937,0.00587887488133295,0.3021823849003091,0.11020857480824646
llama32_3b,qkv,25,15,4.3867721512791675,0.005644797219538836,0.3078271821198479,0.0942621221149304
llama32_3b,qkv,25,16,4.048607234656202,0.00520965440489726,0.3130368365247452,0.09273910177799437
llama32_3b,qkv,25,17,3.8882002388384347,0.005003246382606273,0.3180400829073515,0.09661697712610616
llama32_3b,qkv,25,18,3.845001876604706,0.004947659726491828,0.3229877426338433,0.09908901873525265
llama32_3b,qkv,25,19,3.743772772204474,0.004817400449887226,0.32780514308373054,0.11825363182978042
llama32_3b,qkv,25,20,3.6764357493982005,0.004730752722127297,0.33253589580585774,0.10290898732238868
llama32_3b,qkv,25,21,3.556622437030924,0.004576579715371674,0.3371124755212294,0.12932001502682466
llama32_3b,qkv,25,22,3.4667389325048488,0.004460919694988978,0.3415733952162184,0.10898750032657144
llama32_3b,qkv,25,23,3.2885994756803627,0.004231693950889229,0.3458050891671076,0.12404889077042353
llama32_3b,qkv,25,24,3.142359656304932,0.004043515924465956,0.3498486050915735,0.1315143187064752
llama32_3b,qkv,25,25,3.098766996198912,0.00398742189494427,0.35383602698651784,0.13126657695906918
llama32_3b,qkv,25,26,2.9297105161872734,0.0037698839159005094,0.3576059109024183,0.13932971054293167
llama32_3b,qkv,25,27,2.908027125397519,0.003741982228778581,0.3613478931311969,0.13172491948752124
llama32_3b,qkv,25,28,2.8423062258527616,0.0036574140911542776,0.3650053072223513,0.15633887957180834
llama32_3b,qkv,25,29,2.720749893157883,0.0035009982060453812,0.36850630542839663,0.14466586766144254
llama32_3b,qkv,25,30,2.6474865913033394,0.003406724679100935,0.3719130301074976,0.17511613541792923
llama32_3b,qkv,25,31,2.512067810297912,0.00323247091525549,0.3751455010227531,0.18037237667930275
llama32_3b,qkv,25,32,2.4924447573487036,0.0032072204233432864,0.37835272144609633,0.18235803502556774
llama32_3b,qkv,25,33,2.42836245174108,0.003124760790601688,0.38147748223669803,0.16354242976608316
llama32_3b,qkv,25,34,2.3425208677550486,0.0030143018203394956,0.38449178405703754,0.16909180078942418
llama32_3b,qkv,25,35,2.2676059773288744,0.0029179030673164067,0.3874096871243539,0.19686651962059418
llama32_3b,qkv,25,36,2.177551791387992,0.0028020234180260515,0.39021171054238,0.1667262119441177
llama32_3b,qkv,25,37,2.143605801511233,0.002758342501246513,0.39297005304362653,0.181770589418978
llama32_3b,qkv,25,38,2.0805379979437806,0.002677188306329832,0.3956472413499564,0.1603351303189256
llama32_3b,qkv,25,39,1.9652134695143582,0.0025287913632077224,0.39817603271316404,0.21405848827804796
llama32_3b,qkv,25,40,1.9387904352884728,0.002494790812236192,0.40067082352540023,0.1916042738314682
llama32_3b,qkv,25,41,1.8450011093054868,0.002374104870893922,0.4030449283962942,0.22530166575649627
llama32_3b,qkv,25,42,1.8213154330788677,0.002343626689056297,0.4053885550853505,0.2049190656660291
llama32_3b,qkv,25,43,1.7862362986859697,0.0022984876680503573,0.4076870427534008,0.2122795047694492
llama32_3b,qkv,25,44,1.756515285929891,0.0022602433543769266,0.4099472861077778,0.20154897438924887
llama32_3b,qkv,25,45,1.7133776644062273,0.0022047348580071548,0.4121520209657849,0.2523417923902112
llama32_3b,qkv,25,46,1.6417097994730694,0.0021125143024930035,0.41426453526827794,0.22843306970588204
llama32_3b,qkv,25,47,1.5675230505068656,0.0020170525051053864,0.4162815877733833,0.2510651056817103
llama32_3b,qkv,25,48,1.5581903245223598,0.002005043368575992,0.41828663114195924,0.21725913301606883
llama32_3b,qkv,26,1,121.48483266657507,0.16162296723316966,0.16162296723316966,0.00019981721745296305
llama32_3b,qkv,26,2,19.07959388416003,0.025383420378289077,0.18700638761145874,0.005358055300285937
llama32_3b,qkv,26,3,13.971001222799435,0.018586967799053934,0.20559335541051266,0.011386808893563229
llama32_3b,qkv,26,4,12.642495933249778,0.016819529328185024,0.2224128847386977,0.017120115903293036
llama32_3b,qkv,26,5,9.644634141172377,0.012831185206904383,0.2352440699456021,0.026843269323215495
llama32_3b,qkv,26,6,8.629167563940449,0.011480212268671155,0.24672428221427323,0.02611674383545392
llama32_3b,qkv,26,7,7.844454980478776,0.010436233581122806,0.25716051579539606,0.030024383693785454
llama32_3b,qkv,26,8,6.93233498990302,0.009222752555436668,0.26638326835083276,0.03501006468922414
llama32_3b,qkv,26,9,6.64884847824949,0.008845603160089718,0.27522887151092246,0.046528193840573044
llama32_3b,qkv,26,10,6.513324423652658,0.008665302464483323,0.2838941739754058,0.04179457559902435
llama32_3b,qkv,26,11,6.088915864024455,0.008100670903319403,0.2919948448787252,0.04807104480399456
llama32_3b,qkv,26,12,5.3758986029246225,0.007152075404622806,0.29914692028334794,0.06031597273078447
llama32_3b,qkv,26,13,5.056347969294478,0.006726946436216585,0.3058738667195645,0.07021077320565922
llama32_3b,qkv,26,14,4.960459565696438,0.0065993768625291285,0.3124732435820936,0.047346261591066835
llama32_3b,qkv,26,15,4.887684838860425,0.006502557638000073,0.3189758012200937,0.08811130854973784
llama32_3b,qkv,26,16,4.728664852467339,0.006290998042566723,0.3252667992626605,0.08016315176425162
llama32_3b,qkv,26,17,4.606119352729981,0.006127963967827673,0.33139476323048817,0.07371124731460289
llama32_3b,qkv,26,18,4.4304638380394215,0.005894272527735917,0.337289035758224,0.0784124835382524
llama32_3b,qkv,26,19,4.347895605217723,0.005784424059454546,0.3430734598176785,0.090751431707909
llama32_3b,qkv,26,20,4.086604996525964,0.005436804010433049,0.3485102638281116,0.07652175083733655
llama32_3b,qkv,26,21,3.9833881740811288,0.005299484735707626,0.35380974856381925,0.12166882920591092
llama32_3b,qkv,26,22,3.7103777724224742,0.004936272717935044,0.35874602128175426,0.11629960186965642
llama32_3b,qkv,26,23,3.587356973618536,0.0047726063070946245,0.3635186275888489,0.11465030609044971
llama32_3b,qkv,26,24,3.469091424492368,0.004615266262648973,0.3681338938514979,0.10269797266718247
llama32_3b,qkv,26,25,3.3539954084106793,0.004462142953117039,0.37259603680461495,0.11127552216222945
llama32_3b,qkv,26,26,3.214374405438271,0.004276391692707388,0.3768724284973223,0.13841773417019199
llama32_3b,qkv,26,27,3.1826530982105963,0.004234189784155373,0.3811066182814777,0.12804884229031196
llama32_3b,qkv,26,28,3.140591975351759,0.004178231823540965,0.3852848501050187,0.1339402818412241
llama32_3b,qkv,26,29,2.981177239227396,0.003966147054540815,0.3892509971595594,0.16034859060511789
llama32_3b,qkv,26,30,2.9183571800160792,0.0038825714826061478,0.39313356864216553,0.14743154017527849
llama32_3b,qkv,26,31,2.7638426890498127,0.0036770059814457564,0.39681057462361136,0.13322379719915234
llama32_3b,qkv,26,32,2.753274495219112,0.0036629460958804445,0.40047352071949194,0.17631232662092308
llama32_3b,qkv,26,33,2.687353228422854,0.0035752446889680068,0.40404876540845996,0.1817703450244187
llama32_3b,qkv,26,34,2.6003209786880417,0.003459457309273251,0.4075082227177331,0.16002260880545582
llama32_3b,qkv,26,35,2.521874458064602,0.0033550923514922564,0.41086331506922547,0.19619773915019334
llama32_3b,qkv,26,36,2.3787582932784774,0.003164691140871592,0.41402800621009694,0.15496142722624542
llama32_3b,qkv,26,37,2.3086867531031987,0.003071468225770662,0.4170994744358676,0.19329934161133297
llama32_3b,qkv,26,38,2.1608165985775436,0.002874742324972354,0.41997421676083996,0.19590990023421834
llama32_3b,qkv,26,39,2.1072488799961,0.0028034760324236684,0.4227776927932636,0.20941821579007502
llama32_3b,qkv,26,40,2.041990772935039,0.0027166568907438485,0.42549434968400746,0.17984315983241433
llama32_3b,qkv,26,41,2.012912181464234,0.0026779708413555143,0.42817232052536297,0.1961828373951765
llama32_3b,qkv,26,42,1.9858387060189542,0.0026419523908318187,0.4308142729161948,0.19338440154453232
llama32_3b,qkv,26,43,1.9534104065681666,0.0025988099024691204,0.43341308281866386,0.20714129867734293
llama32_3b,qkv,26,44,1.903266543675396,0.0025320986947292537,0.4359451815133931,0.22454455075920404
llama32_3b,qkv,26,45,1.8302778033415523,0.002434994747442731,0.43838017626083586,0.1985066641516584
llama32_3b,qkv,26,46,1.823115735979065,0.0024254663597976164,0.4408056426206335,0.19908837092124274
llama32_3b,qkv,26,47,1.712819378841926,0.0022787284985829586,0.44308437111921645,0.2375373778049592
llama32_3b,qkv,26,48,1.6710048585403805,0.002223098617088898,0.44530746973630536,0.22608827514832813
llama32_3b,qkv,27,1,103.8604515959765,0.17414907799734292,0.17414907799734292,0.0001431517484976275
llama32_3b,qkv,27,2,13.733380502644065,0.023027586685506012,0.19717666468284895,0.007915093476363587
llama32_3b,qkv,27,3,10.516799606107867,0.017634151659681935,0.21481081634253088,0.008738861750957446
llama32_3b,qkv,27,4,9.630820599744304,0.01614857726911965,0.23095939361165055,0.01525359369777124
llama32_3b,qkv,27,5,6.713455951452159,0.011256856158003264,0.24221624976965384,0.027646593968368126
llama32_3b,qkv,27,6,6.398324743498953,0.010728456671288866,0.25294470644094263,0.029315156341332478
llama32_3b,qkv,27,7,5.420318741231805,0.009088575070992711,0.26203328151193533,0.038346042107821214
llama32_3b,qkv,27,8,5.374771539797232,0.009012203333596015,0.27104548484553137,0.03086537536692342
llama32_3b,qkv,27,9,4.594306576201353,0.007703550696996875,0.2787490355425282,0.04668260953380231
llama32_3b,qkv,27,10,4.496462928297257,0.007539490356332469,0.2862885258988607,0.06700630045767936
llama32_3b,qkv,27,11,4.293036410249893,0.007198392854696622,0.2934869187535573,0.06168076303175959
llama32_3b,qkv,27,12,3.956984022989213,0.006634913565891753,0.3001218323194491,0.07039524991960082
llama32_3b,qkv,27,13,3.72784710704329,0.0062507058907473574,0.30637253821019644,0.0701059226793801
llama32_3b,qkv,27,14,3.4357225028857323,0.005760882963033954,0.3121334211732304,0.07853717898434195
llama32_3b,qkv,27,15,3.3231255003226523,0.00557208478355074,0.31770550595678115,0.09419668453190323
llama32_3b,qkv,27,16,3.2097009460216093,0.0053818989981988165,0.32308740495497995,0.11243060324451631
llama32_3b,qkv,27,17,3.043783263491413,0.005103694821420436,0.3281910997764004,0.10958956780541905
llama32_3b,qkv,27,18,2.975394936083345,0.0049890239916591216,0.3331801237680595,0.11214794773143129
llama32_3b,qkv,27,19,2.8516021478451905,0.00478145316365754,0.337961576931717,0.1203265335530877
llama32_3b,qkv,27,20,2.726081357345261,0.004570984890131305,0.3425325618218484,0.1429196663971721
llama32_3b,qkv,27,21,2.695423849047979,0.004519579598495981,0.34705214142034435,0.11989873547034334
llama32_3b,qkv,27,22,2.6803431280292522,0.0044942928447741426,0.3515464342651185,0.11008889354059376
llama32_3b,qkv,27,23,2.579235440353039,0.004324759491927274,0.3558711937570458,0.10844178320471955
llama32_3b,qkv,27,24,2.425201499515957,0.004066481500980099,0.3599376752580259,0.11633290844345784
llama32_3b,qkv,27,25,2.3449051699257324,0.0039318438063636225,0.3638695190643895,0.11523121210929312
llama32_3b,qkv,27,26,2.3200758345540473,0.0038902109634881997,0.3677597300278777,0.1265275990683692
llama32_3b,qkv,27,27,2.2443590166734904,0.00376325201212444,0.37152298204000217,0.1173624367200595
llama32_3b,qkv,27,28,2.2119275835020007,0.003708872273752821,0.37523185431375494,0.1397752760386051
llama32_3b,qkv,27,29,2.118838808162017,0.00355278471445332,0.3787846390282083,0.1605595960481273
llama32_3b,qkv,27,30,2.074275966359735,0.003478063512171262,0.3822627025403796,0.15170139691531717
llama32_3b,qkv,27,31,2.001945535913366,0.0033567827206878362,0.3856194852610674,0.1453991938355959
llama32_3b,qkv,27,32,1.939503009817363,0.003252081574290498,0.38887156683535784,0.19226444089532915
llama32_3b,qkv,27,33,1.876628296363474,0.003146655753305852,0.3920182225886637,0.1819666679664255
llama32_3b,qkv,27,34,1.805323545708209,0.003027094780937368,0.3950453173696011,0.1968411851679085
llama32_3b,qkv,27,35,1.709655195408962,0.0028666818928541225,0.3979119992624552,0.19014964779429724
llama32_3b,qkv,27,36,1.666839739134573,0.002794890637187088,0.40070688989964237,0.19316075266440622
llama32_3b,qkv,27,37,1.6320505460778443,0.002736557500733293,0.40344344740037563,0.18610362250268422
llama32_3b,qkv,27,38,1.6175662709382184,0.0027122708437597796,0.4061557182441354,0.1862364710765992
llama32_3b,qkv,27,39,1.5735770017013266,0.002638511385162564,0.40879422962929796,0.18012901271933554
llama32_3b,qkv,27,40,1.4976581442633172,0.002511213661897578,0.41130544329119556,0.20566985839162039
llama32_3b,qkv,27,41,1.4593960266263146,0.002447057263515732,0.4137525005547113,0.19711346198417687
llama32_3b,qkv,27,42,1.4257633270537184,0.0023906632893790345,0.4161431638440903,0.2099886557713655
llama32_3b,qkv,27,43,1.4025243234838822,0.002351697051671854,0.4184948608957622,0.21535795848901718
llama32_3b,qkv,27,44,1.3634153297101317,0.0022861206450373356,0.4207809815407995,0.19292371273779085
llama32_3b,qkv,27,45,1.3441648668358641,0.002253842233870619,0.4230348237746701,0.2470369484431267
llama32_3b,qkv,27,46,1.321817017055385,0.002216370247424487,0.42525119402209455,0.23161168997413395
llama32_3b,qkv,27,47,1.2799300380232834,0.0021461358255012043,0.42739732984759576,0.23448497005592123
llama32_3b,qkv,27,48,1.2185434688477257,0.0020432052657061257,0.42944053511330194,0.2541802762241919
llama32_3b,down,0,1,0.12161218078544359,0.06888936791901307,0.06888936791901307,0.00015487418819039086
llama32_3b,down,0,2,0.09262650841586707,0.05246992181294721,0.12135928973196028,0.00024897949049033317
llama32_3b,down,0,3,0.03396639376035228,0.019240863715512417,0.1406001534474727,0.0018173212967277429
llama32_3b,down,0,4,0.025404807380621605,0.014391001881982382,0.1549911553294551,0.0032304724878293783
llama32_3b,down,0,5,0.018255123597728604,0.01034093721376231,0.16533209254321737,0.007056467753188339
llama32_3b,down,0,6,0.017396497660979837,0.009854553385436346,0.1751866459286537,0.006817640641920683
llama32_3b,down,0,7,0.015513992159596266,0.008788174892288713,0.18397482082094244,0.009344969569526547
llama32_3b,down,0,8,0.0145615382475214,0.00824864054999623,0.19222346137093865,0.01078906067413655
llama32_3b,down,0,9,0.013981675955133582,0.007920167311997623,0.20014362868293628,0.012504041441281682
llama32_3b,down,0,10,0.012575658796610623,0.007123704057179261,0.20726733274011552,0.014349849002837227
llama32_3b,down,0,11,0.011426191806336647,0.00647256817677391,0.21373990091688944,0.01695556730836218
llama32_3b,down,0,12,0.010276568092890995,0.005821343517759662,0.21956124443464914,0.018558159281254295
llama32_3b,down,0,13,0.009777444265690906,0.005538606009501374,0.22509985044415054,0.026984804606805662
llama32_3b,down,0,14,0.00903937241635941,0.005120512173416248,0.23022036261756673,0.026912123754616255
llama32_3b,down,0,15,0.008156537833211245,0.0046204149297246686,0.2348407775472914,0.024320141936885326
llama32_3b,down,0,16,0.008014123901465449,0.0045397420425396405,0.23938051958983103,0.03191943749046673
llama32_3b,down,0,17,0.007653658626329335,0.00433555012031196,0.24371606971014304,0.037086141601490874
llama32_3b,down,0,18,0.006842455208018908,0.0038760296152094225,0.24759209932535242,0.04332345877365969
llama32_3b,down,0,19,0.006474012429177519,0.0036673186950961795,0.2512594180204486,0.038122676209866375
llama32_3b,down,0,20,0.006236114084674694,0.0035325569757031754,0.2547919749961518,0.05272031435130795
llama32_3b,down,0,21,0.00597121603669372,0.0033825007973620827,0.2581744757935139,0.051447651422362316
llama32_3b,down,0,22,0.0057209817156707,0.003240751146171035,0.2614152269396849,0.04966321799580949
llama32_3b,down,0,23,0.005537313969530479,0.00313670930712999,0.2645519362468149,0.06055133586502132
llama32_3b,down,0,24,0.005413120297167871,0.003066357607708569,0.26761829385452346,0.060149850750718395
llama32_3b,down,0,25,0.005043147996318294,0.00285678026283687,0.2704750741173604,0.0692074592380924
llama32_3b,down,0,26,0.004897576129417341,0.002774318507502591,0.273249392624863,0.070244147539199
llama32_3b,down,0,27,0.004701040640066234,0.002662987508028628,0.2759123801328916,0.09946779650749889
llama32_3b,down,0,28,0.004495517102949581,0.0025465650701362824,0.27845894520302783,0.07698603624613679
llama32_3b,down,0,29,0.004445737951210145,0.0025183667903527426,0.2809773119933806,0.08508755055073933
llama32_3b,down,0,30,0.004354858406034454,0.002466886466724913,0.28344419846010555,0.09299570302505193
llama32_3b,down,0,31,0.00425648272135058,0.0024111598224636054,0.28585535828256914,0.07523540989242086
llama32_3b,down,0,32,0.00415540563909135,0.002353902923829239,0.2882092612063984,0.1087007207379518
llama32_3b,down,0,33,0.003974740879744642,0.00225156217970104,0.29046082338609935,0.09041235150294574
llama32_3b,down,0,34,0.003902810308851338,0.0022108158372632224,0.29267163922336265,0.1085243953889666
llama32_3b,down,0,35,0.003700955489818064,0.0020964716095321014,0.29476811083289467,0.10463098563348058
llama32_3b,down,0,36,0.003537621677146741,0.0020039482862756804,0.2967720591191704,0.10946961253254996
llama32_3b,down,0,37,0.0035074037366655433,0.001986830800131453,0.29875888991930183,0.10155459931794855
llama32_3b,down,0,38,0.0034147849048942183,0.0019343652268894044,0.3006932551461912,0.12636950471512437
llama32_3b,down,0,39,0.003357819821459264,0.0019020963491672678,0.3025953514953585,0.11156943832365644
llama32_3b,down,0,40,0.0032732578198114656,0.001854194709661592,0.30444954620502007,0.1262298973009514
llama32_3b,down,0,41,0.003221510331017613,0.0018248814305855917,0.3062744276356057,0.14946987158403147
llama32_3b,down,0,42,0.003159347658230227,0.0017896682865664523,0.30806409592217215,0.13345276972243597
llama32_3b,down,0,43,0.003110081720629859,0.0017617607259972142,0.3098258566481693,0.13000270384062473
llama32_3b,down,0,44,0.003072269451959404,0.0017403412985067456,0.3115661979466761,0.12886950852372875
llama32_3b,down,0,45,0.0029861235231249295,0.0016915424154682667,0.3132577403621444,0.11867415718757084
llama32_3b,down,0,46,0.0029602360895417783,0.0016768780214489287,0.3149346183835933,0.13930067390940873
llama32_3b,down,0,47,0.002892328915088558,0.0016384108029924,0.3165730291865857,0.16956674087781198
llama32_3b,down,0,48,0.0028741468867306765,0.0016281112718683768,0.3182011404584541,0.12391649809201241
llama32_3b,down,0,49,0.0028083941914276056,0.0015908644961823825,0.3197920049546365,0.15826545660954483
llama32_3b,down,0,50,0.0027899720124325723,0.0015804289274880113,0.3213724338821245,0.15975725947405742
llama32_3b,down,0,51,0.002737031834132191,0.0015504400283738065,0.32292287391049834,0.154962125996584
llama32_3b,down,0,52,0.0027032946175625456,0.001531328986126072,0.3244542028966244,0.12316677936816159
llama32_3b,down,0,53,0.002651206934453251,0.0015018229979710217,0.3259560258945954,0.15164737288703226
llama32_3b,down,0,54,0.002597715782162207,0.0014715219899076027,0.327427547884503,0.16640635236903015
llama32_3b,down,0,55,0.002579571200587636,0.001461243671175432,0.32888879155567846,0.17128967907895293
llama32_3b,down,0,56,0.002566459009930721,0.0014538160391688805,0.33034260759484735,0.15556065441126532
llama32_3b,down,0,57,0.0025239848552868448,0.0014297558040229183,0.33177236339887023,0.169655691138817
llama32_3b,down,0,58,0.00250064285183495,0.0014165333138629777,0.3331888967127332,0.16735030512765528
llama32_3b,down,0,59,0.002445599445386981,0.0013853530040139185,0.33457424971674715,0.18120008567175938
llama32_3b,down,0,60,0.002427058522114327,0.001374850170526034,0.3359490998872731,0.16476224772396997
llama32_3b,down,0,61,0.0023826405848895484,0.0013496888454028546,0.337298788732676,0.16614952485927842
llama32_3b,down,0,62,0.0023344011001649153,0.001322362737195965,0.33862115146987193,0.17576394882715107
llama32_3b,down,0,63,0.002282533026402212,0.0012929811506343903,0.33991413262050635,0.1662089123444355
llama32_3b,down,0,64,0.0022600178926805714,0.0012802270554386768,0.3411943596759451,0.18869524396506873
llama32_3b,down,0,65,0.002221549668026765,0.0012584360500948724,0.3424527957260399,0.1925725965599963
llama32_3b,down,0,66,0.0022064275438000076,0.001249869855714952,0.3437026655817549,0.1824143358616544
llama32_3b,down,0,67,0.002185010085968317,0.001237737558416046,0.3449404031401709,0.18654344761906547
llama32_3b,down,0,68,0.002169248241052596,0.0012288089829520703,0.346169212123123,0.18766102702357398
llama32_3b,down,0,69,0.002131929812602669,0.001207669299977533,0.34737688142310047,0.18977809349269079
llama32_3b,down,0,70,0.0021075132199328554,0.001193838089773951,0.34857071951287444,0.18737991254255068
llama32_3b,down,0,71,0.002056873355056293,0.0011651522438305636,0.349735871756705,0.20564791926131853
llama32_3b,down,0,72,0.0020506427040146388,0.0011616227814920767,0.35089749453819713,0.2047500823594396
llama32_3b,down,0,73,0.0020241673622402217,0.0011466253564932007,0.35204411989469026,0.18382660578191995
llama32_3b,down,0,74,0.002022565126014093,0.0011457177414815952,0.3531898376361719,0.2192132474030452
llama32_3b,down,0,75,0.001988035122906347,0.001126157611295862,0.3543159952474677,0.2042164942878178
llama32_3b,down,0,76,0.0019596867735272388,0.0011100991880551873,0.3554260944355229,0.2084735554982846
llama32_3b,down,0,77,0.0019309181652514074,0.0010938027017391642,0.35651989713726207,0.19396727177331258
llama32_3b,down,0,78,0.0019070225897436228,0.0010802666309100704,0.35760016376817216,0.21963443891360515
llama32_3b,down,0,79,0.0018867996346162998,0.0010688109807673127,0.3586689747489395,0.21481752794921297
llama32_3b,down,0,80,0.0018777579200726004,0.0010636891418544941,0.359732663890794,0.2166032344882946
llama32_3b,down,0,81,0.0018509906947762305,0.0010485263742788843,0.3607811902650729,0.22065699914891376
llama32_3b,down,0,82,0.0018370176316811616,0.0010406110858736048,0.3618218013509465,0.2325612965922755
llama32_3b,down,0,83,0.001804658615488605,0.0010222807495734998,0.36284408210052,0.235926086111021
llama32_3b,down,0,84,0.0017853766309613983,0.0010113581288481385,0.3638554402293681,0.23016758513464194
llama32_3b,down,0,85,0.0017493308430329931,0.0009909393555764742,0.3648463795849446,0.23557634874606384
llama32_3b,down,0,86,0.0017381065948700253,0.0009845811819435453,0.36583096076688815,0.2180032802284985
llama32_3b,down,0,87,0.0017263344154945291,0.000977912622996823,0.36680887338988494,0.21458068852209206
llama32_3b,down,0,88,0.001703160098192136,0.0009647851216182144,0.3677736585115032,0.2326842413645229
llama32_3b,down,0,89,0.0016886129304853252,0.0009565446215148397,0.368730203133018,0.24520549174094802
llama32_3b,down,0,90,0.0016610900000948495,0.0009409537714401751,0.3696711569044582,0.22649887953177641
llama32_3b,down,0,91,0.0016496009978923443,0.0009344456232050315,0.3706056025276632,0.2322593109645906
llama32_3b,down,0,92,0.0016470331791881745,0.0009329910369430439,0.3715385935646063,0.22789196816852506
llama32_3b,down,0,93,0.0016313038948045499,0.0009240809059676111,0.3724626744705739,0.23681040902062983
llama32_3b,down,0,94,0.0015971989709682455,0.000904761569443631,0.37336743604001754,0.22387759095349763
llama32_3b,down,0,95,0.001557529864517877,0.0008822903033942269,0.37424972634341175,0.251940559614917
llama32_3b,down,0,96,0.0015338133074795698,0.0008688556407392854,0.375118581984151,0.22469628872426783
llama32_3b,down,0,97,0.0015292013092741358,0.0008662430928911671,0.3759848250770422,0.24116317400878082
llama32_3b,down,0,98,0.0015144954697063578,0.0008579127103094258,0.3768427377873516,0.26699341175488017
llama32_3b,down,0,99,0.0015015412137494711,0.0008505745432034064,0.377693312330555,0.26020198416256024
llama32_3b,down,0,100,0.0014797116860619337,0.0008382088216560049,0.378531521152211,0.25882348490844453
llama32_3b,down,0,101,0.0014745475540379014,0.0008352835078536517,0.37936680466006467,0.2519106326480178
llama32_3b,down,0,102,0.0014700234659293882,0.0008327207582327461,0.3801995254182974,0.2584617677494264
llama32_3b,down,0,103,0.0014585405902235564,0.0008262160804598595,0.38102574149875723,0.27143392631164864
llama32_3b,down,0,104,0.0014244672639270658,0.0008069146429204344,0.3818326561416777,0.2713937955294726
llama32_3b,down,0,105,0.0014130218829087383,0.000800431204675577,0.38263308734635326,0.24817994655352144
llama32_3b,down,0,106,0.001410540517436734,0.0007990255913740276,0.38343211293772733,0.2506546257968437
llama32_3b,down,0,107,0.0014074764566325128,0.0007972899000090268,0.3842294028377363,0.24876168775743596
llama32_3b,down,0,108,0.0013778235887970398,0.0007804925092462071,0.3850098953469825,0.2549810287750959
llama32_3b,down,0,109,0.0013509993775153814,0.0007652974609526509,0.38577519280793515,0.2826713642660371
llama32_3b,down,0,110,0.001348056094179889,0.0007636301861181805,0.3865388229940534,0.2654956422899869
llama32_3b,down,0,111,0.001322322844407799,0.0007490531322420645,0.38728787612629545,0.26977374842615737
llama32_3b,down,0,112,0.0013168592422308396,0.0007459581782818546,0.3880338343045773,0.2717980508794465
llama32_3b,down,0,113,0.0013003937188992593,0.0007366309917496967,0.388770465296327,0.2928629106202678
llama32_3b,down,0,114,0.0012945749849397757,0.000733334867118358,0.3895038001634453,0.2777641699927413
llama32_3b,down,0,115,0.0012780342142223423,0.0007239650553753414,0.3902277652188207,0.28728853180407743
llama32_3b,down,0,116,0.0012684423079720754,0.0007185315506519526,0.3909462967694726,0.31712006913938573
llama32_3b,down,0,117,0.001252450934974857,0.0007094729549519123,0.3916557697244245,0.2643127301989374
llama32_3b,down,0,118,0.001237657292513497,0.0007010928348701832,0.39235686255929475,0.2871659266650963
llama32_3b,down,0,119,0.0012233208672601222,0.000692971713552035,0.39304983427284673,0.3126530381880076
llama32_3b,down,0,120,0.0012119870914195994,0.0006865514960314981,0.3937363857688783,0.2673121290980119
llama32_3b,down,0,121,0.0011981723783758462,0.0006787259078098238,0.39441511167668813,0.30066668392256185
llama32_3b,down,0,122,0.001182909460376116,0.0006700799583102732,0.3950851916349984,0.28982053191898866
llama32_3b,down,0,123,0.0011772906123120703,0.0006668970625751167,0.39575208869757345,0.2826377296962936
llama32_3b,down,0,124,0.0011746828991987045,0.0006654198774203597,0.39641750857499386,0.2986431581730396
llama32_3b,down,0,125,0.0011427230915993368,0.0006473156798793413,0.3970648242548732,0.30392426758699964
llama32_3b,down,0,126,0.0011304451233722119,0.0006403606079035445,0.39770518486277673,0.28487686084822134
llama32_3b,down,0,127,0.0011029243901892313,0.0006247710024758762,0.3983299558652526,0.28716575647102155
llama32_3b,down,0,128,0.0010898124654857091,0.0006173435211233219,0.3989472993863759,0.29106946355891167
llama32_3b,down,1,1,121.81984370755005,0.9836156073419327,0.9836156073419327,6.69180999108194e-08
llama32_3b,down,1,2,0.047119920920904036,0.00038046256031804736,0.9839960699022506,0.0012626230934707368
llama32_3b,down,1,3,0.025490422414868492,0.00020581849854605703,0.9842018884007967,0.004582293566332357
llama32_3b,down,1,4,0.025355319220398097,0.00020472762856430055,0.984406616029361,0.00466328104332685
llama32_3b,down,1,5,0.021189604444297752,0.00017109220477124528,0.9845777082341323,0.006601173798939685
llama32_3b,down,1,6,0.015974176203200376,0.00012898103091987608,0.9847066892650521,0.01091073128875735
llama32_3b,down,1,7,0.013603304385568928,0.00010983779077233601,0.9848165270558245,0.014256309673918067
llama32_3b,down,1,8,0.012425621709065079,0.0001003287729813896,0.9849168558288058,0.014438725306732186
llama32_3b,down,1,9,0.012056186467095057,9.73458248930944e-05,0.9850142016536989,0.01753987947243689
llama32_3b,down,1,10,0.011001542955063656,8.883026792762685e-05,0.9851030319216266,0.020382038766205254
llama32_3b,down,1,11,0.010092552873327146,8.14907672017723e-05,0.9851845226888284,0.023521188966550453
llama32_3b,down,1,12,0.009870702850337417,7.96994732839626e-05,0.9852642221621123,0.02543169546701184
llama32_3b,down,1,13,0.009340227730153012,7.541623344684212e-05,0.985339638395559,0.0318762322538741
llama32_3b,down,1,14,0.008891765260354614,7.179519215196254e-05,0.9854114335877111,0.030900122655572335
llama32_3b,down,1,15,0.008571368171648821,6.920819509625705e-05,0.9854806417828073,0.03443993111450165
llama32_3b,down,1,16,0.008003887280293666,6.462615784668334e-05,0.9855452679406541,0.03499213977038415
llama32_3b,down,1,17,0.0077645901221599515,6.269398971734347e-05,0.9856079619303715,0.038860106929380904
llama32_3b,down,1,18,0.007172713240484591,5.791497079298512e-05,0.9856658769011645,0.0470376286058984
llama32_3b,down,1,19,0.0065590704962107055,5.2960206755945726e-05,0.9857188371079204,0.04476720642154378
llama32_3b,down,1,20,0.005974361679507891,4.8239065270655204e-05,0.985767076173191,0.057070110660576406
llama32_3b,down,1,21,0.005906054135640455,4.7687526504865116e-05,0.9858147636996959,0.07151863584472923
llama32_3b,down,1,22,0.005624679127606172,4.5415607242820214e-05,0.9858601793069387,0.06669525920772587
llama32_3b,down,1,23,0.005214359478909646,4.210254429532648e-05,0.9859022818512341,0.07554321806018655
llama32_3b,down,1,24,0.005127105158808016,4.1398022696480816e-05,0.9859436798739304,0.0785291404165885
llama32_3b,down,1,25,0.005007130369585025,4.0429304698035556e-05,0.9859841091786284,0.08006923985600713
llama32_3b,down,1,26,0.004644843709814396,3.750407673815038e-05,0.9860216132553666,0.09974907015576863
llama32_3b,down,1,27,0.004539244685632944,3.665143364533612e-05,0.9860582646890119,0.10922652952428322
llama32_3b,down,1,28,0.004464589865914903,3.604864477610847e-05,0.9860943133337883,0.09130761073992806
llama32_3b,down,1,29,0.004398298147171651,3.551338248050151e-05,0.9861298267162687,0.11194554394018137
llama32_3b,down,1,30,0.00415371414151393,3.353852651328579e-05,0.9861633652427821,0.12070790438608786
llama32_3b,down,1,31,0.0040895942556946055,3.302080034886648e-05,0.9861963860431309,0.12058853315257297
llama32_3b,down,1,32,0.003865719779047714,3.121316029111009e-05,0.986227599203422,0.1350848201820901
llama32_3b,down,1,33,0.003790161922799851,3.060307999219661e-05,0.9862582022834141,0.11653497397840527
llama32_3b,down,1,34,0.0036300202984687543,2.9310041056312693e-05,0.9862875123244704,0.12114941629801629
llama32_3b,down,1,35,0.0036232739971937948,2.9255569083406443e-05,0.9863167678935538,0.13410007482745076
llama32_3b,down,1,36,0.00354236211450575,2.8602258520782172e-05,0.9863453701520746,0.1649147606987366
llama32_3b,down,1,37,0.0034629036995392393,2.7960683759913655e-05,0.9863733308358346,0.14105936624194038
llama32_3b,down,1,38,0.0033279192990785067,2.687077296213251e-05,0.9864002016087967,0.14675704445610563
llama32_3b,down,1,39,0.003265158835595995,2.636402324446245e-05,0.9864265656320411,0.16389376864111274
llama32_3b,down,1,40,0.0032276311045363803,2.60610113470988e-05,0.9864526266433882,0.14076021289687432
llama32_3b,down,1,41,0.003128750627390599,2.5262616129850796e-05,0.9864778892595182,0.1626537652754544
llama32_3b,down,1,42,0.003058023884769516,2.469154391549495e-05,0.9865025808034336,0.17055419296798596
llama32_3b,down,1,43,0.003030103371205401,2.4466104019408768e-05,0.986527046907453,0.1531505462223204
llama32_3b,down,1,44,0.0030217464434181473,2.4398627290242163e-05,0.9865514455347434,0.1451256056220059
llama32_3b,down,1,45,0.002972235692319719,2.3998860339066725e-05,0.9865754443950825,0.15522157371496553
llama32_3b,down,1,46,0.002939524138330225,2.3734735923329353e-05,0.9865991791310058,0.17395757390830108
llama32_3b,down,1,47,0.002914595124187976,2.35334504296061e-05,0.9866227125814353,0.17393637492135497
llama32_3b,down,1,48,0.0028410206991233214,2.2939385040977477e-05,0.986645651966476,0.18418122559551742
llama32_3b,down,1,49,0.0028214548434173092,2.2781403545863796e-05,0.9866684333700219,0.181717088938959
llama32_3b,down,1,50,0.002745899902032866,2.217134678256705e-05,0.9866906047168045,0.17240861610810695
llama32_3b,down,1,51,0.002723900890209033,2.1993719142295492e-05,0.9867125984359467,0.17694657667198996
llama32_3b,down,1,52,0.002659295066483644,2.147206934693021e-05,0.9867340705052938,0.16541865049874163
llama32_3b,down,1,53,0.002652340044409367,2.141591209000506e-05,0.9867554864173839,0.16003733252201136
llama32_3b,down,1,54,0.0026213269815069376,2.1165501879534434e-05,0.9867766519192634,0.1722512275414509
llama32_3b,down,1,55,0.0025947570400356697,2.0950966970262658e-05,0.9867976028862336,0.17419010986379438
llama32_3b,down,1,56,0.002581683181717549,2.0845404110399265e-05,0.9868184482903439,0.19225857411621602
llama32_3b,down,1,57,0.0025395726755126483,2.0505389299383363e-05,0.9868389536796434,0.17410179109193497
llama32_3b,down,1,58,0.002489785676848315,2.010339182968939e-05,0.9868590570714729,0.18335312921203376
llama32_3b,down,1,59,0.00247118733332569,1.9953222363017953e-05,0.986879010293836,0.18439693608196445
llama32_3b,down,1,60,0.0024395033661920927,1.9697395039434024e-05,0.9868987076888756,0.19904918876537422
llama32_3b,down,1,61,0.002397078458549325,1.935484164232373e-05,0.9869180625305178,0.20112294969368216
llama32_3b,down,1,62,0.0023844824083160444,1.9253136770414178e-05,0.9869373156672883,0.18750433476367367
llama32_3b,down,1,63,0.002323459408915484,1.8760415939468896e-05,0.9869560760832278,0.19798127407673005
llama32_3b,down,1,64,0.0023145937686556268,1.868883168961869e-05,0.9869747649149173,0.19534324024546362
llama32_3b,down,1,65,0.0022499089037612266,1.816654368848088e-05,0.9869929314586058,0.23302931834183443
llama32_3b,down,1,66,0.002236994782804106,1.8062270603391228e-05,0.9870109937292092,0.22511459016560686
llama32_3b,down,1,67,0.002233949430397444,1.8037681373378425e-05,0.9870290314105825,0.2096641883526043
llama32_3b,down,1,68,0.002186661022938768,1.7655858394403318e-05,0.9870466872689772,0.21368309881823913
llama32_3b,down,1,69,0.0021703636436108107,1.7524267709520862e-05,0.9870642115366867,0.20789309167348258
llama32_3b,down,1,70,0.0021300087197727983,1.719842807853713e-05,0.9870814099647652,0.20325034617866156
llama32_3b,down,1,71,0.0020912565311730106,1.688552948693397e-05,0.9870982954942522,0.2180648185621151
llama32_3b,down,1,72,0.0020803595034414504,1.6797543111117137e-05,0.9871150930373631,0.21247330173803086
llama32_3b,down,1,73,0.0020633029709476594,1.665982276066008e-05,0.9871317528601239,0.21768336747617842
llama32_3b,down,1,74,0.0020436808137341135,1.6501386667675956e-05,0.9871482542467914,0.2418013038595422
llama32_3b,down,1,75,0.0020167590786551765,1.628401125498097e-05,0.9871645382580465,0.2362939625624375
llama32_3b,down,1,76,0.0020053963531348924,1.6192264673935235e-05,0.9871807305227205,0.2413900635799419
llama32_3b,down,1,77,0.0019597034607177085,1.5823324435971748e-05,0.9871965538471564,0.2298656620307394
llama32_3b,down,1,78,0.001945277812684919,1.5706846757793658e-05,0.9872122606939142,0.2425359666779161
llama32_3b,down,1,79,0.0019204243371361029,1.550617118883468e-05,0.987227766865103,0.24140715591627857
llama32_3b,down,1,80,0.0018850683467136332,1.5220694677503237e-05,0.9872429875597805,0.24736021026211563
llama32_3b,down,1,81,0.001883233010673053,1.520587553868899e-05,0.9872581934353192,0.23185016036496212
llama32_3b,down,1,82,0.0018627098639317542,1.5040164544222667e-05,0.9872732335998634,0.2455964972526178
llama32_3b,down,1,83,0.0018326611796481715,1.4797541060708953e-05,0.9872880311409241,0.2416809578596615
llama32_3b,down,1,84,0.0018106604359379508,1.4619899436586906e-05,0.9873026510403606,0.23871140000919577
llama32_3b,down,1,85,0.0017943983975206288,1.4488594106456355e-05,0.9873171396344671,0.25574680591399696
llama32_3b,down,1,86,0.0017844537952705502,1.4408297943825678e-05,0.987331547932411,0.22271501065092228
llama32_3b,down,1,87,0.0017682039656723365,1.4277091191928826e-05,0.9873458250236029,0.2442845622649868
llama32_3b,down,1,88,0.001751178521732066,1.4139621861219634e-05,0.9873599646454642,0.2574802005488416
llama32_3b,down,1,89,0.0017262687981294618,1.3938492125994267e-05,0.9873739031375901,0.25777060209701264
llama32_3b,down,1,90,0.0017179932178016388,1.387167222438776e-05,0.9873877748098145,0.25067611724331884
llama32_3b,down,1,91,0.001692186237645449,1.3663297729006442e-05,0.9874014381075435,0.25078513625333504
llama32_3b,down,1,92,0.0016814002562825798,1.3576207980028543e-05,0.9874150143155235,0.27124595648761796
llama32_3b,down,1,93,0.001671084312970356,1.3492913481057444e-05,0.9874285072290047,0.26031345743226414
llama32_3b,down,1,94,0.0016467975657032889,1.329681387251743e-05,0.9874418040428771,0.27126141085962496
llama32_3b,down,1,95,0.0016377529070294749,1.3223784165994398e-05,0.9874550278270431,0.2721616864085053
llama32_3b,down,1,96,0.0016254767871110758,1.3124662522247041e-05,0.9874681524895653,0.2739558206340383
llama32_3b,down,1,97,0.0015832577179139434,1.2783771136033788e-05,0.9874809362607013,0.25971762059985537
llama32_3b,down,1,98,0.0015680814202803132,1.266123245300985e-05,0.9874935974931545,0.2697301199542307
llama32_3b,down,1,99,0.0015468649363832064,1.2489923214227602e-05,0.9875060874163686,0.26632280262447433
llama32_3b,down,1,100,0.0015355560313015744,1.2398611198042898e-05,0.9875184860275668,0.26791512017885216
llama32_3b,down,1,101,0.001519908738178541,1.2272269534320046e-05,0.987530758297101,0.26870126653663673
llama32_3b,down,1,102,0.001507557472472489,1.217254113745832e-05,0.9875429308382385,0.2622658097975242
llama32_3b,down,1,103,0.0014837280246209218,1.1980133922773235e-05,0.9875549109721613,0.2837407054275089
llama32_3b,down,1,104,0.0014646951070284079,1.1826455554557686e-05,0.9875667374277157,0.27689365298721064
llama32_3b,down,1,105,0.001457198330395379,1.176592398370207e-05,0.9875785033516995,0.2747418126972166
llama32_3b,down,1,106,0.0014363398251891666,1.1597505188847042e-05,0.9875901008568884,0.2851098908734557
llama32_3b,down,1,107,0.0014341350506135097,1.1579703075354818e-05,0.9876016805599637,0.2846732864826302
llama32_3b,down,1,108,0.0014205757263888318,1.1470220395632942e-05,0.9876131507803593,0.28705703533862953
llama32_3b,down,1,109,0.0014126341461701381,1.1406097326580105e-05,0.9876245568776858,0.29016391220549786
llama32_3b,down,1,110,0.0013898076982159313,1.1221788680430163e-05,0.9876357786663662,0.2769590056503622
llama32_3b,down,1,111,0.0013874706304804877,1.1202918386149403e-05,0.9876469815847524,0.2881240442425147
llama32_3b,down,1,112,0.00135670119079856,1.0954475273933896e-05,0.9876579360600264,0.3012103011818809
llama32_3b,down,1,113,0.0013436435366952623,1.0849043252512907e-05,0.9876687851032789,0.2828091674610236
llama32_3b,down,1,114,0.0013347409418282266,1.0777160618366039e-05,0.9876795622638973,0.28904561028488185
llama32_3b,down,1,115,0.0013241882395626087,1.0691954445609711e-05,0.9876902542183428,0.28438133200176074
llama32_3b,down,1,116,0.001302937502951277,1.0520368638550242e-05,0.9877007745869815,0.30643009547957895
llama32_3b,down,1,117,0.0013006936872737686,1.0502251293680762e-05,0.9877112768382752,0.3165929656353083
llama32_3b,down,1,118,0.0012803950232323732,1.033835285027741e-05,0.9877216151911254,0.29604638205169087
llama32_3b,down,1,119,0.001276469653064693,1.0306658052090066e-05,0.9877319218491776,0.314787658106584
llama32_3b,down,1,120,0.001267888693157694,1.0237372410000734e-05,0.9877421592215875,0.30883769866462385
llama32_3b,down,1,121,0.001257144486203435,1.0150619962065472e-05,0.9877523098415495,0.28845118536940345
llama32_3b,down,1,122,0.0012434750353647896,1.0040248081922833e-05,0.9877623500896314,0.3068213686405272
llama32_3b,down,1,123,0.0012281296364083586,9.9163440162546e-06,0.9877722664336477,0.31098875022805517
llama32_3b,down,1,124,0.001220768761112139,9.856909759858402e-06,0.9877821233434075,0.30868648876699517
llama32_3b,down,1,125,0.0012105401592715748,9.774320486178011e-06,0.9877918976638937,0.3130706454440337
llama32_3b,down,1,126,0.0011998314847133163,9.687854939113813e-06,0.9878015855188328,0.2982856964135782
llama32_3b,down,1,127,0.0011883594517289203,9.595225771746935e-06,0.9878111807446045,0.3127253342060297
llama32_3b,down,1,128,0.0011746028409938215,9.484150132414687e-06,0.987820664894737,0.31755839071587655
llama32_3b,down,2,1,0.22241959726193963,0.04925347220543584,0.04925347220543584,0.0002872050953755529
llama32_3b,down,2,2,0.08613368222047103,0.019073782056181113,0.06832725426161695,0.001988429633282637
llama32_3b,down,2,3,0.050797195686232165,0.011248731211842961,0.07957598547345991,0.0049786106385045084
llama32_3b,down,2,4,0.03624736663036971,0.00802675972273536,0.08760274519619528,0.009746837398545372
llama32_3b,down,2,5,0.032752362681015244,0.007252812273875038,0.09485555747007031,0.013963450818742344
llama32_3b,down,2,6,0.029447049203560137,0.006520870630709651,0.10137642810077996,0.015034726915685035
llama32_3b,down,2,7,0.027588424565923746,0.006109289465843352,0.10748571756662331,0.01585307482001863
llama32_3b,down,2,8,0.026265172519301074,0.005816263317511824,0.11330198088413515,0.02184471754177568
llama32_3b,down,2,9,0.0243026120834755,0.005381666199868522,0.11868364708400368,0.0229106172737341
llama32_3b,down,2,10,0.02296144997679045,0.005084673977250648,0.12376832106125431,0.02389466348476428
llama32_3b,down,2,11,0.02269249720625061,0.005025116015760598,0.12879343707701493,0.021102581857108286
llama32_3b,down,2,12,0.020253251489285445,0.004484959830776215,0.1332783969077911,0.032020187528655035
llama32_3b,down,2,13,0.019895152773008094,0.004405661039725006,0.13768405794751615,0.030955833179017008
llama32_3b,down,2,14,0.0192468852366601,0.00426210612156013,0.14194616406907629,0.03151375774319964
llama32_3b,down,2,15,0.018229767675792798,0.004036871600274488,0.14598303566935075,0.035442621655675154
llama32_3b,down,2,16,0.01783223536958503,0.003948840479655614,0.14993187614900638,0.03805926568703653
llama32_3b,down,2,17,0.01627415884457946,0.0036038138733537972,0.15353569002236014,0.041302632264145434
llama32_3b,down,2,18,0.015789484032601765,0.0034964855728160317,0.1570321755951762,0.03937425455377717
llama32_3b,down,2,19,0.014539803315754076,0.003219751349705111,0.16025192694488133,0.05225352400085492
llama32_3b,down,2,20,0.014337968762300556,0.0031750563107292417,0.16342698325561053,0.06252158971074837
llama32_3b,down,2,21,0.013946417712957836,0.0030883497032035616,0.16651533295881407,0.04920675100735023
llama32_3b,down,2,22,0.012584566333449383,0.0027867759664722607,0.16930210892528635,0.06466109434653029
llama32_3b,down,2,23,0.012439844138558564,0.002754728113264569,0.17205683703855093,0.06238395009443461
llama32_3b,down,2,24,0.011610556356639821,0.0025710873584935783,0.17462792439704447,0.0687179340175971
llama32_3b,down,2,25,0.011089998447798793,0.0024558129635659297,0.17708373736061042,0.08411139273742396
llama32_3b,down,2,26,0.01049706964015772,0.002324512471583836,0.17940824983219428,0.0813407994597645
llama32_3b,down,2,27,0.010325815974485023,0.0022865893849218473,0.18169483921711613,0.09172561624638266
llama32_3b,down,2,28,0.009645849390902654,0.002136014904806869,0.183830854121923,0.0980644046186672
llama32_3b,down,2,29,0.00931236885643994,0.002062167660960502,0.1858930217828835,0.09559954415958082
llama32_3b,down,2,30,0.009171647491349515,0.0020310057672716575,0.18792402755015516,0.09103466801876038
llama32_3b,down,2,31,0.00886243855683278,0.0019625333221752086,0.18988656087233036,0.11119156820575447
llama32_3b,down,2,32,0.008456415647653419,0.0018726220089716127,0.19175918288130198,0.11475526802757911
llama32_3b,down,2,33,0.008355341540222147,0.0018502397602743787,0.19360942264157638,0.12023359949481548
llama32_3b,down,2,34,0.008078661644855293,0.0017889706738089203,0.19539839331538525,0.11752374766793124
llama32_3b,down,2,35,0.00792893153795953,0.0017558138488299488,0.19715420716421522,0.14559667522084538
llama32_3b,down,2,36,0.00755229151049626,0.0016724091967557444,0.198826616360971,0.12506844950135027
llama32_3b,down,2,37,0.007466292702600313,0.0016533652818015452,0.2004799816427725,0.13016970660866445
llama32_3b,down,2,38,0.007163444850138066,0.001586301459785185,0.2020662831025577,0.13122037211981016
llama32_3b,down,2,39,0.0070333435649496635,0.0015574913184451126,0.20362377442100282,0.15047088564511943
llama32_3b,down,2,40,0.00697253441436531,0.0015440255004820695,0.2051677999214849,0.15025681890652115
llama32_3b,down,2,41,0.0069207360045351685,0.0015325550564642698,0.20670035497794917,0.1423050136989879
llama32_3b,down,2,42,0.006741933300810782,0.0014929602810642658,0.2081933152590134,0.14447574796003876
llama32_3b,down,2,43,0.006663450022546414,0.0014755806346114708,0.2096688958936249,0.14805951271960732
llama32_3b,down,2,44,0.00656803347034015,0.0014544512172405045,0.21112334711086542,0.15769239842323463
llama32_3b,down,2,45,0.006413597551034179,0.0014202523186151307,0.21254359942948053,0.15976246666160723
llama32_3b,down,2,46,0.00630315284263635,0.0013957950071089706,0.21393939443658952,0.15215497496066963
llama32_3b,down,2,47,0.0062418140896003975,0.0013822119118918057,0.21532160634848133,0.157392513743261
llama32_3b,down,2,48,0.006185590017463215,0.0013697614317705606,0.2166913677802519,0.1690719083234621
llama32_3b,down,2,49,0.006101283304343448,0.0013510922209523885,0.21804246000120425,0.15733151935376877
llama32_3b,down,2,50,0.005976484357141632,0.0013234562502333453,0.21936591625143761,0.1791114045994799
llama32_3b,down,2,51,0.005926379202835852,0.001312360767392225,0.2206782770188298,0.1931926077276848
llama32_3b,down,2,52,0.0058526638461190664,0.0012960369482779939,0.22197431396710784,0.17746930997157626
llama32_3b,down,2,53,0.005789088509400347,0.0012819585751554178,0.22325627254226327,0.1794822584843985
llama32_3b,down,2,54,0.005727744395320946,0.0012683742927676633,0.22452464683503093,0.15145588294577808
llama32_3b,down,2,55,0.0056461205598433845,0.0012502991889481892,0.2257749460239791,0.1809390541828172
llama32_3b,down,2,56,0.005581540437008537,0.0012359983120280506,0.22701094433600713,0.1905118315605552
llama32_3b,down,2,57,0.00553825073816485,0.0012264120705051502,0.22823735640651227,0.16617173756210113
llama32_3b,down,2,58,0.0054391558583761716,0.0012044681097775137,0.22944182451628978,0.19224144869501475
llama32_3b,down,2,59,0.005390067242735099,0.0011935977332646315,0.2306354222495544,0.17121898360192936
llama32_3b,down,2,60,0.005320106992140849,0.0011781054596495906,0.23181352770920402,0.20253569558234086
llama32_3b,down,2,61,0.0052067380234941335,0.0011530005884289852,0.232966528297633,0.18940288807796454
llama32_3b,down,2,62,0.0050679966559610285,0.0011222771532026896,0.2340888054508357,0.19875812202894164
llama32_3b,down,2,63,0.005031825842949592,0.0011142673458150395,0.23520307279665073,0.20242889766712024
llama32_3b,down,2,64,0.004958032113413242,0.0010979261715147657,0.2363009989681655,0.21481253635183514
llama32_3b,down,2,65,0.0049462296806278136,0.0010953125942836685,0.23739631156244917,0.219090344364441
llama32_3b,down,2,66,0.004862490976427552,0.0010767691655992368,0.23847308072804843,0.2240965177009156
llama32_3b,down,2,67,0.004811599478684304,0.0010654995517682302,0.23953858027981667,0.20352947860794418
llama32_3b,down,2,68,0.004717863739201614,0.001044742340191098,0.2405833226200077,0.2047082247520078
llama32_3b,down,2,69,0.004694927985912506,0.001039663356589642,0.24162298597659737,0.2114163204336071
llama32_3b,down,2,70,0.004678794236218848,0.001036090635472041,0.24265907661206937,0.23466491299755463
llama32_3b,down,2,71,0.004568275602170948,0.0010116169535785773,0.24367069356564797,0.23173241033706124
llama32_3b,down,2,72,0.0044959634118225305,0.0009956038571550393,0.24466629742280305,0.21411405933608813
llama32_3b,down,2,73,0.004493726746368231,0.0009951085611418177,0.2456614059839448,0.2220725448524819
llama32_3b,down,2,74,0.004433309968485381,0.000981729631736193,0.24664313561568102,0.20993456430572968
llama32_3b,down,2,75,0.004361671057946879,0.0009658656290472556,0.24760900124472826,0.23409025942696537
llama32_3b,down,2,76,0.004343541678427743,0.0009618509877960354,0.24857085223252434,0.23303161964288446
llama32_3b,down,2,77,0.00432495130304404,0.0009577342618037141,0.24952858649432802,0.23491709319480525
llama32_3b,down,2,78,0.00421436628307151,0.000933245879149464,0.2504618323734775,0.22272801804170217
llama32_3b,down,2,79,0.004195840078121754,0.0009291433633109411,0.2513909757367885,0.2417368836962477
llama32_3b,down,2,80,0.00415409683992155,0.0009198995761277582,0.2523108753129162,0.24418075734679914
llama32_3b,down,2,81,0.004106361885128188,0.0009093289596079658,0.2532202042725242,0.23881811243407627
llama32_3b,down,2,82,0.004070233783295391,0.0009013286103520448,0.25412153288287626,0.24226235652751407
llama32_3b,down,2,83,0.004049334869978727,0.0008967006726215674,0.25501823355549774,0.24250773231310582
llama32_3b,down,2,84,0.003935505503683852,0.0008714938491312599,0.25588972740462906,0.23906550883810437
llama32_3b,down,2,85,0.00391184420481836,0.0008662541978578895,0.2567559816024869,0.25398237911564014
llama32_3b,down,2,86,0.0038796662270844133,0.0008591285796504275,0.2576151101821374,0.26582527352732105
llama32_3b,down,2,87,0.003844775114372294,0.000851402154140542,0.25846651233627793,0.26269493246098335
llama32_3b,down,2,88,0.0037838085893199458,0.0008379014865550707,0.25930441382283304,0.2530705099153266
llama32_3b,down,2,89,0.0037453480065279187,0.0008293846235228935,0.2601337984463559,0.24860581992402064
llama32_3b,down,2,90,0.003658869978400972,0.0008102345881520655,0.26094403303450797,0.26142517498061446
llama32_3b,down,2,91,0.003631548559866772,0.0008041844255541964,0.26174821746006216,0.24587250884661824
llama32_3b,down,2,92,0.00357252053575337,0.0007911130272565574,0.2625393304873187,0.24951386304981077
llama32_3b,down,2,93,0.003561367551588604,0.0007886432664875905,0.2633279737538063,0.26210472147818875
llama32_3b,down,2,94,0.003532269225620958,0.0007821996185046103,0.2641101733723109,0.2469664464163226
llama32_3b,down,2,95,0.003507714255677731,0.0007767620691856997,0.2648869354414966,0.24550032393599597
llama32_3b,down,2,96,0.0034705074938242713,0.0007685228572036481,0.26565545829870024,0.2813081098484611
llama32_3b,down,2,97,0.0034371307798707496,0.0007611317861233308,0.26641659008482355,0.2690814785933208
llama32_3b,down,2,98,0.0033909820339020993,0.0007509124259371607,0.26716750251076077,0.2687656160161119
llama32_3b,down,2,99,0.0033741439114485447,0.0007471837257395735,0.26791468623650033,0.24370470682033124
llama32_3b,down,2,100,0.0033309350539825404,0.0007376153860499544,0.26865230162255027,0.2894853674840055
llama32_3b,down,2,101,0.003305582068852053,0.0007320011211028838,0.26938430274365316,0.26298178224708296
llama32_3b,down,2,102,0.0032911764928625284,0.0007288110935813082,0.27011311383723446,0.2728350420874756
llama32_3b,down,2,103,0.003265658363077575,0.0007231602583510936,0.2708362740955856,0.2758537423818035
llama32_3b,down,2,104,0.0032037653489341675,0.0007094544253698709,0.27154572852095543,0.2918391890590265
llama32_3b,down,2,105,0.003184001055192856,0.0007050777422698591,0.27225080626322523,0.27248421551092217
llama32_3b,down,2,106,0.0031406206740798876,0.0006954714197078569,0.2729462776829331,0.2950848502029448
llama32_3b,down,2,107,0.00312703114816595,0.0006924621015311906,0.27363873978446435,0.28133210496997646
llama32_3b,down,2,108,0.003080147358770999,0.0006820799704317882,0.27432081975489614,0.2715142766239632
llama32_3b,down,2,109,0.003055556901398529,0.0006766345626366848,0.27499745431753286,0.2818234460871013
llama32_3b,down,2,110,0.0030162087188136096,0.0006679211460082105,0.27566537546354103,0.2768912158247655
llama32_3b,down,2,111,0.003009955871810351,0.000666536490924436,0.2763319119544655,0.30605438064437235
llama32_3b,down,2,112,0.002969238554013168,0.0006575198875985985,0.27698943184206404,0.2683273690460787
llama32_3b,down,2,113,0.0029416794925591033,0.0006514171004159694,0.27764084894248,0.2886797106165721
llama32_3b,down,2,114,0.002898507484256453,0.0006418569207503115,0.2782827058632303,0.2850279131477469
llama32_3b,down,2,115,0.0028808212361508922,0.0006379404082657583,0.27892064627149604,0.2901672533047398
llama32_3b,down,2,116,0.002873946035012469,0.0006364179366295053,0.27955706420812554,0.31314005253858207
llama32_3b,down,2,117,0.002841145215119134,0.0006291543937995573,0.2801862186019251,0.28092928530437883
llama32_3b,down,2,118,0.0028080876973404847,0.000621834006778202,0.2808080526087033,0.2928317988028672
llama32_3b,down,2,119,0.002784389928677917,0.0006165862794892345,0.2814246388881925,0.2814404592454305
llama32_3b,down,2,120,0.0027521022988403836,0.0006094363794877993,0.2820340752676803,0.28261954057783956
llama32_3b,down,2,121,0.0027362959067614733,0.0006059361497305716,0.28264001141741096,0.29355872881478845
llama32_3b,down,2,122,0.0027231623318042307,0.0006030277991307244,0.28324303921654165,0.29278036564538107
llama32_3b,down,2,123,0.0027132030244318194,0.000600822370855109,0.2838438615873968,0.3088297482645868
llama32_3b,down,2,124,0.0026944909588576677,0.0005966786973074162,0.28444054028470417,0.30776055174763106
llama32_3b,down,2,125,0.002633725705883865,0.0005832226002042605,0.28502376288490844,0.2994572014392177
llama32_3b,down,2,126,0.002609567724161462,0.0005778729615215569,0.28560163584643,0.3179180619700218
llama32_3b,down,2,127,0.0025867515009434443,0.0005728204471301286,0.28617445629356014,0.2905740223399818
llama32_3b,down,2,128,0.0025510492266944814,0.0005649143948126198,0.28673937068837274,0.301327390822144
llama32_3b,down,3,1,0.3936832547367463,0.052564401523393985,0.052564401523393985,0.00024668548900586576
llama32_3b,down,3,2,0.10023647635983945,0.013383526800478352,0.06594792832387233,0.0037246911049168626
llama32_3b,down,3,3,0.07962376464407936,0.010631327304876976,0.0765792556287493,0.005532523316989163
llama32_3b,down,3,4,0.05922708160285113,0.007907971855477801,0.08448722748422711,0.010961257744218971
llama32_3b,down,3,5,0.04758692615175527,0.006353783818358286,0.0908410113025854,0.017885267032242056
llama32_3b,down,3,6,0.04708476707509383,0.006286735776520947,0.09712774707910636,0.017403653319572283
llama32_3b,down,3,7,0.04017253387898554,0.005363817677333491,0.10249156475643983,0.018066106847657724
llama32_3b,down,3,8,0.03665328792140122,0.004893929625585537,0.10738549438202537,0.024680888237095154
llama32_3b,down,3,9,0.03385663102161257,0.0045205213222479675,0.11190601570427333,0.026329176950189666
llama32_3b,down,3,10,0.032177044689086255,0.004296263751437254,0.1162022794557106,0.02616524890422467
llama32_3b,down,3,11,0.02973048933022787,0.003969600839858151,0.12017188029556873,0.043948283338683475
llama32_3b,down,3,12,0.02898517337396677,0.0038700866067397054,0.12404196690230845,0.03303822231917574
llama32_3b,down,3,13,0.02698459447302186,0.003602970260379437,0.12764493716268788,0.04259482808329582
llama32_3b,down,3,14,0.026755538844256636,0.0035723868614242035,0.1312173240241121,0.041822248022092036
llama32_3b,down,3,15,0.026197949956555475,0.0034979378574966544,0.13471526188160873,0.0392648187038877
llama32_3b,down,3,16,0.025352501668161408,0.003385054002865527,0.13810031588447425,0.04970866460803948
llama32_3b,down,3,17,0.024428967270959164,0.0032617441280077147,0.14136206001248197,0.04723005100766558
llama32_3b,down,3,18,0.02339766425071943,0.003124045037696088,0.14448610505017806,0.05412782461021518
llama32_3b,down,3,19,0.022596259312195915,0.003017041830258297,0.1475031468804364,0.051419310351687814
llama32_3b,down,3,20,0.021699660199330624,0.0028973283417948748,0.15040047522223124,0.07290111794844109
llama32_3b,down,3,21,0.020032424867413152,0.0026747198707297247,0.15307519509296097,0.07734972836827211
llama32_3b,down,3,22,0.019810265714358382,0.002645057285941665,0.15572025237890263,0.0660064481641131
llama32_3b,down,3,23,0.019400681898395316,0.0025903698490219434,0.15831062222792458,0.07305644609924128
llama32_3b,down,3,24,0.018631274392556504,0.00248763892362592,0.1607982611515505,0.0826278062451797
llama32_3b,down,3,25,0.01830881842503707,0.0024445847557222323,0.16324284590727273,0.07072381325915794
llama32_3b,down,3,26,0.017546995138906993,0.002342866471745967,0.16558571237901867,0.08358559031524268
llama32_3b,down,3,27,0.016473603887422195,0.002199547780752939,0.16778526015977163,0.09983328414600284
llama32_3b,down,3,28,0.016323423550526028,0.0021794957733725197,0.16996475593314414,0.09366133383539309
llama32_3b,down,3,29,0.01537273000083506,0.0020525596213508313,0.17201731555449495,0.10666452524549089
llama32_3b,down,3,30,0.015117089891879109,0.0020184266752044924,0.17403574222969947,0.0879182803939612
llama32_3b,down,3,31,0.014730381786027398,0.001966793592253242,0.17600253582195272,0.12293802246028286
llama32_3b,down,3,32,0.014548687927421578,0.0019425339143950171,0.17794506973634774,0.10866951853875377
llama32_3b,down,3,33,0.014041265443033107,0.0018747831048533988,0.17981985284120114,0.11953749882778808
llama32_3b,down,3,34,0.013785430640357262,0.0018406241632938857,0.18166047700449503,0.11549039111616709
llama32_3b,down,3,35,0.013581309412142993,0.0018133699936785743,0.1834738469981736,0.11288488967712922
llama32_3b,down,3,36,0.013410860707828862,0.0017906117634899383,0.1852644587616635,0.12008099955898219
llama32_3b,down,3,37,0.013392023760628672,0.0017880966632305487,0.18705255542489405,0.11799544379164509
llama32_3b,down,3,38,0.012975920807230116,0.0017325387941712269,0.18878509421906534,0.1325335924524342
llama32_3b,down,3,39,0.012857358847926941,0.001716708457576444,0.19050180267664177,0.1245777672884288
llama32_3b,down,3,40,0.012392406833571722,0.0016546282850580028,0.19215643096169976,0.15476162093530663
llama32_3b,down,3,41,0.012195433476780865,0.00162832849584627,0.19378475945754603,0.13797680761638953
llama32_3b,down,3,42,0.012127588928082095,0.00161926992386977,0.1954040293814158,0.15701898153909857
llama32_3b,down,3,43,0.011798072740924247,0.0015752730787872804,0.1969793024602031,0.14226884222739836
llama32_3b,down,3,44,0.011464796161225222,0.0015307741478755312,0.19851007660807862,0.14947338584845854
llama32_3b,down,3,45,0.011460654602572664,0.001530221168927795,0.2000402977770064,0.15384320753845274
llama32_3b,down,3,46,0.011186542695140595,0.0014936218770065838,0.20153391965401296,0.14649225625273735
llama32_3b,down,3,47,0.010834907083079439,0.0014466716567980388,0.20298059131081106,0.1546245514686466
llama32_3b,down,3,48,0.01076959093702652,0.0014379506759440725,0.2044185419867551,0.1775909179020735
llama32_3b,down,3,49,0.010517355536893353,0.0014042723249055463,0.20582281431166066,0.1557452412169756
llama32_3b,down,3,50,0.010491419771437784,0.001400809393798317,0.20722362370545896,0.15689109965987366
llama32_3b,down,3,51,0.010388281600673937,0.0013870384341367371,0.20861066213959573,0.16824517817245138
llama32_3b,down,3,52,0.010012526389847507,0.0013368677765363888,0.20994752991613208,0.17463915113510564
llama32_3b,down,3,53,0.009943333246904489,0.0013276291408957782,0.21127515905702784,0.17691782809694034
llama32_3b,down,3,54,0.00982266436957994,0.0013115174896056918,0.21258667654663355,0.17666925476215414
llama32_3b,down,3,55,0.009770021209532836,0.0013044885998348362,0.2138911651464684,0.16843990640395656
llama32_3b,down,3,56,0.009522353146486221,0.0012714200774786874,0.2151625852239471,0.17652383586626477
llama32_3b,down,3,57,0.009411006049945507,0.0012565530659393116,0.2164191382898864,0.19902557028282494
llama32_3b,down,3,58,0.009340674010281694,0.0012471623653485028,0.2176663006552349,0.15499779737316952
llama32_3b,down,3,59,0.009251065297940451,0.0012351978525610612,0.21890149850779597,0.1979336746181237
llama32_3b,down,3,60,0.009116202975675518,0.0012171910992317847,0.22011868960702777,0.2060254521168458
llama32_3b,down,3,61,0.008911891524735548,0.001189911531168324,0.22130860113819611,0.1856485123847802
llama32_3b,down,3,62,0.00888375344503858,0.0011861545481077218,0.2224947556863038,0.19954248436950162
llama32_3b,down,3,63,0.00873225499149891,0.001165926546417994,0.22366068223272176,0.17986189951989093
llama32_3b,down,3,64,0.008697019184805265,0.0011612218782138968,0.2248219041109357,0.1862802660251435
llama32_3b,down,3,65,0.008587557150209759,0.001146606559251719,0.2259685106701874,0.1978855880135862
llama32_3b,down,3,66,0.008441335237161847,0.0011270830787467917,0.2270955937489342,0.21589378958571434
llama32_3b,down,3,67,0.008087255896919165,0.0010798065731100447,0.22817540032204425,0.2216215321387228
llama32_3b,down,3,68,0.007984412874205878,0.0010660750214762428,0.2292414753435205,0.22125281530065888
llama32_3b,down,3,69,0.007932232687899825,0.001059107947739792,0.23030058329126027,0.22201693229310263
llama32_3b,down,3,70,0.007828480096840762,0.0010452549509716972,0.23134583824223195,0.21554798551639345
llama32_3b,down,3,71,0.007607830597026577,0.0010157939343685793,0.23236163217660058,0.21257600881316996
llama32_3b,down,3,72,0.007493671728938303,0.0010005514964252615,0.2333621836730258,0.21147794271946616
llama32_3b,down,3,73,0.0074843348129167075,0.0009993048358247808,0.23436148850885058,0.22849991107758194
llama32_3b,down,3,74,0.007363411220537951,0.0009831591751014192,0.235344647683952,0.22815105975083994
llama32_3b,down,3,75,0.007244778728191687,0.0009673194209681634,0.23631196710492017,0.24375682107109914
llama32_3b,down,3,76,0.0071799127335287405,0.0009586585441143651,0.23727062564903456,0.21453940840270486
llama32_3b,down,3,77,0.00717360599175078,0.0009578164709422595,0.2382284421199768,0.2167270443202436
llama32_3b,down,3,78,0.007078203814084521,0.0009450784174113599,0.2391735205373882,0.22647340317032935
llama32_3b,down,3,79,0.006970349474593449,0.0009306777571373025,0.24010419829452548,0.25290228995880715
llama32_3b,down,3,80,0.006924526272122439,0.0009245594648685986,0.24102875775939409,0.22528908042216578
llama32_3b,down,3,81,0.006852522256146844,0.0009149455227933409,0.2419437032821874,0.247308416191807
llama32_3b,down,3,82,0.006819260864624438,0.0009105044775668181,0.24285420775975425,0.24185723574176532
llama32_3b,down,3,83,0.006632394937133527,0.0008855542275231837,0.24373976198727743,0.2405393373247096
llama32_3b,down,3,84,0.0065860505512359635,0.0008793663470904647,0.24461912833436789,0.24415121344437288
llama32_3b,down,3,85,0.006533457643528749,0.0008723441669882059,0.24549147250135606,0.22756341020229418
llama32_3b,down,3,86,0.006464120993442575,0.0008630863703418796,0.24635455887169797,0.2506072474054996
llama32_3b,down,3,87,0.006383990528175255,0.0008523873886100192,0.24720694626030795,0.23841317395416253
llama32_3b,down,3,88,0.006331884662122718,0.0008454302380785818,0.24805237649838655,0.24857314164687302
llama32_3b,down,3,89,0.006279133852559231,0.0008383869749953363,0.24889076347338188,0.25732347635955327
llama32_3b,down,3,90,0.006235352596447767,0.0008325413224364525,0.24972330479581833,0.2718248807853795
llama32_3b,down,3,91,0.006107343211638515,0.0008154495700672145,0.2505387543658855,0.2576584379542073
llama32_3b,down,3,92,0.00605986511069341,0.0008091103165388531,0.2513478646824244,0.2710069950025221
llama32_3b,down,3,93,0.006020602087323224,0.0008038679362734467,0.25215173261869783,0.2396800012305724
llama32_3b,down,3,94,0.005967878776565905,0.0007968283448177634,0.2529485609635156,0.260830747091247
llama32_3b,down,3,95,0.005923381861606588,0.0007908871378288152,0.2537394481013444,0.25584624510495474
llama32_3b,down,3,96,0.0058909137175759815,0.0007865520066313111,0.25452600010797577,0.24277141481614073
llama32_3b,down,3,97,0.005721935786133117,0.0007639901533391391,0.25528999026131494,0.24775417649406062
llama32_3b,down,3,98,0.0057000190352811675,0.0007610638391563313,0.25605105410047124,0.2743081930924556
llama32_3b,down,3,99,0.005677872229557682,0.0007581068081561474,0.2568091609086274,0.2736213164304682
llama32_3b,down,3,100,0.005577957341685492,0.0007447662196980717,0.2575539271283254,0.26554552261961356
llama32_3b,down,3,101,0.005567501929541111,0.0007433702180255664,0.258297297346351,0.26363119729223433
llama32_3b,down,3,102,0.005525803430582385,0.0007378026542142609,0.2590351000005653,0.2851399408169531
llama32_3b,down,3,103,0.005467095292179433,0.0007299639714087976,0.2597650639719741,0.27801514632192176
llama32_3b,down,3,104,0.0054122695870236805,0.000722643669249801,0.26048770764122386,0.2847299799358012
llama32_3b,down,3,105,0.005373587801070083,0.0007174788955286872,0.26120518653675256,0.2546654647254618
llama32_3b,down,3,106,0.005282648108603485,0.000705336670905939,0.26191052320765845,0.2710935180852982
llama32_3b,down,3,107,0.005246080257058144,0.0007004541487047787,0.26261097735636324,0.30421861899017244
llama32_3b,down,3,108,0.005225412681360436,0.0006976946237963193,0.26330867198015956,0.2789179960489656
llama32_3b,down,3,109,0.0051616982989529155,0.0006891875096648749,0.26399785948982446,0.3144429421976433
llama32_3b,down,3,110,0.005128817024883872,0.0006847972175405078,0.26468265670736496,0.2823636878037626
llama32_3b,down,3,111,0.005036053691414916,0.0006724115012357306,0.2653550682086007,0.285634694286773
llama32_3b,down,3,112,0.004991764693854566,0.0006664980552793167,0.26602156626388,0.2719988027333054
llama32_3b,down,3,113,0.004963140648382153,0.0006626761862987782,0.2666842424501788,0.2865252996220679
llama32_3b,down,3,114,0.004933409421728024,0.0006587064870117823,0.2673429489371905,0.29400085079893495
llama32_3b,down,3,115,0.0048786697287377554,0.000651397669156342,0.2679943466063469,0.2857721735679536
llama32_3b,down,3,116,0.00484073475325361,0.0006463326092150393,0.26864067921556195,0.3005352392026701
llama32_3b,down,3,117,0.00476712826440609,0.0006365047057216701,0.26927718392128364,0.27713650524183625
llama32_3b,down,3,118,0.0047445705742385925,0.0006334928136253259,0.2699106767349089,0.29488031455729363
llama32_3b,down,3,119,0.004633585938456961,0.0006186741976746567,0.27052935093258357,0.30666032229340767
llama32_3b,down,3,120,0.004622316976750992,0.0006171695712503999,0.27114652050383403,0.30926054187017354
llama32_3b,down,3,121,0.0045665403717401075,0.0006097223053935771,0.27175624280922756,0.3156301511538608
llama32_3b,down,3,122,0.004506290318371917,0.000601677746832992,0.2723579205560606,0.2958113130611717
llama32_3b,down,3,123,0.004497895639127892,0.0006005568932403288,0.2729584774493009,0.30169692437052775
llama32_3b,down,3,124,0.004473956960292843,0.0005973606121918333,0.27355583806149275,0.3086741309378111
llama32_3b,down,3,125,0.00438506241057902,0.0005854914540598135,0.2741413295155526,0.31120022997266045
llama32_3b,down,3,126,0.004366410985783971,0.0005830011246640002,0.2747243306402165,0.2986932641121154
llama32_3b,down,3,127,0.004327951223958135,0.0005778659954991614,0.2753021966357157,0.3101646998662035
llama32_3b,down,3,128,0.004267388671418091,0.0005697797121973093,0.27587197634791305,0.32819587063567923
llama32_3b,down,4,1,0.3371309105363383,0.029619111523929,0.029619111523929,0.0007214450953236657
llama32_3b,down,4,2,0.16625522025980136,0.01460658680770732,0.04422569833163632,0.0034524234818403524
llama32_3b,down,4,3,0.12288120981423008,0.010795901959546645,0.05502160029118297,0.006688368593611658
llama32_3b,down,4,4,0.08699508277720805,0.007643075666696613,0.06266467595787958,0.009876499443125906
llama32_3b,down,4,5,0.06590620293555452,0.005790282391375314,0.0684549583492549,0.021799342973204742
llama32_3b,down,4,6,0.06246328723513391,0.005487800177756838,0.07394275852701174,0.02324775040463783
llama32_3b,down,4,7,0.05545956814698237,0.004872478561521144,0.07881523708853289,0.027069211441722515
llama32_3b,down,4,8,0.0536237856646262,0.004711193302948801,0.08352643039148168,0.023629255745889255
llama32_3b,down,4,9,0.0523137032304462,0.004596094163383742,0.08812252455486543,0.023639696410069164
llama32_3b,down,4,10,0.049483895474107496,0.004347477412718747,0.09247000196758419,0.03398912002012169
llama32_3b,down,4,11,0.04784060789542517,0.004203104065340288,0.09667310603292446,0.034620729316925114
llama32_3b,down,4,12,0.04476119573740148,0.003932557968005153,0.10060566400092961,0.04000373894308265
llama32_3b,down,4,13,0.042636584168056574,0.0037458972227256914,0.1043515612236553,0.04284259636356106
llama32_3b,down,4,14,0.041070143346769124,0.0036082753555775975,0.1079598365792329,0.04644475820547105
llama32_3b,down,4,15,0.03937696729492586,0.003459518986043259,0.11141935556527616,0.045123148402096955
llama32_3b,down,4,16,0.03759485686347529,0.0033029491611846684,0.11472230472646082,0.0549676186111872
llama32_3b,down,4,17,0.03671037804603232,0.0032252420274996594,0.11794754675396048,0.05576571705306636
llama32_3b,down,4,18,0.035562205777010705,0.0031243677337995323,0.12107191448776002,0.0659735735028658
llama32_3b,down,4,19,0.03389842659717503,0.0029781940679071183,0.12405010855566713,0.08760319920248803
llama32_3b,down,4,20,0.03276168518991061,0.002878324048685004,0.12692843260435213,0.06121606585601216
llama32_3b,down,4,21,0.031190230173947318,0.0027402616523932903,0.12966869425674543,0.0658853812629369
llama32_3b,down,4,22,0.0303737323575263,0.002668527085411151,0.13233722134215656,0.078356517679438
llama32_3b,down,4,23,0.029544499528112646,0.002595673665905262,0.13493289500806183,0.07305574642464563
llama32_3b,down,4,24,0.02836549814339466,0.0024920908367743666,0.1374249858448362,0.09771142085477068
llama32_3b,down,4,25,0.027662771060500076,0.0024303517580110843,0.1398553376028473,0.08421039938331265
llama32_3b,down,4,26,0.02682467315348607,0.0023567194846122216,0.14221205708745951,0.09882381567200518
llama32_3b,down,4,27,0.025378168141614442,0.002229634747118446,0.14444169183457797,0.09380276008875839
llama32_3b,down,4,28,0.025077235406602803,0.002203195877347263,0.14664488771192521,0.09902117419785489
llama32_3b,down,4,29,0.024615706274600715,0.0021626475846660475,0.14880753529659127,0.1050573399579526
llama32_3b,down,4,30,0.024154052643262192,0.002122088353920077,0.15092962365051138,0.10280019693290023
llama32_3b,down,4,31,0.023908019131566975,0.0021004727328251993,0.15303009638333653,0.110724168067576
llama32_3b,down,4,32,0.023503996006252876,0.002064976711449151,0.15509507309478573,0.1009671966908795
llama32_3b,down,4,33,0.022817176162087078,0.0020046351855747334,0.15709970828036046,0.13290001531837436
llama32_3b,down,4,34,0.02232386122049172,0.001961294305771431,0.1590610025861319,0.11429544361731732
llama32_3b,down,4,35,0.021753782519422935,0.0019112092376371848,0.16097221182376908,0.11666673631373263
llama32_3b,down,4,36,0.021498519260523437,0.0018887827240870697,0.1628609945478561,0.12842457865070714
llama32_3b,down,4,37,0.02071367455853526,0.0018198290861065887,0.1646808236339627,0.1290043273700029
llama32_3b,down,4,38,0.02046524464548232,0.0017980029257913307,0.16647882655975402,0.12491646977676883
llama32_3b,down,4,39,0.020404115284367263,0.0017926323195737847,0.16827145887932785,0.12523198597395438
llama32_3b,down,4,40,0.020089353416052485,0.0017649784717961845,0.17003643735112398,0.13355037343778445
llama32_3b,down,4,41,0.01936088498725218,0.0017009778507912118,0.17173741520191518,0.14363840428519334
llama32_3b,down,4,42,0.019282413038075652,0.0016940835870452324,0.17343149878896044,0.11600604674070393
llama32_3b,down,4,43,0.01917230630268908,0.0016844100045494525,0.17511590879350988,0.15290834124799596
llama32_3b,down,4,44,0.018580616440575647,0.0016324262573883422,0.17674833505089824,0.15181606240796663
llama32_3b,down,4,45,0.01831842361489117,0.0016093909369771467,0.1783577259878754,0.15043192514558323
llama32_3b,down,4,46,0.0182413688413971,0.001602621181199069,0.17996034716907444,0.15756125555556383
llama32_3b,down,4,47,0.01781371333753169,0.0015650489038820466,0.1815253960729565,0.15005033390984715
llama32_3b,down,4,48,0.017612678005310665,0.0015473866612955342,0.18307278273425204,0.159536508823705
llama32_3b,down,4,49,0.017394270493268124,0.001528198161354783,0.18460098089560684,0.1447646609828585
llama32_3b,down,4,50,0.01669410709486899,0.0014666843187078277,0.18606766521431467,0.16112396033590776
llama32_3b,down,4,51,0.016600209117643764,0.0014584347795158243,0.1875260999938305,0.15846366157563072
llama32_3b,down,4,52,0.016186634798157098,0.001422099624507876,0.1889481996183384,0.14544783135062542
llama32_3b,down,4,53,0.015906344325442894,0.001397474309797904,0.19034567392813623,0.16705427588167293
llama32_3b,down,4,54,0.01566804875793246,0.0013765385167004368,0.19172221244483667,0.19100091324455348
llama32_3b,down,4,55,0.015232724312181015,0.0013382924736802585,0.19306050491851692,0.18274013222093394
llama32_3b,down,4,56,0.015174074288475886,0.0013331396931469054,0.19439364461166384,0.18111982927149847
llama32_3b,down,4,57,0.014920064899124836,0.0013108233400740152,0.19570446795173785,0.18931111011481624
llama32_3b,down,4,58,0.01485567111965384,0.0013051659337787443,0.1970096338855166,0.1787211891743995
llama32_3b,down,4,59,0.014574128803615992,0.0012804306366083844,0.19829006452212497,0.21051538835758696
llama32_3b,down,4,60,0.014367333948975146,0.001262262383058339,0.19955232690518335,0.203905460490754
llama32_3b,down,4,61,0.014268479996145875,0.0012535774296413612,0.2008059043348247,0.18458171290068587
llama32_3b,down,4,62,0.013916615519610206,0.0012226638799011764,0.2020285682147259,0.1905762999011978
llama32_3b,down,4,63,0.013756172388555196,0.0012085679223860185,0.2032371361371119,0.1867240503840679
llama32_3b,down,4,64,0.013371958840015121,0.0011748122993103757,0.20441194843642232,0.2071447361688949
llama32_3b,down,4,65,0.013215303792714688,0.001161049149234946,0.20557299758565722,0.19826628424812434
llama32_3b,down,4,66,0.01313828602162561,0.001154282644355335,0.20672728023001255,0.2194247791522443
llama32_3b,down,4,67,0.013036746196091749,0.0011453617198046223,0.20787264194981722,0.19109230939719554
llama32_3b,down,4,68,0.012860465165098058,0.0011298743012577769,0.20900251625107497,0.20940951955284715
llama32_3b,down,4,69,0.01277115676156875,0.0011220279855344564,0.2101245442366094,0.20602330871193325
llama32_3b,down,4,70,0.01260836901315529,0.0011077260383551934,0.2112322702749646,0.2110694074716302
llama32_3b,down,4,71,0.01223145022281319,0.0010746113065471655,0.21230688158151176,0.2229088707875328
llama32_3b,down,4,72,0.01215615096638555,0.001067995784196364,0.21337487736570812,0.24490610946510813
llama32_3b,down,4,73,0.012008881341372235,0.0010550572036300875,0.2144299345693382,0.21831487768147195
llama32_3b,down,4,74,0.011973819493424635,0.0010519767955389312,0.21548191136487715,0.22003217295966485
llama32_3b,down,4,75,0.011628990935348665,0.001021681396336173,0.2165035927612133,0.24130219963258248
llama32_3b,down,4,76,0.011575829337800662,0.0010170108092219284,0.21752060357043526,0.2192400173215753
llama32_3b,down,4,77,0.011435833873407764,0.0010047113102940467,0.21852531488072935,0.21708461131926657
llama32_3b,down,4,78,0.011396522530789578,0.001001257556856514,0.21952657243758578,0.20760858274245508
llama32_3b,down,4,79,0.011232775314024855,0.0009868713142323316,0.22051344375181814,0.24078790840962397
llama32_3b,down,4,80,0.011136060681662318,0.000978374313831554,0.22149181806564971,0.2231969176046481
llama32_3b,down,4,81,0.010934340445423057,0.0009606518980367555,0.22245246996368642,0.25524069857517506
llama32_3b,down,4,82,0.01088484267705297,0.0009563032018011987,0.22340877316548763,0.2483781606592897
llama32_3b,down,4,83,0.010763201607193674,0.000945616254086079,0.22435438941957372,0.22836622095747233
llama32_3b,down,4,84,0.010568410687130377,0.0009285026231347527,0.2252828920427085,0.2404436206578049
llama32_3b,down,4,85,0.010512167886918935,0.0009235613326157951,0.2262064533753243,0.25494498476629174
llama32_3b,down,4,86,0.010412178016071591,0.0009147765815196137,0.22712122995684383,0.2598822315435956
llama32_3b,down,4,87,0.01028197619515931,0.0009033375169494611,0.2280245674737933,0.2523371197315141
llama32_3b,down,4,88,0.010160034704931995,0.0008926241753792949,0.22891719164917262,0.24279694300015717
llama32_3b,down,4,89,0.010051011085471927,0.0008830457515605092,0.22980023740073313,0.25063749018504045
llama32_3b,down,4,90,0.009980827289383527,0.0008768796551909776,0.23067711705592417,0.2732152053005072
llama32_3b,down,4,91,0.009845956854307213,0.0008650304229403632,0.23154214747886454,0.252459154802967
llama32_3b,down,4,92,0.009761529165699672,0.0008576129093086527,0.2323997603881732,0.2746780132287614
llama32_3b,down,4,93,0.009669513260293932,0.0008495287221902064,0.23324928911036336,0.2793078828089446
llama32_3b,down,4,94,0.009554460284384456,0.0008394205807587331,0.2340887096911221,0.2617824982593286
llama32_3b,down,4,95,0.009485650238055239,0.0008333751771113801,0.23492208486823346,0.2727023770450434
llama32_3b,down,4,96,0.009438817850291584,0.0008292606516473792,0.23575134551988086,0.25716066351017164
llama32_3b,down,4,97,0.009365726978045635,0.0008228391500028402,0.2365741846698837,0.28559485846040983
llama32_3b,down,4,98,0.00929254162185683,0.0008164093473382725,0.23739059401722196,0.28266421509319967
llama32_3b,down,4,99,0.009036341299878408,0.0007939005067900326,0.238184494524012,0.26431436103445227
llama32_3b,down,4,100,0.008933249648886888,0.0007848432444255521,0.2389693377684375,0.2580339428162136
llama32_3b,down,4,101,0.008878278275942598,0.0007800136569419538,0.23974935142537948,0.2670861722386106
llama32_3b,down,4,102,0.008760283325870163,0.0007696470442219991,0.24051899846960148,0.28410423111329347
llama32_3b,down,4,103,0.008696233352394101,0.0007640198434872042,0.24128301831308874,0.24854917238128582
llama32_3b,down,4,104,0.008631684536994992,0.0007583488162918571,0.2420413671293806,0.2600319573871381
llama32_3b,down,4,105,0.00855435559632411,0.0007515549731698652,0.24279292210255046,0.2696446205857991
llama32_3b,down,4,106,0.008372413295362278,0.0007355701757671724,0.24352849227831763,0.26425056303027894
llama32_3b,down,4,107,0.008227388262466256,0.0007228287970063963,0.244251321075324,0.2817623862243478
llama32_3b,down,4,108,0.008162085301452007,0.0007170915132846317,0.24496841258860866,0.2769865731790927
llama32_3b,down,4,109,0.008115707005442636,0.0007130168826920053,0.2456814294713006,0.27620640287882997
llama32_3b,down,4,110,0.007972891635887474,0.0007004696370198245,0.2463818991083204,0.2934490563340601
llama32_3b,down,4,111,0.007851254840594213,0.0006897830648527313,0.24707168217317316,0.29413491525873325
llama32_3b,down,4,112,0.007712812563105239,0.0006776200233503987,0.24774930219652358,0.27158334207879453
llama32_3b,down,4,113,0.007685718663098024,0.000675239650560923,0.2484245418470845,0.3045514465501557
llama32_3b,down,4,114,0.007645711196628775,0.0006717247381808706,0.2490962665852654,0.29000340529260016
llama32_3b,down,4,115,0.007593120277361246,0.0006671042888116543,0.24976337087407702,0.29871862226612933
llama32_3b,down,4,116,0.007483890799994932,0.0006575077790562411,0.2504208786531332,0.31882969789307636
llama32_3b,down,4,117,0.007439921448243123,0.0006536447896581469,0.25107452344279146,0.30923035533037535
llama32_3b,down,4,118,0.007402294481276284,0.0006503390194185537,0.25172486246220993,0.2884311266426421
llama32_3b,down,4,119,0.007317474082642672,0.0006428870036937534,0.25236774946590373,0.30542550213423025
llama32_3b,down,4,120,0.007250093894197841,0.0006369672222270353,0.25300471668813074,0.313216337294653
llama32_3b,down,4,121,0.0072189711712815985,0.0006342328915199577,0.2536389495796507,0.2922785393970227
llama32_3b,down,4,122,0.007139911437369257,0.0006272869871171949,0.25426623656676794,0.3045905572775155
llama32_3b,down,4,123,0.007026756540461304,0.0006173456040928278,0.2548835821708607,0.31074194634854585
llama32_3b,down,4,124,0.006951415119644238,0.0006107263773301385,0.2554943085481909,0.3010471087927842
llama32_3b,down,4,125,0.0068617018092762576,0.0006028444879455588,0.25609715303613645,0.3008746209810496
llama32_3b,down,4,126,0.006806888921859232,0.0005980288244314342,0.25669518186056783,0.30183457970096056
llama32_3b,down,4,127,0.006768946174430159,0.0005946953108540583,0.25728987717142193,0.30892461198148385
llama32_3b,down,4,128,0.006678143383187577,0.0005867177035909943,0.2578765948750129,0.31377689716998935
llama32_3b,down,5,1,0.7234986124131055,0.04939012767773662,0.04939012767773662,0.00032744035627113946
llama32_3b,down,5,2,0.170049583715386,0.011608551152898853,0.06099867883063548,0.004590730216018216
llama32_3b,down,5,3,0.13774356621699452,0.009403158769791297,0.07040183760042677,0.008692238430089608
llama32_3b,down,5,4,0.0972822295745413,0.0066410379467570155,0.07704287554718378,0.015623614186837031
llama32_3b,down,5,5,0.08036268944626843,0.0054860139662730855,0.08252888951345687,0.0244238205386512
llama32_3b,down,5,6,0.0735443365886735,0.005020554444429262,0.08754944395788614,0.028814402361674162
llama32_3b,down,5,7,0.06931322110834705,0.004731714451916257,0.09228115840980237,0.02780629174015306
llama32_3b,down,5,8,0.06608153993282227,0.004511101525872702,0.09679225993567508,0.029547963214918725
llama32_3b,down,5,9,0.06284941580808197,0.004290458361597955,0.10108271829727304,0.03541717617419268
llama32_3b,down,5,10,0.05992227143931432,0.004090634848982766,0.10517335314625581,0.038101298117141864
llama32_3b,down,5,11,0.05806568489730166,0.003963893698714443,0.10913724684497025,0.039863856330077434
llama32_3b,down,5,12,0.05519946065171021,0.0037682289399796247,0.11290547578494989,0.047465230250717756
llama32_3b,down,5,13,0.052119441221554916,0.0035579693067262852,0.11646344509167618,0.0601257601443343
llama32_3b,down,5,14,0.05007757830668341,0.0034185801381284653,0.11988202522980465,0.05802294236442938
llama32_3b,down,5,15,0.04781671997240393,0.0032642410974233252,0.12314626632722797,0.05827892162987725
llama32_3b,down,5,16,0.04300062065749421,0.002935466783290664,0.12608173311051862,0.06757612491502664
llama32_3b,down,5,17,0.04100557363139478,0.0027992735333637695,0.1288810066438824,0.06383580837556907
llama32_3b,down,5,18,0.04038812937945897,0.002757123279149347,0.13163812992303175,0.07242942397838069
llama32_3b,down,5,19,0.03726155068280794,0.0025436852457203164,0.13418181516875205,0.08533760705605857
llama32_3b,down,5,20,0.03710249430477072,0.0025328271532728203,0.13671464232202488,0.08336166807185366
llama32_3b,down,5,21,0.036472676758700875,0.002489832227670521,0.1392044745496954,0.08728442314883936
llama32_3b,down,5,22,0.035086408914193117,0.002395197705003759,0.14159967225469916,0.08333826673083101
llama32_3b,down,5,23,0.034368722907421136,0.0023462043788261633,0.14394587663352532,0.10427612305799364
llama32_3b,down,5,24,0.03392824862677969,0.0023161351007565346,0.14626201173428185,0.09041858601863455
llama32_3b,down,5,25,0.03335397007345194,0.002276931582484618,0.14853894331676648,0.09044902014596617
llama32_3b,down,5,26,0.03203109714088416,0.0021866247568460384,0.1507255680736125,0.13078954078451846
llama32_3b,down,5,27,0.03182605327541929,0.002172627297112053,0.15289819537072458,0.10742262776401817
llama32_3b,down,5,28,0.03113509282430697,0.00212545840927289,0.1550236537799975,0.1203329688676806
llama32_3b,down,5,29,0.030394695879949276,0.002074914705405836,0.1570985684854033,0.11477633303406728
llama32_3b,down,5,30,0.029813179278592217,0.0020352170768340905,0.1591337855622374,0.1336935020662301
llama32_3b,down,5,31,0.028925227394854376,0.0019746004340968995,0.1611083859963343,0.12079888692861447
llama32_3b,down,5,32,0.0278844738190953,0.0019035526793315433,0.1630119386756658,0.1289747307697235
llama32_3b,down,5,33,0.027573417051343307,0.0018823181763059553,0.16489425685197176,0.1462160764197237
llama32_3b,down,5,34,0.027209678003118548,0.0018574872813671526,0.16675174413333893,0.12184028054025858
llama32_3b,down,5,35,0.0264613342304842,0.0018064010818318514,0.16855814521517076,0.13159454853527852
llama32_3b,down,5,36,0.026313934782080023,0.0017963387576595507,0.17035448397283032,0.13682595682236715
llama32_3b,down,5,37,0.02559895169468948,0.0017475299481224317,0.17210201392095278,0.1405881868623576
llama32_3b,down,5,38,0.025039248525130647,0.001709321428393633,0.17381133534934637,0.13143190707936306
llama32_3b,down,5,39,0.024680189243728626,0.0016848100009381282,0.17549614535028452,0.13098682952641463
llama32_3b,down,5,40,0.024389833328229693,0.001664988655751788,0.1771611340060363,0.14365304835821593
llama32_3b,down,5,41,0.024239861866335956,0.0016547507513192648,0.17881588475735558,0.12786201585354445
llama32_3b,down,5,42,0.023770914079192948,0.0016227377098513146,0.18043862246720688,0.15026374910664342
llama32_3b,down,5,43,0.02306283693351354,0.0015744003391490403,0.1820130228063559,0.1481966896107933
llama32_3b,down,5,44,0.022553922565473988,0.0015396589516974825,0.18355268175805337,0.1598471712427951
llama32_3b,down,5,45,0.02223095150519258,0.0015176111113425316,0.1850702928693959,0.1485152299971338
llama32_3b,down,5,46,0.022050970059562226,0.0015053245548422253,0.18657561742423814,0.18071636876813935
llama32_3b,down,5,47,0.02169927984392399,0.0014813161817018147,0.18805693360593995,0.1691056811325015
llama32_3b,down,5,48,0.02140499225877206,0.0014612264383971967,0.18951816004433716,0.16952977162256974
llama32_3b,down,5,49,0.021179106599706093,0.0014458061993664305,0.19096396624370357,0.17185771311825235
llama32_3b,down,5,50,0.0203766380606505,0.001391025135627925,0.1923549913793315,0.1726261738876954
llama32_3b,down,5,51,0.02028979505069568,0.0013850967381493428,0.19374008811748084,0.16204812760744944
llama32_3b,down,5,52,0.020182495931714305,0.001377771890395284,0.19511786000787618,0.1804069906845486
llama32_3b,down,5,53,0.01990457430567379,0.0013587993804843631,0.19647665938836054,0.17412971638044134
llama32_3b,down,5,54,0.019791945211615085,0.0013511106783357391,0.19782777006669627,0.17351633863938856
llama32_3b,down,5,55,0.01923247979620969,0.0013129183890568579,0.19914068845575314,0.164919042829817
llama32_3b,down,5,56,0.019000337327459014,0.0012970710246330624,0.2004377594803862,0.18911788146294173
llama32_3b,down,5,57,0.018875364324886575,0.0012885396571260318,0.20172629913751222,0.17124356762081616
llama32_3b,down,5,58,0.018384104168787534,0.0012550034465287647,0.20298130258404098,0.17788864279895417
llama32_3b,down,5,59,0.018337809825903086,0.0012518431315446162,0.2042331457155856,0.2135265967053127
llama32_3b,down,5,60,0.017992444681285656,0.0012282665437040369,0.20546141225928963,0.20816826617836878
llama32_3b,down,5,61,0.017804752936678513,0.001215453638369934,0.20667686589765955,0.19235674910893874
llama32_3b,down,5,62,0.01774305219864699,0.0012112415952824933,0.20788810749294206,0.20016337778652019
llama32_3b,down,5,63,0.01742241931538588,0.0011893533721812374,0.20907746086512327,0.19959377791966879
llama32_3b,down,5,64,0.017057318234396518,0.0011644294971440757,0.21024189036226737,0.21989174641492656
llama32_3b,down,5,65,0.01698055695140124,0.0011591893356526824,0.21140107969792005,0.20904451006987837
llama32_3b,down,5,66,0.016871420307213458,0.0011517390479834691,0.2125528187459035,0.21265034877022249
llama32_3b,down,5,67,0.016586904201747976,0.0011323163614237208,0.21368513510732723,0.22060824070403723
llama32_3b,down,5,68,0.016324968327337305,0.0011144351297826907,0.21479957023710994,0.20861200274682037
llama32_3b,down,5,69,0.016137241151851972,0.0011016198057354522,0.2159011900428454,0.20778852282414104
llama32_3b,down,5,70,0.016016547692060953,0.0010933805841437697,0.21699457062698915,0.21524420010344456
llama32_3b,down,5,71,0.01592894190700084,0.001087400115300857,0.21808197074229002,0.22689072566275018
llama32_3b,down,5,72,0.01565872849438306,0.0010689538118519584,0.21915092455414198,0.22855137228792213
llama32_3b,down,5,73,0.015391409627517862,0.0010507051065488425,0.22020162966069085,0.22483340640665808
llama32_3b,down,5,74,0.01531472883958796,0.0010454704401081489,0.22124710010079898,0.21235887158882152
llama32_3b,down,5,75,0.01506631921365528,0.0010285125870719521,0.22227561268787094,0.2196200208661096
llama32_3b,down,5,76,0.014851602324027886,0.0010138547917267853,0.22328946747959771,0.24992662819584374
llama32_3b,down,5,77,0.014797400563267777,0.0010101546714523714,0.22429962215105007,0.22373095145500604
llama32_3b,down,5,78,0.01461742235937418,0.0009978683362514423,0.2252974904873015,0.23040684427945607
llama32_3b,down,5,79,0.014500239124733777,0.0009898687425807984,0.2262873592298823,0.23493263578339044
llama32_3b,down,5,80,0.014329382158645447,0.0009782050749179293,0.22726556430480024,0.23101297473563742
llama32_3b,down,5,81,0.014169862058062282,0.0009673153261336299,0.22823287963093386,0.24821965791146974
llama32_3b,down,5,82,0.014019086772224961,0.000957022548109751,0.22918990217904364,0.2448360496072424
llama32_3b,down,5,83,0.013951995309824385,0.0009524425035357906,0.23014234468257944,0.22917784658330134
llama32_3b,down,5,84,0.013827894383014452,0.0009439706688772214,0.23108631535145663,0.2621395959655711
llama32_3b,down,5,85,0.013611142900457366,0.0009291739806539681,0.2320154893321106,0.23935123752613396
llama32_3b,down,5,86,0.013424305514119614,0.0009164193986715396,0.23293190873078212,0.23899989329087787
llama32_3b,down,5,87,0.013352991797450335,0.0009115511190217391,0.2338434598498039,0.24785974751850798
llama32_3b,down,5,88,0.013153066781776617,0.0008979031010702404,0.2347413629508741,0.279798137543857
llama32_3b,down,5,89,0.013113587036816754,0.0008952079892748653,0.235636570940149,0.24355368248871587
llama32_3b,down,5,90,0.012980021633479024,0.0008860900556520539,0.23652266099580105,0.2406874719847722
llama32_3b,down,5,91,0.012864154012792296,0.0008781802732678888,0.23740084126906894,0.2753863479609773
llama32_3b,down,5,92,0.012742472031394596,0.000869873569572539,0.23827071483864148,0.23307354123166998
llama32_3b,down,5,93,0.012672095203115269,0.0008650692472495469,0.239135784085891,0.28035177875726813
llama32_3b,down,5,94,0.012582031488147474,0.0008589209861401658,0.23999470507203116,0.26505632858645983
llama32_3b,down,5,95,0.012506886743443454,0.0008537911787410007,0.2408484962507722,0.2658117615729904
llama32_3b,down,5,96,0.012471463604894555,0.0008513729939571475,0.24169986924472936,0.27329433652546303
llama32_3b,down,5,97,0.012260617199292147,0.0008369794198515088,0.24253684866458086,0.2616219746477914
llama32_3b,down,5,98,0.0121784178038147,0.0008313680218916385,0.2433682166864725,0.25341785539243655
llama32_3b,down,5,99,0.012127932177336747,0.0008279215860659774,0.24419613827253847,0.2685242985900386
llama32_3b,down,5,100,0.011926270395761957,0.0008141550066022264,0.24501029327914065,0.2632029438870683
llama32_3b,down,5,101,0.011742401996234967,0.0008016031045353377,0.245811896383676,0.2681095347820423
llama32_3b,down,5,102,0.011557445908777447,0.0007889769507078503,0.24660087333438385,0.2704516357410442
llama32_3b,down,5,103,0.011422276121151147,0.000779749492694118,0.24738062282707798,0.26161393692805673
llama32_3b,down,5,104,0.011393641876383311,0.000777794756388098,0.2481584175834661,0.2615546532251685
llama32_3b,down,5,105,0.011209143195759351,0.0007651998277509878,0.24892361741121707,0.26324902701825603
llama32_3b,down,5,106,0.011113533207609935,0.0007586729465089955,0.24968229035772607,0.26699849411237914
llama32_3b,down,5,107,0.010968308618299992,0.0007487590905804517,0.2504310494483066,0.2710473455567518
llama32_3b,down,5,108,0.010862382462212994,0.0007415279690775378,0.2511725774173841,0.2524744517781747
llama32_3b,down,5,109,0.010858226044254574,0.0007412442283624538,0.2519138216457465,0.30229040854800826
llama32_3b,down,5,110,0.010646325368085041,0.0007267786837553881,0.25264060032950186,0.26157274087885796
llama32_3b,down,5,111,0.010607319847129742,0.0007241159451860722,0.253364716274688,0.2749445352279293
llama32_3b,down,5,112,0.010533001847504138,0.0007190425761052111,0.2540837588507932,0.2799774805877602
llama32_3b,down,5,113,0.01045967530592471,0.0007140368895860684,0.25479779574037925,0.2802800032381909
llama32_3b,down,5,114,0.010294533827445844,0.0007027633935944765,0.25550055913397374,0.2904106916092035
llama32_3b,down,5,115,0.01024124894518193,0.0006991258646577863,0.25619968499863155,0.30140538922283894
llama32_3b,down,5,116,0.010164026593254884,0.0006938542279803767,0.2568935392266119,0.2968071787717848
llama32_3b,down,5,117,0.010125090007435318,0.000691196195315256,0.25758473542192717,0.2754421470715233
llama32_3b,down,5,118,0.009996072599333394,0.0006823887336982235,0.2582671241556254,0.30986439778338065
llama32_3b,down,5,119,0.009892465721612159,0.0006753159393194256,0.2589424400949448,0.2995286817847874
llama32_3b,down,5,120,0.009759480435558328,0.0006662376077998226,0.25960867770274465,0.2996241350759342
llama32_3b,down,5,121,0.009757122617407896,0.0006660766497309435,0.26027475435247555,0.29345822938007515
llama32_3b,down,5,122,0.009541503770176854,0.0006513572816329894,0.26092611163410856,0.28659815012629675
llama32_3b,down,5,123,0.009464344558067626,0.0006460899552384331,0.261572201589347,0.3060010401062779
llama32_3b,down,5,124,0.009283458842950029,0.0006337416681630245,0.26220594325751,0.30055333065587114
llama32_3b,down,5,125,0.00914351157991655,0.0006241880725226411,0.26283013133003263,0.3204341393498285
llama32_3b,down,5,126,0.009083955845498797,0.0006201224595741608,0.2634502537896068,0.31619734913837677
llama32_3b,down,5,127,0.008986935099488705,0.0006134992719817959,0.2640637530615886,0.3032726464635517
llama32_3b,down,5,128,0.008947959807347888,0.0006108385970031785,0.2646745916585918,0.3017784795199522
llama32_3b,down,6,1,1.030283764908341,0.06032582454158536,0.06032582454158536,0.00020675973649003098
llama32_3b,down,6,2,0.1747031901767183,0.010229331332221408,0.07055515587380676,0.007208891786214552
llama32_3b,down,6,3,0.15937092791797602,0.00933158704627826,0.07988674292008502,0.008726546200178553
llama32_3b,down,6,4,0.12177818099579346,0.007130432828279333,0.08701717574836434,0.012650613223877614
llama32_3b,down,6,5,0.09952026210847288,0.005827173129164502,0.09284434887752886,0.019499450083159783
llama32_3b,down,6,6,0.0932048048373133,0.005457386493466378,0.09830173537099522,0.02128057683469344
llama32_3b,down,6,7,0.08206712253446691,0.004805245897558603,0.10310698126855383,0.02463403991903772
llama32_3b,down,6,8,0.07819039291200537,0.004578253180634069,0.10768523444918791,0.028922732671563915
llama32_3b,down,6,9,0.07666235899049469,0.004488782775118318,0.11217401722430624,0.029959323559317026
llama32_3b,down,6,10,0.07166973649748068,0.004196451595326574,0.11637046881963281,0.031064691642342324
llama32_3b,down,6,11,0.0694916282941221,0.004068917630623086,0.1204393864502559,0.042305587504988085
llama32_3b,down,6,12,0.06399710353453407,0.0037471987528964307,0.12418658520315232,0.04318661624257495
llama32_3b,down,6,13,0.06132992578567568,0.0035910284798327118,0.12777761368298504,0.05244694618964588
llama32_3b,down,6,14,0.05716952476619319,0.0033474260564302022,0.13112503973941525,0.04865577667517087
llama32_3b,down,6,15,0.0554942651162255,0.0032493351972439086,0.13437437493665913,0.05507172926364507
llama32_3b,down,6,16,0.052639573153585084,0.003082185473717167,0.1374565604103763,0.061569242124157646
llama32_3b,down,6,17,0.0510442763824455,0.002988776651424324,0.14044533706180062,0.06414432706056855
llama32_3b,down,6,18,0.048467196107441574,0.0028378818224513583,0.143283218884252,0.07785372546622076
llama32_3b,down,6,19,0.04701237227092513,0.002752698059987223,0.1460359169442392,0.06575724579070732
llama32_3b,down,6,20,0.0453878101014157,0.0026575756716387647,0.14869349261587797,0.0749113101854745
llama32_3b,down,6,21,0.044609040941117305,0.002611976688792773,0.15130546930467076,0.08537649162537246
llama32_3b,down,6,22,0.04156522910833814,0.0024337534993997298,0.15373922280407049,0.09006677645994096
llama32_3b,down,6,23,0.039414285047559235,0.002307810066698102,0.15604703287076857,0.08050083484587382
llama32_3b,down,6,24,0.03875238486952897,0.002269054070181501,0.15831608694095006,0.09719628058571628
llama32_3b,down,6,25,0.03830449353313062,0.0022428288542812322,0.16055891579523132,0.10002388681353758
llama32_3b,down,6,26,0.03790352770865491,0.0022193512505390774,0.16277826704577036,0.09104131247714127
llama32_3b,down,6,27,0.036936896119256275,0.00216275242830722,0.1649410194740776,0.1041154940609903
llama32_3b,down,6,28,0.03637893772926225,0.002130082496893441,0.16707110197097108,0.09938616513503579
llama32_3b,down,6,29,0.0354046585634134,0.002073035888943884,0.16914413785991494,0.10357629041899549
llama32_3b,down,6,30,0.034430046585680565,0.0020159697939830757,0.17116010765389802,0.12223420304736442
llama32_3b,down,6,31,0.03369093440927087,0.0019726928318593378,0.17313280048575735,0.11043726759675064
llama32_3b,down,6,32,0.03277076745117808,0.001918814636013159,0.1750516151217705,0.11910187417480557
llama32_3b,down,6,33,0.03239920078239529,0.001897058430169727,0.17694867355194022,0.11033077613234522
llama32_3b,down,6,34,0.03218003338275105,0.0018842256024124632,0.1788328991543527,0.11434758578781123
llama32_3b,down,6,35,0.03142455028307598,0.0018399900796687017,0.1806728892340214,0.12891493700312626
llama32_3b,down,6,36,0.030886382356608365,0.0018084789319521477,0.18248136816597357,0.13784028780465804
llama32_3b,down,6,37,0.030498613485684327,0.0017857740445543216,0.18426714221052787,0.14696243229040978
llama32_3b,down,6,38,0.030076892618438298,0.001761081178462937,0.1860282233889908,0.12169792085709337
llama32_3b,down,6,39,0.029342627492195534,0.0017180880238763783,0.18774631141286718,0.14643861114083392
llama32_3b,down,6,40,0.028552223277941123,0.0016718077780158767,0.18941811919088308,0.14130296837614711
llama32_3b,down,6,41,0.02777429065804533,0.0016262577768109325,0.19104437696769402,0.16181877717099422
llama32_3b,down,6,42,0.027654000961238177,0.001619214498647276,0.19266359146634127,0.14611120710089728
llama32_3b,down,6,43,0.0270814132827246,0.0015856879839091186,0.19424927945025042,0.14468331128079678
llama32_3b,down,6,44,0.026406307846430156,0.0015461587847854263,0.19579543823503578,0.1606122244682315
llama32_3b,down,6,45,0.02631964093544432,0.0015410842091745432,0.19733652244421032,0.16106051638082922
llama32_3b,down,6,46,0.025589026591313718,0.0014983048174838382,0.19883482726169419,0.16217738101388862
llama32_3b,down,6,47,0.02546601656788939,0.0014911022570410727,0.20032592951873524,0.15775121561136046
llama32_3b,down,6,48,0.02471066388622018,0.0014468743706146118,0.20177280388934987,0.16203468617885117
llama32_3b,down,6,49,0.02413789071694814,0.0014133369949046227,0.20318614088425452,0.1859568520810552
llama32_3b,down,6,50,0.0239474046223718,0.0014021835330037197,0.20458832441725824,0.17483981089468284
llama32_3b,down,6,51,0.02364902018994969,0.0013847123396011547,0.20597303675685938,0.17709557376029558
llama32_3b,down,6,52,0.023178753450977807,0.0013571769850229086,0.20733021374188226,0.17109423816437988
llama32_3b,down,6,53,0.023021781156196644,0.0013479858442562666,0.20867819958613854,0.16065564712859978
llama32_3b,down,6,54,0.022718976580712234,0.0013302558398504544,0.210008455425989,0.17393444053412035
llama32_3b,down,6,55,0.02192501414362009,0.0012837672506830892,0.21129222267667208,0.20005507567009334
llama32_3b,down,6,56,0.021564796724536144,0.001262675573263117,0.21255489824993523,0.18648138846886284
llama32_3b,down,6,57,0.02136705409694318,0.0012510972222661697,0.21380599547220142,0.18851071314991652
llama32_3b,down,6,58,0.02112214358422541,0.0012367570675225724,0.21504275253972396,0.18678785042355486
llama32_3b,down,6,59,0.02094644182041534,0.0012264692670774238,0.2162692218068014,0.18171085075887028
llama32_3b,down,6,60,0.020712957549030128,0.0012127981488199626,0.2174820199556214,0.19451529804204132
llama32_3b,down,6,61,0.02044227640403933,0.0011969490557685127,0.2186789690113899,0.18412153379257576
llama32_3b,down,6,62,0.020226898223828525,0.0011843380967764153,0.21986330710816626,0.18806179845646676
llama32_3b,down,6,63,0.020041619147772013,0.0011734895195066313,0.2210367966276729,0.20099787024617727
llama32_3b,down,6,64,0.019875191825770633,0.0011637447620253033,0.2222005413896982,0.19112947095897417
llama32_3b,down,6,65,0.01959398954744432,0.001147279628941782,0.22334782101863998,0.2123278461219835
llama32_3b,down,6,66,0.01930044029423366,0.0011300915480007268,0.22447791256664074,0.21379874904856722
llama32_3b,down,6,67,0.019220989842785488,0.0011254395150782838,0.225603352081719,0.19611742676607405
llama32_3b,down,6,68,0.018849768309204953,0.0011037035178088034,0.2267070555995278,0.19901648003936218
llama32_3b,down,6,69,0.018604275800103574,0.0010893292856460352,0.22779638488517384,0.21560436581465667
llama32_3b,down,6,70,0.018520835165840018,0.0010844436170237895,0.22888082850219765,0.22505265672755945
llama32_3b,down,6,71,0.018422100357751384,0.0010786624342935813,0.2299594909364912,0.21017729864737741
llama32_3b,down,6,72,0.01801434229971947,0.0010547871274101041,0.23101427806390132,0.23383202411244491
llama32_3b,down,6,73,0.017755603882766213,0.0010396373124999581,0.23205391537640127,0.23094661673002054
llama32_3b,down,6,74,0.017538048662863473,0.0010268988821073117,0.23308081425850857,0.24253766771337476
llama32_3b,down,6,75,0.01739452748171237,0.001018495339426143,0.2340993095979347,0.2109223224502091
llama32_3b,down,6,76,0.01714229208085595,0.001003726293214302,0.235103035891149,0.23903176685509656
llama32_3b,down,6,77,0.017065921297553095,0.000999254582962669,0.2361022904741117,0.21319854747068498
llama32_3b,down,6,78,0.016675859883384835,0.0009764154611274817,0.2370787059352392,0.2205548394014628
llama32_3b,down,6,79,0.01654654076725892,0.0009688434867113082,0.23804754942195047,0.23204700038791107
llama32_3b,down,6,80,0.016515350607002304,0.0009670172207842391,0.2390145666427347,0.22340948110111156
llama32_3b,down,6,81,0.016303413533200868,0.000954607747624056,0.23996917439035878,0.2534563607402494
llama32_3b,down,6,82,0.015996205947419306,0.0009366199353834629,0.24090579432574227,0.22430943537186626
llama32_3b,down,6,83,0.015951333852534097,0.0009339925561942943,0.24183978688193652,0.22979101674017624
llama32_3b,down,6,84,0.015575166298045557,0.0009119669563904075,0.24275175383832692,0.22080503598380002
llama32_3b,down,6,85,0.015517969740033874,0.0009086179474663444,0.24366037178579328,0.2505888894455917
llama32_3b,down,6,86,0.015431061983623665,0.0009035292697223333,0.24456390105551565,0.26323282633050976
llama32_3b,down,6,87,0.015251626300579633,0.0008930228384841619,0.24545692389399978,0.2341041513977586
llama32_3b,down,6,88,0.015092470876555488,0.0008837038697577388,0.24634062776375748,0.24995690954068367
llama32_3b,down,6,89,0.01499583737717443,0.0008780457241797391,0.24721867348793725,0.256267128888841
llama32_3b,down,6,90,0.014732907213626936,0.0008626504714803359,0.2480813239594176,0.26847421302769464
llama32_3b,down,6,91,0.014640611942484073,0.0008572463405771591,0.24893857029999475,0.25099149468153875
llama32_3b,down,6,92,0.014503733987002653,0.0008492317762335992,0.24978780207622833,0.2537098330932974
llama32_3b,down,6,93,0.014285795608966279,0.0008364709109243514,0.2506242729871527,0.2788613654325355
llama32_3b,down,6,94,0.014178658791039253,0.000830197768417069,0.25145447075556976,0.24696899848252732
llama32_3b,down,6,95,0.013948434209526722,0.0008167175135760927,0.25227118826914585,0.27180309798538493
llama32_3b,down,6,96,0.013891685699435998,0.0008133947390363679,0.2530845830081822,0.253785049025454
llama32_3b,down,6,97,0.0138291306439431,0.0008097319759895392,0.25389431498417175,0.2219232633706938
llama32_3b,down,6,98,0.013544100806803721,0.0007930427292693247,0.2546873577134411,0.2527897282004136
llama32_3b,down,6,99,0.013505430437042944,0.000790778477399497,0.25547813619084053,0.2678142823683233
llama32_3b,down,6,100,0.013452338825642557,0.0007876698238973672,0.256265806014738,0.26738107303313025
llama32_3b,down,6,101,0.013337897326174797,0.0007809689730713015,0.25704677498780926,0.26587812533848043
llama32_3b,down,6,102,0.013066967647120854,0.0007651053276966991,0.25781188031550595,0.2831112837082891
llama32_3b,down,6,103,0.012855806031821286,0.0007527412596716024,0.25856462157517757,0.26801162149675045
llama32_3b,down,6,104,0.01280882411400053,0.0007499903447997814,0.25931461191997734,0.2788949418062429
llama32_3b,down,6,105,0.012673074486037588,0.0007420418470004334,0.2600566537669778,0.28208645071967775
llama32_3b,down,6,106,0.01247978223406849,0.0007307240772027378,0.26078737784418055,0.27093635837458635
llama32_3b,down,6,107,0.01241782579999368,0.0007270963650145798,0.2615144742091951,0.27760747216877935
llama32_3b,down,6,108,0.01235840792998018,0.0007236172924297682,0.26223809150162486,0.2662958840248883
llama32_3b,down,6,109,0.012196530555966437,0.0007141389463715107,0.2629522304479963,0.2760961230526155
llama32_3b,down,6,110,0.012177426236214935,0.0007130203381971714,0.2636652507861935,0.2720929138471591
llama32_3b,down,6,111,0.012030760945754464,0.0007044326996455282,0.26436968348583906,0.27018181820855247
llama32_3b,down,6,112,0.011901412210076163,0.0006968589909266499,0.2650665424767657,0.29680041755034015
llama32_3b,down,6,113,0.011750893656972948,0.0006880457337114732,0.2657545882104772,0.28921987346830635
llama32_3b,down,6,114,0.01167261655949498,0.0006834624037504304,0.26643805061422765,0.2634127978160928
llama32_3b,down,6,115,0.01155431933582837,0.0006765357901302463,0.26711458640435787,0.3037958090823779
llama32_3b,down,6,116,0.011448484763339558,0.000670338897518858,0.2677849253018767,0.28122396207959294
llama32_3b,down,6,117,0.011333948196884047,0.000663632480270591,0.2684485577821473,0.2855522888480144
llama32_3b,down,6,118,0.011285567510019145,0.0006607996637918482,0.26910935744593917,0.311524796061614
llama32_3b,down,6,119,0.01109999319657682,0.0006499337995965187,0.2697592912455357,0.30427376829088576
llama32_3b,down,6,120,0.01093838610146826,0.0006404712790791139,0.2703997625246148,0.2634435257880365
llama32_3b,down,6,121,0.010792413498102978,0.0006319241991789702,0.2710316867237938,0.2924070619673803
llama32_3b,down,6,122,0.010716427323920433,0.0006274750088030252,0.2716591617325968,0.2992171580752342
llama32_3b,down,6,123,0.010434683834062604,0.0006109781863607057,0.27227013991895754,0.30883048244684314
llama32_3b,down,6,124,0.010411402274313426,0.0006096149897964968,0.272879754908754,0.2958940042739565
llama32_3b,down,6,125,0.01029436788617671,0.0006027623185184092,0.2734825172272724,0.29751353500208233
llama32_3b,down,6,126,0.01022314767829245,0.0005985921880058475,0.27408110941527825,0.3141060564342589
llama32_3b,down,6,127,0.010162860461997634,0.0005950622129094961,0.27467617162818775,0.299256465192125
llama32_3b,down,6,128,0.010116611762034605,0.0005923542298719352,0.2752685258580597,0.31687402090882677
llama32_3b,down,7,1,0.9135032931437318,0.05197485091668642,0.05197485091668642,0.00021839016853305833
llama32_3b,down,7,2,0.17910072553426548,0.010190147729712861,0.062164998646399273,0.006119397020153156
llama32_3b,down,7,3,0.15114606010416198,0.008599633958103644,0.07076463260450293,0.00735113204595188
llama32_3b,down,7,4,0.123294177333223,0.007014968127522107,0.07777960073202503,0.012632880966593377
llama32_3b,down,7,5,0.09918072375698699,0.005643004650085457,0.08342260538211048,0.01713919875333117
llama32_3b,down,7,6,0.09530564692267449,0.005422527567774154,0.08884513294988462,0.022542423836776383
llama32_3b,down,7,7,0.08589728613967092,0.004887227747032216,0.09373236069691686,0.02335923163270455
llama32_3b,down,7,8,0.08041278960289545,0.004575180826138263,0.09830754152305511,0.0316029153633502
llama32_3b,down,7,9,0.07670951317169812,0.004364478531073328,0.10267202005412844,0.03288255953141163
llama32_3b,down,7,10,0.07609277449522946,0.004329388454217996,0.10700140850834643,0.033966775680683056
llama32_3b,down,7,11,0.07112208992601998,0.004046575473271372,0.11104798398161782,0.043506198014370175
llama32_3b,down,7,12,0.06721144962313583,0.003824074965329351,0.11487205894694717,0.03416856890308425
llama32_3b,down,7,13,0.062353273218888124,0.0035476632695720495,0.11841972221651921,0.047303848371395577
llama32_3b,down,7,14,0.05784412426146187,0.003291109903445884,0.12171083211996511,0.04895602891487757
llama32_3b,down,7,15,0.05564026898352692,0.003165718949332926,0.12487655106929804,0.06507142762248914
llama32_3b,down,7,16,0.0535136376510892,0.00304472174298699,0.12792127281228502,0.05430923159615807
llama32_3b,down,7,17,0.05050138833227855,0.0028733362532529752,0.130794609065538,0.06413878292253483
llama32_3b,down,7,18,0.048468643236987186,0.0027576808154758385,0.1335522898810138,0.05955552009975159
llama32_3b,down,7,19,0.048149193003897854,0.002739505316422102,0.13629179519743592,0.07758328918245112
llama32_3b,down,7,20,0.04599342552750307,0.0026168503746855864,0.13890864557212151,0.0795173403520825
llama32_3b,down,7,21,0.04377717530305295,0.002490754195422285,0.14139939976754382,0.08350949509103828
llama32_3b,down,7,22,0.043220050465252555,0.0024590559184658792,0.14385845568600966,0.07963191220610863
llama32_3b,down,7,23,0.042230539838050994,0.0024027565403297725,0.14626121222633948,0.08652978465077701
llama32_3b,down,7,24,0.041191949010119765,0.0023436646860909172,0.1486048769124304,0.08881391302951677
llama32_3b,down,7,25,0.04036255260896919,0.002296475196327518,0.1509013521087579,0.08115305377866143
llama32_3b,down,7,26,0.039141777686846665,0.0022270177624503047,0.1531283698712082,0.09036346189682475
llama32_3b,down,7,27,0.0380483739841058,0.0021648072648327906,0.155293177136041,0.09933634236765071
llama32_3b,down,7,28,0.03779753728396109,0.002150535613934206,0.1574437127499752,0.1054169623021604
llama32_3b,down,7,29,0.03664867816049795,0.002085169914527935,0.15952888266450313,0.12812349637260487
llama32_3b,down,7,30,0.03611482050906108,0.0020547954516744135,0.16158367811617755,0.10226879661524027
llama32_3b,down,7,31,0.03376847163749102,0.0019212971559225652,0.1635049752721001,0.12700079906265674
llama32_3b,down,7,32,0.03342685296249032,0.0019018603571318204,0.16540683562923192,0.1061563128998415
llama32_3b,down,7,33,0.033149150334338975,0.001886060137465763,0.16729289576669767,0.1153438363061848
llama32_3b,down,7,34,0.032806939120370665,0.0018665896254692366,0.1691594853921669,0.11359911928123842
llama32_3b,down,7,35,0.031784810405575604,0.0018084344026387715,0.17096791979480566,0.14858291129350906
llama32_3b,down,7,36,0.03142857701237797,0.0017881660821609392,0.17275608587696664,0.12120022264980655
llama32_3b,down,7,37,0.030450673320989885,0.0017325270943737588,0.17448861297134038,0.12296387681257827
llama32_3b,down,7,38,0.029315567531325613,0.0016679439071698727,0.17615655687851026,0.12720855904901252
llama32_3b,down,7,39,0.029089999968070192,0.0016551099737184734,0.17781166685222874,0.1390968999509416
llama32_3b,down,7,40,0.02848933784605681,0.0016209345914541054,0.17943260144368284,0.1497399039349193
llama32_3b,down,7,41,0.028040000220629538,0.0015953689955026458,0.18102797043918548,0.12922021114124144
llama32_3b,down,7,42,0.027756728021742446,0.0015792518885184654,0.18260722232770393,0.15432547074133376
llama32_3b,down,7,43,0.027263395006204685,0.001551183122781876,0.1841584054504858,0.1367465010361785
llama32_3b,down,7,44,0.026863394454099673,0.001528424618003307,0.18568683006848913,0.1369761200425533
llama32_3b,down,7,45,0.02635445728750134,0.0014994680356259435,0.18718629810411508,0.1620671785284588
llama32_3b,down,7,46,0.02591804286449893,0.0014746377205699548,0.18866093582468502,0.16416234312453365
llama32_3b,down,7,47,0.02573897141659002,0.0014644492386253843,0.19012538506331042,0.1547326715930982
llama32_3b,down,7,48,0.02491595992284081,0.0014176230257245796,0.191543008089035,0.1649058151408684
llama32_3b,down,7,49,0.02415380112368047,0.0013742590988963853,0.19291726718793137,0.1799347519382408
llama32_3b,down,7,50,0.024100149641704243,0.0013712065343373925,0.1942884737222688,0.18845309533321658
llama32_3b,down,7,51,0.023723058350112448,0.0013497514790468796,0.19563822520131566,0.16319736809972635
llama32_3b,down,7,52,0.023199785160868364,0.0013199792316956256,0.1969582044330113,0.16357867063315165
llama32_3b,down,7,53,0.023022951318263887,0.0013099180609528658,0.19826812249396414,0.16837531803338804
llama32_3b,down,7,54,0.02242511182122325,0.0012759032752766581,0.19954402576924082,0.17356338518566403
llama32_3b,down,7,55,0.02211655166610498,0.0012583473800965644,0.2008023731493374,0.1699945943540932
llama32_3b,down,7,56,0.022014594075601336,0.001252546382326743,0.20205491953166413,0.19954773631282446
llama32_3b,down,7,57,0.02172338095211414,0.0012359774670400324,0.20329089699870415,0.1829841393647361
llama32_3b,down,7,58,0.021413606098593645,0.001218352460156852,0.20450924945886098,0.1927255226517129
llama32_3b,down,7,59,0.021176798603846445,0.0012048790175017273,0.20571412847636272,0.18254522120077948
llama32_3b,down,7,60,0.021010162622590284,0.0011953980661486795,0.2069095265425114,0.16933330521131643
llama32_3b,down,7,61,0.02060958807097301,0.0011726069029885807,0.2080821334455,0.20831207204397423
llama32_3b,down,7,62,0.020465481224670307,0.0011644077734300207,0.20924654121893005,0.1898575490945167
llama32_3b,down,7,63,0.02018421920667925,0.0011484050380667979,0.21039494625699684,0.19318856166422474
llama32_3b,down,7,64,0.020132905743149555,0.0011454854978341662,0.21154043175483095,0.2199929320669743
llama32_3b,down,7,65,0.019718080691091284,0.0011218835355872245,0.21266231529041818,0.19772833902714892
llama32_3b,down,7,66,0.019411189314256862,0.0011044225875224472,0.21376673787794062,0.21885594038085388
llama32_3b,down,7,67,0.018957975807019124,0.0010786364686886053,0.21484537434662923,0.22856520721368215
llama32_3b,down,7,68,0.0188418837391252,0.0010720312731007148,0.21591740561972997,0.24823068644043625
llama32_3b,down,7,69,0.018738991083910556,0.0010661770737175915,0.21698358269344759,0.21335671524119737
llama32_3b,down,7,70,0.018574217182259677,0.0010568020675872985,0.21804038476103482,0.23610838735919856
llama32_3b,down,7,71,0.01837260174176825,0.0010453309185058522,0.21908571567954072,0.229563825432011
llama32_3b,down,7,72,0.018231571033638726,0.0010373068094690025,0.2201230224890097,0.19482660311357083
llama32_3b,down,7,73,0.017781051008903682,0.0010116739395096585,0.22113469642851935,0.2188911495816034
llama32_3b,down,7,74,0.0176077359323913,0.001001812973127868,0.2221365094016472,0.20980311980349686
llama32_3b,down,7,75,0.01741839053069553,0.0009910399424242456,0.22312754934407147,0.22178814807802794
llama32_3b,down,7,76,0.017326900452942964,0.0009858345061798054,0.22411338385025129,0.22844688668355054
llama32_3b,down,7,77,0.017009747853536997,0.0009677897337135379,0.2250811735839648,0.2432296699193487
llama32_3b,down,7,78,0.016783916390700537,0.0009549407853831728,0.226036114369348,0.24527773012008378
llama32_3b,down,7,79,0.016656576893185816,0.0009476956539766327,0.2269838100233246,0.22614429286280463
llama32_3b,down,7,80,0.01647768808989205,0.000937517563813585,0.2279213275871382,0.2305345217162269
llama32_3b,down,7,81,0.01633504774590574,0.0009294018726397964,0.228850729459778,0.23783905055594967
llama32_3b,down,7,82,0.016142558951556595,0.0009184499948912229,0.2297691794546692,0.24288532548838168
llama32_3b,down,7,83,0.01591952946818942,0.0009057604684986665,0.2306749399231679,0.2293390547689802
llama32_3b,down,7,84,0.015700149358661517,0.0008932785775494185,0.23156821850071735,0.26858497494703937
llama32_3b,down,7,85,0.01548159308566434,0.0008808435597545263,0.2324490620604719,0.2570370816602447
llama32_3b,down,7,86,0.015277114478862546,0.0008692095074375384,0.2333182715679094,0.2764016411483538
llama32_3b,down,7,87,0.015204111230355912,0.0008650559012206322,0.23418332746913004,0.25281948179090663
llama32_3b,down,7,88,0.015145833340549763,0.0008617401117131967,0.23504506758084326,0.25403126760645744
llama32_3b,down,7,89,0.0147887429476934,0.0008414230312255949,0.23588649061206887,0.2521040629368492
llama32_3b,down,7,90,0.014733554535801727,0.0008382830212202374,0.23672477363328912,0.24035708484819593
llama32_3b,down,7,91,0.014635983962895349,0.0008327316280082736,0.23755750526129737,0.2331198659031903
llama32_3b,down,7,92,0.014484506949964745,0.0008241131640974551,0.23838161842539476,0.24849031677846317
llama32_3b,down,7,93,0.0143385187518236,0.0008158069927996272,0.23919742541819441,0.2796697856049318
llama32_3b,down,7,94,0.01405940279116286,0.0007999263599078888,0.2399973517781023,0.25503954343142554
llama32_3b,down,7,95,0.013917090581239935,0.0007918293383099553,0.24078918111641223,0.2597045654817836
llama32_3b,down,7,96,0.01368117553513062,0.0007784066725762199,0.24156758778898849,0.2555027305317526
llama32_3b,down,7,97,0.013657957287841596,0.0007770856429198945,0.2423446734319084,0.26345392633833564
llama32_3b,down,7,98,0.01347314260803091,0.000766570392999647,0.24311124382490798,0.239629802713646
llama32_3b,down,7,99,0.01340901852918627,0.0007629219776484002,0.24387416580255641,0.2608155754799391
llama32_3b,down,7,100,0.013276465656358484,0.0007553802250838381,0.24462954602764028,0.2731574953797212
llama32_3b,down,7,101,0.013014598144622719,0.000740480963105755,0.24537002699074603,0.2578085709518672
llama32_3b,down,7,102,0.012867630732041457,0.0007321190782435399,0.24610214606898953,0.2821152273734929
llama32_3b,down,7,103,0.01273977790956184,0.0007248447406056458,0.24682699080959522,0.26980573002773156
llama32_3b,down,7,104,0.012638525269135604,0.0007190838518047267,0.24754607466139994,0.2697676661821553
llama32_3b,down,7,105,0.012580047419873643,0.000715756685367418,0.24826183134676733,0.2844746234808673
llama32_3b,down,7,106,0.012487374800312439,0.0007104839670073381,0.24897231531377467,0.26537640779463756
llama32_3b,down,7,107,0.012374625555120585,0.0007040689652730274,0.24967638427904768,0.2573935614485062
llama32_3b,down,7,108,0.012207494351080843,0.0006945598376336537,0.25037094411668137,0.2741827173785805
llama32_3b,down,7,109,0.012174795140208607,0.0006926993773343494,0.2510636434940157,0.28241125126027794
llama32_3b,down,7,110,0.012006051920395968,0.0006830985321498935,0.2517467420261656,0.30741121737215404
llama32_3b,down,7,111,0.011749787567314027,0.0006685180685142804,0.2524152600946799,0.2833563927099959
llama32_3b,down,7,112,0.01170269185069406,0.0006658385019834216,0.2530810985966633,0.2989695306540475
llama32_3b,down,7,113,0.01166262474727784,0.0006635588367185544,0.25374465743338187,0.2903067038730855
llama32_3b,down,7,114,0.011569022595090442,0.0006582332314996847,0.2544028906648816,0.28455536863852593
llama32_3b,down,7,115,0.011527452284592867,0.0006558680394890065,0.2550587587043705,0.2748907287364749
llama32_3b,down,7,116,0.011439720843271484,0.0006508764553123444,0.25570963515968287,0.30725095597906266
llama32_3b,down,7,117,0.011256713177308473,0.0006404640175834072,0.2563500991772663,0.30016457598685653
llama32_3b,down,7,118,0.011164681422488035,0.0006352277619811619,0.25698532693924747,0.3115665670363123
llama32_3b,down,7,119,0.010999918775404639,0.0006258533961928048,0.2576111803354402,0.2779169488284077
llama32_3b,down,7,120,0.010801028052694258,0.0006145372731539822,0.25822571760859425,0.30869530919920596
llama32_3b,down,7,121,0.010712009776844418,0.0006094724730039648,0.2588351900815982,0.30743209933122245
llama32_3b,down,7,122,0.01064655089146999,0.000605748112255576,0.2594409381938538,0.31977809483338715
llama32_3b,down,7,123,0.010633628851395323,0.000605012897493395,0.26004595109134715,0.29665187894672
llama32_3b,down,7,124,0.010560929144380284,0.0006008765616288685,0.2606468276529761,0.28557819384324556
llama32_3b,down,7,125,0.010446225041844906,0.000594350335972591,0.26124117798894864,0.3125809544662957
llama32_3b,down,7,126,0.010255115317758726,0.0005834769220586409,0.2618246549110073,0.30588058049129085
llama32_3b,down,7,127,0.01009796454434945,0.0005745356428309765,0.26239919055383826,0.3159622642431631
llama32_3b,down,7,128,0.010044731856192897,0.0005715069060419609,0.2629706974598802,0.3053791818481474
llama32_3b,down,8,1,0.8920136914538046,0.04835523069175263,0.04835523069175263,0.0002952329768723553
llama32_3b,down,8,2,0.1791091086343666,0.009709337816209413,0.058064568507962044,0.007031092891008595
llama32_3b,down,8,3,0.17044573174142807,0.009239704230714905,0.06730427273867695,0.008728834150821659
llama32_3b,down,8,4,0.14364515240279155,0.007786869807870732,0.07509114254654768,0.010432511746724316
llama32_3b,down,8,5,0.11318111844262382,0.006135442925011518,0.0812265854715592,0.017840567462308922
llama32_3b,down,8,6,0.10136443508905559,0.005494871535751877,0.08672145700731107,0.020373940780830636
llama32_3b,down,8,7,0.0991822854761486,0.005376579239403755,0.09209803624671482,0.0207221530754419
llama32_3b,down,8,8,0.09042549881861753,0.004901881997645885,0.09699991824436072,0.025792656119028652
llama32_3b,down,8,9,0.08785667747373961,0.0047626285871572825,0.101762546831518,0.028398363978729205
llama32_3b,down,8,10,0.08179185860760149,0.0044338604099583,0.1061964072414763,0.028019019960291415
llama32_3b,down,8,11,0.0715978761359782,0.0038812541228511544,0.11007766136432745,0.04173666334675844
llama32_3b,down,8,12,0.07046516232198571,0.0038198507628936706,0.11389751212722114,0.045479693779744944
llama32_3b,down,8,13,0.06619921040926789,0.0035885974863624588,0.1174861096135836,0.04726026382416532
llama32_3b,down,8,14,0.06471870761561542,0.0035083408100213456,0.12099445042360496,0.041504723204655036
llama32_3b,down,8,15,0.06180192496906263,0.003350224741733323,0.12434467516533827,0.04757816094105038
llama32_3b,down,8,16,0.05692682703576565,0.003085950227263418,0.1274306253926017,0.05176532860343576
llama32_3b,down,8,17,0.05422118855220442,0.0029392800872257044,0.13036990547982738,0.06828624556789563
llama32_3b,down,8,18,0.05384148210019863,0.0029186965544192043,0.13328860203424658,0.0630195821114452
llama32_3b,down,8,19,0.04960640914003689,0.0026891171971211553,0.13597771923136776,0.0770473473413773
llama32_3b,down,8,20,0.04886984764765485,0.002649188885230844,0.13862690811659859,0.07343959547106095
llama32_3b,down,8,21,0.047133149886608904,0.0025550441185284867,0.14118195223512708,0.08037231331524768
llama32_3b,down,8,22,0.04442494933241784,0.002408235091030255,0.14359018732615733,0.08963236847079485
llama32_3b,down,8,23,0.04396160837586584,0.0023831178096951513,0.1459733051358525,0.08506205638315563
llama32_3b,down,8,24,0.0429397474719099,0.002327723682655307,0.14830102881850776,0.0991327864693292
llama32_3b,down,8,25,0.04166602542431196,0.00225867639779986,0.15055970521630765,0.10262237147869979
llama32_3b,down,8,26,0.04088902420409497,0.002216555885960932,0.15277626110226855,0.09945502564400102
llama32_3b,down,8,27,0.04029611153090585,0.0021844146426517664,0.15496067574492034,0.10305793389886043
llama32_3b,down,8,28,0.03944638048472192,0.0021383515147448376,0.15709902725966515,0.10907588330621168
llama32_3b,down,8,29,0.03796091625374908,0.002057825883511566,0.15915685314317674,0.10427513614253901
llama32_3b,down,8,30,0.03729711206899878,0.0020218416774446866,0.16117869482062142,0.1180747811514666
llama32_3b,down,8,31,0.03652542946263822,0.0019800094827049823,0.16315870430332638,0.11466552439315815
llama32_3b,down,8,32,0.03597957400294631,0.0019504191670734628,0.16510912347039985,0.11602171729044032
llama32_3b,down,8,33,0.03437253259857085,0.0018633029506024763,0.16697242642100232,0.12187734122908188
llama32_3b,down,8,34,0.03394041739088358,0.0018398783880051491,0.16881230480900744,0.12869501271876235
llama32_3b,down,8,35,0.0335579553563792,0.0018191454776401133,0.1706314502866476,0.10149861375469774
llama32_3b,down,8,36,0.0326173012795397,0.0017681534969984493,0.17239960378364608,0.12759484027628126
llama32_3b,down,8,37,0.03184361163140739,0.0017262125023952337,0.1741258162860413,0.13969020667742732
llama32_3b,down,8,38,0.03152161974414898,0.0017087576223430256,0.1758345739083843,0.13619574364599618
llama32_3b,down,8,39,0.031153702178533423,0.0016888131540783145,0.1775233870624626,0.12829744734368986
llama32_3b,down,8,40,0.0305674562890982,0.0016570333109017705,0.1791804203733644,0.16276956928693193
llama32_3b,down,8,41,0.02993392126477024,0.0016226899678049229,0.18080311034116933,0.13309159919655134
llama32_3b,down,8,42,0.02947034463255111,0.0015975599107115978,0.18240067025188092,0.13096886253024756
llama32_3b,down,8,43,0.02928454335174962,0.0015874877964805524,0.18398815804836147,0.14556035417485516
llama32_3b,down,8,44,0.028872186798724758,0.001565134332133749,0.1855532923804952,0.15766141377398232
llama32_3b,down,8,45,0.027712448534409607,0.0015022660019160664,0.18705555838241128,0.1509880631941353
llama32_3b,down,8,46,0.02756519690885992,0.0014942836285608033,0.18854984201097208,0.16062527942332713
llama32_3b,down,8,47,0.027021494270765996,0.0014648100153812822,0.19001465202635337,0.17110792014080037
llama32_3b,down,8,48,0.026331917430937987,0.0014274286977075275,0.1914420807240609,0.16581132099727555
llama32_3b,down,8,49,0.02575570948795923,0.0013961930022511637,0.19283827372631207,0.18551311819860844
llama32_3b,down,8,50,0.025473336397724065,0.00138088582025353,0.19421915954656557,0.15892863293784754
llama32_3b,down,8,51,0.025209560173044536,0.0013665867570019443,0.19558574630356756,0.18716244847399896
llama32_3b,down,8,52,0.025037739959514072,0.0013572725433947175,0.19694301884696225,0.180971046023998
llama32_3b,down,8,53,0.024532365704972966,0.0013298766761584428,0.1982728955231207,0.17079397290925147
llama32_3b,down,8,54,0.02403490103712887,0.0013029095802438134,0.1995758051033645,0.18156034878564312
llama32_3b,down,8,55,0.023682399956872772,0.0012838008252794191,0.20085960592864394,0.19172400983362098
llama32_3b,down,8,56,0.023314941744142233,0.0012638812581064027,0.20212348718675036,0.20746273745919575
llama32_3b,down,8,57,0.02316750758696071,0.001255888989881531,0.20337937617663185,0.188648903307235
llama32_3b,down,8,58,0.022690960707995898,0.0012300558278027947,0.20460943200443468,0.18721108287796137
llama32_3b,down,8,59,0.022620243773230395,0.0012262223286904363,0.2058356543331251,0.18390421100055418
llama32_3b,down,8,60,0.022335424074421406,0.001210782518322708,0.2070464368514478,0.1726164271280159
llama32_3b,down,8,61,0.02204691009790726,0.001195142444604334,0.2082415792960521,0.1935753261274923
llama32_3b,down,8,62,0.021586674087539698,0.0011701934795075042,0.2094117727755596,0.21136465643777405
llama32_3b,down,8,63,0.02150206430017428,0.001165606861806416,0.21057737963736606,0.21549205516677558
llama32_3b,down,8,64,0.02130913913226055,0.0011551485682957984,0.21173252820566185,0.1962797549892465
llama32_3b,down,8,65,0.020908033413077683,0.0011334050011637088,0.21286593320682556,0.1978178578716854
llama32_3b,down,8,66,0.020518227326493922,0.0011122739765814663,0.21397820718340702,0.22376131515326483
llama32_3b,down,8,67,0.020448267800641174,0.0011084815359002232,0.21508668871930722,0.2558479239427587
llama32_3b,down,8,68,0.020309094802648687,0.001100937097414059,0.21618762581672132,0.21057990676260394
llama32_3b,down,8,69,0.019547400887480557,0.0010596463803125866,0.2172472721970339,0.2035462597658283
llama32_3b,down,8,70,0.019493931634097416,0.0010567478619299328,0.21830402005896385,0.19092002447151063
llama32_3b,down,8,71,0.019296645908829863,0.0010460531866700114,0.21935007324563388,0.20931534525635262
llama32_3b,down,8,72,0.019112076716407078,0.0010360478628014412,0.22038612110843528,0.2193077157248894
llama32_3b,down,8,73,0.01884138002310709,0.001021373647397099,0.22140749475583238,0.21155841263729996
llama32_3b,down,8,74,0.01859629856214987,0.0010080880098599179,0.2224155827656923,0.2234712352470717
llama32_3b,down,8,75,0.018287917778836572,0.0009913709750645051,0.2234069537407568,0.21024725223931456
llama32_3b,down,8,76,0.01820601297418203,0.0009869309919546287,0.22439388473271143,0.2369595553934723
llama32_3b,down,8,77,0.017707819860078113,0.0009599244076473012,0.22535380914035874,0.22649440136963586
llama32_3b,down,8,78,0.017571581298863055,0.000952539042243403,0.22630634818260217,0.22815962982384358
llama32_3b,down,8,79,0.017471796757029055,0.0009471298152482545,0.22725347799785042,0.23659717164565308
llama32_3b,down,8,80,0.017255351585982574,0.000935396524292809,0.2281888745221432,0.24731574760354638
llama32_3b,down,8,81,0.017160926753288685,0.0009302778421339045,0.2291191523642771,0.2272832929952207
llama32_3b,down,8,82,0.01703380722544353,0.0009233868110283607,0.23004253917530548,0.22476342066993119
llama32_3b,down,8,83,0.016852830811413557,0.0009135762483273299,0.23095611542363279,0.241032492943934
llama32_3b,down,8,84,0.016627146729693957,0.0009013421246366704,0.23185745754826947,0.22371580359405188
llama32_3b,down,8,85,0.016290959751329267,0.000883117741928045,0.23274057529019754,0.24074617860617825
llama32_3b,down,8,86,0.016073697631665003,0.000871340164949577,0.2336119154551471,0.2673498556515192
llama32_3b,down,8,87,0.01602531737236855,0.0008687175161924777,0.23448063297133956,0.2530279101012656
llama32_3b,down,8,88,0.015785142320410547,0.0008556978505134624,0.23533633082185304,0.24515049873888578
llama32_3b,down,8,89,0.01564072100771318,0.0008478689057795478,0.2361841997276326,0.24644097473694263
llama32_3b,down,8,90,0.015491639748864148,0.0008397873497086844,0.2370239870773413,0.28046568023028345
llama32_3b,down,8,91,0.015347557689851412,0.0008319767956007664,0.23785596387294206,0.23878644835387777
llama32_3b,down,8,92,0.015210469887130184,0.0008245453936064689,0.2386805092665485,0.2742914804135022
llama32_3b,down,8,93,0.015160005134751806,0.0008218097464225321,0.23950231901297103,0.25883850893265986
llama32_3b,down,8,94,0.014808909080854128,0.0008027771566272829,0.24030509616959833,0.2784194798825964
llama32_3b,down,8,95,0.0147525525877269,0.0007997221236695445,0.24110481829326785,0.25842948326772663
llama32_3b,down,8,96,0.014705560729798292,0.000797174738856349,0.24190199303212423,0.2702326343714597
llama32_3b,down,8,97,0.014459981975239802,0.0007838621434966129,0.24268585517562083,0.2779115968662017
llama32_3b,down,8,98,0.014369082534423063,0.0007789345695450506,0.2434647897451659,0.28353439586860224
llama32_3b,down,8,99,0.014286910380465185,0.0007744800936786595,0.24423926983884456,0.27404537560942177
llama32_3b,down,8,100,0.014082364221927482,0.0007633918370992315,0.24500266167594373,0.2648413903714432
llama32_3b,down,8,101,0.013973216875733652,0.0007574750612076043,0.2457601367371514,0.25305445017363654
llama32_3b,down,8,102,0.013874402582147765,0.000752118430465535,0.2465122551676169,0.26085675804734226
llama32_3b,down,8,103,0.013798161485397305,0.0007479854716815143,0.24726024063929838,0.28300532183113825
llama32_3b,down,8,104,0.013624092028952685,0.0007385493287126219,0.24799878996801106,0.3031176909545621
llama32_3b,down,8,105,0.013519876338354534,0.0007328998932736202,0.24873168986128466,0.28199077480198914
llama32_3b,down,8,106,0.013430624142379775,0.0007280616149294043,0.24945975147621408,0.2648677039920483
llama32_3b,down,8,107,0.01332486742891652,0.0007223286420774039,0.25018208011829146,0.2865558664306465
llama32_3b,down,8,108,0.013025555658334806,0.0007061032300081708,0.25088818334829965,0.2878972477681242
llama32_3b,down,8,109,0.012811429156837662,0.0006944956319675656,0.2515826789802672,0.27262928000323144
llama32_3b,down,8,110,0.01278696993856222,0.000693169720545375,0.2522758487008126,0.2793126424333866
llama32_3b,down,8,111,0.01274972638499827,0.0006911507822245627,0.25296699948303714,0.2756252557269929
llama32_3b,down,8,112,0.012542147012558498,0.0006798980979470206,0.25364689758098413,0.27459447103948087
llama32_3b,down,8,113,0.012494365241019545,0.000677307892653354,0.25432420547363754,0.29617304846293646
llama32_3b,down,8,114,0.012261526345904728,0.000664685913198151,0.25498889138683567,0.25852850393164906
llama32_3b,down,8,115,0.01222455448502788,0.0006626817030846384,0.2556515730899203,0.3023592304289372
llama32_3b,down,8,116,0.011992585432583799,0.0006501068769897615,0.25630167996691006,0.2803746311746749
llama32_3b,down,8,117,0.011944622265776425,0.0006475068384276879,0.25694918680533774,0.29796770538093653
llama32_3b,down,8,118,0.011863349266565057,0.0006431011049019263,0.2575922879102397,0.2804678056493521
llama32_3b,down,8,119,0.011714606162890306,0.0006350378799078373,0.2582273257901475,0.28432718776465216
llama32_3b,down,8,120,0.01156664205090924,0.0006270168833272986,0.2588543426734748,0.29818477492305295
llama32_3b,down,8,121,0.011425609939451895,0.0006193716640332423,0.259473714337508,0.307469237325994
llama32_3b,down,8,122,0.011315164834544865,0.0006133845378515241,0.2600870988753596,0.29103227697133743
llama32_3b,down,8,123,0.011207132470572144,0.0006075282041067333,0.2606946270794663,0.29948335579372193
llama32_3b,down,8,124,0.01115774693622218,0.0006048510603260857,0.2612994781397924,0.31819934400308575
llama32_3b,down,8,125,0.010995048496177278,0.000596031329556329,0.2618955094693487,0.30330104087221205
llama32_3b,down,8,126,0.010930898705929294,0.0005925538292264705,0.26248806329857516,0.29103419368332056
llama32_3b,down,8,127,0.010758959491647986,0.0005832331646994711,0.26307129646327465,0.303453790036369
llama32_3b,down,8,128,0.010669879000214726,0.0005784041942983895,0.26364970065757304,0.2905725789855882
llama32_3b,down,9,1,1.057188929393431,0.05578145371665661,0.05578145371665661,0.0002398817644717717
llama32_3b,down,9,2,0.1892686537669689,0.00998655997672395,0.06576801369338058,0.00668700403872953
llama32_3b,down,9,3,0.16882326867783265,0.008907780895369753,0.07467579458875032,0.008355535757621152
llama32_3b,down,9,4,0.14440011406843928,0.007619119019918325,0.08229491360866864,0.01217027276960308
llama32_3b,down,9,5,0.12176508333291183,0.00642480560606773,0.08871971921473636,0.0181699787888725
llama32_3b,down,9,6,0.11355038119798654,0.005991365551792505,0.09471108476652887,0.017349925163049545
llama32_3b,down,9,7,0.10527193704021325,0.005554562217219461,0.10026564698374835,0.021316084437432287
llama32_3b,down,9,8,0.09548969305195822,0.00503841247793968,0.10530405946168801,0.021603280248725425
llama32_3b,down,9,9,0.09351326689087654,0.004934128445669287,0.11023818790735732,0.025382352710270523
llama32_3b,down,9,10,0.08894829178734719,0.004693262371143408,0.11493145027850071,0.029361386422506214
llama32_3b,down,9,11,0.07766873159554749,0.004098108328862509,0.11902955860736321,0.037701030462668705
llama32_3b,down,9,12,0.0751324507331764,0.003964284156471706,0.12299384276383493,0.03885696417481624
llama32_3b,down,9,13,0.07021863759049497,0.003705012012420737,0.12669885477625567,0.041732018466372624
llama32_3b,down,9,14,0.06647881411228057,0.0035076841891165567,0.1302065389653722,0.0422966296477734
llama32_3b,down,9,15,0.06397791139493082,0.0033757267070629493,0.13358226567243517,0.05152031893021925
llama32_3b,down,9,16,0.06290623254763197,0.003319180708180782,0.13690144638061594,0.05384744565884019
llama32_3b,down,9,17,0.060219129439837295,0.003177398559813665,0.1400788449404296,0.05515532745368908
llama32_3b,down,9,18,0.05728343518447926,0.003022499762939708,0.14310134470336933,0.06730061191069589
llama32_3b,down,9,19,0.05603915601443013,0.00295684669090601,0.14605819139427534,0.06378630599531974
llama32_3b,down,9,20,0.053107402510110105,0.0028021558235851573,0.1488603472178605,0.06614330886018477
llama32_3b,down,9,21,0.05141342313054136,0.0027127747964752723,0.1515731220143358,0.07426550292771336
llama32_3b,down,9,22,0.04976232179681595,0.002625656184022948,0.15419877819835873,0.07729761544673462
llama32_3b,down,9,23,0.049012670392031894,0.0025861016219414276,0.15678487982030015,0.08377161514564639
llama32_3b,down,9,24,0.04611129848078829,0.0024330138071884857,0.15921789362748864,0.08735190582686889
llama32_3b,down,9,25,0.045473482113637026,0.00239936010237303,0.16161725372986166,0.10028822487033487
llama32_3b,down,9,26,0.044348726904099474,0.0023400135854743094,0.16395726731533597,0.10044684853130956
llama32_3b,down,9,27,0.042627547061762056,0.0022491973547666406,0.1662064646701026,0.09752229628142636
llama32_3b,down,9,28,0.04171078533532941,0.0022008253936247986,0.1684072900637274,0.11386030711012182
llama32_3b,down,9,29,0.040859638308506877,0.002155915522585937,0.17056320558631335,0.12281864070863892
llama32_3b,down,9,30,0.04039046351579438,0.0021311600117618406,0.1726943655980752,0.11166712831791188
llama32_3b,down,9,31,0.038626531673149764,0.002038088017055774,0.17473245361513096,0.10950988305231496
llama32_3b,down,9,32,0.03762434989883805,0.0019852089575942635,0.17671766257272523,0.12967605688520853
llama32_3b,down,9,33,0.03675283681766844,0.001939224493276598,0.17865688706600183,0.10632891580847588
llama32_3b,down,9,34,0.03646445157255965,0.0019240081513765437,0.18058089521737836,0.11981204996998833
llama32_3b,down,9,35,0.03619477445314507,0.001909778923906581,0.18249067414128495,0.10723128697352284
llama32_3b,down,9,36,0.03477122701360591,0.0018346669515766406,0.18432534109286158,0.1352843564672764
llama32_3b,down,9,37,0.034169078999091766,0.0018028952495957383,0.18612823634245734,0.13756171818727056
llama32_3b,down,9,38,0.03376528340925187,0.0017815894031387876,0.18790982574559612,0.12088108469536962
llama32_3b,down,9,39,0.033128252580934485,0.0017479771464475851,0.1896578028920437,0.13600612335199566
llama32_3b,down,9,40,0.03218978770744582,0.0016984600417468659,0.19135626293379057,0.14877268752694484
llama32_3b,down,9,41,0.03167909695888108,0.0016715139855003884,0.19302777691929096,0.13880334052768667
llama32_3b,down,9,42,0.03136367589056296,0.0016548711270344557,0.19468264804632543,0.13778667334422276
llama32_3b,down,9,43,0.03040602644312094,0.0016043417686160712,0.19628698981494147,0.14915990516593997
llama32_3b,down,9,44,0.02993622795498567,0.0015795533491638277,0.19786654316410532,0.15315179196948042
llama32_3b,down,9,45,0.02965440410712156,0.0015646832124372714,0.1994312263765426,0.17782654231317183
llama32_3b,down,9,46,0.02826071837581096,0.0014911468615020872,0.20092237323804468,0.17549559895079944
llama32_3b,down,9,47,0.027960625921112835,0.0014753128010924065,0.2023976860391371,0.15421883266292435
llama32_3b,down,9,48,0.02789419833028323,0.0014718078196455267,0.2038694938587826,0.1690686490933664
llama32_3b,down,9,49,0.027597410115565713,0.0014561481039574206,0.20532564196274003,0.18372031254804724
llama32_3b,down,9,50,0.02702423440200512,0.0014259050947387788,0.2067515470574788,0.16951142137611067
llama32_3b,down,9,51,0.026660959156038232,0.001406737261293024,0.2081582843187718,0.17770944589552098
llama32_3b,down,9,52,0.026203034020338113,0.00138257532670163,0.20954085964547345,0.16282432177370174
llama32_3b,down,9,53,0.02609918903506089,0.0013770960560822603,0.21091795570155572,0.20055486739516293
llama32_3b,down,9,54,0.025591453604466696,0.0013503059340571964,0.21226826163561288,0.17589072649621643
llama32_3b,down,9,55,0.025244873616274494,0.00133201900819849,0.21360028064381137,0.15232315484858094
llama32_3b,down,9,56,0.024866376111654136,0.0013120479884036042,0.21491232863221502,0.19443297283415323
llama32_3b,down,9,57,0.024609378003169508,0.001298487755511335,0.21621081638772638,0.1819374965409949
llama32_3b,down,9,58,0.024059341414685645,0.0012694656577103447,0.2174802820454367,0.1994521001002153
llama32_3b,down,9,59,0.023880295407880715,0.001260018484869184,0.21874030053030588,0.17498528375932962
llama32_3b,down,9,60,0.02360207058090078,0.0012453382466662446,0.2199856387769721,0.1950026508610702
llama32_3b,down,9,61,0.023132751077704638,0.0012205751003468064,0.2212062138773189,0.18409586768318778
llama32_3b,down,9,62,0.022785521304011395,0.0012022538892446169,0.2224084677665635,0.2175653878097239
llama32_3b,down,9,63,0.02253704290963503,0.0011891431900402211,0.22359761095660377,0.21166018267186568
llama32_3b,down,9,64,0.022112641009454426,0.0011667500734515255,0.22476436103005523,0.20839952914904267
llama32_3b,down,9,65,0.021869910864049755,0.0011539426745135735,0.2259183037045688,0.20866116371793098
llama32_3b,down,9,66,0.021667246851582087,0.0011432493226280374,0.22706155302719688,0.22823099025729118
llama32_3b,down,9,67,0.021570625531098904,0.0011381512010277032,0.22819970422822455,0.2061431004558862
llama32_3b,down,9,68,0.02129572283361577,0.0011236462514677057,0.2293233504796923,0.2168058096573169
llama32_3b,down,9,69,0.02103323466972298,0.001109796341618804,0.2304331468213111,0.2251977369766074
llama32_3b,down,9,70,0.02091384238869285,0.0011034967344121438,0.23153664355572326,0.2204345017443184
llama32_3b,down,9,71,0.020611074878929523,0.0010875215275562978,0.23262416508327954,0.19968160472162252
llama32_3b,down,9,72,0.020217551602268992,0.001066757688820244,0.23369092277209982,0.22711802182835103
llama32_3b,down,9,73,0.0200847121869147,0.0010597485578188585,0.23475067132991867,0.2192480571978205
llama32_3b,down,9,74,0.019925815290463014,0.00105136453143653,0.23580203586135517,0.23485603990056117
llama32_3b,down,9,75,0.019608413779472592,0.0010346171770113683,0.23683665303836654,0.21688454368431123
llama32_3b,down,9,76,0.019453435114611024,0.0010264398919673364,0.2378630929303339,0.2189355639975438
llama32_3b,down,9,77,0.01928612831481435,0.0010176121259457091,0.2388807050562796,0.22594345774749114
llama32_3b,down,9,78,0.01894122446122356,0.0009994136395533005,0.2398801186958329,0.2420527319925044
llama32_3b,down,9,79,0.01852220400017793,0.0009773044688986669,0.24085742316473155,0.2451998245599269
llama32_3b,down,9,80,0.018448561273806993,0.0009734187884697337,0.2418308419532013,0.24136164260013018
llama32_3b,down,9,81,0.018326028193236425,0.0009669534603031513,0.24279779541350444,0.2508122555209908
llama32_3b,down,9,82,0.01817456144332261,0.000958961477730294,0.24375675689123474,0.24839609361951673
llama32_3b,down,9,83,0.01787316221070705,0.0009430584665683943,0.24469981535780314,0.21716284642455735
llama32_3b,down,9,84,0.01767895044794778,0.0009328110886831544,0.24563262644648626,0.22575495323342887
llama32_3b,down,9,85,0.017438016655343527,0.0009200984723973939,0.2465527249188837,0.22762327157011772
llama32_3b,down,9,86,0.017416518115725935,0.0009189641247332139,0.24747168904361685,0.23167254767330234
llama32_3b,down,9,87,0.01726838581332626,0.000911148080750432,0.24838283712436732,0.23463176232938177
llama32_3b,down,9,88,0.01713066290452833,0.0009038812773917901,0.24928671840175912,0.23530765403117282
llama32_3b,down,9,89,0.01688740437531973,0.000891045998842272,0.2501777644006014,0.2607962870598965
llama32_3b,down,9,90,0.016790089139731908,0.0008859112635466782,0.25106367566414806,0.2598122122849355
llama32_3b,down,9,91,0.016743026870072456,0.0008834280727528474,0.25194710373690093,0.22706985741965346
llama32_3b,down,9,92,0.016394076911371347,0.000865016097911337,0.2528121198348123,0.2460744572916562
llama32_3b,down,9,93,0.016194569283618017,0.0008544892893209107,0.2536666091241332,0.25228605458398634
llama32_3b,down,9,94,0.01604919478563292,0.0008468187579660368,0.25451342788209913,0.25890021158838344
llama32_3b,down,9,95,0.015812903604578127,0.0008343511041596121,0.25534777898625877,0.2675286960996368
llama32_3b,down,9,96,0.01569849015169206,0.0008283141995446643,0.2561760931858034,0.2847797270264191
llama32_3b,down,9,97,0.015650006101523204,0.0008257559900087001,0.25700184917581215,0.24570091279499057
llama32_3b,down,9,98,0.015431329135623326,0.0008142177316018118,0.257816066907414,0.2530772091016593
llama32_3b,down,9,99,0.015282037228457444,0.0008063405023021982,0.2586224074097162,0.28028277822295256
llama32_3b,down,9,100,0.014928176614365,0.0007876694219320408,0.25941007683164824,0.269687700778991
llama32_3b,down,9,101,0.014809555809587349,0.0007814105208524263,0.26019148735250064,0.2991237158011006
llama32_3b,down,9,102,0.014691068195753413,0.0007751586474518346,0.2609666459999525,0.27630067532911456
llama32_3b,down,9,103,0.014389091972203377,0.0007592251919746269,0.2617258711919271,0.2742096324967746
llama32_3b,down,9,104,0.014265922957922707,0.0007527263094396334,0.2624785975013667,0.28399355856947106
llama32_3b,down,9,105,0.014168605530696186,0.0007475914585045457,0.26322618895987127,0.27087922129664577
llama32_3b,down,9,106,0.014022028917763505,0.0007398574988281614,0.2639660464586995,0.31472584958657773
llama32_3b,down,9,107,0.013973017718629722,0.0007372714748356027,0.2647033179335351,0.30175051125013885
llama32_3b,down,9,108,0.013750733917224083,0.0007255429055748696,0.2654288608391099,0.278139064181107
llama32_3b,down,9,109,0.013528560471929393,0.000713820159137403,0.2661426809982473,0.28088308149412133
llama32_3b,down,9,110,0.013457341162132553,0.0007100623477162751,0.26685274334596365,0.278333384404923
llama32_3b,down,9,111,0.013249433485946273,0.0006990923194705416,0.26755183566543417,0.2723365138935301
llama32_3b,down,9,112,0.013122127875235196,0.0006923751738078217,0.268244210839242,0.30442379632761185
llama32_3b,down,9,113,0.01308281080315893,0.0006903006501580564,0.2689345114894,0.28853698765272334
llama32_3b,down,9,114,0.012977674106808071,0.0006847532237725168,0.26961926471317255,0.2928321874850597
llama32_3b,down,9,115,0.012954927997814688,0.0006835530494320831,0.2703028177626046,0.28125606016071886
llama32_3b,down,9,116,0.012760310822223219,0.0006732842803683069,0.27097610204297295,0.27270139782868297
llama32_3b,down,9,117,0.012687971774993801,0.0006694673871879649,0.2716455694301609,0.27458911119390905
llama32_3b,down,9,118,0.012443332837496492,0.0006565592728577025,0.27230212870301856,0.2983708405328585
llama32_3b,down,9,119,0.012318569968195773,0.0006499762922513426,0.27295210499526995,0.2956867368129314
llama32_3b,down,9,120,0.012246166764334775,0.0006461560139143124,0.2735982610091843,0.2862743746212868
llama32_3b,down,9,121,0.012137129892180994,0.0006404027988849563,0.2742386638080692,0.28476144336050246
llama32_3b,down,9,122,0.012051830475227463,0.0006359020655282598,0.27487456587359743,0.2951373740617485
llama32_3b,down,9,123,0.01189936448715978,0.000627857359212955,0.2755024232328104,0.2988609750687329
llama32_3b,down,9,124,0.01178109094368759,0.0006216167810081829,0.27612404001381863,0.2881815722592896
llama32_3b,down,9,125,0.011656276009168383,0.0006150310532357351,0.27673907106705437,0.3057379029814771
llama32_3b,down,9,126,0.011603249685231918,0.0006122331754371816,0.27735130424249155,0.30646018018448157
llama32_3b,down,9,127,0.011496752098858821,0.0006066139431315473,0.2779579181856231,0.31217581109195913
llama32_3b,down,9,128,0.011417337435332147,0.0006024237125542382,0.2785603418981773,0.3093442176893479
llama32_3b,down,10,1,1.5345051635526672,0.07535195364865287,0.07535195364865287,0.00013109891735201053
llama32_3b,down,10,2,0.2442218980484524,0.011992528652772694,0.08734448230142557,0.005558406101544885
llama32_3b,down,10,3,0.18849145096381725,0.009255882230666342,0.0966003645320919,0.007733204631006587
llama32_3b,down,10,4,0.1693053133904671,0.008313745974978116,0.10491411050707002,0.008730719277819519
llama32_3b,down,10,5,0.14175564497504534,0.006960918114387235,0.11187502862145725,0.01211864370826464
llama32_3b,down,10,6,0.13278909994612845,0.006520615467348071,0.11839564408880532,0.015566521162529667
llama32_3b,down,10,7,0.1124558657340575,0.005522150973212411,0.12391779506201774,0.02132414473361426
llama32_3b,down,10,8,0.10169397958886318,0.00499368800987685,0.12891148307189457,0.021889028314915168
llama32_3b,down,10,9,0.09313864871300903,0.004573578054616914,0.1334850611265115,0.024210756659611837
llama32_3b,down,10,10,0.0858714563367519,0.004216722205514537,0.13770178333202604,0.030714436187182035
llama32_3b,down,10,11,0.08172623391416965,0.00401317084885007,0.1417149541808761,0.03907206533190786
llama32_3b,down,10,12,0.07823162935936051,0.0038415681154811564,0.14555652229635727,0.03830980103265924
llama32_3b,down,10,13,0.07366462365011645,0.0036173050691976497,0.1491738273655549,0.038847486074592784
llama32_3b,down,10,14,0.0700552877496788,0.0034400684473002473,0.15261389581285514,0.04903654338566577
llama32_3b,down,10,15,0.06470588278869828,0.0031773856461981293,0.15579128145905327,0.04907444908911605
llama32_3b,down,10,16,0.06337432532247306,0.00311199944948881,0.15890328090854208,0.05669352138906869
llama32_3b,down,10,17,0.061361648354936495,0.0030131668452267257,0.16191644775376882,0.05788619905381004
llama32_3b,down,10,18,0.059215354170686886,0.0029077729607815796,0.16482422071455038,0.0667013085161816
llama32_3b,down,10,19,0.05748959270939675,0.0028230293569616355,0.167647250071512,0.06547696340560945
llama32_3b,down,10,20,0.05491029083838151,0.0026963726081627886,0.17034362267967484,0.07360957011913859
llama32_3b,down,10,21,0.05412012210537919,0.0026575713325737525,0.17300119401224856,0.06739726542325178
llama32_3b,down,10,22,0.05284987096417623,0.0025951955860546118,0.17559638959830318,0.06826680688754815
llama32_3b,down,10,23,0.050591713506896056,0.002484308649930923,0.1780806982482341,0.08172267739054549
llama32_3b,down,10,24,0.04908453187639196,0.002410298419754237,0.18049099666798835,0.08109048545003887
llama32_3b,down,10,25,0.04775511136014667,0.002345017158081738,0.18283601382607007,0.07386469399139628
llama32_3b,down,10,26,0.047141351653487276,0.0023148784566514105,0.1851508922827215,0.09044580095909167
llama32_3b,down,10,27,0.0454210539289707,0.0022304031499020063,0.1873812954326235,0.10531881373260056
llama32_3b,down,10,28,0.04456502509355186,0.002188367810653585,0.1895696632432771,0.09594858690760276
llama32_3b,down,10,29,0.04347469930325904,0.002134827307588829,0.19170449055086594,0.09651585897562612
llama32_3b,down,10,30,0.04194166043180849,0.0020595473562879936,0.1937640379071539,0.1021625746489125
llama32_3b,down,10,31,0.04160055022691679,0.002042797122428517,0.1958068350295824,0.11460349423276428
llama32_3b,down,10,32,0.0400805661890451,0.0019681582293906903,0.19777499325897308,0.09872497341543549
llama32_3b,down,10,33,0.0393773914887684,0.0019336288001775078,0.1997086220591506,0.11317020184961601
llama32_3b,down,10,34,0.0385789655064259,0.0018944220519420938,0.2016030441110927,0.11369750824464064
llama32_3b,down,10,35,0.03769454056666089,0.001850992320553902,0.2034540364316466,0.12738463624001545
llama32_3b,down,10,36,0.037118377237521406,0.0018226997911427543,0.20527673622278936,0.14382022077689127
llama32_3b,down,10,37,0.03684536563902328,0.0018092935427936462,0.207086029765583,0.12028050400111638
llama32_3b,down,10,38,0.03649122557142577,0.0017919034768671446,0.20887793324245016,0.12290497828264392
llama32_3b,down,10,39,0.035293378722478445,0.0017330831467803466,0.2106110163892305,0.12832056037674877
llama32_3b,down,10,40,0.034549496770176644,0.0016965547858981051,0.21230757117512863,0.12811368889803287
llama32_3b,down,10,41,0.03406163206737027,0.0016725981649978734,0.2139801693401265,0.12185576958567897
llama32_3b,down,10,42,0.033662588603632554,0.001653003115533362,0.21563317245565986,0.13242453625254239
llama32_3b,down,10,43,0.03270226430970421,0.0016058463425211217,0.21723901879818097,0.1524612907206596
llama32_3b,down,10,44,0.03212389307692796,0.0015774453938902477,0.21881646419207124,0.1293124794658576
llama32_3b,down,10,45,0.03143800968521536,0.0015437650552584418,0.22036022924732968,0.13568726115758756
llama32_3b,down,10,46,0.03042555224747409,0.0014940482815831505,0.22185427752891285,0.15907863246855303
llama32_3b,down,10,47,0.03017220324505563,0.0014816075660087757,0.2233358850949216,0.1562582067147703
llama32_3b,down,10,48,0.02937774461939509,0.0014425956350238391,0.2247784807299454,0.1729861594542214
llama32_3b,down,10,49,0.029291426256670892,0.001438356967457571,0.226216837697403,0.1678350435588958
llama32_3b,down,10,50,0.029018328024586648,0.0014249464649618362,0.2276417841623648,0.14839884724839825
llama32_3b,down,10,51,0.0287724879057462,0.001412874473495247,0.22905465863586008,0.17448062663016697
llama32_3b,down,10,52,0.028187587029838368,0.0013841528864082249,0.23043881152226833,0.16583520698300092
llama32_3b,down,10,53,0.027820746802424672,0.0013661391784917643,0.2318049507007601,0.18233036507971462
llama32_3b,down,10,54,0.02774572473920611,0.001362455216283919,0.23316740591704396,0.16094547250534155
llama32_3b,down,10,55,0.026882336269979348,0.0013200584818452191,0.23448746439888918,0.16275580370351997
llama32_3b,down,10,56,0.026394029642185877,0.0012960801601961498,0.23578354455908532,0.18454309763058865
llama32_3b,down,10,57,0.025871048668576393,0.0012703991530424736,0.23705394371212782,0.15863912503031097
llama32_3b,down,10,58,0.02576965460914261,0.0012654201926269775,0.23831936390475478,0.18512606537138007
llama32_3b,down,10,59,0.02528082693282743,0.0012414162848639026,0.23956078018961874,0.195696137062196
llama32_3b,down,10,60,0.024972159781087872,0.0012262591687699478,0.24078703935838863,0.20380286501293127
llama32_3b,down,10,61,0.02474623115881657,0.0012151649323492134,0.24200220429073782,0.18180289818697518
llama32_3b,down,10,62,0.024556335102509035,0.0012058400769021198,0.24320804436764,0.18992480052712613
llama32_3b,down,10,63,0.023847159910744428,0.0011710159932510078,0.244379060360891,0.1815712999070226
llama32_3b,down,10,64,0.023433092611938267,0.0011506831976057792,0.24552974355849677,0.21628538248248744
llama32_3b,down,10,65,0.023039707768901217,0.0011313660149969028,0.24666110957349363,0.2018537372885569
llama32_3b,down,10,66,0.022651709281056025,0.0011123133296320844,0.24777342290312573,0.19923559087773934
llama32_3b,down,10,67,0.02254751725139476,0.0011071969747470881,0.24888061987787283,0.20091828200601516
llama32_3b,down,10,68,0.022399048941670944,0.001099906430890786,0.24998052630876363,0.22938170775948008
llama32_3b,down,10,69,0.02202596254335328,0.0010815860044362479,0.25106211231319986,0.21063330240301498
llama32_3b,down,10,70,0.02192333280831755,0.0010765463661078362,0.25213865867930774,0.221283400795754
llama32_3b,down,10,71,0.021524827595408115,0.0010569777474774644,0.25319563642678516,0.21083254755464745
llama32_3b,down,10,72,0.02112899784730324,0.001037540507681606,0.2542331769344668,0.22153439988303744
llama32_3b,down,10,73,0.021027148406033595,0.0010325391857180333,0.25526571612018484,0.2243145001316131
llama32_3b,down,10,74,0.02072701422827522,0.001017801081742895,0.2562835172019277,0.23074367466199283
llama32_3b,down,10,75,0.02038617004543269,0.0010010639109095942,0.2572845811128373,0.23530463891368827
llama32_3b,down,10,76,0.020042995730481163,0.0009842123188212577,0.2582687934316586,0.22564501555711908
llama32_3b,down,10,77,0.01984327774372247,0.000974405156982713,0.25924319858864125,0.23027610023083944
llama32_3b,down,10,78,0.01980147946639679,0.0009723526504611018,0.26021555123910234,0.20921264681159596
llama32_3b,down,10,79,0.019489901104609065,0.000957052579250526,0.2611726038183529,0.23103007042972482
llama32_3b,down,10,80,0.019074252172038918,0.0009366421173993413,0.2621092459357523,0.23992798859133713
llama32_3b,down,10,81,0.018918758024700506,0.0009290065694317123,0.263038252505184,0.24005450379968366
llama32_3b,down,10,82,0.01851619571686136,0.0009092387269496698,0.2639474912321336,0.2503897366834412
llama32_3b,down,10,83,0.01844335637742678,0.0009056619475036065,0.26485315317963726,0.2522577734518681
llama32_3b,down,10,84,0.018367081002529203,0.0009019164413623895,0.2657550696209996,0.24558664693752238
llama32_3b,down,10,85,0.018026137624997864,0.0008851743995688788,0.2666402440205685,0.23861990996785223
llama32_3b,down,10,86,0.01785673843913558,0.0008768560439814255,0.26751710006454993,0.22415157460650534
llama32_3b,down,10,87,0.01761549010704083,0.0008650095324351679,0.2683821095969851,0.2168026760472736
llama32_3b,down,10,88,0.017419810842609407,0.0008554006922607225,0.26923751028924586,0.27341005500337684
llama32_3b,down,10,89,0.017396091849847282,0.0008542359699217852,0.27009174625916765,0.26823429507923374
llama32_3b,down,10,90,0.017331289252651226,0.0008510538351097234,0.27094280009427735,0.24982907939910695
llama32_3b,down,10,91,0.017092691725206863,0.0008393374914598613,0.2717821375857372,0.2390300404881159
llama32_3b,down,10,92,0.016762111073171423,0.000823104311825819,0.272605241897563,0.2871156340851881
llama32_3b,down,10,93,0.016629084172137786,0.0008165720191240444,0.2734218139166871,0.2597356861964247
llama32_3b,down,10,94,0.01657649555375349,0.0008139896523591351,0.2742358035690462,0.25001654997868394
llama32_3b,down,10,95,0.016408961911749877,0.0008057629043971931,0.2750415664734434,0.23641261455538115
llama32_3b,down,10,96,0.016252585901287125,0.0007980840524962519,0.2758396505259397,0.25203571534269115
llama32_3b,down,10,97,0.016075592461641818,0.0007893927806927791,0.2766290433066324,0.25393330527104857
llama32_3b,down,10,98,0.016009297963626407,0.0007861373860155446,0.277415180692648,0.28023485791347263
llama32_3b,down,10,99,0.0158466342819094,0.0007781497776997266,0.2781933304703477,0.27440904358827783
llama32_3b,down,10,100,0.015769940343726068,0.0007743837179871978,0.2789677141883349,0.2480555254832852
llama32_3b,down,10,101,0.015476357720529726,0.0007599673284301083,0.27972768151676497,0.26622485332546036
llama32_3b,down,10,102,0.01538011858990111,0.0007552415010542493,0.28048292301781924,0.27664296564291335
llama32_3b,down,10,103,0.0151480714499049,0.0007438468145112497,0.2812267698323305,0.260145493395409
llama32_3b,down,10,104,0.015055794689935731,0.0007393155595469806,0.28196608539187745,0.2796467197185
llama32_3b,down,10,105,0.014894189675231009,0.0007313799371283323,0.2826974653290058,0.27426159640924064
llama32_3b,down,10,106,0.01475934647862129,0.000724758455140453,0.2834222237841463,0.2737919734772484
llama32_3b,down,10,107,0.01454262767268335,0.0007141164672164635,0.28413634025136275,0.27692248036187844
llama32_3b,down,10,108,0.01435531116490046,0.0007049182806301077,0.2848412585319928,0.26627471546071707
llama32_3b,down,10,109,0.014304735901632188,0.0007024347797699763,0.28554369331176277,0.2671129563085853
llama32_3b,down,10,110,0.014079235873134114,0.000691361589468148,0.28623505490123097,0.29491881957912086
llama32_3b,down,10,111,0.013932825573950511,0.0006841721043234865,0.2869192270055544,0.2806717260988048
llama32_3b,down,10,112,0.013875137609990781,0.0006813393339362466,0.2876005663394907,0.28526274602302143
llama32_3b,down,10,113,0.013517661823702423,0.0006637854673747597,0.2882643518068655,0.2870624587900034
llama32_3b,down,10,114,0.013467892418039853,0.0006613415381931045,0.2889256933450586,0.2869796239757585
llama32_3b,down,10,115,0.013347709993693255,0.0006554399741685291,0.28958113331922714,0.2734401851336491
llama32_3b,down,10,116,0.013172567045245163,0.0006468395708288658,0.290227972890056,0.2595203479167419
llama32_3b,down,10,117,0.013079680372461294,0.0006422783660649904,0.29087025125612087,0.2826724616528343
llama32_3b,down,10,118,0.012984294664343166,0.0006375944460446624,0.2915078457021656,0.2745298136666077
llama32_3b,down,10,119,0.012790307099249585,0.0006280686768517425,0.29213591437901737,0.30618324655408563
llama32_3b,down,10,120,0.012698903612121282,0.0006235803039944812,0.2927594946830118,0.29711277885393345
llama32_3b,down,10,121,0.01252976498401797,0.0006152747431089573,0.2933747694261208,0.30930888333764384
llama32_3b,down,10,122,0.012423318896879617,0.0006100477026175719,0.29398481712873836,0.310527658616828
llama32_3b,down,10,123,0.01225962062187682,0.0006020092905461408,0.29458682641928446,0.29736834119711814
llama32_3b,down,10,124,0.012137975902514664,0.0005960359204508854,0.2951828623397354,0.2988361764163387
llama32_3b,down,10,125,0.01206252010877721,0.0005923306598839783,0.2957751929996194,0.3064334841844483
llama32_3b,down,10,126,0.011937940700427826,0.0005862131817376122,0.296361406181357,0.30425782519642114
llama32_3b,down,10,127,0.011800084292907128,0.000579443735875586,0.29694084991723263,0.33142272913140314
llama32_3b,down,10,128,0.011673001561555107,0.0005732033319265946,0.29751405324915914,0.32047634399351327
llama32_3b,down,11,1,1.0692384503590926,0.04968560886419041,0.04968560886419041,0.0003303104667879021
llama32_3b,down,11,2,0.22504400814274025,0.010457394757974426,0.06014300362216484,0.006321966216276277
llama32_3b,down,11,3,0.20516859519823624,0.00953381967213343,0.06967682329429827,0.008120536416809937
llama32_3b,down,11,4,0.17605242619313446,0.008180843089290466,0.07785766638358874,0.009310142619325822
llama32_3b,down,11,5,0.14214543344567254,0.00660524544888991,0.08446291183247864,0.01736219468636622
llama32_3b,down,11,6,0.1283941794925943,0.005966249137940431,0.09042916097041907,0.021550272007611622
llama32_3b,down,11,7,0.12399763126481074,0.005761949362221702,0.09619111033264079,0.017577329565674392
llama32_3b,down,11,8,0.1087294040698541,0.0050524620030611336,0.1012435723357019,0.024409564259585015
llama32_3b,down,11,9,0.09614216466028797,0.004467555377440263,0.10571112771314217,0.029470705872575897
llama32_3b,down,11,10,0.09118102236733952,0.004237019919793519,0.1099481476329357,0.03242345667872646
llama32_3b,down,11,11,0.09077251788095908,0.004218037442944927,0.11416618507588061,0.0361587535358254
llama32_3b,down,11,12,0.08474280256508848,0.0039378472976633475,0.11810403237354397,0.03434231227620391
llama32_3b,down,11,13,0.07819960671905102,0.0036337966255061403,0.12173782899905009,0.04228578957356413
llama32_3b,down,11,14,0.07733761705961097,0.0035937414993090495,0.12533157049835916,0.0437731731312985
llama32_3b,down,11,15,0.07527317880865671,0.003497810725937835,0.12882938122429696,0.0550074762315847
llama32_3b,down,11,16,0.07148040795649195,0.0033215674108860124,0.132150948635183,0.04806990528043559
llama32_3b,down,11,17,0.06990361086853276,0.0032482964549601164,0.13539924509014312,0.05804857973872251
llama32_3b,down,11,18,0.06806632898974083,0.003162921234145467,0.13856216632428858,0.0589201434519234
llama32_3b,down,11,19,0.06725781214093969,0.003125350894343199,0.1416875172186318,0.05786704740610441
llama32_3b,down,11,20,0.06294127489861931,0.0029247690867981995,0.14461228630543,0.06528424045203066
llama32_3b,down,11,21,0.06160629276692423,0.0028627348417579013,0.14747502114718788,0.07283215320527023
llama32_3b,down,11,22,0.06106844392551807,0.0028377419628044837,0.1503127631099924,0.07230653075354725
llama32_3b,down,11,23,0.06020584823556505,0.002797658675447441,0.15311042178543982,0.06259125253134198
llama32_3b,down,11,24,0.057322363514737955,0.0026636682695124793,0.1557740900549523,0.08347108123531864
llama32_3b,down,11,25,0.05520875184561156,0.0025654524948667636,0.15833954254981905,0.078778685958282
llama32_3b,down,11,26,0.05396795770356861,0.0025077949981672947,0.16084733754798639,0.08895609214962089
llama32_3b,down,11,27,0.05341453550586928,0.002482078453048276,0.16332941600103465,0.08202933641140671
llama32_3b,down,11,28,0.05116102662160322,0.002377361903659298,0.1657067779046939,0.08647245815315792
llama32_3b,down,11,29,0.05012647759106754,0.0023292882504299737,0.16803606615512387,0.09031275084360611
llama32_3b,down,11,30,0.04806928419188288,0.0022336941324336036,0.1702697602875575,0.10160289538939034
llama32_3b,down,11,31,0.047680197787511314,0.0022156139793157587,0.17248537426687327,0.09535290141592272
llama32_3b,down,11,32,0.04662560516508922,0.0021666089360243136,0.17465198320289757,0.09946587298273706
llama32_3b,down,11,33,0.0452505371729566,0.0021027119723528104,0.17675469517525036,0.11031369913051273
llama32_3b,down,11,34,0.04404394026829903,0.002046643560445789,0.17880133873569615,0.11126009926675923
llama32_3b,down,11,35,0.043489996065091394,0.0020209027586593244,0.1808222414943555,0.0964488645780796
llama32_3b,down,11,36,0.0433499887322057,0.0020143968669402777,0.18283663836129577,0.12327499609982448
llama32_3b,down,11,37,0.04196835003146374,0.001950194574127446,0.18478683293542322,0.13585131452971608
llama32_3b,down,11,38,0.04119830001322913,0.0019144117195181508,0.18670124465494137,0.11852572260469875
llama32_3b,down,11,39,0.04020420672943587,0.001868217972878678,0.18856946262782007,0.11915387637016954
llama32_3b,down,11,40,0.039261092726866724,0.001824393142757525,0.19039385577057757,0.1142692027096693
llama32_3b,down,11,41,0.038603420495372666,0.0017938322840043827,0.19218768805458197,0.144694413358244
llama32_3b,down,11,42,0.03759294594933182,0.0017468773292466813,0.1939345653838286,0.13285066358952252
llama32_3b,down,11,43,0.0371773348832066,0.0017275646222782856,0.19566213000610694,0.1181328785730875
llama32_3b,down,11,44,0.03636214375533503,0.0016896841405995896,0.1973518141467065,0.11929404272171727
llama32_3b,down,11,45,0.03569511701012899,0.0016586885942337336,0.19901050274094023,0.1520311715955881
llama32_3b,down,11,46,0.03559357451104043,0.0016539700949213375,0.20066447283586158,0.1479551130693593
llama32_3b,down,11,47,0.03438530644085753,0.001597824026924965,0.20226229686278654,0.16558415801530635
llama32_3b,down,11,48,0.03418808206577307,0.0015886593610306176,0.20385095622381721,0.163060895046298
llama32_3b,down,11,49,0.03379525320417186,0.0015704053025822628,0.20542136152639948,0.14931103355760425
llama32_3b,down,11,50,0.032987167216067356,0.001532854984110168,0.20695421651050963,0.1773950468894408
llama32_3b,down,11,51,0.03273311524656651,0.0015210496409862307,0.20847526615149584,0.17848644239401618
llama32_3b,down,11,52,0.03188575991742311,0.00148167454608699,0.20995694069758283,0.14505650309421136
llama32_3b,down,11,53,0.031033252621729842,0.001442060048466315,0.21139900074604914,0.16170140407754396
llama32_3b,down,11,54,0.030579393115968374,0.0014209700045430106,0.21281997075059217,0.16007940200069257
llama32_3b,down,11,55,0.030028287740774512,0.0013953611180447377,0.21421533186863687,0.17196529782881007
llama32_3b,down,11,56,0.02994691484879134,0.001391579864497537,0.21560691173313445,0.1730631387477901
llama32_3b,down,11,57,0.029223279528382377,0.0013579538183353568,0.2169648655514698,0.18667230403659604
llama32_3b,down,11,58,0.028495241586774335,0.001324123190197284,0.2182889887416671,0.1872317191479883
llama32_3b,down,11,59,0.028363380285540977,0.0013179958300792455,0.21960698457174632,0.19072193251262895
llama32_3b,down,11,60,0.028284901748928636,0.001314349072077749,0.22092133364382407,0.16287241951876746
llama32_3b,down,11,61,0.027906133692870667,0.0012967483942521191,0.22221808203807622,0.18750075677373595
llama32_3b,down,11,62,0.02768954276273696,0.0012866837989931848,0.22350476583706938,0.19108291614817682
llama32_3b,down,11,63,0.02710661545294924,0.0012595962037980808,0.22476436204086744,0.21004012868951322
llama32_3b,down,11,64,0.026977848170612682,0.0012536126172346435,0.22601797465810208,0.18348543130820322
llama32_3b,down,11,65,0.02644879434045102,0.0012290284268094993,0.22724700308491158,0.2152398850650188
llama32_3b,down,11,66,0.026036455335039337,0.001209867766682234,0.22845687085159383,0.19476552661364405
llama32_3b,down,11,67,0.025979206491293334,0.0012072075147456004,0.22966407836633942,0.2077090889358623
llama32_3b,down,11,68,0.02559953737795664,0.0011895649663909975,0.23085364333273042,0.20290796397385247
llama32_3b,down,11,69,0.02532301822674,0.0011767156132965648,0.23203035894602697,0.21686242026319186
llama32_3b,down,11,70,0.025001666119093987,0.0011617829524641558,0.23319214189849113,0.21558481761003104
llama32_3b,down,11,71,0.0247095974906114,0.0011482110428200415,0.2343403529413112,0.21454621977194932
llama32_3b,down,11,72,0.024184049232523874,0.0011237897500935932,0.23546414269140478,0.19824288599984194
llama32_3b,down,11,73,0.023699807909291958,0.0011012879171545524,0.23656543060855934,0.21659401808988257
llama32_3b,down,11,74,0.02314034353946343,0.0010752906030442944,0.23764072121160362,0.2169410166503354
llama32_3b,down,11,75,0.023095282922557997,0.00107319671632895,0.23871391792793256,0.21777253366331534
llama32_3b,down,11,76,0.022634865658410684,0.0010518019450381669,0.23976571987297077,0.22162409265033534
llama32_3b,down,11,77,0.022148949293026823,0.0010292222758698317,0.24079494214884056,0.2278346492163953
llama32_3b,down,11,78,0.022083577521812447,0.0010261845659425223,0.24182112671478306,0.21653790221223837
llama32_3b,down,11,79,0.021883815902313145,0.001016901998813379,0.24283802871359647,0.2505725573788548
llama32_3b,down,11,80,0.021613308847104315,0.0010043320171263229,0.24384236073072277,0.21928539759569812
llama32_3b,down,11,81,0.021327123327682784,0.000991033485095607,0.24483339421581837,0.2199609655767945
llama32_3b,down,11,82,0.021235789305464485,0.0009867893555448903,0.24582018357136326,0.23000838433539036
llama32_3b,down,11,83,0.020982136831858345,0.0009750025762845705,0.24679518614764784,0.2148666458774991
llama32_3b,down,11,84,0.02067402591088457,0.0009606852098438601,0.24775587135749172,0.21933038304794794
llama32_3b,down,11,85,0.0204132208621001,0.000948566063137754,0.24870443742062945,0.22834145855283955
llama32_3b,down,11,86,0.020343974591931335,0.0009453483121358575,0.2496497857327653,0.2607285891895823
llama32_3b,down,11,87,0.020038552578260413,0.0009311558944345763,0.25058094162719985,0.25408511841953935
llama32_3b,down,11,88,0.019592574938738557,0.0009104321068154385,0.25149137373401537,0.2442307265544631
llama32_3b,down,11,89,0.01943045562794203,0.0009028987108148897,0.25239427244483026,0.23026893659339845
llama32_3b,down,11,90,0.01936984185918567,0.0009000820967984356,0.2532943545416287,0.26463835153937926
llama32_3b,down,11,91,0.019292906486745698,0.0008965070468911025,0.2541908615885198,0.23454405081463836
llama32_3b,down,11,92,0.018870592463657358,0.000876882865435616,0.25506774445395536,0.2534349064643877
llama32_3b,down,11,93,0.018808475781640844,0.0008739964137132923,0.2559417408676687,0.24438397391461938
llama32_3b,down,11,94,0.018576251442203023,0.0008632053617321578,0.25680494622940087,0.2350402629142657
llama32_3b,down,11,95,0.018504363598571733,0.0008598648615101963,0.25766481109091105,0.2538918114164729
llama32_3b,down,11,96,0.018122069556941185,0.0008421003374069088,0.25850691142831794,0.2490831406083167
llama32_3b,down,11,97,0.01806771703639027,0.0008395746724572722,0.2593464861007752,0.27171475436904974
llama32_3b,down,11,98,0.018027889929251743,0.0008377239776316116,0.26018421007840686,0.2647126999671463
llama32_3b,down,11,99,0.017775950398885496,0.000826016795796726,0.26101022687420355,0.2680507857628958
llama32_3b,down,11,100,0.017575845788514375,0.0008167182904918693,0.26182694516469546,0.24732847134609742
llama32_3b,down,11,101,0.01727273901875324,0.000802633458056801,0.2626295786227522,0.265751437486224
llama32_3b,down,11,102,0.01717062387139803,0.0007978883487980606,0.26342746697155034,0.25388926280289104
llama32_3b,down,11,103,0.017079137192906668,0.0007936371255818741,0.2642211040971322,0.2553135165776788
llama32_3b,down,11,104,0.016698558332690277,0.0007759523029079977,0.2649970564000402,0.2704780780363964
llama32_3b,down,11,105,0.016640009506717065,0.0007732316431096285,0.2657702880431498,0.26748488347632676
llama32_3b,down,11,106,0.01655202401288871,0.0007691431137169471,0.2665394311568668,0.26282470329056234
llama32_3b,down,11,107,0.01616268087893345,0.0007510510308320092,0.2672904821876988,0.294358616573978
llama32_3b,down,11,108,0.016056527624099544,0.0007461182779015784,0.26803660046560035,0.27863352911143724
llama32_3b,down,11,109,0.015924870509229177,0.0007400004059606284,0.26877660087156097,0.25414439438984093
llama32_3b,down,11,110,0.01572596687091071,0.0007307577076908114,0.26950735857925173,0.28352079794655494
llama32_3b,down,11,111,0.015676817138368063,0.0007284738070453816,0.27023583238629717,0.2880347084068313
llama32_3b,down,11,112,0.015602428343890872,0.000725017092086215,0.27096084947838334,0.2712290541029391
llama32_3b,down,11,113,0.015384273360965279,0.0007148798180761241,0.2716757292964595,0.27124052328693316
llama32_3b,down,11,114,0.015217620493549822,0.0007071357557636255,0.27238286505222314,0.2766091179903688
llama32_3b,down,11,115,0.015180784097345931,0.0007054240339553252,0.27308828908617844,0.27569523584759775
llama32_3b,down,11,116,0.014953168908293719,0.0006948471609940144,0.27378313624717243,0.2878053141728365
llama32_3b,down,11,117,0.014835601930784297,0.0006893840326731834,0.27447252027984564,0.28073682910205056
llama32_3b,down,11,118,0.014647126394858113,0.0006806259097723917,0.275153146189618,0.28440046153314646
llama32_3b,down,11,119,0.01451185068405035,0.0006743398881148628,0.2758274860777329,0.2990376989387575
llama32_3b,down,11,120,0.014333283536875461,0.000666042190414648,0.27649352826814755,0.26922540820902996
llama32_3b,down,11,121,0.014203765600165123,0.0006600237222776991,0.27715355199042524,0.2802991070452207
llama32_3b,down,11,122,0.01404001492388949,0.000652414519625152,0.2778059665100504,0.28421714464150316
llama32_3b,down,11,123,0.013905160769009295,0.0006461480869217283,0.2784521145969721,0.2800844270815938
llama32_3b,down,11,124,0.013812261630882495,0.0006418312292187169,0.2790939458261908,0.2999843993558225
llama32_3b,down,11,125,0.013615909011042182,0.0006327070722399172,0.27972665289843074,0.3053861007637652
llama32_3b,down,11,126,0.013347592796918304,0.0006202388950410874,0.28034689179347183,0.2899746321619613
llama32_3b,down,11,127,0.013294606499832743,0.0006177767160656953,0.28096466850953755,0.30198185932846733
llama32_3b,down,11,128,0.01317653345876699,0.0006122900718715698,0.28157695858140913,0.299160129508914
llama32_3b,down,12,1,1.8020850198379164,0.07043447879838913,0.07043447879838913,0.00017344035332907422
llama32_3b,down,12,2,0.3136351886635093,0.01225842887719893,0.08269290767558805,0.004174466064691609
llama32_3b,down,12,3,0.26334689578375015,0.01029291134630843,0.09298581902189648,0.006668680653286573
llama32_3b,down,12,4,0.2269647022882265,0.008870913600258781,0.10185673262215526,0.008584088146706236
llama32_3b,down,12,5,0.17701886358316568,0.006918780888087534,0.1087755135102428,0.011900493270783704
llama32_3b,down,12,6,0.15989310354048789,0.006249420691785152,0.11502493420202796,0.016326988005872147
llama32_3b,down,12,7,0.15341292074716256,0.005996142798377431,0.12102107700040537,0.018808579859695744
llama32_3b,down,12,8,0.14233898044933016,0.005563317929108801,0.12658439492951418,0.01944210110704863
llama32_3b,down,12,9,0.13156287223665483,0.005142133824541362,0.13172652875405555,0.027871530998977885
llama32_3b,down,12,10,0.12308125113307654,0.0048106297305504555,0.13653715848460599,0.027026779464030617
llama32_3b,down,12,11,0.11808691302773193,0.004615426065062729,0.14115258454966875,0.029808178086516236
llama32_3b,down,12,12,0.11253222335044273,0.004398321062801601,0.14555090561247033,0.029121577034928885
llama32_3b,down,12,13,0.10310404566355687,0.004029820812211795,0.14958072642468215,0.0459721282129958
llama32_3b,down,12,14,0.09699937984859168,0.003791219996943884,0.15337194642162602,0.045702839592241966
llama32_3b,down,12,15,0.09185149470692501,0.003590014946751593,0.15696196136837762,0.051192689803684334
llama32_3b,down,12,16,0.08805498208550198,0.0034416282808630502,0.16040358964924065,0.04411764503162708
llama32_3b,down,12,17,0.08443587422466149,0.003300175478643774,0.16370376512788443,0.053157558718015155
llama32_3b,down,12,18,0.08208197780574948,0.003208173455661321,0.16691193858354575,0.05807896553457692
llama32_3b,down,12,19,0.07904700632237514,0.003089551619151814,0.17000149020269756,0.06869150105342511
llama32_3b,down,12,20,0.07610940317130196,0.0029747354231429517,0.17297622562584053,0.07360069589427537
llama32_3b,down,12,21,0.07359492706477255,0.0028764571443354783,0.175852682770176,0.06416973666994752
llama32_3b,down,12,22,0.0729927981172665,0.0028529229391674967,0.1787056057093435,0.06113573759953733
llama32_3b,down,12,23,0.07148105855724601,0.0027938366103779006,0.18149944231972137,0.07224335969360521
llama32_3b,down,12,24,0.07106004012442124,0.002777381108248931,0.18427682342797036,0.07496654462652966
llama32_3b,down,12,25,0.06728923018007879,0.0026299990312915232,0.18690682245926185,0.07514432488793363
llama32_3b,down,12,26,0.0650709198430561,0.00254329638925118,0.18945011884851304,0.08924237492081089
llama32_3b,down,12,27,0.06333439084469465,0.0024754241670355607,0.1919255430155486,0.078004297088733
llama32_3b,down,12,28,0.06138507129349926,0.002399235027739399,0.19432477804328802,0.09778552686879924
llama32_3b,down,12,29,0.05957920175303891,0.0023286526309823073,0.1966534306742703,0.10686210686819114
llama32_3b,down,12,30,0.058592746226795306,0.002290097024513192,0.19894352769878348,0.09845617516967727
llama32_3b,down,12,31,0.057381170453255644,0.0022427425949526503,0.20118627029373615,0.10615947721286562
llama32_3b,down,12,32,0.05548947763934677,0.0021688057962291844,0.20335507608996534,0.10600413661520325
llama32_3b,down,12,33,0.05372823779089551,0.0020999677506325473,0.20545504384059785,0.10324509866704713
llama32_3b,down,12,34,0.053387458700396385,0.002086648402566021,0.20754169224316393,0.11292666643673514
llama32_3b,down,12,35,0.05231427923089862,0.0020447031914582756,0.20958639543462218,0.13162162990616139
llama32_3b,down,12,36,0.050680233206240925,0.001980836515462214,0.21156723195008437,0.11428829251033128
llama32_3b,down,12,37,0.0498124227180454,0.001946918149370183,0.21351415009945454,0.12495078237784359
llama32_3b,down,12,38,0.048306866261081834,0.0018880734871148384,0.2154022235865694,0.12521889457149357
llama32_3b,down,12,39,0.046782750793877864,0.0018285034460905085,0.2172307270326599,0.12007876588558775
llama32_3b,down,12,40,0.04589744828861345,0.0017939014046491923,0.2190246284373091,0.1243158627805475
llama32_3b,down,12,41,0.04546460118618913,0.001776983579062144,0.22080161201637122,0.1327635478429384
llama32_3b,down,12,42,0.044318814917808196,0.0017322005317922538,0.22253381254816348,0.1418481693207216
llama32_3b,down,12,43,0.044158393168791985,0.0017259304489962162,0.22425974299715973,0.1325623641362486
llama32_3b,down,12,44,0.04303508754951479,0.0016820260577193788,0.22594176905487912,0.14017293936648076
llama32_3b,down,12,45,0.04250330956687822,0.0016612415194588953,0.22760301057433802,0.13881437223348864
llama32_3b,down,12,46,0.04133805653099877,0.0016156976137347405,0.22921870818807275,0.1559219049940048
llama32_3b,down,12,47,0.0402327383354604,0.0015724962607729788,0.2307912044488457,0.1415454277214527
llama32_3b,down,12,48,0.0401146850801726,0.0015678821502204162,0.23235908659906615,0.15713136339790018
llama32_3b,down,12,49,0.03987709110405036,0.0015585957915361227,0.23391768239060226,0.13861913269593099
llama32_3b,down,12,50,0.03875666332392916,0.0015148038805800177,0.23543248627118227,0.15271389576946298
llama32_3b,down,12,51,0.03842362503856243,0.0015017870818210862,0.23693427335300338,0.16222471766644173
llama32_3b,down,12,52,0.0369275889685972,0.0014433145238165429,0.2383775878768199,0.15914211700500877
llama32_3b,down,12,53,0.036683971806759676,0.0014337927489660356,0.2398113806257859,0.16760693388727413
llama32_3b,down,12,54,0.03600613093938361,0.0014072993440066095,0.24121867996979252,0.17525141772500072
llama32_3b,down,12,55,0.03560720165142105,0.0013917071959304978,0.242610387165723,0.18290195789631328
llama32_3b,down,12,56,0.035074529488811394,0.0013708877086528132,0.24398127487437585,0.16576408338332185
llama32_3b,down,12,57,0.03448446282695638,0.0013478249578244414,0.2453290998322003,0.17772112321875916
llama32_3b,down,12,58,0.03415480956234565,0.0013349404625750815,0.2466640402947754,0.16777905711464333
llama32_3b,down,12,59,0.033942280435546215,0.0013266337633290374,0.24799067405810443,0.15962593854771825
llama32_3b,down,12,60,0.03328094460047082,0.0013007854574270093,0.2492914595155314,0.17135453834908917
llama32_3b,down,12,61,0.032916554798688095,0.0012865432848960356,0.2505780028004274,0.18268578418928985
llama32_3b,down,12,62,0.03219256708239484,0.001258246230710358,0.25183624903113777,0.18366218475434912
llama32_3b,down,12,63,0.032027429761279855,0.0012517918398160027,0.25308804087095377,0.1646579783595512
llama32_3b,down,12,64,0.03183726386780423,0.0012443592073681782,0.25433240007832203,0.1834687059887597
llama32_3b,down,12,65,0.03164178183535696,0.0012367187936705426,0.2555691188719926,0.1698321850852802
llama32_3b,down,12,66,0.030968618721357217,0.0012104082186649655,0.25677952709065754,0.1927607110056237
llama32_3b,down,12,67,0.03060631671861426,0.0011962476477430076,0.2579757747384005,0.20044105226117728
llama32_3b,down,12,68,0.030242163065298703,0.0011820147050730122,0.2591577894434735,0.1752269143693802
llama32_3b,down,12,69,0.029895741818638882,0.0011684748333774097,0.2603262642768509,0.23002721963083564
llama32_3b,down,12,70,0.029290498606446405,0.0011448189071987026,0.2614710831840496,0.1943813799191101
llama32_3b,down,12,71,0.02886210683788735,0.0011280752183006665,0.2625991584023503,0.19269135405817467
llama32_3b,down,12,72,0.028690464090972534,0.001121366562890193,0.2637205249652405,0.1860394599978511
llama32_3b,down,12,73,0.028356322026935585,0.001108306622950635,0.26482883158819115,0.2131471647481506
llama32_3b,down,12,74,0.028100384399722744,0.001098303302808029,0.2659271348909992,0.21357466924811971
llama32_3b,down,12,75,0.027511674241631243,0.001075293570918564,0.26700242846191774,0.2036755368143036
llama32_3b,down,12,76,0.02731641948212682,0.0010676620401821083,0.26807009050209984,0.22600236941200047
llama32_3b,down,12,77,0.026831024915896527,0.001048690397386323,0.26911878089948615,0.2168932153627689
llama32_3b,down,12,78,0.0264688722980398,0.0010345356651714661,0.27015331656465763,0.22638757469454898
llama32_3b,down,12,79,0.026119764472452785,0.0010208907885596668,0.2711742073532173,0.22637017209523996
llama32_3b,down,12,80,0.025904834140462386,0.0010124902382276574,0.2721866975914449,0.21983501799525032
llama32_3b,down,12,81,0.025602908094640518,0.001000689461106146,0.2731873870525511,0.23324789953030037
llama32_3b,down,12,82,0.025438051113465015,0.000994246027296116,0.2741816330798472,0.24134534939050767
llama32_3b,down,12,83,0.02515312722769575,0.0009831097794662687,0.27516474285931347,0.24830753049813412
llama32_3b,down,12,84,0.02473323751011048,0.0009666983931635397,0.27613144125247696,0.24817372747434333
llama32_3b,down,12,85,0.02458960541507706,0.0009610845338611025,0.2770925257863381,0.23501354080938208
llama32_3b,down,12,86,0.024230316195252167,0.0009470417175357539,0.2780395675038738,0.2413582681626239
llama32_3b,down,12,87,0.02399999551860999,0.0009380396357043189,0.2789776071395782,0.210799850443379
llama32_3b,down,12,88,0.02356403568605581,0.0009210001490846763,0.27989860728866284,0.22497499433703283
llama32_3b,down,12,89,0.023419674099553905,0.0009153577776139424,0.2808139650662768,0.25122643657726573
llama32_3b,down,12,90,0.02332956282812404,0.0009118357792802603,0.2817258008455571,0.23257478211314672
llama32_3b,down,12,91,0.022952628386874764,0.0008971032996145991,0.28262290414517166,0.24192951516435363
llama32_3b,down,12,92,0.022595701649445892,0.0008831528208950805,0.2835060569660668,0.23597052833436533
llama32_3b,down,12,93,0.022379069777525743,0.0008746857658883264,0.28438074273195507,0.2320874726185296
llama32_3b,down,12,94,0.02222591742867217,0.0008686998075403563,0.2852494425394954,0.24603566963685236
llama32_3b,down,12,95,0.02203700455238659,0.0008613161492595301,0.28611075868875496,0.2677612832855312
llama32_3b,down,12,96,0.021905832606175325,0.0008561892947756102,0.28696694798353056,0.262341111146403
llama32_3b,down,12,97,0.02158987492079847,0.0008438400911326735,0.28781078807466326,0.24282907373614115
llama32_3b,down,12,98,0.021250063311768302,0.0008305585570717363,0.28864134663173496,0.2433260759255507
llama32_3b,down,12,99,0.020977206946778792,0.0008198939681964636,0.28946124059993145,0.2854582524073745
llama32_3b,down,12,100,0.020748902714154485,0.0008109706990635757,0.290272211298995,0.24137494109188817
llama32_3b,down,12,101,0.020649144462091634,0.0008070716485678798,0.2910792829475629,0.2627417686879401
llama32_3b,down,12,102,0.02039342921638161,0.000797077020204559,0.29187635996776745,0.2630531459755093
llama32_3b,down,12,103,0.02033048275644197,0.0007946167583138901,0.29267097672608133,0.28695120715910155
llama32_3b,down,12,104,0.020110079013426544,0.0007860022797551028,0.29345697900583645,0.24610047777789426
llama32_3b,down,12,105,0.019930772907902204,0.00077899410203377,0.2942359731078702,0.24193105569131315
llama32_3b,down,12,106,0.01962859640261606,0.0007671835357060711,0.2950031566435763,0.2768917010901949
llama32_3b,down,12,107,0.019471333123892976,0.0007610369016965489,0.29576419354527284,0.2885779996067065
llama32_3b,down,12,108,0.019405593589269913,0.0007584674725038904,0.29652266101777675,0.2656066626652341
llama32_3b,down,12,109,0.019144923682237025,0.0007482791912418124,0.29727094020901856,0.2749351764309503
llama32_3b,down,12,110,0.01883522372262046,0.0007361745707609005,0.2980071147797795,0.2830168409891177
llama32_3b,down,12,111,0.01852340661500116,0.0007239872015669863,0.29873110198134645,0.2780563238541807
llama32_3b,down,12,112,0.01831206759717655,0.0007157270177208442,0.2994468289990673,0.2817490077232209
llama32_3b,down,12,113,0.018229134434546084,0.0007124855757130169,0.3001593145747803,0.2710462371264284
llama32_3b,down,12,114,0.018127735877788036,0.0007085224139212362,0.30086783698870156,0.2999013973036748
llama32_3b,down,12,115,0.01788752221946663,0.0006991336649788337,0.3015669706536804,0.286851418310466
llama32_3b,down,12,116,0.0175163168283134,0.0006846251051910267,0.3022515957588714,0.27683483958383803
llama32_3b,down,12,117,0.017370960625736124,0.0006789438591588253,0.30293053961803024,0.2895018062503305
llama32_3b,down,12,118,0.017257572039254637,0.0006745120671497958,0.30360505168518004,0.28338001615369
llama32_3b,down,12,119,0.0172037016379837,0.0006724065429406661,0.3042774582281207,0.2884225742755867
llama32_3b,down,12,120,0.016899596000203947,0.0006605205764846579,0.3049379788046053,0.28222496173426626
llama32_3b,down,12,121,0.016661488390546375,0.0006512141424376838,0.305589192947043,0.3195321814598344
llama32_3b,down,12,122,0.016572231228407504,0.0006477255269589092,0.3062369184740019,0.3082181322773263
llama32_3b,down,12,123,0.016517542033660945,0.0006455880002132376,0.30688250647421517,0.29988031409736615
llama32_3b,down,12,124,0.016313818018977733,0.0006376254487048642,0.30752013192292005,0.32048444367908907
llama32_3b,down,12,125,0.016286587957438602,0.0006365611619642036,0.30815669308488425,0.27669626084357113
llama32_3b,down,12,126,0.016141075218460678,0.0006308737977080166,0.30878756688259223,0.31230091559344103
llama32_3b,down,12,127,0.01590335317665991,0.0006215824335776873,0.3094091493161699,0.30673323872678643
llama32_3b,down,12,128,0.01568612925720103,0.0006130922383975478,0.31002224155456753,0.3026213907836458
llama32_3b,down,13,1,1.7487884672479481,0.057672696972743236,0.057672696972743236,0.00025860063364027203
llama32_3b,down,13,2,0.3586588513603731,0.011828087638095229,0.06950078461083846,0.005398101852843191
llama32_3b,down,13,3,0.30489500654580604,0.01005502818113319,0.07955581279197166,0.007694170833728922
llama32_3b,down,13,4,0.2526109680664873,0.008330770751374266,0.08788658354334593,0.010532489036750962
llama32_3b,down,13,5,0.23773018080467756,0.007840022355819728,0.09572660589916564,0.011879926670488884
llama32_3b,down,13,6,0.19654706479270354,0.006481858452846577,0.10220846435201224,0.021166353060586503
llama32_3b,down,13,7,0.19137561871707426,0.006311311100770311,0.10851977545278253,0.02221588893843271
llama32_3b,down,13,8,0.1673657079117303,0.005519496461005268,0.11403927191378779,0.025183054267707453
llama32_3b,down,13,9,0.15225368223150232,0.005021122132707201,0.11906039404649499,0.025998551126115283
llama32_3b,down,13,10,0.14246969676700225,0.00469845942109416,0.12375885346758916,0.03166734980220041
llama32_3b,down,13,11,0.13216179105118778,0.004358518522634719,0.12811737199022388,0.031052639174962402
llama32_3b,down,13,12,0.12486298350351288,0.004117813643889802,0.1322351856341137,0.03933699825179295
llama32_3b,down,13,13,0.12134816312758429,0.004001899584384621,0.1362370852184983,0.038190112556405725
llama32_3b,down,13,14,0.1143178689791224,0.0037700499172310204,0.14000713513572935,0.04798371828729342
llama32_3b,down,13,15,0.10826762520852937,0.003570520996422346,0.14357765613215168,0.05398982653758059
llama32_3b,down,13,16,0.10686273642016515,0.003524189649384565,0.14710184578153626,0.054482643408417145
llama32_3b,down,13,17,0.10168773614057719,0.0033535250844310828,0.15045537086596733,0.05842608075144691
llama32_3b,down,13,18,0.09872288674558312,0.0032557483298780287,0.15371111919584535,0.050918624866186354
llama32_3b,down,13,19,0.09424595688088976,0.0031081051904759223,0.1568192243863213,0.06848436725214417
llama32_3b,down,13,20,0.09290416186612045,0.003063854591426566,0.1598830789777478,0.05582279418523813
llama32_3b,down,13,21,0.09136995514016971,0.0030132585123372837,0.1628963374900851,0.06346103052897636
llama32_3b,down,13,22,0.0854666768425995,0.002818576315617795,0.1657149138057029,0.06503588394118387
llama32_3b,down,13,23,0.08349735087851902,0.0027536305879359885,0.1684685443936389,0.08378589548292156
llama32_3b,down,13,24,0.08196903982983918,0.002703228940371766,0.17117177333401068,0.08089897618856705
llama32_3b,down,13,25,0.07875781067965815,0.002597326912106519,0.1737691002461172,0.08364270867405055
llama32_3b,down,13,26,0.07832478978454152,0.002583046464050827,0.176352146710168,0.07584018681705629
llama32_3b,down,13,27,0.07588030672647174,0.0025024306930165395,0.17885457740318458,0.08052338025070441
llama32_3b,down,13,28,0.07511279031232797,0.002477119031598633,0.1813316964347832,0.08590452086161046
llama32_3b,down,13,29,0.07333506119778879,0.002418491910913313,0.18375018834569648,0.10043851130748195
llama32_3b,down,13,30,0.07222169215830074,0.002381774494006809,0.18613196283970332,0.09363769901334154
llama32_3b,down,13,31,0.07065545919100102,0.0023301222324534454,0.18846208507215675,0.09501894368981838
llama32_3b,down,13,32,0.06901622561429961,0.002276062508760607,0.19073814758091737,0.10084692259482822
llama32_3b,down,13,33,0.06793172106677284,0.00224029700406609,0.19297844458498345,0.09551753588211613
llama32_3b,down,13,34,0.06680872027531495,0.0022032619449043472,0.1951817065298878,0.10040877073346263
llama32_3b,down,13,35,0.06567598486854519,0.0021659058511923754,0.1973476123810802,0.1113172879701844
llama32_3b,down,13,36,0.06431041043993986,0.0021208710389840012,0.19946848342006418,0.12294747696749059
llama32_3b,down,13,37,0.06323168432317057,0.0020852960991818627,0.20155377951924605,0.1008384072542791
llama32_3b,down,13,38,0.06193433391305441,0.002042511223554315,0.20359629074280036,0.10158584829034244
llama32_3b,down,13,39,0.06045024183642093,0.001993567858351303,0.2055898586011517,0.11752980533322296
llama32_3b,down,13,40,0.06014192264512846,0.001983399905152095,0.20757325850630373,0.12768844411211236
llama32_3b,down,13,41,0.05856168798028844,0.0019312858864025527,0.2095045443927063,0.12640014959025833
llama32_3b,down,13,42,0.057958449587337146,0.0019113918936809779,0.2114159362863873,0.13740194835815628
llama32_3b,down,13,43,0.056983063357793295,0.001879224964689049,0.2132951612510763,0.12081185553205098
llama32_3b,down,13,44,0.05602534836165895,0.0018476408092621612,0.2151428020603385,0.1334136882231405
llama32_3b,down,13,45,0.055477330936276686,0.0018295679299506961,0.2169723699902892,0.1253721260280827
llama32_3b,down,13,46,0.054788987198031484,0.0018068672771431131,0.21877923726743229,0.12034434524482526
llama32_3b,down,13,47,0.05376144910754373,0.0017729804497591758,0.22055221771719147,0.1395014440707372
llama32_3b,down,13,48,0.05325271319439668,0.0017562030220098644,0.22230842073920135,0.1405370809860776
llama32_3b,down,13,49,0.05221377784158209,0.00172194032820823,0.2240303610674096,0.1389287884247814
llama32_3b,down,13,50,0.05102569669653541,0.0016827590063156308,0.2257131200737252,0.15677932590339863
llama32_3b,down,13,51,0.05034628576136362,0.0016603529453665937,0.22737347301909183,0.14295095446973818
llama32_3b,down,13,52,0.05001665550544996,0.0016494821818532266,0.229022955200945,0.15093954087271463
llama32_3b,down,13,53,0.04945721583423682,0.0016310326122016261,0.23065398781314664,0.15175762837219572
llama32_3b,down,13,54,0.04792890599006755,0.0015806310043605459,0.23223461881750718,0.14772468484094314
llama32_3b,down,13,55,0.04693815787393599,0.0015479574609628753,0.23378257627847007,0.16468925722492372
llama32_3b,down,13,56,0.0465532600102268,0.0015352640459073144,0.2353178403243774,0.15313775221053094
llama32_3b,down,13,57,0.04555386837380934,0.0015023054508092454,0.23682014577518662,0.18361154270095834
llama32_3b,down,13,58,0.04470057198193333,0.0014741648808327948,0.23829431065601941,0.17423918356069593
llama32_3b,down,13,59,0.04437095884995807,0.0014632946820439378,0.23975760533806337,0.16614623352895408
llama32_3b,down,13,60,0.043380842040784864,0.001430641958302611,0.24118824729636598,0.15475754769573907
llama32_3b,down,13,61,0.04192094598159445,0.0013824965452865418,0.2425707438416525,0.18111673729850342
llama32_3b,down,13,62,0.04142979883945782,0.0013662991716030049,0.2439370430132555,0.195543227196815
llama32_3b,down,13,63,0.04121215172976509,0.0013591214619832386,0.2452961644752388,0.18133468504501124
llama32_3b,down,13,64,0.040588808297850915,0.001338564432055365,0.24663472890729418,0.19840919321528896
llama32_3b,down,13,65,0.04046552464596351,0.0013344987026488893,0.24796922760994305,0.19584553234315524
llama32_3b,down,13,66,0.04008499985670051,0.0013219495057203907,0.24929117711566345,0.19077385237156236
llama32_3b,down,13,67,0.03932069910792305,0.0012967438926312044,0.25058792100829463,0.1747543651629013
llama32_3b,down,13,68,0.0390750914715688,0.0012886440823620172,0.2518765650906567,0.1889173130875748
llama32_3b,down,13,69,0.03799255449154335,0.0012529434654034402,0.25312950855606015,0.2054714728360332
llama32_3b,down,13,70,0.03754127808092069,0.0012380609749432043,0.25436756953100326,0.1927066064430362
llama32_3b,down,13,71,0.03714336222738152,0.0012249382440517266,0.25559250777505504,0.18615922425386158
llama32_3b,down,13,72,0.03668416238514364,0.0012097944494491731,0.2568023022245042,0.18443559324148026
llama32_3b,down,13,73,0.03587184232916471,0.0011830052240449824,0.2579853074485492,0.1996104960024842
llama32_3b,down,13,74,0.03572607569891752,0.0011781980361818248,0.259163505484731,0.22179299721379286
llama32_3b,down,13,75,0.035468808841016684,0.0011697137204313935,0.2603332192051624,0.20345046178919513
llama32_3b,down,13,76,0.03477670633313666,0.0011468891084450996,0.2614801083136075,0.2266252175774435
llama32_3b,down,13,77,0.03451706942643135,0.0011383266316654349,0.2626184349452729,0.20468585624021776
llama32_3b,down,13,78,0.034321396837090234,0.001131873612239534,0.26375030855751247,0.21424869694408635
llama32_3b,down,13,79,0.03392561977925554,0.001118821415960367,0.26486912997347284,0.2201952193131061
llama32_3b,down,13,80,0.03373175135705191,0.0011124278955456715,0.2659815578690185,0.2200817296956049
llama32_3b,down,13,81,0.03308036574630793,0.0010909460721894356,0.2670725039412079,0.21329319397959282
llama32_3b,down,13,82,0.03291959620960796,0.0010856441086036755,0.2681581480498116,0.19628854438912824
llama32_3b,down,13,83,0.032611491191376366,0.0010754832185446192,0.2692336312683562,0.2180576698995171
llama32_3b,down,13,84,0.03253068265249644,0.0010728182613683138,0.27030644952972455,0.23701117480752001
llama32_3b,down,13,85,0.03205977622608555,0.001057288399328652,0.27136373792905316,0.2337796658094009
llama32_3b,down,13,86,0.03178274066718998,0.0010481521383467836,0.27241189006739996,0.21495356371116586
llama32_3b,down,13,87,0.03073601630627109,0.0010136325735098407,0.2734255226409098,0.22680842903703413
llama32_3b,down,13,88,0.030445676424614748,0.0010040575538162243,0.274429580194726,0.2346376478530053
llama32_3b,down,13,89,0.030324622545459704,0.0010000653593223582,0.2754296455540484,0.22602927098259734
llama32_3b,down,13,90,0.029924895823675576,0.0009868829084261426,0.27641652846247455,0.23268131240885634
llama32_3b,down,13,91,0.029375306847107204,0.0009687582014654043,0.2773852866639399,0.24667979273246116
llama32_3b,down,13,92,0.029149307800904287,0.0009613050561868896,0.2783465917201268,0.2143862687081917
llama32_3b,down,13,93,0.028727305852373746,0.0009473879982034221,0.2792939797183302,0.25013274070241753
llama32_3b,down,13,94,0.028493453562583426,0.0009396758634895631,0.2802336555818198,0.2351852872136731
llama32_3b,down,13,95,0.028443023620583624,0.00093801275167371,0.2811716683334935,0.27195951565086685
llama32_3b,down,13,96,0.027936008236550233,0.0009212920646658108,0.2820929603981593,0.24886958110680535
llama32_3b,down,13,97,0.027575495123031108,0.0009094028259499309,0.28300236322410927,0.25600018627517357
llama32_3b,down,13,98,0.02747572448619551,0.0009061125242280466,0.28390847574833733,0.27318149645688766
llama32_3b,down,13,99,0.027203412458663423,0.0008971320389720991,0.2848056077873094,0.2792413672823111
llama32_3b,down,13,100,0.026837450057090224,0.0008850630900485264,0.28569067087735794,0.2595920594618434
llama32_3b,down,13,101,0.026487655530849467,0.0008735273359579505,0.2865641982133159,0.253086951834223
llama32_3b,down,13,102,0.02619352354858946,0.0008638272578749969,0.2874280254711909,0.25407768926368846
llama32_3b,down,13,103,0.026036727928520593,0.0008586563487271824,0.28828668181991807,0.24245843694443647
llama32_3b,down,13,104,0.025633715301118687,0.0008453655330730077,0.2891320473529911,0.2725750747212334
llama32_3b,down,13,105,0.025554092912546386,0.0008427396935421679,0.28997478704653323,0.27502362262206037
llama32_3b,down,13,106,0.025456943139438002,0.0008395358243891034,0.2908143228709224,0.27332178419611664
llama32_3b,down,13,107,0.025054440590181522,0.0008262618304276975,0.2916405847013501,0.26560042838553205
llama32_3b,down,13,108,0.024668084088604054,0.0008135203114525685,0.2924541050128026,0.26389047314163944
llama32_3b,down,13,109,0.024525676861142348,0.0008088239121853362,0.29326292892498795,0.27660894235531897
llama32_3b,down,13,110,0.024449745218451415,0.0008063197885010988,0.2940692487134891,0.2620684224625931
llama32_3b,down,13,111,0.024243599834581266,0.0007995213903649409,0.29486877010385404,0.28548177334252983
llama32_3b,down,13,112,0.023765019808782442,0.0007837384633145706,0.29565250856716857,0.2666208804287323
llama32_3b,down,13,113,0.023582552992809806,0.0007777209525737023,0.29643022951974224,0.2767286280979038
llama32_3b,down,13,114,0.023125452111833342,0.0007626463788969811,0.29719287589863924,0.26774370870875247
llama32_3b,down,13,115,0.02295145796742959,0.0007569082854950839,0.2979497841841343,0.2718768436965361
llama32_3b,down,13,116,0.022663094517161076,0.0007473984458564899,0.2986971826299908,0.2913752880805577
llama32_3b,down,13,117,0.022185351427408934,0.0007316431198338653,0.29942882574982466,0.28649152556534235
llama32_3b,down,13,118,0.021980423963664956,0.0007248848870691568,0.30015371063689383,0.3085743950877411
llama32_3b,down,13,119,0.021843472151678953,0.0007203684000837604,0.3008740790369776,0.29318180548071615
llama32_3b,down,13,120,0.021562371233944853,0.0007110980690226508,0.30158517710600025,0.2829592475180435
llama32_3b,down,13,121,0.021322066140316592,0.0007031731294971522,0.3022883502354974,0.29753266423519165
llama32_3b,down,13,122,0.021135765126509224,0.0006970291720567559,0.3029853794075542,0.2874973484118227
llama32_3b,down,13,123,0.0208777672837273,0.0006885207494058456,0.30367390015696005,0.27077302822825267
llama32_3b,down,13,124,0.02073419946948568,0.0006837860755439885,0.30435768623250403,0.29862843457932986
llama32_3b,down,13,125,0.020411623056263116,0.0006731479382971115,0.30503083417080107,0.30212699671945364
llama32_3b,down,13,126,0.020043949317323347,0.0006610225517636112,0.3056918567225647,0.291908503200947
llama32_3b,down,13,127,0.019895573800680508,0.0006561293263279568,0.3063479860488927,0.27205810536446656
llama32_3b,down,13,128,0.019624368556940934,0.0006471853413163071,0.30699517139020893,0.3021672299778764
llama32_3b,down,14,1,2.160145514976425,0.05454888069930084,0.05454888069930084,0.0003066073494615273
llama32_3b,down,14,2,0.5427406218392159,0.013705508830822838,0.06825438953012368,0.003978042171464782
llama32_3b,down,14,3,0.4248589216980408,0.01072871178032326,0.07898310131044695,0.007417278893359295
llama32_3b,down,14,4,0.3784787053069315,0.009557499529488395,0.08854060083993534,0.009986424729061461
llama32_3b,down,14,5,0.33240787533163524,0.00839410003134503,0.09693470087128037,0.011966477723687525
llama32_3b,down,14,6,0.255502492900643,0.0064520537653516554,0.10338675463663202,0.019174025712472228
llama32_3b,down,14,7,0.24968557126461344,0.006305162473926587,0.10969191711055862,0.01962236950512092
llama32_3b,down,14,8,0.2374524306128858,0.005996246187795677,0.11568816329835428,0.025558938371199578
llama32_3b,down,14,9,0.21293892697416267,0.005377221137751686,0.12106538443610597,0.02988923044317072
llama32_3b,down,14,10,0.20641174615720467,0.005212394090120641,0.1262777785262266,0.026701000706033554
llama32_3b,down,14,11,0.20069703997555324,0.005068083985281309,0.13134586251150793,0.031808235383094255
llama32_3b,down,14,12,0.1890308357180039,0.004773484209550144,0.13611934672105808,0.03475718082203743
llama32_3b,down,14,13,0.17432489588265856,0.00440212378401969,0.14052147050507774,0.030428368757802804
llama32_3b,down,14,14,0.1590233978674827,0.004015724079016703,0.14453719458409445,0.048124227333332076
llama32_3b,down,14,15,0.15629799477825965,0.003946901082167272,0.14848409566626172,0.04801654723127102
llama32_3b,down,14,16,0.1462675124336144,0.003693607227201919,0.15217770289346366,0.04841931488024303
llama32_3b,down,14,17,0.13800918235449605,0.003485064488234544,0.1556627673816982,0.06007475008851264
llama32_3b,down,14,18,0.1351056680411434,0.003411743753686939,0.15907451113538515,0.045712118392501964
llama32_3b,down,14,19,0.13281867154241273,0.0033539915799078775,0.16242850271529302,0.05360274272998828
llama32_3b,down,14,20,0.12814841234513072,0.003236056278780662,0.16566455899407367,0.049551690368510835
llama32_3b,down,14,21,0.12404403850689369,0.00313241094688284,0.1687969699409565,0.06267868496305697
llama32_3b,down,14,22,0.12103064595224654,0.0030563155219107854,0.1718532854628673,0.06969718681160376
llama32_3b,down,14,23,0.1180622659118641,0.002981356771414398,0.1748346422342817,0.06835102577222164
llama32_3b,down,14,24,0.1139258510827402,0.002876902327270546,0.17771154456155225,0.07575257943898314
llama32_3b,down,14,25,0.11055220634298485,0.002791709666334115,0.18050325422788635,0.07577936526479892
llama32_3b,down,14,26,0.10660653467214051,0.002692071946671582,0.18319532617455792,0.0940596722877469
llama32_3b,down,14,27,0.10284177324688458,0.0025970026467453423,0.18579232882130325,0.09816699170777453
llama32_3b,down,14,28,0.1014840993210456,0.002562718107812348,0.18835504692911564,0.09848384917269956
llama32_3b,down,14,29,0.10040733448340154,0.002535527200411608,0.19089057412952723,0.09314771741672999
llama32_3b,down,14,30,0.09771541836440986,0.0024675498302717982,0.19335812395979904,0.08727546434463068
llama32_3b,down,14,31,0.09414375864410426,0.0023773568138149535,0.19573548077361397,0.09869559716534251
llama32_3b,down,14,32,0.09280954645313083,0.0023436647402354767,0.19807914551384945,0.10733823582738793
llama32_3b,down,14,33,0.0898792534657892,0.002269667779626904,0.20034881329347634,0.11338430985983058
llama32_3b,down,14,34,0.08880424748987989,0.0022425212877242263,0.2025913345812006,0.11319177354293415
llama32_3b,down,14,35,0.08642432337348448,0.0021824224676222576,0.20477375704882284,0.12089194235123747
llama32_3b,down,14,36,0.08548721332295696,0.0021587581801962787,0.20693251522901912,0.12941261201886867
llama32_3b,down,14,37,0.08313928379986409,0.0020994673006895074,0.2090319825297087,0.10223980459776572
llama32_3b,down,14,38,0.0812087483126024,0.0020507166266028345,0.2110826991563115,0.1139229880829512
llama32_3b,down,14,39,0.08054020337484509,0.0020338342555778237,0.21311653341188933,0.12116558990811917
llama32_3b,down,14,40,0.07980243538858695,0.002015203835734743,0.21513173724762405,0.10526219833091711
llama32_3b,down,14,41,0.07844103471560714,0.001980825187454127,0.21711256243507815,0.12339193908935596
llama32_3b,down,14,42,0.07784292545790236,0.0019657214871165872,0.21907828392219475,0.10654884572596907
llama32_3b,down,14,43,0.07541472468867898,0.0019044035651729061,0.22098268748736766,0.13708909120703522
llama32_3b,down,14,44,0.0741979181336086,0.0018736762668744925,0.22285636375424214,0.11440253254328708
llama32_3b,down,14,45,0.07314617116548382,0.001847117120977918,0.22470348087522007,0.13892757127756922
llama32_3b,down,14,46,0.07249679848126077,0.0018307188955641756,0.22653419977078426,0.12623027022790267
llama32_3b,down,14,47,0.07008796315259797,0.0017698899976698026,0.22830408976845404,0.15996179039602068
llama32_3b,down,14,48,0.06922002934124108,0.0017479725770134852,0.23005206234546755,0.14981873730933745
llama32_3b,down,14,49,0.06783808358509828,0.0017130751158646416,0.23176513746133223,0.15074674073120609
llama32_3b,down,14,50,0.06490589580327231,0.0016390303071284495,0.23340416776846065,0.14327299249374037
llama32_3b,down,14,51,0.06432881613266049,0.0016244576545511348,0.2350286254230118,0.1445254900044173
llama32_3b,down,14,52,0.0639492253772012,0.0016148720730750033,0.2366434974960868,0.14774520815811218
llama32_3b,down,14,53,0.06325786936646792,0.0015974136674774314,0.2382409111635642,0.16503690865612172
llama32_3b,down,14,54,0.06125023845014886,0.001546716147989393,0.23978762731155362,0.16075674279540136
llama32_3b,down,14,55,0.060572803106243425,0.001529609272781224,0.24131723658433482,0.1455184827507171
llama32_3b,down,14,56,0.05979005166573525,0.0015098429122978876,0.2428270794966327,0.18584001889696866
llama32_3b,down,14,57,0.05812115920210544,0.0014676993551776174,0.2442947788518103,0.17182876890688525
llama32_3b,down,14,58,0.05806360863338663,0.0014662460646073967,0.24576102491641771,0.17349357812724645
llama32_3b,down,14,59,0.057134850181663435,0.0014427926751804957,0.2472038175915982,0.18324730946538526
llama32_3b,down,14,60,0.056248373804767715,0.0014204070100524865,0.2486242246016507,0.1877689218372102
llama32_3b,down,14,61,0.05548284405586296,0.0014010755387903631,0.25002530014044105,0.1728310278568903
llama32_3b,down,14,62,0.05475330031870906,0.0013826528010594911,0.25140795294150053,0.18002370603324283
llama32_3b,down,14,63,0.05455384573687787,0.0013776160921369642,0.2527855690336375,0.19173164327006362
llama32_3b,down,14,64,0.053346559483728226,0.0013471292044081602,0.2541326982380457,0.1839460768246903
llama32_3b,down,14,65,0.052122212946929314,0.0013162115033980156,0.2554489097414437,0.19479029178360183
llama32_3b,down,14,66,0.051448939571131266,0.001299209727915856,0.25674811946935955,0.20751661528454124
llama32_3b,down,14,67,0.051129859149341005,0.0012911521782086504,0.2580392716475682,0.17736687204072515
llama32_3b,down,14,68,0.05094170421989952,0.0012864008127437174,0.2593256724603119,0.19379235366235487
llama32_3b,down,14,69,0.05016021950616475,0.0012666664401645115,0.2605923389004764,0.19229336930472896
llama32_3b,down,14,70,0.0494110870050269,0.0012477490389296308,0.26184008793940605,0.20223194039828443
llama32_3b,down,14,71,0.04858499007221773,0.001226888100293116,0.2630669760396992,0.20553374369893412
llama32_3b,down,14,72,0.048493302120479656,0.001224572758522736,0.26429154879822186,0.21542083644704946
llama32_3b,down,14,73,0.04763043653077401,0.0012027833226786891,0.26549433212090057,0.21310584710670183
llama32_3b,down,14,74,0.04747080765844156,0.0011987523089100995,0.26669308442981066,0.20820200221808974
llama32_3b,down,14,75,0.04642298976014762,0.0011722923814967133,0.2678653768113074,0.20065579806168596
llama32_3b,down,14,76,0.04589525348234132,0.001158965768516632,0.26902434257982405,0.203869976361951
llama32_3b,down,14,77,0.04531582180990287,0.001144333722224331,0.2701686763020484,0.18824268142966843
llama32_3b,down,14,78,0.044900562046244714,0.0011338474123206875,0.2713025237143691,0.2340977351969218
llama32_3b,down,14,79,0.04452491620775395,0.001124361449506166,0.2724268851638752,0.22329851503157702
llama32_3b,down,14,80,0.044106691418738755,0.001113800265565866,0.2735406854294411,0.227235015039701
llama32_3b,down,14,81,0.04348970402731761,0.0010982198468513554,0.2746389052762924,0.23046798512578423
llama32_3b,down,14,82,0.04312999477412017,0.0010891363212263163,0.2757280415975188,0.23131918370520926
llama32_3b,down,14,83,0.042827788964732445,0.001081504896153961,0.27680954649367273,0.2066543269604628
llama32_3b,down,14,84,0.042425892853266686,0.0010713560506776423,0.2778809025443504,0.21990305045662276
llama32_3b,down,14,85,0.042204575328831075,0.0010657672497596474,0.27894666979411,0.2029448379434147
llama32_3b,down,14,86,0.04192402474366789,0.0010586826712930192,0.28000535246540303,0.2403076369510388
llama32_3b,down,14,87,0.04139654121488649,0.001045362440835,0.281050714906238,0.20749012659858942
llama32_3b,down,14,88,0.041093492069536365,0.001037709719496961,0.282088424625735,0.25314794977829264
llama32_3b,down,14,89,0.04088972286287424,0.0010325640558982174,0.28312098868163316,0.22742178246552908
llama32_3b,down,14,90,0.040210949209302085,0.0010154233851453307,0.28413641206677853,0.25717080260051783
llama32_3b,down,14,91,0.03977758714606371,0.0010044799485465926,0.2851408920153251,0.2290925192193388
llama32_3b,down,14,92,0.03921352238539676,0.0009902359538143037,0.2861311279691394,0.24375042502565483
llama32_3b,down,14,93,0.03867520786803496,0.0009766422147894627,0.28710777018392886,0.257847216160384
llama32_3b,down,14,94,0.03828371887219663,0.0009667561740662723,0.2880745263579952,0.2328438442947219
llama32_3b,down,14,95,0.03790103416385375,0.0009570924628226942,0.28903161882081785,0.24300718699125975
llama32_3b,down,14,96,0.0377831477426304,0.0009541155465534907,0.28998573436737135,0.24995759995055952
llama32_3b,down,14,97,0.03747517969359632,0.0009463386110417459,0.2909320729784131,0.22128403339357813
llama32_3b,down,14,98,0.03699029745691494,0.0009340941658881372,0.2918661671443012,0.25237193449885953
llama32_3b,down,14,99,0.03617839132363858,0.0009135915791429076,0.2927797587234442,0.24336845489593123
llama32_3b,down,14,100,0.03598633352676246,0.0009087416568684444,0.2936885003803126,0.2745770130327633
llama32_3b,down,14,101,0.035512638323117275,0.0008967797112623151,0.29458528009157486,0.2694916482427456
llama32_3b,down,14,102,0.035267782651240635,0.0008905965153891001,0.29547587660696395,0.26184180209203284
llama32_3b,down,14,103,0.03500099647367008,0.0008838595213895652,0.29635973612835353,0.25882382243655816
llama32_3b,down,14,104,0.03445239322246331,0.0008700059670369301,0.2972297420953905,0.26163458619131585
llama32_3b,down,14,105,0.03417345451125883,0.0008629620922727451,0.29809270418766326,0.24417842919323005
llama32_3b,down,14,106,0.03374223623958589,0.0008520727915780635,0.2989447769792414,0.2527539148872334
llama32_3b,down,14,107,0.033448132977753876,0.0008446459753604881,0.2997894229546018,0.2624246359671287
llama32_3b,down,14,108,0.03331526345692093,0.0008412906997134358,0.30063071365431526,0.26091047186824223
llama32_3b,down,14,109,0.032938846187684744,0.0008317852564132675,0.30146249891072846,0.2512100489326233
llama32_3b,down,14,110,0.03244739568837356,0.0008193749467972368,0.30228187385752575,0.26687933884388004
llama32_3b,down,14,111,0.03202752044932817,0.0008087720850157112,0.3030906459425414,0.25033539748355327
llama32_3b,down,14,112,0.031806151566364994,0.0008031819871711094,0.30389382792971253,0.26025373464687834
llama32_3b,down,14,113,0.03130215868360102,0.0007904549521428749,0.30468428288185545,0.28196170144556687
llama32_3b,down,14,114,0.03099373900386507,0.0007826666118673743,0.30546694949372283,0.24002372211720419
llama32_3b,down,14,115,0.030903926341599067,0.0007803986256760421,0.3062473481193988,0.28069739971694124
llama32_3b,down,14,116,0.03039350070711007,0.0007675091481623436,0.30701485726756117,0.2635326929174902
llama32_3b,down,14,117,0.030049700061873106,0.0007588273532317005,0.3077736846207929,0.2762477559246589
llama32_3b,down,14,118,0.029730844129082466,0.0007507754724128053,0.30852446009320567,0.2823339050156206
llama32_3b,down,14,119,0.029634665789639556,0.0007483467375300142,0.3092728068307357,0.2587961045869953
llama32_3b,down,14,120,0.029385446197607436,0.0007420533421548249,0.31001486017289054,0.2635120352219337
llama32_3b,down,14,121,0.02921256992790099,0.000737687799673276,0.31075254797256374,0.27886531699725625
llama32_3b,down,14,122,0.028745360772298747,0.0007258896424130944,0.3114784376149769,0.2880252170789468
llama32_3b,down,14,123,0.02834331873168901,0.0007157371118741675,0.3121941747268511,0.3055574802612438
llama32_3b,down,14,124,0.027842839616769765,0.0007030988079529988,0.31289727353480407,0.29783948372663377
llama32_3b,down,14,125,0.027473911513733417,0.0006937824841499846,0.31359105601895404,0.264918775627641
llama32_3b,down,14,126,0.027379863658968072,0.0006914075491402587,0.3142824635680943,0.2822698180166401
llama32_3b,down,14,127,0.02709846078657008,0.0006843014483667438,0.31496676501646104,0.2906597541828474
llama32_3b,down,14,128,0.02660260687032242,0.0006717799418598223,0.3156385449583209,0.2715439813251353
llama32_3b,down,15,1,3.2054287277023175,0.07213559845418782,0.07213559845418782,0.00020081334437786863
llama32_3b,down,15,2,0.5956662928341954,0.013404991395139393,0.08554058984932722,0.005099048694938406
llama32_3b,down,15,3,0.45072147761585724,0.010143124769235273,0.09568371461856251,0.007762240260671212
llama32_3b,down,15,4,0.4027612674159925,0.009063818767246644,0.10474753338580915,0.011155426252463158
llama32_3b,down,15,5,0.3464828087233815,0.007797317265345898,0.11254485065115505,0.012880589868741655
llama32_3b,down,15,6,0.33864682792079015,0.007620974812373739,0.12016582546352879,0.013956751155020456
llama32_3b,down,15,7,0.300418964719187,0.006760687461155939,0.12692651292468474,0.017023289323666316
llama32_3b,down,15,8,0.25872073822579095,0.005822302371952753,0.13274881529663748,0.02195820933228057
llama32_3b,down,15,9,0.24855414448836974,0.0055935113471667595,0.13834232664380422,0.02394735327585895
llama32_3b,down,15,10,0.23658694177634773,0.00532419906391625,0.14366652570772048,0.029719213451410004
llama32_3b,down,15,11,0.2292354380397633,0.005158759378112708,0.1488252850858332,0.022832939506551367
llama32_3b,down,15,12,0.21295199025544928,0.004792313466940949,0.15361759855277413,0.0328872848280135
llama32_3b,down,15,13,0.19610133484017875,0.004413103003697505,0.15803070155647164,0.03477852145405817
llama32_3b,down,15,14,0.1952308882499673,0.004393514302453063,0.16242421585892472,0.038049446128484314
llama32_3b,down,15,15,0.1896852419489195,0.0042687139875110785,0.16669292984643577,0.03452719688093257
llama32_3b,down,15,16,0.17428109438298148,0.003922056021373092,0.17061498586780888,0.043648092347388506
llama32_3b,down,15,17,0.16718820357836983,0.003762436211848385,0.17437742207965726,0.0392975966574786
llama32_3b,down,15,18,0.15920127639830503,0.0035826968319130907,0.17796011891157035,0.047755104551953795
llama32_3b,down,15,19,0.15212471432188335,0.003423444487298709,0.1813835633988691,0.05286016908548015
llama32_3b,down,15,20,0.14411851508799478,0.0032432714052742046,0.18462683480414324,0.06223629241257677
llama32_3b,down,15,21,0.14327143480394472,0.0032242085439787376,0.18785104334812197,0.06365307534921899
llama32_3b,down,15,22,0.1403825571245725,0.0031591966725677528,0.19101024002068973,0.06795534608038818
llama32_3b,down,15,23,0.13477967457824064,0.0030331083019060584,0.1940433483225958,0.06164065446765992
llama32_3b,down,15,24,0.12988735919786992,0.0029230106744842694,0.1969663589970801,0.06348261258016835
llama32_3b,down,15,25,0.12888266976245283,0.0029004009458516934,0.1998667599429318,0.06908079320330093
llama32_3b,down,15,26,0.12271790436438161,0.0027616678529969662,0.20262842779592877,0.0853560940438332
llama32_3b,down,15,27,0.11845786675024433,0.0026657991287675495,0.20529422692469632,0.0646441434038299
llama32_3b,down,15,28,0.11704708369161271,0.0026340505893775097,0.20792827751407378,0.07936690621546835
llama32_3b,down,15,29,0.115463446268581,0.002598412101378207,0.210526689615452,0.07909289361629503
llama32_3b,down,15,30,0.11289462246508813,0.002540602785330444,0.21306729240078245,0.08947967469757981
llama32_3b,down,15,31,0.11142971731599265,0.0025076362717731857,0.21557492867255562,0.08673999772558282
llama32_3b,down,15,32,0.10689181931699156,0.002405514522799953,0.21798044319535556,0.09394019569546123
llama32_3b,down,15,33,0.10539820462700154,0.002371901924088508,0.22035234511944404,0.08353105157835886
llama32_3b,down,15,34,0.10386324849231766,0.0023373589693756395,0.22268970408881972,0.09267213838301427
llama32_3b,down,15,35,0.10248087412916702,0.002306249744855437,0.22499595383367513,0.10802055311145187
llama32_3b,down,15,36,0.09883368055676775,0.0022241725834605945,0.2272201264171358,0.10279539994829598
llama32_3b,down,15,37,0.0971404591819368,0.0021860679966596874,0.22940619441379545,0.1158794175815282
llama32_3b,down,15,38,0.09547454818684853,0.002148578008015253,0.23155477242181072,0.10998426693307647
llama32_3b,down,15,39,0.09273505918548275,0.0020869280087922664,0.23364170043060298,0.10345811469180127
llama32_3b,down,15,40,0.09110406642924353,0.0020502238270617636,0.2356919242576647,0.10040353798441626
llama32_3b,down,15,41,0.0899498733357562,0.0020242496387072218,0.23771617389637198,0.13941617225195696
llama32_3b,down,15,42,0.08940345741168822,0.0020119529872961654,0.23972812688366812,0.1196146803267793
llama32_3b,down,15,43,0.08584844473274748,0.0019319502828556157,0.24166007716652374,0.12576316016898018
llama32_3b,down,15,44,0.0849129607018073,0.0019108979662550286,0.24357097513277876,0.12701014006196137
llama32_3b,down,15,45,0.08307395100337797,0.0018695125303497524,0.2454404876631285,0.12169965573273338
llama32_3b,down,15,46,0.08026761841415463,0.001806358269880444,0.24724684593300894,0.12940025027011057
llama32_3b,down,15,47,0.07921135939933739,0.0017825880092915932,0.24902943394230057,0.15368731552277773
llama32_3b,down,15,48,0.07847860108302379,0.0017660978720401394,0.2507955318143407,0.13941505412711078
llama32_3b,down,15,49,0.0778275080211354,0.0017514455457342119,0.252546977360075,0.17303266764934028
llama32_3b,down,15,50,0.076474416422449,0.0017209953063041365,0.25426797266637907,0.14673153959022062
llama32_3b,down,15,51,0.07473729580659193,0.0016819028023501398,0.2559498754687292,0.13882051401230827
llama32_3b,down,15,52,0.07361821445428683,0.0016567187755240887,0.2576065942442533,0.14682259316949287
llama32_3b,down,15,53,0.07299953182450794,0.001642795819956051,0.25924939006420933,0.15880352894081357
llama32_3b,down,15,54,0.07137478817441704,0.0016062322693392323,0.2608556223335486,0.1665370728691454
llama32_3b,down,15,55,0.06977276188374712,0.0015701799546463226,0.2624258022881949,0.14923091257484067
llama32_3b,down,15,56,0.06855707209204363,0.0015428218325014454,0.2639686241206963,0.1538524988785124
llama32_3b,down,15,57,0.06717600422350871,0.0015117420095930047,0.2654803661302893,0.14678941067517057
llama32_3b,down,15,58,0.06701359819695496,0.001508087192433361,0.2669884533227227,0.15401757745891156
llama32_3b,down,15,59,0.06596027046456877,0.0014843828980007922,0.2684728362207235,0.164766183091703
llama32_3b,down,15,60,0.06548195587563056,0.0014736188124280147,0.2699464550331515,0.1827953542858781
llama32_3b,down,15,61,0.06446256719521676,0.001450678289095342,0.27139713332224685,0.1793610031033901
llama32_3b,down,15,62,0.06274682057888097,0.001412066789829892,0.2728092001120767,0.15782629789246597
llama32_3b,down,15,63,0.06197881279376056,0.0013947833916003992,0.27420398350367714,0.18140833725553526
llama32_3b,down,15,64,0.061151092519555576,0.001376156211773743,0.27558013971545087,0.18889551658926876
llama32_3b,down,15,65,0.06069431755828632,0.0013658768582179193,0.2769460165736688,0.18882694411453474
llama32_3b,down,15,66,0.05975660218114016,0.001344774326963506,0.2782907909006323,0.20508200257349463
llama32_3b,down,15,67,0.05836041913842941,0.0013133543492029266,0.27960414524983523,0.20212876602306853
llama32_3b,down,15,68,0.05796826699063238,0.0013045292801499293,0.28090867452998514,0.1686030504487991
llama32_3b,down,15,69,0.057204013470358125,0.001287330368634832,0.28219600489861996,0.22191407941578659
llama32_3b,down,15,70,0.05676586834518468,0.0012774702645741729,0.28347347516319416,0.19363217738613708
llama32_3b,down,15,71,0.056198911989118326,0.001264711367242031,0.28473818653043614,0.17803874614846718
llama32_3b,down,15,72,0.05581658218330485,0.0012561073421046517,0.28599429387254083,0.20550245354164018
llama32_3b,down,15,73,0.05439371358814323,0.0012240868274238509,0.2872183806999647,0.1976716534817759
llama32_3b,down,15,74,0.053774855121725716,0.0012101599147935182,0.2884285406147582,0.18342010609825413
llama32_3b,down,15,75,0.053300366025223485,0.0011994819188548252,0.2896280225336131,0.18901492161912412
llama32_3b,down,15,76,0.052667839834327844,0.0011852474250650003,0.29081326995867807,0.21457449674157567
llama32_3b,down,15,77,0.05191627935755704,0.0011683341602970645,0.2919816041189751,0.22227038061012724
llama32_3b,down,15,78,0.051581733603034856,0.0011608054768469528,0.2931424095958221,0.21244876155017328
llama32_3b,down,15,79,0.051355584418460644,0.0011557161711237582,0.2942981257669458,0.20697976636641466
llama32_3b,down,15,80,0.05068638264329577,0.0011406563227730742,0.2954387820897189,0.20313891837426987
llama32_3b,down,15,81,0.04977893549209083,0.0011202349536276624,0.2965590170433466,0.2204025542323501
llama32_3b,down,15,82,0.04965943496618643,0.001117545690292245,0.29767656273363885,0.2179712510996996
llama32_3b,down,15,83,0.049486965999028625,0.0011136644147383124,0.2987902271483771,0.20773377827600903
llama32_3b,down,15,84,0.048563155380230746,0.0010928747989002194,0.29988310194727735,0.19676030383976728
llama32_3b,down,15,85,0.04795670529879664,0.0010792271270057337,0.30096232907428305,0.22748454594993409
llama32_3b,down,15,86,0.04719922894913317,0.001062180730270831,0.30202450980455386,0.2471916366232859
llama32_3b,down,15,87,0.04684396865151589,0.0010541858826692732,0.30307869568722323,0.22110864214022816
llama32_3b,down,15,88,0.04658593906429005,0.0010483791340953421,0.3041270748213185,0.22818815402988854
llama32_3b,down,15,89,0.045827814839756925,0.0010313181574569644,0.3051583929787755,0.22370751488872354
llama32_3b,down,15,90,0.045016391600239083,0.001013057729303813,0.3061714507080793,0.23578905354785482
llama32_3b,down,15,91,0.04460592850971413,0.0010038205871947146,0.307175271295274,0.20791058527686188
llama32_3b,down,15,92,0.044542169738311446,0.00100238574726454,0.3081776570425386,0.2377854671434895
llama32_3b,down,15,93,0.04385052562602754,0.0009868208521459146,0.3091644778946845,0.22705775159461677
llama32_3b,down,15,94,0.04336632600205697,0.000975924328587443,0.31014040222327194,0.21879500779033462
llama32_3b,down,15,95,0.04308744361315972,0.0009696483044638754,0.3111100505277358,0.22744833999638422
llama32_3b,down,15,96,0.04241000012053409,0.0009544029828826735,0.31206445351061846,0.24804102712712747
llama32_3b,down,15,97,0.0422710864578077,0.0009512768424985089,0.31301573035311697,0.23458890216973763
llama32_3b,down,15,98,0.04129486266136451,0.0009293077102033333,0.3139450380633203,0.23648806670239492
llama32_3b,down,15,99,0.04087420828252951,0.0009198412213379301,0.3148648792846582,0.24992554346481638
llama32_3b,down,15,100,0.040173584746286684,0.0009040742514966779,0.3157689535361549,0.24771424554117927
llama32_3b,down,15,101,0.03988276830432467,0.0008975296610960406,0.31666648319725094,0.249431228320287
llama32_3b,down,15,102,0.03942155276729544,0.0008871503759500498,0.317553633573201,0.2434749692391547
llama32_3b,down,15,103,0.03909553680852161,0.0008798136487008923,0.31843344722190187,0.27124583450648254
llama32_3b,down,15,104,0.038654404372711865,0.0008698863176142019,0.3193033335395161,0.2619218082335348
llama32_3b,down,15,105,0.03844835692241708,0.0008652493852723533,0.32016858292478845,0.2628379963308899
llama32_3b,down,15,106,0.03823234662877578,0.0008603882471445841,0.321028971171933,0.2633809288937445
llama32_3b,down,15,107,0.03789484820088791,0.0008527931161523908,0.3218817642880854,0.2767345510031729
llama32_3b,down,15,108,0.03717983404489531,0.0008367022969742917,0.3227184665850597,0.28982737074449055
llama32_3b,down,15,109,0.03701398642288259,0.0008329700294736296,0.32355143661453334,0.2510213785164737
llama32_3b,down,15,110,0.03636070786125545,0.0008182685202517901,0.32436970513478514,0.25114624424497356
llama32_3b,down,15,111,0.035788340973666094,0.0008053878632542426,0.3251750929980394,0.25729417004274246
llama32_3b,down,15,112,0.03569676068284414,0.0008033269223797951,0.32597841992041915,0.2807279362815249
llama32_3b,down,15,113,0.03516757814339408,0.0007914180944452242,0.32676983801486437,0.276590109148435
llama32_3b,down,15,114,0.03499768356564214,0.0007875947534567498,0.3275574327683211,0.2774373653956458
llama32_3b,down,15,115,0.03474092429595616,0.0007818165923585511,0.32833924936067965,0.27567675457465085
llama32_3b,down,15,116,0.03443533858875877,0.000774939631508596,0.3291141889921882,0.2801041372771713
llama32_3b,down,15,117,0.03407537530575746,0.0007668389469990868,0.3298810279391873,0.2549348269436605
llama32_3b,down,15,118,0.03354295582728509,0.0007548572743521953,0.33063588521353954,0.2852825899759802
llama32_3b,down,15,119,0.033381828767759844,0.0007512312393180773,0.33138711645285757,0.27603971939028643
llama32_3b,down,15,120,0.033010392959094095,0.0007428723748348775,0.3321299888276925,0.26377614775660263
llama32_3b,down,15,121,0.03280401579273651,0.000738228022497911,0.3328682168501904,0.291921753971125
llama32_3b,down,15,122,0.032492329070157484,0.000731213763198008,0.3335994306133884,0.31439767940122854
llama32_3b,down,15,123,0.031534924910149476,0.0007096681517021593,0.3343090987650906,0.2906050932807463
llama32_3b,down,15,124,0.031089911146164908,0.0006996534744429373,0.3350087522395335,0.2801573447405129
llama32_3b,down,15,125,0.031046758449511172,0.0006986823576712158,0.3357074345972047,0.2938394553885391
llama32_3b,down,15,126,0.03082843409034799,0.0006937691433578681,0.3364012037405626,0.24152739518384828
llama32_3b,down,15,127,0.030438182684618457,0.0006849868489781497,0.33708619058954076,0.29487509202837076
llama32_3b,down,15,128,0.030030264906268086,0.0006758069870747783,0.3377619975766155,0.28399818383561054
llama32_3b,down,16,1,3.035779784653446,0.06978192348149855,0.06978192348149855,0.00014382191402326162
llama32_3b,down,16,2,0.47266691660088883,0.010864953635049114,0.08064687711654765,0.006147298008100198
llama32_3b,down,16,3,0.44922546478815556,0.010326116923321645,0.0909729940398693,0.006738382955621092
llama32_3b,down,16,4,0.4144251950786065,0.009526180850789795,0.1004991748906591,0.00975586389704611
llama32_3b,down,16,5,0.3728371551354713,0.00857021776159337,0.10906939265225246,0.00909451173626332
llama32_3b,down,16,6,0.3120587824695781,0.0071731362696677205,0.11624252892192019,0.01232314039311818
llama32_3b,down,16,7,0.2851369374878494,0.006554297533079251,0.12279682645499945,0.017388639132310563
llama32_3b,down,16,8,0.2562742876085728,0.005890846502958209,0.12868767295795766,0.020337017746688
llama32_3b,down,16,9,0.2333095608043664,0.005362968026157697,0.13405064098411532,0.027329171152547842
llama32_3b,down,16,10,0.22449764377770212,0.005160412978262417,0.13921105396237773,0.02689919456997121
llama32_3b,down,16,11,0.2158184674706978,0.004960909173671746,0.14417196313604952,0.029028285830991388
llama32_3b,down,16,12,0.20321673880059293,0.0046712396560613795,0.14884320279211088,0.03154585265117535
llama32_3b,down,16,13,0.18287015715505647,0.004203543148338251,0.15304674594044915,0.03626115280416698
llama32_3b,down,16,14,0.17536442738570557,0.004031012761554138,0.15707775870200327,0.0376170072922583
llama32_3b,down,16,15,0.1709684096430547,0.003929963741038313,0.16100772244304157,0.03954321444617239
llama32_3b,down,16,16,0.16601057598902166,0.0038160005443569614,0.16482372298739853,0.047250276382372926
llama32_3b,down,16,17,0.16178374950219052,0.003718840637052521,0.16854256362445105,0.04265211411211072
llama32_3b,down,16,18,0.15566278747965273,0.0035781412010627493,0.17212070482551378,0.05863414260295951
llama32_3b,down,16,19,0.15364069254962487,0.0035316603349627605,0.17565236516047658,0.05030043808025066
llama32_3b,down,16,20,0.14837845058150773,0.0034106998594313643,0.17906306501990793,0.04822486081235791
llama32_3b,down,16,21,0.14101369581229975,0.0032414099931627736,0.1823044750130707,0.0549901006677313
llama32_3b,down,16,22,0.139059653655678,0.0031964934214989407,0.18550096843456965,0.05785968406394687
llama32_3b,down,16,23,0.13036021031611442,0.0029965237489548704,0.18849749218352452,0.07452360574120044
llama32_3b,down,16,24,0.12634735635666064,0.0029042823191394998,0.19140177450266405,0.06152844500294055
llama32_3b,down,16,25,0.12533256647080424,0.002880955860967991,0.19428273036363203,0.07066758082331007
llama32_3b,down,16,26,0.1225377098775203,0.0028167119161600627,0.19709944227979206,0.07540249983828427
llama32_3b,down,16,27,0.11822928050944968,0.0027176762449931348,0.1998171185247852,0.0979197178700294
llama32_3b,down,16,28,0.11743016927124893,0.002699307482028434,0.20251642600681366,0.07323938816286059
llama32_3b,down,16,29,0.11455929541847339,0.002633316167199816,0.2051497421740135,0.08297222584610969
llama32_3b,down,16,30,0.10856392273786256,0.0024955035894376216,0.2076452457634511,0.08956170153576751
llama32_3b,down,16,31,0.105143498455362,0.002416880038822286,0.21006212580227338,0.08879493542439387
llama32_3b,down,16,32,0.10193323865264771,0.002343087432045865,0.2124052132343192,0.08957721559611706
llama32_3b,down,16,33,0.09864291397095766,0.0022674544146815334,0.21467266764900078,0.11193658197557846
llama32_3b,down,16,34,0.09683994025339847,0.002226010376272064,0.21689867802527288,0.10923732533116413
llama32_3b,down,16,35,0.09470093477192314,0.002176842146880268,0.21907552017215312,0.10863832520561868
llama32_3b,down,16,36,0.09380357800031477,0.002156215063885469,0.22123173523603856,0.09963770626795251
llama32_3b,down,16,37,0.09264324030240309,0.0021295429723004024,0.22336127820833895,0.11659943031156583
llama32_3b,down,16,38,0.09067724039163345,0.00208435153383326,0.2254456297421722,0.11535318028818034
llama32_3b,down,16,39,0.08935207421547514,0.0020538906139824795,0.2274995203561547,0.1421438802810026
llama32_3b,down,16,40,0.08851899989449037,0.00203474115893464,0.22953426151508938,0.10630827238572259
llama32_3b,down,16,41,0.0861646623432341,0.0019806232009450956,0.23151488471603443,0.10949456272947222
llama32_3b,down,16,42,0.08406269333352857,0.0019323063100634677,0.2334471910260979,0.14061318008756535
llama32_3b,down,16,43,0.0828116561658013,0.0019035493559681226,0.23535074038206605,0.1255657524353872
llama32_3b,down,16,44,0.08201584755622672,0.0018852565088452902,0.23723599689091132,0.12798869295186496
llama32_3b,down,16,45,0.08008286623644624,0.0018408240519095227,0.23907682094282082,0.12462207765176603
llama32_3b,down,16,46,0.07815437332287296,0.001796494767680843,0.24087331571050172,0.13253263640300653
llama32_3b,down,16,47,0.07736830643860465,0.001778425848635184,0.24265174155913688,0.13186875412034968
llama32_3b,down,16,48,0.07728164345507864,0.0017764337707790556,0.24442817532991593,0.14692036725100427
llama32_3b,down,16,49,0.07666851765982778,0.00176234016045033,0.24619051549036627,0.14359332366531696
llama32_3b,down,16,50,0.07436169630577118,0.0017093144330810302,0.2478998299234473,0.13274829881812875
llama32_3b,down,16,51,0.07286814095841497,0.0016749828371294842,0.24957481276057678,0.1351368989015839
llama32_3b,down,16,52,0.07180078063442037,0.0016504479690759104,0.2512252607296527,0.16307205602549027
llama32_3b,down,16,53,0.07044696495478492,0.0016193284976827775,0.2528445892273355,0.14894685988840564
llama32_3b,down,16,54,0.0691149612669424,0.001588710407433945,0.2544332996347694,0.16171021990979534
llama32_3b,down,16,55,0.0683627041733722,0.0015714186568243328,0.25600471829159377,0.15436219774136065
llama32_3b,down,16,56,0.06771838853130849,0.0015566081013750495,0.2575613263929688,0.1516249046805515
llama32_3b,down,16,57,0.06646450629496814,0.0015277857491367759,0.25908911214210556,0.15092360537182842
llama32_3b,down,16,58,0.06607710474449095,0.0015188807470385755,0.26060799288914416,0.17433482479527088
llama32_3b,down,16,59,0.06540139857303612,0.001503348633480536,0.2621113415226247,0.166402745353626
llama32_3b,down,16,60,0.06513865271522147,0.0014973090282898733,0.26360865055091454,0.17064946236775808
llama32_3b,down,16,61,0.06342499447503123,0.0014579180392613178,0.26506656859017586,0.14667867629017706
llama32_3b,down,16,62,0.062170805999859045,0.0014290886476670147,0.26649565723784285,0.17391187566766908
llama32_3b,down,16,63,0.06119441629317996,0.0014066448748531772,0.26790230211269606,0.1855585622928631
llama32_3b,down,16,64,0.060570703271525604,0.0013923079013442548,0.2692946100140403,0.16691462471594795
llama32_3b,down,16,65,0.06030528117854791,0.001386206778899175,0.2706808167929395,0.1740248008561772
llama32_3b,down,16,66,0.05884653281245856,0.0013526752732953096,0.2720334920662348,0.17211596825526426
llama32_3b,down,16,67,0.058373842496956124,0.0013418097818016302,0.27337530184803643,0.16585967104274746
llama32_3b,down,16,68,0.05779703462838229,0.0013285509931530522,0.2747038528411895,0.1646106069324885
llama32_3b,down,16,69,0.05654567282883996,0.0012997865769115422,0.276003639418101,0.21650800257155178
llama32_3b,down,16,70,0.05576351725458217,0.001281807565156671,0.2772854469832577,0.17538329174549652
llama32_3b,down,16,71,0.05569114726102114,0.0012801440329800085,0.27856559101623773,0.18563196036994176
llama32_3b,down,16,72,0.05436146381765472,0.001249579277009014,0.2798151702932467,0.19539438589987537
llama32_3b,down,16,73,0.053618027266535875,0.0012324902797155404,0.28104766057296227,0.2020051738455916
llama32_3b,down,16,74,0.05309285949776688,0.0012204185157356738,0.28226807908869794,0.1828720199099176
llama32_3b,down,16,75,0.05295573001621437,0.0012172663901970791,0.28348534547889503,0.18600566576249547
llama32_3b,down,16,76,0.05205554206400407,0.001196574228295989,0.28468191970719103,0.21256543168688427
llama32_3b,down,16,77,0.05125429411216312,0.001178156349783284,0.2858600760569743,0.21844984784084284
llama32_3b,down,16,78,0.05043688762397932,0.0011593670432268356,0.28701944310020117,0.20809743513753354
llama32_3b,down,16,79,0.049868746823500947,0.0011463074800575576,0.2881657505802587,0.18659825224176224
llama32_3b,down,16,80,0.04920887471278086,0.0011311393359877465,0.28929688991624647,0.2222902722713233
llama32_3b,down,16,81,0.04897907871016557,0.001125857132333872,0.2904227470485803,0.22784223684985055
llama32_3b,down,16,82,0.04849196687979182,0.0011146601408241752,0.29153740718940446,0.2022641590958651
llama32_3b,down,16,83,0.04814089349015609,0.001106590195653647,0.2926439973850581,0.22172025342706944
llama32_3b,down,16,84,0.047549715618607914,0.0010930010910667875,0.2937369984761249,0.22302909400344317
llama32_3b,down,16,85,0.04704964996197443,0.0010815063365515463,0.2948185048126764,0.21980352366388672
llama32_3b,down,16,86,0.046917797013257774,0.00107847549998538,0.2958969803126618,0.22108909111925676
llama32_3b,down,16,87,0.04623710737059258,0.001062828833913212,0.29695980914657505,0.22120759272591484
llama32_3b,down,16,88,0.04591583218969752,0.0010554438449877773,0.2980152529915628,0.19481639167918208
llama32_3b,down,16,89,0.0454347854220124,0.001044386267984557,0.29905963925954737,0.24235698362885122
llama32_3b,down,16,90,0.044507917408682734,0.0010230808251093576,0.30008272008465675,0.2470146267755482
llama32_3b,down,16,91,0.043841058510447624,0.0010077520793140128,0.30109047216397067,0.24271349017880464
llama32_3b,down,16,92,0.043526268335640265,0.0010005161579200498,0.3020909883218908,0.23761846199030323
llama32_3b,down,16,93,0.04289173772399755,0.0009859305259805528,0.30307691884787136,0.22082075930813425
llama32_3b,down,16,94,0.04252233184658095,0.000977439181251988,0.30405435802912334,0.24323889332735454
llama32_3b,down,16,95,0.04120325492441089,0.0009471182319807648,0.30500147626110413,0.2237237334428429
llama32_3b,down,16,96,0.04108209187438071,0.0009443331186702629,0.30594580937977445,0.23517679606514794
llama32_3b,down,16,97,0.04080910784607437,0.0009380581738698385,0.3068838675536443,0.22397682742233976
llama32_3b,down,16,98,0.0403597172153774,0.0009277282603619067,0.3078115958140062,0.24297433474033253
llama32_3b,down,16,99,0.03990533432486001,0.0009172835923205433,0.3087288794063267,0.24674212550724264
llama32_3b,down,16,100,0.039603701973651144,0.0009103501231150343,0.3096392295294417,0.2627356110246399
llama32_3b,down,16,101,0.039123429768191074,0.0008993103505791186,0.3105385398800208,0.241987036177941
llama32_3b,down,16,102,0.03869900819337616,0.0008895543880394932,0.3114280942680603,0.25479752981207643
llama32_3b,down,16,103,0.03802076509199923,0.0008739639593656485,0.31230205822742596,0.2611301162055294
llama32_3b,down,16,104,0.03801321059101373,0.0008737903078997628,0.31317584853532576,0.2607909541743252
llama32_3b,down,16,105,0.037247743646232324,0.0008561949091694657,0.3140320434444952,0.2687006268453795
llama32_3b,down,16,106,0.03699869489748441,0.000850470152447603,0.3148825135969428,0.2586780303056686
llama32_3b,down,16,107,0.036704403819098855,0.000843705433340834,0.31572621903028364,0.2604980108722262
llama32_3b,down,16,108,0.036528723784942235,0.0008396671658872071,0.3165658861961709,0.2602048797477144
llama32_3b,down,16,109,0.03605320357431061,0.0008287366250357435,0.3173946228212066,0.26248763034804357
llama32_3b,down,16,110,0.03542143829196763,0.0008142145583121988,0.31820883737951877,0.2515599807764197
llama32_3b,down,16,111,0.03524576606919709,0.0008101764704149247,0.3190190138499337,0.26006120627261525
llama32_3b,down,16,112,0.03482574326608371,0.000800521620199665,0.3198195354701333,0.2583025988193647
llama32_3b,down,16,113,0.03428345152510248,0.0007880562361935188,0.32060759170632686,0.2772861632707614
llama32_3b,down,16,114,0.03363622669897389,0.0007731788088120768,0.32138077051513897,0.28282893392250535
llama32_3b,down,16,115,0.03352582667149626,0.0007706410996182993,0.3221514116147572,0.27817091141993083
llama32_3b,down,16,116,0.03328223755615404,0.000765041840708392,0.32291645345546566,0.2609200777848
llama32_3b,down,16,117,0.03301280680152147,0.0007588485731998667,0.32367530202866557,0.2951712003926006
llama32_3b,down,16,118,0.03289471327450298,0.0007561340174512173,0.32443143604611674,0.27905506913631356
llama32_3b,down,16,119,0.032320053256013295,0.0007429246003384073,0.3251743606464551,0.28951432043290654
llama32_3b,down,16,120,0.03176146981941965,0.0007300847274242197,0.3259044453738793,0.2651961372050963
llama32_3b,down,16,121,0.03139325094084956,0.0007216206676334815,0.32662606604151284,0.2988065728652392
llama32_3b,down,16,122,0.031086909471421488,0.0007145789523262955,0.3273406449938391,0.2782181900899443
llama32_3b,down,16,123,0.030754344078646263,0.0007069344410516134,0.32804757943489077,0.2975003307166
llama32_3b,down,16,124,0.030092455839613563,0.0006917199532672974,0.32873929938815805,0.2903974509161449
llama32_3b,down,16,125,0.030052641012621385,0.0006908047501209286,0.32943010413827895,0.2731317169138525
llama32_3b,down,16,126,0.029504977709018894,0.0006782158927410853,0.3301083200310201,0.2884137223150152
llama32_3b,down,16,127,0.029095332644099227,0.0006687995903072575,0.3307771196213273,0.30309543218935314
llama32_3b,down,16,128,0.02871335966146881,0.0006600193719328347,0.3314371389932601,0.3200582007881338
llama32_3b,down,17,1,2.4223762927342154,0.05331014700281699,0.05331014700281699,0.00031351417487520935
llama32_3b,down,17,2,0.6847717975152288,0.015070030737344845,0.06838017774016183,0.003817817635901984
llama32_3b,down,17,3,0.5107349891296269,0.01123993717724596,0.0796201149174078,0.0062041718697702945
llama32_3b,down,17,4,0.4721731705020628,0.010391292717713609,0.09001140763512139,0.007857220319247057
llama32_3b,down,17,5,0.3599504026845299,0.007921564018931262,0.09793297165405265,0.011826859604411367
llama32_3b,down,17,6,0.3415992260560461,0.007517702766377932,0.1054506744204306,0.011786842192855761
llama32_3b,down,17,7,0.318466996066709,0.007008623072635305,0.11245929749306591,0.016275505784347468
llama32_3b,down,17,8,0.2866665656914419,0.006308779029765809,0.11876807652283171,0.01812805512060209
llama32_3b,down,17,9,0.2679512872872199,0.005896904852363929,0.12466498137519565,0.02038126282773894
llama32_3b,down,17,10,0.2532484248626962,0.005573333423942775,0.1302383147991384,0.027707484553180128
llama32_3b,down,17,11,0.23333310432540866,0.005135049467550245,0.13537336426668864,0.02345213250576345
llama32_3b,down,17,12,0.20881886216404535,0.004595555311665059,0.13996891957835372,0.035101644165417854
llama32_3b,down,17,13,0.19310976636194538,0.004249839326496618,0.14421875890485036,0.03622113274454045
llama32_3b,down,17,14,0.18973636031584326,0.004175599509686444,0.1483943584145368,0.03816717704810956
llama32_3b,down,17,15,0.18532075431592093,0.004078423606145595,0.15247278202068237,0.042204377628488894
llama32_3b,down,17,16,0.17907879585463551,0.00394105447643825,0.15641383649712062,0.044135280887791055
llama32_3b,down,17,17,0.1746586615973247,0.003843778917832344,0.16025761541495298,0.047112090560476744
llama32_3b,down,17,18,0.16446785236051878,0.0036195059425223938,0.16387712135747537,0.05095254587353475
llama32_3b,down,17,19,0.15928587918346437,0.003505464308007547,0.16738258566548292,0.06395910747524287
llama32_3b,down,17,20,0.15353494534533108,0.00337890134203321,0.17076148700751612,0.06015410267981249
llama32_3b,down,17,21,0.147816327650715,0.0032530495695950036,0.17401453657711116,0.06490238779385742
llama32_3b,down,17,22,0.14513134277491005,0.003193960096642831,0.17720849667375396,0.05806593436453268
llama32_3b,down,17,23,0.1417886749244543,0.0031203967468759583,0.1803288934206299,0.0597001835857847
llama32_3b,down,17,24,0.1367481355617769,0.003009467699558329,0.18333836112018825,0.06771504455207246
llama32_3b,down,17,25,0.13462944055617695,0.002962840780965438,0.1863012019011537,0.058164829049611434
llama32_3b,down,17,26,0.13138671522494366,0.0028914769038434897,0.18919267880499718,0.0683918205375832
llama32_3b,down,17,27,0.12890112436993073,0.002836775570170829,0.192029454375168,0.07526906998897624
llama32_3b,down,17,28,0.1277603113959567,0.002811669269581737,0.19484112364474973,0.0860667612173774
llama32_3b,down,17,29,0.12092053856166028,0.002661143813914134,0.19750226745866387,0.08313454402906632
llama32_3b,down,17,30,0.11885470196955765,0.002615680170326175,0.20011794762899004,0.09314720097923859
llama32_3b,down,17,31,0.11527921419484956,0.0025369930648388122,0.20265494069382883,0.07743116664889431
llama32_3b,down,17,32,0.11317650690619512,0.0024907179939514827,0.2051456586877803,0.09049457631538281
llama32_3b,down,17,33,0.1089421509866791,0.002397530929163603,0.20754318961694393,0.10891662137046902
llama32_3b,down,17,34,0.10750913163732594,0.002365993932867429,0.20990918354981136,0.09397179660469097
llama32_3b,down,17,35,0.10517562880791491,0.0023146396576293003,0.21222382320744065,0.10493977885291303
llama32_3b,down,17,36,0.10338720761331344,0.0022752811991300454,0.21449910440657072,0.10519446737862764
llama32_3b,down,17,37,0.10263265747912165,0.0022586755302686826,0.21675777993683945,0.09501604784316152
llama32_3b,down,17,38,0.10131759806442014,0.002229734522661626,0.21898751445950104,0.1151716471135199
llama32_3b,down,17,39,0.09845476269816375,0.0021667310270124312,0.2211542454865135,0.1133510514917933
llama32_3b,down,17,40,0.0973232459185625,0.0021418293112725494,0.223296074797786,0.115620079251471
llama32_3b,down,17,41,0.0952709668985174,0.002096664034276749,0.22539273883206273,0.10134470797407033
llama32_3b,down,17,42,0.09413077504943176,0.002071571403016904,0.22746431023507965,0.12522205181700063
llama32_3b,down,17,43,0.09189434130280683,0.002022353363626309,0.22948666359870595,0.12742523453006505
llama32_3b,down,17,44,0.08967032270066279,0.0019734085489941148,0.23146007214770006,0.12557612161662082
llama32_3b,down,17,45,0.08844253688701217,0.0019463882043804345,0.2334064603520805,0.11143436491397715
llama32_3b,down,17,46,0.08714873944329761,0.001917915116973176,0.23532437546905366,0.12267788331633654
llama32_3b,down,17,47,0.08464662610797588,0.001862850166856301,0.23718722563590997,0.12052464581653094
llama32_3b,down,17,48,0.08327156414549322,0.0018325886605916441,0.23901981429650168,0.13572133515527973
llama32_3b,down,17,49,0.0818449371487331,0.0018011923432054528,0.2408210066397071,0.1350286305134689
llama32_3b,down,17,50,0.08134724380720322,0.0017902394184765975,0.24261124605818368,0.14414941213841295
llama32_3b,down,17,51,0.08053661736111917,0.0017723996571089142,0.2443836457152926,0.12100303161210525
llama32_3b,down,17,52,0.07944416644638416,0.0017483576785638924,0.2461320033938565,0.145329080943001
llama32_3b,down,17,53,0.0777947773265599,0.0017120589512743228,0.24784406234513082,0.13505236738940954
llama32_3b,down,17,54,0.07553941098555844,0.0016624242551519126,0.24950648660028274,0.17551180607114086
llama32_3b,down,17,55,0.07326722403212914,0.0016124193814795094,0.25111890598176223,0.14849072128261875
llama32_3b,down,17,56,0.07297278808511291,0.001605939618750065,0.2527248456005123,0.15163630600262956
llama32_3b,down,17,57,0.07168681795715458,0.0015776387900273278,0.2543024843905396,0.14298545271699029
llama32_3b,down,17,58,0.07112286035735851,0.0015652275628209433,0.25586771195336055,0.16109665557059477
llama32_3b,down,17,59,0.06933010414912978,0.0015257737020448327,0.25739348565540543,0.15171491650958002
llama32_3b,down,17,60,0.06876009485628562,0.001513229292951316,0.2589067149483567,0.17094272871619934
llama32_3b,down,17,61,0.06798120650800127,0.001496088003850046,0.26040280295220675,0.16954420386948174
llama32_3b,down,17,62,0.06703953654015389,0.0014753643183662278,0.261878167270573,0.16196830468449835
llama32_3b,down,17,63,0.0654923281105552,0.0014413143199934302,0.2633194815905664,0.19236967795595886
llama32_3b,down,17,64,0.06452614398446446,0.0014200511422005416,0.26473953273276696,0.16889660116694652
llama32_3b,down,17,65,0.06449026606653223,0.0014192615633539934,0.266158794296121,0.19352656529898335
llama32_3b,down,17,66,0.06296647336087315,0.0013857268836330262,0.26754452117975397,0.16364254913052403
llama32_3b,down,17,67,0.061462057573986616,0.0013526186390581281,0.2688971398188121,0.17172348298050896
llama32_3b,down,17,68,0.0613829217717135,0.0013508770676660122,0.2702480168864782,0.1981135947222384
llama32_3b,down,17,69,0.0610552990736351,0.001343666951612447,0.27159168383809057,0.18635273521990534
llama32_3b,down,17,70,0.06040290488633815,0.0013293094671320619,0.2729209933052226,0.1881409433718585
llama32_3b,down,17,71,0.059445591467438726,0.0013082415103318023,0.2742292348155545,0.20845127717788542
llama32_3b,down,17,72,0.05875596697249756,0.0012930646844553568,0.27552229950000984,0.1977929936585774
llama32_3b,down,17,73,0.05707821549974372,0.0012561417761875646,0.2767784412761974,0.20298785969460775
llama32_3b,down,17,74,0.05703127165616775,0.0012551086653494925,0.2780335499415469,0.20862356350103234
llama32_3b,down,17,75,0.056564837152362595,0.0012448436656301582,0.279278393607177,0.20057326252332627
llama32_3b,down,17,76,0.05566168652666552,0.0012249676898100465,0.2805033612969871,0.19621817577119197
llama32_3b,down,17,77,0.05491858842263419,0.0012086140500876604,0.28171197534707476,0.19637437462361823
llama32_3b,down,17,78,0.05448526478147744,0.0011990777335875562,0.2829110530806623,0.18863998950740182
llama32_3b,down,17,79,0.05433238609681011,0.00119571327482132,0.2841067663554836,0.19881274250577463
llama32_3b,down,17,80,0.0533341972596798,0.0011737457573040792,0.2852805121127877,0.20814252835995165
llama32_3b,down,17,81,0.052486223980858705,0.0011550840901287502,0.2864355962029164,0.23171359208883996
llama32_3b,down,17,82,0.05165928517178385,0.0011368853364477703,0.2875724815393642,0.20519345575461165
llama32_3b,down,17,83,0.05051304733448213,0.0011116596488491795,0.2886841411882134,0.20952192703394754
llama32_3b,down,17,84,0.05026365555679094,0.0011061711901114149,0.2897903123783248,0.20967333318295525
llama32_3b,down,17,85,0.04945858448077739,0.0010884536878642496,0.290878766066189,0.23203637699671417
llama32_3b,down,17,86,0.04909336431599875,0.0010804161502070567,0.2919591822163961,0.22934765397678414
llama32_3b,down,17,87,0.04859667702929347,0.0010694853661054663,0.29302866758250157,0.24083291910848964
llama32_3b,down,17,88,0.04786548850398009,0.0010533938249654103,0.29408206140746695,0.21375694500812487
llama32_3b,down,17,89,0.04763863248540038,0.0010484013191622316,0.2951304627266292,0.22777864655149288
llama32_3b,down,17,90,0.04706058998769882,0.0010356801203052352,0.29616614284693443,0.22738227707289546
llama32_3b,down,17,91,0.04604360097785969,0.001013298860309672,0.2971794417072441,0.21693382294455096
llama32_3b,down,17,92,0.045452816960493636,0.001000297254032742,0.2981797389612769,0.2503180166844703
llama32_3b,down,17,93,0.04514793539028404,0.0009935876105413182,0.2991733265718182,0.21286085608102215
llama32_3b,down,17,94,0.04436845202154289,0.0009764332266008537,0.30014975979841907,0.26992591114653636
llama32_3b,down,17,95,0.043961972561679025,0.000967487680104232,0.3011172474785233,0.23074859153490082
llama32_3b,down,17,96,0.04345682472958456,0.0009563707015952019,0.3020736181801184,0.2538896058829582
llama32_3b,down,17,97,0.04304070804105132,0.0009472130649792186,0.30302083124509765,0.23255784906148932
llama32_3b,down,17,98,0.04250905989750781,0.0009355128841398131,0.30395634412923744,0.24627987302915966
llama32_3b,down,17,99,0.042261833030657864,0.0009300720694099347,0.3048864161986474,0.25334708246467275
llama32_3b,down,17,100,0.04135838968605623,0.0009101896516146932,0.3057966058502621,0.2593933984783988
llama32_3b,down,17,101,0.0409614860638734,0.0009014548441828411,0.306698060694445,0.26436270259904826
llama32_3b,down,17,102,0.040243131409456595,0.0008856457428710494,0.30758370643731603,0.2627788432946041
llama32_3b,down,17,103,0.040122329637219165,0.0008829872127923434,0.30846669365010837,0.260037519863
llama32_3b,down,17,104,0.0393928635056525,0.0008669335770198842,0.3093336272271282,0.26054019101391285
llama32_3b,down,17,105,0.03926684357262465,0.0008641602089122329,0.31019778743604043,0.24336382112946825
llama32_3b,down,17,106,0.03888479912002143,0.0008557524128192073,0.31105353984885964,0.2514070129408564
llama32_3b,down,17,107,0.038121126445891634,0.0008389459807871544,0.3118924858296468,0.25219170225989523
llama32_3b,down,17,108,0.037627915766934375,0.0008280917077010797,0.31272057753734794,0.2556048266644402
llama32_3b,down,17,109,0.03717594441574101,0.0008181450040260764,0.313538722541374,0.27383557326092417
llama32_3b,down,17,110,0.03697267070827001,0.0008136714830212721,0.31435239402439524,0.27627581238155935
llama32_3b,down,17,111,0.036316153439231114,0.0007992232603288154,0.315151617284724,0.275266190859767
llama32_3b,down,17,112,0.036089414441210846,0.0007942333298411419,0.3159458506145652,0.2801800991018074
llama32_3b,down,17,113,0.03546387153124851,0.000780466771529501,0.31672631738609475,0.25880719558419346
llama32_3b,down,17,114,0.03518015040694225,0.0007742228139371409,0.3175005402000318,0.284477729395432
llama32_3b,down,17,115,0.03480526314857897,0.0007659725289121535,0.318266512728944,0.27436756987165345
llama32_3b,down,17,116,0.03459048832155576,0.0007612458984396481,0.31902775862738364,0.2778384929747483
llama32_3b,down,17,117,0.034448233066252755,0.0007581152334827325,0.31978587386086643,0.29871489610030827
llama32_3b,down,17,118,0.03381361175274696,0.0007441488833266518,0.320530022744193,0.28784756336274603
llama32_3b,down,17,119,0.033563763729958965,0.0007386503838312835,0.32126867312802426,0.2742051477471574
llama32_3b,down,17,120,0.03323885405076609,0.0007314999742056759,0.32200017310223,0.2859078201680161
llama32_3b,down,17,121,0.032831156521322596,0.0007225276211932603,0.3227227007234233,0.2946895312846217
llama32_3b,down,17,122,0.03212464967727953,0.0007069792591045942,0.32342967998252786,0.2920816804334464
llama32_3b,down,17,123,0.031991339654258225,0.0007040454552420271,0.3241337254377699,0.30994330452830454
llama32_3b,down,17,124,0.031325446817579594,0.0006893909009029934,0.3248231163386729,0.29482468417295865
llama32_3b,down,17,125,0.030924020307940718,0.0006805565565842082,0.3255036728952571,0.3004693709825691
llama32_3b,down,17,126,0.03059807469806049,0.0006733833488419773,0.3261770562440991,0.28647637096123674
llama32_3b,down,17,127,0.030322544062271774,0.0006673196424138168,0.3268443758865129,0.30592327792894464
llama32_3b,down,17,128,0.029898934039120133,0.0006579970971619431,0.32750237298367485,0.301333197538554
llama32_3b,down,18,1,3.354316360923156,0.0706434577477673,0.0706434577477673,0.0001386169411876631
llama32_3b,down,18,2,0.5314939821547752,0.011193509684700727,0.08183696743246803,0.006004727594227377
llama32_3b,down,18,3,0.45464157257722454,0.009574962307341357,0.09141192973980938,0.008870511384645051
llama32_3b,down,18,4,0.4412481389037375,0.009292890384480118,0.1007048201242895,0.007675339521148631
llama32_3b,down,18,5,0.3698886682849822,0.007790026848325256,0.10849484697261474,0.01271774421303108
llama32_3b,down,18,6,0.31119107363819626,0.006553828290660113,0.11504867526327488,0.01559886945373054
llama32_3b,down,18,7,0.27887926536095936,0.0058733266273767095,0.1209220018906516,0.022388423813836957
llama32_3b,down,18,8,0.26956029165712664,0.005677064720548673,0.12659906661120027,0.02195034177646666
llama32_3b,down,18,9,0.2558759488035234,0.005388866115477792,0.13198793272667805,0.026818015839054233
llama32_3b,down,18,10,0.22688346971369358,0.004778271063846543,0.1367662037905246,0.030706294912114324
llama32_3b,down,18,11,0.21863788053384495,0.004604615132754888,0.1413708189232795,0.0369579705773921
llama32_3b,down,18,12,0.20118966231986946,0.004237147567520948,0.14560796649080043,0.035934498309787906
llama32_3b,down,18,13,0.1945876303758227,0.004098105713829986,0.14970607220463042,0.03820462615656966
llama32_3b,down,18,14,0.1855399277434688,0.003907556901538724,0.15361362910616913,0.04460429913800438
llama32_3b,down,18,15,0.17754489022817233,0.003739177704667675,0.15735280681083683,0.0445679912835158
llama32_3b,down,18,16,0.16447828881465704,0.0034639890207331216,0.16081679583156994,0.04366715638765421
llama32_3b,down,18,17,0.15748954987685218,0.003316802938461765,0.1641335987700317,0.0620185018097707
llama32_3b,down,18,18,0.15570963989232303,0.0032793172089546326,0.16741291597898633,0.052431420203889724
llama32_3b,down,18,19,0.14636965280736458,0.0030826127505774966,0.17049552872956383,0.06219534309415322
llama32_3b,down,18,20,0.14602047405370555,0.003075258884133086,0.1735707876136969,0.07615166025449054
llama32_3b,down,18,21,0.1414988160285466,0.002980030669713186,0.1765508182834101,0.0667089131826243
llama32_3b,down,18,22,0.1358081830746305,0.002860183301313091,0.1794110015847232,0.07432178057256596
llama32_3b,down,18,23,0.1321229539465776,0.0027825706672660157,0.18219357225198923,0.06988476762891163
llama32_3b,down,18,24,0.12957757366963307,0.0027289637784999113,0.1849225360304891,0.08164894168612373
llama32_3b,down,18,25,0.12553435218282985,0.0026438116593988856,0.187566347689888,0.09236523240560637
llama32_3b,down,18,26,0.122006829494312,0.002569520396087032,0.19013586808597505,0.07445976515088519
llama32_3b,down,18,27,0.1190275071012561,0.002506774485163801,0.19264264257113886,0.08911992424771314
llama32_3b,down,18,28,0.11595562733879661,0.002442079273127866,0.1950847218442667,0.08589442855766162
llama32_3b,down,18,29,0.11155303831045435,0.002349358706985773,0.19743408055125247,0.09385764782844587
llama32_3b,down,18,30,0.10733679494196134,0.002260562666836934,0.19969464321808938,0.10732443733957438
llama32_3b,down,18,31,0.10588556123437924,0.0022299990121089413,0.20192464223019838,0.09561427964560927
llama32_3b,down,18,32,0.10292737660003291,0.0021676982721843905,0.20409234050238273,0.08140338282753433
llama32_3b,down,18,33,0.10129927227618198,0.0021334096402739326,0.2062257501426567,0.12253946624621942
llama32_3b,down,18,34,0.0985581321797857,0.002075679958948589,0.2083014301016053,0.10847360886557922
llama32_3b,down,18,35,0.09726064402066133,0.002048354256753312,0.2103497843583586,0.1171557814408788
llama32_3b,down,18,36,0.09537394563877327,0.002008619514086699,0.21235840387244528,0.11744692329918063
llama32_3b,down,18,37,0.09433423350696858,0.001986722694541398,0.21434512656698668,0.12964599027012064
llama32_3b,down,18,38,0.09259423293207579,0.0019500774757047047,0.21629520404269137,0.13076367884752002
llama32_3b,down,18,39,0.0891540241502268,0.0018776250837492954,0.21817282912644068,0.11679803462903508
llama32_3b,down,18,40,0.08861367585150019,0.001866245098052399,0.22003907422449306,0.13091741564961767
llama32_3b,down,18,41,0.08811475979249758,0.0018557376945336284,0.22189481191902669,0.12455561197260835
llama32_3b,down,18,42,0.0868301348599308,0.0018286828978535282,0.22372349481688023,0.10159925420042736
llama32_3b,down,18,43,0.08342752089226137,0.0017570222701151046,0.22548051708699535,0.16266477365028134
llama32_3b,down,18,44,0.08042427642815717,0.0016937725492844277,0.22717428963627978,0.15330381272496377
llama32_3b,down,18,45,0.07940791355546784,0.0016723674759616873,0.22884665711224145,0.15719909983065164
llama32_3b,down,18,46,0.07666501983128139,0.001614600862422035,0.2304612579746635,0.16635547517821142
llama32_3b,down,18,47,0.07616720289133146,0.0016041166068601065,0.23206537458152357,0.13548301518083072
llama32_3b,down,18,48,0.07497233719070127,0.0015789521812203334,0.2336443267627439,0.16609432260292453
llama32_3b,down,18,49,0.07445929427454599,0.0015681472595401875,0.23521247402228412,0.1597101215495082
llama32_3b,down,18,50,0.07405401085865224,0.0015596118028968905,0.23677208582518097,0.1604137871174368
llama32_3b,down,18,51,0.07286683664247443,0.0015346093634857447,0.23830669518866673,0.15511611254179294
llama32_3b,down,18,52,0.07131183582217232,0.001501860325253548,0.2398085555139203,0.1723287160252971
llama32_3b,down,18,53,0.06985280016011489,0.0014711323577470267,0.24127968787166731,0.1521373954585488
llama32_3b,down,18,54,0.06854121024970608,0.0014435096661315995,0.24272319753779895,0.1670527431406755
llama32_3b,down,18,55,0.06778323340592322,0.001427546322375072,0.244150743860174,0.15980445342973504
llama32_3b,down,18,56,0.06642714786997153,0.0013989865322558727,0.24554973039242986,0.17996463847597569
llama32_3b,down,18,57,0.0651541224878664,0.0013721760274864809,0.24692190641991635,0.17516365081857638
llama32_3b,down,18,58,0.064821580479835,0.0013651725386184068,0.24828707895853477,0.19685322596536076
llama32_3b,down,18,59,0.06341564869296254,0.0013355629633442269,0.249622641921879,0.15704898124173933
llama32_3b,down,18,60,0.0627892008431599,0.0013223696811826922,0.2509450116030616,0.18323809179374256
llama32_3b,down,18,61,0.06163126781984932,0.0012979830748506426,0.25224299467791234,0.17686682678516877
llama32_3b,down,18,62,0.06118097204850212,0.0012884996371320817,0.25353149431504435,0.1860110102736394
llama32_3b,down,18,63,0.06064716619860767,0.001277257438440915,0.2548087517534853,0.17543435385237044
llama32_3b,down,18,64,0.05967509445325426,0.0012567851567948948,0.25606553691028017,0.17423897033354355
llama32_3b,down,18,65,0.05881208748294491,0.0012386098298778183,0.257304146740158,0.1925984074184189
llama32_3b,down,18,66,0.057111347268293894,0.0012027914524303906,0.2585069381925884,0.18904212472341522
llama32_3b,down,18,67,0.056702118553808,0.001194172905969555,0.259701111098558,0.2136461466005644
llama32_3b,down,18,68,0.05625557080760496,0.001184768403398255,0.26088587950195624,0.22078685557640873
llama32_3b,down,18,69,0.05553721305729611,0.0011696394561191861,0.26205551895807544,0.2049746348679574
llama32_3b,down,18,70,0.054848443628942076,0.0011551336526187403,0.26321065261069415,0.2080281503911683
llama32_3b,down,18,71,0.05395089842890816,0.0011362309345704473,0.2643468835452646,0.20273281045695796
llama32_3b,down,18,72,0.053297173464906616,0.0011224631837371912,0.2654693467290018,0.2291320789852235
llama32_3b,down,18,73,0.0529543863922232,0.00111524392905755,0.26658459065805934,0.2105041858783547
llama32_3b,down,18,74,0.05256268861178794,0.0011069945921958185,0.2676915852502551,0.1981250058970154
llama32_3b,down,18,75,0.05229755174959851,0.0011014106869507271,0.2687929959372059,0.2192208175356525
llama32_3b,down,18,76,0.05123674775803393,0.0010790696630599062,0.2698720656002658,0.21138797225478997
llama32_3b,down,18,77,0.050273949244174554,0.001058792679968568,0.2709308582802343,0.19312998993390998
llama32_3b,down,18,78,0.05002845005222714,0.001053622353163533,0.2719844806333978,0.20779832514227653
llama32_3b,down,18,79,0.0492156755196164,0.001036504944674029,0.27302098557807186,0.20147126680576397
llama32_3b,down,18,80,0.048530675517990375,0.0010220785270481226,0.27404306410512,0.2336084290024193
llama32_3b,down,18,81,0.04810770389430331,0.0010131705485477826,0.2750562346536678,0.20616880988007133
llama32_3b,down,18,82,0.04722256659187143,0.0009945291465757544,0.27605076380024357,0.22401569328443935
llama32_3b,down,18,83,0.04700666157056664,0.0009899820867254195,0.27704074588696903,0.20740701674293296
llama32_3b,down,18,84,0.0467240460065791,0.0009840300719166789,0.2780247759588857,0.2277044850767729
llama32_3b,down,18,85,0.04558060803969119,0.0009599487381933422,0.278984724697079,0.21888453994078963
llama32_3b,down,18,86,0.045155109970150986,0.0009509875515719803,0.279935712248651,0.2324785773595341
llama32_3b,down,18,87,0.044590627789932495,0.0009390992951414933,0.2808748115437925,0.24058929582161204
llama32_3b,down,18,88,0.04435115876932612,0.0009340559665407139,0.2818088675103332,0.24795752800015813
llama32_3b,down,18,89,0.043512230000589985,0.0009163877377123255,0.28272525524804554,0.2486998101707715
llama32_3b,down,18,90,0.04300615758702036,0.0009057296180484196,0.28363098486609395,0.2165773976278644
llama32_3b,down,18,91,0.04281684321894129,0.0009017425696834411,0.2845327274357774,0.24179154875774075
llama32_3b,down,18,92,0.04257921052892075,0.0008967379150561912,0.2854294653508336,0.24849109196059507
llama32_3b,down,18,93,0.0418312948087598,0.0008809864632278551,0.2863104518140614,0.23193509791485167
llama32_3b,down,18,94,0.041245675295601573,0.0008686530447655977,0.28717910485882703,0.2441960938880862
llama32_3b,down,18,95,0.04071527600349594,0.0008574825897608713,0.2880365874485879,0.24522260654594058
llama32_3b,down,18,96,0.04035084696138818,0.0008498075451711255,0.288886394993759,0.2519838755045067
llama32_3b,down,18,97,0.04011574736209488,0.0008448562386090271,0.2897312512323681,0.271721000608101
llama32_3b,down,18,98,0.03987640446656301,0.0008398155662607931,0.2905710667986289,0.24929980094201007
llama32_3b,down,18,99,0.03943914959039556,0.0008306067758409654,0.29140167357446983,0.25606120906401514
llama32_3b,down,18,100,0.03917995418700479,0.0008251480004728567,0.2922268215749427,0.2634781510617367
llama32_3b,down,18,101,0.03891940442252718,0.0008196607016323266,0.293046482276575,0.26075103034593794
llama32_3b,down,18,102,0.03846887510355446,0.0008101723452924911,0.29385665462186744,0.26242967430536446
llama32_3b,down,18,103,0.03789092571605285,0.0007980004632327196,0.29465465508510025,0.26141568837271256
llama32_3b,down,18,104,0.0374182314180595,0.0007880453021581949,0.29544270038725845,0.264004740607959
llama32_3b,down,18,105,0.03716135264416349,0.000782635316081322,0.2962253357033397,0.28905565621346974
llama32_3b,down,18,106,0.03689872027655629,0.0007771041566533099,0.29700243985999303,0.26569176805924855
llama32_3b,down,18,107,0.03621945933025749,0.0007627986061934358,0.2977652384661864,0.2772617829442328
llama32_3b,down,18,108,0.03598001960558131,0.0007577558945785291,0.298522994360765,0.2886934825531311
llama32_3b,down,18,109,0.03570051345188324,0.000751869365392124,0.29927486372615714,0.2591161521837719
llama32_3b,down,18,110,0.03561131212513547,0.0007499907440937392,0.3000248544702509,0.2860926858832543
llama32_3b,down,18,111,0.034902042920097985,0.0007350532057918753,0.3007599076760427,0.2820642846697466
llama32_3b,down,18,112,0.034607827989923776,0.0007288569029533428,0.30148876457899604,0.26630963911053046
llama32_3b,down,18,113,0.03431651632489379,0.0007227217442248102,0.3022114863232209,0.27540811793289877
llama32_3b,down,18,114,0.03419418107306072,0.000720145307102,0.3029316316303229,0.2714878748918373
llama32_3b,down,18,115,0.033587925500473036,0.0007073772836605082,0.3036390089139834,0.26998749579974957
llama32_3b,down,18,116,0.03335586069517862,0.0007024898912670703,0.30434149880525047,0.2658845310763306
llama32_3b,down,18,117,0.032891497062653374,0.0006927101778697125,0.30503420898312017,0.27403302238256977
llama32_3b,down,18,118,0.03242316509295127,0.0006828468894515401,0.30571705587257175,0.3010601589607685
llama32_3b,down,18,119,0.032275348254890916,0.0006797337983085654,0.3063967896708803,0.2875673986842481
llama32_3b,down,18,120,0.03191619375124462,0.0006721698379442917,0.30706895950882457,0.28413419381959654
llama32_3b,down,18,121,0.0317400768351811,0.0006684607340375939,0.30773742024286216,0.28521843142454933
llama32_3b,down,18,122,0.031532464542645425,0.0006640883228999561,0.30840150856576215,0.2857108585944556
llama32_3b,down,18,123,0.030834562244045936,0.0006493901769178002,0.30905089874267994,0.2927093394348127
llama32_3b,down,18,124,0.03063334551097513,0.0006451524592277134,0.30969605120190763,0.29280231791719485
llama32_3b,down,18,125,0.03048159355983499,0.0006419564927788126,0.31033800769468645,0.28707747410341117
llama32_3b,down,18,126,0.029977552337927642,0.0006313411509530508,0.31096934884563954,0.30638017116318683
llama32_3b,down,18,127,0.029862213694109754,0.00062891206563893,0.31159826091127846,0.3017487493933072
llama32_3b,down,18,128,0.02960954311146104,0.0006235907060208002,0.31222185161729926,0.301234447464356
llama32_3b,down,19,1,5.780259797993829,0.09148828656467846,0.09148828656467846,9.054539440998328e-05
llama32_3b,down,19,2,1.0496584220397442,0.01661369105657331,0.10810197762125177,0.002333428002359053
llama32_3b,down,19,3,0.7348730619479662,0.011631359078962632,0.11973333670021441,0.004866929483373057
llama32_3b,down,19,4,0.6352474683013516,0.0100545138887376,0.129787850588952,0.006731777079481325
llama32_3b,down,19,5,0.6045126907238242,0.009568052685126924,0.13935590327407893,0.009110641757922094
llama32_3b,down,19,6,0.5234902027391498,0.008285652091039817,0.14764155536511875,0.010225408300418879
llama32_3b,down,19,7,0.48786704656602176,0.0077218190395502324,0.15536337440466896,0.011795152313625962
llama32_3b,down,19,8,0.44207730498576414,0.006997072203625808,0.16236044660829477,0.014298932912166353
llama32_3b,down,19,9,0.427331722506501,0.00676368337292063,0.1691241299812154,0.017541358023649332
llama32_3b,down,19,10,0.385180024137724,0.006096518436685582,0.175220648417901,0.02257651287990256
llama32_3b,down,19,11,0.36858999025492917,0.005833936160623589,0.18105458457852458,0.01798885159982341
llama32_3b,down,19,12,0.3441865587385029,0.005447685678160639,0.18650227025668523,0.029884202187508025
llama32_3b,down,19,13,0.30370925840599433,0.004807022631584362,0.1913092928882696,0.027124617828201848
llama32_3b,down,19,14,0.2824144849807768,0.004469975093663597,0.19577926798193318,0.031629745137720315
llama32_3b,down,19,15,0.25855291044561124,0.004092300967369941,0.19987156894930314,0.039329753976323815
llama32_3b,down,19,16,0.25530474776453976,0.004040889984376114,0.20391245893367924,0.034882929415757324
llama32_3b,down,19,17,0.239154715773842,0.0037852719314805518,0.20769773086515977,0.04380287170163426
llama32_3b,down,19,18,0.2333581543760123,0.0036935256278907967,0.21139125649305057,0.0487327356095646
llama32_3b,down,19,19,0.22701376013156999,0.0035931083838568367,0.2149843648769074,0.061419393004862266
llama32_3b,down,19,20,0.2187705955585269,0.0034626379501714656,0.21844700282707888,0.05000974042417197
llama32_3b,down,19,21,0.20564837508109515,0.003254943225477458,0.22170194605255636,0.054302539313561195
llama32_3b,down,19,22,0.20208019079170217,0.0031984670326778075,0.22490041308523417,0.07015414253756604
llama32_3b,down,19,23,0.19478403161586777,0.003082985527550318,0.22798339861278447,0.06309643667120828
llama32_3b,down,19,24,0.18716089969360666,0.0029623287920059692,0.23094572740479044,0.07382900247191969
llama32_3b,down,19,25,0.183251201872672,0.002900447221432426,0.23384617462622287,0.05680738817197123
llama32_3b,down,19,26,0.18220226267311307,0.002883844914022043,0.23673001954024495,0.07153741118292331
llama32_3b,down,19,27,0.16795185993754694,0.0026582936456195317,0.23938831318586445,0.09311578997954058
llama32_3b,down,19,28,0.16678945637147094,0.0026398954569094198,0.24202820864277386,0.06364720085463416
llama32_3b,down,19,29,0.16281991430542048,0.002577066688867641,0.2446052753316415,0.08847865153435809
llama32_3b,down,19,30,0.1610640065481355,0.0025492746868307457,0.24715455001847225,0.08437053467954557
llama32_3b,down,19,31,0.15693533079477454,0.0024839271966388297,0.24963847721511107,0.07836072399181185
llama32_3b,down,19,32,0.1543683697701223,0.0024432980771820793,0.25208177529229314,0.08577171364487055
llama32_3b,down,19,33,0.15196313936376118,0.0024052287833507507,0.25448700407564395,0.08637861202319583
llama32_3b,down,19,34,0.14898113129130516,0.0023580304188125806,0.2568450344944565,0.08582342098772472
llama32_3b,down,19,35,0.14687599542948093,0.002324710934963256,0.2591697454294198,0.10482997637735467
llama32_3b,down,19,36,0.1414622634689861,0.002239023945399567,0.2614087693748193,0.0937118856012466
llama32_3b,down,19,37,0.1394317486804892,0.0022068855423976294,0.26361565491721695,0.11419567258278575
llama32_3b,down,19,38,0.13752581886237197,0.0021767190344090795,0.265792373951626,0.11297226884874889
llama32_3b,down,19,39,0.1368186190566439,0.0021655256796558222,0.26795789963128186,0.1001316115165581
llama32_3b,down,19,40,0.13522092401551777,0.002140237822903044,0.2700981374541849,0.09070153979817017
llama32_3b,down,19,41,0.13099231023981653,0.0020733085424895627,0.2721714459966745,0.0972752083064091
llama32_3b,down,19,42,0.1285616418584039,0.00203483662371879,0.27420628262039326,0.1272813303103294
llama32_3b,down,19,43,0.12798912547716415,0.002025774999400794,0.2762320576197941,0.11638973765935084
llama32_3b,down,19,44,0.125115943731,0.0019802991065980685,0.27821235672639216,0.12289259019043162
llama32_3b,down,19,45,0.12368103324539292,0.0019575877568854755,0.28016994448327764,0.12544761234960747
llama32_3b,down,19,46,0.12243187746586245,0.0019378164791374972,0.2821077609624151,0.1142642930489254
llama32_3b,down,19,47,0.12122181206241857,0.001918663912598758,0.28402642487501384,0.12799606496822924
llama32_3b,down,19,48,0.11745654036126164,0.0018590682770342668,0.2858854931520481,0.12192482223377715
llama32_3b,down,19,49,0.11647158570164451,0.0018434786984856447,0.2877289718505337,0.11984529009488078
llama32_3b,down,19,50,0.11429485690492419,0.0018090260622914975,0.28953799791282525,0.12937899315399165
llama32_3b,down,19,51,0.11355681498058959,0.0017973445473717519,0.291335342460197,0.15173983718521122
llama32_3b,down,19,52,0.1126232593195969,0.001782568497363304,0.2931179109575603,0.13543705274572135
llama32_3b,down,19,53,0.1109559215074609,0.0017561783548977758,0.29487408931245807,0.15357313708289175
llama32_3b,down,19,54,0.10778479008926378,0.0017059866005370175,0.2965800759129951,0.14084580787356726
llama32_3b,down,19,55,0.10558063071315858,0.0016710998010361845,0.29825117571403126,0.15503797415616835
llama32_3b,down,19,56,0.10462632852886745,0.0016559953810348505,0.29990717109506615,0.15963271841028195
llama32_3b,down,19,57,0.10365292316457425,0.0016405886014048137,0.30154775969647096,0.15276413612156234
llama32_3b,down,19,58,0.1020258157711172,0.0016148352144141856,0.30316259491088515,0.153399224102333
llama32_3b,down,19,59,0.09941341884668277,0.0015734869486275346,0.3047360818595126,0.16294961527716895
llama32_3b,down,19,60,0.09821660265298914,0.0015545440867631088,0.30629062594627576,0.16653195083523586
llama32_3b,down,19,61,0.09760722491752004,0.0015448990315515625,0.30783552497782735,0.16722978438349098
llama32_3b,down,19,62,0.09705985364088003,0.0015362353967038873,0.3093717603745312,0.18067628473391006
llama32_3b,down,19,63,0.09492143525294978,0.0015023891266213486,0.31087414950115255,0.19038219454748606
llama32_3b,down,19,64,0.09326151727237207,0.0014761164231117826,0.31235026592426435,0.1710716175075884
llama32_3b,down,19,65,0.09248472949014183,0.0014638216499174555,0.31381408757418183,0.15121517821679764
llama32_3b,down,19,66,0.09069861910123983,0.0014355516093298801,0.3152496391835117,0.16282757869543069
llama32_3b,down,19,67,0.0892073368521713,0.0014119480235881194,0.3166615872070998,0.18152492828026723
llama32_3b,down,19,68,0.08810612267861928,0.0013945183229518297,0.31805610553005165,0.17723589477411988
llama32_3b,down,19,69,0.08547635586298473,0.0013528951315322055,0.31940900066158384,0.18086187035260395
llama32_3b,down,19,70,0.08436017757421947,0.001335228583192065,0.32074422924477586,0.17497268252033704
llama32_3b,down,19,71,0.08377250799185333,0.0013259271183728681,0.3220701563631488,0.18853140977483543
llama32_3b,down,19,72,0.08302849696924379,0.0013141511262855564,0.3233843074894343,0.17593535400689997
llama32_3b,down,19,73,0.08212311126304363,0.0012998209422047035,0.324684128431639,0.17862428587167506
llama32_3b,down,19,74,0.08065755490320256,0.0012766245384250045,0.325960752970064,0.1922375840831396
llama32_3b,down,19,75,0.07955002552591946,0.0012590948825637154,0.3272198478526277,0.1835375032886603
llama32_3b,down,19,76,0.07840501498736582,0.0012409719856816186,0.3284608198383094,0.19382563062566102
llama32_3b,down,19,77,0.0776454355170604,0.0012289495806900525,0.3296897694189994,0.19411600889852662
llama32_3b,down,19,78,0.07681559940176184,0.001215815173765211,0.3309055845927646,0.19055107563752507
llama32_3b,down,19,79,0.0763618374999428,0.0012086331611296955,0.33211421775389427,0.1946884785653712
llama32_3b,down,19,80,0.07460116861821588,0.0011807658013869983,0.3332949835552813,0.19410479038030243
llama32_3b,down,19,81,0.07386866683937733,0.0011691719742938326,0.33446415552957515,0.1926652729144943
llama32_3b,down,19,82,0.07351902268834566,0.0011636379074174005,0.33562779343699256,0.21383372546870227
llama32_3b,down,19,83,0.07285048657189006,0.0011530565103974333,0.33678084994739,0.21588403510704043
llama32_3b,down,19,84,0.07183144183252048,0.0011369273638891693,0.3379177773112792,0.23309016687666714
llama32_3b,down,19,85,0.07123078798101783,0.001127420387799353,0.33904519769907854,0.20102405763786446
llama32_3b,down,19,86,0.0707355016137784,0.0011195811378899793,0.3401647788369685,0.21183312514754798
llama32_3b,down,19,87,0.06977414102151024,0.001104364999440987,0.3412691438364095,0.1853198830194414
llama32_3b,down,19,88,0.06847304273843455,0.0010837715907135535,0.3423529154271231,0.18486401220607787
llama32_3b,down,19,89,0.06750013097165934,0.001068372623602807,0.3434212880507259,0.22521739258177526
llama32_3b,down,19,90,0.0672033609029619,0.0010636754324664787,0.34448496348319235,0.22800758190766618
llama32_3b,down,19,91,0.06639931243301418,0.0010509491849618252,0.34553591266815425,0.2192544844117365
llama32_3b,down,19,92,0.06528357026522923,0.0010332895394188975,0.3465692022075731,0.24552921355992657
llama32_3b,down,19,93,0.06466722238491097,0.0010235341627630491,0.34759273637033616,0.20350548975105914
llama32_3b,down,19,94,0.06422709951020433,0.0010165680247187338,0.3486093043950549,0.21002886454528277
llama32_3b,down,19,95,0.06310958007945117,0.0009988802491696439,0.3496081846442245,0.23166333970710873
llama32_3b,down,19,96,0.06227743432962665,0.000985709286015021,0.3505938939302395,0.24734749703132738
llama32_3b,down,19,97,0.06189393887134525,0.0009796394304013203,0.35157353336064084,0.24529370680156573
llama32_3b,down,19,98,0.061671651600854895,0.0009761211315336189,0.35254965449217446,0.23998733350497312
llama32_3b,down,19,99,0.05992136659973234,0.0009484181248611271,0.3534980726170356,0.2129241294136843
llama32_3b,down,19,100,0.059695335673633894,0.0009448405724911538,0.35444291318952664,0.2514630058590228
llama32_3b,down,19,101,0.05952817773095883,0.0009421948447392064,0.35538510803426593,0.23909462277689492
llama32_3b,down,19,102,0.058633713209364294,0.0009280375180214729,0.3563131455522874,0.2525705117897139
llama32_3b,down,19,103,0.05808876931399963,0.0009194123030652009,0.3572325578553525,0.2636570691508141
llama32_3b,down,19,104,0.05724317617969498,0.0009060284985837416,0.35813858635393636,0.22493445771044562
llama32_3b,down,19,105,0.0564628764522341,0.000893678139332232,0.3590322644932686,0.2267806062955261
llama32_3b,down,19,106,0.05617638460524009,0.0008891436289274698,0.35992140812219603,0.2541347285146892
llama32_3b,down,19,107,0.05517224118029151,0.0008732503361302121,0.36079465845832626,0.26936579317624126
llama32_3b,down,19,108,0.05501222080901902,0.0008707175798018124,0.36166537603812804,0.26022002376016423
llama32_3b,down,19,109,0.05466376104332118,0.0008652022590351767,0.3625305782971632,0.27122056271246386
llama32_3b,down,19,110,0.05458252361507342,0.000863916456428538,0.36339449475359176,0.2583580425202329
llama32_3b,down,19,111,0.05343166877059862,0.0008457010575562933,0.3642401958111481,0.24765956112313542
llama32_3b,down,19,112,0.052690893118018445,0.0008339762739735702,0.3650741720851217,0.24810725970976283
llama32_3b,down,19,113,0.05235124749061065,0.000828600460848093,0.36590277254596976,0.2570201343648479
llama32_3b,down,19,114,0.05201222191935491,0.0008232344617927279,0.3667260070077625,0.25040291468724013
llama32_3b,down,19,115,0.051805380850031287,0.0008199606409464414,0.36754596764870895,0.2744607315521343
llama32_3b,down,19,116,0.051141171467501696,0.0008094477262243547,0.3683554153749333,0.26844854895634723
llama32_3b,down,19,117,0.0497474318000259,0.0007873880163582271,0.3691428033912915,0.27912767102524977
llama32_3b,down,19,118,0.049477695887931404,0.0007831187140630169,0.3699259221053546,0.2703106897647926
llama32_3b,down,19,119,0.048986478479351725,0.0007753438664588843,0.3707012659718134,0.2951717008766492
llama32_3b,down,19,120,0.048684863025884706,0.0007705699839685672,0.371471835955782,0.27857355960426233
llama32_3b,down,19,121,0.0477569636177683,0.0007558834595008586,0.3722277194152828,0.29646238803735875
llama32_3b,down,19,122,0.04740382825049936,0.0007502941346597784,0.3729780135499426,0.278699229532311
llama32_3b,down,19,123,0.046877261694584026,0.0007419597909370831,0.3737199733408797,0.2593892225680032
llama32_3b,down,19,124,0.04577935514393793,0.0007245824424030935,0.3744445557832828,0.3214016913825446
llama32_3b,down,19,125,0.04569393406083245,0.0007232304221128408,0.37516778620539565,0.2840842672708682
llama32_3b,down,19,126,0.04536470611862039,0.0007180194971069006,0.3758858057025025,0.31540767848054224
llama32_3b,down,19,127,0.0447651671093188,0.0007085301664182136,0.3765943358689207,0.30290464084244156
llama32_3b,down,19,128,0.04426254028848386,0.0007005747339244007,0.3772949106028451,0.2661531669973242
llama32_3b,down,20,1,4.389948121116233,0.07373095012469115,0.07373095012469115,0.00014485319913989426
llama32_3b,down,20,2,1.0665924093839019,0.017913849906650518,0.09164480003134168,0.0022835665265168487
llama32_3b,down,20,3,0.6338927349212452,0.010646484271207844,0.10229128430254951,0.006838656013565042
llama32_3b,down,20,4,0.5869445514073544,0.009857970584575172,0.11214925488712468,0.008252482812097131
llama32_3b,down,20,5,0.47657634123595244,0.00800429195899954,0.12015354684612421,0.01074665095204877
llama32_3b,down,20,6,0.43409250333750676,0.007290758758429668,0.1274443056045539,0.012994504685322887
llama32_3b,down,20,7,0.41170222179788285,0.006914704945052019,0.13435901054960592,0.014743041459421406
llama32_3b,down,20,8,0.36608423832345877,0.00614853250484411,0.14050754305445,0.0188330960513328
llama32_3b,down,20,9,0.320745508104597,0.005387050235747561,0.14589459329019758,0.028747565644038724
llama32_3b,down,20,10,0.29963285431876696,0.005032454696042846,0.15092704798624043,0.03153246986802408
llama32_3b,down,20,11,0.2898404449158094,0.004867987228690081,0.15579503521493052,0.03263179719959809
llama32_3b,down,20,12,0.2774393523097917,0.004659705874286859,0.16045474108921737,0.033625577376291634
llama32_3b,down,20,13,0.2547647792751471,0.00427887727053312,0.16473361835975048,0.033781515005960036
llama32_3b,down,20,14,0.24419284803846508,0.004101317419430536,0.16883493577918104,0.0390286365851203
llama32_3b,down,20,15,0.22692738954303018,0.003811337077047093,0.1726462728562281,0.04070174722458586
llama32_3b,down,20,16,0.22181374092853587,0.0037254512851087112,0.17637172414133684,0.04873349545072939
llama32_3b,down,20,17,0.21373832923996067,0.003589821487211398,0.17996154562854824,0.058389492471583364
llama32_3b,down,20,18,0.20262421517873097,0.0034031554567890854,0.1833647010853373,0.055206201383661835
llama32_3b,down,20,19,0.1961213788924976,0.0032939376973392556,0.18665863878267658,0.057196116138244164
llama32_3b,down,20,20,0.19410109304095113,0.0032600061812373946,0.18991864496391395,0.05276192189713546
llama32_3b,down,20,21,0.19005961328602225,0.00319212789793667,0.19311077286185063,0.05387580595046431
llama32_3b,down,20,22,0.18760760893483755,0.0031509454954264655,0.1962617183572771,0.06145453839850787
llama32_3b,down,20,23,0.17741743702661528,0.0029797974462927724,0.19924151580356986,0.05766425756229836
llama32_3b,down,20,24,0.17310087607786295,0.0029072990633411027,0.20214881486691103,0.07960488363190506
llama32_3b,down,20,25,0.16999830229491378,0.0028551900847068323,0.20500400495161786,0.07539086022213203
llama32_3b,down,20,26,0.16289856571489642,0.002735947143961874,0.2077399520955797,0.0656692675967565
llama32_3b,down,20,27,0.16048229591730057,0.0026953649176987902,0.2104353170132785,0.08214020955925531
llama32_3b,down,20,28,0.15681399552746467,0.0026337543324200276,0.21306907134569852,0.08212553138079157
llama32_3b,down,20,29,0.15199258180250394,0.0025527767433738977,0.21562184808907242,0.0857024529191822
llama32_3b,down,20,30,0.15078490790598578,0.0025324933729616683,0.21815434146203408,0.08354255898476345
llama32_3b,down,20,31,0.1491421622040011,0.002504902796016584,0.22065924425805067,0.08073605735265232
llama32_3b,down,20,32,0.14428441801826736,0.002423315022221715,0.22308255928027235,0.0864408677548537
llama32_3b,down,20,33,0.14119379331228657,0.002371406733156817,0.22545396601342915,0.09517076569164622
llama32_3b,down,20,34,0.13914506656624695,0.002336997540755482,0.22779096355418466,0.10863269777020118
llama32_3b,down,20,35,0.13755381146419726,0.0023102717692137778,0.23010123532339843,0.09064148258603086
llama32_3b,down,20,36,0.1314550712914988,0.0022078409670515087,0.23230907629044995,0.0965713104641009
llama32_3b,down,20,37,0.12458725813802773,0.0020924932738410665,0.23440156956429103,0.1015007086527674
llama32_3b,down,20,38,0.1236570197004772,0.002076869543912871,0.2364784391082039,0.11132482902911321
llama32_3b,down,20,39,0.12245245058179575,0.002056638319497248,0.23853507742770114,0.12389394562336319
llama32_3b,down,20,40,0.12066770270533055,0.002026662758731089,0.2405617401864322,0.12452449037871512
llama32_3b,down,20,41,0.11821136762336179,0.0019854076198498314,0.24254714780628206,0.1320477055306358
llama32_3b,down,20,42,0.11701264415176352,0.001965274575435804,0.2445124223817179,0.1442502214772707
llama32_3b,down,20,43,0.11356072907882961,0.0019072982688701481,0.24641972065058804,0.10728735588423507
llama32_3b,down,20,44,0.11103621455640487,0.0018648980287746847,0.24828461867936266,0.12198614038145365
llama32_3b,down,20,45,0.10961383453804587,0.0018410085824079885,0.2501256272617707,0.1318161549825215
llama32_3b,down,20,46,0.10877607896354674,0.0018269381394833985,0.25195256540125405,0.13352847611857072
llama32_3b,down,20,47,0.10605254503258774,0.0017811952881133502,0.25373376068936737,0.11020432395523473
llama32_3b,down,20,48,0.10467756851594397,0.0017581020026862081,0.25549186269205365,0.13802461305104688
llama32_3b,down,20,49,0.10300919555335142,0.0017300810055581107,0.25722194369761175,0.13009639052449662
llama32_3b,down,20,50,0.10103125703515238,0.0016968607300078026,0.25891880442761955,0.14327905200937696
llama32_3b,down,20,51,0.0995450018141137,0.0016718984738371986,0.26059070290145675,0.14961208701440765
llama32_3b,down,20,52,0.09858319170109668,0.0016557444848797507,0.2622464473863365,0.1578260901922836
llama32_3b,down,20,53,0.09677180561653147,0.0016253215246595104,0.263871768910996,0.17245324611717752
llama32_3b,down,20,54,0.09510680071930304,0.0015973570955482841,0.2654691260065443,0.15996975970547783
llama32_3b,down,20,55,0.09388839918181086,0.0015768935500770813,0.2670460195566214,0.1501055707808091
llama32_3b,down,20,56,0.09341711109118041,0.0015689780764209147,0.2686149976330423,0.1529465621485037
llama32_3b,down,20,57,0.09173117594721183,0.0015406621153699208,0.27015565974841227,0.14652691650587216
llama32_3b,down,20,58,0.09137992700157306,0.0015347627475920489,0.2716904224960043,0.16662164576736618
llama32_3b,down,20,59,0.08791408093027199,0.0014765524642873843,0.2731669749602917,0.1632974395426174
llama32_3b,down,20,60,0.08726663925874427,0.0014656784201586078,0.2746326533804503,0.15709184151674663
llama32_3b,down,20,61,0.08521790503827907,0.001431269102221279,0.27606392248267153,0.17047173387642464
llama32_3b,down,20,62,0.08488536608963534,0.0014256839763927911,0.27748960645906434,0.17846442112652885
llama32_3b,down,20,63,0.08455678657219812,0.001420165350809125,0.2789097718098734,0.1688073580595532
llama32_3b,down,20,64,0.08276783827239113,0.0013901192422379875,0.2802998910521114,0.1808925091122903
llama32_3b,down,20,65,0.08060763180401859,0.0013538377029158068,0.28165372875502726,0.20593485315138363
llama32_3b,down,20,66,0.08024678286699476,0.0013477770994088372,0.28300150585443606,0.1703445522616006
llama32_3b,down,20,67,0.07853061361309947,0.0013189533442815654,0.2843204591987176,0.1822165502421904
llama32_3b,down,20,68,0.07744061631959626,0.001300646399901799,0.2856211055986195,0.19080655940554334
llama32_3b,down,20,69,0.07680088264853845,0.0012899018147512448,0.2869110074133707,0.182006578183878
llama32_3b,down,20,70,0.07496122778941616,0.0012590040690553111,0.28817001148242605,0.19131619250591447
llama32_3b,down,20,71,0.07466259309279863,0.001253988378820637,0.2894239998612467,0.19070443986242613
llama32_3b,down,20,72,0.07335796454815717,0.001232076615970066,0.2906560764772167,0.20985855054042815
llama32_3b,down,20,73,0.07260727169908288,0.001219468426650511,0.2918755449038672,0.2033518571346054
llama32_3b,down,20,74,0.07160908894387485,0.0012027035444903873,0.2930782484483576,0.19453726795900741
llama32_3b,down,20,75,0.07100130634729306,0.0011924955905285456,0.2942707440388861,0.18291723855540026
llama32_3b,down,20,76,0.07015656032719735,0.0011783077402493785,0.2954490517791355,0.1988036760248833
llama32_3b,down,20,77,0.06979410518100236,0.0011722201598112422,0.2966212719389468,0.21460168771817562
llama32_3b,down,20,78,0.06859460771928318,0.001152074115920814,0.2977733460548676,0.19122913645875372
llama32_3b,down,20,79,0.06764412602091728,0.00113611039225867,0.29890945644712624,0.21801205977962118
llama32_3b,down,20,80,0.06733011369931215,0.0011308364286071544,0.30004029287573336,0.22062905279668024
llama32_3b,down,20,81,0.06689422289624039,0.0011235154666790386,0.3011638083424124,0.23641245619440962
llama32_3b,down,20,82,0.06606996863833017,0.0011096717838146065,0.30227348012622707,0.21909082017119838
llama32_3b,down,20,83,0.06456296506066525,0.0010843610506220942,0.3033578411768491,0.20832012747538042
llama32_3b,down,20,84,0.06438166025385011,0.001081315963231573,0.30443915714008074,0.23859229170653784
llama32_3b,down,20,85,0.06310732844929709,0.0010599130463561188,0.30549907018643674,0.2290742175673732
llama32_3b,down,20,86,0.0624277810688683,0.001048499773891063,0.30654756996032784,0.22774825337839133
llama32_3b,down,20,87,0.06110118444688128,0.0010262190483169215,0.3075737890086448,0.24815811765907986
llama32_3b,down,20,88,0.06088358139274499,0.0010225643172155836,0.3085963533258604,0.25500151629608236
llama32_3b,down,20,89,0.060524093531816855,0.0010165265735308624,0.30961287989939124,0.23045613802078
llama32_3b,down,20,90,0.05944079659008878,0.0009983321642628835,0.3106112120636541,0.22092512331179495
llama32_3b,down,20,91,0.05903708365005141,0.0009915516425288318,0.31160276370618295,0.2206471303805537
llama32_3b,down,20,92,0.05860731385185754,0.0009843334853475861,0.31258709719153055,0.2331121828448133
llama32_3b,down,20,93,0.05792025684429575,0.0009727940856645492,0.3135598912771951,0.2294931136388259
llama32_3b,down,20,94,0.057539914459274775,0.0009664060818324773,0.3145262973590276,0.21705167744506534
llama32_3b,down,20,95,0.056499287623274004,0.0009489283342084167,0.31547522569323594,0.24258190753188105
llama32_3b,down,20,96,0.05601733626349225,0.0009408337666440146,0.31641605945988,0.2364404569211974
llama32_3b,down,20,97,0.05536909964566398,0.000929946371071344,0.31734600583095135,0.2506335394789969
llama32_3b,down,20,98,0.05487797942753181,0.0009216978088311316,0.3182677036397825,0.23109654917592112
llama32_3b,down,20,99,0.05401503277578617,0.0009072042715990905,0.31917490791138153,0.2328312095497195
llama32_3b,down,20,100,0.05342516795701688,0.0008972972539457862,0.32007220516532736,0.2481870353378011
llama32_3b,down,20,101,0.053197738841622655,0.0008934774901806121,0.32096568265550796,0.23689038909701393
llama32_3b,down,20,102,0.05253397619154729,0.0008823293286312915,0.32184801198413926,0.2590804660755451
llama32_3b,down,20,103,0.0513221996223507,0.0008619770521759185,0.3227099890363152,0.24031664530811492
llama32_3b,down,20,104,0.05113207801835535,0.0008587838831190043,0.3235687729194342,0.275836425042347
llama32_3b,down,20,105,0.05082200695165065,0.0008535761144339153,0.32442234903386813,0.2537418441912835
llama32_3b,down,20,106,0.05048283851330522,0.0008478796436507578,0.32527022867751887,0.2593231461361248
llama32_3b,down,20,107,0.050096144901444296,0.0008413849684010637,0.32611161364591995,0.2679328474970903
llama32_3b,down,20,108,0.049820996035212554,0.0008367637321647139,0.3269483773780847,0.2555164011393968
llama32_3b,down,20,109,0.0495765185945207,0.0008326576348968308,0.3277810350129815,0.2525002375767309
llama32_3b,down,20,110,0.048543762367543826,0.0008153120773272726,0.32859634709030877,0.2660841130153612
llama32_3b,down,20,111,0.04804403314130457,0.0008069189233219974,0.3294032660136308,0.2850156831600038
llama32_3b,down,20,112,0.047292201861515004,0.0007942916135992,0.33019755762722997,0.27143265065620165
llama32_3b,down,20,113,0.047077896716333605,0.0007906922722095307,0.3309882498994395,0.2710574522842434
llama32_3b,down,20,114,0.0463500891467186,0.0007784684503931553,0.3317667183498326,0.2668956119679074
llama32_3b,down,20,115,0.04560728922762862,0.0007659928260176394,0.33253271117585026,0.24875495525314453
llama32_3b,down,20,116,0.045462897953496714,0.0007635677163038706,0.33329627889215413,0.27291833633920526
llama32_3b,down,20,117,0.04520978698168305,0.000759316615396997,0.3340555955075511,0.2609643661325832
llama32_3b,down,20,118,0.044917819753770204,0.0007544129079896729,0.3348100084155408,0.2565062056966437
llama32_3b,down,20,119,0.0441972265559409,0.0007423102544585795,0.33555231866999935,0.3044738974497859
llama32_3b,down,20,120,0.0439815914029269,0.0007386885750506774,0.33629100724505007,0.26410437247206414
llama32_3b,down,20,121,0.043610700022654485,0.0007324593046570241,0.3370234665497071,0.30178205924576934
llama32_3b,down,20,122,0.04325185162676806,0.0007264323010457149,0.3377498988507528,0.26821321722078934
llama32_3b,down,20,123,0.04241999113666513,0.0007124608684423416,0.33846235971919514,0.2767914749462546
llama32_3b,down,20,124,0.04151201772950346,0.0006972110886839056,0.33915957080787906,0.29868318820210704
llama32_3b,down,20,125,0.041127524038015076,0.0006907533619845796,0.33985032416986366,0.29694416020123393
llama32_3b,down,20,126,0.04092770019770053,0.0006873972399536408,0.34053772140981725,0.2944413379363113
llama32_3b,down,20,127,0.04034373817756913,0.0006775893621853554,0.3412153107720026,0.2914103540537392
llama32_3b,down,20,128,0.040066431998794255,0.0006729318930143257,0.341888242665017,0.2796455239698893
llama32_3b,down,21,1,5.482220250187215,0.08694503355273056,0.08694503355273056,9.837976982143484e-05
llama32_3b,down,21,2,1.2689109488804438,0.020124237989538964,0.10706927154226951,0.001854721027161159
llama32_3b,down,21,3,0.617705572648469,0.009796474656011082,0.11686574619828059,0.00836916494275614
llama32_3b,down,21,4,0.6001669987573682,0.009518322406404415,0.126384068604685,0.006206020108494126
llama32_3b,down,21,5,0.4684065103616095,0.007428672672958883,0.13381274127764392,0.012852044432458604
llama32_3b,down,21,6,0.41932802203181874,0.006650314522462241,0.14046305580010615,0.017155504234371843
llama32_3b,down,21,7,0.392719706080497,0.006228321093232484,0.14669137689333864,0.017823938771528988
llama32_3b,down,21,8,0.33620683891253345,0.005332057734986013,0.15202343462832463,0.02511621548921907
llama32_3b,down,21,9,0.3199486911829842,0.00507421234838327,0.15709764697670792,0.03205597034218427
llama32_3b,down,21,10,0.2988484189763796,0.004739573499294284,0.1618372204760022,0.028270077848732384
llama32_3b,down,21,11,0.279975168672328,0.004440254007181794,0.166277474483184,0.03925561149929523
llama32_3b,down,21,12,0.27251963438010235,0.004322013285428785,0.1705994877686128,0.038082314342263904
llama32_3b,down,21,13,0.26211066674298245,0.004156932716032149,0.1747564204846449,0.04683771268126597
llama32_3b,down,21,14,0.24484478830687445,0.003883105268130268,0.17863952575277517,0.03763842623057778
llama32_3b,down,21,15,0.23493823567596955,0.003725992727667031,0.18236551848044222,0.04721179524311659
llama32_3b,down,21,16,0.2221444567521623,0.003523090347420879,0.18588860882786307,0.05889436945563958
llama32_3b,down,21,17,0.2104553881933281,0.003337708073147367,0.18922631690101044,0.05212339358277421
llama32_3b,down,21,18,0.20467068605371438,0.0032459658412288136,0.19247228274223926,0.05836599965334394
llama32_3b,down,21,19,0.2006826400141663,0.0031827175985653594,0.19565500034080463,0.056322387640104714
llama32_3b,down,21,20,0.197345573230372,0.003129793533087547,0.19878479387389217,0.05101066384282476
llama32_3b,down,21,21,0.19025979532973958,0.0030174169467406843,0.20180221082063285,0.07613737605508714
llama32_3b,down,21,22,0.1852670192670211,0.0029382342319857445,0.2047404450526186,0.06776225632687102
llama32_3b,down,21,23,0.18070083079196864,0.002865816964518614,0.2076062620171372,0.07517862280075319
llama32_3b,down,21,24,0.17794998043110236,0.002822189972896763,0.210428451990034,0.0762486346156898
llama32_3b,down,21,25,0.17208297949989376,0.002729142526873336,0.21315759451690733,0.07576672391757579
llama32_3b,down,21,26,0.1668751650531967,0.002646549420222977,0.21580414393713032,0.06585851035017416
llama32_3b,down,21,27,0.16262049875389578,0.0025790727251493416,0.21838321666227964,0.07647694843387233
llama32_3b,down,21,28,0.16181255875441747,0.0025662592358772105,0.22094947589815683,0.07351265689005414
llama32_3b,down,21,29,0.15641518519124878,0.0024806598246659775,0.22343013572282283,0.08800575887419841
llama32_3b,down,21,30,0.15353719388993436,0.002435016446830382,0.22586515216965317,0.10551971144100405
llama32_3b,down,21,31,0.1499382451605458,0.0023779390760296447,0.22824309124568287,0.10886457851540662
llama32_3b,down,21,32,0.14905420893040505,0.0023639187418979047,0.23060700998758077,0.09926003894515456
llama32_3b,down,21,33,0.14518770976218984,0.0023025981665524328,0.2329096081541332,0.09141375867326242
llama32_3b,down,21,34,0.1398835833706563,0.0022184776048030106,0.23512808575893623,0.10793955515840874
llama32_3b,down,21,35,0.1367462713395113,0.0021687215411344686,0.23729680730007072,0.09844905401711164
llama32_3b,down,21,36,0.1350401222592594,0.002141662944022578,0.2394384702440933,0.10077347724096795
llama32_3b,down,21,37,0.13154713305069182,0.0020862660336325107,0.24152473627772578,0.11257141586234388
llama32_3b,down,21,38,0.13009152684190067,0.002063180910290633,0.24358791718801637,0.11012957375400553
llama32_3b,down,21,39,0.12569976926132356,0.001993530022005783,0.24558144721002217,0.1197199850417665
llama32_3b,down,21,40,0.12476112734898953,0.0019786436714329296,0.24756009088145509,0.1281676532142592
llama32_3b,down,21,41,0.12158084115112774,0.0019282060608369423,0.24948829694229202,0.11493667451756402
llama32_3b,down,21,42,0.11879052304307945,0.0018839531321957106,0.25137225007448777,0.12258538809945264
llama32_3b,down,21,43,0.11709326333063093,0.0018570355156257642,0.2532292855901135,0.12864831465881887
llama32_3b,down,21,44,0.11424508694025083,0.0018118649860730275,0.25504115057618654,0.13338820039270285
llama32_3b,down,21,45,0.11208141151745275,0.0017775502698363034,0.2568187008460229,0.14750915302813178
llama32_3b,down,21,46,0.11140758552086795,0.0017668637557584045,0.2585855646017813,0.14187147307707745
llama32_3b,down,21,47,0.10727870685372633,0.001701381984164583,0.2602869465859458,0.14517774646522114
llama32_3b,down,21,48,0.10422993165127636,0.0016530300664789168,0.2619399766524248,0.1622022900365752
llama32_3b,down,21,49,0.10246399737615362,0.0016250233086699396,0.26356499996109467,0.15588622994139736
llama32_3b,down,21,50,0.10029818749879786,0.0015906747411440177,0.2651556747022387,0.16118205951551287
llama32_3b,down,21,51,0.09974383135100495,0.0015818829539354737,0.2667375576561742,0.16007784405633552
llama32_3b,down,21,52,0.09763373975778541,0.001548418048112775,0.26828597570428697,0.15530197080790964
llama32_3b,down,21,53,0.09517199390592854,0.0015093760968740077,0.269795351801161,0.14553494061678734
llama32_3b,down,21,54,0.0943669206548605,0.001496608072673571,0.27129195987383453,0.16225252921983277
llama32_3b,down,21,55,0.0920790363662696,0.0014603234713335374,0.27275228334516805,0.16872031713450084
llama32_3b,down,21,56,0.09021852314669816,0.0014308167428697524,0.2741831000880378,0.16384832148550615
llama32_3b,down,21,57,0.08985325685039197,0.0014250238179344694,0.27560812390597234,0.16679357203325232
llama32_3b,down,21,58,0.08939924645002552,0.001417823459741673,0.277025947365714,0.16567947968815036
llama32_3b,down,21,59,0.08773474491829966,0.0013914253701137465,0.27841737273582773,0.17214214211100692
llama32_3b,down,21,60,0.08678453280030496,0.001376355522367582,0.2797937282581953,0.16214368370924784
llama32_3b,down,21,61,0.08592057592036156,0.0013626536358167405,0.28115638189401204,0.17165878622566927
llama32_3b,down,21,62,0.08451785821280755,0.0013404072953593085,0.2824967891893713,0.17051734886968858
llama32_3b,down,21,63,0.0837403068425651,0.00132807575323048,0.28382486494260184,0.1866682858048779
llama32_3b,down,21,64,0.08301264186561745,0.0013165353821857923,0.2851414003247876,0.2005461438541991
llama32_3b,down,21,65,0.08160239013183047,0.0012941695561670878,0.2864355698809547,0.17642421204970313
llama32_3b,down,21,66,0.08098093103395845,0.0012843135526410918,0.2877198834335958,0.1713515730141437
llama32_3b,down,21,67,0.0799924048345931,0.0012686360643882916,0.28898851949798404,0.18304691746229626
llama32_3b,down,21,68,0.0792906117038188,0.0012575060067624303,0.2902460255047465,0.17069916857841547
llama32_3b,down,21,69,0.07849325349511128,0.0012448603389406654,0.29149088584368715,0.1955529811606486
llama32_3b,down,21,70,0.07680207591574804,0.0012180391816957806,0.2927089250253829,0.19054644245160302
llama32_3b,down,21,71,0.07606472002426765,0.0012063451180136663,0.2939152701433966,0.1993609623432008
llama32_3b,down,21,72,0.07541558439590454,0.0011960501797564198,0.295111320323153,0.19601265066009238
llama32_3b,down,21,73,0.07393707144583166,0.0011726017679477474,0.2962839220911008,0.22069096460831278
llama32_3b,down,21,74,0.07339467085418844,0.0011639995893618304,0.29744792168046263,0.19913689113367056
llama32_3b,down,21,75,0.07257789340304491,0.0011510459429094897,0.2985989676233721,0.210542913855689
llama32_3b,down,21,76,0.07145037842921574,0.0011331641682348157,0.2997321317916069,0.20182913613665537
llama32_3b,down,21,77,0.06980859344868165,0.0011071263507622267,0.3008392581423691,0.20731820887450883
llama32_3b,down,21,78,0.06882257737729029,0.0010914886717748264,0.30193074681414395,0.2286272863309191
llama32_3b,down,21,79,0.06825172391173502,0.0010824352460729494,0.3030131820602169,0.21471925903726136
llama32_3b,down,21,80,0.06713716026900597,0.0010647588724704072,0.3040779409326873,0.1985305860180695
llama32_3b,down,21,81,0.06616533773655583,0.0010493462952963525,0.30512728722798366,0.23299562049383404
llama32_3b,down,21,82,0.06555324975550086,0.0010396389125898239,0.3061669261405735,0.21779210627223505
llama32_3b,down,21,83,0.06528352427560664,0.0010353612130759038,0.3072022873536494,0.18907388438457823
llama32_3b,down,21,84,0.0642689264688092,0.0010192702432992849,0.3082215575969487,0.2197311593165061
llama32_3b,down,21,85,0.06405532806985988,0.00101588268878379,0.30923744028573247,0.20878073952815523
llama32_3b,down,21,86,0.0632268250447982,0.0010027430811020178,0.3102401833668345,0.2380339817724573
llama32_3b,down,21,87,0.06266694190466139,0.0009938636387988489,0.31123404700563334,0.24272745442135063
llama32_3b,down,21,88,0.06197814796193992,0.000982939741230379,0.3122169867468637,0.23576685250939178
llama32_3b,down,21,89,0.06098411296576301,0.0009671748864542074,0.3131841616333179,0.23170139466034048
llama32_3b,down,21,90,0.060859180279832024,0.0009651935219569069,0.31414935515527487,0.22266883541215574
llama32_3b,down,21,91,0.05981525595934224,0.0009486374496122403,0.31509799260488713,0.2283102224822649
llama32_3b,down,21,92,0.0592000944542449,0.0009388813224848762,0.31603687392737195,0.25622286555581136
llama32_3b,down,21,93,0.05850158818944459,0.0009278033927669336,0.3169646773201389,0.23143989069907248
llama32_3b,down,21,94,0.058246552928309506,0.000923758672138323,0.3178884359922772,0.2510313580045139
llama32_3b,down,21,95,0.05736066246282488,0.0009097089308418155,0.31879814492311903,0.2226399619982255
llama32_3b,down,21,96,0.0565914486655448,0.0008975096180886557,0.3196956545412077,0.2705897740333505
llama32_3b,down,21,97,0.05610449577027404,0.0008897868098310944,0.32058544135103884,0.25020087313682904
llama32_3b,down,21,98,0.05485898466430538,0.0008700336806321999,0.32145547503167105,0.2653898021533856
llama32_3b,down,21,99,0.05482270187988859,0.0008694582553912317,0.32232493328706224,0.2556630702721632
llama32_3b,down,21,100,0.05418383977184932,0.0008593262495826097,0.32318425953664487,0.24010459664688122
llama32_3b,down,21,101,0.05396001682677724,0.0008557765393227021,0.32404003607596754,0.24125899716686433
llama32_3b,down,21,102,0.05377335142792059,0.0008528161275504514,0.324892852203518,0.2507159277812422
llama32_3b,down,21,103,0.053131266497271526,0.0008426330095268588,0.3257354852130449,0.2613300443312672
llama32_3b,down,21,104,0.05243754731902727,0.0008316310003998888,0.3265671162134447,0.25267254359874314
llama32_3b,down,21,105,0.052215375671770814,0.000828107478825848,0.3273952236922706,0.2768045501778046
llama32_3b,down,21,106,0.05120355629231766,0.0008120605733968198,0.32820728426566737,0.2899416043155944
llama32_3b,down,21,107,0.05066515404408497,0.0008035218063642734,0.3290108060720317,0.2575022860778095
llama32_3b,down,21,108,0.05010328338869878,0.0007946108431494739,0.3298054169151811,0.2428200858110511
llama32_3b,down,21,109,0.04970235119040338,0.0007882522763932453,0.3305936691915744,0.24873727210313695
llama32_3b,down,21,110,0.049480760401031325,0.0007847379669095519,0.331378407158484,0.24856826969994167
llama32_3b,down,21,111,0.04882381840437385,0.0007743192238939587,0.3321527263823779,0.24848968960408446
llama32_3b,down,21,112,0.04852024199893685,0.0007695046670990842,0.332922231049477,0.29823041602476075
llama32_3b,down,21,113,0.048345848637793655,0.0007667388831750525,0.333688969932652,0.2685365508647006
llama32_3b,down,21,114,0.04742281751770631,0.0007521001112826849,0.3344410700439347,0.26325025692271137
llama32_3b,down,21,115,0.04715196744438576,0.0007478045763282456,0.335188874620263,0.27710627978031205
llama32_3b,down,21,116,0.04681655706835052,0.0007424851500616118,0.3359313597703246,0.2584969765052162
llama32_3b,down,21,117,0.04543559029857204,0.0007205837676555518,0.3366519435379801,0.27893080955132976
llama32_3b,down,21,118,0.04531117423022253,0.0007186105964323092,0.33737055413441247,0.2793265831583215
llama32_3b,down,21,119,0.045005856897502076,0.0007137684294769222,0.3380843225638893,0.2703722470060645
llama32_3b,down,21,120,0.04409436678850006,0.0006993126917477684,0.33878363525563715,0.3183137238915618
llama32_3b,down,21,121,0.04363793397236224,0.0006920739153574337,0.33947570917099457,0.30480654578108884
llama32_3b,down,21,122,0.04340450575254129,0.0006883718706605258,0.34016408104165513,0.2639779290149591
llama32_3b,down,21,123,0.04246570868922135,0.0006734830594773615,0.3408375641011325,0.29473383365974754
llama32_3b,down,21,124,0.04205720605990227,0.000667004429799666,0.34150456853093214,0.27706032026767935
llama32_3b,down,21,125,0.041604181422492774,0.0006598197052715997,0.3421643882362037,0.28371731281643126
llama32_3b,down,21,126,0.04112826047671578,0.0006522718577370875,0.3428166600939408,0.27444068980754227
llama32_3b,down,21,127,0.04047100720840595,0.0006418481781222656,0.34345850827206303,0.3001886802647942
llama32_3b,down,21,128,0.040087361711042276,0.0006357637690474024,0.3440942720411105,0.28539936464376425
llama32_3b,down,22,1,5.2304046294629405,0.07585261508974654,0.07585261508974654,0.0001272809083312903
llama32_3b,down,22,2,1.3361135390550491,0.01937664734832343,0.09522926243806996,0.002208567476767743
llama32_3b,down,22,3,0.9680820565214104,0.014039364219541993,0.10926862665761196,0.0032783433467598643
llama32_3b,down,22,4,0.7124196285726464,0.010331684773315497,0.11960031143092746,0.005498970492587058
llama32_3b,down,22,5,0.5877788741967961,0.008524113880442188,0.12812442531136967,0.010631152438247162
llama32_3b,down,22,6,0.5357925622381816,0.007770195591077036,0.1358946209024467,0.011607720081554307
llama32_3b,down,22,7,0.45118440120800274,0.00654318721854651,0.1424378081209932,0.015242192624818102
llama32_3b,down,22,8,0.4313603342453028,0.0062556937209374275,0.14869350184193061,0.016370607481942932
llama32_3b,down,22,9,0.39295512205963884,0.005698731882660236,0.15439223372459085,0.020090249445863316
llama32_3b,down,22,10,0.3653477703799752,0.0052983632746927455,0.15969059699928362,0.022978481753442786
llama32_3b,down,22,11,0.3590553024223588,0.005207108355854344,0.16489770535513795,0.023450369102986673
llama32_3b,down,22,12,0.33710355298522104,0.004888758683398364,0.1697864640385363,0.024846114248759116
llama32_3b,down,22,13,0.3070277669987353,0.004452592233654925,0.17423905627219125,0.031622536925596696
llama32_3b,down,22,14,0.27493652802182494,0.0039871971886603665,0.1782262534608516,0.03464154557629361
llama32_3b,down,22,15,0.27371578751692854,0.003969493709445628,0.1821957471702972,0.04011630656709991
llama32_3b,down,22,16,0.26018507339220437,0.003773267963427679,0.1859690151337249,0.03759646360023784
llama32_3b,down,22,17,0.2525926801526119,0.003663161208250702,0.1896321763419756,0.04342925637603294
llama32_3b,down,22,18,0.2471291095792867,0.003583927163263124,0.19321610350523874,0.05320673838884462
llama32_3b,down,22,19,0.2402736812121372,0.003484508054026424,0.19670061155926516,0.046909118680386074
llama32_3b,down,22,20,0.23029413382919767,0.0033397822020064956,0.20004039376127164,0.059207164351428636
llama32_3b,down,22,21,0.22183796735721473,0.003217148794846942,0.2032575425561186,0.04756416085571599
llama32_3b,down,22,22,0.21649960395389037,0.0031397305350510207,0.2063972730911696,0.05686787110489995
llama32_3b,down,22,23,0.19519969604232268,0.0028308340288109124,0.20922810711998052,0.07049386628139195
llama32_3b,down,22,24,0.19440604033827324,0.0028193242384796,0.21204743135846013,0.07311300224642302
llama32_3b,down,22,25,0.19120373929850698,0.00277288368074481,0.21482031503920493,0.0779751949573244
llama32_3b,down,22,26,0.18187405864469816,0.002637582355956812,0.21745789739516175,0.07609573109496427
llama32_3b,down,22,27,0.1762662746250053,0.0025562568920804406,0.2200141542872422,0.08386063587529137
llama32_3b,down,22,28,0.1726084423486755,0.002503210108251063,0.22251736439549322,0.08007054885643299
llama32_3b,down,22,29,0.17073420754392604,0.0024760294938810687,0.2249933938893743,0.07665964281959621
llama32_3b,down,22,30,0.1668259054447979,0.002419350335043207,0.2274127442244175,0.08967644101186349
llama32_3b,down,22,31,0.16263779481651996,0.002358613324057374,0.22977135754847489,0.08881409269244035
llama32_3b,down,22,32,0.1599427028009441,0.0023195284364107534,0.23209088598488561,0.09450397983083358
llama32_3b,down,22,33,0.15413676344806515,0.0022353292751283575,0.234326215260014,0.10194692850467686
llama32_3b,down,22,34,0.15142748466634215,0.002196038647507841,0.23652225390752182,0.10026610780707004
llama32_3b,down,22,35,0.14901356333580734,0.002161031366329141,0.23868328527385096,0.10748278912547683
llama32_3b,down,22,36,0.1423593386656988,0.0020645301626212617,0.24074781543647222,0.10095714903243469
llama32_3b,down,22,37,0.14004865905158678,0.0020310201182209375,0.24277883555469315,0.1100910664457839
llama32_3b,down,22,38,0.1363533267508825,0.0019774294998096786,0.24475626505450282,0.10964347587831398
llama32_3b,down,22,39,0.1342693760038135,0.0019472075332350497,0.2467034725877379,0.11958946507169112
llama32_3b,down,22,40,0.13279891013521536,0.0019258824753408505,0.2486293550630788,0.12743301933081783
llama32_3b,down,22,41,0.13070320934320928,0.0018954901067229685,0.2505248451698018,0.12548007387187174
llama32_3b,down,22,42,0.13028269859734298,0.0018893917564026849,0.2524142369262044,0.10909102324143616
llama32_3b,down,22,43,0.12599339602618373,0.0018271872349588036,0.2542414241611632,0.1322726709936324
llama32_3b,down,22,44,0.1248708449740687,0.001810907723351799,0.256052331884515,0.12583088935303433
llama32_3b,down,22,45,0.1221912716800463,0.0017720478920241578,0.25782437977653916,0.12281143089933608
llama32_3b,down,22,46,0.12029520234518187,0.0017445506279251638,0.2595689304044643,0.14119485776335264
llama32_3b,down,22,47,0.11889792257046966,0.0017242869327749061,0.2612932173372392,0.13355163676961251
llama32_3b,down,22,48,0.1176486232504064,0.0017061692865945625,0.2629993866238338,0.14481248650648165
llama32_3b,down,22,49,0.11625015918349516,0.0016858884165473914,0.2646852750403812,0.1355995378049145
llama32_3b,down,22,50,0.111822779656743,0.001621681469114065,0.2663069565094952,0.14617372959475466
llama32_3b,down,22,51,0.10946406525771755,0.0015874748124420186,0.26789443132193724,0.16020423869459224
llama32_3b,down,22,52,0.10802411957653278,0.0015665923658164185,0.2694610236877537,0.1515124102009985
llama32_3b,down,22,53,0.10736496017258353,0.0015570330739274306,0.2710180567616811,0.1705236945083357
llama32_3b,down,22,54,0.10728707002660363,0.0015559034918623995,0.2725739602535435,0.1476105786306072
llama32_3b,down,22,55,0.10296193450557953,0.001493179312161427,0.274067139565705,0.17310032512006662
llama32_3b,down,22,56,0.10005449539850451,0.0014510149147372677,0.27551815448044226,0.16273846706269185
llama32_3b,down,22,57,0.09933773147337598,0.0014406202279062083,0.27695877470834845,0.16513985719570573
llama32_3b,down,22,58,0.09780227235182787,0.0014183526218635018,0.27837712733021197,0.1749214433745938
llama32_3b,down,22,59,0.09666315691582439,0.0014018328894850084,0.27977896021969695,0.1677036614370931
llama32_3b,down,22,60,0.09515068465518774,0.0013798986445560898,0.281158858864253,0.19259681643859716
llama32_3b,down,22,61,0.09356651885555001,0.001356924682281473,0.28251578354653456,0.16044016083655774
llama32_3b,down,22,62,0.09294720773467127,0.0013479432799998609,0.2838637268265344,0.17738571875711615
llama32_3b,down,22,63,0.09145003533707727,0.0013262309174499386,0.28518995774398426,0.16463860820917697
llama32_3b,down,22,64,0.09021780893139006,0.0013083608668753599,0.28649831861085967,0.17995442603665932
llama32_3b,down,22,65,0.0898257724591288,0.0013026754574781468,0.2878009940683378,0.17588125048871198
llama32_3b,down,22,66,0.08865969354348989,0.0012857646940825221,0.28908675876242035,0.17616089586093034
llama32_3b,down,22,67,0.08661923051383845,0.0012561733970877997,0.2903429321595082,0.1887289169178973
llama32_3b,down,22,68,0.08591101412746265,0.0012459026687672012,0.29158883482827536,0.17716876793483338
llama32_3b,down,22,69,0.08544484028492454,0.0012391421009817253,0.2928279769292571,0.21122884555833488
llama32_3b,down,22,70,0.08366104768143832,0.0012132731016714234,0.2940412500309285,0.20525703609075788
llama32_3b,down,22,71,0.08259648625510688,0.0011978345698882328,0.2952390846008167,0.1915793309014356
llama32_3b,down,22,72,0.08127759493690402,0.001178707683424934,0.29641779228424164,0.18414248309550105
llama32_3b,down,22,73,0.0806274426235471,0.0011692790145802763,0.2975870712988219,0.22052892875613037
llama32_3b,down,22,74,0.07914323165781487,0.0011477546219048997,0.2987348259207268,0.19284946195309122
llama32_3b,down,22,75,0.07793751057358166,0.0011302689580247566,0.29986509487875157,0.21798559612562918
llama32_3b,down,22,76,0.07705040284406048,0.0011174039034223906,0.300982498782174,0.19927713541841666
llama32_3b,down,22,77,0.07525303400319112,0.0010913380181765743,0.30207383680035055,0.23698286083754988
llama32_3b,down,22,78,0.07458194881352319,0.0010816057756082706,0.3031554425759588,0.21976723260910658
llama32_3b,down,22,79,0.07407639226960175,0.0010742740701956222,0.30422971664615445,0.21156138500926203
llama32_3b,down,22,80,0.0739057332158139,0.0010717991306000063,0.30530151577675446,0.22897369785413185
llama32_3b,down,22,81,0.07324305640713524,0.0010621888284420326,0.30636370460519646,0.21659500502864504
llama32_3b,down,22,82,0.0719582715710112,0.0010435565625751245,0.3074072611677716,0.2028788150970643
llama32_3b,down,22,83,0.07053984389350693,0.0010229861753342769,0.30843024734310587,0.21587202713628426
llama32_3b,down,22,84,0.06985744171762917,0.0010130898110469549,0.30944333715415284,0.20428734575233296
llama32_3b,down,22,85,0.06979075673218348,0.001012122728977475,0.31045545988313034,0.21176838934341435
llama32_3b,down,22,86,0.06840209725893193,0.000991984047560375,0.31144744393069074,0.227783941385593
llama32_3b,down,22,87,0.0674955899563635,0.0009788376555756254,0.31242628158626634,0.23195931906364806
llama32_3b,down,22,88,0.06652957073962226,0.0009648282071662211,0.31339110979343254,0.22136073169762316
llama32_3b,down,22,89,0.06627348401757951,0.0009611143745026289,0.3143522241679352,0.25633756498694554
llama32_3b,down,22,90,0.06546869009998667,0.0009494430550575007,0.3153016672229927,0.21523089089720893
llama32_3b,down,22,91,0.06470936062034467,0.0009384310720799053,0.3162400982950726,0.22973905342937
llama32_3b,down,22,92,0.06464840322831085,0.0009375470529795913,0.31717764534805215,0.24422021798575694
llama32_3b,down,22,93,0.06408748420624655,0.0009294124672847309,0.31810705781533694,0.24473266758203202
llama32_3b,down,22,94,0.0627211329902435,0.0009095973057041002,0.319016655121041,0.24440974262285137
llama32_3b,down,22,95,0.06213469671059107,0.0009010926624601404,0.3199177477835011,0.2326314920337948
llama32_3b,down,22,96,0.06189183086391143,0.0008975705621845967,0.3208153183456857,0.23941554729886
llama32_3b,down,22,97,0.0611788866894047,0.0008872312703170594,0.3217025496160028,0.26314429289242464
llama32_3b,down,22,98,0.06059389252577794,0.0008787475409945949,0.3225812971569974,0.25125799578944524
llama32_3b,down,22,99,0.06021534257931898,0.0008732577165134736,0.3234545548735109,0.2491904108690711
llama32_3b,down,22,100,0.05898176579228572,0.0008553680823762983,0.3243099229558872,0.24288202999890693
llama32_3b,down,22,101,0.05836707297207379,0.0008464536558274761,0.32515637661171465,0.21833578726256936
llama32_3b,down,22,102,0.05811714763952898,0.0008428291771506429,0.3259992057888653,0.24171776848095522
llama32_3b,down,22,103,0.05743356042881785,0.0008329156271965414,0.3268321214160618,0.26902996141208146
llama32_3b,down,22,104,0.05659087220889207,0.0008206947552535504,0.32765281617131536,0.2319432725014405
llama32_3b,down,22,105,0.056174501098720866,0.0008146564389488423,0.3284674726102642,0.25412568016283094
llama32_3b,down,22,106,0.05579452528896752,0.0008091459362473344,0.3292766185465116,0.24389787650322883
llama32_3b,down,22,107,0.05516333348272515,0.0007999922373428539,0.3300766107838544,0.25748030044744785
llama32_3b,down,22,108,0.054292238239463865,0.0007873593997567508,0.33086397018361113,0.2656785625089244
llama32_3b,down,22,109,0.053662766435418945,0.0007782306447474141,0.3316422008283586,0.256789432772103
llama32_3b,down,22,110,0.05322774173512899,0.000771921809488331,0.3324141226378469,0.2515384457974748
llama32_3b,down,22,111,0.052382567223849395,0.0007596648807362742,0.3331737875185832,0.26947892786887473
llama32_3b,down,22,112,0.051663172385837244,0.0007492320397591338,0.3339230195583423,0.2602678709329195
llama32_3b,down,22,113,0.05154082880854534,0.0007474577830936455,0.33467047734143596,0.27734724587019355
llama32_3b,down,22,114,0.05049217408706882,0.0007322499342587511,0.33540272727569476,0.2776431112746996
llama32_3b,down,22,115,0.050435444168160246,0.0007314272230140407,0.33613415449870876,0.27466036788359066
llama32_3b,down,22,116,0.04974663634343484,0.0007214379624307602,0.33685559246113944,0.2743120811751369
llama32_3b,down,22,117,0.04916287353534855,0.0007129720905293687,0.3375685645516689,0.2624458170134013
llama32_3b,down,22,118,0.049141981919421686,0.0007126691151739675,0.3382812336668428,0.2788449381609035
llama32_3b,down,22,119,0.048620643022277664,0.0007051085301909967,0.33898634219703383,0.2768474690778828
llama32_3b,down,22,120,0.048459750154252225,0.0007027752222246737,0.3396891174192585,0.30060400347904664
llama32_3b,down,22,121,0.04789916758175536,0.0006946455158042372,0.3403837629350628,0.2960625519461047
llama32_3b,down,22,122,0.046867506102899054,0.0006796841071556981,0.34106344704221847,0.27432529496387664
llama32_3b,down,22,123,0.04642889557865182,0.0006733232693951493,0.3417367703116136,0.28982351905838993
llama32_3b,down,22,124,0.0453315964426132,0.0006574099672893435,0.342394180278903,0.2903260290610485
llama32_3b,down,22,125,0.04525666305395376,0.0006563232648466037,0.34305050354374955,0.27379356036997743
llama32_3b,down,22,126,0.04493198641791655,0.0006516147243709325,0.3437021182681205,0.3046885642881923
llama32_3b,down,22,127,0.04435016738468765,0.0006431770415708675,0.3443452953096914,0.2973990964961104
llama32_3b,down,22,128,0.04390982374889269,0.0006367910698001512,0.34498208637949157,0.30511403335402293
llama32_3b,down,23,1,7.712405848040068,0.0892968594056353,0.0892968594056353,7.727632305838673e-05
llama32_3b,down,23,2,2.434452871859748,0.028186923783756715,0.11748378318939201,0.0009239278049833788
llama32_3b,down,23,3,1.317995900707828,0.015260205046473213,0.13274398823586522,0.002686771205163085
llama32_3b,down,23,4,1.0902349675287104,0.01262311145610407,0.1453670996919693,0.0035032553843355086
llama32_3b,down,23,5,0.9106153465933895,0.010543414361165671,0.15591051405313497,0.005998449788897567
llama32_3b,down,23,6,0.7980361919715332,0.009239934598773768,0.16515044865190873,0.007158291315962628
llama32_3b,down,23,7,0.7607607254699309,0.008808346562944595,0.17395879521485333,0.007251370903235836
llama32_3b,down,23,8,0.6961873679666681,0.008060694255748646,0.18201948947060198,0.010412992995595656
llama32_3b,down,23,9,0.6374880802888546,0.007381053927911296,0.18940054339851325,0.012750615544103745
llama32_3b,down,23,10,0.6007857146369501,0.006956101448743565,0.19635664484725684,0.01141936530652766
llama32_3b,down,23,11,0.5721464370769549,0.0066245061473365775,0.20298115099459338,0.01591821477643104
llama32_3b,down,23,12,0.512126087970437,0.005929570120726424,0.2089107211153198,0.01621672554711915
llama32_3b,down,23,13,0.4655095450520991,0.005389827923417988,0.2143005490387378,0.02215386686366519
llama32_3b,down,23,14,0.41084278501749605,0.00475687757288475,0.2190574266116226,0.02648157024825519
llama32_3b,down,23,15,0.3802191564043255,0.004402306779718359,0.22345973339134093,0.025988699006456995
llama32_3b,down,23,16,0.3671439114473184,0.004250917144159071,0.2277106505355,0.030325858901137263
llama32_3b,down,23,17,0.3478259937101522,0.004027247718797628,0.23173789825429764,0.034130054880230555
llama32_3b,down,23,18,0.33821736698970534,0.003915995768855831,0.23565389402315343,0.028875896796728015
llama32_3b,down,23,19,0.31176002831530875,0.003609663698370295,0.23926355772152377,0.039586814397716705
llama32_3b,down,23,20,0.3026378962602456,0.003504044549216258,0.24276760227073996,0.03803389690855321
llama32_3b,down,23,21,0.29019984530055576,0.003360032562592161,0.24612763483333214,0.04310915466089063
llama32_3b,down,23,22,0.2786348182799496,0.0032261287442208963,0.24935376357755304,0.04860207629587106
llama32_3b,down,23,23,0.2550022426592139,0.00295250274162481,0.25230626631917785,0.051849041083999424
llama32_3b,down,23,24,0.24986242935963027,0.0028929922341868787,0.2551992585533647,0.06086384462331259
llama32_3b,down,23,25,0.2479562434065115,0.002870921764555162,0.2580701803179199,0.06153996508322995
llama32_3b,down,23,26,0.23980466123806488,0.0027765399722621325,0.260846720290182,0.055542741150690036
llama32_3b,down,23,27,0.2382654555475583,0.0027587185249926724,0.26360543881517473,0.06055591860690505
llama32_3b,down,23,28,0.22607779291896155,0.002617605619671995,0.2662230444348467,0.08097639017882359
llama32_3b,down,23,29,0.21793033918335686,0.0025232716277792965,0.268746316062626,0.07742927879444887
llama32_3b,down,23,30,0.20615116835549394,0.002386888379535438,0.27113320444216144,0.08406601394937836
llama32_3b,down,23,31,0.19834831446963405,0.0022965442819688642,0.2734297487241303,0.0848088577505638
llama32_3b,down,23,32,0.19626608627043554,0.0022724355353056515,0.275702184259436,0.08006142711110796
llama32_3b,down,23,33,0.1828929316198486,0.0021175965999367676,0.27781978085937276,0.10360695021059448
llama32_3b,down,23,34,0.18040249206213838,0.002088761443252217,0.279908542302625,0.08692726736128517
llama32_3b,down,23,35,0.17492562913480408,0.0020253484605277155,0.28193389076315273,0.10967863220551416
llama32_3b,down,23,36,0.17159751876297552,0.0019868144661016915,0.2839207052292544,0.1007901582376995
llama32_3b,down,23,37,0.16477047331007466,0.0019077686106351388,0.2858284738398895,0.11691489285229245
llama32_3b,down,23,38,0.16424607658832527,0.001901696966940878,0.2877301708068304,0.12187660322560938
llama32_3b,down,23,39,0.1607678051471898,0.001861424356555282,0.2895915951633857,0.1325935445101199
llama32_3b,down,23,40,0.15819516849914833,0.0018316374939875758,0.2914232326573733,0.10537422699523465
llama32_3b,down,23,41,0.15490092384547724,0.0017934956083707305,0.29321672826574396,0.12247572204561412
llama32_3b,down,23,42,0.15128585073282938,0.0017516390616793703,0.2949683673274233,0.12828535932383747
llama32_3b,down,23,43,0.14782151702769528,0.0017115278271441468,0.29667989515456755,0.1307872249282432
llama32_3b,down,23,44,0.14522399078202664,0.001681452784345295,0.2983613479389128,0.12186386929572803
llama32_3b,down,23,45,0.14296021853308966,0.0016552420588955865,0.30001658999780834,0.13205421413347548
llama32_3b,down,23,46,0.1411851546484905,0.00163468976519344,0.3016512797630018,0.10971955211277101
llama32_3b,down,23,47,0.13949663071576385,0.0016151394605032298,0.30326641922350506,0.120555845838326
llama32_3b,down,23,48,0.13576997955601117,0.0015719910252129823,0.30483841024871805,0.1432064817945947
llama32_3b,down,23,49,0.13484611623342294,0.0015612942212775219,0.30639970446999554,0.13905575979567386
llama32_3b,down,23,50,0.13434497837882872,0.0015554918766620717,0.30795519634665763,0.14122203644107897
llama32_3b,down,23,51,0.13075431837255985,0.0015139179932240378,0.30946911433988167,0.13910467583425032
llama32_3b,down,23,52,0.12671535060104203,0.001467153449922835,0.3109362677898044,0.14752964227186063
llama32_3b,down,23,53,0.12628257154428635,0.001462142586730951,0.3123984103765354,0.15305193053756702
llama32_3b,down,23,54,0.1247869668381016,0.0014448259664951882,0.3138432363430306,0.15392787217956413
llama32_3b,down,23,55,0.12271953248784792,0.0014208885080493389,0.3152641248510799,0.17291441036315375
llama32_3b,down,23,56,0.12107266116755966,0.001401820471480137,0.31666594532256004,0.16094015233822428
llama32_3b,down,23,57,0.12001838100222893,0.0013896136569591388,0.3180555589795192,0.1518818985671548
llama32_3b,down,23,58,0.11688144578501625,0.0013532931535293028,0.3194088521330485,0.1871511634162405
llama32_3b,down,23,59,0.11488987185375545,0.0013302340328295126,0.320739086165878,0.17609269803446406
llama32_3b,down,23,60,0.11410480501145272,0.0013211442617746154,0.32206023042765264,0.1844950709539467
llama32_3b,down,23,61,0.11110128334195742,0.0012863684658002816,0.3233465988934529,0.17963099644298716
llama32_3b,down,23,62,0.1096315444971265,0.0012693513293093098,0.32461595022276224,0.15448895263025986
llama32_3b,down,23,63,0.10886831448912049,0.0012605143925528766,0.3258764646153151,0.1910170276012706
llama32_3b,down,23,64,0.10690466719458175,0.0012377786159563633,0.3271142432312715,0.17119499487146494
llama32_3b,down,23,65,0.1053985645750228,0.0012203404473071612,0.32833458367857865,0.17075813414943444
llama32_3b,down,23,66,0.10419451082857958,0.0012063995032967666,0.3295409831818754,0.2103109526875938
llama32_3b,down,23,67,0.10231742034442591,0.0011846659109057847,0.33072564909278124,0.20182094017641947
llama32_3b,down,23,68,0.1014686283753219,0.0011748383086474085,0.3319004874014286,0.19249671280989922
llama32_3b,down,23,69,0.10041300154540463,0.0011626159019855632,0.33306310330341415,0.1888743468314916
llama32_3b,down,23,70,0.09750212335538615,0.0011289127637427714,0.33419201606715687,0.19126124492982977
llama32_3b,down,23,71,0.09700713439918256,0.0011231816131653304,0.33531519768032225,0.20399790728524095
llama32_3b,down,23,72,0.09645588853339385,0.0011167991009447397,0.33643199678126706,0.19517170827462735
llama32_3b,down,23,73,0.09455737976164487,0.0010948175203314326,0.3375268143015984,0.1853701823113869
llama32_3b,down,23,74,0.09352523152357385,0.0010828669567956423,0.33860968125839414,0.21670817221646976
llama32_3b,down,23,75,0.0929209466269393,0.0010758703406269746,0.3396855515990211,0.21362351322945158
llama32_3b,down,23,76,0.09188829302076669,0.0010639139257673299,0.3407494655247884,0.19782689983186796
llama32_3b,down,23,77,0.09146668510790622,0.0010590324058809546,0.3418084979306693,0.20363122984487783
llama32_3b,down,23,78,0.09035881252282874,0.001046205080086869,0.3428547030107562,0.198252989308507
llama32_3b,down,23,79,0.08866901158792871,0.0010266399898309372,0.3438813430005871,0.19365797735812887
llama32_3b,down,23,80,0.0860886936651408,0.0009967641908503134,0.34487810719143747,0.22620101166754022
llama32_3b,down,23,81,0.08510130333078038,0.000985331849554598,0.34586343904099204,0.2182578437859711
llama32_3b,down,23,82,0.08350754763526418,0.0009668788037640153,0.34683031784475604,0.2186019000435562
llama32_3b,down,23,83,0.08289586107125953,0.0009597964885717826,0.3477901143333279,0.22548110125151777
llama32_3b,down,23,84,0.08247590296272062,0.0009549340706812632,0.34874504840400905,0.22130344974255228
llama32_3b,down,23,85,0.08206910400804376,0.0009502240139521598,0.3496952724179613,0.23827076152512047
llama32_3b,down,23,86,0.08106035104738588,0.0009385443288995666,0.35063381674686084,0.22289635790515103
llama32_3b,down,23,87,0.07995588913704961,0.000925756493058272,0.3515595732399191,0.2121706118034234
llama32_3b,down,23,88,0.07836874101695322,0.0009073799520244281,0.35246695319194354,0.23754355996178778
llama32_3b,down,23,89,0.07737589586013698,0.0008958844529380676,0.3533628376448816,0.22248025081021847
llama32_3b,down,23,90,0.07660131686244868,0.0008869161137170829,0.3542497537585987,0.2297518216682615
llama32_3b,down,23,91,0.07559389195790767,0.0008752518053501424,0.3551250055639488,0.2397067733443162
llama32_3b,down,23,92,0.07538524510413054,0.0008728360210755248,0.35599784158502434,0.2479246910929176
llama32_3b,down,23,93,0.07477433076935255,0.0008657626470160644,0.3568636042320404,0.24941177891188543
llama32_3b,down,23,94,0.07348138895706693,0.0008507925267311372,0.35771439675877154,0.2610488017598696
llama32_3b,down,23,95,0.07189091751598385,0.0008323775071559981,0.3585467742659275,0.22551264328460782
llama32_3b,down,23,96,0.07153950108459779,0.0008283086881279791,0.35937508295405557,0.246737891985991
llama32_3b,down,23,97,0.07013334362381177,0.000812027718537938,0.3601871106725935,0.24932639533051096
llama32_3b,down,23,98,0.06998184041861318,0.0008102735628722894,0.3609973842354658,0.2556904312376206
llama32_3b,down,23,99,0.06898789083121336,0.0007987652763127995,0.3617961495117786,0.2544240549741768
llama32_3b,down,23,100,0.06753376427744291,0.0007819289042405182,0.36257807841601913,0.25354735193936845
llama32_3b,down,23,101,0.06677813352483683,0.000773179954249098,0.36335125837026827,0.24831502457991636
llama32_3b,down,23,102,0.06607230839943386,0.0007650076707580662,0.3641162660410263,0.24579873292537022
llama32_3b,down,23,103,0.06591109680278164,0.0007631411080324455,0.36487940714905875,0.29183747996319453
llama32_3b,down,23,104,0.06512156341132722,0.0007539996217515236,0.3656334067708102,0.2745970396891262
llama32_3b,down,23,105,0.0643530546586533,0.0007451015658929925,0.36637850833670316,0.2698088636003199
llama32_3b,down,23,106,0.06401366082479726,0.0007411719485904118,0.3671196802852936,0.2488702454395947
llama32_3b,down,23,107,0.06376672368666209,0.0007383128263734851,0.36785799311166706,0.25589797650127716
llama32_3b,down,23,108,0.06305374834560827,0.0007300577552524618,0.36858805086691954,0.25376669731919577
llama32_3b,down,23,109,0.06192661462884406,0.0007170074175212307,0.3693050582844408,0.25303762225389836
llama32_3b,down,23,110,0.061031048310719295,0.0007066382459327914,0.37001169653037363,0.28632390994496315
llama32_3b,down,23,111,0.06056423529565465,0.0007012333259900031,0.3707129298563636,0.25742845062733877
llama32_3b,down,23,112,0.060359320147028696,0.0006988607486675083,0.3714117906050311,0.25463480594695925
llama32_3b,down,23,113,0.05913335154174184,0.0006846660669638939,0.3720964566719951,0.263867720530803
llama32_3b,down,23,114,0.05897229294564732,0.0006828012757307955,0.37277925794772576,0.25154549303805895
llama32_3b,down,23,115,0.05821788424764185,0.0006740664751034009,0.37345332442282914,0.2746391098199506
llama32_3b,down,23,116,0.05763572153084204,0.0006673259970609381,0.3741206504198902,0.26810389645403776
llama32_3b,down,23,117,0.05713117022023164,0.000661484130290149,0.37478213455018033,0.27041677518561225
llama32_3b,down,23,118,0.056862534776009076,0.0006583737777015065,0.37544050832788184,0.2760240367622332
llama32_3b,down,23,119,0.05615089565281202,0.0006501341777655376,0.3760906425056474,0.26420993096660955
llama32_3b,down,23,120,0.05520975263440145,0.0006392373036316431,0.37672987980927897,0.27739619632068163
llama32_3b,down,23,121,0.054750151670979845,0.0006339158872770067,0.377363795696556,0.30720360043247447
llama32_3b,down,23,122,0.054207296037656144,0.0006276305200230541,0.377991426216579,0.2807973951435323
llama32_3b,down,23,123,0.053869821982389605,0.0006237231305702748,0.37861514934714924,0.2793201476044792
llama32_3b,down,23,124,0.05369745758137378,0.000621727436880483,0.3792368767840298,0.28751000632104545
llama32_3b,down,23,125,0.05282776304151323,0.0006116578175448367,0.37984853460157464,0.2948173205504445
llama32_3b,down,23,126,0.05221348515724915,0.0006045454991648255,0.3804530801007395,0.29467115981462916
llama32_3b,down,23,127,0.05175180336332166,0.0005991999902464948,0.38105228009098596,0.27638266833437014
llama32_3b,down,23,128,0.05152475397952617,0.0005965711352170263,0.381648851226203,0.3030575843062864
llama32_3b,down,24,1,17.903120578440504,0.15680397154756925,0.15680397154756925,2.8274293188873455e-05
llama32_3b,down,24,2,2.525195927220285,0.02211685658871759,0.17892082813628685,0.000945924902306959
llama32_3b,down,24,3,1.7785759328683224,0.015577606638505314,0.19449843477479214,0.0022276101191598075
llama32_3b,down,24,4,1.4412622027434858,0.012623253942875608,0.20712168871766773,0.003309009918125127
llama32_3b,down,24,5,1.0935987934490545,0.009578253877089112,0.21669994259475686,0.006408113337990757
llama32_3b,down,24,6,0.9350376052746152,0.008189500227683746,0.2248894428224406,0.007878426322629814
llama32_3b,down,24,7,0.7807716789143165,0.006838366506510608,0.2317278093289512,0.010161393374844658
llama32_3b,down,24,8,0.7385971539889893,0.006468982131454396,0.23819679146040562,0.012551415497405032
llama32_3b,down,24,9,0.6736471510311401,0.005900119380896736,0.24409691084130236,0.016883201523842737
llama32_3b,down,24,10,0.6431288330861163,0.0056328255626059785,0.24972973640390833,0.015102318273037128
llama32_3b,down,24,11,0.6203672626111796,0.00543346899605143,0.25516320539995974,0.017522127405439906
llama32_3b,down,24,12,0.5947614091970683,0.005209200858404374,0.26037240625836416,0.017983758238488575
llama32_3b,down,24,13,0.5381966737626372,0.004713780234564231,0.2650861864929284,0.020849731135035406
llama32_3b,down,24,14,0.5291157918329696,0.004634245588886809,0.2697204320818152,0.02149682266757346
llama32_3b,down,24,15,0.4866889566240662,0.0042626513613999144,0.27398308344321515,0.0312265749419083
llama32_3b,down,24,16,0.44685864216018006,0.003913798686886454,0.27789688213010155,0.030571972202707638
llama32_3b,down,24,17,0.4308718795872578,0.0037737790823354467,0.281670661212437,0.032179966079269144
llama32_3b,down,24,18,0.4249347326026864,0.0037217787496133642,0.2853924399620504,0.03860553446847086
llama32_3b,down,24,19,0.4021186676551578,0.003521944894773103,0.28891438485682347,0.038897245717065036
llama32_3b,down,24,20,0.39309937283185387,0.0034429496580122235,0.29235733451483564,0.04049936622047324
llama32_3b,down,24,21,0.3853650842414726,0.003375209111734091,0.29573254362656975,0.03712502271529326
llama32_3b,down,24,22,0.3753575252255151,0.0032875581911963312,0.29902010181776606,0.04565813189931017
llama32_3b,down,24,23,0.3673659530536268,0.003217564233999274,0.3022376660517654,0.04064737531361891
llama32_3b,down,24,24,0.3449251033857406,0.0030210166914963225,0.3052586827432617,0.05397303226679829
llama32_3b,down,24,25,0.3337868503820745,0.002923462619879349,0.30818214536314104,0.047899379567864324
llama32_3b,down,24,26,0.32422517673002216,0.002839716973598607,0.3110218623367397,0.05633926077192038
llama32_3b,down,24,27,0.3142291615104308,0.0027521671590724508,0.31377402949581207,0.0647794097954852
llama32_3b,down,24,28,0.3055862983743521,0.00267646888852004,0.31645049838433215,0.06744418254932348
llama32_3b,down,24,29,0.30021034415344655,0.002629383746630808,0.31907988213096294,0.07506720871054427
llama32_3b,down,24,30,0.29567810185026433,0.0025896882315366017,0.32166957036249955,0.06682968185699051
llama32_3b,down,24,31,0.28209094220678327,0.0024706854808812595,0.3241402558433808,0.0822191166254186
llama32_3b,down,24,32,0.2789561767081495,0.0024432297265672316,0.32658348556994804,0.08448337780369669
llama32_3b,down,24,33,0.2699618149930119,0.0023644528657239122,0.32894793843567194,0.08534467062772114
llama32_3b,down,24,34,0.2657333023043842,0.002327417557805885,0.3312753559934779,0.07036223933421984
llama32_3b,down,24,35,0.25404759237348234,0.002225068600288117,0.333500424593766,0.09791437852287944
llama32_3b,down,24,36,0.25011463840982123,0.0021906219350425918,0.3356910465288086,0.08887192382085013
llama32_3b,down,24,37,0.24811385126342603,0.0021730980978209454,0.3378641446266295,0.09836882477957137
llama32_3b,down,24,38,0.23573104052392896,0.002064643602730673,0.33992878822936023,0.08749675717669965
llama32_3b,down,24,39,0.23229424519793948,0.0020345425287782225,0.34196333075813845,0.0975952934573492
llama32_3b,down,24,40,0.22619928167941805,0.001981159964439545,0.34394449072257793,0.09660803003644598
llama32_3b,down,24,41,0.21663096493910808,0.0018973561348595517,0.3458418468574375,0.11735174780149818
llama32_3b,down,24,42,0.20759180487138165,0.0018181869089213347,0.34766003376635884,0.10175952016738488
llama32_3b,down,24,43,0.2036636914568656,0.0017837826394875949,0.3494438164058464,0.11565373334582288
llama32_3b,down,24,44,0.1987065027225167,0.0017403652431822359,0.35118418164902865,0.12109471362732636
llama32_3b,down,24,45,0.19685704696227807,0.0017241668375949902,0.3529083484866236,0.12318192047167172
llama32_3b,down,24,46,0.1934874038797929,0.0016946539146541846,0.3546030024012778,0.1207719959928102
llama32_3b,down,24,47,0.1849477338315305,0.0016198594578215638,0.35622286185909935,0.15649432946532837
llama32_3b,down,24,48,0.18269325275516368,0.001600113649541701,0.35782297550864106,0.13621186900478258
llama32_3b,down,24,49,0.1798169105912964,0.001574921288643051,0.3593978967972841,0.1307990204538926
llama32_3b,down,24,50,0.17656440373767346,0.0015464343000256627,0.3609443310973098,0.12587647375021727
llama32_3b,down,24,51,0.1742918030345561,0.0015265297915111119,0.3624708608888209,0.13124330839867446
llama32_3b,down,24,52,0.1636492086056777,0.0014333169314006912,0.36390417782022155,0.1462370454119184
llama32_3b,down,24,53,0.16270345853914403,0.0014250336063862555,0.36532921142660785,0.14786794878856613
llama32_3b,down,24,54,0.16118252380296105,0.0014117125428290262,0.36674092396943686,0.13972009374287192
llama32_3b,down,24,55,0.16054571558059996,0.0014061350761553886,0.3681470590455923,0.14288384814716149
llama32_3b,down,24,56,0.15795083743184818,0.0013834079098145513,0.36953046695540687,0.16973716471166778
llama32_3b,down,24,57,0.15644309406028054,0.0013702023824484991,0.37090066933785537,0.13958484074692154
llama32_3b,down,24,58,0.1548045562009147,0.0013558512952872466,0.37225652063314263,0.16070924739917586
llama32_3b,down,24,59,0.1520565670844272,0.001331783110897446,0.3735883037440401,0.14841306890642178
llama32_3b,down,24,60,0.15139000277417716,0.0013259450263757488,0.3749142487704158,0.1434752821513181
llama32_3b,down,24,61,0.14821106352792823,0.0012981023775516917,0.37621235114796747,0.15393277487249243
llama32_3b,down,24,62,0.14388785200495174,0.0012602376525908785,0.37747258880055834,0.17532116632205966
llama32_3b,down,24,63,0.14191979383068853,0.0012430004711392406,0.3787155892716976,0.17319418876466022
llama32_3b,down,24,64,0.14120698431039724,0.0012367573492628684,0.3799523466209604,0.19753222559699019
llama32_3b,down,24,65,0.13873504968145797,0.0012151069802377938,0.3811674536011982,0.15899729998045425
llama32_3b,down,24,66,0.13670415374875713,0.0011973194360690533,0.38236477303726724,0.1819980095582698
llama32_3b,down,24,67,0.13429012056297804,0.0011761761951843534,0.38354094923245163,0.18466529020729375
llama32_3b,down,24,68,0.1338665294211102,0.001172466184235914,0.3847134154166876,0.17783677910128368
llama32_3b,down,24,69,0.13233502830605878,0.0011590525753503891,0.38587246799203795,0.1911254709908104
llama32_3b,down,24,70,0.12907346597100786,0.0011304862745568937,0.3870029542665948,0.19562459874310287
llama32_3b,down,24,71,0.1285626204635163,0.0011260120487329123,0.3881289663153277,0.19059175353121954
llama32_3b,down,24,72,0.12667857339561828,0.001109510676162997,0.3892384769914907,0.17916265069222814
llama32_3b,down,24,73,0.12505472811800183,0.0010952882735604224,0.39033376526505115,0.20457850350051024
llama32_3b,down,24,74,0.12393569375809126,0.0010854872429991091,0.39141925250805026,0.18692134548044406
llama32_3b,down,24,75,0.123063038189465,0.0010778441140622196,0.39249709662211246,0.1854480932393756
llama32_3b,down,24,76,0.12015269619274596,0.0010523539665961525,0.39354945058870866,0.19668504555300634
llama32_3b,down,24,77,0.11857613276449186,0.0010385456807242139,0.3945879962694328,0.1937260082109637
llama32_3b,down,24,78,0.1173612368281905,0.0010279050492770648,0.39561590131870994,0.1839422106366505
llama32_3b,down,24,79,0.11648468280632697,0.001020227775848559,0.3966361290945585,0.20316411978419482
llama32_3b,down,24,80,0.11441228051959104,0.0010020766994604691,0.3976382057940189,0.19050879170063553
llama32_3b,down,24,81,0.1139266541049859,0.0009978233543430715,0.398636029148362,0.23061033572899767
llama32_3b,down,24,82,0.1131235253744171,0.0009907891742365709,0.39962681832259855,0.20556598233228568
llama32_3b,down,24,83,0.11203065157696984,0.0009812172702163093,0.4006080355928149,0.2199596104759705
llama32_3b,down,24,84,0.11097217574795751,0.0009719466398226275,0.4015799822326375,0.2107147328895343
llama32_3b,down,24,85,0.10843450862913502,0.0009497205546575516,0.40252970278729505,0.21201691429478586
llama32_3b,down,24,86,0.10806615194030957,0.0009464943130925197,0.4034761971003876,0.22291130003581874
llama32_3b,down,24,87,0.1060483475561919,0.0009288214308790821,0.4044050185312667,0.2047381947336265
llama32_3b,down,24,88,0.10558354921213213,0.0009247505078241891,0.40532976903909085,0.21789766674757438
llama32_3b,down,24,89,0.10502141079958373,0.0009198270345525415,0.40624959607364336,0.2176207574037143
llama32_3b,down,24,90,0.10434017551633569,0.0009138604547317999,0.4071634565283752,0.21521705682275943
llama32_3b,down,24,91,0.10235612882222792,0.0008964832382845975,0.4080599397666597,0.20534449936899082
llama32_3b,down,24,92,0.1005721244490417,0.0008808580868062178,0.408940797853466,0.24065330325370038
llama32_3b,down,24,93,0.09995091553590002,0.0008754172462379726,0.40981621509970395,0.24732297221658325
llama32_3b,down,24,94,0.09867512911556708,0.0008642433072211307,0.41068045840692513,0.22025139498197663
llama32_3b,down,24,95,0.09702336958405146,0.0008497764184210239,0.4115302348253461,0.28787957465386477
llama32_3b,down,24,96,0.09658485001862019,0.0008459356573000972,0.41237617048264624,0.23094108068019498
llama32_3b,down,24,97,0.0954254699756218,0.0008357812602228601,0.4132119517428691,0.2502745101269102
llama32_3b,down,24,98,0.09489734905825921,0.0008311557282136793,0.41404310747108275,0.23566874924283632
llama32_3b,down,24,99,0.09403776917706291,0.0008236271223126344,0.4148667345933954,0.22391831112713081
llama32_3b,down,24,100,0.09117554891039224,0.0007985584476482648,0.41566529304104366,0.2511088931269937
llama32_3b,down,24,101,0.09031515778132244,0.0007910227364558313,0.41645631577749953,0.268345314723577
llama32_3b,down,24,102,0.09000730742936372,0.0007883264379184927,0.417244642215418,0.22328020417321015
llama32_3b,down,24,103,0.08914349094357603,0.0007807607258368299,0.41802540294125484,0.26187589473605166
llama32_3b,down,24,104,0.08833519007429917,0.0007736812457008029,0.4187990841869556,0.2869832810397256
llama32_3b,down,24,105,0.08769525176630215,0.0007680763642612955,0.41956716055121696,0.2816033344268405
llama32_3b,down,24,106,0.08556077932911373,0.0007493816482287726,0.42031654219944575,0.23595320108546436
llama32_3b,down,24,107,0.08461453669439237,0.0007410940090698975,0.4210576362085156,0.26973177074544114
llama32_3b,down,24,108,0.08253214338166077,0.0007228554265652571,0.4217804916350809,0.23247208221790858
llama32_3b,down,24,109,0.08234785855754449,0.000721241373183291,0.42250173300826416,0.28404273276715913
llama32_3b,down,24,110,0.08187836859012906,0.0007171293586788961,0.42321886236694306,0.2622992649257538
llama32_3b,down,24,111,0.08037822201348176,0.00070399036762473,0.42392285273456776,0.27721652758336773
llama32_3b,down,24,112,0.07951695919823647,0.0006964470217937617,0.42461929975636165,0.26687977740806595
llama32_3b,down,24,113,0.07921164781691886,0.000693772960758451,0.4253130727171201,0.24042639593458162
llama32_3b,down,24,114,0.07844792363826938,0.000687083904297347,0.42600015662141744,0.2606081806462317
llama32_3b,down,24,115,0.07804178616625007,0.0006835267608190414,0.4266836833822365,0.27016123872168396
llama32_3b,down,24,116,0.07696162162586055,0.0006740661704646482,0.42735774955270106,0.2610238313714816
llama32_3b,down,24,117,0.07555625606262838,0.0006617573162162797,0.4280195068689173,0.24694116426963397
llama32_3b,down,24,118,0.07523493440688926,0.0006589430296485621,0.42867844989856596,0.2640344156459028
llama32_3b,down,24,119,0.07473534430412314,0.0006545673839662154,0.4293330172825321,0.2924580382684622
llama32_3b,down,24,120,0.07288433570816266,0.0006383553779115382,0.42997137266044366,0.26728806986991804
llama32_3b,down,24,121,0.07202959668687149,0.0006308691705440619,0.4306022418309878,0.29429628860004325
llama32_3b,down,24,122,0.07107071974318317,0.0006224708741500362,0.43122471270513774,0.2894142902191331
llama32_3b,down,24,123,0.07066906381068602,0.0006189529821079618,0.4318436656872457,0.28409544254679286
llama32_3b,down,24,124,0.07006761090360662,0.0006136851739559878,0.43245735086120174,0.2909298983396651
llama32_3b,down,24,125,0.06979041428173395,0.0006112573552403195,0.4330686082164421,0.2937938646553236
llama32_3b,down,24,126,0.0690193474780507,0.0006045039886070398,0.4336731122050491,0.3045183774870264
llama32_3b,down,24,127,0.06790789833749068,0.0005947693929733146,0.4342678815980225,0.2792086523202535
llama32_3b,down,24,128,0.06732940433149094,0.0005897026697023749,0.43485758426772475,0.2889965372304109
llama32_3b,down,25,1,38.660329288082295,0.22265700511068348,0.22265700511068348,1.1033231276676339e-05
llama32_3b,down,25,2,8.18256245038451,0.04712595269837455,0.26978295780905803,0.000273974689216022
llama32_3b,down,25,3,3.074426212484818,0.01770658826531706,0.2874895460743751,0.0013279745109079635
llama32_3b,down,25,4,2.528637885065063,0.014563221495155753,0.3020527675695308,0.0018698011790483778
llama32_3b,down,25,5,1.8541562016553372,0.010678669180276308,0.31273143674980713,0.003782400082322579
llama32_3b,down,25,6,1.351126494855094,0.007781562764983197,0.32051299951479034,0.00715588182880606
llama32_3b,down,25,7,1.3259223752872924,0.0076364043071335316,0.32814940382192387,0.006198051013552446
llama32_3b,down,25,8,1.1762976816193655,0.006774668600371873,0.3349240724222957,0.01034707265412001
llama32_3b,down,25,9,1.00078834180708,0.005763855069003341,0.34068792749129906,0.014482917214807274
llama32_3b,down,25,10,0.9637945910689814,0.005550796414334941,0.346238723905634,0.01318233414920657
llama32_3b,down,25,11,0.9226185927736942,0.005313650879578787,0.3515523747852128,0.014704677826574374
llama32_3b,down,25,12,0.8628149648196818,0.0049692229623779175,0.35652159774759073,0.016623335175567428
llama32_3b,down,25,13,0.839979587035269,0.004837706834044894,0.3613593045816356,0.017635289692911997
llama32_3b,down,25,14,0.7141347966725844,0.004112927075389945,0.3654722316570256,0.026666237606118613
llama32_3b,down,25,15,0.6923872405927286,0.003987676054656657,0.36945990771168224,0.027608608900062347
llama32_3b,down,25,16,0.6586193975705712,0.003793196417912357,0.3732531041295946,0.023016991346705606
llama32_3b,down,25,17,0.6485440440753799,0.0037351692858112783,0.3769882734154059,0.026900419579512284
llama32_3b,down,25,18,0.6041298399592622,0.0034793739044740105,0.38046764731987986,0.03180217109956286
llama32_3b,down,25,19,0.5820707090303001,0.003352328426113296,0.3838199757459932,0.033502369799538446
llama32_3b,down,25,20,0.5622127840179252,0.003237960385478657,0.38705793613147177,0.031065836344018088
llama32_3b,down,25,21,0.5445233446280922,0.003136081336097633,0.39019401746756943,0.043084371225878014
llama32_3b,down,25,22,0.503837715074916,0.0029017599892759574,0.39309577745684543,0.05134802572621178
llama32_3b,down,25,23,0.5018473296560957,0.002890296733154465,0.3959860741899999,0.039857511908743475
llama32_3b,down,25,24,0.4764345017364106,0.0027439362582131793,0.39873001044821305,0.05026866074233004
llama32_3b,down,25,25,0.46198302048482837,0.0026607056289313325,0.4013907160771444,0.048951906642263246
llama32_3b,down,25,26,0.44625873427224527,0.0025701445152504867,0.4039608605923949,0.05022113482187166
llama32_3b,down,25,27,0.43097872862546366,0.0024821421531900185,0.40644300274558487,0.06382393836117378
llama32_3b,down,25,28,0.4230806920430334,0.002436654874522668,0.40887965762010753,0.04976034406813938
llama32_3b,down,25,29,0.40829641932668986,0.002351507594445687,0.4112311652145532,0.06889925780524572
llama32_3b,down,25,30,0.39755798307681733,0.002289661560048208,0.41352082677460134,0.06699775606723937
llama32_3b,down,25,31,0.38392682182270604,0.002211155411836045,0.4157319821864374,0.06823711301691522
llama32_3b,down,25,32,0.3751838078665791,0.002160801642508161,0.41789278382894574,0.08271706191277232
llama32_3b,down,25,33,0.364663627386244,0.0021002126117857208,0.4199929964407315,0.08180512118967273
llama32_3b,down,25,34,0.35078972616596427,0.0020203084477034656,0.42201330488843486,0.08013321409853916
llama32_3b,down,25,35,0.34770644191978894,0.0020025508432339667,0.42401585573166883,0.07899622079236647
llama32_3b,down,25,36,0.33873004805581775,0.001950852965558055,0.4259667086972269,0.08286461539547553
llama32_3b,down,25,37,0.3339101903029967,0.001923093887659216,0.4278898025848861,0.08302900360902278
llama32_3b,down,25,38,0.3240424488925008,0.0018662624589019603,0.42975606504378805,0.08224501880113397
llama32_3b,down,25,39,0.31697375378076964,0.0018255516188082168,0.43158161666259626,0.10353462077367005
llama32_3b,down,25,40,0.30380865112267624,0.00174972964874731,0.4333313463113436,0.0883999977067192
llama32_3b,down,25,41,0.28956021900376816,0.0016676684433323597,0.43499901475467595,0.10460301775599938
llama32_3b,down,25,42,0.27981501939933745,0.0016115427714075412,0.43661055752608346,0.11560627814765428
llama32_3b,down,25,43,0.27729723407163837,0.0015970420532062115,0.4382075995792897,0.11051855353328514
llama32_3b,down,25,44,0.27267879189977434,0.0015704429910357522,0.43977804257032554,0.10481415742514788
llama32_3b,down,25,45,0.26619245315173085,0.0015330861245432066,0.44131112869486877,0.11105328111607561
llama32_3b,down,25,46,0.2594584042963175,0.001494302617572986,0.4428054313124417,0.1373541826848028
llama32_3b,down,25,47,0.2544697380726957,0.001465571318556584,0.4442710026309983,0.10649908107724942
llama32_3b,down,25,48,0.24992188477742494,0.0014393787999450083,0.4457103814309432,0.14404889144465802
llama32_3b,down,25,49,0.24391426009579323,0.001404778998441158,0.4471151604293844,0.127220293786163
llama32_3b,down,25,50,0.24203246259202704,0.001393941134301638,0.44850910156368606,0.12279370180346201
llama32_3b,down,25,51,0.2361925857130893,0.0013603074451938673,0.4498694090088799,0.15368059666159117
llama32_3b,down,25,52,0.22988082659077033,0.0013239560377166215,0.4511933650465965,0.1730380731370262
llama32_3b,down,25,53,0.2280682590605492,0.0013135168907856016,0.45250688193738214,0.1292197857312622
llama32_3b,down,25,54,0.22175075961983795,0.0012771324230079098,0.45378401436039,0.1365715214762733
llama32_3b,down,25,55,0.22126156246009607,0.0012743149825850638,0.455058329342975,0.1465137859339845
llama32_3b,down,25,56,0.21532236519157974,0.0012401092760915848,0.4562984386190667,0.1481989884965876
llama32_3b,down,25,57,0.2123185330966711,0.0012228092615696213,0.4575212478806363,0.1570182396300678
llama32_3b,down,25,58,0.21050779512858422,0.0012123806516628063,0.45873362853229915,0.14805853022145585
llama32_3b,down,25,59,0.20290432421160542,0.0011685898693803965,0.4599022184016795,0.1674291550198657
llama32_3b,down,25,60,0.19793624501647106,0.001139977137541035,0.46104219553922055,0.17899732889962697
llama32_3b,down,25,61,0.19585078782404133,0.0011279663331504972,0.46217016187237103,0.14976851641047081
llama32_3b,down,25,62,0.19174876697434584,0.0011043415039233872,0.4632745033762944,0.1564285534110959
llama32_3b,down,25,63,0.19026905031088998,0.0010958193499023396,0.4643703227261967,0.17824556115573212
llama32_3b,down,25,64,0.18945978738440844,0.001091158549984812,0.46546148127618153,0.17932958344322628
llama32_3b,down,25,65,0.18437887161047303,0.0010618959567716489,0.4665233772329532,0.16820853038764455
llama32_3b,down,25,66,0.18322684439698633,0.0010552610694366353,0.4675786383023898,0.16266710400363418
llama32_3b,down,25,67,0.18236565314928435,0.00105030119797222,0.46862893950036205,0.20424016844061554
llama32_3b,down,25,68,0.1791719544379672,0.0010319076818438684,0.4696608471822059,0.18141592321297792
llama32_3b,down,25,69,0.17843309050915793,0.0010276523319127518,0.47068849951411873,0.16647213087645052
llama32_3b,down,25,70,0.17529815360259365,0.001009597243513861,0.47169809675763247,0.16102831321801092
llama32_3b,down,25,71,0.17222787621647373,0.0009919145496454656,0.472690011307278,0.1766803588673417
llama32_3b,down,25,72,0.1685423777256575,0.0009706886037878846,0.47366069991106585,0.1945975851060362
llama32_3b,down,25,73,0.16695517274458715,0.0009615473907126297,0.47462224730177854,0.2044147364658621
llama32_3b,down,25,74,0.16325858868037982,0.0009402575995485898,0.4755625049013271,0.182755926111528
llama32_3b,down,25,75,0.1620984367871496,0.0009335759196256059,0.4764960808209527,0.18015478392134113
llama32_3b,down,25,76,0.16087589261182692,0.0009265349029114318,0.4774226157238641,0.19839778834452834
llama32_3b,down,25,77,0.15961581231278463,0.0009192777038458714,0.47834189342771005,0.1867515352001252
llama32_3b,down,25,78,0.15646688577328524,0.0009011420447475249,0.47924303547245756,0.20134056696464825
llama32_3b,down,25,79,0.1529343767280039,0.000880797213261798,0.4801238326857193,0.20712984151528688
llama32_3b,down,25,80,0.151142950595421,0.0008704798262942513,0.4809943125120136,0.22572244912293787
llama32_3b,down,25,81,0.14979091218859936,0.000862693011541219,0.48185700552355476,0.20613383509365366
llama32_3b,down,25,82,0.14750775693184184,0.0008495436017706961,0.48270654912532546,0.2194431354348742
llama32_3b,down,25,83,0.14497010146842987,0.000834928445203464,0.4835414775705289,0.19718588903878173
llama32_3b,down,25,84,0.14381880698964822,0.0008282977779182526,0.4843697753484471,0.197381037387486
llama32_3b,down,25,85,0.14169605438381752,0.0008160721775028195,0.48518584752595,0.2239676837661003
llama32_3b,down,25,86,0.13997892522859476,0.0008061826902136359,0.4859920302161637,0.20857257627502965
llama32_3b,down,25,87,0.13903283230541533,0.0008007338432764609,0.48679276405944016,0.2116598373918958
llama32_3b,down,25,88,0.13615045043426152,0.0007841332988208224,0.487576897358261,0.23335561774783103
llama32_3b,down,25,89,0.13549376889333464,0.0007803512631292816,0.48835724862139024,0.23652789673491623
llama32_3b,down,25,90,0.13330338450237414,0.0007677361499754783,0.4891249847713657,0.21806907627571442
llama32_3b,down,25,91,0.13263401681789702,0.0007638810507901361,0.48988886582215585,0.20556579345777443
llama32_3b,down,25,92,0.13139855251932972,0.0007567656230194531,0.49064563144517526,0.2181262498609844
llama32_3b,down,25,93,0.12923654583783994,0.0007443139460266709,0.49138994539120195,0.2032126545413478
llama32_3b,down,25,94,0.12700977424107743,0.0007314892675014024,0.49212143465870345,0.25129231552588344
llama32_3b,down,25,95,0.12656497044042592,0.0007289275024068292,0.4928503621611103,0.25598371615282056
llama32_3b,down,25,96,0.12494480729265386,0.0007195964728756134,0.49356995863398584,0.23604642852032506
llama32_3b,down,25,97,0.12319108224117532,0.000709496218300954,0.49427945485228675,0.24303767300190215
llama32_3b,down,25,98,0.12164333981349622,0.0007005822824919282,0.4949800371347787,0.24702712497379015
llama32_3b,down,25,99,0.12057822913271946,0.0006944479748266734,0.4956744851096054,0.24212293291742806
llama32_3b,down,25,100,0.11857673642008379,0.0006829207483039627,0.49635740585790933,0.26497627314906186
llama32_3b,down,25,101,0.11685130969894117,0.0006729834727209015,0.49703038933063026,0.24660176000835707
llama32_3b,down,25,102,0.11613016682346991,0.0006688301839138444,0.49769921951454404,0.25940551910942244
llama32_3b,down,25,103,0.11467281168890398,0.0006604368169761976,0.49835965633152024,0.2590127183013498
llama32_3b,down,25,104,0.11280700357029608,0.0006496910407386295,0.4990093473722589,0.2723443743785778
llama32_3b,down,25,105,0.11153103606057903,0.0006423423422261283,0.49965168971448504,0.2791428544551087
llama32_3b,down,25,106,0.11048575638430302,0.0006363222475578083,0.5002880119620429,0.2498687935744714
llama32_3b,down,25,107,0.11037712749618114,0.0006356966195990424,0.5009237085816419,0.27931456203472677
llama32_3b,down,25,108,0.10900151716721951,0.0006277740467268983,0.5015514826283687,0.23956747266796066
llama32_3b,down,25,109,0.10822096060797254,0.000623278575813902,0.5021747612041827,0.24801334383240928
llama32_3b,down,25,110,0.10719814219236568,0.0006173878426156909,0.5027921490467984,0.23184150306582932
llama32_3b,down,25,111,0.10537293540941163,0.0006068759022498459,0.5033990249490482,0.2570117648681525
llama32_3b,down,25,112,0.10460963569716503,0.0006024798189504968,0.5040015047679988,0.2856890207778762
llama32_3b,down,25,113,0.10133421335266904,0.000583615630695305,0.5045851203986941,0.29945844601282473
llama32_3b,down,25,114,0.10112166564489342,0.0005823915015446242,0.5051675119002387,0.2511042417774099
llama32_3b,down,25,115,0.10105030153335338,0.000581980493163669,0.5057494923934024,0.26551243956555753
llama32_3b,down,25,116,0.09927786590465945,0.0005717724784854775,0.5063212648718879,0.27912368555924605
llama32_3b,down,25,117,0.09817982356984639,0.0005654485070590472,0.5068867133789469,0.25376094142933614
llama32_3b,down,25,118,0.09681039341026244,0.0005575615277276217,0.5074442749066745,0.2708823316501216
llama32_3b,down,25,119,0.09542516708384415,0.0005495835732993895,0.5079938584799739,0.26962267154325975
llama32_3b,down,25,120,0.09491462561437503,0.0005466432042784809,0.5085405016842524,0.28294872881468686
llama32_3b,down,25,121,0.09421095553671767,0.0005425905468137788,0.5090830922310662,0.2624184486528398
llama32_3b,down,25,122,0.09352869882115954,0.0005386612156414844,0.5096217534467076,0.30207332674119275
llama32_3b,down,25,123,0.09313574135717638,0.0005363980499189579,0.5101581514966266,0.2782160541029255
llama32_3b,down,25,124,0.09132973174219833,0.0005259966720859949,0.5106841481687127,0.2677409083400617
llama32_3b,down,25,125,0.09048982868368821,0.0005211594060038144,0.5112053075747165,0.2990083965628149
llama32_3b,down,25,126,0.08929875653945239,0.0005142996466228186,0.5117196072213392,0.2721302434763543
llama32_3b,down,25,127,0.08760008831230169,0.0005045164816291712,0.5122241237029683,0.28856173419401954
llama32_3b,down,25,128,0.08711941385458843,0.0005017481261299172,0.5127258718290983,0.26473065040169025
llama32_3b,down,26,1,65.16159645077154,0.23520498547239418,0.23520498547239418,7.88239471612831e-06
llama32_3b,down,26,2,11.229808563384337,0.04053471835982476,0.27573970383221896,0.00032168821647111023
llama32_3b,down,26,3,8.764209971539755,0.0316349812053847,0.3073746850376037,0.0004411385993677868
llama32_3b,down,26,4,7.200952689319329,0.025992303211268185,0.33336698824887184,0.0007306651159293721
llama32_3b,down,26,5,3.2842086734607085,0.011854563046398332,0.34522155129527016,0.003013251330178782
llama32_3b,down,26,6,3.07328510970404,0.011093220837929688,0.35631477213319984,0.0037089481253846468
llama32_3b,down,26,7,2.3692214232943893,0.008551857547993575,0.36486662968119343,0.006799066406038242
llama32_3b,down,26,8,2.057261820987867,0.0074258192413060985,0.3722924489224996,0.008386234709045105
llama32_3b,down,26,9,1.9276792933051463,0.006958082749243379,0.379250531671743,0.009295238292893967
llama32_3b,down,26,10,1.7892121373488297,0.006458276618346726,0.38570880829008963,0.009506189085498565
llama32_3b,down,26,11,1.703937453252428,0.006150472145673778,0.3918592804357635,0.011600903451383919
llama32_3b,down,26,12,1.6445352473959807,0.005936056052046465,0.3977953364878099,0.009838547375616508
llama32_3b,down,26,13,1.4252209716992588,0.00514442702760863,0.40293976351541855,0.015158586852369805
llama32_3b,down,26,14,1.3412139568067092,0.00484119828869477,0.40778096180411333,0.016634920904470572
llama32_3b,down,26,15,1.3138902968543558,0.004742571775653439,0.41252353357976673,0.018404537288522836
llama32_3b,down,26,16,1.1965385006439828,0.004318982897752439,0.4168425164775192,0.022559419713913346
llama32_3b,down,26,17,1.171171432259256,0.004227418828179428,0.42106993530569864,0.02522580568380138
llama32_3b,down,26,18,1.1647263807220125,0.004204154998934062,0.4252740903046327,0.022210999550105952
llama32_3b,down,26,19,1.0933540647542832,0.0039465320207585156,0.42922062232539115,0.023969338286921403
llama32_3b,down,26,20,1.0327322635054441,0.0037277137188954598,0.4329483360442866,0.030425229848379674
llama32_3b,down,26,21,0.9544283851408291,0.0034450708191455207,0.43639340686343214,0.030543677457578366
llama32_3b,down,26,22,0.9115792688798575,0.003290404170128093,0.4396838110335603,0.035045509836345225
llama32_3b,down,26,23,0.9056074602281555,0.0032688485416034196,0.44295265957516367,0.03755097924970436
llama32_3b,down,26,24,0.8597485119321814,0.003103317709714077,0.4460559772848778,0.04038318638153773
llama32_3b,down,26,25,0.8228279206146453,0.0029700504538844284,0.44902602773876216,0.035829654557463717
llama32_3b,down,26,26,0.8002851276231876,0.002888680788516136,0.45191470852727833,0.047925787225010966
llama32_3b,down,26,27,0.7832904114890815,0.002827337264429065,0.4547420457917074,0.044660287185427854
llama32_3b,down,26,28,0.771288585990213,0.002784015901143618,0.457526061692851,0.04620213590654823
llama32_3b,down,26,29,0.72771380297975,0.0026267299111866096,0.4601527916040376,0.05481218315116056
llama32_3b,down,26,30,0.7127040745140035,0.002572551328125073,0.4627253429321627,0.05710428013786271
llama32_3b,down,26,31,0.6996892230339091,0.002525573382217722,0.46525091631438037,0.05138924323558504
llama32_3b,down,26,32,0.6503306204156697,0.0023474103223158457,0.4675983266366962,0.06654088143198765
llama32_3b,down,26,33,0.630457865667939,0.002275678332212324,0.4698740049689086,0.08030573983134941
llama32_3b,down,26,34,0.6081485127857368,0.0021951512839758504,0.4720691562528844,0.07168870192568304
llama32_3b,down,26,35,0.5937573091918903,0.0021432053063358126,0.4742123615592202,0.05773886527752489
llama32_3b,down,26,36,0.5903400813040632,0.0021308706018550922,0.47634323216107527,0.07119223472261393
llama32_3b,down,26,37,0.5664456985623395,0.0020446222861023496,0.47838785444717763,0.076959001028891
llama32_3b,down,26,38,0.557143623962845,0.00201104584782877,0.4803989002950064,0.07706205528640811
llama32_3b,down,26,39,0.5423518846263456,0.0019576541105900858,0.48235655440559655,0.07303015690479395
llama32_3b,down,26,40,0.5409039865230924,0.001952427828993402,0.48430898223458985,0.07832596367990184
llama32_3b,down,26,41,0.5242009838065562,0.0018921372633032834,0.48620111949789313,0.07314951690869087
llama32_3b,down,26,42,0.5037792268388521,0.0018184236142747728,0.4880195431121679,0.08514301602685649
llama32_3b,down,26,43,0.4731592465626944,0.0017078988204038978,0.4897274419325718,0.09743516209503211
llama32_3b,down,26,44,0.47001146184082415,0.0016965366884104458,0.49142397862098225,0.09966395845372619
llama32_3b,down,26,45,0.4608274054206231,0.001663386244367489,0.4930873648653497,0.08663914992494108
llama32_3b,down,26,46,0.4471473916658173,0.0016140073523249635,0.49470137221767474,0.10933662933429905
llama32_3b,down,26,47,0.4445033205059772,0.0016044634069244238,0.4963058356245992,0.10124175833701328
llama32_3b,down,26,48,0.4372570222502317,0.0015783074259662399,0.49788414305056544,0.10504257362577925
llama32_3b,down,26,49,0.42195647697965344,0.001523079120889263,0.4994072221714547,0.13231530776899966
llama32_3b,down,26,50,0.4158703734032684,0.0015011109374616423,0.5009083331089164,0.11254239576153131
llama32_3b,down,26,51,0.4098139114743874,0.001479249747472647,0.5023875828563891,0.13798618811561927
llama32_3b,down,26,52,0.4053205831774195,0.001463030789154008,0.503850613645543,0.12616544442863747
llama32_3b,down,26,53,0.3922861232099414,0.0014159820651466499,0.5052665957106897,0.1371195504979837
llama32_3b,down,26,54,0.3846083893353084,0.0013882687894934322,0.506654864500183,0.13151029805864936
llama32_3b,down,26,55,0.37726248325995093,0.0013617532676854093,0.5080166177678686,0.13327467268814772
llama32_3b,down,26,56,0.3721657168090844,0.0013433561604270273,0.5093599739282955,0.12102990188185164
llama32_3b,down,26,57,0.369016826437396,0.0013319900375192396,0.5106919639658147,0.13308099146319638
llama32_3b,down,26,58,0.3658983322841024,0.001320733631722379,0.5120126975975371,0.13123459636425822
llama32_3b,down,26,59,0.35677560644175,0.00128780456435614,0.5133005021618933,0.1529806162753847
llama32_3b,down,26,60,0.3462253595919454,0.0012497227678348842,0.5145502249297281,0.1501843742118069
llama32_3b,down,26,61,0.3453922323687503,0.0012467155413840051,0.5157969404711121,0.13143209955122437
llama32_3b,down,26,62,0.3431966567669503,0.0012387904696292786,0.5170357309407414,0.15313602896496725
llama32_3b,down,26,63,0.32974543618308544,0.001190237421294987,0.5182259683620364,0.15315341510171554
llama32_3b,down,26,64,0.32693042249736776,0.0011800764478210786,0.5194060448098575,0.17546653300420392
llama32_3b,down,26,65,0.323690697699614,0.001168382452193364,0.5205744272620508,0.16047221412654897
llama32_3b,down,26,66,0.3169052012652298,0.001143889765132235,0.5217183170271831,0.17982154573532474
llama32_3b,down,26,67,0.3159557636297679,0.0011404627087459713,0.5228587797359291,0.14067236418592832
llama32_3b,down,26,68,0.3044603162521191,0.0010989691499517017,0.5239577488858808,0.16995324550794605
llama32_3b,down,26,69,0.29755436684748654,0.001074041680124948,0.5250317905660058,0.18405921214035767
llama32_3b,down,26,70,0.28914857431601065,0.001043700429788281,0.5260754909957941,0.17307552830771128
llama32_3b,down,26,71,0.2867801914897839,0.0010351515992104946,0.5271106425950046,0.2131539141489958
llama32_3b,down,26,72,0.2842381849840436,0.0010259760627623494,0.528136618657767,0.20867407700366175
llama32_3b,down,26,73,0.28253277752526645,0.0010198202845369151,0.5291564389423038,0.18463700874320874
llama32_3b,down,26,74,0.2780189783328376,0.0010035274352006868,0.5301599663775045,0.18456236395580067
llama32_3b,down,26,75,0.272273578570061,0.0009827890441645205,0.531142755421669,0.21328789115570335
llama32_3b,down,26,76,0.2704241842733915,0.0009761135361602085,0.5321188689578292,0.17708848065242982
llama32_3b,down,26,77,0.2647776430037226,0.0009557319812315304,0.5330746009390608,0.18849824409732432
llama32_3b,down,26,78,0.2626808307093971,0.0009481634020056093,0.5340227643410664,0.19575301537356207
llama32_3b,down,26,79,0.2575318443360215,0.0009295778035686174,0.5349523421446349,0.19514514849113568
llama32_3b,down,26,80,0.25661706650320665,0.0009262758539756507,0.5358786179986106,0.20259222200118787
llama32_3b,down,26,81,0.25408781706432587,0.0009171463649831972,0.5367957643635938,0.20450801575793034
llama32_3b,down,26,82,0.25140357425236454,0.0009074574174131554,0.5377032217810069,0.213540503071289
llama32_3b,down,26,83,0.2442921421523712,0.0008817882445433577,0.5385850100255503,0.23075157357199416
llama32_3b,down,26,84,0.24177127681333135,0.0008726890185000751,0.5394576990440504,0.2289242821244297
llama32_3b,down,26,85,0.23906149286609302,0.000862907878554785,0.5403206069226052,0.22705732383248123
llama32_3b,down,26,86,0.2364450486182976,0.0008534636542752743,0.5411740705768805,0.2064080827599392
llama32_3b,down,26,87,0.2345585847067664,0.0008466543411050376,0.5420207249179854,0.19712441879702478
llama32_3b,down,26,88,0.23127936507988692,0.00083481778634408,0.5428555427043296,0.217189768081837
llama32_3b,down,26,89,0.22724026712902012,0.0008202384017586683,0.5436757811060883,0.1857710343497091
llama32_3b,down,26,90,0.22489399999939275,0.0008117693992142741,0.5444875505053025,0.20620476576024668
llama32_3b,down,26,91,0.22306238033666945,0.0008051580498976985,0.5452927085552003,0.2208382260801085
llama32_3b,down,26,92,0.21851589365867954,0.0007887472129739142,0.5460814557681742,0.22775246260810753
llama32_3b,down,26,93,0.21834936211743589,0.0007881461066341011,0.5468696018748083,0.22795193100729674
llama32_3b,down,26,94,0.2123172360974513,0.0007663727586779932,0.5476359746334862,0.20876972009626507
llama32_3b,down,26,95,0.2099310712544103,0.000757759742763532,0.5483937343762498,0.22616126502420486
llama32_3b,down,26,96,0.20840106883051346,0.0007522371003255547,0.5491459714765753,0.22204751201418405
llama32_3b,down,26,97,0.20631186069229787,0.0007446959687915991,0.549890667445367,0.2475113620783099
llama32_3b,down,26,98,0.20421266315318143,0.0007371187798707509,0.5506277862252377,0.22525349097901898
llama32_3b,down,26,99,0.20231311813607158,0.0007302622496061645,0.5513580484748439,0.2451578923475325
llama32_3b,down,26,100,0.20068445598918339,0.0007243834885342549,0.552082431963378,0.22694999353866593
llama32_3b,down,26,101,0.19677270564565896,0.0007102637733517795,0.5527926957367298,0.24617425228420484
llama32_3b,down,26,102,0.19516818930276666,0.0007044721681168568,0.5534971679048467,0.2558893132563128
llama32_3b,down,26,103,0.1912361605218381,0.0006902792566065621,0.5541874471614532,0.24154022517604706
llama32_3b,down,26,104,0.19033577564330828,0.0006870292593104682,0.5548744764207637,0.2496139629430005
llama32_3b,down,26,105,0.18849766937166418,0.0006803944961605907,0.5555548709169243,0.2493294322757834
llama32_3b,down,26,106,0.1853333418526277,0.0006689726518737161,0.5562238435687981,0.24527534005559568
llama32_3b,down,26,107,0.18038166469547562,0.0006510992537796129,0.5568749428225778,0.23641704146922157
llama32_3b,down,26,108,0.17888439434578784,0.0006456947598747926,0.5575206375824524,0.2533053669836987
llama32_3b,down,26,109,0.17793230973837046,0.0006422581490725192,0.558162895731525,0.2651011163871597
llama32_3b,down,26,110,0.1748044865875241,0.0006309680696572485,0.5587938638011822,0.2620202687471822
llama32_3b,down,26,111,0.1745204405172469,0.0006299427870449124,0.5594238065882272,0.2527740156892855
llama32_3b,down,26,112,0.1716201201031214,0.0006194738934323219,0.5600432804816594,0.27228133486171485
llama32_3b,down,26,113,0.17150868149037682,0.0006190716485715556,0.560662352130231,0.27068065556245435
llama32_3b,down,26,114,0.16925374699150458,0.0006109323170490516,0.5612732844472801,0.2633821681229382
llama32_3b,down,26,115,0.1685907204363686,0.0006085390799314438,0.5618818235272114,0.252064970160615
llama32_3b,down,26,116,0.1637940072287971,0.0005912250342089079,0.5624730485614204,0.24536964183441168
llama32_3b,down,26,117,0.162839011538526,0.0005877779156653021,0.5630608264770858,0.28764614834791963
llama32_3b,down,26,118,0.16166033053596254,0.0005835233905587238,0.5636443498676444,0.2636216145996166
llama32_3b,down,26,119,0.15805220337692116,0.0005704996228450826,0.5642148494904895,0.28521268905827674
llama32_3b,down,26,120,0.15741741091984804,0.0005682082985256014,0.5647830577890152,0.24251409291829576
llama32_3b,down,26,121,0.1559785416937969,0.0005630146072435637,0.5653460723962588,0.26189601503862164
llama32_3b,down,26,122,0.15329056435436775,0.0005533121796557406,0.5658993845759145,0.26675384418997994
llama32_3b,down,26,123,0.15061359395341095,0.0005436494823223082,0.5664430340582368,0.2547127900475295
llama32_3b,down,26,124,0.1502305435328894,0.0005422668371217408,0.5669853008953585,0.2887329123579745
llama32_3b,down,26,125,0.14704693364583415,0.0005307753918837423,0.5675160762872422,0.2921914855678985
llama32_3b,down,26,126,0.14575928376499975,0.0005261275365822843,0.5680422038238244,0.26904589905018755
llama32_3b,down,26,127,0.14474396501307474,0.0005224626780566527,0.5685646665018811,0.29310875730581576
llama32_3b,down,26,128,0.14291258990894215,0.0005158522114900849,0.5690805187133712,0.29375664597519957
llama32_3b,down,27,1,360.10870963080896,0.33753646194647985,0.33753646194647985,1.903839058334375e-06
llama32_3b,down,27,2,98.07751583326947,0.09192984453167298,0.4294663064781528,2.7973724192084066e-05
llama32_3b,down,27,3,45.38533089151844,0.042540498476415584,0.4720068049545684,0.00014014424881428865
llama32_3b,down,27,4,26.66101848715167,0.024989858926958188,0.49699666388152663,0.0003604163367596681
llama32_3b,down,27,5,23.414011831926008,0.021946380363373406,0.5189430442449,0.0004410478884973917
llama32_3b,down,27,6,20.40101793835606,0.01912224622969862,0.5380652904745986,0.0005972169130147961
llama32_3b,down,27,7,16.603004924458055,0.01556229935573348,0.5536275898303321,0.0011378606944883666
llama32_3b,down,27,8,12.828878885568285,0.012024742179143752,0.5656523320094758,0.0018705289675974358
llama32_3b,down,27,9,10.532696872628843,0.00987248889588571,0.5755248209053615,0.0027560268628954226
llama32_3b,down,27,10,9.84899889523242,0.00923164631097032,0.5847564672163319,0.002292767875502463
llama32_3b,down,27,11,8.41795380508066,0.007890301645602692,0.5926467688619346,0.0034653867836334563
llama32_3b,down,27,12,7.333395840641652,0.006873725683116446,0.5995204945450509,0.004543832495281778
llama32_3b,down,27,13,7.014837427346946,0.006575135071806277,0.6060956296168571,0.006662526669467337
llama32_3b,down,27,14,6.2333718290565825,0.005842653112538355,0.6119382827293955,0.007030081901350613
llama32_3b,down,27,15,5.981188975548156,0.00560627752411099,0.6175445602535066,0.006271476798446439
llama32_3b,down,27,16,5.347205445587371,0.005012033197572225,0.6225565934510788,0.008911417688991567
llama32_3b,down,27,17,4.5826333408909825,0.004295385817988509,0.6268519792690674,0.012251893433022873
llama32_3b,down,27,18,4.451306579493871,0.004172290849121147,0.6310242701181885,0.013550163981807674
llama32_3b,down,27,19,4.297801397354505,0.004028407641956032,0.6350526777601445,0.011975543573221038
llama32_3b,down,27,20,4.024399429168341,0.003772142990303001,0.6388248207504474,0.01636168436225877
llama32_3b,down,27,21,3.598503072660357,0.003372942566966996,0.6421977633174145,0.022625614285911564
llama32_3b,down,27,22,3.463641130443869,0.0032465340086356717,0.6454442973260501,0.02270190779703769
llama32_3b,down,27,23,3.4265389077212296,0.003211757418530453,0.6486560547445807,0.020619591171061102
llama32_3b,down,27,24,3.2853467124818505,0.003079415398576489,0.6517354701431571,0.020226494805450957
llama32_3b,down,27,25,3.1457535779811523,0.0029485722074198773,0.6546840423505771,0.028154117468422783
llama32_3b,down,27,26,2.9291331027460625,0.002745529884808523,0.6574295722353857,0.024696733187551737
llama32_3b,down,27,27,2.7852206366098424,0.0026106381053250076,0.6600402103407105,0.029795935605196396
llama32_3b,down,27,28,2.778795866004256,0.0026046160506481,0.6626448263913588,0.029918023749629655
llama32_3b,down,27,29,2.607065428168718,0.002443649978888951,0.6650884763702477,0.03790408746610775
llama32_3b,down,27,30,2.5738951835665715,0.002412558903595642,0.6675010352738432,0.03488428343703192
llama32_3b,down,27,31,2.4904750233126367,0.00233436766579973,0.669835402939643,0.03812442603797314
llama32_3b,down,27,32,2.443433926722539,0.002290275187932747,0.6721256781275757,0.034640456939280556
llama32_3b,down,27,33,2.373396623983291,0.0022246279465896633,0.6743503060741655,0.0389296529728718
llama32_3b,down,27,34,2.3277292041092412,0.002181823040964597,0.67653212911513,0.04758945993506786
llama32_3b,down,27,35,2.295687570696037,0.0021517898335246355,0.6786839189486547,0.05265760049932763
llama32_3b,down,27,36,2.198440556104638,0.0020606384329553717,0.68074455738161,0.047432631007837504
llama32_3b,down,27,37,2.111121612589295,0.001978792794494447,0.6827233501761044,0.04271004281540351
llama32_3b,down,27,38,2.0559537293043455,0.0019270829312251882,0.6846504331073295,0.05611368820211108
llama32_3b,down,27,39,2.009377991464778,0.0018834266426032554,0.6865338597499329,0.06174970051041549
llama32_3b,down,27,40,1.9126106603064374,0.0017927248580652587,0.6883265846079981,0.06480208061491533
llama32_3b,down,27,41,1.8281406388322283,0.0017135495661980376,0.6900401341741963,0.0574242512120012
llama32_3b,down,27,42,1.7734759359412788,0.001662311343090123,0.6917024455172863,0.0674191085207216
llama32_3b,down,27,43,1.7618103066954423,0.0016513769360160593,0.6933538224533023,0.07875814891066275
llama32_3b,down,27,44,1.7287250404242027,0.0016203655124623205,0.6949741879657647,0.06475535933275746
llama32_3b,down,27,45,1.6287470099046457,0.0015266542808496616,0.6965008422466143,0.05958884329571386
llama32_3b,down,27,46,1.5814346843718525,0.0014823075751474544,0.6979831498217619,0.0730652258884507
llama32_3b,down,27,47,1.560501884366064,0.001462686879886207,0.6994458367016481,0.08644258041953252
llama32_3b,down,27,48,1.5029467434058097,0.0014087393964541286,0.7008545760981022,0.0831638502631201
llama32_3b,down,27,49,1.4640628492819459,0.0013722928132467237,0.702226868911349,0.08045907412067349
llama32_3b,down,27,50,1.424821388421632,0.0013355110762152003,0.7035623799875642,0.08426983012909658
llama32_3b,down,27,51,1.3934970409412089,0.0013061501939633827,0.7048685301815275,0.08339931305267362
llama32_3b,down,27,52,1.3574395934748302,0.001272352890762635,0.7061408830722903,0.11278759641074487
llama32_3b,down,27,53,1.3523699296405787,0.0012676010023797474,0.7074084840746698,0.08990791763473688
llama32_3b,down,27,54,1.3133605137635427,0.001231036765343568,0.7086395208400136,0.11644638480362277
llama32_3b,down,27,55,1.3101517823816196,0.0012280291628917934,0.7098675500029052,0.1216464159304949
llama32_3b,down,27,56,1.2970479082424715,0.0012157466626455356,0.7110832966655508,0.11074463998400229
llama32_3b,down,27,57,1.2569916217448558,0.0011782011746816893,0.7122614978402325,0.10095607822996555
llama32_3b,down,27,58,1.2467027838331837,0.0011685572592379139,0.7134300550994704,0.11728687040699785
llama32_3b,down,27,59,1.197403351360339,0.0011223480019558185,0.7145524031014263,0.1297918440350862
llama32_3b,down,27,60,1.1667633794893149,0.0010936285974457525,0.715646031698872,0.1486354802162993
llama32_3b,down,27,61,1.1567500326225375,0.001084242904783334,0.7167302746036553,0.11639976279901282
llama32_3b,down,27,62,1.1276230566863128,0.001056941658960113,0.7177872162626155,0.14908506532102261
llama32_3b,down,27,63,1.1177552361401657,0.001047692370772432,0.7188349086333878,0.11268855315295301
llama32_3b,down,27,64,1.1029270134903746,0.001033793607214904,0.7198687022406028,0.11513258165991277
llama32_3b,down,27,65,1.0644467702251543,0.0009977253733199274,0.7208664276139227,0.13786353818164052
llama32_3b,down,27,66,1.0383070875988993,0.0009732241720045923,0.7218396517859272,0.10557111606987898
llama32_3b,down,27,67,1.0221070694259344,0.0009580395994815415,0.7227976913854088,0.1382522123357277
llama32_3b,down,27,68,1.017648116869892,0.0009538601419191383,0.723751551527328,0.14990051620489517
llama32_3b,down,27,69,1.0068822093396081,0.0009437690604200528,0.724695320587748,0.13052119978689822
llama32_3b,down,27,70,0.9887697531991202,0.0009267919249070325,0.7256221125126551,0.14751675948171636
llama32_3b,down,27,71,0.9646528333006511,0.0009041866959917931,0.7265262992086468,0.12975452282472813
llama32_3b,down,27,72,0.949724046918448,0.0008901936722135854,0.7274164928808605,0.15356586659973573
llama32_3b,down,27,73,0.9356540546675273,0.0008770056118390971,0.7282934984926995,0.14350968089254876
llama32_3b,down,27,74,0.9110547407665267,0.0008539482262263827,0.729147446718926,0.1419477731186051
llama32_3b,down,27,75,0.908055070709311,0.0008511365807675504,0.7299985832996935,0.1522954764524681
llama32_3b,down,27,76,0.8934823654389027,0.0008374773183103738,0.7308360606180039,0.1653832205200164
llama32_3b,down,27,77,0.8895532942507735,0.0008337945282191909,0.7316698551462231,0.14731181030710908
llama32_3b,down,27,78,0.8717369494647731,0.0008170949432798249,0.7324869500895028,0.1553188760268252
llama32_3b,down,27,79,0.8496070572800514,0.0007963521916842135,0.7332833022811871,0.1575772895931441
llama32_3b,down,27,80,0.839884220964784,0.0007872387998606593,0.7340705410810477,0.16859695499533092
llama32_3b,down,27,81,0.8251191385609191,0.0007733992188073206,0.7348439402998551,0.16945281431715545
llama32_3b,down,27,82,0.8059318817777349,0.0007554146530474578,0.7355993549529025,0.1739485451909009
llama32_3b,down,27,83,0.7949040949693554,0.000745078107324316,0.7363444330602269,0.17368703327249707
llama32_3b,down,27,84,0.7853588429085262,0.0007361311684615966,0.7370805642286884,0.20284144544512728
llama32_3b,down,27,85,0.7816148812433538,0.0007326218849026925,0.7378131861135911,0.1844803700443966
llama32_3b,down,27,86,0.7662826340161399,0.0007182506899153005,0.7385314368035064,0.18092365644358702
llama32_3b,down,27,87,0.7523596247637749,0.0007052003993863393,0.7392366372028928,0.20111428950001947
llama32_3b,down,27,88,0.7343488016929587,0.000688318526403317,0.7399249557292962,0.18551360329895833
llama32_3b,down,27,89,0.7291129243805244,0.0006834108430955827,0.7406083665723916,0.201932009966422
llama32_3b,down,27,90,0.7167732998365959,0.0006718446879348932,0.7412802112603265,0.21300637739429976
llama32_3b,down,27,91,0.708300762049716,0.0006639032237275343,0.7419441144840541,0.2038528109140917
llama32_3b,down,27,92,0.7015803941902439,0.0006576041003528438,0.7426017185844069,0.171297018009966
llama32_3b,down,27,93,0.6890921436414261,0.0006458986353268224,0.7432476172197338,0.22531189358187798
llama32_3b,down,27,94,0.6793271814441398,0.0006367457581456725,0.7438843629778794,0.20158561005086867
llama32_3b,down,27,95,0.6688796044718908,0.0006269530536850061,0.7445113160315644,0.19470498461720376
llama32_3b,down,27,96,0.6615397286997253,0.000620073254243878,0.7451313892858082,0.1932464592647555
llama32_3b,down,27,97,0.6598523288758492,0.0006184916236106611,0.7457498809094188,0.19982441363326536
llama32_3b,down,27,98,0.640990702512782,0.000600812277183097,0.746350693186602,0.22335296780111363
llama32_3b,down,27,99,0.6289527926672093,0.000589528924712475,0.7469402221113144,0.21932818509618696
llama32_3b,down,27,100,0.6243043064406746,0.0005851718137836111,0.7475253939250981,0.1948746955964657
llama32_3b,down,27,101,0.6218890782435844,0.0005829079763405374,0.7481083019014387,0.2222510294608031
llama32_3b,down,27,102,0.6185320931158533,0.0005797614129486578,0.7486880633143873,0.20041724571467256
llama32_3b,down,27,103,0.6103176328121614,0.0005720618494736433,0.749260125163861,0.21837484074515903
llama32_3b,down,27,104,0.601395897989039,0.0005636993446908271,0.7498238245085518,0.2053079994620538
llama32_3b,down,27,105,0.5898949955508216,0.000552919339058174,0.7503767438476099,0.22855777183224932
llama32_3b,down,27,106,0.57844233027797,0.0005421845470004677,0.7509189283946104,0.22308238578970652
llama32_3b,down,27,107,0.5690344262289254,0.000533366346934432,0.7514522947415448,0.22031237988751698
llama32_3b,down,27,108,0.554479332079387,0.0005197235917020749,0.751972018333247,0.20771469573498016
llama32_3b,down,27,109,0.5471550287309788,0.0005128583885777764,0.7524848767218247,0.24034394539158918
llama32_3b,down,27,110,0.5407529223734308,0.0005068575775139528,0.7529917342993387,0.2390532406442198
llama32_3b,down,27,111,0.5339744774594053,0.0005005040174566997,0.7534922383167955,0.22124037422648948
llama32_3b,down,27,112,0.523456155892684,0.0004906450027972478,0.7539828833195924,0.25416257566883366
llama32_3b,down,27,113,0.5221856506187189,0.00048945413502985,0.7544723374546223,0.23365802992927096
llama32_3b,down,27,114,0.5164968457901623,0.0004841219144998227,0.7549564593691221,0.25433835268953314
llama32_3b,down,27,115,0.5071585326579855,0.00047536894326951056,0.7554318283123916,0.227966144418763
llama32_3b,down,27,116,0.4959697534653003,0.0004648814964480459,0.7558967098088397,0.280365506913417
llama32_3b,down,27,117,0.49322325500286673,0.0004623071533428717,0.7563590169621827,0.25739237079049837
llama32_3b,down,27,118,0.48972202401497805,0.00045902538567521117,0.7568180423478578,0.2624560271415601
llama32_3b,down,27,119,0.4817050267219919,0.00045151090788187115,0.7572695532557396,0.2472026055000108
llama32_3b,down,27,120,0.4723985322556209,0.0004427877608673936,0.7577123410166072,0.23237301876868144
llama32_3b,down,27,121,0.46637287072165595,0.00043713979840309577,0.7581494808150103,0.27289903344642347
llama32_3b,down,27,122,0.46188713346769467,0.0004329352350547783,0.7585824160500649,0.2747815030931652
llama32_3b,down,27,123,0.45296824499207833,0.000424575398205397,0.7590069914482704,0.2695661551095456
llama32_3b,down,27,124,0.4437422988249595,0.0004159277505810155,0.7594229191988513,0.2714352650626977
llama32_3b,down,27,125,0.44129681927834796,0.00041363555799624847,0.7598365547568477,0.2738915750127654
llama32_3b,down,27,126,0.4382021458450176,0.0004107348641401154,0.7602472896209879,0.2677854298666361
llama32_3b,down,27,127,0.4331153305511795,0.0004059668993813134,0.7606532565203691,0.28798123333796916
llama32_3b,down,27,128,0.42670683992257386,0.00039996010422377787,0.7610532166245928,0.2619996061347589
