model,row,method,group,m,seed,chunk,nll,tokens_scored,effective_bits,slots,coeff,bit_accounted
llama32_3b,bf16,bf16,0,0,0,0,1.8217055797576904,2047,16.0,0,,
llama32_3b,bf16,bf16,0,0,0,1,2.421818256378174,2047,16.0,0,,
llama32_3b,bf16,bf16,0,0,0,2,2.4917941093444824,2047,16.0,0,,
llama32_3b,bf16,bf16,0,0,0,3,2.00675630569458,2047,16.0,0,,
llama32_3b,bf16,bf16,0,0,0,4,1.9152430295944214,2047,16.0,0,,
llama32_3b,bf16,bf16,0,0,0,5,1.5420029163360596,2047,16.0,0,,
llama32_3b,bf16,bf16,0,0,0,6,1.6576154232025146,2047,16.0,0,,
llama32_3b,bf16,bf16,0,0,0,7,1.9078645706176758,2047,16.0,0,,
llama32_3b,bf16,bf16,0,0,0,8,2.2397544384002686,2047,16.0,0,,
llama32_3b,bf16,bf16,0,0,0,9,1.9631596803665161,2047,16.0,0,,
llama32_3b,bf16,bf16,0,0,0,10,1.8910185098648071,2047,16.0,0,,
llama32_3b,bf16,bf16,0,0,0,11,2.2445356845855713,2047,16.0,0,,
llama32_3b,bf16,bf16,0,0,0,12,2.107814073562622,2047,16.0,0,,
llama32_3b,bf16,bf16,0,0,0,13,2.267115831375122,2047,16.0,0,,
llama32_3b,bf16,bf16,0,0,0,14,2.1882483959198,2047,16.0,0,,
llama32_3b,bf16,bf16,0,0,0,15,2.393815279006958,2047,16.0,0,,
llama32_3b,bf16,bf16,0,0,0,16,2.1196601390838623,2047,16.0,0,,
llama32_3b,bf16,bf16,0,0,0,17,2.1353261470794678,2047,16.0,0,,
llama32_3b,bf16,bf16,0,0,0,18,1.943248987197876,2047,16.0,0,,
llama32_3b,bf16,bf16,0,0,0,19,2.1044321060180664,2047,16.0,0,,
llama32_3b,bf16,bf16,0,0,0,20,2.222729206085205,2047,16.0,0,,
llama32_3b,bf16,bf16,0,0,0,21,2.148265838623047,2047,16.0,0,,
llama32_3b,bf16,bf16,0,0,0,22,2.204887866973877,2047,16.0,0,,
llama32_3b,bf16,bf16,0,0,0,23,2.2404897212982178,2047,16.0,0,,
llama32_3b,bf16,bf16,0,0,0,24,2.271176815032959,2047,16.0,0,,
llama32_3b,bf16,bf16,0,0,0,25,2.3284871578216553,2047,16.0,0,,
llama32_3b,bf16,bf16,0,0,0,26,2.416243076324463,2047,16.0,0,,
llama32_3b,bf16,bf16,0,0,0,27,2.2175447940826416,2047,16.0,0,,
llama32_3b,bf16,bf16,0,0,0,28,1.9883804321289062,2047,16.0,0,,
llama32_3b,bf16,bf16,0,0,0,29,1.795930027961731,2047,16.0,0,,
llama32_3b,bf16,bf16,0,0,0,30,1.6755698919296265,2047,16.0,0,,
llama32_3b,bf16,bf16,0,0,0,31,1.7090516090393066,2047,16.0,0,,
llama32_3b,bf16,bf16,0,0,0,32,2.0037975311279297,2047,16.0,0,,
llama32_3b,bf16,bf16,0,0,0,33,1.972030758857727,2047,16.0,0,,
llama32_3b,bf16,bf16,0,0,0,34,2.1505134105682373,2047,16.0,0,,
llama32_3b,bf16,bf16,0,0,0,35,1.4689016342163086,2047,16.0,0,,
llama32_3b,bf16,bf16,0,0,0,36,1.4364802837371826,2047,16.0,0,,
llama32_3b,bf16,bf16,0,0,0,37,1.4808001518249512,2047,16.0,0,,
llama32_3b,bf16,bf16,0,0,0,38,1.4648363590240479,2047,16.0,0,,
llama32_3b,bf16,bf16,0,0,0,39,1.6599594354629517,2047,16.0,0,,
llama32_3b,bf16,bf16,0,0,0,40,2.262420415878296,2047,16.0,0,,
llama32_3b,bf16,bf16,0,0,0,41,2.6825194358825684,2047,16.0,0,,
llama32_3b,bf16,bf16,0,0,0,42,2.677457094192505,2047,16.0,0,,
llama32_3b,bf16,bf16,0,0,0,43,2.298311233520508,2047,16.0,0,,
llama32_3b,bf16,bf16,0,0,0,44,2.29321551322937,2047,16.0,0,,
llama32_3b,bf16,bf16,0,0,0,45,2.2715277671813965,2047,16.0,0,,
llama32_3b,bf16,bf16,0,0,0,46,2.361602544784546,2047,16.0,0,,
llama32_3b,bf16,bf16,0,0,0,47,2.152658224105835,2047,16.0,0,,
llama32_3b,bf16,bf16,0,0,0,48,2.0253496170043945,2047,16.0,0,,
llama32_3b,bf16,bf16,0,0,0,49,2.0217275619506836,2047,16.0,0,,
llama32_3b,bf16,bf16,0,0,0,50,1.7364431619644165,2047,16.0,0,,
llama32_3b,bf16,bf16,0,0,0,51,1.833879828453064,2047,16.0,0,,
llama32_3b,bf16,bf16,0,0,0,52,1.6671253442764282,2047,16.0,0,,
llama32_3b,bf16,bf16,0,0,0,53,1.8941572904586792,2047,16.0,0,,
llama32_3b,bf16,bf16,0,0,0,54,1.6215415000915527,2047,16.0,0,,
llama32_3b,bf16,bf16,0,0,0,55,1.599815011024475,2047,16.0,0,,
llama32_3b,bf16,bf16,0,0,0,56,1.8118771314620972,2047,16.0,0,,
llama32_3b,bf16,bf16,0,0,0,57,1.7980897426605225,2047,16.0,0,,
llama32_3b,bf16,bf16,0,0,0,58,2.1730411052703857,2047,16.0,0,,
llama32_3b,bf16,bf16,0,0,0,59,2.3417787551879883,2047,16.0,0,,
llama32_3b,bf16,bf16,0,0,0,60,2.349308729171753,2047,16.0,0,,
llama32_3b,bf16,bf16,0,0,0,61,2.454519033432007,2047,16.0,0,,
llama32_3b,bf16,bf16,0,0,0,62,1.4995765686035156,2047,16.0,0,,
llama32_3b,bf16,bf16,0,0,0,63,1.8954541683197021,2047,16.0,0,,
llama32_3b,hadamard_g64_m1,hadamard,64,1,0,0,1.8413945436477661,2047,4.5,0,,
llama32_3b,hadamard_g64_m1,hadamard,64,1,0,1,2.4431214332580566,2047,4.5,0,,
llama32_3b,hadamard_g64_m1,hadamard,64,1,0,2,2.503232717514038,2047,4.5,0,,
llama32_3b,hadamard_g64_m1,hadamard,64,1,0,3,2.0241267681121826,2047,4.5,0,,
llama32_3b,hadamard_g64_m1,hadamard,64,1,0,4,1.9312517642974854,2047,4.5,0,,
llama32_3b,hadamard_g64_m1,hadamard,64,1,0,5,1.5619628429412842,2047,4.5,0,,
llama32_3b,hadamard_g64_m1,hadamard,64,1,0,6,1.6756383180618286,2047,4.5,0,,
llama32_3b,hadamard_g64_m1,hadamard,64,1,0,7,1.9283589124679565,2047,4.5,0,,
llama32_3b,hadamard_g64_m1,hadamard,64,1,0,8,2.253704071044922,2047,4.5,0,,
llama32_3b,hadamard_g64_m1,hadamard,64,1,0,9,1.9816704988479614,2047,4.5,0,,
llama32_3b,hadamard_g64_m1,hadamard,64,1,0,10,1.9120856523513794,2047,4.5,0,,
llama32_3b,hadamard_g64_m1,hadamard,64,1,0,11,2.261295795440674,2047,4.5,0,,
llama32_3b,hadamard_g64_m1,hadamard,64,1,0,12,2.121384382247925,2047,4.5,0,,
llama32_3b,hadamard_g64_m1,hadamard,64,1,0,13,2.2767832279205322,2047,4.5,0,,
llama32_3b,hadamard_g64_m1,hadamard,64,1,0,14,2.2026569843292236,2047,4.5,0,,
llama32_3b,hadamard_g64_m1,hadamard,64,1,0,15,2.4107253551483154,2047,4.5,0,,
llama32_3b,hadamard_g64_m1,hadamard,64,1,0,16,2.1364426612854004,2047,4.5,0,,
llama32_3b,hadamard_g64_m1,hadamard,64,1,0,17,2.1552929878234863,2047,4.5,0,,
llama32_3b,hadamard_g64_m1,hadamard,64,1,0,18,1.9581072330474854,2047,4.5,0,,
llama32_3b,hadamard_g64_m1,hadamard,64,1,0,19,2.121975898742676,2047,4.5,0,,
llama32_3b,hadamard_g64_m1,hadamard,64,1,0,20,2.2364296913146973,2047,4.5,0,,
llama32_3b,hadamard_g64_m1,hadamard,64,1,0,21,2.161468267440796,2047,4.5,0,,
llama32_3b,hadamard_g64_m1,hadamard,64,1,0,22,2.230527400970459,2047,4.5,0,,
llama32_3b,hadamard_g64_m1,hadamard,64,1,0,23,2.2469587326049805,2047,4.5,0,,
llama32_3b,hadamard_g64_m1,hadamard,64,1,0,24,2.288280963897705,2047,4.5,0,,
llama32_3b,hadamard_g64_m1,hadamard,64,1,0,25,2.3331565856933594,2047,4.5,0,,
llama32_3b,hadamard_g64_m1,hadamard,64,1,0,26,2.4343628883361816,2047,4.5,0,,
llama32_3b,hadamard_g64_m1,hadamard,64,1,0,27,2.2315168380737305,2047,4.5,0,,
llama32_3b,hadamard_g64_m1,hadamard,64,1,0,28,2.0010082721710205,2047,4.5,0,,
llama32_3b,hadamard_g64_m1,hadamard,64,1,0,29,1.8242900371551514,2047,4.5,0,,
llama32_3b,hadamard_g64_m1,hadamard,64,1,0,30,1.700942039489746,2047,4.5,0,,
llama32_3b,hadamard_g64_m1,hadamard,64,1,0,31,1.7237643003463745,2047,4.5,0,,
llama32_3b,hadamard_g64_m1,hadamard,64,1,0,32,2.0229575634002686,2047,4.5,0,,
llama32_3b,hadamard_g64_m1,hadamard,64,1,0,33,1.9816293716430664,2047,4.5,0,,
llama32_3b,hadamard_g64_m1,hadamard,64,1,0,34,2.1632723808288574,2047,4.5,0,,
llama32_3b,hadamard_g64_m1,hadamard,64,1,0,35,1.4783796072006226,2047,4.5,0,,
llama32_3b,hadamard_g64_m1,hadamard,64,1,0,36,1.450329303741455,2047,4.5,0,,
llama32_3b,hadamard_g64_m1,hadamard,64,1,0,37,1.496646523475647,2047,4.5,0,,
llama32_3b,hadamard_g64_m1,hadamard,64,1,0,38,1.479480504989624,2047,4.5,0,,
llama32_3b,hadamard_g64_m1,hadamard,64,1,0,39,1.6808794736862183,2047,4.5,0,,
llama32_3b,hadamard_g64_m1,hadamard,64,1,0,40,2.2765519618988037,2047,4.5,0,,
llama32_3b,hadamard_g64_m1,hadamard,64,1,0,41,2.6990103721618652,2047,4.5,0,,
llama32_3b,hadamard_g64_m1,hadamard,64,1,0,42,2.692413568496704,2047,4.5,0,,
llama32_3b,hadamard_g64_m1,hadamard,64,1,0,43,2.3087258338928223,2047,4.5,0,,
llama32_3b,hadamard_g64_m1,hadamard,64,1,0,44,2.3178703784942627,2047,4.5,0,,
llama32_3b,hadamard_g64_m1,hadamard,64,1,0,45,2.2800076007843018,2047,4.5,0,,
llama32_3b,hadamard_g64_m1,hadamard,64,1,0,46,2.3734424114227295,2047,4.5,0,,
llama32_3b,hadamard_g64_m1,hadamard,64,1,0,47,2.1632447242736816,2047,4.5,0,,
llama32_3b,hadamard_g64_m1,hadamard,64,1,0,48,2.0408077239990234,2047,4.5,0,,
llama32_3b,hadamard_g64_m1,hadamard,64,1,0,49,2.033034324645996,2047,4.5,0,,
llama32_3b,hadamard_g64_m1,hadamard,64,1,0,50,1.7627874612808228,2047,4.5,0,,
llama32_3b,hadamard_g64_m1,hadamard,64,1,0,51,1.850845217704773,2047,4.5,0,,
llama32_3b,hadamard_g64_m1,hadamard,64,1,0,52,1.6795381307601929,2047,4.5,0,,
llama32_3b,hadamard_g64_m1,hadamard,64,1,0,53,1.8997447490692139,2047,4.5,0,,
llama32_3b,hadamard_g64_m1,hadamard,64,1,0,54,1.6374245882034302,2047,4.5,0,,
llama32_3b,hadamard_g64_m1,hadamard,64,1,0,55,1.6153335571289062,2047,4.5,0,,
llama32_3b,hadamard_g64_m1,hadamard,64,1,0,56,1.8396672010421753,2047,4.5,0,,
llama32_3b,hadamard_g64_m1,hadamard,64,1,0,57,1.8085951805114746,2047,4.5,0,,
llama32_3b,hadamard_g64_m1,hadamard,64,1,0,58,2.1878087520599365,2047,4.5,0,,
llama32_3b,hadamard_g64_m1,hadamard,64,1,0,59,2.3570306301116943,2047,4.5,0,,
llama32_3b,hadamard_g64_m1,hadamard,64,1,0,60,2.365926504135132,2047,4.5,0,,
llama32_3b,hadamard_g64_m1,hadamard,64,1,0,61,2.466744899749756,2047,4.5,0,,
llama32_3b,hadamard_g64_m1,hadamard,64,1,0,62,1.5126011371612549,2047,4.5,0,,
llama32_3b,hadamard_g64_m1,hadamard,64,1,0,63,1.9068137407302856,2047,4.5,0,,
llama32_3b,hadamard_g64_m1,hadamard,64,1,1,0,1.8392527103424072,2047,4.5,0,,
llama32_3b,hadamard_g64_m1,hadamard,64,1,1,1,2.432600498199463,2047,4.5,0,,
llama32_3b,hadamard_g64_m1,hadamard,64,1,1,2,2.503606081008911,2047,4.5,0,,
llama32_3b,hadamard_g64_m1,hadamard,64,1,1,3,2.030663013458252,2047,4.5,0,,
llama32_3b,hadamard_g64_m1,hadamard,64,1,1,4,1.9389503002166748,2047,4.5,0,,
llama32_3b,hadamard_g64_m1,hadamard,64,1,1,5,1.5572994947433472,2047,4.5,0,,
llama32_3b,hadamard_g64_m1,hadamard,64,1,1,6,1.6678894758224487,2047,4.5,0,,
llama32_3b,hadamard_g64_m1,hadamard,64,1,1,7,1.9300767183303833,2047,4.5,0,,
llama32_3b,hadamard_g64_m1,hadamard,64,1,1,8,2.2575764656066895,2047,4.5,0,,
llama32_3b,hadamard_g64_m1,hadamard,64,1,1,9,1.9836410284042358,2047,4.5,0,,
llama32_3b,hadamard_g64_m1,hadamard,64,1,1,10,1.9073426723480225,2047,4.5,0,,
llama32_3b,hadamard_g64_m1,hadamard,64,1,1,11,2.257946729660034,2047,4.5,0,,
llama32_3b,hadamard_g64_m1,hadamard,64,1,1,12,2.126657247543335,2047,4.5,0,,
llama32_3b,hadamard_g64_m1,hadamard,64,1,1,13,2.27913236618042,2047,4.5,0,,
llama32_3b,hadamard_g64_m1,hadamard,64,1,1,14,2.1959383487701416,2047,4.5,0,,
llama32_3b,hadamard_g64_m1,hadamard,64,1,1,15,2.4029605388641357,2047,4.5,0,,
llama32_3b,hadamard_g64_m1,hadamard,64,1,1,16,2.1382741928100586,2047,4.5,0,,
llama32_3b,hadamard_g64_m1,hadamard,64,1,1,17,2.1427018642425537,2047,4.5,0,,
llama32_3b,hadamard_g64_m1,hadamard,64,1,1,18,1.9534460306167603,2047,4.5,0,,
llama32_3b,hadamard_g64_m1,hadamard,64,1,1,19,2.1180269718170166,2047,4.5,0,,
llama32_3b,hadamard_g64_m1,hadamard,64,1,1,20,2.2367818355560303,2047,4.5,0,,
llama32_3b,hadamard_g64_m1,hadamard,64,1,1,21,2.171957015991211,2047,4.5,0,,
llama32_3b,hadamard_g64_m1,hadamard,64,1,1,22,2.21714186668396,2047,4.5,0,,
llama32_3b,hadamard_g64_m1,hadamard,64,1,1,23,2.2622153759002686,2047,4.5,0,,
llama32_3b,hadamard_g64_m1,hadamard,64,1,1,24,2.2906956672668457,2047,4.5,0,,
llama32_3b,hadamard_g64_m1,hadamard,64,1,1,25,2.3481223583221436,2047,4.5,0,,
llama32_3b,hadamard_g64_m1,hadamard,64,1,1,26,2.434441089630127,2047,4.5,0,,
llama32_3b,hadamard_g64_m1,hadamard,64,1,1,27,2.234494686126709,2047,4.5,0,,
llama32_3b,hadamard_g64_m1,hadamard,64,1,1,28,2.0030596256256104,2047,4.5,0,,
llama32_3b,hadamard_g64_m1,hadamard,64,1,1,29,1.8072799444198608,2047,4.5,0,,
llama32_3b,hadamard_g64_m1,hadamard,64,1,1,30,1.6962432861328125,2047,4.5,0,,
llama32_3b,hadamard_g64_m1,hadamard,64,1,1,31,1.732363224029541,2047,4.5,0,,
llama32_3b,hadamard_g64_m1,hadamard,64,1,1,32,2.0256474018096924,2047,4.5,0,,
llama32_3b,hadamard_g64_m1,hadamard,64,1,1,33,1.9886789321899414,2047,4.5,0,,
llama32_3b,hadamard_g64_m1,hadamard,64,1,1,34,2.1669209003448486,2047,4.5,0,,
llama32_3b,hadamard_g64_m1,hadamard,64,1,1,35,1.4857265949249268,2047,4.5,0,,
llama32_3b,hadamard_g64_m1,hadamard,64,1,1,36,1.4517558813095093,2047,4.5,0,,
llama32_3b,hadamard_g64_m1,hadamard,64,1,1,37,1.4920529127120972,2047,4.5,0,,
llama32_3b,hadamard_g64_m1,hadamard,64,1,1,38,1.4887471199035645,2047,4.5,0,,
llama32_3b,hadamard_g64_m1,hadamard,64,1,1,39,1.6790236234664917,2047,4.5,0,,
llama32_3b,hadamard_g64_m1,hadamard,64,1,1,40,2.2796237468719482,2047,4.5,0,,
llama32_3b,hadamard_g64_m1,hadamard,64,1,1,41,2.7007970809936523,2047,4.5,0,,
llama32_3b,hadamard_g64_m1,hadamard,64,1,1,42,2.690538167953491,2047,4.5,0,,
llama32_3b,hadamard_g64_m1,hadamard,64,1,1,43,2.31559419631958,2047,4.5,0,,
llama32_3b,hadamard_g64_m1,hadamard,64,1,1,44,2.313171148300171,2047,4.5,0,,
llama32_3b,hadamard_g64_m1,hadamard,64,1,1,45,2.2865536212921143,2047,4.5,0,,
llama32_3b,hadamard_g64_m1,hadamard,64,1,1,46,2.373872995376587,2047,4.5,0,,
llama32_3b,hadamard_g64_m1,hadamard,64,1,1,47,2.1675593852996826,2047,4.5,0,,
llama32_3b,hadamard_g64_m1,hadamard,64,1,1,48,2.0418670177459717,2047,4.5,0,,
llama32_3b,hadamard_g64_m1,hadamard,64,1,1,49,2.027930736541748,2047,4.5,0,,
llama32_3b,hadamard_g64_m1,hadamard,64,1,1,50,1.7630993127822876,2047,4.5,0,,
llama32_3b,hadamard_g64_m1,hadamard,64,1,1,51,1.8413312435150146,2047,4.5,0,,
llama32_3b,hadamard_g64_m1,hadamard,64,1,1,52,1.6802611351013184,2047,4.5,0,,
llama32_3b,hadamard_g64_m1,hadamard,64,1,1,53,1.9145019054412842,2047,4.5,0,,
llama32_3b,hadamard_g64_m1,hadamard,64,1,1,54,1.6431045532226562,2047,4.5,0,,
llama32_3b,hadamard_g64_m1,hadamard,64,1,1,55,1.6109789609909058,2047,4.5,0,,
llama32_3b,hadamard_g64_m1,hadamard,64,1,1,56,1.8334006071090698,2047,4.5,0,,
llama32_3b,hadamard_g64_m1,hadamard,64,1,1,57,1.8191852569580078,2047,4.5,0,,
llama32_3b,hadamard_g64_m1,hadamard,64,1,1,58,2.186025381088257,2047,4.5,0,,
llama32_3b,hadamard_g64_m1,hadamard,64,1,1,59,2.3586456775665283,2047,4.5,0,,
llama32_3b,hadamard_g64_m1,hadamard,64,1,1,60,2.3651576042175293,2047,4.5,0,,
llama32_3b,hadamard_g64_m1,hadamard,64,1,1,61,2.4732534885406494,2047,4.5,0,,
llama32_3b,hadamard_g64_m1,hadamard,64,1,1,62,1.5210665464401245,2047,4.5,0,,
llama32_3b,hadamard_g64_m1,hadamard,64,1,1,63,1.910581350326538,2047,4.5,0,,
llama32_3b,hadamard_g64_m1,hadamard,64,1,2,0,1.8260775804519653,2047,4.5,0,,
llama32_3b,hadamard_g64_m1,hadamard,64,1,2,1,2.4367403984069824,2047,4.5,0,,
llama32_3b,hadamard_g64_m1,hadamard,64,1,2,2,2.514944314956665,2047,4.5,0,,
llama32_3b,hadamard_g64_m1,hadamard,64,1,2,3,2.0171499252319336,2047,4.5,0,,
llama32_3b,hadamard_g64_m1,hadamard,64,1,2,4,1.9378037452697754,2047,4.5,0,,
llama32_3b,hadamard_g64_m1,hadamard,64,1,2,5,1.5555094480514526,2047,4.5,0,,
llama32_3b,hadamard_g64_m1,hadamard,64,1,2,6,1.677862286567688,2047,4.5,0,,
llama32_3b,hadamard_g64_m1,hadamard,64,1,2,7,1.9333195686340332,2047,4.5,0,,
llama32_3b,hadamard_g64_m1,hadamard,64,1,2,8,2.263922929763794,2047,4.5,0,,
llama32_3b,hadamard_g64_m1,hadamard,64,1,2,9,1.9805972576141357,2047,4.5,0,,
llama32_3b,hadamard_g64_m1,hadamard,64,1,2,10,1.9121425151824951,2047,4.5,0,,
llama32_3b,hadamard_g64_m1,hadamard,64,1,2,11,2.256636619567871,2047,4.5,0,,
llama32_3b,hadamard_g64_m1,hadamard,64,1,2,12,2.1218295097351074,2047,4.5,0,,
llama32_3b,hadamard_g64_m1,hadamard,64,1,2,13,2.2730443477630615,2047,4.5,0,,
llama32_3b,hadamard_g64_m1,hadamard,64,1,2,14,2.2127685546875,2047,4.5,0,,
llama32_3b,hadamard_g64_m1,hadamard,64,1,2,15,2.4104762077331543,2047,4.5,0,,
llama32_3b,hadamard_g64_m1,hadamard,64,1,2,16,2.1391046047210693,2047,4.5,0,,
llama32_3b,hadamard_g64_m1,hadamard,64,1,2,17,2.1405560970306396,2047,4.5,0,,
llama32_3b,hadamard_g64_m1,hadamard,64,1,2,18,1.9579946994781494,2047,4.5,0,,
llama32_3b,hadamard_g64_m1,hadamard,64,1,2,19,2.121896743774414,2047,4.5,0,,
llama32_3b,hadamard_g64_m1,hadamard,64,1,2,20,2.23478627204895,2047,4.5,0,,
llama32_3b,hadamard_g64_m1,hadamard,64,1,2,21,2.1602678298950195,2047,4.5,0,,
llama32_3b,hadamard_g64_m1,hadamard,64,1,2,22,2.213254690170288,2047,4.5,0,,
llama32_3b,hadamard_g64_m1,hadamard,64,1,2,23,2.244767189025879,2047,4.5,0,,
llama32_3b,hadamard_g64_m1,hadamard,64,1,2,24,2.285963296890259,2047,4.5,0,,
llama32_3b,hadamard_g64_m1,hadamard,64,1,2,25,2.354806661605835,2047,4.5,0,,
llama32_3b,hadamard_g64_m1,hadamard,64,1,2,26,2.43491268157959,2047,4.5,0,,
llama32_3b,hadamard_g64_m1,hadamard,64,1,2,27,2.230675458908081,2047,4.5,0,,
llama32_3b,hadamard_g64_m1,hadamard,64,1,2,28,2.0063791275024414,2047,4.5,0,,
llama32_3b,hadamard_g64_m1,hadamard,64,1,2,29,1.8255062103271484,2047,4.5,0,,
llama32_3b,hadamard_g64_m1,hadamard,64,1,2,30,1.6994577646255493,2047,4.5,0,,
llama32_3b,hadamard_g64_m1,hadamard,64,1,2,31,1.7336472272872925,2047,4.5,0,,
llama32_3b,hadamard_g64_m1,hadamard,64,1,2,32,2.0200722217559814,2047,4.5,0,,
llama32_3b,hadamard_g64_m1,hadamard,64,1,2,33,1.9814231395721436,2047,4.5,0,,
llama32_3b,hadamard_g64_m1,hadamard,64,1,2,34,2.1614654064178467,2047,4.5,0,,
llama32_3b,hadamard_g64_m1,hadamard,64,1,2,35,1.4739292860031128,2047,4.5,0,,
llama32_3b,hadamard_g64_m1,hadamard,64,1,2,36,1.4464714527130127,2047,4.5,0,,
llama32_3b,hadamard_g64_m1,hadamard,64,1,2,37,1.4892196655273438,2047,4.5,0,,
llama32_3b,hadamard_g64_m1,hadamard,64,1,2,38,1.475864052772522,2047,4.5,0,,
llama32_3b,hadamard_g64_m1,hadamard,64,1,2,39,1.6790052652359009,2047,4.5,0,,
llama32_3b,hadamard_g64_m1,hadamard,64,1,2,40,2.274420976638794,2047,4.5,0,,
llama32_3b,hadamard_g64_m1,hadamard,64,1,2,41,2.7005200386047363,2047,4.5,0,,
llama32_3b,hadamard_g64_m1,hadamard,64,1,2,42,2.69240665435791,2047,4.5,0,,
llama32_3b,hadamard_g64_m1,hadamard,64,1,2,43,2.312147855758667,2047,4.5,0,,
llama32_3b,hadamard_g64_m1,hadamard,64,1,2,44,2.314177989959717,2047,4.5,0,,
llama32_3b,hadamard_g64_m1,hadamard,64,1,2,45,2.281553268432617,2047,4.5,0,,
llama32_3b,hadamard_g64_m1,hadamard,64,1,2,46,2.3697164058685303,2047,4.5,0,,
llama32_3b,hadamard_g64_m1,hadamard,64,1,2,47,2.1632022857666016,2047,4.5,0,,
llama32_3b,hadamard_g64_m1,hadamard,64,1,2,48,2.0433759689331055,2047,4.5,0,,
llama32_3b,hadamard_g64_m1,hadamard,64,1,2,49,2.032975673675537,2047,4.5,0,,
llama32_3b,hadamard_g64_m1,hadamard,64,1,2,50,1.7545198202133179,2047,4.5,0,,
llama32_3b,hadamard_g64_m1,hadamard,64,1,2,51,1.846109390258789,2047,4.5,0,,
llama32_3b,hadamard_g64_m1,hadamard,64,1,2,52,1.6784062385559082,2047,4.5,0,,
llama32_3b,hadamard_g64_m1,hadamard,64,1,2,53,1.906670093536377,2047,4.5,0,,
llama32_3b,hadamard_g64_m1,hadamard,64,1,2,54,1.6339794397354126,2047,4.5,0,,
llama32_3b,hadamard_g64_m1,hadamard,64,1,2,55,1.6148114204406738,2047,4.5,0,,
llama32_3b,hadamard_g64_m1,hadamard,64,1,2,56,1.8326643705368042,2047,4.5,0,,
llama32_3b,hadamard_g64_m1,hadamard,64,1,2,57,1.8063347339630127,2047,4.5,0,,
llama32_3b,hadamard_g64_m1,hadamard,64,1,2,58,2.1930925846099854,2047,4.5,0,,
llama32_3b,hadamard_g64_m1,hadamard,64,1,2,59,2.35514235496521,2047,4.5,0,,
llama32_3b,hadamard_g64_m1,hadamard,64,1,2,60,2.3640007972717285,2047,4.5,0,,
llama32_3b,hadamard_g64_m1,hadamard,64,1,2,61,2.471728563308716,2047,4.5,0,,
llama32_3b,hadamard_g64_m1,hadamard,64,1,2,62,1.5193930864334106,2047,4.5,0,,
llama32_3b,hadamard_g64_m1,hadamard,64,1,2,63,1.9023761749267578,2047,4.5,0,,
llama32_3b,hadamard_g128_m1,hadamard,128,1,0,0,1.8348289728164673,2047,4.25,0,,
llama32_3b,hadamard_g128_m1,hadamard,128,1,0,1,2.4387428760528564,2047,4.25,0,,
llama32_3b,hadamard_g128_m1,hadamard,128,1,0,2,2.5089690685272217,2047,4.25,0,,
llama32_3b,hadamard_g128_m1,hadamard,128,1,0,3,2.0332388877868652,2047,4.25,0,,
llama32_3b,hadamard_g128_m1,hadamard,128,1,0,4,1.9343489408493042,2047,4.25,0,,
llama32_3b,hadamard_g128_m1,hadamard,128,1,0,5,1.561834454536438,2047,4.25,0,,
llama32_3b,hadamard_g128_m1,hadamard,128,1,0,6,1.6657418012619019,2047,4.25,0,,
llama32_3b,hadamard_g128_m1,hadamard,128,1,0,7,1.9402190446853638,2047,4.25,0,,
llama32_3b,hadamard_g128_m1,hadamard,128,1,0,8,2.2681479454040527,2047,4.25,0,,
llama32_3b,hadamard_g128_m1,hadamard,128,1,0,9,1.9862947463989258,2047,4.25,0,,
llama32_3b,hadamard_g128_m1,hadamard,128,1,0,10,1.9119672775268555,2047,4.25,0,,
llama32_3b,hadamard_g128_m1,hadamard,128,1,0,11,2.2688934803009033,2047,4.25,0,,
llama32_3b,hadamard_g128_m1,hadamard,128,1,0,12,2.1352667808532715,2047,4.25,0,,
llama32_3b,hadamard_g128_m1,hadamard,128,1,0,13,2.293996572494507,2047,4.25,0,,
llama32_3b,hadamard_g128_m1,hadamard,128,1,0,14,2.2124040126800537,2047,4.25,0,,
llama32_3b,hadamard_g128_m1,hadamard,128,1,0,15,2.410156726837158,2047,4.25,0,,
llama32_3b,hadamard_g128_m1,hadamard,128,1,0,16,2.135694742202759,2047,4.25,0,,
llama32_3b,hadamard_g128_m1,hadamard,128,1,0,17,2.154827833175659,2047,4.25,0,,
llama32_3b,hadamard_g128_m1,hadamard,128,1,0,18,1.9739028215408325,2047,4.25,0,,
llama32_3b,hadamard_g128_m1,hadamard,128,1,0,19,2.1182093620300293,2047,4.25,0,,
llama32_3b,hadamard_g128_m1,hadamard,128,1,0,20,2.2405550479888916,2047,4.25,0,,
llama32_3b,hadamard_g128_m1,hadamard,128,1,0,21,2.1557095050811768,2047,4.25,0,,
llama32_3b,hadamard_g128_m1,hadamard,128,1,0,22,2.2172563076019287,2047,4.25,0,,
llama32_3b,hadamard_g128_m1,hadamard,128,1,0,23,2.2601168155670166,2047,4.25,0,,
llama32_3b,hadamard_g128_m1,hadamard,128,1,0,24,2.2923166751861572,2047,4.25,0,,
llama32_3b,hadamard_g128_m1,hadamard,128,1,0,25,2.3580615520477295,2047,4.25,0,,
llama32_3b,hadamard_g128_m1,hadamard,128,1,0,26,2.433504819869995,2047,4.25,0,,
llama32_3b,hadamard_g128_m1,hadamard,128,1,0,27,2.234194040298462,2047,4.25,0,,
llama32_3b,hadamard_g128_m1,hadamard,128,1,0,28,2.01165771484375,2047,4.25,0,,
llama32_3b,hadamard_g128_m1,hadamard,128,1,0,29,1.82198965549469,2047,4.25,0,,
llama32_3b,hadamard_g128_m1,hadamard,128,1,0,30,1.700043797492981,2047,4.25,0,,
llama32_3b,hadamard_g128_m1,hadamard,128,1,0,31,1.7301288843154907,2047,4.25,0,,
llama32_3b,hadamard_g128_m1,hadamard,128,1,0,32,2.0247678756713867,2047,4.25,0,,
llama32_3b,hadamard_g128_m1,hadamard,128,1,0,33,1.979168176651001,2047,4.25,0,,
llama32_3b,hadamard_g128_m1,hadamard,128,1,0,34,2.1714017391204834,2047,4.25,0,,
llama32_3b,hadamard_g128_m1,hadamard,128,1,0,35,1.4896557331085205,2047,4.25,0,,
llama32_3b,hadamard_g128_m1,hadamard,128,1,0,36,1.4514623880386353,2047,4.25,0,,
llama32_3b,hadamard_g128_m1,hadamard,128,1,0,37,1.5000176429748535,2047,4.25,0,,
llama32_3b,hadamard_g128_m1,hadamard,128,1,0,38,1.4812544584274292,2047,4.25,0,,
llama32_3b,hadamard_g128_m1,hadamard,128,1,0,39,1.6813828945159912,2047,4.25,0,,
llama32_3b,hadamard_g128_m1,hadamard,128,1,0,40,2.2915661334991455,2047,4.25,0,,
llama32_3b,hadamard_g128_m1,hadamard,128,1,0,41,2.698225498199463,2047,4.25,0,,
llama32_3b,hadamard_g128_m1,hadamard,128,1,0,42,2.703596830368042,2047,4.25,0,,
llama32_3b,hadamard_g128_m1,hadamard,128,1,0,43,2.321826934814453,2047,4.25,0,,
llama32_3b,hadamard_g128_m1,hadamard,128,1,0,44,2.306467056274414,2047,4.25,0,,
llama32_3b,hadamard_g128_m1,hadamard,128,1,0,45,2.2954328060150146,2047,4.25,0,,
llama32_3b,hadamard_g128_m1,hadamard,128,1,0,46,2.3802101612091064,2047,4.25,0,,
llama32_3b,hadamard_g128_m1,hadamard,128,1,0,47,2.171860933303833,2047,4.25,0,,
llama32_3b,hadamard_g128_m1,hadamard,128,1,0,48,2.04646897315979,2047,4.25,0,,
llama32_3b,hadamard_g128_m1,hadamard,128,1,0,49,2.0348188877105713,2047,4.25,0,,
llama32_3b,hadamard_g128_m1,hadamard,128,1,0,50,1.7659791707992554,2047,4.25,0,,
llama32_3b,hadamard_g128_m1,hadamard,128,1,0,51,1.851685643196106,2047,4.25,0,,
llama32_3b,hadamard_g128_m1,hadamard,128,1,0,52,1.690883755683899,2047,4.25,0,,
llama32_3b,hadamard_g128_m1,hadamard,128,1,0,53,1.9126880168914795,2047,4.25,0,,
llama32_3b,hadamard_g128_m1,hadamard,128,1,0,54,1.6452630758285522,2047,4.25,0,,
llama32_3b,hadamard_g128_m1,hadamard,128,1,0,55,1.6132426261901855,2047,4.25,0,,
llama32_3b,hadamard_g128_m1,hadamard,128,1,0,56,1.8506321907043457,2047,4.25,0,,
llama32_3b,hadamard_g128_m1,hadamard,128,1,0,57,1.8153729438781738,2047,4.25,0,,
llama32_3b,hadamard_g128_m1,hadamard,128,1,0,58,2.1846506595611572,2047,4.25,0,,
llama32_3b,hadamard_g128_m1,hadamard,128,1,0,59,2.3685734272003174,2047,4.25,0,,
llama32_3b,hadamard_g128_m1,hadamard,128,1,0,60,2.362927198410034,2047,4.25,0,,
llama32_3b,hadamard_g128_m1,hadamard,128,1,0,61,2.48396897315979,2047,4.25,0,,
llama32_3b,hadamard_g128_m1,hadamard,128,1,0,62,1.5228710174560547,2047,4.25,0,,
llama32_3b,hadamard_g128_m1,hadamard,128,1,0,63,1.9145195484161377,2047,4.25,0,,
llama32_3b,hadamard_g128_m1,hadamard,128,1,1,0,1.837621808052063,2047,4.25,0,,
llama32_3b,hadamard_g128_m1,hadamard,128,1,1,1,2.4329946041107178,2047,4.25,0,,
llama32_3b,hadamard_g128_m1,hadamard,128,1,1,2,2.504094123840332,2047,4.25,0,,
llama32_3b,hadamard_g128_m1,hadamard,128,1,1,3,2.027972459793091,2047,4.25,0,,
llama32_3b,hadamard_g128_m1,hadamard,128,1,1,4,1.9445756673812866,2047,4.25,0,,
llama32_3b,hadamard_g128_m1,hadamard,128,1,1,5,1.5629444122314453,2047,4.25,0,,
llama32_3b,hadamard_g128_m1,hadamard,128,1,1,6,1.6713707447052002,2047,4.25,0,,
llama32_3b,hadamard_g128_m1,hadamard,128,1,1,7,1.938535451889038,2047,4.25,0,,
llama32_3b,hadamard_g128_m1,hadamard,128,1,1,8,2.266960859298706,2047,4.25,0,,
llama32_3b,hadamard_g128_m1,hadamard,128,1,1,9,1.9807945489883423,2047,4.25,0,,
llama32_3b,hadamard_g128_m1,hadamard,128,1,1,10,1.9087343215942383,2047,4.25,0,,
llama32_3b,hadamard_g128_m1,hadamard,128,1,1,11,2.266151189804077,2047,4.25,0,,
llama32_3b,hadamard_g128_m1,hadamard,128,1,1,12,2.1285762786865234,2047,4.25,0,,
llama32_3b,hadamard_g128_m1,hadamard,128,1,1,13,2.285647392272949,2047,4.25,0,,
llama32_3b,hadamard_g128_m1,hadamard,128,1,1,14,2.2122597694396973,2047,4.25,0,,
llama32_3b,hadamard_g128_m1,hadamard,128,1,1,15,2.420158863067627,2047,4.25,0,,
llama32_3b,hadamard_g128_m1,hadamard,128,1,1,16,2.1408209800720215,2047,4.25,0,,
llama32_3b,hadamard_g128_m1,hadamard,128,1,1,17,2.16312837600708,2047,4.25,0,,
llama32_3b,hadamard_g128_m1,hadamard,128,1,1,18,1.9628150463104248,2047,4.25,0,,
llama32_3b,hadamard_g128_m1,hadamard,128,1,1,19,2.113435745239258,2047,4.25,0,,
llama32_3b,hadamard_g128_m1,hadamard,128,1,1,20,2.2429401874542236,2047,4.25,0,,
llama32_3b,hadamard_g128_m1,hadamard,128,1,1,21,2.1663010120391846,2047,4.25,0,,
llama32_3b,hadamard_g128_m1,hadamard,128,1,1,22,2.220052480697632,2047,4.25,0,,
llama32_3b,hadamard_g128_m1,hadamard,128,1,1,23,2.2563350200653076,2047,4.25,0,,
llama32_3b,hadamard_g128_m1,hadamard,128,1,1,24,2.29410982131958,2047,4.25,0,,
llama32_3b,hadamard_g128_m1,hadamard,128,1,1,25,2.3466877937316895,2047,4.25,0,,
llama32_3b,hadamard_g128_m1,hadamard,128,1,1,26,2.4294025897979736,2047,4.25,0,,
llama32_3b,hadamard_g128_m1,hadamard,128,1,1,27,2.2368838787078857,2047,4.25,0,,
llama32_3b,hadamard_g128_m1,hadamard,128,1,1,28,2.011263132095337,2047,4.25,0,,
llama32_3b,hadamard_g128_m1,hadamard,128,1,1,29,1.8188897371292114,2047,4.25,0,,
llama32_3b,hadamard_g128_m1,hadamard,128,1,1,30,1.713972806930542,2047,4.25,0,,
llama32_3b,hadamard_g128_m1,hadamard,128,1,1,31,1.7270077466964722,2047,4.25,0,,
llama32_3b,hadamard_g128_m1,hadamard,128,1,1,32,2.017676830291748,2047,4.25,0,,
llama32_3b,hadamard_g128_m1,hadamard,128,1,1,33,1.9906617403030396,2047,4.25,0,,
llama32_3b,hadamard_g128_m1,hadamard,128,1,1,34,2.1630067825317383,2047,4.25,0,,
llama32_3b,hadamard_g128_m1,hadamard,128,1,1,35,1.4904038906097412,2047,4.25,0,,
llama32_3b,hadamard_g128_m1,hadamard,128,1,1,36,1.4505765438079834,2047,4.25,0,,
llama32_3b,hadamard_g128_m1,hadamard,128,1,1,37,1.4975502490997314,2047,4.25,0,,
llama32_3b,hadamard_g128_m1,hadamard,128,1,1,38,1.4922821521759033,2047,4.25,0,,
llama32_3b,hadamard_g128_m1,hadamard,128,1,1,39,1.6856647729873657,2047,4.25,0,,
llama32_3b,hadamard_g128_m1,hadamard,128,1,1,40,2.275853395462036,2047,4.25,0,,
llama32_3b,hadamard_g128_m1,hadamard,128,1,1,41,2.6939730644226074,2047,4.25,0,,
llama32_3b,hadamard_g128_m1,hadamard,128,1,1,42,2.6866772174835205,2047,4.25,0,,
llama32_3b,hadamard_g128_m1,hadamard,128,1,1,43,2.316518783569336,2047,4.25,0,,
llama32_3b,hadamard_g128_m1,hadamard,128,1,1,44,2.3158278465270996,2047,4.25,0,,
llama32_3b,hadamard_g128_m1,hadamard,128,1,1,45,2.291952610015869,2047,4.25,0,,
llama32_3b,hadamard_g128_m1,hadamard,128,1,1,46,2.3812267780303955,2047,4.25,0,,
llama32_3b,hadamard_g128_m1,hadamard,128,1,1,47,2.164926528930664,2047,4.25,0,,
llama32_3b,hadamard_g128_m1,hadamard,128,1,1,48,2.047818660736084,2047,4.25,0,,
llama32_3b,hadamard_g128_m1,hadamard,128,1,1,49,2.043294906616211,2047,4.25,0,,
llama32_3b,hadamard_g128_m1,hadamard,128,1,1,50,1.7767115831375122,2047,4.25,0,,
llama32_3b,hadamard_g128_m1,hadamard,128,1,1,51,1.8454340696334839,2047,4.25,0,,
llama32_3b,hadamard_g128_m1,hadamard,128,1,1,52,1.6905874013900757,2047,4.25,0,,
llama32_3b,hadamard_g128_m1,hadamard,128,1,1,53,1.9071190357208252,2047,4.25,0,,
llama32_3b,hadamard_g128_m1,hadamard,128,1,1,54,1.6374818086624146,2047,4.25,0,,
llama32_3b,hadamard_g128_m1,hadamard,128,1,1,55,1.6101006269454956,2047,4.25,0,,
llama32_3b,hadamard_g128_m1,hadamard,128,1,1,56,1.8442602157592773,2047,4.25,0,,
llama32_3b,hadamard_g128_m1,hadamard,128,1,1,57,1.825892686843872,2047,4.25,0,,
llama32_3b,hadamard_g128_m1,hadamard,128,1,1,58,2.193028211593628,2047,4.25,0,,
llama32_3b,hadamard_g128_m1,hadamard,128,1,1,59,2.3722691535949707,2047,4.25,0,,
llama32_3b,hadamard_g128_m1,hadamard,128,1,1,60,2.3584299087524414,2047,4.25,0,,
llama32_3b,hadamard_g128_m1,hadamard,128,1,1,61,2.470548152923584,2047,4.25,0,,
llama32_3b,hadamard_g128_m1,hadamard,128,1,1,62,1.5243184566497803,2047,4.25,0,,
llama32_3b,hadamard_g128_m1,hadamard,128,1,1,63,1.915173888206482,2047,4.25,0,,
llama32_3b,hadamard_g128_m1,hadamard,128,1,2,0,1.8529815673828125,2047,4.25,0,,
llama32_3b,hadamard_g128_m1,hadamard,128,1,2,1,2.436011791229248,2047,4.25,0,,
llama32_3b,hadamard_g128_m1,hadamard,128,1,2,2,2.5150973796844482,2047,4.25,0,,
llama32_3b,hadamard_g128_m1,hadamard,128,1,2,3,2.028306245803833,2047,4.25,0,,
llama32_3b,hadamard_g128_m1,hadamard,128,1,2,4,1.9413275718688965,2047,4.25,0,,
llama32_3b,hadamard_g128_m1,hadamard,128,1,2,5,1.550437569618225,2047,4.25,0,,
llama32_3b,hadamard_g128_m1,hadamard,128,1,2,6,1.6769400835037231,2047,4.25,0,,
llama32_3b,hadamard_g128_m1,hadamard,128,1,2,7,1.9315487146377563,2047,4.25,0,,
llama32_3b,hadamard_g128_m1,hadamard,128,1,2,8,2.2547481060028076,2047,4.25,0,,
llama32_3b,hadamard_g128_m1,hadamard,128,1,2,9,1.9817192554473877,2047,4.25,0,,
llama32_3b,hadamard_g128_m1,hadamard,128,1,2,10,1.9149911403656006,2047,4.25,0,,
llama32_3b,hadamard_g128_m1,hadamard,128,1,2,11,2.2642128467559814,2047,4.25,0,,
llama32_3b,hadamard_g128_m1,hadamard,128,1,2,12,2.1280150413513184,2047,4.25,0,,
llama32_3b,hadamard_g128_m1,hadamard,128,1,2,13,2.2829511165618896,2047,4.25,0,,
llama32_3b,hadamard_g128_m1,hadamard,128,1,2,14,2.2232162952423096,2047,4.25,0,,
llama32_3b,hadamard_g128_m1,hadamard,128,1,2,15,2.4164388179779053,2047,4.25,0,,
llama32_3b,hadamard_g128_m1,hadamard,128,1,2,16,2.141450881958008,2047,4.25,0,,
llama32_3b,hadamard_g128_m1,hadamard,128,1,2,17,2.1515564918518066,2047,4.25,0,,
llama32_3b,hadamard_g128_m1,hadamard,128,1,2,18,1.9561285972595215,2047,4.25,0,,
llama32_3b,hadamard_g128_m1,hadamard,128,1,2,19,2.11747145652771,2047,4.25,0,,
llama32_3b,hadamard_g128_m1,hadamard,128,1,2,20,2.248802661895752,2047,4.25,0,,
llama32_3b,hadamard_g128_m1,hadamard,128,1,2,21,2.1634161472320557,2047,4.25,0,,
llama32_3b,hadamard_g128_m1,hadamard,128,1,2,22,2.215374231338501,2047,4.25,0,,
llama32_3b,hadamard_g128_m1,hadamard,128,1,2,23,2.256863594055176,2047,4.25,0,,
llama32_3b,hadamard_g128_m1,hadamard,128,1,2,24,2.2954819202423096,2047,4.25,0,,
llama32_3b,hadamard_g128_m1,hadamard,128,1,2,25,2.3426332473754883,2047,4.25,0,,
llama32_3b,hadamard_g128_m1,hadamard,128,1,2,26,2.439373254776001,2047,4.25,0,,
llama32_3b,hadamard_g128_m1,hadamard,128,1,2,27,2.235119581222534,2047,4.25,0,,
llama32_3b,hadamard_g128_m1,hadamard,128,1,2,28,2.009138822555542,2047,4.25,0,,
llama32_3b,hadamard_g128_m1,hadamard,128,1,2,29,1.820295810699463,2047,4.25,0,,
llama32_3b,hadamard_g128_m1,hadamard,128,1,2,30,1.7077698707580566,2047,4.25,0,,
llama32_3b,hadamard_g128_m1,hadamard,128,1,2,31,1.7226769924163818,2047,4.25,0,,
llama32_3b,hadamard_g128_m1,hadamard,128,1,2,32,2.025386333465576,2047,4.25,0,,
llama32_3b,hadamard_g128_m1,hadamard,128,1,2,33,1.9899495840072632,2047,4.25,0,,
llama32_3b,hadamard_g128_m1,hadamard,128,1,2,34,2.1668009757995605,2047,4.25,0,,
llama32_3b,hadamard_g128_m1,hadamard,128,1,2,35,1.4915603399276733,2047,4.25,0,,
llama32_3b,hadamard_g128_m1,hadamard,128,1,2,36,1.4531465768814087,2047,4.25,0,,
llama32_3b,hadamard_g128_m1,hadamard,128,1,2,37,1.4861358404159546,2047,4.25,0,,
llama32_3b,hadamard_g128_m1,hadamard,128,1,2,38,1.4792745113372803,2047,4.25,0,,
llama32_3b,hadamard_g128_m1,hadamard,128,1,2,39,1.6771855354309082,2047,4.25,0,,
llama32_3b,hadamard_g128_m1,hadamard,128,1,2,40,2.2778165340423584,2047,4.25,0,,
llama32_3b,hadamard_g128_m1,hadamard,128,1,2,41,2.707366943359375,2047,4.25,0,,
llama32_3b,hadamard_g128_m1,hadamard,128,1,2,42,2.6877708435058594,2047,4.25,0,,
llama32_3b,hadamard_g128_m1,hadamard,128,1,2,43,2.322796106338501,2047,4.25,0,,
llama32_3b,hadamard_g128_m1,hadamard,128,1,2,44,2.316890001296997,2047,4.25,0,,
llama32_3b,hadamard_g128_m1,hadamard,128,1,2,45,2.2936766147613525,2047,4.25,0,,
llama32_3b,hadamard_g128_m1,hadamard,128,1,2,46,2.378645181655884,2047,4.25,0,,
llama32_3b,hadamard_g128_m1,hadamard,128,1,2,47,2.1643362045288086,2047,4.25,0,,
llama32_3b,hadamard_g128_m1,hadamard,128,1,2,48,2.044517755508423,2047,4.25,0,,
llama32_3b,hadamard_g128_m1,hadamard,128,1,2,49,2.038372755050659,2047,4.25,0,,
llama32_3b,hadamard_g128_m1,hadamard,128,1,2,50,1.781081199645996,2047,4.25,0,,
llama32_3b,hadamard_g128_m1,hadamard,128,1,2,51,1.8420265913009644,2047,4.25,0,,
llama32_3b,hadamard_g128_m1,hadamard,128,1,2,52,1.691436767578125,2047,4.25,0,,
llama32_3b,hadamard_g128_m1,hadamard,128,1,2,53,1.9119638204574585,2047,4.25,0,,
llama32_3b,hadamard_g128_m1,hadamard,128,1,2,54,1.6349409818649292,2047,4.25,0,,
llama32_3b,hadamard_g128_m1,hadamard,128,1,2,55,1.5998132228851318,2047,4.25,0,,
llama32_3b,hadamard_g128_m1,hadamard,128,1,2,56,1.8658145666122437,2047,4.25,0,,
llama32_3b,hadamard_g128_m1,hadamard,128,1,2,57,1.8209410905838013,2047,4.25,0,,
llama32_3b,hadamard_g128_m1,hadamard,128,1,2,58,2.1965558528900146,2047,4.25,0,,
llama32_3b,hadamard_g128_m1,hadamard,128,1,2,59,2.359896421432495,2047,4.25,0,,
llama32_3b,hadamard_g128_m1,hadamard,128,1,2,60,2.3617475032806396,2047,4.25,0,,
llama32_3b,hadamard_g128_m1,hadamard,128,1,2,61,2.4822635650634766,2047,4.25,0,,
llama32_3b,hadamard_g128_m1,hadamard,128,1,2,62,1.5202248096466064,2047,4.25,0,,
llama32_3b,hadamard_g128_m1,hadamard,128,1,2,63,1.912237524986267,2047,4.25,0,,
llama32_3b,hadamard_g256_m1,hadamard,256,1,0,0,1.8420014381408691,2047,4.125,0,,
llama32_3b,hadamard_g256_m1,hadamard,256,1,0,1,2.4352176189422607,2047,4.125,0,,
llama32_3b,hadamard_g256_m1,hadamard,256,1,0,2,2.5031540393829346,2047,4.125,0,,
llama32_3b,hadamard_g256_m1,hadamard,256,1,0,3,2.0369346141815186,2047,4.125,0,,
llama32_3b,hadamard_g256_m1,hadamard,256,1,0,4,1.9467170238494873,2047,4.125,0,,
llama32_3b,hadamard_g256_m1,hadamard,256,1,0,5,1.572166919708252,2047,4.125,0,,
llama32_3b,hadamard_g256_m1,hadamard,256,1,0,6,1.6784766912460327,2047,4.125,0,,
llama32_3b,hadamard_g256_m1,hadamard,256,1,0,7,1.9362527132034302,2047,4.125,0,,
llama32_3b,hadamard_g256_m1,hadamard,256,1,0,8,2.266350269317627,2047,4.125,0,,
llama32_3b,hadamard_g256_m1,hadamard,256,1,0,9,1.9903908967971802,2047,4.125,0,,
llama32_3b,hadamard_g256_m1,hadamard,256,1,0,10,1.9179023504257202,2047,4.125,0,,
llama32_3b,hadamard_g256_m1,hadamard,256,1,0,11,2.2708027362823486,2047,4.125,0,,
llama32_3b,hadamard_g256_m1,hadamard,256,1,0,12,2.129782199859619,2047,4.125,0,,
llama32_3b,hadamard_g256_m1,hadamard,256,1,0,13,2.2968909740448,2047,4.125,0,,
llama32_3b,hadamard_g256_m1,hadamard,256,1,0,14,2.205545663833618,2047,4.125,0,,
llama32_3b,hadamard_g256_m1,hadamard,256,1,0,15,2.4102511405944824,2047,4.125,0,,
llama32_3b,hadamard_g256_m1,hadamard,256,1,0,16,2.136842727661133,2047,4.125,0,,
llama32_3b,hadamard_g256_m1,hadamard,256,1,0,17,2.1640491485595703,2047,4.125,0,,
llama32_3b,hadamard_g256_m1,hadamard,256,1,0,18,1.9719897508621216,2047,4.125,0,,
llama32_3b,hadamard_g256_m1,hadamard,256,1,0,19,2.1301586627960205,2047,4.125,0,,
llama32_3b,hadamard_g256_m1,hadamard,256,1,0,20,2.2463865280151367,2047,4.125,0,,
llama32_3b,hadamard_g256_m1,hadamard,256,1,0,21,2.165593385696411,2047,4.125,0,,
llama32_3b,hadamard_g256_m1,hadamard,256,1,0,22,2.214235544204712,2047,4.125,0,,
llama32_3b,hadamard_g256_m1,hadamard,256,1,0,23,2.2596545219421387,2047,4.125,0,,
llama32_3b,hadamard_g256_m1,hadamard,256,1,0,24,2.2991206645965576,2047,4.125,0,,
llama32_3b,hadamard_g256_m1,hadamard,256,1,0,25,2.355266571044922,2047,4.125,0,,
llama32_3b,hadamard_g256_m1,hadamard,256,1,0,26,2.4407291412353516,2047,4.125,0,,
llama32_3b,hadamard_g256_m1,hadamard,256,1,0,27,2.22880220413208,2047,4.125,0,,
llama32_3b,hadamard_g256_m1,hadamard,256,1,0,28,2.016031503677368,2047,4.125,0,,
llama32_3b,hadamard_g256_m1,hadamard,256,1,0,29,1.8286488056182861,2047,4.125,0,,
llama32_3b,hadamard_g256_m1,hadamard,256,1,0,30,1.7195967435836792,2047,4.125,0,,
llama32_3b,hadamard_g256_m1,hadamard,256,1,0,31,1.7419284582138062,2047,4.125,0,,
llama32_3b,hadamard_g256_m1,hadamard,256,1,0,32,2.027679204940796,2047,4.125,0,,
llama32_3b,hadamard_g256_m1,hadamard,256,1,0,33,1.989243984222412,2047,4.125,0,,
llama32_3b,hadamard_g256_m1,hadamard,256,1,0,34,2.1763381958007812,2047,4.125,0,,
llama32_3b,hadamard_g256_m1,hadamard,256,1,0,35,1.4854581356048584,2047,4.125,0,,
llama32_3b,hadamard_g256_m1,hadamard,256,1,0,36,1.4627546072006226,2047,4.125,0,,
llama32_3b,hadamard_g256_m1,hadamard,256,1,0,37,1.4976458549499512,2047,4.125,0,,
llama32_3b,hadamard_g256_m1,hadamard,256,1,0,38,1.4939517974853516,2047,4.125,0,,
llama32_3b,hadamard_g256_m1,hadamard,256,1,0,39,1.6878399848937988,2047,4.125,0,,
llama32_3b,hadamard_g256_m1,hadamard,256,1,0,40,2.2939414978027344,2047,4.125,0,,
llama32_3b,hadamard_g256_m1,hadamard,256,1,0,41,2.7036125659942627,2047,4.125,0,,
llama32_3b,hadamard_g256_m1,hadamard,256,1,0,42,2.7019968032836914,2047,4.125,0,,
llama32_3b,hadamard_g256_m1,hadamard,256,1,0,43,2.3273000717163086,2047,4.125,0,,
llama32_3b,hadamard_g256_m1,hadamard,256,1,0,44,2.3335931301116943,2047,4.125,0,,
llama32_3b,hadamard_g256_m1,hadamard,256,1,0,45,2.2888426780700684,2047,4.125,0,,
llama32_3b,hadamard_g256_m1,hadamard,256,1,0,46,2.3829736709594727,2047,4.125,0,,
llama32_3b,hadamard_g256_m1,hadamard,256,1,0,47,2.1840269565582275,2047,4.125,0,,
llama32_3b,hadamard_g256_m1,hadamard,256,1,0,48,2.0551397800445557,2047,4.125,0,,
llama32_3b,hadamard_g256_m1,hadamard,256,1,0,49,2.0341310501098633,2047,4.125,0,,
llama32_3b,hadamard_g256_m1,hadamard,256,1,0,50,1.7762131690979004,2047,4.125,0,,
llama32_3b,hadamard_g256_m1,hadamard,256,1,0,51,1.8457497358322144,2047,4.125,0,,
llama32_3b,hadamard_g256_m1,hadamard,256,1,0,52,1.6883221864700317,2047,4.125,0,,
llama32_3b,hadamard_g256_m1,hadamard,256,1,0,53,1.9132262468338013,2047,4.125,0,,
llama32_3b,hadamard_g256_m1,hadamard,256,1,0,54,1.6483170986175537,2047,4.125,0,,
llama32_3b,hadamard_g256_m1,hadamard,256,1,0,55,1.6163017749786377,2047,4.125,0,,
llama32_3b,hadamard_g256_m1,hadamard,256,1,0,56,1.8554424047470093,2047,4.125,0,,
llama32_3b,hadamard_g256_m1,hadamard,256,1,0,57,1.8249180316925049,2047,4.125,0,,
llama32_3b,hadamard_g256_m1,hadamard,256,1,0,58,2.1872148513793945,2047,4.125,0,,
llama32_3b,hadamard_g256_m1,hadamard,256,1,0,59,2.355067729949951,2047,4.125,0,,
llama32_3b,hadamard_g256_m1,hadamard,256,1,0,60,2.369208335876465,2047,4.125,0,,
llama32_3b,hadamard_g256_m1,hadamard,256,1,0,61,2.4756970405578613,2047,4.125,0,,
llama32_3b,hadamard_g256_m1,hadamard,256,1,0,62,1.5243337154388428,2047,4.125,0,,
llama32_3b,hadamard_g256_m1,hadamard,256,1,0,63,1.9205595254898071,2047,4.125,0,,
llama32_3b,hadamard_g256_m1,hadamard,256,1,1,0,1.8368853330612183,2047,4.125,0,,
llama32_3b,hadamard_g256_m1,hadamard,256,1,1,1,2.447543144226074,2047,4.125,0,,
llama32_3b,hadamard_g256_m1,hadamard,256,1,1,2,2.500823974609375,2047,4.125,0,,
llama32_3b,hadamard_g256_m1,hadamard,256,1,1,3,2.033615827560425,2047,4.125,0,,
llama32_3b,hadamard_g256_m1,hadamard,256,1,1,4,1.9550771713256836,2047,4.125,0,,
llama32_3b,hadamard_g256_m1,hadamard,256,1,1,5,1.5553227663040161,2047,4.125,0,,
llama32_3b,hadamard_g256_m1,hadamard,256,1,1,6,1.682756781578064,2047,4.125,0,,
llama32_3b,hadamard_g256_m1,hadamard,256,1,1,7,1.9271981716156006,2047,4.125,0,,
llama32_3b,hadamard_g256_m1,hadamard,256,1,1,8,2.270500898361206,2047,4.125,0,,
llama32_3b,hadamard_g256_m1,hadamard,256,1,1,9,1.9896819591522217,2047,4.125,0,,
llama32_3b,hadamard_g256_m1,hadamard,256,1,1,10,1.9154677391052246,2047,4.125,0,,
llama32_3b,hadamard_g256_m1,hadamard,256,1,1,11,2.2672672271728516,2047,4.125,0,,
llama32_3b,hadamard_g256_m1,hadamard,256,1,1,12,2.1239404678344727,2047,4.125,0,,
llama32_3b,hadamard_g256_m1,hadamard,256,1,1,13,2.289064884185791,2047,4.125,0,,
llama32_3b,hadamard_g256_m1,hadamard,256,1,1,14,2.205951690673828,2047,4.125,0,,
llama32_3b,hadamard_g256_m1,hadamard,256,1,1,15,2.416189193725586,2047,4.125,0,,
llama32_3b,hadamard_g256_m1,hadamard,256,1,1,16,2.136474847793579,2047,4.125,0,,
llama32_3b,hadamard_g256_m1,hadamard,256,1,1,17,2.1567084789276123,2047,4.125,0,,
llama32_3b,hadamard_g256_m1,hadamard,256,1,1,18,1.958706259727478,2047,4.125,0,,
llama32_3b,hadamard_g256_m1,hadamard,256,1,1,19,2.1218414306640625,2047,4.125,0,,
llama32_3b,hadamard_g256_m1,hadamard,256,1,1,20,2.241995334625244,2047,4.125,0,,
llama32_3b,hadamard_g256_m1,hadamard,256,1,1,21,2.1677215099334717,2047,4.125,0,,
llama32_3b,hadamard_g256_m1,hadamard,256,1,1,22,2.2265894412994385,2047,4.125,0,,
llama32_3b,hadamard_g256_m1,hadamard,256,1,1,23,2.2614893913269043,2047,4.125,0,,
llama32_3b,hadamard_g256_m1,hadamard,256,1,1,24,2.2961201667785645,2047,4.125,0,,
llama32_3b,hadamard_g256_m1,hadamard,256,1,1,25,2.355088949203491,2047,4.125,0,,
llama32_3b,hadamard_g256_m1,hadamard,256,1,1,26,2.443618059158325,2047,4.125,0,,
llama32_3b,hadamard_g256_m1,hadamard,256,1,1,27,2.243626832962036,2047,4.125,0,,
llama32_3b,hadamard_g256_m1,hadamard,256,1,1,28,2.017246961593628,2047,4.125,0,,
llama32_3b,hadamard_g256_m1,hadamard,256,1,1,29,1.829982042312622,2047,4.125,0,,
llama32_3b,hadamard_g256_m1,hadamard,256,1,1,30,1.7131867408752441,2047,4.125,0,,
llama32_3b,hadamard_g256_m1,hadamard,256,1,1,31,1.7276660203933716,2047,4.125,0,,
llama32_3b,hadamard_g256_m1,hadamard,256,1,1,32,2.033348321914673,2047,4.125,0,,
llama32_3b,hadamard_g256_m1,hadamard,256,1,1,33,1.9919368028640747,2047,4.125,0,,
llama32_3b,hadamard_g256_m1,hadamard,256,1,1,34,2.1675541400909424,2047,4.125,0,,
llama32_3b,hadamard_g256_m1,hadamard,256,1,1,35,1.4971425533294678,2047,4.125,0,,
llama32_3b,hadamard_g256_m1,hadamard,256,1,1,36,1.4601742029190063,2047,4.125,0,,
llama32_3b,hadamard_g256_m1,hadamard,256,1,1,37,1.5014833211898804,2047,4.125,0,,
llama32_3b,hadamard_g256_m1,hadamard,256,1,1,38,1.4857745170593262,2047,4.125,0,,
llama32_3b,hadamard_g256_m1,hadamard,256,1,1,39,1.6878927946090698,2047,4.125,0,,
llama32_3b,hadamard_g256_m1,hadamard,256,1,1,40,2.280057668685913,2047,4.125,0,,
llama32_3b,hadamard_g256_m1,hadamard,256,1,1,41,2.7070181369781494,2047,4.125,0,,
llama32_3b,hadamard_g256_m1,hadamard,256,1,1,42,2.696504592895508,2047,4.125,0,,
llama32_3b,hadamard_g256_m1,hadamard,256,1,1,43,2.325376033782959,2047,4.125,0,,
llama32_3b,hadamard_g256_m1,hadamard,256,1,1,44,2.325876474380493,2047,4.125,0,,
llama32_3b,hadamard_g256_m1,hadamard,256,1,1,45,2.3016226291656494,2047,4.125,0,,
llama32_3b,hadamard_g256_m1,hadamard,256,1,1,46,2.3857369422912598,2047,4.125,0,,
llama32_3b,hadamard_g256_m1,hadamard,256,1,1,47,2.168149948120117,2047,4.125,0,,
llama32_3b,hadamard_g256_m1,hadamard,256,1,1,48,2.04937481880188,2047,4.125,0,,
llama32_3b,hadamard_g256_m1,hadamard,256,1,1,49,2.036616802215576,2047,4.125,0,,
llama32_3b,hadamard_g256_m1,hadamard,256,1,1,50,1.7657191753387451,2047,4.125,0,,
llama32_3b,hadamard_g256_m1,hadamard,256,1,1,51,1.8464385271072388,2047,4.125,0,,
llama32_3b,hadamard_g256_m1,hadamard,256,1,1,52,1.6827576160430908,2047,4.125,0,,
llama32_3b,hadamard_g256_m1,hadamard,256,1,1,53,1.9064185619354248,2047,4.125,0,,
llama32_3b,hadamard_g256_m1,hadamard,256,1,1,54,1.6459472179412842,2047,4.125,0,,
llama32_3b,hadamard_g256_m1,hadamard,256,1,1,55,1.6188312768936157,2047,4.125,0,,
llama32_3b,hadamard_g256_m1,hadamard,256,1,1,56,1.838416337966919,2047,4.125,0,,
llama32_3b,hadamard_g256_m1,hadamard,256,1,1,57,1.8107259273529053,2047,4.125,0,,
llama32_3b,hadamard_g256_m1,hadamard,256,1,1,58,2.1922478675842285,2047,4.125,0,,
llama32_3b,hadamard_g256_m1,hadamard,256,1,1,59,2.3720521926879883,2047,4.125,0,,
llama32_3b,hadamard_g256_m1,hadamard,256,1,1,60,2.3705670833587646,2047,4.125,0,,
llama32_3b,hadamard_g256_m1,hadamard,256,1,1,61,2.4846394062042236,2047,4.125,0,,
llama32_3b,hadamard_g256_m1,hadamard,256,1,1,62,1.5255764722824097,2047,4.125,0,,
llama32_3b,hadamard_g256_m1,hadamard,256,1,1,63,1.9099628925323486,2047,4.125,0,,
llama32_3b,hadamard_g256_m1,hadamard,256,1,2,0,1.8425648212432861,2047,4.125,0,,
llama32_3b,hadamard_g256_m1,hadamard,256,1,2,1,2.4405412673950195,2047,4.125,0,,
llama32_3b,hadamard_g256_m1,hadamard,256,1,2,2,2.5099263191223145,2047,4.125,0,,
llama32_3b,hadamard_g256_m1,hadamard,256,1,2,3,2.0219919681549072,2047,4.125,0,,
llama32_3b,hadamard_g256_m1,hadamard,256,1,2,4,1.937658429145813,2047,4.125,0,,
llama32_3b,hadamard_g256_m1,hadamard,256,1,2,5,1.557395339012146,2047,4.125,0,,
llama32_3b,hadamard_g256_m1,hadamard,256,1,2,6,1.6796672344207764,2047,4.125,0,,
llama32_3b,hadamard_g256_m1,hadamard,256,1,2,7,1.9248239994049072,2047,4.125,0,,
llama32_3b,hadamard_g256_m1,hadamard,256,1,2,8,2.265519380569458,2047,4.125,0,,
llama32_3b,hadamard_g256_m1,hadamard,256,1,2,9,1.9807168245315552,2047,4.125,0,,
llama32_3b,hadamard_g256_m1,hadamard,256,1,2,10,1.9109524488449097,2047,4.125,0,,
llama32_3b,hadamard_g256_m1,hadamard,256,1,2,11,2.2724876403808594,2047,4.125,0,,
llama32_3b,hadamard_g256_m1,hadamard,256,1,2,12,2.124562978744507,2047,4.125,0,,
llama32_3b,hadamard_g256_m1,hadamard,256,1,2,13,2.288292646408081,2047,4.125,0,,
llama32_3b,hadamard_g256_m1,hadamard,256,1,2,14,2.1987621784210205,2047,4.125,0,,
llama32_3b,hadamard_g256_m1,hadamard,256,1,2,15,2.424116849899292,2047,4.125,0,,
llama32_3b,hadamard_g256_m1,hadamard,256,1,2,16,2.1331546306610107,2047,4.125,0,,
llama32_3b,hadamard_g256_m1,hadamard,256,1,2,17,2.1729612350463867,2047,4.125,0,,
llama32_3b,hadamard_g256_m1,hadamard,256,1,2,18,1.9709796905517578,2047,4.125,0,,
llama32_3b,hadamard_g256_m1,hadamard,256,1,2,19,2.125796318054199,2047,4.125,0,,
llama32_3b,hadamard_g256_m1,hadamard,256,1,2,20,2.2379260063171387,2047,4.125,0,,
llama32_3b,hadamard_g256_m1,hadamard,256,1,2,21,2.165989875793457,2047,4.125,0,,
llama32_3b,hadamard_g256_m1,hadamard,256,1,2,22,2.218769073486328,2047,4.125,0,,
llama32_3b,hadamard_g256_m1,hadamard,256,1,2,23,2.248440980911255,2047,4.125,0,,
llama32_3b,hadamard_g256_m1,hadamard,256,1,2,24,2.2974741458892822,2047,4.125,0,,
llama32_3b,hadamard_g256_m1,hadamard,256,1,2,25,2.339125633239746,2047,4.125,0,,
llama32_3b,hadamard_g256_m1,hadamard,256,1,2,26,2.443974494934082,2047,4.125,0,,
llama32_3b,hadamard_g256_m1,hadamard,256,1,2,27,2.2369298934936523,2047,4.125,0,,
llama32_3b,hadamard_g256_m1,hadamard,256,1,2,28,2.017200231552124,2047,4.125,0,,
llama32_3b,hadamard_g256_m1,hadamard,256,1,2,29,1.8205522298812866,2047,4.125,0,,
llama32_3b,hadamard_g256_m1,hadamard,256,1,2,30,1.7085157632827759,2047,4.125,0,,
llama32_3b,hadamard_g256_m1,hadamard,256,1,2,31,1.734774112701416,2047,4.125,0,,
llama32_3b,hadamard_g256_m1,hadamard,256,1,2,32,2.0308802127838135,2047,4.125,0,,
llama32_3b,hadamard_g256_m1,hadamard,256,1,2,33,1.9899507761001587,2047,4.125,0,,
llama32_3b,hadamard_g256_m1,hadamard,256,1,2,34,2.1676342487335205,2047,4.125,0,,
llama32_3b,hadamard_g256_m1,hadamard,256,1,2,35,1.4863998889923096,2047,4.125,0,,
llama32_3b,hadamard_g256_m1,hadamard,256,1,2,36,1.450323224067688,2047,4.125,0,,
llama32_3b,hadamard_g256_m1,hadamard,256,1,2,37,1.4995346069335938,2047,4.125,0,,
llama32_3b,hadamard_g256_m1,hadamard,256,1,2,38,1.4786322116851807,2047,4.125,0,,
llama32_3b,hadamard_g256_m1,hadamard,256,1,2,39,1.6781103610992432,2047,4.125,0,,
llama32_3b,hadamard_g256_m1,hadamard,256,1,2,40,2.2916066646575928,2047,4.125,0,,
llama32_3b,hadamard_g256_m1,hadamard,256,1,2,41,2.7064568996429443,2047,4.125,0,,
llama32_3b,hadamard_g256_m1,hadamard,256,1,2,42,2.6926395893096924,2047,4.125,0,,
llama32_3b,hadamard_g256_m1,hadamard,256,1,2,43,2.3301196098327637,2047,4.125,0,,
llama32_3b,hadamard_g256_m1,hadamard,256,1,2,44,2.327739715576172,2047,4.125,0,,
llama32_3b,hadamard_g256_m1,hadamard,256,1,2,45,2.289330244064331,2047,4.125,0,,
llama32_3b,hadamard_g256_m1,hadamard,256,1,2,46,2.381099224090576,2047,4.125,0,,
llama32_3b,hadamard_g256_m1,hadamard,256,1,2,47,2.1711039543151855,2047,4.125,0,,
llama32_3b,hadamard_g256_m1,hadamard,256,1,2,48,2.0422656536102295,2047,4.125,0,,
llama32_3b,hadamard_g256_m1,hadamard,256,1,2,49,2.0346741676330566,2047,4.125,0,,
llama32_3b,hadamard_g256_m1,hadamard,256,1,2,50,1.7786729335784912,2047,4.125,0,,
llama32_3b,hadamard_g256_m1,hadamard,256,1,2,51,1.8521599769592285,2047,4.125,0,,
llama32_3b,hadamard_g256_m1,hadamard,256,1,2,52,1.6854851245880127,2047,4.125,0,,
llama32_3b,hadamard_g256_m1,hadamard,256,1,2,53,1.914211392402649,2047,4.125,0,,
llama32_3b,hadamard_g256_m1,hadamard,256,1,2,54,1.641259789466858,2047,4.125,0,,
llama32_3b,hadamard_g256_m1,hadamard,256,1,2,55,1.616139531135559,2047,4.125,0,,
llama32_3b,hadamard_g256_m1,hadamard,256,1,2,56,1.8363004922866821,2047,4.125,0,,
llama32_3b,hadamard_g256_m1,hadamard,256,1,2,57,1.8067419528961182,2047,4.125,0,,
llama32_3b,hadamard_g256_m1,hadamard,256,1,2,58,2.197317361831665,2047,4.125,0,,
llama32_3b,hadamard_g256_m1,hadamard,256,1,2,59,2.355766773223877,2047,4.125,0,,
llama32_3b,hadamard_g256_m1,hadamard,256,1,2,60,2.366391658782959,2047,4.125,0,,
llama32_3b,hadamard_g256_m1,hadamard,256,1,2,61,2.4756832122802734,2047,4.125,0,,
llama32_3b,hadamard_g256_m1,hadamard,256,1,2,62,1.524556279182434,2047,4.125,0,,
llama32_3b,hadamard_g256_m1,hadamard,256,1,2,63,1.9221020936965942,2047,4.125,0,,
llama32_3b,hadamard_g256_m2,hadamard,256,2,0,0,1.8452606201171875,2047,4.1875,0,,
llama32_3b,hadamard_g256_m2,hadamard,256,2,0,1,2.442692995071411,2047,4.1875,0,,
llama32_3b,hadamard_g256_m2,hadamard,256,2,0,2,2.5148444175720215,2047,4.1875,0,,
llama32_3b,hadamard_g256_m2,hadamard,256,2,0,3,2.0316522121429443,2047,4.1875,0,,
llama32_3b,hadamard_g256_m2,hadamard,256,2,0,4,1.9390788078308105,2047,4.1875,0,,
llama32_3b,hadamard_g256_m2,hadamard,256,2,0,5,1.5737583637237549,2047,4.1875,0,,
llama32_3b,hadamard_g256_m2,hadamard,256,2,0,6,1.6763410568237305,2047,4.1875,0,,
llama32_3b,hadamard_g256_m2,hadamard,256,2,0,7,1.9331820011138916,2047,4.1875,0,,
llama32_3b,hadamard_g256_m2,hadamard,256,2,0,8,2.266810894012451,2047,4.1875,0,,
llama32_3b,hadamard_g256_m2,hadamard,256,2,0,9,1.9786267280578613,2047,4.1875,0,,
llama32_3b,hadamard_g256_m2,hadamard,256,2,0,10,1.9239479303359985,2047,4.1875,0,,
llama32_3b,hadamard_g256_m2,hadamard,256,2,0,11,2.2636771202087402,2047,4.1875,0,,
llama32_3b,hadamard_g256_m2,hadamard,256,2,0,12,2.126044273376465,2047,4.1875,0,,
llama32_3b,hadamard_g256_m2,hadamard,256,2,0,13,2.289872169494629,2047,4.1875,0,,
llama32_3b,hadamard_g256_m2,hadamard,256,2,0,14,2.2042953968048096,2047,4.1875,0,,
llama32_3b,hadamard_g256_m2,hadamard,256,2,0,15,2.4085936546325684,2047,4.1875,0,,
llama32_3b,hadamard_g256_m2,hadamard,256,2,0,16,2.1404523849487305,2047,4.1875,0,,
llama32_3b,hadamard_g256_m2,hadamard,256,2,0,17,2.1505632400512695,2047,4.1875,0,,
llama32_3b,hadamard_g256_m2,hadamard,256,2,0,18,1.9625236988067627,2047,4.1875,0,,
llama32_3b,hadamard_g256_m2,hadamard,256,2,0,19,2.1244332790374756,2047,4.1875,0,,
llama32_3b,hadamard_g256_m2,hadamard,256,2,0,20,2.2392139434814453,2047,4.1875,0,,
llama32_3b,hadamard_g256_m2,hadamard,256,2,0,21,2.1584107875823975,2047,4.1875,0,,
llama32_3b,hadamard_g256_m2,hadamard,256,2,0,22,2.2290947437286377,2047,4.1875,0,,
llama32_3b,hadamard_g256_m2,hadamard,256,2,0,23,2.261461019515991,2047,4.1875,0,,
llama32_3b,hadamard_g256_m2,hadamard,256,2,0,24,2.2917063236236572,2047,4.1875,0,,
llama32_3b,hadamard_g256_m2,hadamard,256,2,0,25,2.3450357913970947,2047,4.1875,0,,
llama32_3b,hadamard_g256_m2,hadamard,256,2,0,26,2.4345407485961914,2047,4.1875,0,,
llama32_3b,hadamard_g256_m2,hadamard,256,2,0,27,2.226884603500366,2047,4.1875,0,,
llama32_3b,hadamard_g256_m2,hadamard,256,2,0,28,2.0059866905212402,2047,4.1875,0,,
llama32_3b,hadamard_g256_m2,hadamard,256,2,0,29,1.8305339813232422,2047,4.1875,0,,
llama32_3b,hadamard_g256_m2,hadamard,256,2,0,30,1.714398741722107,2047,4.1875,0,,
llama32_3b,hadamard_g256_m2,hadamard,256,2,0,31,1.7372708320617676,2047,4.1875,0,,
llama32_3b,hadamard_g256_m2,hadamard,256,2,0,32,2.0329556465148926,2047,4.1875,0,,
llama32_3b,hadamard_g256_m2,hadamard,256,2,0,33,1.9907870292663574,2047,4.1875,0,,
llama32_3b,hadamard_g256_m2,hadamard,256,2,0,34,2.174955368041992,2047,4.1875,0,,
llama32_3b,hadamard_g256_m2,hadamard,256,2,0,35,1.484845757484436,2047,4.1875,0,,
llama32_3b,hadamard_g256_m2,hadamard,256,2,0,36,1.4645768404006958,2047,4.1875,0,,
llama32_3b,hadamard_g256_m2,hadamard,256,2,0,37,1.5068615674972534,2047,4.1875,0,,
llama32_3b,hadamard_g256_m2,hadamard,256,2,0,38,1.4962304830551147,2047,4.1875,0,,
llama32_3b,hadamard_g256_m2,hadamard,256,2,0,39,1.676500678062439,2047,4.1875,0,,
llama32_3b,hadamard_g256_m2,hadamard,256,2,0,40,2.288695812225342,2047,4.1875,0,,
llama32_3b,hadamard_g256_m2,hadamard,256,2,0,41,2.7043447494506836,2047,4.1875,0,,
llama32_3b,hadamard_g256_m2,hadamard,256,2,0,42,2.707733392715454,2047,4.1875,0,,
llama32_3b,hadamard_g256_m2,hadamard,256,2,0,43,2.330355644226074,2047,4.1875,0,,
llama32_3b,hadamard_g256_m2,hadamard,256,2,0,44,2.3228375911712646,2047,4.1875,0,,
llama32_3b,hadamard_g256_m2,hadamard,256,2,0,45,2.289851665496826,2047,4.1875,0,,
llama32_3b,hadamard_g256_m2,hadamard,256,2,0,46,2.387831687927246,2047,4.1875,0,,
llama32_3b,hadamard_g256_m2,hadamard,256,2,0,47,2.1661486625671387,2047,4.1875,0,,
llama32_3b,hadamard_g256_m2,hadamard,256,2,0,48,2.0559298992156982,2047,4.1875,0,,
llama32_3b,hadamard_g256_m2,hadamard,256,2,0,49,2.037993907928467,2047,4.1875,0,,
llama32_3b,hadamard_g256_m2,hadamard,256,2,0,50,1.768387794494629,2047,4.1875,0,,
llama32_3b,hadamard_g256_m2,hadamard,256,2,0,51,1.8521466255187988,2047,4.1875,0,,
llama32_3b,hadamard_g256_m2,hadamard,256,2,0,52,1.6997002363204956,2047,4.1875,0,,
llama32_3b,hadamard_g256_m2,hadamard,256,2,0,53,1.9199044704437256,2047,4.1875,0,,
llama32_3b,hadamard_g256_m2,hadamard,256,2,0,54,1.6397258043289185,2047,4.1875,0,,
llama32_3b,hadamard_g256_m2,hadamard,256,2,0,55,1.6170856952667236,2047,4.1875,0,,
llama32_3b,hadamard_g256_m2,hadamard,256,2,0,56,1.8549959659576416,2047,4.1875,0,,
llama32_3b,hadamard_g256_m2,hadamard,256,2,0,57,1.827992558479309,2047,4.1875,0,,
llama32_3b,hadamard_g256_m2,hadamard,256,2,0,58,2.1842570304870605,2047,4.1875,0,,
llama32_3b,hadamard_g256_m2,hadamard,256,2,0,59,2.368795871734619,2047,4.1875,0,,
llama32_3b,hadamard_g256_m2,hadamard,256,2,0,60,2.3558428287506104,2047,4.1875,0,,
llama32_3b,hadamard_g256_m2,hadamard,256,2,0,61,2.470203161239624,2047,4.1875,0,,
llama32_3b,hadamard_g256_m2,hadamard,256,2,0,62,1.517703890800476,2047,4.1875,0,,
llama32_3b,hadamard_g256_m2,hadamard,256,2,0,63,1.9105308055877686,2047,4.1875,0,,
llama32_3b,hadamard_g256_m2,hadamard,256,2,1,0,1.8491333723068237,2047,4.1875,0,,
llama32_3b,hadamard_g256_m2,hadamard,256,2,1,1,2.440608501434326,2047,4.1875,0,,
llama32_3b,hadamard_g256_m2,hadamard,256,2,1,2,2.516688346862793,2047,4.1875,0,,
llama32_3b,hadamard_g256_m2,hadamard,256,2,1,3,2.0318682193756104,2047,4.1875,0,,
llama32_3b,hadamard_g256_m2,hadamard,256,2,1,4,1.9604535102844238,2047,4.1875,0,,
llama32_3b,hadamard_g256_m2,hadamard,256,2,1,5,1.5642768144607544,2047,4.1875,0,,
llama32_3b,hadamard_g256_m2,hadamard,256,2,1,6,1.6754359006881714,2047,4.1875,0,,
llama32_3b,hadamard_g256_m2,hadamard,256,2,1,7,1.930986762046814,2047,4.1875,0,,
llama32_3b,hadamard_g256_m2,hadamard,256,2,1,8,2.2673099040985107,2047,4.1875,0,,
llama32_3b,hadamard_g256_m2,hadamard,256,2,1,9,1.984445333480835,2047,4.1875,0,,
llama32_3b,hadamard_g256_m2,hadamard,256,2,1,10,1.913118839263916,2047,4.1875,0,,
llama32_3b,hadamard_g256_m2,hadamard,256,2,1,11,2.276757001876831,2047,4.1875,0,,
llama32_3b,hadamard_g256_m2,hadamard,256,2,1,12,2.1374356746673584,2047,4.1875,0,,
llama32_3b,hadamard_g256_m2,hadamard,256,2,1,13,2.2810535430908203,2047,4.1875,0,,
llama32_3b,hadamard_g256_m2,hadamard,256,2,1,14,2.2192814350128174,2047,4.1875,0,,
llama32_3b,hadamard_g256_m2,hadamard,256,2,1,15,2.4169046878814697,2047,4.1875,0,,
llama32_3b,hadamard_g256_m2,hadamard,256,2,1,16,2.1507256031036377,2047,4.1875,0,,
llama32_3b,hadamard_g256_m2,hadamard,256,2,1,17,2.154757022857666,2047,4.1875,0,,
llama32_3b,hadamard_g256_m2,hadamard,256,2,1,18,1.9671151638031006,2047,4.1875,0,,
llama32_3b,hadamard_g256_m2,hadamard,256,2,1,19,2.123572587966919,2047,4.1875,0,,
llama32_3b,hadamard_g256_m2,hadamard,256,2,1,20,2.2427213191986084,2047,4.1875,0,,
llama32_3b,hadamard_g256_m2,hadamard,256,2,1,21,2.1666085720062256,2047,4.1875,0,,
llama32_3b,hadamard_g256_m2,hadamard,256,2,1,22,2.219804286956787,2047,4.1875,0,,
llama32_3b,hadamard_g256_m2,hadamard,256,2,1,23,2.2654647827148438,2047,4.1875,0,,
llama32_3b,hadamard_g256_m2,hadamard,256,2,1,24,2.2934069633483887,2047,4.1875,0,,
llama32_3b,hadamard_g256_m2,hadamard,256,2,1,25,2.356740713119507,2047,4.1875,0,,
llama32_3b,hadamard_g256_m2,hadamard,256,2,1,26,2.44264817237854,2047,4.1875,0,,
llama32_3b,hadamard_g256_m2,hadamard,256,2,1,27,2.2456657886505127,2047,4.1875,0,,
llama32_3b,hadamard_g256_m2,hadamard,256,2,1,28,2.0096428394317627,2047,4.1875,0,,
llama32_3b,hadamard_g256_m2,hadamard,256,2,1,29,1.8246829509735107,2047,4.1875,0,,
llama32_3b,hadamard_g256_m2,hadamard,256,2,1,30,1.722021222114563,2047,4.1875,0,,
llama32_3b,hadamard_g256_m2,hadamard,256,2,1,31,1.7398271560668945,2047,4.1875,0,,
llama32_3b,hadamard_g256_m2,hadamard,256,2,1,32,2.0216317176818848,2047,4.1875,0,,
llama32_3b,hadamard_g256_m2,hadamard,256,2,1,33,1.9886078834533691,2047,4.1875,0,,
llama32_3b,hadamard_g256_m2,hadamard,256,2,1,34,2.169968605041504,2047,4.1875,0,,
llama32_3b,hadamard_g256_m2,hadamard,256,2,1,35,1.491504192352295,2047,4.1875,0,,
llama32_3b,hadamard_g256_m2,hadamard,256,2,1,36,1.4580812454223633,2047,4.1875,0,,
llama32_3b,hadamard_g256_m2,hadamard,256,2,1,37,1.500457763671875,2047,4.1875,0,,
llama32_3b,hadamard_g256_m2,hadamard,256,2,1,38,1.4890018701553345,2047,4.1875,0,,
llama32_3b,hadamard_g256_m2,hadamard,256,2,1,39,1.6924641132354736,2047,4.1875,0,,
llama32_3b,hadamard_g256_m2,hadamard,256,2,1,40,2.2897489070892334,2047,4.1875,0,,
llama32_3b,hadamard_g256_m2,hadamard,256,2,1,41,2.6996910572052,2047,4.1875,0,,
llama32_3b,hadamard_g256_m2,hadamard,256,2,1,42,2.705364465713501,2047,4.1875,0,,
llama32_3b,hadamard_g256_m2,hadamard,256,2,1,43,2.3208444118499756,2047,4.1875,0,,
llama32_3b,hadamard_g256_m2,hadamard,256,2,1,44,2.312925100326538,2047,4.1875,0,,
llama32_3b,hadamard_g256_m2,hadamard,256,2,1,45,2.294459342956543,2047,4.1875,0,,
llama32_3b,hadamard_g256_m2,hadamard,256,2,1,46,2.3827502727508545,2047,4.1875,0,,
llama32_3b,hadamard_g256_m2,hadamard,256,2,1,47,2.176121950149536,2047,4.1875,0,,
llama32_3b,hadamard_g256_m2,hadamard,256,2,1,48,2.0491902828216553,2047,4.1875,0,,
llama32_3b,hadamard_g256_m2,hadamard,256,2,1,49,2.0410969257354736,2047,4.1875,0,,
llama32_3b,hadamard_g256_m2,hadamard,256,2,1,50,1.7704684734344482,2047,4.1875,0,,
llama32_3b,hadamard_g256_m2,hadamard,256,2,1,51,1.8491315841674805,2047,4.1875,0,,
llama32_3b,hadamard_g256_m2,hadamard,256,2,1,52,1.687300205230713,2047,4.1875,0,,
llama32_3b,hadamard_g256_m2,hadamard,256,2,1,53,1.9105218648910522,2047,4.1875,0,,
llama32_3b,hadamard_g256_m2,hadamard,256,2,1,54,1.6403695344924927,2047,4.1875,0,,
llama32_3b,hadamard_g256_m2,hadamard,256,2,1,55,1.61831533908844,2047,4.1875,0,,
llama32_3b,hadamard_g256_m2,hadamard,256,2,1,56,1.843493103981018,2047,4.1875,0,,
llama32_3b,hadamard_g256_m2,hadamard,256,2,1,57,1.8120149374008179,2047,4.1875,0,,
llama32_3b,hadamard_g256_m2,hadamard,256,2,1,58,2.1908438205718994,2047,4.1875,0,,
llama32_3b,hadamard_g256_m2,hadamard,256,2,1,59,2.367156505584717,2047,4.1875,0,,
llama32_3b,hadamard_g256_m2,hadamard,256,2,1,60,2.3700568675994873,2047,4.1875,0,,
llama32_3b,hadamard_g256_m2,hadamard,256,2,1,61,2.4729726314544678,2047,4.1875,0,,
llama32_3b,hadamard_g256_m2,hadamard,256,2,1,62,1.5343307256698608,2047,4.1875,0,,
llama32_3b,hadamard_g256_m2,hadamard,256,2,1,63,1.9150046110153198,2047,4.1875,0,,
llama32_3b,hadamard_g256_m2,hadamard,256,2,2,0,1.839115023612976,2047,4.1875,0,,
llama32_3b,hadamard_g256_m2,hadamard,256,2,2,1,2.4363439083099365,2047,4.1875,0,,
llama32_3b,hadamard_g256_m2,hadamard,256,2,2,2,2.5172677040100098,2047,4.1875,0,,
llama32_3b,hadamard_g256_m2,hadamard,256,2,2,3,2.0230772495269775,2047,4.1875,0,,
llama32_3b,hadamard_g256_m2,hadamard,256,2,2,4,1.9375320672988892,2047,4.1875,0,,
llama32_3b,hadamard_g256_m2,hadamard,256,2,2,5,1.5602737665176392,2047,4.1875,0,,
llama32_3b,hadamard_g256_m2,hadamard,256,2,2,6,1.6777563095092773,2047,4.1875,0,,
llama32_3b,hadamard_g256_m2,hadamard,256,2,2,7,1.9277125597000122,2047,4.1875,0,,
llama32_3b,hadamard_g256_m2,hadamard,256,2,2,8,2.271336555480957,2047,4.1875,0,,
llama32_3b,hadamard_g256_m2,hadamard,256,2,2,9,1.9855115413665771,2047,4.1875,0,,
llama32_3b,hadamard_g256_m2,hadamard,256,2,2,10,1.9055794477462769,2047,4.1875,0,,
llama32_3b,hadamard_g256_m2,hadamard,256,2,2,11,2.2763452529907227,2047,4.1875,0,,
llama32_3b,hadamard_g256_m2,hadamard,256,2,2,12,2.130221366882324,2047,4.1875,0,,
llama32_3b,hadamard_g256_m2,hadamard,256,2,2,13,2.279212474822998,2047,4.1875,0,,
llama32_3b,hadamard_g256_m2,hadamard,256,2,2,14,2.2104594707489014,2047,4.1875,0,,
llama32_3b,hadamard_g256_m2,hadamard,256,2,2,15,2.410041093826294,2047,4.1875,0,,
llama32_3b,hadamard_g256_m2,hadamard,256,2,2,16,2.139995813369751,2047,4.1875,0,,
llama32_3b,hadamard_g256_m2,hadamard,256,2,2,17,2.1510636806488037,2047,4.1875,0,,
llama32_3b,hadamard_g256_m2,hadamard,256,2,2,18,1.9689103364944458,2047,4.1875,0,,
llama32_3b,hadamard_g256_m2,hadamard,256,2,2,19,2.122973918914795,2047,4.1875,0,,
llama32_3b,hadamard_g256_m2,hadamard,256,2,2,20,2.2449707984924316,2047,4.1875,0,,
llama32_3b,hadamard_g256_m2,hadamard,256,2,2,21,2.1662323474884033,2047,4.1875,0,,
llama32_3b,hadamard_g256_m2,hadamard,256,2,2,22,2.2213213443756104,2047,4.1875,0,,
llama32_3b,hadamard_g256_m2,hadamard,256,2,2,23,2.2623579502105713,2047,4.1875,0,,
llama32_3b,hadamard_g256_m2,hadamard,256,2,2,24,2.290990114212036,2047,4.1875,0,,
llama32_3b,hadamard_g256_m2,hadamard,256,2,2,25,2.3425421714782715,2047,4.1875,0,,
llama32_3b,hadamard_g256_m2,hadamard,256,2,2,26,2.4277634620666504,2047,4.1875,0,,
llama32_3b,hadamard_g256_m2,hadamard,256,2,2,27,2.2444000244140625,2047,4.1875,0,,
llama32_3b,hadamard_g256_m2,hadamard,256,2,2,28,2.017359733581543,2047,4.1875,0,,
llama32_3b,hadamard_g256_m2,hadamard,256,2,2,29,1.8229767084121704,2047,4.1875,0,,
llama32_3b,hadamard_g256_m2,hadamard,256,2,2,30,1.7148497104644775,2047,4.1875,0,,
llama32_3b,hadamard_g256_m2,hadamard,256,2,2,31,1.7390128374099731,2047,4.1875,0,,
llama32_3b,hadamard_g256_m2,hadamard,256,2,2,32,2.0416419506073,2047,4.1875,0,,
llama32_3b,hadamard_g256_m2,hadamard,256,2,2,33,1.9950954914093018,2047,4.1875,0,,
llama32_3b,hadamard_g256_m2,hadamard,256,2,2,34,2.170422315597534,2047,4.1875,0,,
llama32_3b,hadamard_g256_m2,hadamard,256,2,2,35,1.4839041233062744,2047,4.1875,0,,
llama32_3b,hadamard_g256_m2,hadamard,256,2,2,36,1.4435925483703613,2047,4.1875,0,,
llama32_3b,hadamard_g256_m2,hadamard,256,2,2,37,1.4924157857894897,2047,4.1875,0,,
llama32_3b,hadamard_g256_m2,hadamard,256,2,2,38,1.487613558769226,2047,4.1875,0,,
llama32_3b,hadamard_g256_m2,hadamard,256,2,2,39,1.6709892749786377,2047,4.1875,0,,
llama32_3b,hadamard_g256_m2,hadamard,256,2,2,40,2.2837932109832764,2047,4.1875,0,,
llama32_3b,hadamard_g256_m2,hadamard,256,2,2,41,2.6996679306030273,2047,4.1875,0,,
llama32_3b,hadamard_g256_m2,hadamard,256,2,2,42,2.6955456733703613,2047,4.1875,0,,
llama32_3b,hadamard_g256_m2,hadamard,256,2,2,43,2.322657346725464,2047,4.1875,0,,
llama32_3b,hadamard_g256_m2,hadamard,256,2,2,44,2.3221681118011475,2047,4.1875,0,,
llama32_3b,hadamard_g256_m2,hadamard,256,2,2,45,2.2904555797576904,2047,4.1875,0,,
llama32_3b,hadamard_g256_m2,hadamard,256,2,2,46,2.3851613998413086,2047,4.1875,0,,
llama32_3b,hadamard_g256_m2,hadamard,256,2,2,47,2.1786513328552246,2047,4.1875,0,,
llama32_3b,hadamard_g256_m2,hadamard,256,2,2,48,2.0556840896606445,2047,4.1875,0,,
llama32_3b,hadamard_g256_m2,hadamard,256,2,2,49,2.0499107837677,2047,4.1875,0,,
llama32_3b,hadamard_g256_m2,hadamard,256,2,2,50,1.7664177417755127,2047,4.1875,0,,
llama32_3b,hadamard_g256_m2,hadamard,256,2,2,51,1.8592166900634766,2047,4.1875,0,,
llama32_3b,hadamard_g256_m2,hadamard,256,2,2,52,1.6849620342254639,2047,4.1875,0,,
llama32_3b,hadamard_g256_m2,hadamard,256,2,2,53,1.9139204025268555,2047,4.1875,0,,
llama32_3b,hadamard_g256_m2,hadamard,256,2,2,54,1.6428085565567017,2047,4.1875,0,,
llama32_3b,hadamard_g256_m2,hadamard,256,2,2,55,1.6169353723526,2047,4.1875,0,,
llama32_3b,hadamard_g256_m2,hadamard,256,2,2,56,1.850985050201416,2047,4.1875,0,,
llama32_3b,hadamard_g256_m2,hadamard,256,2,2,57,1.8171576261520386,2047,4.1875,0,,
llama32_3b,hadamard_g256_m2,hadamard,256,2,2,58,2.1967480182647705,2047,4.1875,0,,
llama32_3b,hadamard_g256_m2,hadamard,256,2,2,59,2.367097854614258,2047,4.1875,0,,
llama32_3b,hadamard_g256_m2,hadamard,256,2,2,60,2.368746280670166,2047,4.1875,0,,
llama32_3b,hadamard_g256_m2,hadamard,256,2,2,61,2.47946834564209,2047,4.1875,0,,
llama32_3b,hadamard_g256_m2,hadamard,256,2,2,62,1.5213061571121216,2047,4.1875,0,,
llama32_3b,hadamard_g256_m2,hadamard,256,2,2,63,1.9204204082489014,2047,4.1875,0,,
llama32_3b,hadamard_g256_m3,hadamard,256,3,0,0,1.8410159349441528,2047,4.25,0,,
llama32_3b,hadamard_g256_m3,hadamard,256,3,0,1,2.4403159618377686,2047,4.25,0,,
llama32_3b,hadamard_g256_m3,hadamard,256,3,0,2,2.5101094245910645,2047,4.25,0,,
llama32_3b,hadamard_g256_m3,hadamard,256,3,0,3,2.0265440940856934,2047,4.25,0,,
llama32_3b,hadamard_g256_m3,hadamard,256,3,0,4,1.9414546489715576,2047,4.25,0,,
llama32_3b,hadamard_g256_m3,hadamard,256,3,0,5,1.5641664266586304,2047,4.25,0,,
llama32_3b,hadamard_g256_m3,hadamard,256,3,0,6,1.6745434999465942,2047,4.25,0,,
llama32_3b,hadamard_g256_m3,hadamard,256,3,0,7,1.9359809160232544,2047,4.25,0,,
llama32_3b,hadamard_g256_m3,hadamard,256,3,0,8,2.256930351257324,2047,4.25,0,,
llama32_3b,hadamard_g256_m3,hadamard,256,3,0,9,1.9825379848480225,2047,4.25,0,,
llama32_3b,hadamard_g256_m3,hadamard,256,3,0,10,1.911237359046936,2047,4.25,0,,
llama32_3b,hadamard_g256_m3,hadamard,256,3,0,11,2.2678768634796143,2047,4.25,0,,
llama32_3b,hadamard_g256_m3,hadamard,256,3,0,12,2.121182441711426,2047,4.25,0,,
llama32_3b,hadamard_g256_m3,hadamard,256,3,0,13,2.2753794193267822,2047,4.25,0,,
llama32_3b,hadamard_g256_m3,hadamard,256,3,0,14,2.2020883560180664,2047,4.25,0,,
llama32_3b,hadamard_g256_m3,hadamard,256,3,0,15,2.424553155899048,2047,4.25,0,,
llama32_3b,hadamard_g256_m3,hadamard,256,3,0,16,2.140279769897461,2047,4.25,0,,
llama32_3b,hadamard_g256_m3,hadamard,256,3,0,17,2.1455869674682617,2047,4.25,0,,
llama32_3b,hadamard_g256_m3,hadamard,256,3,0,18,1.9719535112380981,2047,4.25,0,,
llama32_3b,hadamard_g256_m3,hadamard,256,3,0,19,2.1252553462982178,2047,4.25,0,,
llama32_3b,hadamard_g256_m3,hadamard,256,3,0,20,2.2445948123931885,2047,4.25,0,,
llama32_3b,hadamard_g256_m3,hadamard,256,3,0,21,2.1665685176849365,2047,4.25,0,,
llama32_3b,hadamard_g256_m3,hadamard,256,3,0,22,2.2219409942626953,2047,4.25,0,,
llama32_3b,hadamard_g256_m3,hadamard,256,3,0,23,2.2573297023773193,2047,4.25,0,,
llama32_3b,hadamard_g256_m3,hadamard,256,3,0,24,2.303831100463867,2047,4.25,0,,
llama32_3b,hadamard_g256_m3,hadamard,256,3,0,25,2.354189157485962,2047,4.25,0,,
llama32_3b,hadamard_g256_m3,hadamard,256,3,0,26,2.439887762069702,2047,4.25,0,,
llama32_3b,hadamard_g256_m3,hadamard,256,3,0,27,2.23903226852417,2047,4.25,0,,
llama32_3b,hadamard_g256_m3,hadamard,256,3,0,28,2.0071187019348145,2047,4.25,0,,
llama32_3b,hadamard_g256_m3,hadamard,256,3,0,29,1.8279950618743896,2047,4.25,0,,
llama32_3b,hadamard_g256_m3,hadamard,256,3,0,30,1.7035577297210693,2047,4.25,0,,
llama32_3b,hadamard_g256_m3,hadamard,256,3,0,31,1.731501579284668,2047,4.25,0,,
llama32_3b,hadamard_g256_m3,hadamard,256,3,0,32,2.038691520690918,2047,4.25,0,,
llama32_3b,hadamard_g256_m3,hadamard,256,3,0,33,1.985778570175171,2047,4.25,0,,
llama32_3b,hadamard_g256_m3,hadamard,256,3,0,34,2.1675078868865967,2047,4.25,0,,
llama32_3b,hadamard_g256_m3,hadamard,256,3,0,35,1.492529273033142,2047,4.25,0,,
llama32_3b,hadamard_g256_m3,hadamard,256,3,0,36,1.4598639011383057,2047,4.25,0,,
llama32_3b,hadamard_g256_m3,hadamard,256,3,0,37,1.484464168548584,2047,4.25,0,,
llama32_3b,hadamard_g256_m3,hadamard,256,3,0,38,1.4885491132736206,2047,4.25,0,,
llama32_3b,hadamard_g256_m3,hadamard,256,3,0,39,1.6859865188598633,2047,4.25,0,,
llama32_3b,hadamard_g256_m3,hadamard,256,3,0,40,2.2804384231567383,2047,4.25,0,,
llama32_3b,hadamard_g256_m3,hadamard,256,3,0,41,2.707973003387451,2047,4.25,0,,
llama32_3b,hadamard_g256_m3,hadamard,256,3,0,42,2.699958324432373,2047,4.25,0,,
llama32_3b,hadamard_g256_m3,hadamard,256,3,0,43,2.321765899658203,2047,4.25,0,,
llama32_3b,hadamard_g256_m3,hadamard,256,3,0,44,2.325636625289917,2047,4.25,0,,
llama32_3b,hadamard_g256_m3,hadamard,256,3,0,45,2.293699026107788,2047,4.25,0,,
llama32_3b,hadamard_g256_m3,hadamard,256,3,0,46,2.3826584815979004,2047,4.25,0,,
llama32_3b,hadamard_g256_m3,hadamard,256,3,0,47,2.1681418418884277,2047,4.25,0,,
llama32_3b,hadamard_g256_m3,hadamard,256,3,0,48,2.0461313724517822,2047,4.25,0,,
llama32_3b,hadamard_g256_m3,hadamard,256,3,0,49,2.0343379974365234,2047,4.25,0,,
llama32_3b,hadamard_g256_m3,hadamard,256,3,0,50,1.776341438293457,2047,4.25,0,,
llama32_3b,hadamard_g256_m3,hadamard,256,3,0,51,1.8523718118667603,2047,4.25,0,,
llama32_3b,hadamard_g256_m3,hadamard,256,3,0,52,1.7006638050079346,2047,4.25,0,,
llama32_3b,hadamard_g256_m3,hadamard,256,3,0,53,1.912621259689331,2047,4.25,0,,
llama32_3b,hadamard_g256_m3,hadamard,256,3,0,54,1.6419599056243896,2047,4.25,0,,
llama32_3b,hadamard_g256_m3,hadamard,256,3,0,55,1.6126550436019897,2047,4.25,0,,
llama32_3b,hadamard_g256_m3,hadamard,256,3,0,56,1.8638211488723755,2047,4.25,0,,
llama32_3b,hadamard_g256_m3,hadamard,256,3,0,57,1.8181471824645996,2047,4.25,0,,
llama32_3b,hadamard_g256_m3,hadamard,256,3,0,58,2.1890599727630615,2047,4.25,0,,
llama32_3b,hadamard_g256_m3,hadamard,256,3,0,59,2.360067129135132,2047,4.25,0,,
llama32_3b,hadamard_g256_m3,hadamard,256,3,0,60,2.3655011653900146,2047,4.25,0,,
llama32_3b,hadamard_g256_m3,hadamard,256,3,0,61,2.4796786308288574,2047,4.25,0,,
llama32_3b,hadamard_g256_m3,hadamard,256,3,0,62,1.526749849319458,2047,4.25,0,,
llama32_3b,hadamard_g256_m3,hadamard,256,3,0,63,1.9196584224700928,2047,4.25,0,,
llama32_3b,hadamard_g256_m3,hadamard,256,3,1,0,1.8479198217391968,2047,4.25,0,,
llama32_3b,hadamard_g256_m3,hadamard,256,3,1,1,2.443260431289673,2047,4.25,0,,
llama32_3b,hadamard_g256_m3,hadamard,256,3,1,2,2.5210111141204834,2047,4.25,0,,
llama32_3b,hadamard_g256_m3,hadamard,256,3,1,3,2.0220515727996826,2047,4.25,0,,
llama32_3b,hadamard_g256_m3,hadamard,256,3,1,4,1.9374029636383057,2047,4.25,0,,
llama32_3b,hadamard_g256_m3,hadamard,256,3,1,5,1.5666652917861938,2047,4.25,0,,
llama32_3b,hadamard_g256_m3,hadamard,256,3,1,6,1.6830788850784302,2047,4.25,0,,
llama32_3b,hadamard_g256_m3,hadamard,256,3,1,7,1.939385175704956,2047,4.25,0,,
llama32_3b,hadamard_g256_m3,hadamard,256,3,1,8,2.2575535774230957,2047,4.25,0,,
llama32_3b,hadamard_g256_m3,hadamard,256,3,1,9,1.9840577840805054,2047,4.25,0,,
llama32_3b,hadamard_g256_m3,hadamard,256,3,1,10,1.9160598516464233,2047,4.25,0,,
llama32_3b,hadamard_g256_m3,hadamard,256,3,1,11,2.2702701091766357,2047,4.25,0,,
llama32_3b,hadamard_g256_m3,hadamard,256,3,1,12,2.131155252456665,2047,4.25,0,,
llama32_3b,hadamard_g256_m3,hadamard,256,3,1,13,2.287367582321167,2047,4.25,0,,
llama32_3b,hadamard_g256_m3,hadamard,256,3,1,14,2.2074484825134277,2047,4.25,0,,
llama32_3b,hadamard_g256_m3,hadamard,256,3,1,15,2.4194624423980713,2047,4.25,0,,
llama32_3b,hadamard_g256_m3,hadamard,256,3,1,16,2.1518118381500244,2047,4.25,0,,
llama32_3b,hadamard_g256_m3,hadamard,256,3,1,17,2.1522140502929688,2047,4.25,0,,
llama32_3b,hadamard_g256_m3,hadamard,256,3,1,18,1.9653156995773315,2047,4.25,0,,
llama32_3b,hadamard_g256_m3,hadamard,256,3,1,19,2.1206142902374268,2047,4.25,0,,
llama32_3b,hadamard_g256_m3,hadamard,256,3,1,20,2.245753049850464,2047,4.25,0,,
llama32_3b,hadamard_g256_m3,hadamard,256,3,1,21,2.167276382446289,2047,4.25,0,,
llama32_3b,hadamard_g256_m3,hadamard,256,3,1,22,2.2257304191589355,2047,4.25,0,,
llama32_3b,hadamard_g256_m3,hadamard,256,3,1,23,2.2770931720733643,2047,4.25,0,,
llama32_3b,hadamard_g256_m3,hadamard,256,3,1,24,2.2954416275024414,2047,4.25,0,,
llama32_3b,hadamard_g256_m3,hadamard,256,3,1,25,2.3553943634033203,2047,4.25,0,,
llama32_3b,hadamard_g256_m3,hadamard,256,3,1,26,2.4420270919799805,2047,4.25,0,,
llama32_3b,hadamard_g256_m3,hadamard,256,3,1,27,2.238109827041626,2047,4.25,0,,
llama32_3b,hadamard_g256_m3,hadamard,256,3,1,28,2.0084636211395264,2047,4.25,0,,
llama32_3b,hadamard_g256_m3,hadamard,256,3,1,29,1.8213932514190674,2047,4.25,0,,
llama32_3b,hadamard_g256_m3,hadamard,256,3,1,30,1.7090966701507568,2047,4.25,0,,
llama32_3b,hadamard_g256_m3,hadamard,256,3,1,31,1.7302528619766235,2047,4.25,0,,
llama32_3b,hadamard_g256_m3,hadamard,256,3,1,32,2.0393474102020264,2047,4.25,0,,
llama32_3b,hadamard_g256_m3,hadamard,256,3,1,33,1.9973362684249878,2047,4.25,0,,
llama32_3b,hadamard_g256_m3,hadamard,256,3,1,34,2.1723649501800537,2047,4.25,0,,
llama32_3b,hadamard_g256_m3,hadamard,256,3,1,35,1.4811571836471558,2047,4.25,0,,
llama32_3b,hadamard_g256_m3,hadamard,256,3,1,36,1.4503097534179688,2047,4.25,0,,
llama32_3b,hadamard_g256_m3,hadamard,256,3,1,37,1.4984488487243652,2047,4.25,0,,
llama32_3b,hadamard_g256_m3,hadamard,256,3,1,38,1.4872491359710693,2047,4.25,0,,
llama32_3b,hadamard_g256_m3,hadamard,256,3,1,39,1.6863954067230225,2047,4.25,0,,
llama32_3b,hadamard_g256_m3,hadamard,256,3,1,40,2.2779831886291504,2047,4.25,0,,
llama32_3b,hadamard_g256_m3,hadamard,256,3,1,41,2.7027323246002197,2047,4.25,0,,
llama32_3b,hadamard_g256_m3,hadamard,256,3,1,42,2.7025673389434814,2047,4.25,0,,
llama32_3b,hadamard_g256_m3,hadamard,256,3,1,43,2.327094793319702,2047,4.25,0,,
llama32_3b,hadamard_g256_m3,hadamard,256,3,1,44,2.3275704383850098,2047,4.25,0,,
llama32_3b,hadamard_g256_m3,hadamard,256,3,1,45,2.296642780303955,2047,4.25,0,,
llama32_3b,hadamard_g256_m3,hadamard,256,3,1,46,2.386530876159668,2047,4.25,0,,
llama32_3b,hadamard_g256_m3,hadamard,256,3,1,47,2.1655237674713135,2047,4.25,0,,
llama32_3b,hadamard_g256_m3,hadamard,256,3,1,48,2.0502805709838867,2047,4.25,0,,
llama32_3b,hadamard_g256_m3,hadamard,256,3,1,49,2.036423444747925,2047,4.25,0,,
llama32_3b,hadamard_g256_m3,hadamard,256,3,1,50,1.7731798887252808,2047,4.25,0,,
llama32_3b,hadamard_g256_m3,hadamard,256,3,1,51,1.847420573234558,2047,4.25,0,,
llama32_3b,hadamard_g256_m3,hadamard,256,3,1,52,1.6889958381652832,2047,4.25,0,,
llama32_3b,hadamard_g256_m3,hadamard,256,3,1,53,1.9049421548843384,2047,4.25,0,,
llama32_3b,hadamard_g256_m3,hadamard,256,3,1,54,1.6422783136367798,2047,4.25,0,,
llama32_3b,hadamard_g256_m3,hadamard,256,3,1,55,1.6158218383789062,2047,4.25,0,,
llama32_3b,hadamard_g256_m3,hadamard,256,3,1,56,1.8587698936462402,2047,4.25,0,,
llama32_3b,hadamard_g256_m3,hadamard,256,3,1,57,1.8184239864349365,2047,4.25,0,,
llama32_3b,hadamard_g256_m3,hadamard,256,3,1,58,2.190009593963623,2047,4.25,0,,
llama32_3b,hadamard_g256_m3,hadamard,256,3,1,59,2.3647215366363525,2047,4.25,0,,
llama32_3b,hadamard_g256_m3,hadamard,256,3,1,60,2.3738269805908203,2047,4.25,0,,
llama32_3b,hadamard_g256_m3,hadamard,256,3,1,61,2.4760196208953857,2047,4.25,0,,
llama32_3b,hadamard_g256_m3,hadamard,256,3,1,62,1.5298196077346802,2047,4.25,0,,
llama32_3b,hadamard_g256_m3,hadamard,256,3,1,63,1.9165263175964355,2047,4.25,0,,
llama32_3b,hadamard_g256_m3,hadamard,256,3,2,0,1.8384876251220703,2047,4.25,0,,
llama32_3b,hadamard_g256_m3,hadamard,256,3,2,1,2.439786195755005,2047,4.25,0,,
llama32_3b,hadamard_g256_m3,hadamard,256,3,2,2,2.5159125328063965,2047,4.25,0,,
llama32_3b,hadamard_g256_m3,hadamard,256,3,2,3,2.0239198207855225,2047,4.25,0,,
llama32_3b,hadamard_g256_m3,hadamard,256,3,2,4,1.9406428337097168,2047,4.25,0,,
llama32_3b,hadamard_g256_m3,hadamard,256,3,2,5,1.5697182416915894,2047,4.25,0,,
llama32_3b,hadamard_g256_m3,hadamard,256,3,2,6,1.6805450916290283,2047,4.25,0,,
llama32_3b,hadamard_g256_m3,hadamard,256,3,2,7,1.9259134531021118,2047,4.25,0,,
llama32_3b,hadamard_g256_m3,hadamard,256,3,2,8,2.259538173675537,2047,4.25,0,,
llama32_3b,hadamard_g256_m3,hadamard,256,3,2,9,1.9838639497756958,2047,4.25,0,,
llama32_3b,hadamard_g256_m3,hadamard,256,3,2,10,1.9180564880371094,2047,4.25,0,,
llama32_3b,hadamard_g256_m3,hadamard,256,3,2,11,2.270188093185425,2047,4.25,0,,
llama32_3b,hadamard_g256_m3,hadamard,256,3,2,12,2.136009931564331,2047,4.25,0,,
llama32_3b,hadamard_g256_m3,hadamard,256,3,2,13,2.2871780395507812,2047,4.25,0,,
llama32_3b,hadamard_g256_m3,hadamard,256,3,2,14,2.211878776550293,2047,4.25,0,,
llama32_3b,hadamard_g256_m3,hadamard,256,3,2,15,2.4121389389038086,2047,4.25,0,,
llama32_3b,hadamard_g256_m3,hadamard,256,3,2,16,2.145250082015991,2047,4.25,0,,
llama32_3b,hadamard_g256_m3,hadamard,256,3,2,17,2.15960955619812,2047,4.25,0,,
llama32_3b,hadamard_g256_m3,hadamard,256,3,2,18,1.9705086946487427,2047,4.25,0,,
llama32_3b,hadamard_g256_m3,hadamard,256,3,2,19,2.1214497089385986,2047,4.25,0,,
llama32_3b,hadamard_g256_m3,hadamard,256,3,2,20,2.240809202194214,2047,4.25,0,,
llama32_3b,hadamard_g256_m3,hadamard,256,3,2,21,2.1712357997894287,2047,4.25,0,,
llama32_3b,hadamard_g256_m3,hadamard,256,3,2,22,2.210338830947876,2047,4.25,0,,
llama32_3b,hadamard_g256_m3,hadamard,256,3,2,23,2.257232427597046,2047,4.25,0,,
llama32_3b,hadamard_g256_m3,hadamard,256,3,2,24,2.288642168045044,2047,4.25,0,,
llama32_3b,hadamard_g256_m3,hadamard,256,3,2,25,2.3474385738372803,2047,4.25,0,,
llama32_3b,hadamard_g256_m3,hadamard,256,3,2,26,2.438406467437744,2047,4.25,0,,
llama32_3b,hadamard_g256_m3,hadamard,256,3,2,27,2.233365058898926,2047,4.25,0,,
llama32_3b,hadamard_g256_m3,hadamard,256,3,2,28,2.0146379470825195,2047,4.25,0,,
llama32_3b,hadamard_g256_m3,hadamard,256,3,2,29,1.8208097219467163,2047,4.25,0,,
llama32_3b,hadamard_g256_m3,hadamard,256,3,2,30,1.7117823362350464,2047,4.25,0,,
llama32_3b,hadamard_g256_m3,hadamard,256,3,2,31,1.7328479290008545,2047,4.25,0,,
llama32_3b,hadamard_g256_m3,hadamard,256,3,2,32,2.0273594856262207,2047,4.25,0,,
llama32_3b,hadamard_g256_m3,hadamard,256,3,2,33,1.9881625175476074,2047,4.25,0,,
llama32_3b,hadamard_g256_m3,hadamard,256,3,2,34,2.1682426929473877,2047,4.25,0,,
llama32_3b,hadamard_g256_m3,hadamard,256,3,2,35,1.4870628118515015,2047,4.25,0,,
llama32_3b,hadamard_g256_m3,hadamard,256,3,2,36,1.457148551940918,2047,4.25,0,,
llama32_3b,hadamard_g256_m3,hadamard,256,3,2,37,1.5043443441390991,2047,4.25,0,,
llama32_3b,hadamard_g256_m3,hadamard,256,3,2,38,1.484650731086731,2047,4.25,0,,
llama32_3b,hadamard_g256_m3,hadamard,256,3,2,39,1.676005482673645,2047,4.25,0,,
llama32_3b,hadamard_g256_m3,hadamard,256,3,2,40,2.27634859085083,2047,4.25,0,,
llama32_3b,hadamard_g256_m3,hadamard,256,3,2,41,2.6943533420562744,2047,4.25,0,,
llama32_3b,hadamard_g256_m3,hadamard,256,3,2,42,2.710951805114746,2047,4.25,0,,
llama32_3b,hadamard_g256_m3,hadamard,256,3,2,43,2.3211212158203125,2047,4.25,0,,
llama32_3b,hadamard_g256_m3,hadamard,256,3,2,44,2.3263134956359863,2047,4.25,0,,
llama32_3b,hadamard_g256_m3,hadamard,256,3,2,45,2.2866599559783936,2047,4.25,0,,
llama32_3b,hadamard_g256_m3,hadamard,256,3,2,46,2.3767850399017334,2047,4.25,0,,
llama32_3b,hadamard_g256_m3,hadamard,256,3,2,47,2.1639862060546875,2047,4.25,0,,
llama32_3b,hadamard_g256_m3,hadamard,256,3,2,48,2.0520505905151367,2047,4.25,0,,
llama32_3b,hadamard_g256_m3,hadamard,256,3,2,49,2.0425865650177,2047,4.25,0,,
llama32_3b,hadamard_g256_m3,hadamard,256,3,2,50,1.77222740650177,2047,4.25,0,,
llama32_3b,hadamard_g256_m3,hadamard,256,3,2,51,1.8480591773986816,2047,4.25,0,,
llama32_3b,hadamard_g256_m3,hadamard,256,3,2,52,1.6881157159805298,2047,4.25,0,,
llama32_3b,hadamard_g256_m3,hadamard,256,3,2,53,1.91693115234375,2047,4.25,0,,
llama32_3b,hadamard_g256_m3,hadamard,256,3,2,54,1.6478136777877808,2047,4.25,0,,
llama32_3b,hadamard_g256_m3,hadamard,256,3,2,55,1.6126694679260254,2047,4.25,0,,
llama32_3b,hadamard_g256_m3,hadamard,256,3,2,56,1.8585416078567505,2047,4.25,0,,
llama32_3b,hadamard_g256_m3,hadamard,256,3,2,57,1.8210755586624146,2047,4.25,0,,
llama32_3b,hadamard_g256_m3,hadamard,256,3,2,58,2.197439193725586,2047,4.25,0,,
llama32_3b,hadamard_g256_m3,hadamard,256,3,2,59,2.3716719150543213,2047,4.25,0,,
llama32_3b,hadamard_g256_m3,hadamard,256,3,2,60,2.3768906593322754,2047,4.25,0,,
llama32_3b,hadamard_g256_m3,hadamard,256,3,2,61,2.471388101577759,2047,4.25,0,,
llama32_3b,hadamard_g256_m3,hadamard,256,3,2,62,1.5340405702590942,2047,4.25,0,,
llama32_3b,hadamard_g256_m3,hadamard,256,3,2,63,1.9143539667129517,2047,4.25,0,,
llama32_3b,nar_g64_m1,nar,64,1,0,0,1.8299217224121094,2047,4.5,128,,
llama32_3b,nar_g64_m1,nar,64,1,0,1,2.4277517795562744,2047,4.5,128,,
llama32_3b,nar_g64_m1,nar,64,1,0,2,2.5024020671844482,2047,4.5,128,,
llama32_3b,nar_g64_m1,nar,64,1,0,3,2.0167863368988037,2047,4.5,128,,
llama32_3b,nar_g64_m1,nar,64,1,0,4,1.9290515184402466,2047,4.5,128,,
llama32_3b,nar_g64_m1,nar,64,1,0,5,1.554059624671936,2047,4.5,128,,
llama32_3b,nar_g64_m1,nar,64,1,0,6,1.665231466293335,2047,4.5,128,,
llama32_3b,nar_g64_m1,nar,64,1,0,7,1.9194159507751465,2047,4.5,128,,
llama32_3b,nar_g64_m1,nar,64,1,0,8,2.2519655227661133,2047,4.5,128,,
llama32_3b,nar_g64_m1,nar,64,1,0,9,1.9691836833953857,2047,4.5,128,,
llama32_3b,nar_g64_m1,nar,64,1,0,10,1.8942815065383911,2047,4.5,128,,
llama32_3b,nar_g64_m1,nar,64,1,0,11,2.2501299381256104,2047,4.5,128,,
llama32_3b,nar_g64_m1,nar,64,1,0,12,2.1205015182495117,2047,4.5,128,,
llama32_3b,nar_g64_m1,nar,64,1,0,13,2.2790095806121826,2047,4.5,128,,
llama32_3b,nar_g64_m1,nar,64,1,0,14,2.1969339847564697,2047,4.5,128,,
llama32_3b,nar_g64_m1,nar,64,1,0,15,2.397618293762207,2047,4.5,128,,
llama32_3b,nar_g64_m1,nar,64,1,0,16,2.1270813941955566,2047,4.5,128,,
llama32_3b,nar_g64_m1,nar,64,1,0,17,2.144772529602051,2047,4.5,128,,
llama32_3b,nar_g64_m1,nar,64,1,0,18,1.9514871835708618,2047,4.5,128,,
llama32_3b,nar_g64_m1,nar,64,1,0,19,2.110203981399536,2047,4.5,128,,
llama32_3b,nar_g64_m1,nar,64,1,0,20,2.2290444374084473,2047,4.5,128,,
llama32_3b,nar_g64_m1,nar,64,1,0,21,2.157325267791748,2047,4.5,128,,
llama32_3b,nar_g64_m1,nar,64,1,0,22,2.2105934619903564,2047,4.5,128,,
llama32_3b,nar_g64_m1,nar,64,1,0,23,2.245145082473755,2047,4.5,128,,
llama32_3b,nar_g64_m1,nar,64,1,0,24,2.2795021533966064,2047,4.5,128,,
llama32_3b,nar_g64_m1,nar,64,1,0,25,2.339285373687744,2047,4.5,128,,
llama32_3b,nar_g64_m1,nar,64,1,0,26,2.426180362701416,2047,4.5,128,,
llama32_3b,nar_g64_m1,nar,64,1,0,27,2.225743532180786,2047,4.5,128,,
llama32_3b,nar_g64_m1,nar,64,1,0,28,1.992016315460205,2047,4.5,128,,
llama32_3b,nar_g64_m1,nar,64,1,0,29,1.800687551498413,2047,4.5,128,,
llama32_3b,nar_g64_m1,nar,64,1,0,30,1.6839016675949097,2047,4.5,128,,
llama32_3b,nar_g64_m1,nar,64,1,0,31,1.7180322408676147,2047,4.5,128,,
llama32_3b,nar_g64_m1,nar,64,1,0,32,2.0175929069519043,2047,4.5,128,,
llama32_3b,nar_g64_m1,nar,64,1,0,33,1.9844626188278198,2047,4.5,128,,
llama32_3b,nar_g64_m1,nar,64,1,0,34,2.159249782562256,2047,4.5,128,,
llama32_3b,nar_g64_m1,nar,64,1,0,35,1.4746859073638916,2047,4.5,128,,
llama32_3b,nar_g64_m1,nar,64,1,0,36,1.4402776956558228,2047,4.5,128,,
llama32_3b,nar_g64_m1,nar,64,1,0,37,1.485629916191101,2047,4.5,128,,
llama32_3b,nar_g64_m1,nar,64,1,0,38,1.4692493677139282,2047,4.5,128,,
llama32_3b,nar_g64_m1,nar,64,1,0,39,1.6674425601959229,2047,4.5,128,,
llama32_3b,nar_g64_m1,nar,64,1,0,40,2.2677321434020996,2047,4.5,128,,
llama32_3b,nar_g64_m1,nar,64,1,0,41,2.6919867992401123,2047,4.5,128,,
llama32_3b,nar_g64_m1,nar,64,1,0,42,2.687213659286499,2047,4.5,128,,
llama32_3b,nar_g64_m1,nar,64,1,0,43,2.307417392730713,2047,4.5,128,,
llama32_3b,nar_g64_m1,nar,64,1,0,44,2.306427001953125,2047,4.5,128,,
llama32_3b,nar_g64_m1,nar,64,1,0,45,2.278996706008911,2047,4.5,128,,
llama32_3b,nar_g64_m1,nar,64,1,0,46,2.366062641143799,2047,4.5,128,,
llama32_3b,nar_g64_m1,nar,64,1,0,47,2.1609458923339844,2047,4.5,128,,
llama32_3b,nar_g64_m1,nar,64,1,0,48,2.0264670848846436,2047,4.5,128,,
llama32_3b,nar_g64_m1,nar,64,1,0,49,2.028700113296509,2047,4.5,128,,
llama32_3b,nar_g64_m1,nar,64,1,0,50,1.7514249086380005,2047,4.5,128,,
llama32_3b,nar_g64_m1,nar,64,1,0,51,1.8369288444519043,2047,4.5,128,,
llama32_3b,nar_g64_m1,nar,64,1,0,52,1.6770952939987183,2047,4.5,128,,
llama32_3b,nar_g64_m1,nar,64,1,0,53,1.9058964252471924,2047,4.5,128,,
llama32_3b,nar_g64_m1,nar,64,1,0,54,1.632750153541565,2047,4.5,128,,
llama32_3b,nar_g64_m1,nar,64,1,0,55,1.6028990745544434,2047,4.5,128,,
llama32_3b,nar_g64_m1,nar,64,1,0,56,1.82802414894104,2047,4.5,128,,
llama32_3b,nar_g64_m1,nar,64,1,0,57,1.8076794147491455,2047,4.5,128,,
llama32_3b,nar_g64_m1,nar,64,1,0,58,2.178753614425659,2047,4.5,128,,
llama32_3b,nar_g64_m1,nar,64,1,0,59,2.353633403778076,2047,4.5,128,,
llama32_3b,nar_g64_m1,nar,64,1,0,60,2.3607120513916016,2047,4.5,128,,
llama32_3b,nar_g64_m1,nar,64,1,0,61,2.4616026878356934,2047,4.5,128,,
llama32_3b,nar_g64_m1,nar,64,1,0,62,1.5084118843078613,2047,4.5,128,,
llama32_3b,nar_g64_m1,nar,64,1,0,63,1.899284839630127,2047,4.5,128,,
llama32_3b,nar_g64_m1,nar,64,1,1,0,1.8238039016723633,2047,4.5,128,,
llama32_3b,nar_g64_m1,nar,64,1,1,1,2.426633358001709,2047,4.5,128,,
llama32_3b,nar_g64_m1,nar,64,1,1,2,2.5031487941741943,2047,4.5,128,,
llama32_3b,nar_g64_m1,nar,64,1,1,3,2.0189261436462402,2047,4.5,128,,
llama32_3b,nar_g64_m1,nar,64,1,1,4,1.9284723997116089,2047,4.5,128,,
llama32_3b,nar_g64_m1,nar,64,1,1,5,1.5507680177688599,2047,4.5,128,,
llama32_3b,nar_g64_m1,nar,64,1,1,6,1.6660319566726685,2047,4.5,128,,
llama32_3b,nar_g64_m1,nar,64,1,1,7,1.9138728380203247,2047,4.5,128,,
llama32_3b,nar_g64_m1,nar,64,1,1,8,2.2468795776367188,2047,4.5,128,,
llama32_3b,nar_g64_m1,nar,64,1,1,9,1.970153570175171,2047,4.5,128,,
llama32_3b,nar_g64_m1,nar,64,1,1,10,1.8988728523254395,2047,4.5,128,,
llama32_3b,nar_g64_m1,nar,64,1,1,11,2.2514240741729736,2047,4.5,128,,
llama32_3b,nar_g64_m1,nar,64,1,1,12,2.120753049850464,2047,4.5,128,,
llama32_3b,nar_g64_m1,nar,64,1,1,13,2.281526803970337,2047,4.5,128,,
llama32_3b,nar_g64_m1,nar,64,1,1,14,2.1962859630584717,2047,4.5,128,,
llama32_3b,nar_g64_m1,nar,64,1,1,15,2.404542922973633,2047,4.5,128,,
llama32_3b,nar_g64_m1,nar,64,1,1,16,2.130089282989502,2047,4.5,128,,
llama32_3b,nar_g64_m1,nar,64,1,1,17,2.139948606491089,2047,4.5,128,,
llama32_3b,nar_g64_m1,nar,64,1,1,18,1.9539871215820312,2047,4.5,128,,
llama32_3b,nar_g64_m1,nar,64,1,1,19,2.1128218173980713,2047,4.5,128,,
llama32_3b,nar_g64_m1,nar,64,1,1,20,2.226837396621704,2047,4.5,128,,
llama32_3b,nar_g64_m1,nar,64,1,1,21,2.157660722732544,2047,4.5,128,,
llama32_3b,nar_g64_m1,nar,64,1,1,22,2.215153217315674,2047,4.5,128,,
llama32_3b,nar_g64_m1,nar,64,1,1,23,2.2476003170013428,2047,4.5,128,,
llama32_3b,nar_g64_m1,nar,64,1,1,24,2.2846462726593018,2047,4.5,128,,
llama32_3b,nar_g64_m1,nar,64,1,1,25,2.3335273265838623,2047,4.5,128,,
llama32_3b,nar_g64_m1,nar,64,1,1,26,2.4240527153015137,2047,4.5,128,,
llama32_3b,nar_g64_m1,nar,64,1,1,27,2.2262723445892334,2047,4.5,128,,
llama32_3b,nar_g64_m1,nar,64,1,1,28,1.9997812509536743,2047,4.5,128,,
llama32_3b,nar_g64_m1,nar,64,1,1,29,1.8060455322265625,2047,4.5,128,,
llama32_3b,nar_g64_m1,nar,64,1,1,30,1.6917072534561157,2047,4.5,128,,
llama32_3b,nar_g64_m1,nar,64,1,1,31,1.7217915058135986,2047,4.5,128,,
llama32_3b,nar_g64_m1,nar,64,1,1,32,2.0190389156341553,2047,4.5,128,,
llama32_3b,nar_g64_m1,nar,64,1,1,33,1.9864099025726318,2047,4.5,128,,
llama32_3b,nar_g64_m1,nar,64,1,1,34,2.1583404541015625,2047,4.5,128,,
llama32_3b,nar_g64_m1,nar,64,1,1,35,1.474095344543457,2047,4.5,128,,
llama32_3b,nar_g64_m1,nar,64,1,1,36,1.449373722076416,2047,4.5,128,,
llama32_3b,nar_g64_m1,nar,64,1,1,37,1.489475131034851,2047,4.5,128,,
llama32_3b,nar_g64_m1,nar,64,1,1,38,1.4788038730621338,2047,4.5,128,,
llama32_3b,nar_g64_m1,nar,64,1,1,39,1.6689642667770386,2047,4.5,128,,
llama32_3b,nar_g64_m1,nar,64,1,1,40,2.2730395793914795,2047,4.5,128,,
llama32_3b,nar_g64_m1,nar,64,1,1,41,2.686631679534912,2047,4.5,128,,
llama32_3b,nar_g64_m1,nar,64,1,1,42,2.6836295127868652,2047,4.5,128,,
llama32_3b,nar_g64_m1,nar,64,1,1,43,2.308032512664795,2047,4.5,128,,
llama32_3b,nar_g64_m1,nar,64,1,1,44,2.298048496246338,2047,4.5,128,,
llama32_3b,nar_g64_m1,nar,64,1,1,45,2.2793631553649902,2047,4.5,128,,
llama32_3b,nar_g64_m1,nar,64,1,1,46,2.368523359298706,2047,4.5,128,,
llama32_3b,nar_g64_m1,nar,64,1,1,47,2.157593250274658,2047,4.5,128,,
llama32_3b,nar_g64_m1,nar,64,1,1,48,2.0344722270965576,2047,4.5,128,,
llama32_3b,nar_g64_m1,nar,64,1,1,49,2.0231504440307617,2047,4.5,128,,
llama32_3b,nar_g64_m1,nar,64,1,1,50,1.7489449977874756,2047,4.5,128,,
llama32_3b,nar_g64_m1,nar,64,1,1,51,1.834729552268982,2047,4.5,128,,
llama32_3b,nar_g64_m1,nar,64,1,1,52,1.676698088645935,2047,4.5,128,,
llama32_3b,nar_g64_m1,nar,64,1,1,53,1.8974238634109497,2047,4.5,128,,
llama32_3b,nar_g64_m1,nar,64,1,1,54,1.6335078477859497,2047,4.5,128,,
llama32_3b,nar_g64_m1,nar,64,1,1,55,1.6122567653656006,2047,4.5,128,,
llama32_3b,nar_g64_m1,nar,64,1,1,56,1.833418369293213,2047,4.5,128,,
llama32_3b,nar_g64_m1,nar,64,1,1,57,1.8113139867782593,2047,4.5,128,,
llama32_3b,nar_g64_m1,nar,64,1,1,58,2.1830527782440186,2047,4.5,128,,
llama32_3b,nar_g64_m1,nar,64,1,1,59,2.350548267364502,2047,4.5,128,,
llama32_3b,nar_g64_m1,nar,64,1,1,60,2.3558239936828613,2047,4.5,128,,
llama32_3b,nar_g64_m1,nar,64,1,1,61,2.461669683456421,2047,4.5,128,,
llama32_3b,nar_g64_m1,nar,64,1,1,62,1.510393738746643,2047,4.5,128,,
llama32_3b,nar_g64_m1,nar,64,1,1,63,1.9048104286193848,2047,4.5,128,,
llama32_3b,nar_g64_m1,nar,64,1,2,0,1.8345441818237305,2047,4.5,128,,
llama32_3b,nar_g64_m1,nar,64,1,2,1,2.43122935295105,2047,4.5,128,,
llama32_3b,nar_g64_m1,nar,64,1,2,2,2.506469249725342,2047,4.5,128,,
llama32_3b,nar_g64_m1,nar,64,1,2,3,2.009814500808716,2047,4.5,128,,
llama32_3b,nar_g64_m1,nar,64,1,2,4,1.9229017496109009,2047,4.5,128,,
llama32_3b,nar_g64_m1,nar,64,1,2,5,1.5511763095855713,2047,4.5,128,,
llama32_3b,nar_g64_m1,nar,64,1,2,6,1.6661853790283203,2047,4.5,128,,
llama32_3b,nar_g64_m1,nar,64,1,2,7,1.9183428287506104,2047,4.5,128,,
llama32_3b,nar_g64_m1,nar,64,1,2,8,2.2537286281585693,2047,4.5,128,,
llama32_3b,nar_g64_m1,nar,64,1,2,9,1.970055103302002,2047,4.5,128,,
llama32_3b,nar_g64_m1,nar,64,1,2,10,1.9014246463775635,2047,4.5,128,,
llama32_3b,nar_g64_m1,nar,64,1,2,11,2.261166572570801,2047,4.5,128,,
llama32_3b,nar_g64_m1,nar,64,1,2,12,2.1203787326812744,2047,4.5,128,,
llama32_3b,nar_g64_m1,nar,64,1,2,13,2.2781424522399902,2047,4.5,128,,
llama32_3b,nar_g64_m1,nar,64,1,2,14,2.200813055038452,2047,4.5,128,,
llama32_3b,nar_g64_m1,nar,64,1,2,15,2.396865129470825,2047,4.5,128,,
llama32_3b,nar_g64_m1,nar,64,1,2,16,2.1284165382385254,2047,4.5,128,,
llama32_3b,nar_g64_m1,nar,64,1,2,17,2.149693489074707,2047,4.5,128,,
llama32_3b,nar_g64_m1,nar,64,1,2,18,1.9508363008499146,2047,4.5,128,,
llama32_3b,nar_g64_m1,nar,64,1,2,19,2.1090986728668213,2047,4.5,128,,
llama32_3b,nar_g64_m1,nar,64,1,2,20,2.2270896434783936,2047,4.5,128,,
llama32_3b,nar_g64_m1,nar,64,1,2,21,2.1596615314483643,2047,4.5,128,,
llama32_3b,nar_g64_m1,nar,64,1,2,22,2.213608503341675,2047,4.5,128,,
llama32_3b,nar_g64_m1,nar,64,1,2,23,2.2555735111236572,2047,4.5,128,,
llama32_3b,nar_g64_m1,nar,64,1,2,24,2.2771592140197754,2047,4.5,128,,
llama32_3b,nar_g64_m1,nar,64,1,2,25,2.331993818283081,2047,4.5,128,,
llama32_3b,nar_g64_m1,nar,64,1,2,26,2.4299449920654297,2047,4.5,128,,
llama32_3b,nar_g64_m1,nar,64,1,2,27,2.2189860343933105,2047,4.5,128,,
llama32_3b,nar_g64_m1,nar,64,1,2,28,1.996410846710205,2047,4.5,128,,
llama32_3b,nar_g64_m1,nar,64,1,2,29,1.8101083040237427,2047,4.5,128,,
llama32_3b,nar_g64_m1,nar,64,1,2,30,1.6900180578231812,2047,4.5,128,,
llama32_3b,nar_g64_m1,nar,64,1,2,31,1.7209597826004028,2047,4.5,128,,
llama32_3b,nar_g64_m1,nar,64,1,2,32,2.0184946060180664,2047,4.5,128,,
llama32_3b,nar_g64_m1,nar,64,1,2,33,1.981935977935791,2047,4.5,128,,
llama32_3b,nar_g64_m1,nar,64,1,2,34,2.159379482269287,2047,4.5,128,,
llama32_3b,nar_g64_m1,nar,64,1,2,35,1.4730497598648071,2047,4.5,128,,
llama32_3b,nar_g64_m1,nar,64,1,2,36,1.4408938884735107,2047,4.5,128,,
llama32_3b,nar_g64_m1,nar,64,1,2,37,1.495605230331421,2047,4.5,128,,
llama32_3b,nar_g64_m1,nar,64,1,2,38,1.4776455163955688,2047,4.5,128,,
llama32_3b,nar_g64_m1,nar,64,1,2,39,1.67425537109375,2047,4.5,128,,
llama32_3b,nar_g64_m1,nar,64,1,2,40,2.267642021179199,2047,4.5,128,,
llama32_3b,nar_g64_m1,nar,64,1,2,41,2.6809301376342773,2047,4.5,128,,
llama32_3b,nar_g64_m1,nar,64,1,2,42,2.685539722442627,2047,4.5,128,,
llama32_3b,nar_g64_m1,nar,64,1,2,43,2.309488296508789,2047,4.5,128,,
llama32_3b,nar_g64_m1,nar,64,1,2,44,2.307135581970215,2047,4.5,128,,
llama32_3b,nar_g64_m1,nar,64,1,2,45,2.2733607292175293,2047,4.5,128,,
llama32_3b,nar_g64_m1,nar,64,1,2,46,2.36978816986084,2047,4.5,128,,
llama32_3b,nar_g64_m1,nar,64,1,2,47,2.1574082374572754,2047,4.5,128,,
llama32_3b,nar_g64_m1,nar,64,1,2,48,2.0349175930023193,2047,4.5,128,,
llama32_3b,nar_g64_m1,nar,64,1,2,49,2.0277416706085205,2047,4.5,128,,
llama32_3b,nar_g64_m1,nar,64,1,2,50,1.7502797842025757,2047,4.5,128,,
llama32_3b,nar_g64_m1,nar,64,1,2,51,1.835711121559143,2047,4.5,128,,
llama32_3b,nar_g64_m1,nar,64,1,2,52,1.680037021636963,2047,4.5,128,,
llama32_3b,nar_g64_m1,nar,64,1,2,53,1.9058505296707153,2047,4.5,128,,
llama32_3b,nar_g64_m1,nar,64,1,2,54,1.6307423114776611,2047,4.5,128,,
llama32_3b,nar_g64_m1,nar,64,1,2,55,1.6034386157989502,2047,4.5,128,,
llama32_3b,nar_g64_m1,nar,64,1,2,56,1.8323619365692139,2047,4.5,128,,
llama32_3b,nar_g64_m1,nar,64,1,2,57,1.8059026002883911,2047,4.5,128,,
llama32_3b,nar_g64_m1,nar,64,1,2,58,2.1790785789489746,2047,4.5,128,,
llama32_3b,nar_g64_m1,nar,64,1,2,59,2.3565218448638916,2047,4.5,128,,
llama32_3b,nar_g64_m1,nar,64,1,2,60,2.3604066371917725,2047,4.5,128,,
llama32_3b,nar_g64_m1,nar,64,1,2,61,2.4590904712677,2047,4.5,128,,
llama32_3b,nar_g64_m1,nar,64,1,2,62,1.511609435081482,2047,4.5,128,,
llama32_3b,nar_g64_m1,nar,64,1,2,63,1.9024931192398071,2047,4.5,128,,
llama32_3b,nar_g128_m1,nar,128,1,0,0,1.8361448049545288,2047,4.25,64,,
llama32_3b,nar_g128_m1,nar,128,1,0,1,2.432614803314209,2047,4.25,64,,
llama32_3b,nar_g128_m1,nar,128,1,0,2,2.5038681030273438,2047,4.25,64,,
llama32_3b,nar_g128_m1,nar,128,1,0,3,2.0225439071655273,2047,4.25,64,,
llama32_3b,nar_g128_m1,nar,128,1,0,4,1.922311544418335,2047,4.25,64,,
llama32_3b,nar_g128_m1,nar,128,1,0,5,1.558588981628418,2047,4.25,64,,
llama32_3b,nar_g128_m1,nar,128,1,0,6,1.6721802949905396,2047,4.25,64,,
llama32_3b,nar_g128_m1,nar,128,1,0,7,1.9200029373168945,2047,4.25,64,,
llama32_3b,nar_g128_m1,nar,128,1,0,8,2.2505381107330322,2047,4.25,64,,
llama32_3b,nar_g128_m1,nar,128,1,0,9,1.9812113046646118,2047,4.25,64,,
llama32_3b,nar_g128_m1,nar,128,1,0,10,1.8959921598434448,2047,4.25,64,,
llama32_3b,nar_g128_m1,nar,128,1,0,11,2.2557506561279297,2047,4.25,64,,
llama32_3b,nar_g128_m1,nar,128,1,0,12,2.1198537349700928,2047,4.25,64,,
llama32_3b,nar_g128_m1,nar,128,1,0,13,2.272292375564575,2047,4.25,64,,
llama32_3b,nar_g128_m1,nar,128,1,0,14,2.1993305683135986,2047,4.25,64,,
llama32_3b,nar_g128_m1,nar,128,1,0,15,2.4134275913238525,2047,4.25,64,,
llama32_3b,nar_g128_m1,nar,128,1,0,16,2.136866807937622,2047,4.25,64,,
llama32_3b,nar_g128_m1,nar,128,1,0,17,2.1476261615753174,2047,4.25,64,,
llama32_3b,nar_g128_m1,nar,128,1,0,18,1.9559075832366943,2047,4.25,64,,
llama32_3b,nar_g128_m1,nar,128,1,0,19,2.116640329360962,2047,4.25,64,,
llama32_3b,nar_g128_m1,nar,128,1,0,20,2.235424757003784,2047,4.25,64,,
llama32_3b,nar_g128_m1,nar,128,1,0,21,2.1558785438537598,2047,4.25,64,,
llama32_3b,nar_g128_m1,nar,128,1,0,22,2.220349073410034,2047,4.25,64,,
llama32_3b,nar_g128_m1,nar,128,1,0,23,2.2556521892547607,2047,4.25,64,,
llama32_3b,nar_g128_m1,nar,128,1,0,24,2.2792491912841797,2047,4.25,64,,
llama32_3b,nar_g128_m1,nar,128,1,0,25,2.344712734222412,2047,4.25,64,,
llama32_3b,nar_g128_m1,nar,128,1,0,26,2.4345455169677734,2047,4.25,64,,
llama32_3b,nar_g128_m1,nar,128,1,0,27,2.227116346359253,2047,4.25,64,,
llama32_3b,nar_g128_m1,nar,128,1,0,28,2.0023396015167236,2047,4.25,64,,
llama32_3b,nar_g128_m1,nar,128,1,0,29,1.8070317506790161,2047,4.25,64,,
llama32_3b,nar_g128_m1,nar,128,1,0,30,1.6976603269577026,2047,4.25,64,,
llama32_3b,nar_g128_m1,nar,128,1,0,31,1.7165826559066772,2047,4.25,64,,
llama32_3b,nar_g128_m1,nar,128,1,0,32,2.018864393234253,2047,4.25,64,,
llama32_3b,nar_g128_m1,nar,128,1,0,33,1.9811116456985474,2047,4.25,64,,
llama32_3b,nar_g128_m1,nar,128,1,0,34,2.1595723628997803,2047,4.25,64,,
llama32_3b,nar_g128_m1,nar,128,1,0,35,1.485993504524231,2047,4.25,64,,
llama32_3b,nar_g128_m1,nar,128,1,0,36,1.4445775747299194,2047,4.25,64,,
llama32_3b,nar_g128_m1,nar,128,1,0,37,1.492479920387268,2047,4.25,64,,
llama32_3b,nar_g128_m1,nar,128,1,0,38,1.4772844314575195,2047,4.25,64,,
llama32_3b,nar_g128_m1,nar,128,1,0,39,1.674889326095581,2047,4.25,64,,
llama32_3b,nar_g128_m1,nar,128,1,0,40,2.2720139026641846,2047,4.25,64,,
llama32_3b,nar_g128_m1,nar,128,1,0,41,2.699486494064331,2047,4.25,64,,
llama32_3b,nar_g128_m1,nar,128,1,0,42,2.687164306640625,2047,4.25,64,,
llama32_3b,nar_g128_m1,nar,128,1,0,43,2.310638427734375,2047,4.25,64,,
llama32_3b,nar_g128_m1,nar,128,1,0,44,2.3048553466796875,2047,4.25,64,,
llama32_3b,nar_g128_m1,nar,128,1,0,45,2.2859113216400146,2047,4.25,64,,
llama32_3b,nar_g128_m1,nar,128,1,0,46,2.3717710971832275,2047,4.25,64,,
llama32_3b,nar_g128_m1,nar,128,1,0,47,2.16325306892395,2047,4.25,64,,
llama32_3b,nar_g128_m1,nar,128,1,0,48,2.037123203277588,2047,4.25,64,,
llama32_3b,nar_g128_m1,nar,128,1,0,49,2.0363354682922363,2047,4.25,64,,
llama32_3b,nar_g128_m1,nar,128,1,0,50,1.7598135471343994,2047,4.25,64,,
llama32_3b,nar_g128_m1,nar,128,1,0,51,1.8400996923446655,2047,4.25,64,,
llama32_3b,nar_g128_m1,nar,128,1,0,52,1.6769682168960571,2047,4.25,64,,
llama32_3b,nar_g128_m1,nar,128,1,0,53,1.9052433967590332,2047,4.25,64,,
llama32_3b,nar_g128_m1,nar,128,1,0,54,1.631996512413025,2047,4.25,64,,
llama32_3b,nar_g128_m1,nar,128,1,0,55,1.6066488027572632,2047,4.25,64,,
llama32_3b,nar_g128_m1,nar,128,1,0,56,1.8407005071640015,2047,4.25,64,,
llama32_3b,nar_g128_m1,nar,128,1,0,57,1.8131152391433716,2047,4.25,64,,
llama32_3b,nar_g128_m1,nar,128,1,0,58,2.1843810081481934,2047,4.25,64,,
llama32_3b,nar_g128_m1,nar,128,1,0,59,2.3537652492523193,2047,4.25,64,,
llama32_3b,nar_g128_m1,nar,128,1,0,60,2.3638782501220703,2047,4.25,64,,
llama32_3b,nar_g128_m1,nar,128,1,0,61,2.463329315185547,2047,4.25,64,,
llama32_3b,nar_g128_m1,nar,128,1,0,62,1.5146867036819458,2047,4.25,64,,
llama32_3b,nar_g128_m1,nar,128,1,0,63,1.9046331644058228,2047,4.25,64,,
llama32_3b,nar_g128_m1,nar,128,1,1,0,1.8427338600158691,2047,4.25,64,,
llama32_3b,nar_g128_m1,nar,128,1,1,1,2.429953098297119,2047,4.25,64,,
llama32_3b,nar_g128_m1,nar,128,1,1,2,2.5118424892425537,2047,4.25,64,,
llama32_3b,nar_g128_m1,nar,128,1,1,3,2.021271228790283,2047,4.25,64,,
llama32_3b,nar_g128_m1,nar,128,1,1,4,1.9344087839126587,2047,4.25,64,,
llama32_3b,nar_g128_m1,nar,128,1,1,5,1.5522838830947876,2047,4.25,64,,
llama32_3b,nar_g128_m1,nar,128,1,1,6,1.6654741764068604,2047,4.25,64,,
llama32_3b,nar_g128_m1,nar,128,1,1,7,1.9208446741104126,2047,4.25,64,,
llama32_3b,nar_g128_m1,nar,128,1,1,8,2.250016212463379,2047,4.25,64,,
llama32_3b,nar_g128_m1,nar,128,1,1,9,1.9755868911743164,2047,4.25,64,,
llama32_3b,nar_g128_m1,nar,128,1,1,10,1.8994321823120117,2047,4.25,64,,
llama32_3b,nar_g128_m1,nar,128,1,1,11,2.255794048309326,2047,4.25,64,,
llama32_3b,nar_g128_m1,nar,128,1,1,12,2.120556592941284,2047,4.25,64,,
llama32_3b,nar_g128_m1,nar,128,1,1,13,2.2755818367004395,2047,4.25,64,,
llama32_3b,nar_g128_m1,nar,128,1,1,14,2.2033486366271973,2047,4.25,64,,
llama32_3b,nar_g128_m1,nar,128,1,1,15,2.398880958557129,2047,4.25,64,,
llama32_3b,nar_g128_m1,nar,128,1,1,16,2.128181219100952,2047,4.25,64,,
llama32_3b,nar_g128_m1,nar,128,1,1,17,2.1494874954223633,2047,4.25,64,,
llama32_3b,nar_g128_m1,nar,128,1,1,18,1.956897258758545,2047,4.25,64,,
llama32_3b,nar_g128_m1,nar,128,1,1,19,2.109764814376831,2047,4.25,64,,
llama32_3b,nar_g128_m1,nar,128,1,1,20,2.2289397716522217,2047,4.25,64,,
llama32_3b,nar_g128_m1,nar,128,1,1,21,2.1579086780548096,2047,4.25,64,,
llama32_3b,nar_g128_m1,nar,128,1,1,22,2.2098870277404785,2047,4.25,64,,
llama32_3b,nar_g128_m1,nar,128,1,1,23,2.249620199203491,2047,4.25,64,,
llama32_3b,nar_g128_m1,nar,128,1,1,24,2.274435520172119,2047,4.25,64,,
llama32_3b,nar_g128_m1,nar,128,1,1,25,2.3431129455566406,2047,4.25,64,,
llama32_3b,nar_g128_m1,nar,128,1,1,26,2.4205949306488037,2047,4.25,64,,
llama32_3b,nar_g128_m1,nar,128,1,1,27,2.228076696395874,2047,4.25,64,,
llama32_3b,nar_g128_m1,nar,128,1,1,28,1.9971729516983032,2047,4.25,64,,
llama32_3b,nar_g128_m1,nar,128,1,1,29,1.8079885244369507,2047,4.25,64,,
llama32_3b,nar_g128_m1,nar,128,1,1,30,1.6922167539596558,2047,4.25,64,,
llama32_3b,nar_g128_m1,nar,128,1,1,31,1.720210075378418,2047,4.25,64,,
llama32_3b,nar_g128_m1,nar,128,1,1,32,2.0219271183013916,2047,4.25,64,,
llama32_3b,nar_g128_m1,nar,128,1,1,33,1.982678771018982,2047,4.25,64,,
llama32_3b,nar_g128_m1,nar,128,1,1,34,2.1583914756774902,2047,4.25,64,,
llama32_3b,nar_g128_m1,nar,128,1,1,35,1.4821494817733765,2047,4.25,64,,
llama32_3b,nar_g128_m1,nar,128,1,1,36,1.4473843574523926,2047,4.25,64,,
llama32_3b,nar_g128_m1,nar,128,1,1,37,1.4876295328140259,2047,4.25,64,,
llama32_3b,nar_g128_m1,nar,128,1,1,38,1.4771623611450195,2047,4.25,64,,
llama32_3b,nar_g128_m1,nar,128,1,1,39,1.6764191389083862,2047,4.25,64,,
llama32_3b,nar_g128_m1,nar,128,1,1,40,2.275538682937622,2047,4.25,64,,
llama32_3b,nar_g128_m1,nar,128,1,1,41,2.690117359161377,2047,4.25,64,,
llama32_3b,nar_g128_m1,nar,128,1,1,42,2.6921615600585938,2047,4.25,64,,
llama32_3b,nar_g128_m1,nar,128,1,1,43,2.3116307258605957,2047,4.25,64,,
llama32_3b,nar_g128_m1,nar,128,1,1,44,2.3082664012908936,2047,4.25,64,,
llama32_3b,nar_g128_m1,nar,128,1,1,45,2.2876007556915283,2047,4.25,64,,
llama32_3b,nar_g128_m1,nar,128,1,1,46,2.371473550796509,2047,4.25,64,,
llama32_3b,nar_g128_m1,nar,128,1,1,47,2.155890941619873,2047,4.25,64,,
llama32_3b,nar_g128_m1,nar,128,1,1,48,2.036897897720337,2047,4.25,64,,
llama32_3b,nar_g128_m1,nar,128,1,1,49,2.032521963119507,2047,4.25,64,,
llama32_3b,nar_g128_m1,nar,128,1,1,50,1.7600101232528687,2047,4.25,64,,
llama32_3b,nar_g128_m1,nar,128,1,1,51,1.8485243320465088,2047,4.25,64,,
llama32_3b,nar_g128_m1,nar,128,1,1,52,1.6839872598648071,2047,4.25,64,,
llama32_3b,nar_g128_m1,nar,128,1,1,53,1.9108047485351562,2047,4.25,64,,
llama32_3b,nar_g128_m1,nar,128,1,1,54,1.6318576335906982,2047,4.25,64,,
llama32_3b,nar_g128_m1,nar,128,1,1,55,1.6080045700073242,2047,4.25,64,,
llama32_3b,nar_g128_m1,nar,128,1,1,56,1.829984426498413,2047,4.25,64,,
llama32_3b,nar_g128_m1,nar,128,1,1,57,1.8021972179412842,2047,4.25,64,,
llama32_3b,nar_g128_m1,nar,128,1,1,58,2.1847567558288574,2047,4.25,64,,
llama32_3b,nar_g128_m1,nar,128,1,1,59,2.3547885417938232,2047,4.25,64,,
llama32_3b,nar_g128_m1,nar,128,1,1,60,2.359450578689575,2047,4.25,64,,
llama32_3b,nar_g128_m1,nar,128,1,1,61,2.4778668880462646,2047,4.25,64,,
llama32_3b,nar_g128_m1,nar,128,1,1,62,1.519307255744934,2047,4.25,64,,
llama32_3b,nar_g128_m1,nar,128,1,1,63,1.9099448919296265,2047,4.25,64,,
llama32_3b,nar_g128_m1,nar,128,1,2,0,1.841414213180542,2047,4.25,64,,
llama32_3b,nar_g128_m1,nar,128,1,2,1,2.432492971420288,2047,4.25,64,,
llama32_3b,nar_g128_m1,nar,128,1,2,2,2.4989542961120605,2047,4.25,64,,
llama32_3b,nar_g128_m1,nar,128,1,2,3,2.0178160667419434,2047,4.25,64,,
llama32_3b,nar_g128_m1,nar,128,1,2,4,1.9300353527069092,2047,4.25,64,,
llama32_3b,nar_g128_m1,nar,128,1,2,5,1.5539838075637817,2047,4.25,64,,
llama32_3b,nar_g128_m1,nar,128,1,2,6,1.6656585931777954,2047,4.25,64,,
llama32_3b,nar_g128_m1,nar,128,1,2,7,1.9241995811462402,2047,4.25,64,,
llama32_3b,nar_g128_m1,nar,128,1,2,8,2.2517170906066895,2047,4.25,64,,
llama32_3b,nar_g128_m1,nar,128,1,2,9,1.976820468902588,2047,4.25,64,,
llama32_3b,nar_g128_m1,nar,128,1,2,10,1.9031018018722534,2047,4.25,64,,
llama32_3b,nar_g128_m1,nar,128,1,2,11,2.2553956508636475,2047,4.25,64,,
llama32_3b,nar_g128_m1,nar,128,1,2,12,2.124194622039795,2047,4.25,64,,
llama32_3b,nar_g128_m1,nar,128,1,2,13,2.281501054763794,2047,4.25,64,,
llama32_3b,nar_g128_m1,nar,128,1,2,14,2.203960657119751,2047,4.25,64,,
llama32_3b,nar_g128_m1,nar,128,1,2,15,2.4080803394317627,2047,4.25,64,,
llama32_3b,nar_g128_m1,nar,128,1,2,16,2.137145519256592,2047,4.25,64,,
llama32_3b,nar_g128_m1,nar,128,1,2,17,2.1567704677581787,2047,4.25,64,,
llama32_3b,nar_g128_m1,nar,128,1,2,18,1.9534093141555786,2047,4.25,64,,
llama32_3b,nar_g128_m1,nar,128,1,2,19,2.1135733127593994,2047,4.25,64,,
llama32_3b,nar_g128_m1,nar,128,1,2,20,2.233365058898926,2047,4.25,64,,
llama32_3b,nar_g128_m1,nar,128,1,2,21,2.160975456237793,2047,4.25,64,,
llama32_3b,nar_g128_m1,nar,128,1,2,22,2.2045304775238037,2047,4.25,64,,
llama32_3b,nar_g128_m1,nar,128,1,2,23,2.252197027206421,2047,4.25,64,,
llama32_3b,nar_g128_m1,nar,128,1,2,24,2.2868008613586426,2047,4.25,64,,
llama32_3b,nar_g128_m1,nar,128,1,2,25,2.3378825187683105,2047,4.25,64,,
llama32_3b,nar_g128_m1,nar,128,1,2,26,2.433565139770508,2047,4.25,64,,
llama32_3b,nar_g128_m1,nar,128,1,2,27,2.2312560081481934,2047,4.25,64,,
llama32_3b,nar_g128_m1,nar,128,1,2,28,1.9926844835281372,2047,4.25,64,,
llama32_3b,nar_g128_m1,nar,128,1,2,29,1.8119922876358032,2047,4.25,64,,
llama32_3b,nar_g128_m1,nar,128,1,2,30,1.6889266967773438,2047,4.25,64,,
llama32_3b,nar_g128_m1,nar,128,1,2,31,1.7147314548492432,2047,4.25,64,,
llama32_3b,nar_g128_m1,nar,128,1,2,32,2.02392578125,2047,4.25,64,,
llama32_3b,nar_g128_m1,nar,128,1,2,33,1.9844990968704224,2047,4.25,64,,
llama32_3b,nar_g128_m1,nar,128,1,2,34,2.1674015522003174,2047,4.25,64,,
llama32_3b,nar_g128_m1,nar,128,1,2,35,1.4855824708938599,2047,4.25,64,,
llama32_3b,nar_g128_m1,nar,128,1,2,36,1.4426122903823853,2047,4.25,64,,
llama32_3b,nar_g128_m1,nar,128,1,2,37,1.4890724420547485,2047,4.25,64,,
llama32_3b,nar_g128_m1,nar,128,1,2,38,1.4748297929763794,2047,4.25,64,,
llama32_3b,nar_g128_m1,nar,128,1,2,39,1.6788400411605835,2047,4.25,64,,
llama32_3b,nar_g128_m1,nar,128,1,2,40,2.2734289169311523,2047,4.25,64,,
llama32_3b,nar_g128_m1,nar,128,1,2,41,2.693009376525879,2047,4.25,64,,
llama32_3b,nar_g128_m1,nar,128,1,2,42,2.6859893798828125,2047,4.25,64,,
llama32_3b,nar_g128_m1,nar,128,1,2,43,2.3202335834503174,2047,4.25,64,,
llama32_3b,nar_g128_m1,nar,128,1,2,44,2.3088977336883545,2047,4.25,64,,
llama32_3b,nar_g128_m1,nar,128,1,2,45,2.2803022861480713,2047,4.25,64,,
llama32_3b,nar_g128_m1,nar,128,1,2,46,2.37557053565979,2047,4.25,64,,
llama32_3b,nar_g128_m1,nar,128,1,2,47,2.1615869998931885,2047,4.25,64,,
llama32_3b,nar_g128_m1,nar,128,1,2,48,2.0449204444885254,2047,4.25,64,,
llama32_3b,nar_g128_m1,nar,128,1,2,49,2.040405511856079,2047,4.25,64,,
llama32_3b,nar_g128_m1,nar,128,1,2,50,1.7639811038970947,2047,4.25,64,,
llama32_3b,nar_g128_m1,nar,128,1,2,51,1.8498083353042603,2047,4.25,64,,
llama32_3b,nar_g128_m1,nar,128,1,2,52,1.6797257661819458,2047,4.25,64,,
llama32_3b,nar_g128_m1,nar,128,1,2,53,1.895905613899231,2047,4.25,64,,
llama32_3b,nar_g128_m1,nar,128,1,2,54,1.6334816217422485,2047,4.25,64,,
llama32_3b,nar_g128_m1,nar,128,1,2,55,1.6122655868530273,2047,4.25,64,,
llama32_3b,nar_g128_m1,nar,128,1,2,56,1.825355887413025,2047,4.25,64,,
llama32_3b,nar_g128_m1,nar,128,1,2,57,1.8123478889465332,2047,4.25,64,,
llama32_3b,nar_g128_m1,nar,128,1,2,58,2.179098606109619,2047,4.25,64,,
llama32_3b,nar_g128_m1,nar,128,1,2,59,2.354994773864746,2047,4.25,64,,
llama32_3b,nar_g128_m1,nar,128,1,2,60,2.3617889881134033,2047,4.25,64,,
llama32_3b,nar_g128_m1,nar,128,1,2,61,2.474498987197876,2047,4.25,64,,
llama32_3b,nar_g128_m1,nar,128,1,2,62,1.5189136266708374,2047,4.25,64,,
llama32_3b,nar_g128_m1,nar,128,1,2,63,1.9070254564285278,2047,4.25,64,,
llama32_3b,nar_g256_m1,nar,256,1,0,0,1.8346186876296997,2047,4.125,32,,
llama32_3b,nar_g256_m1,nar,256,1,0,1,2.4366133213043213,2047,4.125,32,,
llama32_3b,nar_g256_m1,nar,256,1,0,2,2.5131523609161377,2047,4.125,32,,
llama32_3b,nar_g256_m1,nar,256,1,0,3,2.025197982788086,2047,4.125,32,,
llama32_3b,nar_g256_m1,nar,256,1,0,4,1.9315359592437744,2047,4.125,32,,
llama32_3b,nar_g256_m1,nar,256,1,0,5,1.5740617513656616,2047,4.125,32,,
llama32_3b,nar_g256_m1,nar,256,1,0,6,1.6761200428009033,2047,4.125,32,,
llama32_3b,nar_g256_m1,nar,256,1,0,7,1.9250682592391968,2047,4.125,32,,
llama32_3b,nar_g256_m1,nar,256,1,0,8,2.2520108222961426,2047,4.125,32,,
llama32_3b,nar_g256_m1,nar,256,1,0,9,1.9802861213684082,2047,4.125,32,,
llama32_3b,nar_g256_m1,nar,256,1,0,10,1.9112647771835327,2047,4.125,32,,
llama32_3b,nar_g256_m1,nar,256,1,0,11,2.2607741355895996,2047,4.125,32,,
llama32_3b,nar_g256_m1,nar,256,1,0,12,2.131855010986328,2047,4.125,32,,
llama32_3b,nar_g256_m1,nar,256,1,0,13,2.276315689086914,2047,4.125,32,,
llama32_3b,nar_g256_m1,nar,256,1,0,14,2.209690570831299,2047,4.125,32,,
llama32_3b,nar_g256_m1,nar,256,1,0,15,2.405301094055176,2047,4.125,32,,
llama32_3b,nar_g256_m1,nar,256,1,0,16,2.137481212615967,2047,4.125,32,,
llama32_3b,nar_g256_m1,nar,256,1,0,17,2.1493287086486816,2047,4.125,32,,
llama32_3b,nar_g256_m1,nar,256,1,0,18,1.950305700302124,2047,4.125,32,,
llama32_3b,nar_g256_m1,nar,256,1,0,19,2.1146533489227295,2047,4.125,32,,
llama32_3b,nar_g256_m1,nar,256,1,0,20,2.2406623363494873,2047,4.125,32,,
llama32_3b,nar_g256_m1,nar,256,1,0,21,2.1589462757110596,2047,4.125,32,,
llama32_3b,nar_g256_m1,nar,256,1,0,22,2.224308729171753,2047,4.125,32,,
llama32_3b,nar_g256_m1,nar,256,1,0,23,2.249950647354126,2047,4.125,32,,
llama32_3b,nar_g256_m1,nar,256,1,0,24,2.2856457233428955,2047,4.125,32,,
llama32_3b,nar_g256_m1,nar,256,1,0,25,2.350024938583374,2047,4.125,32,,
llama32_3b,nar_g256_m1,nar,256,1,0,26,2.4297218322753906,2047,4.125,32,,
llama32_3b,nar_g256_m1,nar,256,1,0,27,2.228322982788086,2047,4.125,32,,
llama32_3b,nar_g256_m1,nar,256,1,0,28,2.0102174282073975,2047,4.125,32,,
llama32_3b,nar_g256_m1,nar,256,1,0,29,1.8084267377853394,2047,4.125,32,,
llama32_3b,nar_g256_m1,nar,256,1,0,30,1.7118401527404785,2047,4.125,32,,
llama32_3b,nar_g256_m1,nar,256,1,0,31,1.7256748676300049,2047,4.125,32,,
llama32_3b,nar_g256_m1,nar,256,1,0,32,2.0172245502471924,2047,4.125,32,,
llama32_3b,nar_g256_m1,nar,256,1,0,33,1.9927730560302734,2047,4.125,32,,
llama32_3b,nar_g256_m1,nar,256,1,0,34,2.165924549102783,2047,4.125,32,,
llama32_3b,nar_g256_m1,nar,256,1,0,35,1.475225806236267,2047,4.125,32,,
llama32_3b,nar_g256_m1,nar,256,1,0,36,1.441929578781128,2047,4.125,32,,
llama32_3b,nar_g256_m1,nar,256,1,0,37,1.4850353002548218,2047,4.125,32,,
llama32_3b,nar_g256_m1,nar,256,1,0,38,1.4826900959014893,2047,4.125,32,,
llama32_3b,nar_g256_m1,nar,256,1,0,39,1.6782768964767456,2047,4.125,32,,
llama32_3b,nar_g256_m1,nar,256,1,0,40,2.2753288745880127,2047,4.125,32,,
llama32_3b,nar_g256_m1,nar,256,1,0,41,2.692086935043335,2047,4.125,32,,
llama32_3b,nar_g256_m1,nar,256,1,0,42,2.695122003555298,2047,4.125,32,,
llama32_3b,nar_g256_m1,nar,256,1,0,43,2.3191325664520264,2047,4.125,32,,
llama32_3b,nar_g256_m1,nar,256,1,0,44,2.3086295127868652,2047,4.125,32,,
llama32_3b,nar_g256_m1,nar,256,1,0,45,2.2818548679351807,2047,4.125,32,,
llama32_3b,nar_g256_m1,nar,256,1,0,46,2.378436326980591,2047,4.125,32,,
llama32_3b,nar_g256_m1,nar,256,1,0,47,2.1700894832611084,2047,4.125,32,,
llama32_3b,nar_g256_m1,nar,256,1,0,48,2.0399012565612793,2047,4.125,32,,
llama32_3b,nar_g256_m1,nar,256,1,0,49,2.029899835586548,2047,4.125,32,,
llama32_3b,nar_g256_m1,nar,256,1,0,50,1.7560734748840332,2047,4.125,32,,
llama32_3b,nar_g256_m1,nar,256,1,0,51,1.8497354984283447,2047,4.125,32,,
llama32_3b,nar_g256_m1,nar,256,1,0,52,1.6842756271362305,2047,4.125,32,,
llama32_3b,nar_g256_m1,nar,256,1,0,53,1.9082170724868774,2047,4.125,32,,
llama32_3b,nar_g256_m1,nar,256,1,0,54,1.6384713649749756,2047,4.125,32,,
llama32_3b,nar_g256_m1,nar,256,1,0,55,1.6204708814620972,2047,4.125,32,,
llama32_3b,nar_g256_m1,nar,256,1,0,56,1.843417763710022,2047,4.125,32,,
llama32_3b,nar_g256_m1,nar,256,1,0,57,1.8143877983093262,2047,4.125,32,,
llama32_3b,nar_g256_m1,nar,256,1,0,58,2.1909327507019043,2047,4.125,32,,
llama32_3b,nar_g256_m1,nar,256,1,0,59,2.3688113689422607,2047,4.125,32,,
llama32_3b,nar_g256_m1,nar,256,1,0,60,2.3659849166870117,2047,4.125,32,,
llama32_3b,nar_g256_m1,nar,256,1,0,61,2.476627826690674,2047,4.125,32,,
llama32_3b,nar_g256_m1,nar,256,1,0,62,1.518381953239441,2047,4.125,32,,
llama32_3b,nar_g256_m1,nar,256,1,0,63,1.9020920991897583,2047,4.125,32,,
llama32_3b,nar_g256_m1,nar,256,1,1,0,1.828742265701294,2047,4.125,32,,
llama32_3b,nar_g256_m1,nar,256,1,1,1,2.4253220558166504,2047,4.125,32,,
llama32_3b,nar_g256_m1,nar,256,1,1,2,2.509446859359741,2047,4.125,32,,
llama32_3b,nar_g256_m1,nar,256,1,1,3,2.02765154838562,2047,4.125,32,,
llama32_3b,nar_g256_m1,nar,256,1,1,4,1.9321844577789307,2047,4.125,32,,
llama32_3b,nar_g256_m1,nar,256,1,1,5,1.5555728673934937,2047,4.125,32,,
llama32_3b,nar_g256_m1,nar,256,1,1,6,1.6702555418014526,2047,4.125,32,,
llama32_3b,nar_g256_m1,nar,256,1,1,7,1.925783395767212,2047,4.125,32,,
llama32_3b,nar_g256_m1,nar,256,1,1,8,2.2640817165374756,2047,4.125,32,,
llama32_3b,nar_g256_m1,nar,256,1,1,9,1.9843801259994507,2047,4.125,32,,
llama32_3b,nar_g256_m1,nar,256,1,1,10,1.908729076385498,2047,4.125,32,,
llama32_3b,nar_g256_m1,nar,256,1,1,11,2.25702166557312,2047,4.125,32,,
llama32_3b,nar_g256_m1,nar,256,1,1,12,2.1247715950012207,2047,4.125,32,,
llama32_3b,nar_g256_m1,nar,256,1,1,13,2.285757303237915,2047,4.125,32,,
llama32_3b,nar_g256_m1,nar,256,1,1,14,2.205366849899292,2047,4.125,32,,
llama32_3b,nar_g256_m1,nar,256,1,1,15,2.4102821350097656,2047,4.125,32,,
llama32_3b,nar_g256_m1,nar,256,1,1,16,2.14028000831604,2047,4.125,32,,
llama32_3b,nar_g256_m1,nar,256,1,1,17,2.1540305614471436,2047,4.125,32,,
llama32_3b,nar_g256_m1,nar,256,1,1,18,1.9497289657592773,2047,4.125,32,,
llama32_3b,nar_g256_m1,nar,256,1,1,19,2.112412691116333,2047,4.125,32,,
llama32_3b,nar_g256_m1,nar,256,1,1,20,2.239708185195923,2047,4.125,32,,
llama32_3b,nar_g256_m1,nar,256,1,1,21,2.156633138656616,2047,4.125,32,,
llama32_3b,nar_g256_m1,nar,256,1,1,22,2.2160470485687256,2047,4.125,32,,
llama32_3b,nar_g256_m1,nar,256,1,1,23,2.2537243366241455,2047,4.125,32,,
llama32_3b,nar_g256_m1,nar,256,1,1,24,2.274103879928589,2047,4.125,32,,
llama32_3b,nar_g256_m1,nar,256,1,1,25,2.34395694732666,2047,4.125,32,,
llama32_3b,nar_g256_m1,nar,256,1,1,26,2.4392800331115723,2047,4.125,32,,
llama32_3b,nar_g256_m1,nar,256,1,1,27,2.233415126800537,2047,4.125,32,,
llama32_3b,nar_g256_m1,nar,256,1,1,28,2.0104236602783203,2047,4.125,32,,
llama32_3b,nar_g256_m1,nar,256,1,1,29,1.8129379749298096,2047,4.125,32,,
llama32_3b,nar_g256_m1,nar,256,1,1,30,1.7007478475570679,2047,4.125,32,,
llama32_3b,nar_g256_m1,nar,256,1,1,31,1.7247675657272339,2047,4.125,32,,
llama32_3b,nar_g256_m1,nar,256,1,1,32,2.023749589920044,2047,4.125,32,,
llama32_3b,nar_g256_m1,nar,256,1,1,33,1.9804543256759644,2047,4.125,32,,
llama32_3b,nar_g256_m1,nar,256,1,1,34,2.162654161453247,2047,4.125,32,,
llama32_3b,nar_g256_m1,nar,256,1,1,35,1.4777218103408813,2047,4.125,32,,
llama32_3b,nar_g256_m1,nar,256,1,1,36,1.4466228485107422,2047,4.125,32,,
llama32_3b,nar_g256_m1,nar,256,1,1,37,1.4918864965438843,2047,4.125,32,,
llama32_3b,nar_g256_m1,nar,256,1,1,38,1.4838436841964722,2047,4.125,32,,
llama32_3b,nar_g256_m1,nar,256,1,1,39,1.674330234527588,2047,4.125,32,,
llama32_3b,nar_g256_m1,nar,256,1,1,40,2.277634382247925,2047,4.125,32,,
llama32_3b,nar_g256_m1,nar,256,1,1,41,2.701165199279785,2047,4.125,32,,
llama32_3b,nar_g256_m1,nar,256,1,1,42,2.6911280155181885,2047,4.125,32,,
llama32_3b,nar_g256_m1,nar,256,1,1,43,2.3162760734558105,2047,4.125,32,,
llama32_3b,nar_g256_m1,nar,256,1,1,44,2.320047378540039,2047,4.125,32,,
llama32_3b,nar_g256_m1,nar,256,1,1,45,2.2822699546813965,2047,4.125,32,,
llama32_3b,nar_g256_m1,nar,256,1,1,46,2.3712382316589355,2047,4.125,32,,
llama32_3b,nar_g256_m1,nar,256,1,1,47,2.154148578643799,2047,4.125,32,,
llama32_3b,nar_g256_m1,nar,256,1,1,48,2.0430221557617188,2047,4.125,32,,
llama32_3b,nar_g256_m1,nar,256,1,1,49,2.035637617111206,2047,4.125,32,,
llama32_3b,nar_g256_m1,nar,256,1,1,50,1.759560465812683,2047,4.125,32,,
llama32_3b,nar_g256_m1,nar,256,1,1,51,1.8412539958953857,2047,4.125,32,,
llama32_3b,nar_g256_m1,nar,256,1,1,52,1.6834180355072021,2047,4.125,32,,
llama32_3b,nar_g256_m1,nar,256,1,1,53,1.9026051759719849,2047,4.125,32,,
llama32_3b,nar_g256_m1,nar,256,1,1,54,1.6226723194122314,2047,4.125,32,,
llama32_3b,nar_g256_m1,nar,256,1,1,55,1.6079671382904053,2047,4.125,32,,
llama32_3b,nar_g256_m1,nar,256,1,1,56,1.8398017883300781,2047,4.125,32,,
llama32_3b,nar_g256_m1,nar,256,1,1,57,1.8084489107131958,2047,4.125,32,,
llama32_3b,nar_g256_m1,nar,256,1,1,58,2.179699420928955,2047,4.125,32,,
llama32_3b,nar_g256_m1,nar,256,1,1,59,2.3582162857055664,2047,4.125,32,,
llama32_3b,nar_g256_m1,nar,256,1,1,60,2.36639404296875,2047,4.125,32,,
llama32_3b,nar_g256_m1,nar,256,1,1,61,2.4715912342071533,2047,4.125,32,,
llama32_3b,nar_g256_m1,nar,256,1,1,62,1.5238850116729736,2047,4.125,32,,
llama32_3b,nar_g256_m1,nar,256,1,1,63,1.9062319993972778,2047,4.125,32,,
llama32_3b,nar_g256_m1,nar,256,1,2,0,1.823814034461975,2047,4.125,32,,
llama32_3b,nar_g256_m1,nar,256,1,2,1,2.4283151626586914,2047,4.125,32,,
llama32_3b,nar_g256_m1,nar,256,1,2,2,2.5153682231903076,2047,4.125,32,,
llama32_3b,nar_g256_m1,nar,256,1,2,3,2.028015375137329,2047,4.125,32,,
llama32_3b,nar_g256_m1,nar,256,1,2,4,1.9265881776809692,2047,4.125,32,,
llama32_3b,nar_g256_m1,nar,256,1,2,5,1.5576814413070679,2047,4.125,32,,
llama32_3b,nar_g256_m1,nar,256,1,2,6,1.6746736764907837,2047,4.125,32,,
llama32_3b,nar_g256_m1,nar,256,1,2,7,1.9331867694854736,2047,4.125,32,,
llama32_3b,nar_g256_m1,nar,256,1,2,8,2.2567138671875,2047,4.125,32,,
llama32_3b,nar_g256_m1,nar,256,1,2,9,1.9781224727630615,2047,4.125,32,,
llama32_3b,nar_g256_m1,nar,256,1,2,10,1.9075697660446167,2047,4.125,32,,
llama32_3b,nar_g256_m1,nar,256,1,2,11,2.2593822479248047,2047,4.125,32,,
llama32_3b,nar_g256_m1,nar,256,1,2,12,2.1241912841796875,2047,4.125,32,,
llama32_3b,nar_g256_m1,nar,256,1,2,13,2.283390998840332,2047,4.125,32,,
llama32_3b,nar_g256_m1,nar,256,1,2,14,2.2186238765716553,2047,4.125,32,,
llama32_3b,nar_g256_m1,nar,256,1,2,15,2.4071688652038574,2047,4.125,32,,
llama32_3b,nar_g256_m1,nar,256,1,2,16,2.1339359283447266,2047,4.125,32,,
llama32_3b,nar_g256_m1,nar,256,1,2,17,2.156592607498169,2047,4.125,32,,
llama32_3b,nar_g256_m1,nar,256,1,2,18,1.9657025337219238,2047,4.125,32,,
llama32_3b,nar_g256_m1,nar,256,1,2,19,2.121741533279419,2047,4.125,32,,
llama32_3b,nar_g256_m1,nar,256,1,2,20,2.235975980758667,2047,4.125,32,,
llama32_3b,nar_g256_m1,nar,256,1,2,21,2.1713171005249023,2047,4.125,32,,
llama32_3b,nar_g256_m1,nar,256,1,2,22,2.2113888263702393,2047,4.125,32,,
llama32_3b,nar_g256_m1,nar,256,1,2,23,2.2603230476379395,2047,4.125,32,,
llama32_3b,nar_g256_m1,nar,256,1,2,24,2.2864534854888916,2047,4.125,32,,
llama32_3b,nar_g256_m1,nar,256,1,2,25,2.3495569229125977,2047,4.125,32,,
llama32_3b,nar_g256_m1,nar,256,1,2,26,2.4346117973327637,2047,4.125,32,,
llama32_3b,nar_g256_m1,nar,256,1,2,27,2.230039358139038,2047,4.125,32,,
llama32_3b,nar_g256_m1,nar,256,1,2,28,2.00917387008667,2047,4.125,32,,
llama32_3b,nar_g256_m1,nar,256,1,2,29,1.8178322315216064,2047,4.125,32,,
llama32_3b,nar_g256_m1,nar,256,1,2,30,1.7020982503890991,2047,4.125,32,,
llama32_3b,nar_g256_m1,nar,256,1,2,31,1.7208725214004517,2047,4.125,32,,
llama32_3b,nar_g256_m1,nar,256,1,2,32,2.0215163230895996,2047,4.125,32,,
llama32_3b,nar_g256_m1,nar,256,1,2,33,1.982475996017456,2047,4.125,32,,
llama32_3b,nar_g256_m1,nar,256,1,2,34,2.161442756652832,2047,4.125,32,,
llama32_3b,nar_g256_m1,nar,256,1,2,35,1.4843767881393433,2047,4.125,32,,
llama32_3b,nar_g256_m1,nar,256,1,2,36,1.450652003288269,2047,4.125,32,,
llama32_3b,nar_g256_m1,nar,256,1,2,37,1.5041440725326538,2047,4.125,32,,
llama32_3b,nar_g256_m1,nar,256,1,2,38,1.4773980379104614,2047,4.125,32,,
llama32_3b,nar_g256_m1,nar,256,1,2,39,1.682361364364624,2047,4.125,32,,
llama32_3b,nar_g256_m1,nar,256,1,2,40,2.274570941925049,2047,4.125,32,,
llama32_3b,nar_g256_m1,nar,256,1,2,41,2.6910436153411865,2047,4.125,32,,
llama32_3b,nar_g256_m1,nar,256,1,2,42,2.6911683082580566,2047,4.125,32,,
llama32_3b,nar_g256_m1,nar,256,1,2,43,2.319530725479126,2047,4.125,32,,
llama32_3b,nar_g256_m1,nar,256,1,2,44,2.3154640197753906,2047,4.125,32,,
llama32_3b,nar_g256_m1,nar,256,1,2,45,2.2805638313293457,2047,4.125,32,,
llama32_3b,nar_g256_m1,nar,256,1,2,46,2.3800582885742188,2047,4.125,32,,
llama32_3b,nar_g256_m1,nar,256,1,2,47,2.162928581237793,2047,4.125,32,,
llama32_3b,nar_g256_m1,nar,256,1,2,48,2.0497899055480957,2047,4.125,32,,
llama32_3b,nar_g256_m1,nar,256,1,2,49,2.0389928817749023,2047,4.125,32,,
llama32_3b,nar_g256_m1,nar,256,1,2,50,1.7577872276306152,2047,4.125,32,,
llama32_3b,nar_g256_m1,nar,256,1,2,51,1.8484386205673218,2047,4.125,32,,
llama32_3b,nar_g256_m1,nar,256,1,2,52,1.6807360649108887,2047,4.125,32,,
llama32_3b,nar_g256_m1,nar,256,1,2,53,1.9120995998382568,2047,4.125,32,,
llama32_3b,nar_g256_m1,nar,256,1,2,54,1.6456798315048218,2047,4.125,32,,
llama32_3b,nar_g256_m1,nar,256,1,2,55,1.6075599193572998,2047,4.125,32,,
llama32_3b,nar_g256_m1,nar,256,1,2,56,1.844158411026001,2047,4.125,32,,
llama32_3b,nar_g256_m1,nar,256,1,2,57,1.8061909675598145,2047,4.125,32,,
llama32_3b,nar_g256_m1,nar,256,1,2,58,2.183685302734375,2047,4.125,32,,
llama32_3b,nar_g256_m1,nar,256,1,2,59,2.3564743995666504,2047,4.125,32,,
llama32_3b,nar_g256_m1,nar,256,1,2,60,2.3688981533050537,2047,4.125,32,,
llama32_3b,nar_g256_m1,nar,256,1,2,61,2.4788243770599365,2047,4.125,32,,
llama32_3b,nar_g256_m1,nar,256,1,2,62,1.5233511924743652,2047,4.125,32,,
llama32_3b,nar_g256_m1,nar,256,1,2,63,1.9143577814102173,2047,4.125,32,,
llama32_3b,nar_g256_m2,nar,256,2,0,0,1.8320033550262451,2047,4.1875,64,,
llama32_3b,nar_g256_m2,nar,256,2,0,1,2.4375064373016357,2047,4.1875,64,,
llama32_3b,nar_g256_m2,nar,256,2,0,2,2.502911329269409,2047,4.1875,64,,
llama32_3b,nar_g256_m2,nar,256,2,0,3,2.017099618911743,2047,4.1875,64,,
llama32_3b,nar_g256_m2,nar,256,2,0,4,1.934096336364746,2047,4.1875,64,,
llama32_3b,nar_g256_m2,nar,256,2,0,5,1.55814528465271,2047,4.1875,64,,
llama32_3b,nar_g256_m2,nar,256,2,0,6,1.6702543497085571,2047,4.1875,64,,
llama32_3b,nar_g256_m2,nar,256,2,0,7,1.9194947481155396,2047,4.1875,64,,
llama32_3b,nar_g256_m2,nar,256,2,0,8,2.262770891189575,2047,4.1875,64,,
llama32_3b,nar_g256_m2,nar,256,2,0,9,1.9763636589050293,2047,4.1875,64,,
llama32_3b,nar_g256_m2,nar,256,2,0,10,1.9000298976898193,2047,4.1875,64,,
llama32_3b,nar_g256_m2,nar,256,2,0,11,2.2517285346984863,2047,4.1875,64,,
llama32_3b,nar_g256_m2,nar,256,2,0,12,2.122223138809204,2047,4.1875,64,,
llama32_3b,nar_g256_m2,nar,256,2,0,13,2.2766408920288086,2047,4.1875,64,,
llama32_3b,nar_g256_m2,nar,256,2,0,14,2.2070250511169434,2047,4.1875,64,,
llama32_3b,nar_g256_m2,nar,256,2,0,15,2.398057699203491,2047,4.1875,64,,
llama32_3b,nar_g256_m2,nar,256,2,0,16,2.1319425106048584,2047,4.1875,64,,
llama32_3b,nar_g256_m2,nar,256,2,0,17,2.1575119495391846,2047,4.1875,64,,
llama32_3b,nar_g256_m2,nar,256,2,0,18,1.958611011505127,2047,4.1875,64,,
llama32_3b,nar_g256_m2,nar,256,2,0,19,2.1198763847351074,2047,4.1875,64,,
llama32_3b,nar_g256_m2,nar,256,2,0,20,2.2348110675811768,2047,4.1875,64,,
llama32_3b,nar_g256_m2,nar,256,2,0,21,2.1602823734283447,2047,4.1875,64,,
llama32_3b,nar_g256_m2,nar,256,2,0,22,2.221330404281616,2047,4.1875,64,,
llama32_3b,nar_g256_m2,nar,256,2,0,23,2.254744052886963,2047,4.1875,64,,
llama32_3b,nar_g256_m2,nar,256,2,0,24,2.288210153579712,2047,4.1875,64,,
llama32_3b,nar_g256_m2,nar,256,2,0,25,2.347749948501587,2047,4.1875,64,,
llama32_3b,nar_g256_m2,nar,256,2,0,26,2.4333083629608154,2047,4.1875,64,,
llama32_3b,nar_g256_m2,nar,256,2,0,27,2.2281653881073,2047,4.1875,64,,
llama32_3b,nar_g256_m2,nar,256,2,0,28,2.0088346004486084,2047,4.1875,64,,
llama32_3b,nar_g256_m2,nar,256,2,0,29,1.8125030994415283,2047,4.1875,64,,
llama32_3b,nar_g256_m2,nar,256,2,0,30,1.699957251548767,2047,4.1875,64,,
llama32_3b,nar_g256_m2,nar,256,2,0,31,1.7223364114761353,2047,4.1875,64,,
llama32_3b,nar_g256_m2,nar,256,2,0,32,2.022165298461914,2047,4.1875,64,,
llama32_3b,nar_g256_m2,nar,256,2,0,33,1.989242434501648,2047,4.1875,64,,
llama32_3b,nar_g256_m2,nar,256,2,0,34,2.164700746536255,2047,4.1875,64,,
llama32_3b,nar_g256_m2,nar,256,2,0,35,1.4750102758407593,2047,4.1875,64,,
llama32_3b,nar_g256_m2,nar,256,2,0,36,1.4492144584655762,2047,4.1875,64,,
llama32_3b,nar_g256_m2,nar,256,2,0,37,1.485344409942627,2047,4.1875,64,,
llama32_3b,nar_g256_m2,nar,256,2,0,38,1.4774374961853027,2047,4.1875,64,,
llama32_3b,nar_g256_m2,nar,256,2,0,39,1.673980951309204,2047,4.1875,64,,
llama32_3b,nar_g256_m2,nar,256,2,0,40,2.278118133544922,2047,4.1875,64,,
llama32_3b,nar_g256_m2,nar,256,2,0,41,2.6915228366851807,2047,4.1875,64,,
llama32_3b,nar_g256_m2,nar,256,2,0,42,2.689415454864502,2047,4.1875,64,,
llama32_3b,nar_g256_m2,nar,256,2,0,43,2.3227977752685547,2047,4.1875,64,,
llama32_3b,nar_g256_m2,nar,256,2,0,44,2.3143019676208496,2047,4.1875,64,,
llama32_3b,nar_g256_m2,nar,256,2,0,45,2.2817139625549316,2047,4.1875,64,,
llama32_3b,nar_g256_m2,nar,256,2,0,46,2.373788356781006,2047,4.1875,64,,
llama32_3b,nar_g256_m2,nar,256,2,0,47,2.16241717338562,2047,4.1875,64,,
llama32_3b,nar_g256_m2,nar,256,2,0,48,2.0401418209075928,2047,4.1875,64,,
llama32_3b,nar_g256_m2,nar,256,2,0,49,2.039501428604126,2047,4.1875,64,,
llama32_3b,nar_g256_m2,nar,256,2,0,50,1.7609270811080933,2047,4.1875,64,,
llama32_3b,nar_g256_m2,nar,256,2,0,51,1.8417906761169434,2047,4.1875,64,,
llama32_3b,nar_g256_m2,nar,256,2,0,52,1.6781270503997803,2047,4.1875,64,,
llama32_3b,nar_g256_m2,nar,256,2,0,53,1.8966968059539795,2047,4.1875,64,,
llama32_3b,nar_g256_m2,nar,256,2,0,54,1.6399892568588257,2047,4.1875,64,,
llama32_3b,nar_g256_m2,nar,256,2,0,55,1.6147699356079102,2047,4.1875,64,,
llama32_3b,nar_g256_m2,nar,256,2,0,56,1.8417869806289673,2047,4.1875,64,,
llama32_3b,nar_g256_m2,nar,256,2,0,57,1.8120219707489014,2047,4.1875,64,,
llama32_3b,nar_g256_m2,nar,256,2,0,58,2.1835384368896484,2047,4.1875,64,,
llama32_3b,nar_g256_m2,nar,256,2,0,59,2.345839500427246,2047,4.1875,64,,
llama32_3b,nar_g256_m2,nar,256,2,0,60,2.36215877532959,2047,4.1875,64,,
llama32_3b,nar_g256_m2,nar,256,2,0,61,2.473233461380005,2047,4.1875,64,,
llama32_3b,nar_g256_m2,nar,256,2,0,62,1.5123838186264038,2047,4.1875,64,,
llama32_3b,nar_g256_m2,nar,256,2,0,63,1.8988678455352783,2047,4.1875,64,,
llama32_3b,nar_g256_m2,nar,256,2,1,0,1.8326067924499512,2047,4.1875,64,,
llama32_3b,nar_g256_m2,nar,256,2,1,1,2.433727741241455,2047,4.1875,64,,
llama32_3b,nar_g256_m2,nar,256,2,1,2,2.5185885429382324,2047,4.1875,64,,
llama32_3b,nar_g256_m2,nar,256,2,1,3,2.0152225494384766,2047,4.1875,64,,
llama32_3b,nar_g256_m2,nar,256,2,1,4,1.9403049945831299,2047,4.1875,64,,
llama32_3b,nar_g256_m2,nar,256,2,1,5,1.5617988109588623,2047,4.1875,64,,
llama32_3b,nar_g256_m2,nar,256,2,1,6,1.6754306554794312,2047,4.1875,64,,
llama32_3b,nar_g256_m2,nar,256,2,1,7,1.9209030866622925,2047,4.1875,64,,
llama32_3b,nar_g256_m2,nar,256,2,1,8,2.250187873840332,2047,4.1875,64,,
llama32_3b,nar_g256_m2,nar,256,2,1,9,1.974147081375122,2047,4.1875,64,,
llama32_3b,nar_g256_m2,nar,256,2,1,10,1.9010978937149048,2047,4.1875,64,,
llama32_3b,nar_g256_m2,nar,256,2,1,11,2.25477933883667,2047,4.1875,64,,
llama32_3b,nar_g256_m2,nar,256,2,1,12,2.1194779872894287,2047,4.1875,64,,
llama32_3b,nar_g256_m2,nar,256,2,1,13,2.2814626693725586,2047,4.1875,64,,
llama32_3b,nar_g256_m2,nar,256,2,1,14,2.2000508308410645,2047,4.1875,64,,
llama32_3b,nar_g256_m2,nar,256,2,1,15,2.404977560043335,2047,4.1875,64,,
llama32_3b,nar_g256_m2,nar,256,2,1,16,2.1367058753967285,2047,4.1875,64,,
llama32_3b,nar_g256_m2,nar,256,2,1,17,2.154383420944214,2047,4.1875,64,,
llama32_3b,nar_g256_m2,nar,256,2,1,18,1.9553054571151733,2047,4.1875,64,,
llama32_3b,nar_g256_m2,nar,256,2,1,19,2.121429920196533,2047,4.1875,64,,
llama32_3b,nar_g256_m2,nar,256,2,1,20,2.2322914600372314,2047,4.1875,64,,
llama32_3b,nar_g256_m2,nar,256,2,1,21,2.1606972217559814,2047,4.1875,64,,
llama32_3b,nar_g256_m2,nar,256,2,1,22,2.222264528274536,2047,4.1875,64,,
llama32_3b,nar_g256_m2,nar,256,2,1,23,2.250791549682617,2047,4.1875,64,,
llama32_3b,nar_g256_m2,nar,256,2,1,24,2.2807083129882812,2047,4.1875,64,,
llama32_3b,nar_g256_m2,nar,256,2,1,25,2.3483269214630127,2047,4.1875,64,,
llama32_3b,nar_g256_m2,nar,256,2,1,26,2.4367730617523193,2047,4.1875,64,,
llama32_3b,nar_g256_m2,nar,256,2,1,27,2.231372833251953,2047,4.1875,64,,
llama32_3b,nar_g256_m2,nar,256,2,1,28,2.008667230606079,2047,4.1875,64,,
llama32_3b,nar_g256_m2,nar,256,2,1,29,1.814439296722412,2047,4.1875,64,,
llama32_3b,nar_g256_m2,nar,256,2,1,30,1.6998487710952759,2047,4.1875,64,,
llama32_3b,nar_g256_m2,nar,256,2,1,31,1.7340846061706543,2047,4.1875,64,,
llama32_3b,nar_g256_m2,nar,256,2,1,32,2.025975227355957,2047,4.1875,64,,
llama32_3b,nar_g256_m2,nar,256,2,1,33,1.9807583093643188,2047,4.1875,64,,
llama32_3b,nar_g256_m2,nar,256,2,1,34,2.1630702018737793,2047,4.1875,64,,
llama32_3b,nar_g256_m2,nar,256,2,1,35,1.4785630702972412,2047,4.1875,64,,
llama32_3b,nar_g256_m2,nar,256,2,1,36,1.4514604806900024,2047,4.1875,64,,
llama32_3b,nar_g256_m2,nar,256,2,1,37,1.4877746105194092,2047,4.1875,64,,
llama32_3b,nar_g256_m2,nar,256,2,1,38,1.4714913368225098,2047,4.1875,64,,
llama32_3b,nar_g256_m2,nar,256,2,1,39,1.6801997423171997,2047,4.1875,64,,
llama32_3b,nar_g256_m2,nar,256,2,1,40,2.275063991546631,2047,4.1875,64,,
llama32_3b,nar_g256_m2,nar,256,2,1,41,2.6988627910614014,2047,4.1875,64,,
llama32_3b,nar_g256_m2,nar,256,2,1,42,2.6906979084014893,2047,4.1875,64,,
llama32_3b,nar_g256_m2,nar,256,2,1,43,2.3218295574188232,2047,4.1875,64,,
llama32_3b,nar_g256_m2,nar,256,2,1,44,2.304399251937866,2047,4.1875,64,,
llama32_3b,nar_g256_m2,nar,256,2,1,45,2.2877326011657715,2047,4.1875,64,,
llama32_3b,nar_g256_m2,nar,256,2,1,46,2.3692123889923096,2047,4.1875,64,,
llama32_3b,nar_g256_m2,nar,256,2,1,47,2.1695806980133057,2047,4.1875,64,,
llama32_3b,nar_g256_m2,nar,256,2,1,48,2.0388376712799072,2047,4.1875,64,,
llama32_3b,nar_g256_m2,nar,256,2,1,49,2.042201519012451,2047,4.1875,64,,
llama32_3b,nar_g256_m2,nar,256,2,1,50,1.7515599727630615,2047,4.1875,64,,
llama32_3b,nar_g256_m2,nar,256,2,1,51,1.8488150835037231,2047,4.1875,64,,
llama32_3b,nar_g256_m2,nar,256,2,1,52,1.6801475286483765,2047,4.1875,64,,
llama32_3b,nar_g256_m2,nar,256,2,1,53,1.895802617073059,2047,4.1875,64,,
llama32_3b,nar_g256_m2,nar,256,2,1,54,1.6364260911941528,2047,4.1875,64,,
llama32_3b,nar_g256_m2,nar,256,2,1,55,1.6139224767684937,2047,4.1875,64,,
llama32_3b,nar_g256_m2,nar,256,2,1,56,1.8428435325622559,2047,4.1875,64,,
llama32_3b,nar_g256_m2,nar,256,2,1,57,1.8156794309616089,2047,4.1875,64,,
llama32_3b,nar_g256_m2,nar,256,2,1,58,2.1881325244903564,2047,4.1875,64,,
llama32_3b,nar_g256_m2,nar,256,2,1,59,2.3567564487457275,2047,4.1875,64,,
llama32_3b,nar_g256_m2,nar,256,2,1,60,2.363236665725708,2047,4.1875,64,,
llama32_3b,nar_g256_m2,nar,256,2,1,61,2.4617815017700195,2047,4.1875,64,,
llama32_3b,nar_g256_m2,nar,256,2,1,62,1.5143104791641235,2047,4.1875,64,,
llama32_3b,nar_g256_m2,nar,256,2,1,63,1.9055105447769165,2047,4.1875,64,,
llama32_3b,nar_g256_m2,nar,256,2,2,0,1.8339977264404297,2047,4.1875,64,,
llama32_3b,nar_g256_m2,nar,256,2,2,1,2.4355642795562744,2047,4.1875,64,,
llama32_3b,nar_g256_m2,nar,256,2,2,2,2.5083351135253906,2047,4.1875,64,,
llama32_3b,nar_g256_m2,nar,256,2,2,3,2.016845464706421,2047,4.1875,64,,
llama32_3b,nar_g256_m2,nar,256,2,2,4,1.9349514245986938,2047,4.1875,64,,
llama32_3b,nar_g256_m2,nar,256,2,2,5,1.5526336431503296,2047,4.1875,64,,
llama32_3b,nar_g256_m2,nar,256,2,2,6,1.6764074563980103,2047,4.1875,64,,
llama32_3b,nar_g256_m2,nar,256,2,2,7,1.9291729927062988,2047,4.1875,64,,
llama32_3b,nar_g256_m2,nar,256,2,2,8,2.2591664791107178,2047,4.1875,64,,
llama32_3b,nar_g256_m2,nar,256,2,2,9,1.97689688205719,2047,4.1875,64,,
llama32_3b,nar_g256_m2,nar,256,2,2,10,1.904387354850769,2047,4.1875,64,,
llama32_3b,nar_g256_m2,nar,256,2,2,11,2.2594187259674072,2047,4.1875,64,,
llama32_3b,nar_g256_m2,nar,256,2,2,12,2.1277177333831787,2047,4.1875,64,,
llama32_3b,nar_g256_m2,nar,256,2,2,13,2.285977840423584,2047,4.1875,64,,
llama32_3b,nar_g256_m2,nar,256,2,2,14,2.202989101409912,2047,4.1875,64,,
llama32_3b,nar_g256_m2,nar,256,2,2,15,2.4099247455596924,2047,4.1875,64,,
llama32_3b,nar_g256_m2,nar,256,2,2,16,2.133913040161133,2047,4.1875,64,,
llama32_3b,nar_g256_m2,nar,256,2,2,17,2.152223587036133,2047,4.1875,64,,
llama32_3b,nar_g256_m2,nar,256,2,2,18,1.9499186277389526,2047,4.1875,64,,
llama32_3b,nar_g256_m2,nar,256,2,2,19,2.1189987659454346,2047,4.1875,64,,
llama32_3b,nar_g256_m2,nar,256,2,2,20,2.2311089038848877,2047,4.1875,64,,
llama32_3b,nar_g256_m2,nar,256,2,2,21,2.1545450687408447,2047,4.1875,64,,
llama32_3b,nar_g256_m2,nar,256,2,2,22,2.2216620445251465,2047,4.1875,64,,
llama32_3b,nar_g256_m2,nar,256,2,2,23,2.2562758922576904,2047,4.1875,64,,
llama32_3b,nar_g256_m2,nar,256,2,2,24,2.2900280952453613,2047,4.1875,64,,
llama32_3b,nar_g256_m2,nar,256,2,2,25,2.3472118377685547,2047,4.1875,64,,
llama32_3b,nar_g256_m2,nar,256,2,2,26,2.4271223545074463,2047,4.1875,64,,
llama32_3b,nar_g256_m2,nar,256,2,2,27,2.2269208431243896,2047,4.1875,64,,
llama32_3b,nar_g256_m2,nar,256,2,2,28,1.9990452527999878,2047,4.1875,64,,
llama32_3b,nar_g256_m2,nar,256,2,2,29,1.80793297290802,2047,4.1875,64,,
llama32_3b,nar_g256_m2,nar,256,2,2,30,1.6931723356246948,2047,4.1875,64,,
llama32_3b,nar_g256_m2,nar,256,2,2,31,1.7272995710372925,2047,4.1875,64,,
llama32_3b,nar_g256_m2,nar,256,2,2,32,2.0259652137756348,2047,4.1875,64,,
llama32_3b,nar_g256_m2,nar,256,2,2,33,1.9876595735549927,2047,4.1875,64,,
llama32_3b,nar_g256_m2,nar,256,2,2,34,2.166398048400879,2047,4.1875,64,,
llama32_3b,nar_g256_m2,nar,256,2,2,35,1.479844331741333,2047,4.1875,64,,
llama32_3b,nar_g256_m2,nar,256,2,2,36,1.4534562826156616,2047,4.1875,64,,
llama32_3b,nar_g256_m2,nar,256,2,2,37,1.4915848970413208,2047,4.1875,64,,
llama32_3b,nar_g256_m2,nar,256,2,2,38,1.4760955572128296,2047,4.1875,64,,
llama32_3b,nar_g256_m2,nar,256,2,2,39,1.672276258468628,2047,4.1875,64,,
llama32_3b,nar_g256_m2,nar,256,2,2,40,2.273953676223755,2047,4.1875,64,,
llama32_3b,nar_g256_m2,nar,256,2,2,41,2.69606876373291,2047,4.1875,64,,
llama32_3b,nar_g256_m2,nar,256,2,2,42,2.6868810653686523,2047,4.1875,64,,
llama32_3b,nar_g256_m2,nar,256,2,2,43,2.313883066177368,2047,4.1875,64,,
llama32_3b,nar_g256_m2,nar,256,2,2,44,2.317002058029175,2047,4.1875,64,,
llama32_3b,nar_g256_m2,nar,256,2,2,45,2.2810239791870117,2047,4.1875,64,,
llama32_3b,nar_g256_m2,nar,256,2,2,46,2.3806276321411133,2047,4.1875,64,,
llama32_3b,nar_g256_m2,nar,256,2,2,47,2.1620664596557617,2047,4.1875,64,,
llama32_3b,nar_g256_m2,nar,256,2,2,48,2.0301637649536133,2047,4.1875,64,,
llama32_3b,nar_g256_m2,nar,256,2,2,49,2.0401597023010254,2047,4.1875,64,,
llama32_3b,nar_g256_m2,nar,256,2,2,50,1.7613306045532227,2047,4.1875,64,,
llama32_3b,nar_g256_m2,nar,256,2,2,51,1.8457698822021484,2047,4.1875,64,,
llama32_3b,nar_g256_m2,nar,256,2,2,52,1.6779533624649048,2047,4.1875,64,,
llama32_3b,nar_g256_m2,nar,256,2,2,53,1.8968147039413452,2047,4.1875,64,,
llama32_3b,nar_g256_m2,nar,256,2,2,54,1.6296571493148804,2047,4.1875,64,,
llama32_3b,nar_g256_m2,nar,256,2,2,55,1.611302137374878,2047,4.1875,64,,
llama32_3b,nar_g256_m2,nar,256,2,2,56,1.838178038597107,2047,4.1875,64,,
llama32_3b,nar_g256_m2,nar,256,2,2,57,1.810247778892517,2047,4.1875,64,,
llama32_3b,nar_g256_m2,nar,256,2,2,58,2.19401478767395,2047,4.1875,64,,
llama32_3b,nar_g256_m2,nar,256,2,2,59,2.3524603843688965,2047,4.1875,64,,
llama32_3b,nar_g256_m2,nar,256,2,2,60,2.358708381652832,2047,4.1875,64,,
llama32_3b,nar_g256_m2,nar,256,2,2,61,2.473057508468628,2047,4.1875,64,,
llama32_3b,nar_g256_m2,nar,256,2,2,62,1.515289545059204,2047,4.1875,64,,
llama32_3b,nar_g256_m2,nar,256,2,2,63,1.903327226638794,2047,4.1875,64,,
llama32_3b,nar_g256_m3,nar,256,3,0,0,1.8319370746612549,2047,4.25,96,,
llama32_3b,nar_g256_m3,nar,256,3,0,1,2.434870958328247,2047,4.25,96,,
llama32_3b,nar_g256_m3,nar,256,3,0,2,2.5039892196655273,2047,4.25,96,,
llama32_3b,nar_g256_m3,nar,256,3,0,3,2.0176801681518555,2047,4.25,96,,
llama32_3b,nar_g256_m3,nar,256,3,0,4,1.9403141736984253,2047,4.25,96,,
llama32_3b,nar_g256_m3,nar,256,3,0,5,1.5521093606948853,2047,4.25,96,,
llama32_3b,nar_g256_m3,nar,256,3,0,6,1.677058458328247,2047,4.25,96,,
llama32_3b,nar_g256_m3,nar,256,3,0,7,1.914090633392334,2047,4.25,96,,
llama32_3b,nar_g256_m3,nar,256,3,0,8,2.250033378601074,2047,4.25,96,,
llama32_3b,nar_g256_m3,nar,256,3,0,9,1.9761528968811035,2047,4.25,96,,
llama32_3b,nar_g256_m3,nar,256,3,0,10,1.9019708633422852,2047,4.25,96,,
llama32_3b,nar_g256_m3,nar,256,3,0,11,2.2561795711517334,2047,4.25,96,,
llama32_3b,nar_g256_m3,nar,256,3,0,12,2.125582456588745,2047,4.25,96,,
llama32_3b,nar_g256_m3,nar,256,3,0,13,2.279067277908325,2047,4.25,96,,
llama32_3b,nar_g256_m3,nar,256,3,0,14,2.2053382396698,2047,4.25,96,,
llama32_3b,nar_g256_m3,nar,256,3,0,15,2.404155731201172,2047,4.25,96,,
llama32_3b,nar_g256_m3,nar,256,3,0,16,2.1360867023468018,2047,4.25,96,,
llama32_3b,nar_g256_m3,nar,256,3,0,17,2.1605069637298584,2047,4.25,96,,
llama32_3b,nar_g256_m3,nar,256,3,0,18,1.9551044702529907,2047,4.25,96,,
llama32_3b,nar_g256_m3,nar,256,3,0,19,2.119683265686035,2047,4.25,96,,
llama32_3b,nar_g256_m3,nar,256,3,0,20,2.232445240020752,2047,4.25,96,,
llama32_3b,nar_g256_m3,nar,256,3,0,21,2.160555601119995,2047,4.25,96,,
llama32_3b,nar_g256_m3,nar,256,3,0,22,2.2237021923065186,2047,4.25,96,,
llama32_3b,nar_g256_m3,nar,256,3,0,23,2.2580509185791016,2047,4.25,96,,
llama32_3b,nar_g256_m3,nar,256,3,0,24,2.276355266571045,2047,4.25,96,,
llama32_3b,nar_g256_m3,nar,256,3,0,25,2.3524513244628906,2047,4.25,96,,
llama32_3b,nar_g256_m3,nar,256,3,0,26,2.4291059970855713,2047,4.25,96,,
llama32_3b,nar_g256_m3,nar,256,3,0,27,2.2276673316955566,2047,4.25,96,,
llama32_3b,nar_g256_m3,nar,256,3,0,28,2.0140678882598877,2047,4.25,96,,
llama32_3b,nar_g256_m3,nar,256,3,0,29,1.8149445056915283,2047,4.25,96,,
llama32_3b,nar_g256_m3,nar,256,3,0,30,1.6931407451629639,2047,4.25,96,,
llama32_3b,nar_g256_m3,nar,256,3,0,31,1.7269718647003174,2047,4.25,96,,
llama32_3b,nar_g256_m3,nar,256,3,0,32,2.0178492069244385,2047,4.25,96,,
llama32_3b,nar_g256_m3,nar,256,3,0,33,1.9885097742080688,2047,4.25,96,,
llama32_3b,nar_g256_m3,nar,256,3,0,34,2.165836811065674,2047,4.25,96,,
llama32_3b,nar_g256_m3,nar,256,3,0,35,1.4855002164840698,2047,4.25,96,,
llama32_3b,nar_g256_m3,nar,256,3,0,36,1.4477444887161255,2047,4.25,96,,
llama32_3b,nar_g256_m3,nar,256,3,0,37,1.4952996969223022,2047,4.25,96,,
llama32_3b,nar_g256_m3,nar,256,3,0,38,1.47038733959198,2047,4.25,96,,
llama32_3b,nar_g256_m3,nar,256,3,0,39,1.6758272647857666,2047,4.25,96,,
llama32_3b,nar_g256_m3,nar,256,3,0,40,2.284421443939209,2047,4.25,96,,
llama32_3b,nar_g256_m3,nar,256,3,0,41,2.696192979812622,2047,4.25,96,,
llama32_3b,nar_g256_m3,nar,256,3,0,42,2.691331624984741,2047,4.25,96,,
llama32_3b,nar_g256_m3,nar,256,3,0,43,2.327113628387451,2047,4.25,96,,
llama32_3b,nar_g256_m3,nar,256,3,0,44,2.308917284011841,2047,4.25,96,,
llama32_3b,nar_g256_m3,nar,256,3,0,45,2.2880353927612305,2047,4.25,96,,
llama32_3b,nar_g256_m3,nar,256,3,0,46,2.3776843547821045,2047,4.25,96,,
llama32_3b,nar_g256_m3,nar,256,3,0,47,2.1571593284606934,2047,4.25,96,,
llama32_3b,nar_g256_m3,nar,256,3,0,48,2.038212776184082,2047,4.25,96,,
llama32_3b,nar_g256_m3,nar,256,3,0,49,2.035754442214966,2047,4.25,96,,
llama32_3b,nar_g256_m3,nar,256,3,0,50,1.7548010349273682,2047,4.25,96,,
llama32_3b,nar_g256_m3,nar,256,3,0,51,1.8461899757385254,2047,4.25,96,,
llama32_3b,nar_g256_m3,nar,256,3,0,52,1.6832939386367798,2047,4.25,96,,
llama32_3b,nar_g256_m3,nar,256,3,0,53,1.9037182331085205,2047,4.25,96,,
llama32_3b,nar_g256_m3,nar,256,3,0,54,1.633927583694458,2047,4.25,96,,
llama32_3b,nar_g256_m3,nar,256,3,0,55,1.614088535308838,2047,4.25,96,,
llama32_3b,nar_g256_m3,nar,256,3,0,56,1.8413078784942627,2047,4.25,96,,
llama32_3b,nar_g256_m3,nar,256,3,0,57,1.8090187311172485,2047,4.25,96,,
llama32_3b,nar_g256_m3,nar,256,3,0,58,2.186471939086914,2047,4.25,96,,
llama32_3b,nar_g256_m3,nar,256,3,0,59,2.3594937324523926,2047,4.25,96,,
llama32_3b,nar_g256_m3,nar,256,3,0,60,2.362076997756958,2047,4.25,96,,
llama32_3b,nar_g256_m3,nar,256,3,0,61,2.4620728492736816,2047,4.25,96,,
llama32_3b,nar_g256_m3,nar,256,3,0,62,1.51812744140625,2047,4.25,96,,
llama32_3b,nar_g256_m3,nar,256,3,0,63,1.902231216430664,2047,4.25,96,,
llama32_3b,nar_g256_m3,nar,256,3,1,0,1.834388256072998,2047,4.25,96,,
llama32_3b,nar_g256_m3,nar,256,3,1,1,2.4304544925689697,2047,4.25,96,,
llama32_3b,nar_g256_m3,nar,256,3,1,2,2.5061936378479004,2047,4.25,96,,
llama32_3b,nar_g256_m3,nar,256,3,1,3,2.019108533859253,2047,4.25,96,,
llama32_3b,nar_g256_m3,nar,256,3,1,4,1.9259891510009766,2047,4.25,96,,
llama32_3b,nar_g256_m3,nar,256,3,1,5,1.5559700727462769,2047,4.25,96,,
llama32_3b,nar_g256_m3,nar,256,3,1,6,1.6648436784744263,2047,4.25,96,,
llama32_3b,nar_g256_m3,nar,256,3,1,7,1.9246618747711182,2047,4.25,96,,
llama32_3b,nar_g256_m3,nar,256,3,1,8,2.2529854774475098,2047,4.25,96,,
llama32_3b,nar_g256_m3,nar,256,3,1,9,1.9715200662612915,2047,4.25,96,,
llama32_3b,nar_g256_m3,nar,256,3,1,10,1.9010578393936157,2047,4.25,96,,
llama32_3b,nar_g256_m3,nar,256,3,1,11,2.258394241333008,2047,4.25,96,,
llama32_3b,nar_g256_m3,nar,256,3,1,12,2.1165192127227783,2047,4.25,96,,
llama32_3b,nar_g256_m3,nar,256,3,1,13,2.276186466217041,2047,4.25,96,,
llama32_3b,nar_g256_m3,nar,256,3,1,14,2.206441879272461,2047,4.25,96,,
llama32_3b,nar_g256_m3,nar,256,3,1,15,2.401845693588257,2047,4.25,96,,
llama32_3b,nar_g256_m3,nar,256,3,1,16,2.1344640254974365,2047,4.25,96,,
llama32_3b,nar_g256_m3,nar,256,3,1,17,2.146615505218506,2047,4.25,96,,
llama32_3b,nar_g256_m3,nar,256,3,1,18,1.9622793197631836,2047,4.25,96,,
llama32_3b,nar_g256_m3,nar,256,3,1,19,2.1166107654571533,2047,4.25,96,,
llama32_3b,nar_g256_m3,nar,256,3,1,20,2.237987518310547,2047,4.25,96,,
llama32_3b,nar_g256_m3,nar,256,3,1,21,2.1600069999694824,2047,4.25,96,,
llama32_3b,nar_g256_m3,nar,256,3,1,22,2.2053027153015137,2047,4.25,96,,
llama32_3b,nar_g256_m3,nar,256,3,1,23,2.2572052478790283,2047,4.25,96,,
llama32_3b,nar_g256_m3,nar,256,3,1,24,2.2843728065490723,2047,4.25,96,,
llama32_3b,nar_g256_m3,nar,256,3,1,25,2.3361666202545166,2047,4.25,96,,
llama32_3b,nar_g256_m3,nar,256,3,1,26,2.43255352973938,2047,4.25,96,,
llama32_3b,nar_g256_m3,nar,256,3,1,27,2.229159116744995,2047,4.25,96,,
llama32_3b,nar_g256_m3,nar,256,3,1,28,2.0051848888397217,2047,4.25,96,,
llama32_3b,nar_g256_m3,nar,256,3,1,29,1.819475531578064,2047,4.25,96,,
llama32_3b,nar_g256_m3,nar,256,3,1,30,1.6981229782104492,2047,4.25,96,,
llama32_3b,nar_g256_m3,nar,256,3,1,31,1.723616123199463,2047,4.25,96,,
llama32_3b,nar_g256_m3,nar,256,3,1,32,2.0223538875579834,2047,4.25,96,,
llama32_3b,nar_g256_m3,nar,256,3,1,33,1.9820774793624878,2047,4.25,96,,
llama32_3b,nar_g256_m3,nar,256,3,1,34,2.1650705337524414,2047,4.25,96,,
llama32_3b,nar_g256_m3,nar,256,3,1,35,1.4876892566680908,2047,4.25,96,,
llama32_3b,nar_g256_m3,nar,256,3,1,36,1.4537488222122192,2047,4.25,96,,
llama32_3b,nar_g256_m3,nar,256,3,1,37,1.4953287839889526,2047,4.25,96,,
llama32_3b,nar_g256_m3,nar,256,3,1,38,1.4687790870666504,2047,4.25,96,,
llama32_3b,nar_g256_m3,nar,256,3,1,39,1.6772280931472778,2047,4.25,96,,
llama32_3b,nar_g256_m3,nar,256,3,1,40,2.2835121154785156,2047,4.25,96,,
llama32_3b,nar_g256_m3,nar,256,3,1,41,2.6921162605285645,2047,4.25,96,,
llama32_3b,nar_g256_m3,nar,256,3,1,42,2.6894500255584717,2047,4.25,96,,
llama32_3b,nar_g256_m3,nar,256,3,1,43,2.320293426513672,2047,4.25,96,,
llama32_3b,nar_g256_m3,nar,256,3,1,44,2.307269811630249,2047,4.25,96,,
llama32_3b,nar_g256_m3,nar,256,3,1,45,2.281970262527466,2047,4.25,96,,
llama32_3b,nar_g256_m3,nar,256,3,1,46,2.374718189239502,2047,4.25,96,,
llama32_3b,nar_g256_m3,nar,256,3,1,47,2.164628744125366,2047,4.25,96,,
llama32_3b,nar_g256_m3,nar,256,3,1,48,2.0427794456481934,2047,4.25,96,,
llama32_3b,nar_g256_m3,nar,256,3,1,49,2.031008720397949,2047,4.25,96,,
llama32_3b,nar_g256_m3,nar,256,3,1,50,1.7640936374664307,2047,4.25,96,,
llama32_3b,nar_g256_m3,nar,256,3,1,51,1.8392469882965088,2047,4.25,96,,
llama32_3b,nar_g256_m3,nar,256,3,1,52,1.6804426908493042,2047,4.25,96,,
llama32_3b,nar_g256_m3,nar,256,3,1,53,1.902613639831543,2047,4.25,96,,
llama32_3b,nar_g256_m3,nar,256,3,1,54,1.6328063011169434,2047,4.25,96,,
llama32_3b,nar_g256_m3,nar,256,3,1,55,1.6130690574645996,2047,4.25,96,,
llama32_3b,nar_g256_m3,nar,256,3,1,56,1.832696557044983,2047,4.25,96,,
llama32_3b,nar_g256_m3,nar,256,3,1,57,1.8066123723983765,2047,4.25,96,,
llama32_3b,nar_g256_m3,nar,256,3,1,58,2.18586802482605,2047,4.25,96,,
llama32_3b,nar_g256_m3,nar,256,3,1,59,2.3573222160339355,2047,4.25,96,,
llama32_3b,nar_g256_m3,nar,256,3,1,60,2.357543468475342,2047,4.25,96,,
llama32_3b,nar_g256_m3,nar,256,3,1,61,2.466470718383789,2047,4.25,96,,
llama32_3b,nar_g256_m3,nar,256,3,1,62,1.5203250646591187,2047,4.25,96,,
llama32_3b,nar_g256_m3,nar,256,3,1,63,1.9081499576568604,2047,4.25,96,,
llama32_3b,nar_g256_m3,nar,256,3,2,0,1.839030146598816,2047,4.25,96,,
llama32_3b,nar_g256_m3,nar,256,3,2,1,2.434204339981079,2047,4.25,96,,
llama32_3b,nar_g256_m3,nar,256,3,2,2,2.5042738914489746,2047,4.25,96,,
llama32_3b,nar_g256_m3,nar,256,3,2,3,2.018561363220215,2047,4.25,96,,
llama32_3b,nar_g256_m3,nar,256,3,2,4,1.9297616481781006,2047,4.25,96,,
llama32_3b,nar_g256_m3,nar,256,3,2,5,1.560498595237732,2047,4.25,96,,
llama32_3b,nar_g256_m3,nar,256,3,2,6,1.665768027305603,2047,4.25,96,,
llama32_3b,nar_g256_m3,nar,256,3,2,7,1.9187368154525757,2047,4.25,96,,
llama32_3b,nar_g256_m3,nar,256,3,2,8,2.2608072757720947,2047,4.25,96,,
llama32_3b,nar_g256_m3,nar,256,3,2,9,1.9701156616210938,2047,4.25,96,,
llama32_3b,nar_g256_m3,nar,256,3,2,10,1.9062681198120117,2047,4.25,96,,
llama32_3b,nar_g256_m3,nar,256,3,2,11,2.2497446537017822,2047,4.25,96,,
llama32_3b,nar_g256_m3,nar,256,3,2,12,2.117755651473999,2047,4.25,96,,
llama32_3b,nar_g256_m3,nar,256,3,2,13,2.2743821144104004,2047,4.25,96,,
llama32_3b,nar_g256_m3,nar,256,3,2,14,2.2052981853485107,2047,4.25,96,,
llama32_3b,nar_g256_m3,nar,256,3,2,15,2.406599760055542,2047,4.25,96,,
llama32_3b,nar_g256_m3,nar,256,3,2,16,2.1371865272521973,2047,4.25,96,,
llama32_3b,nar_g256_m3,nar,256,3,2,17,2.137833595275879,2047,4.25,96,,
llama32_3b,nar_g256_m3,nar,256,3,2,18,1.9605426788330078,2047,4.25,96,,
llama32_3b,nar_g256_m3,nar,256,3,2,19,2.1171629428863525,2047,4.25,96,,
llama32_3b,nar_g256_m3,nar,256,3,2,20,2.2336390018463135,2047,4.25,96,,
llama32_3b,nar_g256_m3,nar,256,3,2,21,2.1610372066497803,2047,4.25,96,,
llama32_3b,nar_g256_m3,nar,256,3,2,22,2.2100777626037598,2047,4.25,96,,
llama32_3b,nar_g256_m3,nar,256,3,2,23,2.2559280395507812,2047,4.25,96,,
llama32_3b,nar_g256_m3,nar,256,3,2,24,2.281275749206543,2047,4.25,96,,
llama32_3b,nar_g256_m3,nar,256,3,2,25,2.3385753631591797,2047,4.25,96,,
llama32_3b,nar_g256_m3,nar,256,3,2,26,2.431605339050293,2047,4.25,96,,
llama32_3b,nar_g256_m3,nar,256,3,2,27,2.22568941116333,2047,4.25,96,,
llama32_3b,nar_g256_m3,nar,256,3,2,28,2.007050037384033,2047,4.25,96,,
llama32_3b,nar_g256_m3,nar,256,3,2,29,1.8117172718048096,2047,4.25,96,,
llama32_3b,nar_g256_m3,nar,256,3,2,30,1.6975855827331543,2047,4.25,96,,
llama32_3b,nar_g256_m3,nar,256,3,2,31,1.7325332164764404,2047,4.25,96,,
llama32_3b,nar_g256_m3,nar,256,3,2,32,2.028559684753418,2047,4.25,96,,
llama32_3b,nar_g256_m3,nar,256,3,2,33,1.991524577140808,2047,4.25,96,,
llama32_3b,nar_g256_m3,nar,256,3,2,34,2.166008472442627,2047,4.25,96,,
llama32_3b,nar_g256_m3,nar,256,3,2,35,1.4756319522857666,2047,4.25,96,,
llama32_3b,nar_g256_m3,nar,256,3,2,36,1.446235179901123,2047,4.25,96,,
llama32_3b,nar_g256_m3,nar,256,3,2,37,1.4902758598327637,2047,4.25,96,,
llama32_3b,nar_g256_m3,nar,256,3,2,38,1.4834295511245728,2047,4.25,96,,
llama32_3b,nar_g256_m3,nar,256,3,2,39,1.6778411865234375,2047,4.25,96,,
llama32_3b,nar_g256_m3,nar,256,3,2,40,2.2727816104888916,2047,4.25,96,,
llama32_3b,nar_g256_m3,nar,256,3,2,41,2.6981027126312256,2047,4.25,96,,
llama32_3b,nar_g256_m3,nar,256,3,2,42,2.68902850151062,2047,4.25,96,,
llama32_3b,nar_g256_m3,nar,256,3,2,43,2.315903902053833,2047,4.25,96,,
llama32_3b,nar_g256_m3,nar,256,3,2,44,2.312044382095337,2047,4.25,96,,
llama32_3b,nar_g256_m3,nar,256,3,2,45,2.283292531967163,2047,4.25,96,,
llama32_3b,nar_g256_m3,nar,256,3,2,46,2.380223035812378,2047,4.25,96,,
llama32_3b,nar_g256_m3,nar,256,3,2,47,2.172266721725464,2047,4.25,96,,
llama32_3b,nar_g256_m3,nar,256,3,2,48,2.044337511062622,2047,4.25,96,,
llama32_3b,nar_g256_m3,nar,256,3,2,49,2.0355916023254395,2047,4.25,96,,
llama32_3b,nar_g256_m3,nar,256,3,2,50,1.7607487440109253,2047,4.25,96,,
llama32_3b,nar_g256_m3,nar,256,3,2,51,1.8456289768218994,2047,4.25,96,,
llama32_3b,nar_g256_m3,nar,256,3,2,52,1.68111252784729,2047,4.25,96,,
llama32_3b,nar_g256_m3,nar,256,3,2,53,1.9042043685913086,2047,4.25,96,,
llama32_3b,nar_g256_m3,nar,256,3,2,54,1.6340795755386353,2047,4.25,96,,
llama32_3b,nar_g256_m3,nar,256,3,2,55,1.615538477897644,2047,4.25,96,,
llama32_3b,nar_g256_m3,nar,256,3,2,56,1.8355011940002441,2047,4.25,96,,
llama32_3b,nar_g256_m3,nar,256,3,2,57,1.8109338283538818,2047,4.25,96,,
llama32_3b,nar_g256_m3,nar,256,3,2,58,2.183833122253418,2047,4.25,96,,
llama32_3b,nar_g256_m3,nar,256,3,2,59,2.360076904296875,2047,4.25,96,,
llama32_3b,nar_g256_m3,nar,256,3,2,60,2.367713212966919,2047,4.25,96,,
llama32_3b,nar_g256_m3,nar,256,3,2,61,2.4669289588928223,2047,4.25,96,,
llama32_3b,nar_g256_m3,nar,256,3,2,62,1.5195242166519165,2047,4.25,96,,
llama32_3b,nar_g256_m3,nar,256,3,2,63,1.9107415676116943,2047,4.25,96,,
llama32_3b,nar_g128_m2,nar,128,2,0,0,1.8267464637756348,2047,4.375,128,,
llama32_3b,nar_g128_m2,nar,128,2,0,1,2.433974027633667,2047,4.375,128,,
llama32_3b,nar_g128_m2,nar,128,2,0,2,2.5016720294952393,2047,4.375,128,,
llama32_3b,nar_g128_m2,nar,128,2,0,3,2.0173826217651367,2047,4.375,128,,
llama32_3b,nar_g128_m2,nar,128,2,0,4,1.9282610416412354,2047,4.375,128,,
llama32_3b,nar_g128_m2,nar,128,2,0,5,1.5560328960418701,2047,4.375,128,,
llama32_3b,nar_g128_m2,nar,128,2,0,6,1.6672344207763672,2047,4.375,128,,
llama32_3b,nar_g128_m2,nar,128,2,0,7,1.9221746921539307,2047,4.375,128,,
llama32_3b,nar_g128_m2,nar,128,2,0,8,2.261749267578125,2047,4.375,128,,
llama32_3b,nar_g128_m2,nar,128,2,0,9,1.9765355587005615,2047,4.375,128,,
llama32_3b,nar_g128_m2,nar,128,2,0,10,1.9023840427398682,2047,4.375,128,,
llama32_3b,nar_g128_m2,nar,128,2,0,11,2.2584848403930664,2047,4.375,128,,
llama32_3b,nar_g128_m2,nar,128,2,0,12,2.1148521900177,2047,4.375,128,,
llama32_3b,nar_g128_m2,nar,128,2,0,13,2.2765493392944336,2047,4.375,128,,
llama32_3b,nar_g128_m2,nar,128,2,0,14,2.1971874237060547,2047,4.375,128,,
llama32_3b,nar_g128_m2,nar,128,2,0,15,2.3962578773498535,2047,4.375,128,,
llama32_3b,nar_g128_m2,nar,128,2,0,16,2.1336967945098877,2047,4.375,128,,
llama32_3b,nar_g128_m2,nar,128,2,0,17,2.151049852371216,2047,4.375,128,,
llama32_3b,nar_g128_m2,nar,128,2,0,18,1.9599518775939941,2047,4.375,128,,
llama32_3b,nar_g128_m2,nar,128,2,0,19,2.1132593154907227,2047,4.375,128,,
llama32_3b,nar_g128_m2,nar,128,2,0,20,2.2317557334899902,2047,4.375,128,,
llama32_3b,nar_g128_m2,nar,128,2,0,21,2.15399169921875,2047,4.375,128,,
llama32_3b,nar_g128_m2,nar,128,2,0,22,2.217350959777832,2047,4.375,128,,
llama32_3b,nar_g128_m2,nar,128,2,0,23,2.242933750152588,2047,4.375,128,,
llama32_3b,nar_g128_m2,nar,128,2,0,24,2.282027244567871,2047,4.375,128,,
llama32_3b,nar_g128_m2,nar,128,2,0,25,2.337653160095215,2047,4.375,128,,
llama32_3b,nar_g128_m2,nar,128,2,0,26,2.4256110191345215,2047,4.375,128,,
llama32_3b,nar_g128_m2,nar,128,2,0,27,2.225466251373291,2047,4.375,128,,
llama32_3b,nar_g128_m2,nar,128,2,0,28,1.9955358505249023,2047,4.375,128,,
llama32_3b,nar_g128_m2,nar,128,2,0,29,1.8076372146606445,2047,4.375,128,,
llama32_3b,nar_g128_m2,nar,128,2,0,30,1.688843011856079,2047,4.375,128,,
llama32_3b,nar_g128_m2,nar,128,2,0,31,1.7226684093475342,2047,4.375,128,,
llama32_3b,nar_g128_m2,nar,128,2,0,32,2.017775774002075,2047,4.375,128,,
llama32_3b,nar_g128_m2,nar,128,2,0,33,1.9759540557861328,2047,4.375,128,,
llama32_3b,nar_g128_m2,nar,128,2,0,34,2.1659324169158936,2047,4.375,128,,
llama32_3b,nar_g128_m2,nar,128,2,0,35,1.471665382385254,2047,4.375,128,,
llama32_3b,nar_g128_m2,nar,128,2,0,36,1.4570192098617554,2047,4.375,128,,
llama32_3b,nar_g128_m2,nar,128,2,0,37,1.4882169961929321,2047,4.375,128,,
llama32_3b,nar_g128_m2,nar,128,2,0,38,1.4782499074935913,2047,4.375,128,,
llama32_3b,nar_g128_m2,nar,128,2,0,39,1.6668684482574463,2047,4.375,128,,
llama32_3b,nar_g128_m2,nar,128,2,0,40,2.2742066383361816,2047,4.375,128,,
llama32_3b,nar_g128_m2,nar,128,2,0,41,2.695173978805542,2047,4.375,128,,
llama32_3b,nar_g128_m2,nar,128,2,0,42,2.6853830814361572,2047,4.375,128,,
llama32_3b,nar_g128_m2,nar,128,2,0,43,2.3132858276367188,2047,4.375,128,,
llama32_3b,nar_g128_m2,nar,128,2,0,44,2.3086681365966797,2047,4.375,128,,
llama32_3b,nar_g128_m2,nar,128,2,0,45,2.272732973098755,2047,4.375,128,,
llama32_3b,nar_g128_m2,nar,128,2,0,46,2.366041898727417,2047,4.375,128,,
llama32_3b,nar_g128_m2,nar,128,2,0,47,2.166581869125366,2047,4.375,128,,
llama32_3b,nar_g128_m2,nar,128,2,0,48,2.0396549701690674,2047,4.375,128,,
llama32_3b,nar_g128_m2,nar,128,2,0,49,2.0376267433166504,2047,4.375,128,,
llama32_3b,nar_g128_m2,nar,128,2,0,50,1.7608067989349365,2047,4.375,128,,
llama32_3b,nar_g128_m2,nar,128,2,0,51,1.84088134765625,2047,4.375,128,,
llama32_3b,nar_g128_m2,nar,128,2,0,52,1.6777321100234985,2047,4.375,128,,
llama32_3b,nar_g128_m2,nar,128,2,0,53,1.9034414291381836,2047,4.375,128,,
llama32_3b,nar_g128_m2,nar,128,2,0,54,1.638159990310669,2047,4.375,128,,
llama32_3b,nar_g128_m2,nar,128,2,0,55,1.6065809726715088,2047,4.375,128,,
llama32_3b,nar_g128_m2,nar,128,2,0,56,1.8394170999526978,2047,4.375,128,,
llama32_3b,nar_g128_m2,nar,128,2,0,57,1.8069285154342651,2047,4.375,128,,
llama32_3b,nar_g128_m2,nar,128,2,0,58,2.1782381534576416,2047,4.375,128,,
llama32_3b,nar_g128_m2,nar,128,2,0,59,2.3455777168273926,2047,4.375,128,,
llama32_3b,nar_g128_m2,nar,128,2,0,60,2.3542628288269043,2047,4.375,128,,
llama32_3b,nar_g128_m2,nar,128,2,0,61,2.461925506591797,2047,4.375,128,,
llama32_3b,nar_g128_m2,nar,128,2,0,62,1.5273480415344238,2047,4.375,128,,
llama32_3b,nar_g128_m2,nar,128,2,0,63,1.9018418788909912,2047,4.375,128,,
llama32_3b,nar_g128_m2,nar,128,2,1,0,1.8374242782592773,2047,4.375,128,,
llama32_3b,nar_g128_m2,nar,128,2,1,1,2.4327473640441895,2047,4.375,128,,
llama32_3b,nar_g128_m2,nar,128,2,1,2,2.50298810005188,2047,4.375,128,,
llama32_3b,nar_g128_m2,nar,128,2,1,3,2.0107803344726562,2047,4.375,128,,
llama32_3b,nar_g128_m2,nar,128,2,1,4,1.9279147386550903,2047,4.375,128,,
llama32_3b,nar_g128_m2,nar,128,2,1,5,1.5584834814071655,2047,4.375,128,,
llama32_3b,nar_g128_m2,nar,128,2,1,6,1.6618694067001343,2047,4.375,128,,
llama32_3b,nar_g128_m2,nar,128,2,1,7,1.9192028045654297,2047,4.375,128,,
llama32_3b,nar_g128_m2,nar,128,2,1,8,2.2423391342163086,2047,4.375,128,,
llama32_3b,nar_g128_m2,nar,128,2,1,9,1.9736632108688354,2047,4.375,128,,
llama32_3b,nar_g128_m2,nar,128,2,1,10,1.895682454109192,2047,4.375,128,,
llama32_3b,nar_g128_m2,nar,128,2,1,11,2.2589237689971924,2047,4.375,128,,
llama32_3b,nar_g128_m2,nar,128,2,1,12,2.1236324310302734,2047,4.375,128,,
llama32_3b,nar_g128_m2,nar,128,2,1,13,2.279296875,2047,4.375,128,,
llama32_3b,nar_g128_m2,nar,128,2,1,14,2.2017180919647217,2047,4.375,128,,
llama32_3b,nar_g128_m2,nar,128,2,1,15,2.4057891368865967,2047,4.375,128,,
llama32_3b,nar_g128_m2,nar,128,2,1,16,2.1310908794403076,2047,4.375,128,,
llama32_3b,nar_g128_m2,nar,128,2,1,17,2.151750326156616,2047,4.375,128,,
llama32_3b,nar_g128_m2,nar,128,2,1,18,1.949722409248352,2047,4.375,128,,
llama32_3b,nar_g128_m2,nar,128,2,1,19,2.1159300804138184,2047,4.375,128,,
llama32_3b,nar_g128_m2,nar,128,2,1,20,2.227421760559082,2047,4.375,128,,
llama32_3b,nar_g128_m2,nar,128,2,1,21,2.1575801372528076,2047,4.375,128,,
llama32_3b,nar_g128_m2,nar,128,2,1,22,2.2089052200317383,2047,4.375,128,,
llama32_3b,nar_g128_m2,nar,128,2,1,23,2.2488067150115967,2047,4.375,128,,
llama32_3b,nar_g128_m2,nar,128,2,1,24,2.2712295055389404,2047,4.375,128,,
llama32_3b,nar_g128_m2,nar,128,2,1,25,2.33597993850708,2047,4.375,128,,
llama32_3b,nar_g128_m2,nar,128,2,1,26,2.4245498180389404,2047,4.375,128,,
llama32_3b,nar_g128_m2,nar,128,2,1,27,2.2268905639648438,2047,4.375,128,,
llama32_3b,nar_g128_m2,nar,128,2,1,28,2.0016798973083496,2047,4.375,128,,
llama32_3b,nar_g128_m2,nar,128,2,1,29,1.8126789331436157,2047,4.375,128,,
llama32_3b,nar_g128_m2,nar,128,2,1,30,1.6945616006851196,2047,4.375,128,,
llama32_3b,nar_g128_m2,nar,128,2,1,31,1.7273733615875244,2047,4.375,128,,
llama32_3b,nar_g128_m2,nar,128,2,1,32,2.0125961303710938,2047,4.375,128,,
llama32_3b,nar_g128_m2,nar,128,2,1,33,1.9810928106307983,2047,4.375,128,,
llama32_3b,nar_g128_m2,nar,128,2,1,34,2.1568377017974854,2047,4.375,128,,
llama32_3b,nar_g128_m2,nar,128,2,1,35,1.480506181716919,2047,4.375,128,,
llama32_3b,nar_g128_m2,nar,128,2,1,36,1.4458892345428467,2047,4.375,128,,
llama32_3b,nar_g128_m2,nar,128,2,1,37,1.481493592262268,2047,4.375,128,,
llama32_3b,nar_g128_m2,nar,128,2,1,38,1.4747051000595093,2047,4.375,128,,
llama32_3b,nar_g128_m2,nar,128,2,1,39,1.6656957864761353,2047,4.375,128,,
llama32_3b,nar_g128_m2,nar,128,2,1,40,2.28643536567688,2047,4.375,128,,
llama32_3b,nar_g128_m2,nar,128,2,1,41,2.6953139305114746,2047,4.375,128,,
llama32_3b,nar_g128_m2,nar,128,2,1,42,2.6969640254974365,2047,4.375,128,,
llama32_3b,nar_g128_m2,nar,128,2,1,43,2.308072566986084,2047,4.375,128,,
llama32_3b,nar_g128_m2,nar,128,2,1,44,2.3011269569396973,2047,4.375,128,,
llama32_3b,nar_g128_m2,nar,128,2,1,45,2.2799477577209473,2047,4.375,128,,
llama32_3b,nar_g128_m2,nar,128,2,1,46,2.3733408451080322,2047,4.375,128,,
llama32_3b,nar_g128_m2,nar,128,2,1,47,2.1615076065063477,2047,4.375,128,,
llama32_3b,nar_g128_m2,nar,128,2,1,48,2.035947799682617,2047,4.375,128,,
llama32_3b,nar_g128_m2,nar,128,2,1,49,2.0281014442443848,2047,4.375,128,,
llama32_3b,nar_g128_m2,nar,128,2,1,50,1.7543002367019653,2047,4.375,128,,
llama32_3b,nar_g128_m2,nar,128,2,1,51,1.8452584743499756,2047,4.375,128,,
llama32_3b,nar_g128_m2,nar,128,2,1,52,1.678921103477478,2047,4.375,128,,
llama32_3b,nar_g128_m2,nar,128,2,1,53,1.9023046493530273,2047,4.375,128,,
llama32_3b,nar_g128_m2,nar,128,2,1,54,1.6253681182861328,2047,4.375,128,,
llama32_3b,nar_g128_m2,nar,128,2,1,55,1.6103110313415527,2047,4.375,128,,
llama32_3b,nar_g128_m2,nar,128,2,1,56,1.823174238204956,2047,4.375,128,,
llama32_3b,nar_g128_m2,nar,128,2,1,57,1.8061163425445557,2047,4.375,128,,
llama32_3b,nar_g128_m2,nar,128,2,1,58,2.1848347187042236,2047,4.375,128,,
llama32_3b,nar_g128_m2,nar,128,2,1,59,2.3530514240264893,2047,4.375,128,,
llama32_3b,nar_g128_m2,nar,128,2,1,60,2.360184669494629,2047,4.375,128,,
llama32_3b,nar_g128_m2,nar,128,2,1,61,2.4671919345855713,2047,4.375,128,,
llama32_3b,nar_g128_m2,nar,128,2,1,62,1.5156257152557373,2047,4.375,128,,
llama32_3b,nar_g128_m2,nar,128,2,1,63,1.9078682661056519,2047,4.375,128,,
llama32_3b,nar_g128_m2,nar,128,2,2,0,1.829407811164856,2047,4.375,128,,
llama32_3b,nar_g128_m2,nar,128,2,2,1,2.4360320568084717,2047,4.375,128,,
llama32_3b,nar_g128_m2,nar,128,2,2,2,2.500915765762329,2047,4.375,128,,
llama32_3b,nar_g128_m2,nar,128,2,2,3,2.0217559337615967,2047,4.375,128,,
llama32_3b,nar_g128_m2,nar,128,2,2,4,1.9310157299041748,2047,4.375,128,,
llama32_3b,nar_g128_m2,nar,128,2,2,5,1.5602672100067139,2047,4.375,128,,
llama32_3b,nar_g128_m2,nar,128,2,2,6,1.6675527095794678,2047,4.375,128,,
llama32_3b,nar_g128_m2,nar,128,2,2,7,1.925021767616272,2047,4.375,128,,
llama32_3b,nar_g128_m2,nar,128,2,2,8,2.254991054534912,2047,4.375,128,,
llama32_3b,nar_g128_m2,nar,128,2,2,9,1.973192572593689,2047,4.375,128,,
llama32_3b,nar_g128_m2,nar,128,2,2,10,1.8981469869613647,2047,4.375,128,,
llama32_3b,nar_g128_m2,nar,128,2,2,11,2.251638650894165,2047,4.375,128,,
llama32_3b,nar_g128_m2,nar,128,2,2,12,2.124267816543579,2047,4.375,128,,
llama32_3b,nar_g128_m2,nar,128,2,2,13,2.280170440673828,2047,4.375,128,,
llama32_3b,nar_g128_m2,nar,128,2,2,14,2.203014850616455,2047,4.375,128,,
llama32_3b,nar_g128_m2,nar,128,2,2,15,2.4090447425842285,2047,4.375,128,,
llama32_3b,nar_g128_m2,nar,128,2,2,16,2.1302201747894287,2047,4.375,128,,
llama32_3b,nar_g128_m2,nar,128,2,2,17,2.151123523712158,2047,4.375,128,,
llama32_3b,nar_g128_m2,nar,128,2,2,18,1.9586716890335083,2047,4.375,128,,
llama32_3b,nar_g128_m2,nar,128,2,2,19,2.1187145709991455,2047,4.375,128,,
llama32_3b,nar_g128_m2,nar,128,2,2,20,2.2390174865722656,2047,4.375,128,,
llama32_3b,nar_g128_m2,nar,128,2,2,21,2.1615893840789795,2047,4.375,128,,
llama32_3b,nar_g128_m2,nar,128,2,2,22,2.214167356491089,2047,4.375,128,,
llama32_3b,nar_g128_m2,nar,128,2,2,23,2.2513740062713623,2047,4.375,128,,
llama32_3b,nar_g128_m2,nar,128,2,2,24,2.2849104404449463,2047,4.375,128,,
llama32_3b,nar_g128_m2,nar,128,2,2,25,2.3376688957214355,2047,4.375,128,,
llama32_3b,nar_g128_m2,nar,128,2,2,26,2.425593137741089,2047,4.375,128,,
llama32_3b,nar_g128_m2,nar,128,2,2,27,2.2301108837127686,2047,4.375,128,,
llama32_3b,nar_g128_m2,nar,128,2,2,28,2.004194498062134,2047,4.375,128,,
llama32_3b,nar_g128_m2,nar,128,2,2,29,1.8121535778045654,2047,4.375,128,,
llama32_3b,nar_g128_m2,nar,128,2,2,30,1.687021255493164,2047,4.375,128,,
llama32_3b,nar_g128_m2,nar,128,2,2,31,1.7159208059310913,2047,4.375,128,,
llama32_3b,nar_g128_m2,nar,128,2,2,32,2.0193238258361816,2047,4.375,128,,
llama32_3b,nar_g128_m2,nar,128,2,2,33,1.9933993816375732,2047,4.375,128,,
llama32_3b,nar_g128_m2,nar,128,2,2,34,2.1641154289245605,2047,4.375,128,,
llama32_3b,nar_g128_m2,nar,128,2,2,35,1.4773989915847778,2047,4.375,128,,
llama32_3b,nar_g128_m2,nar,128,2,2,36,1.4421390295028687,2047,4.375,128,,
llama32_3b,nar_g128_m2,nar,128,2,2,37,1.486840009689331,2047,4.375,128,,
llama32_3b,nar_g128_m2,nar,128,2,2,38,1.4787025451660156,2047,4.375,128,,
llama32_3b,nar_g128_m2,nar,128,2,2,39,1.673619031906128,2047,4.375,128,,
llama32_3b,nar_g128_m2,nar,128,2,2,40,2.2732720375061035,2047,4.375,128,,
llama32_3b,nar_g128_m2,nar,128,2,2,41,2.6914749145507812,2047,4.375,128,,
llama32_3b,nar_g128_m2,nar,128,2,2,42,2.692241668701172,2047,4.375,128,,
llama32_3b,nar_g128_m2,nar,128,2,2,43,2.321026086807251,2047,4.375,128,,
llama32_3b,nar_g128_m2,nar,128,2,2,44,2.303159475326538,2047,4.375,128,,
llama32_3b,nar_g128_m2,nar,128,2,2,45,2.2812366485595703,2047,4.375,128,,
llama32_3b,nar_g128_m2,nar,128,2,2,46,2.371460199356079,2047,4.375,128,,
llama32_3b,nar_g128_m2,nar,128,2,2,47,2.1628684997558594,2047,4.375,128,,
llama32_3b,nar_g128_m2,nar,128,2,2,48,2.037397623062134,2047,4.375,128,,
llama32_3b,nar_g128_m2,nar,128,2,2,49,2.038607597351074,2047,4.375,128,,
llama32_3b,nar_g128_m2,nar,128,2,2,50,1.7558683156967163,2047,4.375,128,,
llama32_3b,nar_g128_m2,nar,128,2,2,51,1.8417065143585205,2047,4.375,128,,
llama32_3b,nar_g128_m2,nar,128,2,2,52,1.6780964136123657,2047,4.375,128,,
llama32_3b,nar_g128_m2,nar,128,2,2,53,1.8995391130447388,2047,4.375,128,,
llama32_3b,nar_g128_m2,nar,128,2,2,54,1.6380658149719238,2047,4.375,128,,
llama32_3b,nar_g128_m2,nar,128,2,2,55,1.612863302230835,2047,4.375,128,,
llama32_3b,nar_g128_m2,nar,128,2,2,56,1.8316948413848877,2047,4.375,128,,
llama32_3b,nar_g128_m2,nar,128,2,2,57,1.8106286525726318,2047,4.375,128,,
llama32_3b,nar_g128_m2,nar,128,2,2,58,2.1852476596832275,2047,4.375,128,,
llama32_3b,nar_g128_m2,nar,128,2,2,59,2.347747802734375,2047,4.375,128,,
llama32_3b,nar_g128_m2,nar,128,2,2,60,2.356978178024292,2047,4.375,128,,
llama32_3b,nar_g128_m2,nar,128,2,2,61,2.467839241027832,2047,4.375,128,,
llama32_3b,nar_g128_m2,nar,128,2,2,62,1.5156151056289673,2047,4.375,128,,
llama32_3b,nar_g128_m2,nar,128,2,2,63,1.9109915494918823,2047,4.375,128,,
llama32_3b,nar_g128_m2_c32,nar,128,2,0,0,1.8283952474594116,2047,4.375,128,fp32,False
llama32_3b,nar_g128_m2_c32,nar,128,2,0,1,2.4334921836853027,2047,4.375,128,fp32,False
llama32_3b,nar_g128_m2_c32,nar,128,2,0,2,2.5041399002075195,2047,4.375,128,fp32,False
llama32_3b,nar_g128_m2_c32,nar,128,2,0,3,2.020745038986206,2047,4.375,128,fp32,False
llama32_3b,nar_g128_m2_c32,nar,128,2,0,4,1.926401972770691,2047,4.375,128,fp32,False
llama32_3b,nar_g128_m2_c32,nar,128,2,0,5,1.556639552116394,2047,4.375,128,fp32,False
llama32_3b,nar_g128_m2_c32,nar,128,2,0,6,1.6635748147964478,2047,4.375,128,fp32,False
llama32_3b,nar_g128_m2_c32,nar,128,2,0,7,1.9161494970321655,2047,4.375,128,fp32,False
llama32_3b,nar_g128_m2_c32,nar,128,2,0,8,2.250265121459961,2047,4.375,128,fp32,False
llama32_3b,nar_g128_m2_c32,nar,128,2,0,9,1.976197361946106,2047,4.375,128,fp32,False
llama32_3b,nar_g128_m2_c32,nar,128,2,0,10,1.89775550365448,2047,4.375,128,fp32,False
llama32_3b,nar_g128_m2_c32,nar,128,2,0,11,2.253347158432007,2047,4.375,128,fp32,False
llama32_3b,nar_g128_m2_c32,nar,128,2,0,12,2.126551628112793,2047,4.375,128,fp32,False
llama32_3b,nar_g128_m2_c32,nar,128,2,0,13,2.2778923511505127,2047,4.375,128,fp32,False
llama32_3b,nar_g128_m2_c32,nar,128,2,0,14,2.1954729557037354,2047,4.375,128,fp32,False
llama32_3b,nar_g128_m2_c32,nar,128,2,0,15,2.4062306880950928,2047,4.375,128,fp32,False
llama32_3b,nar_g128_m2_c32,nar,128,2,0,16,2.1263129711151123,2047,4.375,128,fp32,False
llama32_3b,nar_g128_m2_c32,nar,128,2,0,17,2.155332088470459,2047,4.375,128,fp32,False
llama32_3b,nar_g128_m2_c32,nar,128,2,0,18,1.9597798585891724,2047,4.375,128,fp32,False
llama32_3b,nar_g128_m2_c32,nar,128,2,0,19,2.10935640335083,2047,4.375,128,fp32,False
llama32_3b,nar_g128_m2_c32,nar,128,2,0,20,2.241250991821289,2047,4.375,128,fp32,False
llama32_3b,nar_g128_m2_c32,nar,128,2,0,21,2.159134864807129,2047,4.375,128,fp32,False
llama32_3b,nar_g128_m2_c32,nar,128,2,0,22,2.2095353603363037,2047,4.375,128,fp32,False
llama32_3b,nar_g128_m2_c32,nar,128,2,0,23,2.2475502490997314,2047,4.375,128,fp32,False
llama32_3b,nar_g128_m2_c32,nar,128,2,0,24,2.2901182174682617,2047,4.375,128,fp32,False
llama32_3b,nar_g128_m2_c32,nar,128,2,0,25,2.332534074783325,2047,4.375,128,fp32,False
llama32_3b,nar_g128_m2_c32,nar,128,2,0,26,2.426300287246704,2047,4.375,128,fp32,False
llama32_3b,nar_g128_m2_c32,nar,128,2,0,27,2.2318637371063232,2047,4.375,128,fp32,False
llama32_3b,nar_g128_m2_c32,nar,128,2,0,28,1.9989690780639648,2047,4.375,128,fp32,False
llama32_3b,nar_g128_m2_c32,nar,128,2,0,29,1.8026270866394043,2047,4.375,128,fp32,False
llama32_3b,nar_g128_m2_c32,nar,128,2,0,30,1.6904346942901611,2047,4.375,128,fp32,False
llama32_3b,nar_g128_m2_c32,nar,128,2,0,31,1.7218533754348755,2047,4.375,128,fp32,False
llama32_3b,nar_g128_m2_c32,nar,128,2,0,32,2.0146942138671875,2047,4.375,128,fp32,False
llama32_3b,nar_g128_m2_c32,nar,128,2,0,33,1.9867031574249268,2047,4.375,128,fp32,False
llama32_3b,nar_g128_m2_c32,nar,128,2,0,34,2.160910129547119,2047,4.375,128,fp32,False
llama32_3b,nar_g128_m2_c32,nar,128,2,0,35,1.4823377132415771,2047,4.375,128,fp32,False
llama32_3b,nar_g128_m2_c32,nar,128,2,0,36,1.443893313407898,2047,4.375,128,fp32,False
llama32_3b,nar_g128_m2_c32,nar,128,2,0,37,1.4888343811035156,2047,4.375,128,fp32,False
llama32_3b,nar_g128_m2_c32,nar,128,2,0,38,1.475770354270935,2047,4.375,128,fp32,False
llama32_3b,nar_g128_m2_c32,nar,128,2,0,39,1.6737085580825806,2047,4.375,128,fp32,False
llama32_3b,nar_g128_m2_c32,nar,128,2,0,40,2.2664289474487305,2047,4.375,128,fp32,False
llama32_3b,nar_g128_m2_c32,nar,128,2,0,41,2.686458110809326,2047,4.375,128,fp32,False
llama32_3b,nar_g128_m2_c32,nar,128,2,0,42,2.688537836074829,2047,4.375,128,fp32,False
llama32_3b,nar_g128_m2_c32,nar,128,2,0,43,2.302466630935669,2047,4.375,128,fp32,False
llama32_3b,nar_g128_m2_c32,nar,128,2,0,44,2.3076014518737793,2047,4.375,128,fp32,False
llama32_3b,nar_g128_m2_c32,nar,128,2,0,45,2.2805354595184326,2047,4.375,128,fp32,False
llama32_3b,nar_g128_m2_c32,nar,128,2,0,46,2.3713977336883545,2047,4.375,128,fp32,False
llama32_3b,nar_g128_m2_c32,nar,128,2,0,47,2.161569118499756,2047,4.375,128,fp32,False
llama32_3b,nar_g128_m2_c32,nar,128,2,0,48,2.031524658203125,2047,4.375,128,fp32,False
llama32_3b,nar_g128_m2_c32,nar,128,2,0,49,2.0305492877960205,2047,4.375,128,fp32,False
llama32_3b,nar_g128_m2_c32,nar,128,2,0,50,1.756259799003601,2047,4.375,128,fp32,False
llama32_3b,nar_g128_m2_c32,nar,128,2,0,51,1.8378571271896362,2047,4.375,128,fp32,False
llama32_3b,nar_g128_m2_c32,nar,128,2,0,52,1.6794036626815796,2047,4.375,128,fp32,False
llama32_3b,nar_g128_m2_c32,nar,128,2,0,53,1.903043508529663,2047,4.375,128,fp32,False
llama32_3b,nar_g128_m2_c32,nar,128,2,0,54,1.6313292980194092,2047,4.375,128,fp32,False
llama32_3b,nar_g128_m2_c32,nar,128,2,0,55,1.606299638748169,2047,4.375,128,fp32,False
llama32_3b,nar_g128_m2_c32,nar,128,2,0,56,1.842862606048584,2047,4.375,128,fp32,False
llama32_3b,nar_g128_m2_c32,nar,128,2,0,57,1.8155745267868042,2047,4.375,128,fp32,False
llama32_3b,nar_g128_m2_c32,nar,128,2,0,58,2.1810672283172607,2047,4.375,128,fp32,False
llama32_3b,nar_g128_m2_c32,nar,128,2,0,59,2.355097770690918,2047,4.375,128,fp32,False
llama32_3b,nar_g128_m2_c32,nar,128,2,0,60,2.3608667850494385,2047,4.375,128,fp32,False
llama32_3b,nar_g128_m2_c32,nar,128,2,0,61,2.4666993618011475,2047,4.375,128,fp32,False
llama32_3b,nar_g128_m2_c32,nar,128,2,0,62,1.5209108591079712,2047,4.375,128,fp32,False
llama32_3b,nar_g128_m2_c32,nar,128,2,0,63,1.9010273218154907,2047,4.375,128,fp32,False
llama32_3b,nar_g128_m2_c32,nar,128,2,1,0,1.8426744937896729,2047,4.375,128,fp32,False
llama32_3b,nar_g128_m2_c32,nar,128,2,1,1,2.4313554763793945,2047,4.375,128,fp32,False
llama32_3b,nar_g128_m2_c32,nar,128,2,1,2,2.505861520767212,2047,4.375,128,fp32,False
llama32_3b,nar_g128_m2_c32,nar,128,2,1,3,2.0205960273742676,2047,4.375,128,fp32,False
llama32_3b,nar_g128_m2_c32,nar,128,2,1,4,1.9230115413665771,2047,4.375,128,fp32,False
llama32_3b,nar_g128_m2_c32,nar,128,2,1,5,1.5521076917648315,2047,4.375,128,fp32,False
llama32_3b,nar_g128_m2_c32,nar,128,2,1,6,1.670886754989624,2047,4.375,128,fp32,False
llama32_3b,nar_g128_m2_c32,nar,128,2,1,7,1.9187349081039429,2047,4.375,128,fp32,False
llama32_3b,nar_g128_m2_c32,nar,128,2,1,8,2.2498631477355957,2047,4.375,128,fp32,False
llama32_3b,nar_g128_m2_c32,nar,128,2,1,9,1.972941517829895,2047,4.375,128,fp32,False
llama32_3b,nar_g128_m2_c32,nar,128,2,1,10,1.9049279689788818,2047,4.375,128,fp32,False
llama32_3b,nar_g128_m2_c32,nar,128,2,1,11,2.2521274089813232,2047,4.375,128,fp32,False
llama32_3b,nar_g128_m2_c32,nar,128,2,1,12,2.1223604679107666,2047,4.375,128,fp32,False
llama32_3b,nar_g128_m2_c32,nar,128,2,1,13,2.2739269733428955,2047,4.375,128,fp32,False
llama32_3b,nar_g128_m2_c32,nar,128,2,1,14,2.204115629196167,2047,4.375,128,fp32,False
llama32_3b,nar_g128_m2_c32,nar,128,2,1,15,2.40095591545105,2047,4.375,128,fp32,False
llama32_3b,nar_g128_m2_c32,nar,128,2,1,16,2.1282689571380615,2047,4.375,128,fp32,False
llama32_3b,nar_g128_m2_c32,nar,128,2,1,17,2.1526412963867188,2047,4.375,128,fp32,False
llama32_3b,nar_g128_m2_c32,nar,128,2,1,18,1.952156662940979,2047,4.375,128,fp32,False
llama32_3b,nar_g128_m2_c32,nar,128,2,1,19,2.1167171001434326,2047,4.375,128,fp32,False
llama32_3b,nar_g128_m2_c32,nar,128,2,1,20,2.2257275581359863,2047,4.375,128,fp32,False
llama32_3b,nar_g128_m2_c32,nar,128,2,1,21,2.157472848892212,2047,4.375,128,fp32,False
llama32_3b,nar_g128_m2_c32,nar,128,2,1,22,2.211266279220581,2047,4.375,128,fp32,False
llama32_3b,nar_g128_m2_c32,nar,128,2,1,23,2.2479848861694336,2047,4.375,128,fp32,False
llama32_3b,nar_g128_m2_c32,nar,128,2,1,24,2.278053045272827,2047,4.375,128,fp32,False
llama32_3b,nar_g128_m2_c32,nar,128,2,1,25,2.33998966217041,2047,4.375,128,fp32,False
llama32_3b,nar_g128_m2_c32,nar,128,2,1,26,2.4297118186950684,2047,4.375,128,fp32,False
llama32_3b,nar_g128_m2_c32,nar,128,2,1,27,2.227203130722046,2047,4.375,128,fp32,False
llama32_3b,nar_g128_m2_c32,nar,128,2,1,28,2.003544807434082,2047,4.375,128,fp32,False
llama32_3b,nar_g128_m2_c32,nar,128,2,1,29,1.8092635869979858,2047,4.375,128,fp32,False
llama32_3b,nar_g128_m2_c32,nar,128,2,1,30,1.694083333015442,2047,4.375,128,fp32,False
llama32_3b,nar_g128_m2_c32,nar,128,2,1,31,1.722072720527649,2047,4.375,128,fp32,False
llama32_3b,nar_g128_m2_c32,nar,128,2,1,32,2.017824172973633,2047,4.375,128,fp32,False
llama32_3b,nar_g128_m2_c32,nar,128,2,1,33,1.982130765914917,2047,4.375,128,fp32,False
llama32_3b,nar_g128_m2_c32,nar,128,2,1,34,2.1614677906036377,2047,4.375,128,fp32,False
llama32_3b,nar_g128_m2_c32,nar,128,2,1,35,1.471501350402832,2047,4.375,128,fp32,False
llama32_3b,nar_g128_m2_c32,nar,128,2,1,36,1.4436737298965454,2047,4.375,128,fp32,False
llama32_3b,nar_g128_m2_c32,nar,128,2,1,37,1.49046790599823,2047,4.375,128,fp32,False
llama32_3b,nar_g128_m2_c32,nar,128,2,1,38,1.4784506559371948,2047,4.375,128,fp32,False
llama32_3b,nar_g128_m2_c32,nar,128,2,1,39,1.6700056791305542,2047,4.375,128,fp32,False
llama32_3b,nar_g128_m2_c32,nar,128,2,1,40,2.2729551792144775,2047,4.375,128,fp32,False
llama32_3b,nar_g128_m2_c32,nar,128,2,1,41,2.6934032440185547,2047,4.375,128,fp32,False
llama32_3b,nar_g128_m2_c32,nar,128,2,1,42,2.684187889099121,2047,4.375,128,fp32,False
llama32_3b,nar_g128_m2_c32,nar,128,2,1,43,2.3089749813079834,2047,4.375,128,fp32,False
llama32_3b,nar_g128_m2_c32,nar,128,2,1,44,2.3068552017211914,2047,4.375,128,fp32,False
llama32_3b,nar_g128_m2_c32,nar,128,2,1,45,2.278848886489868,2047,4.375,128,fp32,False
llama32_3b,nar_g128_m2_c32,nar,128,2,1,46,2.3748674392700195,2047,4.375,128,fp32,False
llama32_3b,nar_g128_m2_c32,nar,128,2,1,47,2.161069393157959,2047,4.375,128,fp32,False
llama32_3b,nar_g128_m2_c32,nar,128,2,1,48,2.0383694171905518,2047,4.375,128,fp32,False
llama32_3b,nar_g128_m2_c32,nar,128,2,1,49,2.022566795349121,2047,4.375,128,fp32,False
llama32_3b,nar_g128_m2_c32,nar,128,2,1,50,1.7427172660827637,2047,4.375,128,fp32,False
llama32_3b,nar_g128_m2_c32,nar,128,2,1,51,1.8458534479141235,2047,4.375,128,fp32,False
llama32_3b,nar_g128_m2_c32,nar,128,2,1,52,1.6741540431976318,2047,4.375,128,fp32,False
llama32_3b,nar_g128_m2_c32,nar,128,2,1,53,1.9052376747131348,2047,4.375,128,fp32,False
llama32_3b,nar_g128_m2_c32,nar,128,2,1,54,1.6375199556350708,2047,4.375,128,fp32,False
llama32_3b,nar_g128_m2_c32,nar,128,2,1,55,1.6016240119934082,2047,4.375,128,fp32,False
llama32_3b,nar_g128_m2_c32,nar,128,2,1,56,1.829646348953247,2047,4.375,128,fp32,False
llama32_3b,nar_g128_m2_c32,nar,128,2,1,57,1.8120636940002441,2047,4.375,128,fp32,False
llama32_3b,nar_g128_m2_c32,nar,128,2,1,58,2.18351411819458,2047,4.375,128,fp32,False
llama32_3b,nar_g128_m2_c32,nar,128,2,1,59,2.346411943435669,2047,4.375,128,fp32,False
llama32_3b,nar_g128_m2_c32,nar,128,2,1,60,2.3641445636749268,2047,4.375,128,fp32,False
llama32_3b,nar_g128_m2_c32,nar,128,2,1,61,2.463665008544922,2047,4.375,128,fp32,False
llama32_3b,nar_g128_m2_c32,nar,128,2,1,62,1.5186874866485596,2047,4.375,128,fp32,False
llama32_3b,nar_g128_m2_c32,nar,128,2,1,63,1.90836763381958,2047,4.375,128,fp32,False
llama32_3b,nar_g128_m2_c32,nar,128,2,2,0,1.829503059387207,2047,4.375,128,fp32,False
llama32_3b,nar_g128_m2_c32,nar,128,2,2,1,2.435129404067993,2047,4.375,128,fp32,False
llama32_3b,nar_g128_m2_c32,nar,128,2,2,2,2.50881290435791,2047,4.375,128,fp32,False
llama32_3b,nar_g128_m2_c32,nar,128,2,2,3,2.0259640216827393,2047,4.375,128,fp32,False
llama32_3b,nar_g128_m2_c32,nar,128,2,2,4,1.9268229007720947,2047,4.375,128,fp32,False
llama32_3b,nar_g128_m2_c32,nar,128,2,2,5,1.5600212812423706,2047,4.375,128,fp32,False
llama32_3b,nar_g128_m2_c32,nar,128,2,2,6,1.6730207204818726,2047,4.375,128,fp32,False
llama32_3b,nar_g128_m2_c32,nar,128,2,2,7,1.9172552824020386,2047,4.375,128,fp32,False
llama32_3b,nar_g128_m2_c32,nar,128,2,2,8,2.254943370819092,2047,4.375,128,fp32,False
llama32_3b,nar_g128_m2_c32,nar,128,2,2,9,1.9748876094818115,2047,4.375,128,fp32,False
llama32_3b,nar_g128_m2_c32,nar,128,2,2,10,1.901265025138855,2047,4.375,128,fp32,False
llama32_3b,nar_g128_m2_c32,nar,128,2,2,11,2.252842426300049,2047,4.375,128,fp32,False
llama32_3b,nar_g128_m2_c32,nar,128,2,2,12,2.122220516204834,2047,4.375,128,fp32,False
llama32_3b,nar_g128_m2_c32,nar,128,2,2,13,2.274627208709717,2047,4.375,128,fp32,False
llama32_3b,nar_g128_m2_c32,nar,128,2,2,14,2.1997010707855225,2047,4.375,128,fp32,False
llama32_3b,nar_g128_m2_c32,nar,128,2,2,15,2.4004697799682617,2047,4.375,128,fp32,False
llama32_3b,nar_g128_m2_c32,nar,128,2,2,16,2.1320881843566895,2047,4.375,128,fp32,False
llama32_3b,nar_g128_m2_c32,nar,128,2,2,17,2.1512880325317383,2047,4.375,128,fp32,False
llama32_3b,nar_g128_m2_c32,nar,128,2,2,18,1.9570002555847168,2047,4.375,128,fp32,False
llama32_3b,nar_g128_m2_c32,nar,128,2,2,19,2.1158013343811035,2047,4.375,128,fp32,False
llama32_3b,nar_g128_m2_c32,nar,128,2,2,20,2.236598253250122,2047,4.375,128,fp32,False
llama32_3b,nar_g128_m2_c32,nar,128,2,2,21,2.1578173637390137,2047,4.375,128,fp32,False
llama32_3b,nar_g128_m2_c32,nar,128,2,2,22,2.219637393951416,2047,4.375,128,fp32,False
llama32_3b,nar_g128_m2_c32,nar,128,2,2,23,2.250105857849121,2047,4.375,128,fp32,False
llama32_3b,nar_g128_m2_c32,nar,128,2,2,24,2.285081386566162,2047,4.375,128,fp32,False
llama32_3b,nar_g128_m2_c32,nar,128,2,2,25,2.3351478576660156,2047,4.375,128,fp32,False
llama32_3b,nar_g128_m2_c32,nar,128,2,2,26,2.423476457595825,2047,4.375,128,fp32,False
llama32_3b,nar_g128_m2_c32,nar,128,2,2,27,2.2238574028015137,2047,4.375,128,fp32,False
llama32_3b,nar_g128_m2_c32,nar,128,2,2,28,2.010525703430176,2047,4.375,128,fp32,False
llama32_3b,nar_g128_m2_c32,nar,128,2,2,29,1.8140891790390015,2047,4.375,128,fp32,False
llama32_3b,nar_g128_m2_c32,nar,128,2,2,30,1.692671537399292,2047,4.375,128,fp32,False
llama32_3b,nar_g128_m2_c32,nar,128,2,2,31,1.7218352556228638,2047,4.375,128,fp32,False
llama32_3b,nar_g128_m2_c32,nar,128,2,2,32,2.014519691467285,2047,4.375,128,fp32,False
llama32_3b,nar_g128_m2_c32,nar,128,2,2,33,1.9844799041748047,2047,4.375,128,fp32,False
llama32_3b,nar_g128_m2_c32,nar,128,2,2,34,2.162032127380371,2047,4.375,128,fp32,False
llama32_3b,nar_g128_m2_c32,nar,128,2,2,35,1.474887728691101,2047,4.375,128,fp32,False
llama32_3b,nar_g128_m2_c32,nar,128,2,2,36,1.4480550289154053,2047,4.375,128,fp32,False
llama32_3b,nar_g128_m2_c32,nar,128,2,2,37,1.4919778108596802,2047,4.375,128,fp32,False
llama32_3b,nar_g128_m2_c32,nar,128,2,2,38,1.4752837419509888,2047,4.375,128,fp32,False
llama32_3b,nar_g128_m2_c32,nar,128,2,2,39,1.673440933227539,2047,4.375,128,fp32,False
llama32_3b,nar_g128_m2_c32,nar,128,2,2,40,2.2763774394989014,2047,4.375,128,fp32,False
llama32_3b,nar_g128_m2_c32,nar,128,2,2,41,2.7010364532470703,2047,4.375,128,fp32,False
llama32_3b,nar_g128_m2_c32,nar,128,2,2,42,2.6928317546844482,2047,4.375,128,fp32,False
llama32_3b,nar_g128_m2_c32,nar,128,2,2,43,2.315930128097534,2047,4.375,128,fp32,False
llama32_3b,nar_g128_m2_c32,nar,128,2,2,44,2.3108420372009277,2047,4.375,128,fp32,False
llama32_3b,nar_g128_m2_c32,nar,128,2,2,45,2.2842793464660645,2047,4.375,128,fp32,False
llama32_3b,nar_g128_m2_c32,nar,128,2,2,46,2.38450026512146,2047,4.375,128,fp32,False
llama32_3b,nar_g128_m2_c32,nar,128,2,2,47,2.162750005722046,2047,4.375,128,fp32,False
llama32_3b,nar_g128_m2_c32,nar,128,2,2,48,2.035428047180176,2047,4.375,128,fp32,False
llama32_3b,nar_g128_m2_c32,nar,128,2,2,49,2.0342135429382324,2047,4.375,128,fp32,False
llama32_3b,nar_g128_m2_c32,nar,128,2,2,50,1.7577011585235596,2047,4.375,128,fp32,False
llama32_3b,nar_g128_m2_c32,nar,128,2,2,51,1.8419831991195679,2047,4.375,128,fp32,False
llama32_3b,nar_g128_m2_c32,nar,128,2,2,52,1.6763556003570557,2047,4.375,128,fp32,False
llama32_3b,nar_g128_m2_c32,nar,128,2,2,53,1.8979076147079468,2047,4.375,128,fp32,False
llama32_3b,nar_g128_m2_c32,nar,128,2,2,54,1.6346255540847778,2047,4.375,128,fp32,False
llama32_3b,nar_g128_m2_c32,nar,128,2,2,55,1.6084083318710327,2047,4.375,128,fp32,False
llama32_3b,nar_g128_m2_c32,nar,128,2,2,56,1.8390552997589111,2047,4.375,128,fp32,False
llama32_3b,nar_g128_m2_c32,nar,128,2,2,57,1.8047598600387573,2047,4.375,128,fp32,False
llama32_3b,nar_g128_m2_c32,nar,128,2,2,58,2.1865146160125732,2047,4.375,128,fp32,False
llama32_3b,nar_g128_m2_c32,nar,128,2,2,59,2.356153964996338,2047,4.375,128,fp32,False
llama32_3b,nar_g128_m2_c32,nar,128,2,2,60,2.359703302383423,2047,4.375,128,fp32,False
llama32_3b,nar_g128_m2_c32,nar,128,2,2,61,2.4614040851593018,2047,4.375,128,fp32,False
llama32_3b,nar_g128_m2_c32,nar,128,2,2,62,1.508528709411621,2047,4.375,128,fp32,False
llama32_3b,nar_g128_m2_c32,nar,128,2,2,63,1.9008722305297852,2047,4.375,128,fp32,False
llama32_3b,nar_g256_m3_c32,nar,256,3,0,0,1.8297004699707031,2047,4.25,96,fp32,False
llama32_3b,nar_g256_m3_c32,nar,256,3,0,1,2.440788745880127,2047,4.25,96,fp32,False
llama32_3b,nar_g256_m3_c32,nar,256,3,0,2,2.509183168411255,2047,4.25,96,fp32,False
llama32_3b,nar_g256_m3_c32,nar,256,3,0,3,2.0176584720611572,2047,4.25,96,fp32,False
llama32_3b,nar_g256_m3_c32,nar,256,3,0,4,1.936177372932434,2047,4.25,96,fp32,False
llama32_3b,nar_g256_m3_c32,nar,256,3,0,5,1.5619182586669922,2047,4.25,96,fp32,False
llama32_3b,nar_g256_m3_c32,nar,256,3,0,6,1.6768949031829834,2047,4.25,96,fp32,False
llama32_3b,nar_g256_m3_c32,nar,256,3,0,7,1.921730875968933,2047,4.25,96,fp32,False
llama32_3b,nar_g256_m3_c32,nar,256,3,0,8,2.2497146129608154,2047,4.25,96,fp32,False
llama32_3b,nar_g256_m3_c32,nar,256,3,0,9,1.9800348281860352,2047,4.25,96,fp32,False
llama32_3b,nar_g256_m3_c32,nar,256,3,0,10,1.902051568031311,2047,4.25,96,fp32,False
llama32_3b,nar_g256_m3_c32,nar,256,3,0,11,2.2574942111968994,2047,4.25,96,fp32,False
llama32_3b,nar_g256_m3_c32,nar,256,3,0,12,2.1304757595062256,2047,4.25,96,fp32,False
llama32_3b,nar_g256_m3_c32,nar,256,3,0,13,2.2782487869262695,2047,4.25,96,fp32,False
llama32_3b,nar_g256_m3_c32,nar,256,3,0,14,2.2025744915008545,2047,4.25,96,fp32,False
llama32_3b,nar_g256_m3_c32,nar,256,3,0,15,2.405092716217041,2047,4.25,96,fp32,False
llama32_3b,nar_g256_m3_c32,nar,256,3,0,16,2.1298940181732178,2047,4.25,96,fp32,False
llama32_3b,nar_g256_m3_c32,nar,256,3,0,17,2.1479690074920654,2047,4.25,96,fp32,False
llama32_3b,nar_g256_m3_c32,nar,256,3,0,18,1.957514762878418,2047,4.25,96,fp32,False
llama32_3b,nar_g256_m3_c32,nar,256,3,0,19,2.1182610988616943,2047,4.25,96,fp32,False
llama32_3b,nar_g256_m3_c32,nar,256,3,0,20,2.2337734699249268,2047,4.25,96,fp32,False
llama32_3b,nar_g256_m3_c32,nar,256,3,0,21,2.1664578914642334,2047,4.25,96,fp32,False
llama32_3b,nar_g256_m3_c32,nar,256,3,0,22,2.2304301261901855,2047,4.25,96,fp32,False
llama32_3b,nar_g256_m3_c32,nar,256,3,0,23,2.2533929347991943,2047,4.25,96,fp32,False
llama32_3b,nar_g256_m3_c32,nar,256,3,0,24,2.2834506034851074,2047,4.25,96,fp32,False
llama32_3b,nar_g256_m3_c32,nar,256,3,0,25,2.348367929458618,2047,4.25,96,fp32,False
llama32_3b,nar_g256_m3_c32,nar,256,3,0,26,2.4307861328125,2047,4.25,96,fp32,False
llama32_3b,nar_g256_m3_c32,nar,256,3,0,27,2.227489948272705,2047,4.25,96,fp32,False
llama32_3b,nar_g256_m3_c32,nar,256,3,0,28,1.9992165565490723,2047,4.25,96,fp32,False
llama32_3b,nar_g256_m3_c32,nar,256,3,0,29,1.8126847743988037,2047,4.25,96,fp32,False
llama32_3b,nar_g256_m3_c32,nar,256,3,0,30,1.7048979997634888,2047,4.25,96,fp32,False
llama32_3b,nar_g256_m3_c32,nar,256,3,0,31,1.728310227394104,2047,4.25,96,fp32,False
llama32_3b,nar_g256_m3_c32,nar,256,3,0,32,2.024803400039673,2047,4.25,96,fp32,False
llama32_3b,nar_g256_m3_c32,nar,256,3,0,33,1.9785547256469727,2047,4.25,96,fp32,False
llama32_3b,nar_g256_m3_c32,nar,256,3,0,34,2.162153720855713,2047,4.25,96,fp32,False
llama32_3b,nar_g256_m3_c32,nar,256,3,0,35,1.4803133010864258,2047,4.25,96,fp32,False
llama32_3b,nar_g256_m3_c32,nar,256,3,0,36,1.4459868669509888,2047,4.25,96,fp32,False
llama32_3b,nar_g256_m3_c32,nar,256,3,0,37,1.4883646965026855,2047,4.25,96,fp32,False
llama32_3b,nar_g256_m3_c32,nar,256,3,0,38,1.4704877138137817,2047,4.25,96,fp32,False
llama32_3b,nar_g256_m3_c32,nar,256,3,0,39,1.6697163581848145,2047,4.25,96,fp32,False
llama32_3b,nar_g256_m3_c32,nar,256,3,0,40,2.270768880844116,2047,4.25,96,fp32,False
llama32_3b,nar_g256_m3_c32,nar,256,3,0,41,2.6952016353607178,2047,4.25,96,fp32,False
llama32_3b,nar_g256_m3_c32,nar,256,3,0,42,2.686725378036499,2047,4.25,96,fp32,False
llama32_3b,nar_g256_m3_c32,nar,256,3,0,43,2.315006732940674,2047,4.25,96,fp32,False
llama32_3b,nar_g256_m3_c32,nar,256,3,0,44,2.3084611892700195,2047,4.25,96,fp32,False
llama32_3b,nar_g256_m3_c32,nar,256,3,0,45,2.2835795879364014,2047,4.25,96,fp32,False
llama32_3b,nar_g256_m3_c32,nar,256,3,0,46,2.377187728881836,2047,4.25,96,fp32,False
llama32_3b,nar_g256_m3_c32,nar,256,3,0,47,2.1593942642211914,2047,4.25,96,fp32,False
llama32_3b,nar_g256_m3_c32,nar,256,3,0,48,2.044031858444214,2047,4.25,96,fp32,False
llama32_3b,nar_g256_m3_c32,nar,256,3,0,49,2.036768674850464,2047,4.25,96,fp32,False
llama32_3b,nar_g256_m3_c32,nar,256,3,0,50,1.751151442527771,2047,4.25,96,fp32,False
llama32_3b,nar_g256_m3_c32,nar,256,3,0,51,1.846278429031372,2047,4.25,96,fp32,False
llama32_3b,nar_g256_m3_c32,nar,256,3,0,52,1.6818498373031616,2047,4.25,96,fp32,False
llama32_3b,nar_g256_m3_c32,nar,256,3,0,53,1.899621844291687,2047,4.25,96,fp32,False
llama32_3b,nar_g256_m3_c32,nar,256,3,0,54,1.6418468952178955,2047,4.25,96,fp32,False
llama32_3b,nar_g256_m3_c32,nar,256,3,0,55,1.6167504787445068,2047,4.25,96,fp32,False
llama32_3b,nar_g256_m3_c32,nar,256,3,0,56,1.8344967365264893,2047,4.25,96,fp32,False
llama32_3b,nar_g256_m3_c32,nar,256,3,0,57,1.8126720190048218,2047,4.25,96,fp32,False
llama32_3b,nar_g256_m3_c32,nar,256,3,0,58,2.1930274963378906,2047,4.25,96,fp32,False
llama32_3b,nar_g256_m3_c32,nar,256,3,0,59,2.3651785850524902,2047,4.25,96,fp32,False
llama32_3b,nar_g256_m3_c32,nar,256,3,0,60,2.3619096279144287,2047,4.25,96,fp32,False
llama32_3b,nar_g256_m3_c32,nar,256,3,0,61,2.4684064388275146,2047,4.25,96,fp32,False
llama32_3b,nar_g256_m3_c32,nar,256,3,0,62,1.5154608488082886,2047,4.25,96,fp32,False
llama32_3b,nar_g256_m3_c32,nar,256,3,0,63,1.915048360824585,2047,4.25,96,fp32,False
llama32_3b,nar_g256_m3_c32,nar,256,3,1,0,1.840541958808899,2047,4.25,96,fp32,False
llama32_3b,nar_g256_m3_c32,nar,256,3,1,1,2.4324021339416504,2047,4.25,96,fp32,False
llama32_3b,nar_g256_m3_c32,nar,256,3,1,2,2.5018742084503174,2047,4.25,96,fp32,False
llama32_3b,nar_g256_m3_c32,nar,256,3,1,3,2.0255117416381836,2047,4.25,96,fp32,False
llama32_3b,nar_g256_m3_c32,nar,256,3,1,4,1.931981086730957,2047,4.25,96,fp32,False
llama32_3b,nar_g256_m3_c32,nar,256,3,1,5,1.556695818901062,2047,4.25,96,fp32,False
llama32_3b,nar_g256_m3_c32,nar,256,3,1,6,1.670959234237671,2047,4.25,96,fp32,False
llama32_3b,nar_g256_m3_c32,nar,256,3,1,7,1.9192270040512085,2047,4.25,96,fp32,False
llama32_3b,nar_g256_m3_c32,nar,256,3,1,8,2.2565014362335205,2047,4.25,96,fp32,False
llama32_3b,nar_g256_m3_c32,nar,256,3,1,9,1.972198486328125,2047,4.25,96,fp32,False
llama32_3b,nar_g256_m3_c32,nar,256,3,1,10,1.8939168453216553,2047,4.25,96,fp32,False
llama32_3b,nar_g256_m3_c32,nar,256,3,1,11,2.2629692554473877,2047,4.25,96,fp32,False
llama32_3b,nar_g256_m3_c32,nar,256,3,1,12,2.1224541664123535,2047,4.25,96,fp32,False
llama32_3b,nar_g256_m3_c32,nar,256,3,1,13,2.271458148956299,2047,4.25,96,fp32,False
llama32_3b,nar_g256_m3_c32,nar,256,3,1,14,2.1986680030822754,2047,4.25,96,fp32,False
llama32_3b,nar_g256_m3_c32,nar,256,3,1,15,2.4036948680877686,2047,4.25,96,fp32,False
llama32_3b,nar_g256_m3_c32,nar,256,3,1,16,2.1378183364868164,2047,4.25,96,fp32,False
llama32_3b,nar_g256_m3_c32,nar,256,3,1,17,2.1544485092163086,2047,4.25,96,fp32,False
llama32_3b,nar_g256_m3_c32,nar,256,3,1,18,1.9611115455627441,2047,4.25,96,fp32,False
llama32_3b,nar_g256_m3_c32,nar,256,3,1,19,2.1154940128326416,2047,4.25,96,fp32,False
llama32_3b,nar_g256_m3_c32,nar,256,3,1,20,2.238377094268799,2047,4.25,96,fp32,False
llama32_3b,nar_g256_m3_c32,nar,256,3,1,21,2.1639952659606934,2047,4.25,96,fp32,False
llama32_3b,nar_g256_m3_c32,nar,256,3,1,22,2.2155635356903076,2047,4.25,96,fp32,False
llama32_3b,nar_g256_m3_c32,nar,256,3,1,23,2.2596664428710938,2047,4.25,96,fp32,False
llama32_3b,nar_g256_m3_c32,nar,256,3,1,24,2.2861452102661133,2047,4.25,96,fp32,False
llama32_3b,nar_g256_m3_c32,nar,256,3,1,25,2.3439366817474365,2047,4.25,96,fp32,False
llama32_3b,nar_g256_m3_c32,nar,256,3,1,26,2.4299156665802,2047,4.25,96,fp32,False
llama32_3b,nar_g256_m3_c32,nar,256,3,1,27,2.226379156112671,2047,4.25,96,fp32,False
llama32_3b,nar_g256_m3_c32,nar,256,3,1,28,2.0049071311950684,2047,4.25,96,fp32,False
llama32_3b,nar_g256_m3_c32,nar,256,3,1,29,1.8082748651504517,2047,4.25,96,fp32,False
llama32_3b,nar_g256_m3_c32,nar,256,3,1,30,1.7047685384750366,2047,4.25,96,fp32,False
llama32_3b,nar_g256_m3_c32,nar,256,3,1,31,1.7227264642715454,2047,4.25,96,fp32,False
llama32_3b,nar_g256_m3_c32,nar,256,3,1,32,2.02184796333313,2047,4.25,96,fp32,False
llama32_3b,nar_g256_m3_c32,nar,256,3,1,33,1.9844927787780762,2047,4.25,96,fp32,False
llama32_3b,nar_g256_m3_c32,nar,256,3,1,34,2.163991928100586,2047,4.25,96,fp32,False
llama32_3b,nar_g256_m3_c32,nar,256,3,1,35,1.483983039855957,2047,4.25,96,fp32,False
llama32_3b,nar_g256_m3_c32,nar,256,3,1,36,1.447750210762024,2047,4.25,96,fp32,False
llama32_3b,nar_g256_m3_c32,nar,256,3,1,37,1.4911444187164307,2047,4.25,96,fp32,False
llama32_3b,nar_g256_m3_c32,nar,256,3,1,38,1.4769965410232544,2047,4.25,96,fp32,False
llama32_3b,nar_g256_m3_c32,nar,256,3,1,39,1.6689249277114868,2047,4.25,96,fp32,False
llama32_3b,nar_g256_m3_c32,nar,256,3,1,40,2.274982213973999,2047,4.25,96,fp32,False
llama32_3b,nar_g256_m3_c32,nar,256,3,1,41,2.692610025405884,2047,4.25,96,fp32,False
llama32_3b,nar_g256_m3_c32,nar,256,3,1,42,2.6985719203948975,2047,4.25,96,fp32,False
llama32_3b,nar_g256_m3_c32,nar,256,3,1,43,2.3278701305389404,2047,4.25,96,fp32,False
llama32_3b,nar_g256_m3_c32,nar,256,3,1,44,2.3030102252960205,2047,4.25,96,fp32,False
llama32_3b,nar_g256_m3_c32,nar,256,3,1,45,2.283722162246704,2047,4.25,96,fp32,False
llama32_3b,nar_g256_m3_c32,nar,256,3,1,46,2.367976188659668,2047,4.25,96,fp32,False
llama32_3b,nar_g256_m3_c32,nar,256,3,1,47,2.1645874977111816,2047,4.25,96,fp32,False
llama32_3b,nar_g256_m3_c32,nar,256,3,1,48,2.049375534057617,2047,4.25,96,fp32,False
llama32_3b,nar_g256_m3_c32,nar,256,3,1,49,2.0361127853393555,2047,4.25,96,fp32,False
llama32_3b,nar_g256_m3_c32,nar,256,3,1,50,1.7553699016571045,2047,4.25,96,fp32,False
llama32_3b,nar_g256_m3_c32,nar,256,3,1,51,1.8489140272140503,2047,4.25,96,fp32,False
llama32_3b,nar_g256_m3_c32,nar,256,3,1,52,1.6803120374679565,2047,4.25,96,fp32,False
llama32_3b,nar_g256_m3_c32,nar,256,3,1,53,1.9099303483963013,2047,4.25,96,fp32,False
llama32_3b,nar_g256_m3_c32,nar,256,3,1,54,1.6359615325927734,2047,4.25,96,fp32,False
llama32_3b,nar_g256_m3_c32,nar,256,3,1,55,1.6122727394104004,2047,4.25,96,fp32,False
llama32_3b,nar_g256_m3_c32,nar,256,3,1,56,1.8386281728744507,2047,4.25,96,fp32,False
llama32_3b,nar_g256_m3_c32,nar,256,3,1,57,1.8112684488296509,2047,4.25,96,fp32,False
llama32_3b,nar_g256_m3_c32,nar,256,3,1,58,2.1797924041748047,2047,4.25,96,fp32,False
llama32_3b,nar_g256_m3_c32,nar,256,3,1,59,2.3590872287750244,2047,4.25,96,fp32,False
llama32_3b,nar_g256_m3_c32,nar,256,3,1,60,2.3607351779937744,2047,4.25,96,fp32,False
llama32_3b,nar_g256_m3_c32,nar,256,3,1,61,2.4681146144866943,2047,4.25,96,fp32,False
llama32_3b,nar_g256_m3_c32,nar,256,3,1,62,1.519830346107483,2047,4.25,96,fp32,False
llama32_3b,nar_g256_m3_c32,nar,256,3,1,63,1.907210350036621,2047,4.25,96,fp32,False
llama32_3b,nar_g256_m3_c32,nar,256,3,2,0,1.8399219512939453,2047,4.25,96,fp32,False
llama32_3b,nar_g256_m3_c32,nar,256,3,2,1,2.429527521133423,2047,4.25,96,fp32,False
llama32_3b,nar_g256_m3_c32,nar,256,3,2,2,2.509493827819824,2047,4.25,96,fp32,False
llama32_3b,nar_g256_m3_c32,nar,256,3,2,3,2.0218846797943115,2047,4.25,96,fp32,False
llama32_3b,nar_g256_m3_c32,nar,256,3,2,4,1.9368394613265991,2047,4.25,96,fp32,False
llama32_3b,nar_g256_m3_c32,nar,256,3,2,5,1.5495270490646362,2047,4.25,96,fp32,False
llama32_3b,nar_g256_m3_c32,nar,256,3,2,6,1.6672695875167847,2047,4.25,96,fp32,False
llama32_3b,nar_g256_m3_c32,nar,256,3,2,7,1.9275151491165161,2047,4.25,96,fp32,False
llama32_3b,nar_g256_m3_c32,nar,256,3,2,8,2.255513906478882,2047,4.25,96,fp32,False
llama32_3b,nar_g256_m3_c32,nar,256,3,2,9,1.985727310180664,2047,4.25,96,fp32,False
llama32_3b,nar_g256_m3_c32,nar,256,3,2,10,1.912397027015686,2047,4.25,96,fp32,False
llama32_3b,nar_g256_m3_c32,nar,256,3,2,11,2.260554313659668,2047,4.25,96,fp32,False
llama32_3b,nar_g256_m3_c32,nar,256,3,2,12,2.1190896034240723,2047,4.25,96,fp32,False
llama32_3b,nar_g256_m3_c32,nar,256,3,2,13,2.2717349529266357,2047,4.25,96,fp32,False
llama32_3b,nar_g256_m3_c32,nar,256,3,2,14,2.2100601196289062,2047,4.25,96,fp32,False
llama32_3b,nar_g256_m3_c32,nar,256,3,2,15,2.401594638824463,2047,4.25,96,fp32,False
llama32_3b,nar_g256_m3_c32,nar,256,3,2,16,2.131000518798828,2047,4.25,96,fp32,False
llama32_3b,nar_g256_m3_c32,nar,256,3,2,17,2.15295672416687,2047,4.25,96,fp32,False
llama32_3b,nar_g256_m3_c32,nar,256,3,2,18,1.961779236793518,2047,4.25,96,fp32,False
llama32_3b,nar_g256_m3_c32,nar,256,3,2,19,2.1209800243377686,2047,4.25,96,fp32,False
llama32_3b,nar_g256_m3_c32,nar,256,3,2,20,2.245347738265991,2047,4.25,96,fp32,False
llama32_3b,nar_g256_m3_c32,nar,256,3,2,21,2.160195827484131,2047,4.25,96,fp32,False
llama32_3b,nar_g256_m3_c32,nar,256,3,2,22,2.21435284614563,2047,4.25,96,fp32,False
llama32_3b,nar_g256_m3_c32,nar,256,3,2,23,2.2591233253479004,2047,4.25,96,fp32,False
llama32_3b,nar_g256_m3_c32,nar,256,3,2,24,2.284806728363037,2047,4.25,96,fp32,False
llama32_3b,nar_g256_m3_c32,nar,256,3,2,25,2.3522799015045166,2047,4.25,96,fp32,False
llama32_3b,nar_g256_m3_c32,nar,256,3,2,26,2.4239420890808105,2047,4.25,96,fp32,False
llama32_3b,nar_g256_m3_c32,nar,256,3,2,27,2.2305848598480225,2047,4.25,96,fp32,False
llama32_3b,nar_g256_m3_c32,nar,256,3,2,28,2.005441904067993,2047,4.25,96,fp32,False
llama32_3b,nar_g256_m3_c32,nar,256,3,2,29,1.810473918914795,2047,4.25,96,fp32,False
llama32_3b,nar_g256_m3_c32,nar,256,3,2,30,1.6989456415176392,2047,4.25,96,fp32,False
llama32_3b,nar_g256_m3_c32,nar,256,3,2,31,1.7248181104660034,2047,4.25,96,fp32,False
llama32_3b,nar_g256_m3_c32,nar,256,3,2,32,2.0214807987213135,2047,4.25,96,fp32,False
llama32_3b,nar_g256_m3_c32,nar,256,3,2,33,1.9910430908203125,2047,4.25,96,fp32,False
llama32_3b,nar_g256_m3_c32,nar,256,3,2,34,2.167501926422119,2047,4.25,96,fp32,False
llama32_3b,nar_g256_m3_c32,nar,256,3,2,35,1.485193133354187,2047,4.25,96,fp32,False
llama32_3b,nar_g256_m3_c32,nar,256,3,2,36,1.4459360837936401,2047,4.25,96,fp32,False
llama32_3b,nar_g256_m3_c32,nar,256,3,2,37,1.4914051294326782,2047,4.25,96,fp32,False
llama32_3b,nar_g256_m3_c32,nar,256,3,2,38,1.48018217086792,2047,4.25,96,fp32,False
llama32_3b,nar_g256_m3_c32,nar,256,3,2,39,1.6805310249328613,2047,4.25,96,fp32,False
llama32_3b,nar_g256_m3_c32,nar,256,3,2,40,2.2789833545684814,2047,4.25,96,fp32,False
llama32_3b,nar_g256_m3_c32,nar,256,3,2,41,2.6926257610321045,2047,4.25,96,fp32,False
llama32_3b,nar_g256_m3_c32,nar,256,3,2,42,2.6890950202941895,2047,4.25,96,fp32,False
llama32_3b,nar_g256_m3_c32,nar,256,3,2,43,2.3142378330230713,2047,4.25,96,fp32,False
llama32_3b,nar_g256_m3_c32,nar,256,3,2,44,2.32143497467041,2047,4.25,96,fp32,False
llama32_3b,nar_g256_m3_c32,nar,256,3,2,45,2.2804923057556152,2047,4.25,96,fp32,False
llama32_3b,nar_g256_m3_c32,nar,256,3,2,46,2.374246120452881,2047,4.25,96,fp32,False
llama32_3b,nar_g256_m3_c32,nar,256,3,2,47,2.1593077182769775,2047,4.25,96,fp32,False
llama32_3b,nar_g256_m3_c32,nar,256,3,2,48,2.037045478820801,2047,4.25,96,fp32,False
llama32_3b,nar_g256_m3_c32,nar,256,3,2,49,2.0352025032043457,2047,4.25,96,fp32,False
llama32_3b,nar_g256_m3_c32,nar,256,3,2,50,1.7606143951416016,2047,4.25,96,fp32,False
llama32_3b,nar_g256_m3_c32,nar,256,3,2,51,1.8452057838439941,2047,4.25,96,fp32,False
llama32_3b,nar_g256_m3_c32,nar,256,3,2,52,1.681117296218872,2047,4.25,96,fp32,False
llama32_3b,nar_g256_m3_c32,nar,256,3,2,53,1.9108670949935913,2047,4.25,96,fp32,False
llama32_3b,nar_g256_m3_c32,nar,256,3,2,54,1.6350611448287964,2047,4.25,96,fp32,False
llama32_3b,nar_g256_m3_c32,nar,256,3,2,55,1.608806848526001,2047,4.25,96,fp32,False
llama32_3b,nar_g256_m3_c32,nar,256,3,2,56,1.8314368724822998,2047,4.25,96,fp32,False
llama32_3b,nar_g256_m3_c32,nar,256,3,2,57,1.805131435394287,2047,4.25,96,fp32,False
llama32_3b,nar_g256_m3_c32,nar,256,3,2,58,2.1876754760742188,2047,4.25,96,fp32,False
llama32_3b,nar_g256_m3_c32,nar,256,3,2,59,2.3582468032836914,2047,4.25,96,fp32,False
llama32_3b,nar_g256_m3_c32,nar,256,3,2,60,2.3662595748901367,2047,4.25,96,fp32,False
llama32_3b,nar_g256_m3_c32,nar,256,3,2,61,2.471064567565918,2047,4.25,96,fp32,False
llama32_3b,nar_g256_m3_c32,nar,256,3,2,62,1.5195642709732056,2047,4.25,96,fp32,False
llama32_3b,nar_g256_m3_c32,nar,256,3,2,63,1.9090975522994995,2047,4.25,96,fp32,False
