model,row,seed,chunk,nll,tokens,quantized_input_positions,token_sha256,unmasked_bf16_bit_identical
llama32_3b,Q1_asym,0,0,1.8314764499664307,2047,2048,7a7b7dc6f6f242742c30f5194894a13f9225c540c5568a1c1839849368debd08,True
llama32_3b,Q1_asym,0,1,2.433978796005249,2047,2048,7a7b7dc6f6f242742c30f5194894a13f9225c540c5568a1c1839849368debd08,True
llama32_3b,Q1_asym,0,2,2.5055973529815674,2047,2048,7a7b7dc6f6f242742c30f5194894a13f9225c540c5568a1c1839849368debd08,True
llama32_3b,Q1_asym,0,3,2.015814781188965,2047,2048,7a7b7dc6f6f242742c30f5194894a13f9225c540c5568a1c1839849368debd08,True
llama32_3b,Q1_asym,0,4,1.925031304359436,2047,2048,7a7b7dc6f6f242742c30f5194894a13f9225c540c5568a1c1839849368debd08,True
llama32_3b,Q1_asym,0,5,1.5538817644119263,2047,2048,7a7b7dc6f6f242742c30f5194894a13f9225c540c5568a1c1839849368debd08,True
llama32_3b,Q1_asym,0,6,1.6737351417541504,2047,2048,7a7b7dc6f6f242742c30f5194894a13f9225c540c5568a1c1839849368debd08,True
llama32_3b,Q1_asym,0,7,1.9183393716812134,2047,2048,7a7b7dc6f6f242742c30f5194894a13f9225c540c5568a1c1839849368debd08,True
llama32_3b,Q1_asym,0,8,2.247673749923706,2047,2048,7a7b7dc6f6f242742c30f5194894a13f9225c540c5568a1c1839849368debd08,True
llama32_3b,Q1_asym,0,9,1.9713727235794067,2047,2048,7a7b7dc6f6f242742c30f5194894a13f9225c540c5568a1c1839849368debd08,True
llama32_3b,Q1_asym,0,10,1.901544451713562,2047,2048,7a7b7dc6f6f242742c30f5194894a13f9225c540c5568a1c1839849368debd08,True
llama32_3b,Q1_asym,0,11,2.247836112976074,2047,2048,7a7b7dc6f6f242742c30f5194894a13f9225c540c5568a1c1839849368debd08,True
llama32_3b,Q1_asym,0,12,2.1218948364257812,2047,2048,7a7b7dc6f6f242742c30f5194894a13f9225c540c5568a1c1839849368debd08,True
llama32_3b,Q1_asym,0,13,2.280153512954712,2047,2048,7a7b7dc6f6f242742c30f5194894a13f9225c540c5568a1c1839849368debd08,True
llama32_3b,Q1_asym,0,14,2.1953988075256348,2047,2048,7a7b7dc6f6f242742c30f5194894a13f9225c540c5568a1c1839849368debd08,True
llama32_3b,Q1_asym,0,15,2.4017415046691895,2047,2048,7a7b7dc6f6f242742c30f5194894a13f9225c540c5568a1c1839849368debd08,True
llama32_3b,Q1_asym,0,16,2.12272572517395,2047,2048,7a7b7dc6f6f242742c30f5194894a13f9225c540c5568a1c1839849368debd08,True
llama32_3b,Q1_asym,0,17,2.143578052520752,2047,2048,7a7b7dc6f6f242742c30f5194894a13f9225c540c5568a1c1839849368debd08,True
llama32_3b,Q1_asym,0,18,1.9486584663391113,2047,2048,7a7b7dc6f6f242742c30f5194894a13f9225c540c5568a1c1839849368debd08,True
llama32_3b,Q1_asym,0,19,2.1070291996002197,2047,2048,7a7b7dc6f6f242742c30f5194894a13f9225c540c5568a1c1839849368debd08,True
llama32_3b,Q1_asym,0,20,2.238126754760742,2047,2048,7a7b7dc6f6f242742c30f5194894a13f9225c540c5568a1c1839849368debd08,True
llama32_3b,Q1_asym,0,21,2.1539337635040283,2047,2048,7a7b7dc6f6f242742c30f5194894a13f9225c540c5568a1c1839849368debd08,True
llama32_3b,Q1_asym,0,22,2.2063066959381104,2047,2048,7a7b7dc6f6f242742c30f5194894a13f9225c540c5568a1c1839849368debd08,True
llama32_3b,Q1_asym,0,23,2.251230001449585,2047,2048,7a7b7dc6f6f242742c30f5194894a13f9225c540c5568a1c1839849368debd08,True
llama32_3b,Q1_asym,0,24,2.281629800796509,2047,2048,7a7b7dc6f6f242742c30f5194894a13f9225c540c5568a1c1839849368debd08,True
llama32_3b,Q1_asym,0,25,2.3339831829071045,2047,2048,7a7b7dc6f6f242742c30f5194894a13f9225c540c5568a1c1839849368debd08,True
llama32_3b,Q1_asym,0,26,2.429960250854492,2047,2048,7a7b7dc6f6f242742c30f5194894a13f9225c540c5568a1c1839849368debd08,True
llama32_3b,Q1_asym,0,27,2.2278547286987305,2047,2048,7a7b7dc6f6f242742c30f5194894a13f9225c540c5568a1c1839849368debd08,True
llama32_3b,Q1_asym,0,28,1.9943121671676636,2047,2048,7a7b7dc6f6f242742c30f5194894a13f9225c540c5568a1c1839849368debd08,True
llama32_3b,Q1_asym,0,29,1.8067835569381714,2047,2048,7a7b7dc6f6f242742c30f5194894a13f9225c540c5568a1c1839849368debd08,True
llama32_3b,Q1_asym,0,30,1.6857572793960571,2047,2048,7a7b7dc6f6f242742c30f5194894a13f9225c540c5568a1c1839849368debd08,True
llama32_3b,Q1_asym,0,31,1.7268322706222534,2047,2048,7a7b7dc6f6f242742c30f5194894a13f9225c540c5568a1c1839849368debd08,True
llama32_3b,Q1_asym,0,32,2.0199429988861084,2047,2048,7a7b7dc6f6f242742c30f5194894a13f9225c540c5568a1c1839849368debd08,True
llama32_3b,Q1_asym,0,33,1.9842581748962402,2047,2048,7a7b7dc6f6f242742c30f5194894a13f9225c540c5568a1c1839849368debd08,True
llama32_3b,Q1_asym,0,34,2.1600804328918457,2047,2048,7a7b7dc6f6f242742c30f5194894a13f9225c540c5568a1c1839849368debd08,True
llama32_3b,Q1_asym,0,35,1.4724239110946655,2047,2048,7a7b7dc6f6f242742c30f5194894a13f9225c540c5568a1c1839849368debd08,True
llama32_3b,Q1_asym,0,36,1.4474793672561646,2047,2048,7a7b7dc6f6f242742c30f5194894a13f9225c540c5568a1c1839849368debd08,True
llama32_3b,Q1_asym,0,37,1.4918767213821411,2047,2048,7a7b7dc6f6f242742c30f5194894a13f9225c540c5568a1c1839849368debd08,True
llama32_3b,Q1_asym,0,38,1.4704545736312866,2047,2048,7a7b7dc6f6f242742c30f5194894a13f9225c540c5568a1c1839849368debd08,True
llama32_3b,Q1_asym,0,39,1.671228051185608,2047,2048,7a7b7dc6f6f242742c30f5194894a13f9225c540c5568a1c1839849368debd08,True
llama32_3b,Q1_asym,0,40,2.2751200199127197,2047,2048,7a7b7dc6f6f242742c30f5194894a13f9225c540c5568a1c1839849368debd08,True
llama32_3b,Q1_asym,0,41,2.6905109882354736,2047,2048,7a7b7dc6f6f242742c30f5194894a13f9225c540c5568a1c1839849368debd08,True
llama32_3b,Q1_asym,0,42,2.692314624786377,2047,2048,7a7b7dc6f6f242742c30f5194894a13f9225c540c5568a1c1839849368debd08,True
llama32_3b,Q1_asym,0,43,2.3128113746643066,2047,2048,7a7b7dc6f6f242742c30f5194894a13f9225c540c5568a1c1839849368debd08,True
llama32_3b,Q1_asym,0,44,2.311612129211426,2047,2048,7a7b7dc6f6f242742c30f5194894a13f9225c540c5568a1c1839849368debd08,True
llama32_3b,Q1_asym,0,45,2.280364513397217,2047,2048,7a7b7dc6f6f242742c30f5194894a13f9225c540c5568a1c1839849368debd08,True
llama32_3b,Q1_asym,0,46,2.3727753162384033,2047,2048,7a7b7dc6f6f242742c30f5194894a13f9225c540c5568a1c1839849368debd08,True
llama32_3b,Q1_asym,0,47,2.1643686294555664,2047,2048,7a7b7dc6f6f242742c30f5194894a13f9225c540c5568a1c1839849368debd08,True
llama32_3b,Q1_asym,0,48,2.0371930599212646,2047,2048,7a7b7dc6f6f242742c30f5194894a13f9225c540c5568a1c1839849368debd08,True
llama32_3b,Q1_asym,0,49,2.03334379196167,2047,2048,7a7b7dc6f6f242742c30f5194894a13f9225c540c5568a1c1839849368debd08,True
llama32_3b,Q1_asym,0,50,1.7499632835388184,2047,2048,7a7b7dc6f6f242742c30f5194894a13f9225c540c5568a1c1839849368debd08,True
llama32_3b,Q1_asym,0,51,1.8376082181930542,2047,2048,7a7b7dc6f6f242742c30f5194894a13f9225c540c5568a1c1839849368debd08,True
llama32_3b,Q1_asym,0,52,1.6822372674942017,2047,2048,7a7b7dc6f6f242742c30f5194894a13f9225c540c5568a1c1839849368debd08,True
llama32_3b,Q1_asym,0,53,1.9027457237243652,2047,2048,7a7b7dc6f6f242742c30f5194894a13f9225c540c5568a1c1839849368debd08,True
llama32_3b,Q1_asym,0,54,1.632034182548523,2047,2048,7a7b7dc6f6f242742c30f5194894a13f9225c540c5568a1c1839849368debd08,True
llama32_3b,Q1_asym,0,55,1.6047793626785278,2047,2048,7a7b7dc6f6f242742c30f5194894a13f9225c540c5568a1c1839849368debd08,True
llama32_3b,Q1_asym,0,56,1.8304630517959595,2047,2048,7a7b7dc6f6f242742c30f5194894a13f9225c540c5568a1c1839849368debd08,True
llama32_3b,Q1_asym,0,57,1.8059362173080444,2047,2048,7a7b7dc6f6f242742c30f5194894a13f9225c540c5568a1c1839849368debd08,True
llama32_3b,Q1_asym,0,58,2.1841416358947754,2047,2048,7a7b7dc6f6f242742c30f5194894a13f9225c540c5568a1c1839849368debd08,True
llama32_3b,Q1_asym,0,59,2.355360269546509,2047,2048,7a7b7dc6f6f242742c30f5194894a13f9225c540c5568a1c1839849368debd08,True
llama32_3b,Q1_asym,0,60,2.3642666339874268,2047,2048,7a7b7dc6f6f242742c30f5194894a13f9225c540c5568a1c1839849368debd08,True
llama32_3b,Q1_asym,0,61,2.4666872024536133,2047,2048,7a7b7dc6f6f242742c30f5194894a13f9225c540c5568a1c1839849368debd08,True
llama32_3b,Q1_asym,0,62,1.5154176950454712,2047,2048,7a7b7dc6f6f242742c30f5194894a13f9225c540c5568a1c1839849368debd08,True
llama32_3b,Q1_asym,0,63,1.9039556980133057,2047,2048,7a7b7dc6f6f242742c30f5194894a13f9225c540c5568a1c1839849368debd08,True
llama32_3b,Q1_asym,1,0,1.8295741081237793,2047,2048,7a7b7dc6f6f242742c30f5194894a13f9225c540c5568a1c1839849368debd08,True
llama32_3b,Q1_asym,1,1,2.4254281520843506,2047,2048,7a7b7dc6f6f242742c30f5194894a13f9225c540c5568a1c1839849368debd08,True
llama32_3b,Q1_asym,1,2,2.503716230392456,2047,2048,7a7b7dc6f6f242742c30f5194894a13f9225c540c5568a1c1839849368debd08,True
llama32_3b,Q1_asym,1,3,2.018537759780884,2047,2048,7a7b7dc6f6f242742c30f5194894a13f9225c540c5568a1c1839849368debd08,True
llama32_3b,Q1_asym,1,4,1.9285489320755005,2047,2048,7a7b7dc6f6f242742c30f5194894a13f9225c540c5568a1c1839849368debd08,True
llama32_3b,Q1_asym,1,5,1.5514503717422485,2047,2048,7a7b7dc6f6f242742c30f5194894a13f9225c540c5568a1c1839849368debd08,True
llama32_3b,Q1_asym,1,6,1.6727898120880127,2047,2048,7a7b7dc6f6f242742c30f5194894a13f9225c540c5568a1c1839849368debd08,True
llama32_3b,Q1_asym,1,7,1.9159460067749023,2047,2048,7a7b7dc6f6f242742c30f5194894a13f9225c540c5568a1c1839849368debd08,True
llama32_3b,Q1_asym,1,8,2.253347396850586,2047,2048,7a7b7dc6f6f242742c30f5194894a13f9225c540c5568a1c1839849368debd08,True
llama32_3b,Q1_asym,1,9,1.9768038988113403,2047,2048,7a7b7dc6f6f242742c30f5194894a13f9225c540c5568a1c1839849368debd08,True
llama32_3b,Q1_asym,1,10,1.8990437984466553,2047,2048,7a7b7dc6f6f242742c30f5194894a13f9225c540c5568a1c1839849368debd08,True
llama32_3b,Q1_asym,1,11,2.2512738704681396,2047,2048,7a7b7dc6f6f242742c30f5194894a13f9225c540c5568a1c1839849368debd08,True
llama32_3b,Q1_asym,1,12,2.125199556350708,2047,2048,7a7b7dc6f6f242742c30f5194894a13f9225c540c5568a1c1839849368debd08,True
llama32_3b,Q1_asym,1,13,2.276665449142456,2047,2048,7a7b7dc6f6f242742c30f5194894a13f9225c540c5568a1c1839849368debd08,True
llama32_3b,Q1_asym,1,14,2.200011730194092,2047,2048,7a7b7dc6f6f242742c30f5194894a13f9225c540c5568a1c1839849368debd08,True
llama32_3b,Q1_asym,1,15,2.404629945755005,2047,2048,7a7b7dc6f6f242742c30f5194894a13f9225c540c5568a1c1839849368debd08,True
llama32_3b,Q1_asym,1,16,2.127000331878662,2047,2048,7a7b7dc6f6f242742c30f5194894a13f9225c540c5568a1c1839849368debd08,True
llama32_3b,Q1_asym,1,17,2.1484506130218506,2047,2048,7a7b7dc6f6f242742c30f5194894a13f9225c540c5568a1c1839849368debd08,True
llama32_3b,Q1_asym,1,18,1.9616268873214722,2047,2048,7a7b7dc6f6f242742c30f5194894a13f9225c540c5568a1c1839849368debd08,True
llama32_3b,Q1_asym,1,19,2.1073756217956543,2047,2048,7a7b7dc6f6f242742c30f5194894a13f9225c540c5568a1c1839849368debd08,True
llama32_3b,Q1_asym,1,20,2.2362303733825684,2047,2048,7a7b7dc6f6f242742c30f5194894a13f9225c540c5568a1c1839849368debd08,True
llama32_3b,Q1_asym,1,21,2.1579573154449463,2047,2048,7a7b7dc6f6f242742c30f5194894a13f9225c540c5568a1c1839849368debd08,True
llama32_3b,Q1_asym,1,22,2.2067959308624268,2047,2048,7a7b7dc6f6f242742c30f5194894a13f9225c540c5568a1c1839849368debd08,True
llama32_3b,Q1_asym,1,23,2.2458155155181885,2047,2048,7a7b7dc6f6f242742c30f5194894a13f9225c540c5568a1c1839849368debd08,True
llama32_3b,Q1_asym,1,24,2.2754530906677246,2047,2048,7a7b7dc6f6f242742c30f5194894a13f9225c540c5568a1c1839849368debd08,True
llama32_3b,Q1_asym,1,25,2.3420464992523193,2047,2048,7a7b7dc6f6f242742c30f5194894a13f9225c540c5568a1c1839849368debd08,True
llama32_3b,Q1_asym,1,26,2.434105634689331,2047,2048,7a7b7dc6f6f242742c30f5194894a13f9225c540c5568a1c1839849368debd08,True
llama32_3b,Q1_asym,1,27,2.2310636043548584,2047,2048,7a7b7dc6f6f242742c30f5194894a13f9225c540c5568a1c1839849368debd08,True
llama32_3b,Q1_asym,1,28,1.9970039129257202,2047,2048,7a7b7dc6f6f242742c30f5194894a13f9225c540c5568a1c1839849368debd08,True
llama32_3b,Q1_asym,1,29,1.8123689889907837,2047,2048,7a7b7dc6f6f242742c30f5194894a13f9225c540c5568a1c1839849368debd08,True
llama32_3b,Q1_asym,1,30,1.6929035186767578,2047,2048,7a7b7dc6f6f242742c30f5194894a13f9225c540c5568a1c1839849368debd08,True
llama32_3b,Q1_asym,1,31,1.7146356105804443,2047,2048,7a7b7dc6f6f242742c30f5194894a13f9225c540c5568a1c1839849368debd08,True
llama32_3b,Q1_asym,1,32,2.0227982997894287,2047,2048,7a7b7dc6f6f242742c30f5194894a13f9225c540c5568a1c1839849368debd08,True
llama32_3b,Q1_asym,1,33,1.98537278175354,2047,2048,7a7b7dc6f6f242742c30f5194894a13f9225c540c5568a1c1839849368debd08,True
llama32_3b,Q1_asym,1,34,2.1628637313842773,2047,2048,7a7b7dc6f6f242742c30f5194894a13f9225c540c5568a1c1839849368debd08,True
llama32_3b,Q1_asym,1,35,1.4741581678390503,2047,2048,7a7b7dc6f6f242742c30f5194894a13f9225c540c5568a1c1839849368debd08,True
llama32_3b,Q1_asym,1,36,1.4529352188110352,2047,2048,7a7b7dc6f6f242742c30f5194894a13f9225c540c5568a1c1839849368debd08,True
llama32_3b,Q1_asym,1,37,1.5010615587234497,2047,2048,7a7b7dc6f6f242742c30f5194894a13f9225c540c5568a1c1839849368debd08,True
llama32_3b,Q1_asym,1,38,1.4812897443771362,2047,2048,7a7b7dc6f6f242742c30f5194894a13f9225c540c5568a1c1839849368debd08,True
llama32_3b,Q1_asym,1,39,1.669872522354126,2047,2048,7a7b7dc6f6f242742c30f5194894a13f9225c540c5568a1c1839849368debd08,True
llama32_3b,Q1_asym,1,40,2.2806689739227295,2047,2048,7a7b7dc6f6f242742c30f5194894a13f9225c540c5568a1c1839849368debd08,True
llama32_3b,Q1_asym,1,41,2.6942386627197266,2047,2048,7a7b7dc6f6f242742c30f5194894a13f9225c540c5568a1c1839849368debd08,True
llama32_3b,Q1_asym,1,42,2.6918933391571045,2047,2048,7a7b7dc6f6f242742c30f5194894a13f9225c540c5568a1c1839849368debd08,True
llama32_3b,Q1_asym,1,43,2.322869300842285,2047,2048,7a7b7dc6f6f242742c30f5194894a13f9225c540c5568a1c1839849368debd08,True
llama32_3b,Q1_asym,1,44,2.2973921298980713,2047,2048,7a7b7dc6f6f242742c30f5194894a13f9225c540c5568a1c1839849368debd08,True
llama32_3b,Q1_asym,1,45,2.2810912132263184,2047,2048,7a7b7dc6f6f242742c30f5194894a13f9225c540c5568a1c1839849368debd08,True
llama32_3b,Q1_asym,1,46,2.376035451889038,2047,2048,7a7b7dc6f6f242742c30f5194894a13f9225c540c5568a1c1839849368debd08,True
llama32_3b,Q1_asym,1,47,2.1603901386260986,2047,2048,7a7b7dc6f6f242742c30f5194894a13f9225c540c5568a1c1839849368debd08,True
llama32_3b,Q1_asym,1,48,2.0356557369232178,2047,2048,7a7b7dc6f6f242742c30f5194894a13f9225c540c5568a1c1839849368debd08,True
llama32_3b,Q1_asym,1,49,2.0314321517944336,2047,2048,7a7b7dc6f6f242742c30f5194894a13f9225c540c5568a1c1839849368debd08,True
llama32_3b,Q1_asym,1,50,1.7512551546096802,2047,2048,7a7b7dc6f6f242742c30f5194894a13f9225c540c5568a1c1839849368debd08,True
llama32_3b,Q1_asym,1,51,1.840517520904541,2047,2048,7a7b7dc6f6f242742c30f5194894a13f9225c540c5568a1c1839849368debd08,True
llama32_3b,Q1_asym,1,52,1.6772817373275757,2047,2048,7a7b7dc6f6f242742c30f5194894a13f9225c540c5568a1c1839849368debd08,True
llama32_3b,Q1_asym,1,53,1.905543327331543,2047,2048,7a7b7dc6f6f242742c30f5194894a13f9225c540c5568a1c1839849368debd08,True
llama32_3b,Q1_asym,1,54,1.6249006986618042,2047,2048,7a7b7dc6f6f242742c30f5194894a13f9225c540c5568a1c1839849368debd08,True
llama32_3b,Q1_asym,1,55,1.6072818040847778,2047,2048,7a7b7dc6f6f242742c30f5194894a13f9225c540c5568a1c1839849368debd08,True
llama32_3b,Q1_asym,1,56,1.8385854959487915,2047,2048,7a7b7dc6f6f242742c30f5194894a13f9225c540c5568a1c1839849368debd08,True
llama32_3b,Q1_asym,1,57,1.8070027828216553,2047,2048,7a7b7dc6f6f242742c30f5194894a13f9225c540c5568a1c1839849368debd08,True
llama32_3b,Q1_asym,1,58,2.18369460105896,2047,2048,7a7b7dc6f6f242742c30f5194894a13f9225c540c5568a1c1839849368debd08,True
llama32_3b,Q1_asym,1,59,2.3517985343933105,2047,2048,7a7b7dc6f6f242742c30f5194894a13f9225c540c5568a1c1839849368debd08,True
llama32_3b,Q1_asym,1,60,2.3641252517700195,2047,2048,7a7b7dc6f6f242742c30f5194894a13f9225c540c5568a1c1839849368debd08,True
llama32_3b,Q1_asym,1,61,2.470703601837158,2047,2048,7a7b7dc6f6f242742c30f5194894a13f9225c540c5568a1c1839849368debd08,True
llama32_3b,Q1_asym,1,62,1.5165691375732422,2047,2048,7a7b7dc6f6f242742c30f5194894a13f9225c540c5568a1c1839849368debd08,True
llama32_3b,Q1_asym,1,63,1.9048550128936768,2047,2048,7a7b7dc6f6f242742c30f5194894a13f9225c540c5568a1c1839849368debd08,True
llama32_3b,Q1_asym,2,0,1.8456416130065918,2047,2048,7a7b7dc6f6f242742c30f5194894a13f9225c540c5568a1c1839849368debd08,True
llama32_3b,Q1_asym,2,1,2.430349111557007,2047,2048,7a7b7dc6f6f242742c30f5194894a13f9225c540c5568a1c1839849368debd08,True
llama32_3b,Q1_asym,2,2,2.503749132156372,2047,2048,7a7b7dc6f6f242742c30f5194894a13f9225c540c5568a1c1839849368debd08,True
llama32_3b,Q1_asym,2,3,2.0191309452056885,2047,2048,7a7b7dc6f6f242742c30f5194894a13f9225c540c5568a1c1839849368debd08,True
llama32_3b,Q1_asym,2,4,1.9279807806015015,2047,2048,7a7b7dc6f6f242742c30f5194894a13f9225c540c5568a1c1839849368debd08,True
llama32_3b,Q1_asym,2,5,1.5512573719024658,2047,2048,7a7b7dc6f6f242742c30f5194894a13f9225c540c5568a1c1839849368debd08,True
llama32_3b,Q1_asym,2,6,1.666833758354187,2047,2048,7a7b7dc6f6f242742c30f5194894a13f9225c540c5568a1c1839849368debd08,True
llama32_3b,Q1_asym,2,7,1.917101263999939,2047,2048,7a7b7dc6f6f242742c30f5194894a13f9225c540c5568a1c1839849368debd08,True
llama32_3b,Q1_asym,2,8,2.2566254138946533,2047,2048,7a7b7dc6f6f242742c30f5194894a13f9225c540c5568a1c1839849368debd08,True
llama32_3b,Q1_asym,2,9,1.9840892553329468,2047,2048,7a7b7dc6f6f242742c30f5194894a13f9225c540c5568a1c1839849368debd08,True
llama32_3b,Q1_asym,2,10,1.8955695629119873,2047,2048,7a7b7dc6f6f242742c30f5194894a13f9225c540c5568a1c1839849368debd08,True
llama32_3b,Q1_asym,2,11,2.2531018257141113,2047,2048,7a7b7dc6f6f242742c30f5194894a13f9225c540c5568a1c1839849368debd08,True
llama32_3b,Q1_asym,2,12,2.124473810195923,2047,2048,7a7b7dc6f6f242742c30f5194894a13f9225c540c5568a1c1839849368debd08,True
llama32_3b,Q1_asym,2,13,2.277404546737671,2047,2048,7a7b7dc6f6f242742c30f5194894a13f9225c540c5568a1c1839849368debd08,True
llama32_3b,Q1_asym,2,14,2.205609083175659,2047,2048,7a7b7dc6f6f242742c30f5194894a13f9225c540c5568a1c1839849368debd08,True
llama32_3b,Q1_asym,2,15,2.405419111251831,2047,2048,7a7b7dc6f6f242742c30f5194894a13f9225c540c5568a1c1839849368debd08,True
llama32_3b,Q1_asym,2,16,2.127885341644287,2047,2048,7a7b7dc6f6f242742c30f5194894a13f9225c540c5568a1c1839849368debd08,True
llama32_3b,Q1_asym,2,17,2.1566174030303955,2047,2048,7a7b7dc6f6f242742c30f5194894a13f9225c540c5568a1c1839849368debd08,True
llama32_3b,Q1_asym,2,18,1.955431342124939,2047,2048,7a7b7dc6f6f242742c30f5194894a13f9225c540c5568a1c1839849368debd08,True
llama32_3b,Q1_asym,2,19,2.1097304821014404,2047,2048,7a7b7dc6f6f242742c30f5194894a13f9225c540c5568a1c1839849368debd08,True
llama32_3b,Q1_asym,2,20,2.229020833969116,2047,2048,7a7b7dc6f6f242742c30f5194894a13f9225c540c5568a1c1839849368debd08,True
llama32_3b,Q1_asym,2,21,2.157597303390503,2047,2048,7a7b7dc6f6f242742c30f5194894a13f9225c540c5568a1c1839849368debd08,True
llama32_3b,Q1_asym,2,22,2.2142369747161865,2047,2048,7a7b7dc6f6f242742c30f5194894a13f9225c540c5568a1c1839849368debd08,True
llama32_3b,Q1_asym,2,23,2.254889488220215,2047,2048,7a7b7dc6f6f242742c30f5194894a13f9225c540c5568a1c1839849368debd08,True
llama32_3b,Q1_asym,2,24,2.2854273319244385,2047,2048,7a7b7dc6f6f242742c30f5194894a13f9225c540c5568a1c1839849368debd08,True
llama32_3b,Q1_asym,2,25,2.339566469192505,2047,2048,7a7b7dc6f6f242742c30f5194894a13f9225c540c5568a1c1839849368debd08,True
llama32_3b,Q1_asym,2,26,2.4286534786224365,2047,2048,7a7b7dc6f6f242742c30f5194894a13f9225c540c5568a1c1839849368debd08,True
llama32_3b,Q1_asym,2,27,2.2268712520599365,2047,2048,7a7b7dc6f6f242742c30f5194894a13f9225c540c5568a1c1839849368debd08,True
llama32_3b,Q1_asym,2,28,1.9987837076187134,2047,2048,7a7b7dc6f6f242742c30f5194894a13f9225c540c5568a1c1839849368debd08,True
llama32_3b,Q1_asym,2,29,1.8192923069000244,2047,2048,7a7b7dc6f6f242742c30f5194894a13f9225c540c5568a1c1839849368debd08,True
llama32_3b,Q1_asym,2,30,1.6993626356124878,2047,2048,7a7b7dc6f6f242742c30f5194894a13f9225c540c5568a1c1839849368debd08,True
llama32_3b,Q1_asym,2,31,1.7268489599227905,2047,2048,7a7b7dc6f6f242742c30f5194894a13f9225c540c5568a1c1839849368debd08,True
llama32_3b,Q1_asym,2,32,2.0202481746673584,2047,2048,7a7b7dc6f6f242742c30f5194894a13f9225c540c5568a1c1839849368debd08,True
llama32_3b,Q1_asym,2,33,1.9821490049362183,2047,2048,7a7b7dc6f6f242742c30f5194894a13f9225c540c5568a1c1839849368debd08,True
llama32_3b,Q1_asym,2,34,2.165039300918579,2047,2048,7a7b7dc6f6f242742c30f5194894a13f9225c540c5568a1c1839849368debd08,True
llama32_3b,Q1_asym,2,35,1.4772640466690063,2047,2048,7a7b7dc6f6f242742c30f5194894a13f9225c540c5568a1c1839849368debd08,True
llama32_3b,Q1_asym,2,36,1.452135682106018,2047,2048,7a7b7dc6f6f242742c30f5194894a13f9225c540c5568a1c1839849368debd08,True
llama32_3b,Q1_asym,2,37,1.4987362623214722,2047,2048,7a7b7dc6f6f242742c30f5194894a13f9225c540c5568a1c1839849368debd08,True
llama32_3b,Q1_asym,2,38,1.4761552810668945,2047,2048,7a7b7dc6f6f242742c30f5194894a13f9225c540c5568a1c1839849368debd08,True
llama32_3b,Q1_asym,2,39,1.6756316423416138,2047,2048,7a7b7dc6f6f242742c30f5194894a13f9225c540c5568a1c1839849368debd08,True
llama32_3b,Q1_asym,2,40,2.27331805229187,2047,2048,7a7b7dc6f6f242742c30f5194894a13f9225c540c5568a1c1839849368debd08,True
llama32_3b,Q1_asym,2,41,2.6964545249938965,2047,2048,7a7b7dc6f6f242742c30f5194894a13f9225c540c5568a1c1839849368debd08,True
llama32_3b,Q1_asym,2,42,2.6926791667938232,2047,2048,7a7b7dc6f6f242742c30f5194894a13f9225c540c5568a1c1839849368debd08,True
llama32_3b,Q1_asym,2,43,2.3140413761138916,2047,2048,7a7b7dc6f6f242742c30f5194894a13f9225c540c5568a1c1839849368debd08,True
llama32_3b,Q1_asym,2,44,2.3037281036376953,2047,2048,7a7b7dc6f6f242742c30f5194894a13f9225c540c5568a1c1839849368debd08,True
llama32_3b,Q1_asym,2,45,2.279756546020508,2047,2048,7a7b7dc6f6f242742c30f5194894a13f9225c540c5568a1c1839849368debd08,True
llama32_3b,Q1_asym,2,46,2.371583938598633,2047,2048,7a7b7dc6f6f242742c30f5194894a13f9225c540c5568a1c1839849368debd08,True
llama32_3b,Q1_asym,2,47,2.1674132347106934,2047,2048,7a7b7dc6f6f242742c30f5194894a13f9225c540c5568a1c1839849368debd08,True
llama32_3b,Q1_asym,2,48,2.0366971492767334,2047,2048,7a7b7dc6f6f242742c30f5194894a13f9225c540c5568a1c1839849368debd08,True
llama32_3b,Q1_asym,2,49,2.031538724899292,2047,2048,7a7b7dc6f6f242742c30f5194894a13f9225c540c5568a1c1839849368debd08,True
llama32_3b,Q1_asym,2,50,1.7457863092422485,2047,2048,7a7b7dc6f6f242742c30f5194894a13f9225c540c5568a1c1839849368debd08,True
llama32_3b,Q1_asym,2,51,1.838861346244812,2047,2048,7a7b7dc6f6f242742c30f5194894a13f9225c540c5568a1c1839849368debd08,True
llama32_3b,Q1_asym,2,52,1.6837024688720703,2047,2048,7a7b7dc6f6f242742c30f5194894a13f9225c540c5568a1c1839849368debd08,True
llama32_3b,Q1_asym,2,53,1.9045608043670654,2047,2048,7a7b7dc6f6f242742c30f5194894a13f9225c540c5568a1c1839849368debd08,True
llama32_3b,Q1_asym,2,54,1.6308916807174683,2047,2048,7a7b7dc6f6f242742c30f5194894a13f9225c540c5568a1c1839849368debd08,True
llama32_3b,Q1_asym,2,55,1.6134390830993652,2047,2048,7a7b7dc6f6f242742c30f5194894a13f9225c540c5568a1c1839849368debd08,True
llama32_3b,Q1_asym,2,56,1.8322125673294067,2047,2048,7a7b7dc6f6f242742c30f5194894a13f9225c540c5568a1c1839849368debd08,True
llama32_3b,Q1_asym,2,57,1.802211046218872,2047,2048,7a7b7dc6f6f242742c30f5194894a13f9225c540c5568a1c1839849368debd08,True
llama32_3b,Q1_asym,2,58,2.1836230754852295,2047,2048,7a7b7dc6f6f242742c30f5194894a13f9225c540c5568a1c1839849368debd08,True
llama32_3b,Q1_asym,2,59,2.357806921005249,2047,2048,7a7b7dc6f6f242742c30f5194894a13f9225c540c5568a1c1839849368debd08,True
llama32_3b,Q1_asym,2,60,2.3604466915130615,2047,2048,7a7b7dc6f6f242742c30f5194894a13f9225c540c5568a1c1839849368debd08,True
llama32_3b,Q1_asym,2,61,2.4640135765075684,2047,2048,7a7b7dc6f6f242742c30f5194894a13f9225c540c5568a1c1839849368debd08,True
llama32_3b,Q1_asym,2,62,1.5213338136672974,2047,2048,7a7b7dc6f6f242742c30f5194894a13f9225c540c5568a1c1839849368debd08,True
llama32_3b,Q1_asym,2,63,1.8986914157867432,2047,2048,7a7b7dc6f6f242742c30f5194894a13f9225c540c5568a1c1839849368debd08,True
llama32_3b,Had_asym,0,0,1.8464964628219604,2047,2048,7a7b7dc6f6f242742c30f5194894a13f9225c540c5568a1c1839849368debd08,True
llama32_3b,Had_asym,0,1,2.4363670349121094,2047,2048,7a7b7dc6f6f242742c30f5194894a13f9225c540c5568a1c1839849368debd08,True
llama32_3b,Had_asym,0,2,2.5150644779205322,2047,2048,7a7b7dc6f6f242742c30f5194894a13f9225c540c5568a1c1839849368debd08,True
llama32_3b,Had_asym,0,3,2.0261874198913574,2047,2048,7a7b7dc6f6f242742c30f5194894a13f9225c540c5568a1c1839849368debd08,True
llama32_3b,Had_asym,0,4,1.9410401582717896,2047,2048,7a7b7dc6f6f242742c30f5194894a13f9225c540c5568a1c1839849368debd08,True
llama32_3b,Had_asym,0,5,1.5666395425796509,2047,2048,7a7b7dc6f6f242742c30f5194894a13f9225c540c5568a1c1839849368debd08,True
llama32_3b,Had_asym,0,6,1.6651989221572876,2047,2048,7a7b7dc6f6f242742c30f5194894a13f9225c540c5568a1c1839849368debd08,True
llama32_3b,Had_asym,0,7,1.923748254776001,2047,2048,7a7b7dc6f6f242742c30f5194894a13f9225c540c5568a1c1839849368debd08,True
llama32_3b,Had_asym,0,8,2.252497434616089,2047,2048,7a7b7dc6f6f242742c30f5194894a13f9225c540c5568a1c1839849368debd08,True
llama32_3b,Had_asym,0,9,1.9850136041641235,2047,2048,7a7b7dc6f6f242742c30f5194894a13f9225c540c5568a1c1839849368debd08,True
llama32_3b,Had_asym,0,10,1.9025028944015503,2047,2048,7a7b7dc6f6f242742c30f5194894a13f9225c540c5568a1c1839849368debd08,True
llama32_3b,Had_asym,0,11,2.263963460922241,2047,2048,7a7b7dc6f6f242742c30f5194894a13f9225c540c5568a1c1839849368debd08,True
llama32_3b,Had_asym,0,12,2.1257569789886475,2047,2048,7a7b7dc6f6f242742c30f5194894a13f9225c540c5568a1c1839849368debd08,True
llama32_3b,Had_asym,0,13,2.279078960418701,2047,2048,7a7b7dc6f6f242742c30f5194894a13f9225c540c5568a1c1839849368debd08,True
llama32_3b,Had_asym,0,14,2.210543394088745,2047,2048,7a7b7dc6f6f242742c30f5194894a13f9225c540c5568a1c1839849368debd08,True
llama32_3b,Had_asym,0,15,2.411890745162964,2047,2048,7a7b7dc6f6f242742c30f5194894a13f9225c540c5568a1c1839849368debd08,True
llama32_3b,Had_asym,0,16,2.1403558254241943,2047,2048,7a7b7dc6f6f242742c30f5194894a13f9225c540c5568a1c1839849368debd08,True
llama32_3b,Had_asym,0,17,2.1573874950408936,2047,2048,7a7b7dc6f6f242742c30f5194894a13f9225c540c5568a1c1839849368debd08,True
llama32_3b,Had_asym,0,18,1.9704965353012085,2047,2048,7a7b7dc6f6f242742c30f5194894a13f9225c540c5568a1c1839849368debd08,True
llama32_3b,Had_asym,0,19,2.1200032234191895,2047,2048,7a7b7dc6f6f242742c30f5194894a13f9225c540c5568a1c1839849368debd08,True
llama32_3b,Had_asym,0,20,2.2399160861968994,2047,2048,7a7b7dc6f6f242742c30f5194894a13f9225c540c5568a1c1839849368debd08,True
llama32_3b,Had_asym,0,21,2.168447256088257,2047,2048,7a7b7dc6f6f242742c30f5194894a13f9225c540c5568a1c1839849368debd08,True
llama32_3b,Had_asym,0,22,2.22629714012146,2047,2048,7a7b7dc6f6f242742c30f5194894a13f9225c540c5568a1c1839849368debd08,True
llama32_3b,Had_asym,0,23,2.256462335586548,2047,2048,7a7b7dc6f6f242742c30f5194894a13f9225c540c5568a1c1839849368debd08,True
llama32_3b,Had_asym,0,24,2.2879059314727783,2047,2048,7a7b7dc6f6f242742c30f5194894a13f9225c540c5568a1c1839849368debd08,True
llama32_3b,Had_asym,0,25,2.3573577404022217,2047,2048,7a7b7dc6f6f242742c30f5194894a13f9225c540c5568a1c1839849368debd08,True
llama32_3b,Had_asym,0,26,2.4336628913879395,2047,2048,7a7b7dc6f6f242742c30f5194894a13f9225c540c5568a1c1839849368debd08,True
llama32_3b,Had_asym,0,27,2.236435890197754,2047,2048,7a7b7dc6f6f242742c30f5194894a13f9225c540c5568a1c1839849368debd08,True
llama32_3b,Had_asym,0,28,2.0019052028656006,2047,2048,7a7b7dc6f6f242742c30f5194894a13f9225c540c5568a1c1839849368debd08,True
llama32_3b,Had_asym,0,29,1.8122385740280151,2047,2048,7a7b7dc6f6f242742c30f5194894a13f9225c540c5568a1c1839849368debd08,True
llama32_3b,Had_asym,0,30,1.6975204944610596,2047,2048,7a7b7dc6f6f242742c30f5194894a13f9225c540c5568a1c1839849368debd08,True
llama32_3b,Had_asym,0,31,1.7330905199050903,2047,2048,7a7b7dc6f6f242742c30f5194894a13f9225c540c5568a1c1839849368debd08,True
llama32_3b,Had_asym,0,32,2.0247039794921875,2047,2048,7a7b7dc6f6f242742c30f5194894a13f9225c540c5568a1c1839849368debd08,True
llama32_3b,Had_asym,0,33,1.9805711507797241,2047,2048,7a7b7dc6f6f242742c30f5194894a13f9225c540c5568a1c1839849368debd08,True
llama32_3b,Had_asym,0,34,2.165266752243042,2047,2048,7a7b7dc6f6f242742c30f5194894a13f9225c540c5568a1c1839849368debd08,True
llama32_3b,Had_asym,0,35,1.4805874824523926,2047,2048,7a7b7dc6f6f242742c30f5194894a13f9225c540c5568a1c1839849368debd08,True
llama32_3b,Had_asym,0,36,1.451340675354004,2047,2048,7a7b7dc6f6f242742c30f5194894a13f9225c540c5568a1c1839849368debd08,True
llama32_3b,Had_asym,0,37,1.4955750703811646,2047,2048,7a7b7dc6f6f242742c30f5194894a13f9225c540c5568a1c1839849368debd08,True
llama32_3b,Had_asym,0,38,1.4813306331634521,2047,2048,7a7b7dc6f6f242742c30f5194894a13f9225c540c5568a1c1839849368debd08,True
llama32_3b,Had_asym,0,39,1.6750191450119019,2047,2048,7a7b7dc6f6f242742c30f5194894a13f9225c540c5568a1c1839849368debd08,True
llama32_3b,Had_asym,0,40,2.2811903953552246,2047,2048,7a7b7dc6f6f242742c30f5194894a13f9225c540c5568a1c1839849368debd08,True
llama32_3b,Had_asym,0,41,2.6955177783966064,2047,2048,7a7b7dc6f6f242742c30f5194894a13f9225c540c5568a1c1839849368debd08,True
llama32_3b,Had_asym,0,42,2.696370840072632,2047,2048,7a7b7dc6f6f242742c30f5194894a13f9225c540c5568a1c1839849368debd08,True
llama32_3b,Had_asym,0,43,2.3202548027038574,2047,2048,7a7b7dc6f6f242742c30f5194894a13f9225c540c5568a1c1839849368debd08,True
llama32_3b,Had_asym,0,44,2.314545154571533,2047,2048,7a7b7dc6f6f242742c30f5194894a13f9225c540c5568a1c1839849368debd08,True
llama32_3b,Had_asym,0,45,2.296149492263794,2047,2048,7a7b7dc6f6f242742c30f5194894a13f9225c540c5568a1c1839849368debd08,True
llama32_3b,Had_asym,0,46,2.3826963901519775,2047,2048,7a7b7dc6f6f242742c30f5194894a13f9225c540c5568a1c1839849368debd08,True
llama32_3b,Had_asym,0,47,2.162240982055664,2047,2048,7a7b7dc6f6f242742c30f5194894a13f9225c540c5568a1c1839849368debd08,True
llama32_3b,Had_asym,0,48,2.0336220264434814,2047,2048,7a7b7dc6f6f242742c30f5194894a13f9225c540c5568a1c1839849368debd08,True
llama32_3b,Had_asym,0,49,2.0472166538238525,2047,2048,7a7b7dc6f6f242742c30f5194894a13f9225c540c5568a1c1839849368debd08,True
llama32_3b,Had_asym,0,50,1.7717665433883667,2047,2048,7a7b7dc6f6f242742c30f5194894a13f9225c540c5568a1c1839849368debd08,True
llama32_3b,Had_asym,0,51,1.8432925939559937,2047,2048,7a7b7dc6f6f242742c30f5194894a13f9225c540c5568a1c1839849368debd08,True
llama32_3b,Had_asym,0,52,1.689560890197754,2047,2048,7a7b7dc6f6f242742c30f5194894a13f9225c540c5568a1c1839849368debd08,True
llama32_3b,Had_asym,0,53,1.9073567390441895,2047,2048,7a7b7dc6f6f242742c30f5194894a13f9225c540c5568a1c1839849368debd08,True
llama32_3b,Had_asym,0,54,1.640388011932373,2047,2048,7a7b7dc6f6f242742c30f5194894a13f9225c540c5568a1c1839849368debd08,True
llama32_3b,Had_asym,0,55,1.613503336906433,2047,2048,7a7b7dc6f6f242742c30f5194894a13f9225c540c5568a1c1839849368debd08,True
llama32_3b,Had_asym,0,56,1.842848300933838,2047,2048,7a7b7dc6f6f242742c30f5194894a13f9225c540c5568a1c1839849368debd08,True
llama32_3b,Had_asym,0,57,1.8194260597229004,2047,2048,7a7b7dc6f6f242742c30f5194894a13f9225c540c5568a1c1839849368debd08,True
llama32_3b,Had_asym,0,58,2.2004048824310303,2047,2048,7a7b7dc6f6f242742c30f5194894a13f9225c540c5568a1c1839849368debd08,True
llama32_3b,Had_asym,0,59,2.360755205154419,2047,2048,7a7b7dc6f6f242742c30f5194894a13f9225c540c5568a1c1839849368debd08,True
llama32_3b,Had_asym,0,60,2.3689322471618652,2047,2048,7a7b7dc6f6f242742c30f5194894a13f9225c540c5568a1c1839849368debd08,True
llama32_3b,Had_asym,0,61,2.479435443878174,2047,2048,7a7b7dc6f6f242742c30f5194894a13f9225c540c5568a1c1839849368debd08,True
llama32_3b,Had_asym,0,62,1.5209953784942627,2047,2048,7a7b7dc6f6f242742c30f5194894a13f9225c540c5568a1c1839849368debd08,True
llama32_3b,Had_asym,0,63,1.906933069229126,2047,2048,7a7b7dc6f6f242742c30f5194894a13f9225c540c5568a1c1839849368debd08,True
llama32_3b,Had_asym,1,0,1.8442344665527344,2047,2048,7a7b7dc6f6f242742c30f5194894a13f9225c540c5568a1c1839849368debd08,True
llama32_3b,Had_asym,1,1,2.4315025806427,2047,2048,7a7b7dc6f6f242742c30f5194894a13f9225c540c5568a1c1839849368debd08,True
llama32_3b,Had_asym,1,2,2.5037827491760254,2047,2048,7a7b7dc6f6f242742c30f5194894a13f9225c540c5568a1c1839849368debd08,True
llama32_3b,Had_asym,1,3,2.0341954231262207,2047,2048,7a7b7dc6f6f242742c30f5194894a13f9225c540c5568a1c1839849368debd08,True
llama32_3b,Had_asym,1,4,1.9371346235275269,2047,2048,7a7b7dc6f6f242742c30f5194894a13f9225c540c5568a1c1839849368debd08,True
llama32_3b,Had_asym,1,5,1.5599868297576904,2047,2048,7a7b7dc6f6f242742c30f5194894a13f9225c540c5568a1c1839849368debd08,True
llama32_3b,Had_asym,1,6,1.6793931722640991,2047,2048,7a7b7dc6f6f242742c30f5194894a13f9225c540c5568a1c1839849368debd08,True
llama32_3b,Had_asym,1,7,1.9350614547729492,2047,2048,7a7b7dc6f6f242742c30f5194894a13f9225c540c5568a1c1839849368debd08,True
llama32_3b,Had_asym,1,8,2.2587966918945312,2047,2048,7a7b7dc6f6f242742c30f5194894a13f9225c540c5568a1c1839849368debd08,True
llama32_3b,Had_asym,1,9,1.9812524318695068,2047,2048,7a7b7dc6f6f242742c30f5194894a13f9225c540c5568a1c1839849368debd08,True
llama32_3b,Had_asym,1,10,1.902612566947937,2047,2048,7a7b7dc6f6f242742c30f5194894a13f9225c540c5568a1c1839849368debd08,True
llama32_3b,Had_asym,1,11,2.2672085762023926,2047,2048,7a7b7dc6f6f242742c30f5194894a13f9225c540c5568a1c1839849368debd08,True
llama32_3b,Had_asym,1,12,2.127279043197632,2047,2048,7a7b7dc6f6f242742c30f5194894a13f9225c540c5568a1c1839849368debd08,True
llama32_3b,Had_asym,1,13,2.284085512161255,2047,2048,7a7b7dc6f6f242742c30f5194894a13f9225c540c5568a1c1839849368debd08,True
llama32_3b,Had_asym,1,14,2.2074334621429443,2047,2048,7a7b7dc6f6f242742c30f5194894a13f9225c540c5568a1c1839849368debd08,True
llama32_3b,Had_asym,1,15,2.4077885150909424,2047,2048,7a7b7dc6f6f242742c30f5194894a13f9225c540c5568a1c1839849368debd08,True
llama32_3b,Had_asym,1,16,2.1504287719726562,2047,2048,7a7b7dc6f6f242742c30f5194894a13f9225c540c5568a1c1839849368debd08,True
llama32_3b,Had_asym,1,17,2.1558291912078857,2047,2048,7a7b7dc6f6f242742c30f5194894a13f9225c540c5568a1c1839849368debd08,True
llama32_3b,Had_asym,1,18,1.9572705030441284,2047,2048,7a7b7dc6f6f242742c30f5194894a13f9225c540c5568a1c1839849368debd08,True
llama32_3b,Had_asym,1,19,2.1342616081237793,2047,2048,7a7b7dc6f6f242742c30f5194894a13f9225c540c5568a1c1839849368debd08,True
llama32_3b,Had_asym,1,20,2.231870412826538,2047,2048,7a7b7dc6f6f242742c30f5194894a13f9225c540c5568a1c1839849368debd08,True
llama32_3b,Had_asym,1,21,2.167170286178589,2047,2048,7a7b7dc6f6f242742c30f5194894a13f9225c540c5568a1c1839849368debd08,True
llama32_3b,Had_asym,1,22,2.215130090713501,2047,2048,7a7b7dc6f6f242742c30f5194894a13f9225c540c5568a1c1839849368debd08,True
llama32_3b,Had_asym,1,23,2.261826992034912,2047,2048,7a7b7dc6f6f242742c30f5194894a13f9225c540c5568a1c1839849368debd08,True
llama32_3b,Had_asym,1,24,2.2904655933380127,2047,2048,7a7b7dc6f6f242742c30f5194894a13f9225c540c5568a1c1839849368debd08,True
llama32_3b,Had_asym,1,25,2.343402147293091,2047,2048,7a7b7dc6f6f242742c30f5194894a13f9225c540c5568a1c1839849368debd08,True
llama32_3b,Had_asym,1,26,2.4425735473632812,2047,2048,7a7b7dc6f6f242742c30f5194894a13f9225c540c5568a1c1839849368debd08,True
llama32_3b,Had_asym,1,27,2.2297675609588623,2047,2048,7a7b7dc6f6f242742c30f5194894a13f9225c540c5568a1c1839849368debd08,True
llama32_3b,Had_asym,1,28,2.0129892826080322,2047,2048,7a7b7dc6f6f242742c30f5194894a13f9225c540c5568a1c1839849368debd08,True
llama32_3b,Had_asym,1,29,1.808549165725708,2047,2048,7a7b7dc6f6f242742c30f5194894a13f9225c540c5568a1c1839849368debd08,True
llama32_3b,Had_asym,1,30,1.7096221446990967,2047,2048,7a7b7dc6f6f242742c30f5194894a13f9225c540c5568a1c1839849368debd08,True
llama32_3b,Had_asym,1,31,1.7317266464233398,2047,2048,7a7b7dc6f6f242742c30f5194894a13f9225c540c5568a1c1839849368debd08,True
llama32_3b,Had_asym,1,32,2.0203824043273926,2047,2048,7a7b7dc6f6f242742c30f5194894a13f9225c540c5568a1c1839849368debd08,True
llama32_3b,Had_asym,1,33,2.004196882247925,2047,2048,7a7b7dc6f6f242742c30f5194894a13f9225c540c5568a1c1839849368debd08,True
llama32_3b,Had_asym,1,34,2.1727066040039062,2047,2048,7a7b7dc6f6f242742c30f5194894a13f9225c540c5568a1c1839849368debd08,True
llama32_3b,Had_asym,1,35,1.4884339570999146,2047,2048,7a7b7dc6f6f242742c30f5194894a13f9225c540c5568a1c1839849368debd08,True
llama32_3b,Had_asym,1,36,1.4520416259765625,2047,2048,7a7b7dc6f6f242742c30f5194894a13f9225c540c5568a1c1839849368debd08,True
llama32_3b,Had_asym,1,37,1.4961048364639282,2047,2048,7a7b7dc6f6f242742c30f5194894a13f9225c540c5568a1c1839849368debd08,True
llama32_3b,Had_asym,1,38,1.4802730083465576,2047,2048,7a7b7dc6f6f242742c30f5194894a13f9225c540c5568a1c1839849368debd08,True
llama32_3b,Had_asym,1,39,1.6775107383728027,2047,2048,7a7b7dc6f6f242742c30f5194894a13f9225c540c5568a1c1839849368debd08,True
llama32_3b,Had_asym,1,40,2.2906782627105713,2047,2048,7a7b7dc6f6f242742c30f5194894a13f9225c540c5568a1c1839849368debd08,True
llama32_3b,Had_asym,1,41,2.69932222366333,2047,2048,7a7b7dc6f6f242742c30f5194894a13f9225c540c5568a1c1839849368debd08,True
llama32_3b,Had_asym,1,42,2.6939857006073,2047,2048,7a7b7dc6f6f242742c30f5194894a13f9225c540c5568a1c1839849368debd08,True
llama32_3b,Had_asym,1,43,2.3279714584350586,2047,2048,7a7b7dc6f6f242742c30f5194894a13f9225c540c5568a1c1839849368debd08,True
llama32_3b,Had_asym,1,44,2.3145766258239746,2047,2048,7a7b7dc6f6f242742c30f5194894a13f9225c540c5568a1c1839849368debd08,True
llama32_3b,Had_asym,1,45,2.29034161567688,2047,2048,7a7b7dc6f6f242742c30f5194894a13f9225c540c5568a1c1839849368debd08,True
llama32_3b,Had_asym,1,46,2.384068012237549,2047,2048,7a7b7dc6f6f242742c30f5194894a13f9225c540c5568a1c1839849368debd08,True
llama32_3b,Had_asym,1,47,2.169318675994873,2047,2048,7a7b7dc6f6f242742c30f5194894a13f9225c540c5568a1c1839849368debd08,True
llama32_3b,Had_asym,1,48,2.04593563079834,2047,2048,7a7b7dc6f6f242742c30f5194894a13f9225c540c5568a1c1839849368debd08,True
llama32_3b,Had_asym,1,49,2.0394723415374756,2047,2048,7a7b7dc6f6f242742c30f5194894a13f9225c540c5568a1c1839849368debd08,True
llama32_3b,Had_asym,1,50,1.7742117643356323,2047,2048,7a7b7dc6f6f242742c30f5194894a13f9225c540c5568a1c1839849368debd08,True
llama32_3b,Had_asym,1,51,1.849442958831787,2047,2048,7a7b7dc6f6f242742c30f5194894a13f9225c540c5568a1c1839849368debd08,True
llama32_3b,Had_asym,1,52,1.695452332496643,2047,2048,7a7b7dc6f6f242742c30f5194894a13f9225c540c5568a1c1839849368debd08,True
llama32_3b,Had_asym,1,53,1.9105724096298218,2047,2048,7a7b7dc6f6f242742c30f5194894a13f9225c540c5568a1c1839849368debd08,True
llama32_3b,Had_asym,1,54,1.6380535364151,2047,2048,7a7b7dc6f6f242742c30f5194894a13f9225c540c5568a1c1839849368debd08,True
llama32_3b,Had_asym,1,55,1.6088290214538574,2047,2048,7a7b7dc6f6f242742c30f5194894a13f9225c540c5568a1c1839849368debd08,True
llama32_3b,Had_asym,1,56,1.8565269708633423,2047,2048,7a7b7dc6f6f242742c30f5194894a13f9225c540c5568a1c1839849368debd08,True
llama32_3b,Had_asym,1,57,1.8227474689483643,2047,2048,7a7b7dc6f6f242742c30f5194894a13f9225c540c5568a1c1839849368debd08,True
llama32_3b,Had_asym,1,58,2.1866543292999268,2047,2048,7a7b7dc6f6f242742c30f5194894a13f9225c540c5568a1c1839849368debd08,True
llama32_3b,Had_asym,1,59,2.3633651733398438,2047,2048,7a7b7dc6f6f242742c30f5194894a13f9225c540c5568a1c1839849368debd08,True
llama32_3b,Had_asym,1,60,2.3589084148406982,2047,2048,7a7b7dc6f6f242742c30f5194894a13f9225c540c5568a1c1839849368debd08,True
llama32_3b,Had_asym,1,61,2.471111536026001,2047,2048,7a7b7dc6f6f242742c30f5194894a13f9225c540c5568a1c1839849368debd08,True
llama32_3b,Had_asym,1,62,1.5196113586425781,2047,2048,7a7b7dc6f6f242742c30f5194894a13f9225c540c5568a1c1839849368debd08,True
llama32_3b,Had_asym,1,63,1.9155960083007812,2047,2048,7a7b7dc6f6f242742c30f5194894a13f9225c540c5568a1c1839849368debd08,True
llama32_3b,Had_asym,2,0,1.8402259349822998,2047,2048,7a7b7dc6f6f242742c30f5194894a13f9225c540c5568a1c1839849368debd08,True
llama32_3b,Had_asym,2,1,2.4441261291503906,2047,2048,7a7b7dc6f6f242742c30f5194894a13f9225c540c5568a1c1839849368debd08,True
llama32_3b,Had_asym,2,2,2.5094120502471924,2047,2048,7a7b7dc6f6f242742c30f5194894a13f9225c540c5568a1c1839849368debd08,True
llama32_3b,Had_asym,2,3,2.0198075771331787,2047,2048,7a7b7dc6f6f242742c30f5194894a13f9225c540c5568a1c1839849368debd08,True
llama32_3b,Had_asym,2,4,1.936248540878296,2047,2048,7a7b7dc6f6f242742c30f5194894a13f9225c540c5568a1c1839849368debd08,True
llama32_3b,Had_asym,2,5,1.557546854019165,2047,2048,7a7b7dc6f6f242742c30f5194894a13f9225c540c5568a1c1839849368debd08,True
llama32_3b,Had_asym,2,6,1.6745548248291016,2047,2048,7a7b7dc6f6f242742c30f5194894a13f9225c540c5568a1c1839849368debd08,True
llama32_3b,Had_asym,2,7,1.934617042541504,2047,2048,7a7b7dc6f6f242742c30f5194894a13f9225c540c5568a1c1839849368debd08,True
llama32_3b,Had_asym,2,8,2.2690932750701904,2047,2048,7a7b7dc6f6f242742c30f5194894a13f9225c540c5568a1c1839849368debd08,True
llama32_3b,Had_asym,2,9,1.9795851707458496,2047,2048,7a7b7dc6f6f242742c30f5194894a13f9225c540c5568a1c1839849368debd08,True
llama32_3b,Had_asym,2,10,1.90923011302948,2047,2048,7a7b7dc6f6f242742c30f5194894a13f9225c540c5568a1c1839849368debd08,True
llama32_3b,Had_asym,2,11,2.2702951431274414,2047,2048,7a7b7dc6f6f242742c30f5194894a13f9225c540c5568a1c1839849368debd08,True
llama32_3b,Had_asym,2,12,2.1318318843841553,2047,2048,7a7b7dc6f6f242742c30f5194894a13f9225c540c5568a1c1839849368debd08,True
llama32_3b,Had_asym,2,13,2.27463436126709,2047,2048,7a7b7dc6f6f242742c30f5194894a13f9225c540c5568a1c1839849368debd08,True
llama32_3b,Had_asym,2,14,2.211308717727661,2047,2048,7a7b7dc6f6f242742c30f5194894a13f9225c540c5568a1c1839849368debd08,True
llama32_3b,Had_asym,2,15,2.4114255905151367,2047,2048,7a7b7dc6f6f242742c30f5194894a13f9225c540c5568a1c1839849368debd08,True
llama32_3b,Had_asym,2,16,2.1357359886169434,2047,2048,7a7b7dc6f6f242742c30f5194894a13f9225c540c5568a1c1839849368debd08,True
llama32_3b,Had_asym,2,17,2.157801866531372,2047,2048,7a7b7dc6f6f242742c30f5194894a13f9225c540c5568a1c1839849368debd08,True
llama32_3b,Had_asym,2,18,1.9716377258300781,2047,2048,7a7b7dc6f6f242742c30f5194894a13f9225c540c5568a1c1839849368debd08,True
llama32_3b,Had_asym,2,19,2.1096384525299072,2047,2048,7a7b7dc6f6f242742c30f5194894a13f9225c540c5568a1c1839849368debd08,True
llama32_3b,Had_asym,2,20,2.2398014068603516,2047,2048,7a7b7dc6f6f242742c30f5194894a13f9225c540c5568a1c1839849368debd08,True
llama32_3b,Had_asym,2,21,2.1622061729431152,2047,2048,7a7b7dc6f6f242742c30f5194894a13f9225c540c5568a1c1839849368debd08,True
llama32_3b,Had_asym,2,22,2.210484504699707,2047,2048,7a7b7dc6f6f242742c30f5194894a13f9225c540c5568a1c1839849368debd08,True
llama32_3b,Had_asym,2,23,2.274143934249878,2047,2048,7a7b7dc6f6f242742c30f5194894a13f9225c540c5568a1c1839849368debd08,True
llama32_3b,Had_asym,2,24,2.296293020248413,2047,2048,7a7b7dc6f6f242742c30f5194894a13f9225c540c5568a1c1839849368debd08,True
llama32_3b,Had_asym,2,25,2.3398375511169434,2047,2048,7a7b7dc6f6f242742c30f5194894a13f9225c540c5568a1c1839849368debd08,True
llama32_3b,Had_asym,2,26,2.434252977371216,2047,2048,7a7b7dc6f6f242742c30f5194894a13f9225c540c5568a1c1839849368debd08,True
llama32_3b,Had_asym,2,27,2.235455274581909,2047,2048,7a7b7dc6f6f242742c30f5194894a13f9225c540c5568a1c1839849368debd08,True
llama32_3b,Had_asym,2,28,2.0071568489074707,2047,2048,7a7b7dc6f6f242742c30f5194894a13f9225c540c5568a1c1839849368debd08,True
llama32_3b,Had_asym,2,29,1.817313313484192,2047,2048,7a7b7dc6f6f242742c30f5194894a13f9225c540c5568a1c1839849368debd08,True
llama32_3b,Had_asym,2,30,1.7114689350128174,2047,2048,7a7b7dc6f6f242742c30f5194894a13f9225c540c5568a1c1839849368debd08,True
llama32_3b,Had_asym,2,31,1.7224950790405273,2047,2048,7a7b7dc6f6f242742c30f5194894a13f9225c540c5568a1c1839849368debd08,True
llama32_3b,Had_asym,2,32,2.0211262702941895,2047,2048,7a7b7dc6f6f242742c30f5194894a13f9225c540c5568a1c1839849368debd08,True
llama32_3b,Had_asym,2,33,1.992479920387268,2047,2048,7a7b7dc6f6f242742c30f5194894a13f9225c540c5568a1c1839849368debd08,True
llama32_3b,Had_asym,2,34,2.166109085083008,2047,2048,7a7b7dc6f6f242742c30f5194894a13f9225c540c5568a1c1839849368debd08,True
llama32_3b,Had_asym,2,35,1.4849350452423096,2047,2048,7a7b7dc6f6f242742c30f5194894a13f9225c540c5568a1c1839849368debd08,True
llama32_3b,Had_asym,2,36,1.4469536542892456,2047,2048,7a7b7dc6f6f242742c30f5194894a13f9225c540c5568a1c1839849368debd08,True
llama32_3b,Had_asym,2,37,1.505922794342041,2047,2048,7a7b7dc6f6f242742c30f5194894a13f9225c540c5568a1c1839849368debd08,True
llama32_3b,Had_asym,2,38,1.4796866178512573,2047,2048,7a7b7dc6f6f242742c30f5194894a13f9225c540c5568a1c1839849368debd08,True
llama32_3b,Had_asym,2,39,1.6794120073318481,2047,2048,7a7b7dc6f6f242742c30f5194894a13f9225c540c5568a1c1839849368debd08,True
llama32_3b,Had_asym,2,40,2.281777858734131,2047,2048,7a7b7dc6f6f242742c30f5194894a13f9225c540c5568a1c1839849368debd08,True
llama32_3b,Had_asym,2,41,2.699751615524292,2047,2048,7a7b7dc6f6f242742c30f5194894a13f9225c540c5568a1c1839849368debd08,True
llama32_3b,Had_asym,2,42,2.6903178691864014,2047,2048,7a7b7dc6f6f242742c30f5194894a13f9225c540c5568a1c1839849368debd08,True
llama32_3b,Had_asym,2,43,2.3204054832458496,2047,2048,7a7b7dc6f6f242742c30f5194894a13f9225c540c5568a1c1839849368debd08,True
llama32_3b,Had_asym,2,44,2.314450740814209,2047,2048,7a7b7dc6f6f242742c30f5194894a13f9225c540c5568a1c1839849368debd08,True
llama32_3b,Had_asym,2,45,2.2875571250915527,2047,2048,7a7b7dc6f6f242742c30f5194894a13f9225c540c5568a1c1839849368debd08,True
llama32_3b,Had_asym,2,46,2.3797249794006348,2047,2048,7a7b7dc6f6f242742c30f5194894a13f9225c540c5568a1c1839849368debd08,True
llama32_3b,Had_asym,2,47,2.168975353240967,2047,2048,7a7b7dc6f6f242742c30f5194894a13f9225c540c5568a1c1839849368debd08,True
llama32_3b,Had_asym,2,48,2.0455076694488525,2047,2048,7a7b7dc6f6f242742c30f5194894a13f9225c540c5568a1c1839849368debd08,True
llama32_3b,Had_asym,2,49,2.042323350906372,2047,2048,7a7b7dc6f6f242742c30f5194894a13f9225c540c5568a1c1839849368debd08,True
llama32_3b,Had_asym,2,50,1.7705260515213013,2047,2048,7a7b7dc6f6f242742c30f5194894a13f9225c540c5568a1c1839849368debd08,True
llama32_3b,Had_asym,2,51,1.8435900211334229,2047,2048,7a7b7dc6f6f242742c30f5194894a13f9225c540c5568a1c1839849368debd08,True
llama32_3b,Had_asym,2,52,1.693679928779602,2047,2048,7a7b7dc6f6f242742c30f5194894a13f9225c540c5568a1c1839849368debd08,True
llama32_3b,Had_asym,2,53,1.906724214553833,2047,2048,7a7b7dc6f6f242742c30f5194894a13f9225c540c5568a1c1839849368debd08,True
llama32_3b,Had_asym,2,54,1.6453989744186401,2047,2048,7a7b7dc6f6f242742c30f5194894a13f9225c540c5568a1c1839849368debd08,True
llama32_3b,Had_asym,2,55,1.623396873474121,2047,2048,7a7b7dc6f6f242742c30f5194894a13f9225c540c5568a1c1839849368debd08,True
llama32_3b,Had_asym,2,56,1.8476064205169678,2047,2048,7a7b7dc6f6f242742c30f5194894a13f9225c540c5568a1c1839849368debd08,True
llama32_3b,Had_asym,2,57,1.8140437602996826,2047,2048,7a7b7dc6f6f242742c30f5194894a13f9225c540c5568a1c1839849368debd08,True
llama32_3b,Had_asym,2,58,2.1948812007904053,2047,2048,7a7b7dc6f6f242742c30f5194894a13f9225c540c5568a1c1839849368debd08,True
llama32_3b,Had_asym,2,59,2.3644509315490723,2047,2048,7a7b7dc6f6f242742c30f5194894a13f9225c540c5568a1c1839849368debd08,True
llama32_3b,Had_asym,2,60,2.37515926361084,2047,2048,7a7b7dc6f6f242742c30f5194894a13f9225c540c5568a1c1839849368debd08,True
llama32_3b,Had_asym,2,61,2.484875202178955,2047,2048,7a7b7dc6f6f242742c30f5194894a13f9225c540c5568a1c1839849368debd08,True
llama32_3b,Had_asym,2,62,1.5243268013000488,2047,2048,7a7b7dc6f6f242742c30f5194894a13f9225c540c5568a1c1839849368debd08,True
llama32_3b,Had_asym,2,63,1.9086041450500488,2047,2048,7a7b7dc6f6f242742c30f5194894a13f9225c540c5568a1c1839849368debd08,True
llama32_3b,Q1_sym,0,0,1.8305928707122803,2047,2048,7a7b7dc6f6f242742c30f5194894a13f9225c540c5568a1c1839849368debd08,True
llama32_3b,Q1_sym,0,1,2.4319703578948975,2047,2048,7a7b7dc6f6f242742c30f5194894a13f9225c540c5568a1c1839849368debd08,True
llama32_3b,Q1_sym,0,2,2.5092079639434814,2047,2048,7a7b7dc6f6f242742c30f5194894a13f9225c540c5568a1c1839849368debd08,True
llama32_3b,Q1_sym,0,3,2.0247631072998047,2047,2048,7a7b7dc6f6f242742c30f5194894a13f9225c540c5568a1c1839849368debd08,True
llama32_3b,Q1_sym,0,4,1.9372421503067017,2047,2048,7a7b7dc6f6f242742c30f5194894a13f9225c540c5568a1c1839849368debd08,True
llama32_3b,Q1_sym,0,5,1.5604827404022217,2047,2048,7a7b7dc6f6f242742c30f5194894a13f9225c540c5568a1c1839849368debd08,True
llama32_3b,Q1_sym,0,6,1.6754764318466187,2047,2048,7a7b7dc6f6f242742c30f5194894a13f9225c540c5568a1c1839849368debd08,True
llama32_3b,Q1_sym,0,7,1.9268195629119873,2047,2048,7a7b7dc6f6f242742c30f5194894a13f9225c540c5568a1c1839849368debd08,True
llama32_3b,Q1_sym,0,8,2.254621744155884,2047,2048,7a7b7dc6f6f242742c30f5194894a13f9225c540c5568a1c1839849368debd08,True
llama32_3b,Q1_sym,0,9,1.9842650890350342,2047,2048,7a7b7dc6f6f242742c30f5194894a13f9225c540c5568a1c1839849368debd08,True
llama32_3b,Q1_sym,0,10,1.904094934463501,2047,2048,7a7b7dc6f6f242742c30f5194894a13f9225c540c5568a1c1839849368debd08,True
llama32_3b,Q1_sym,0,11,2.259922981262207,2047,2048,7a7b7dc6f6f242742c30f5194894a13f9225c540c5568a1c1839849368debd08,True
llama32_3b,Q1_sym,0,12,2.131951332092285,2047,2048,7a7b7dc6f6f242742c30f5194894a13f9225c540c5568a1c1839849368debd08,True
llama32_3b,Q1_sym,0,13,2.2826545238494873,2047,2048,7a7b7dc6f6f242742c30f5194894a13f9225c540c5568a1c1839849368debd08,True
llama32_3b,Q1_sym,0,14,2.2055795192718506,2047,2048,7a7b7dc6f6f242742c30f5194894a13f9225c540c5568a1c1839849368debd08,True
llama32_3b,Q1_sym,0,15,2.4100966453552246,2047,2048,7a7b7dc6f6f242742c30f5194894a13f9225c540c5568a1c1839849368debd08,True
llama32_3b,Q1_sym,0,16,2.1443111896514893,2047,2048,7a7b7dc6f6f242742c30f5194894a13f9225c540c5568a1c1839849368debd08,True
llama32_3b,Q1_sym,0,17,2.1568949222564697,2047,2048,7a7b7dc6f6f242742c30f5194894a13f9225c540c5568a1c1839849368debd08,True
llama32_3b,Q1_sym,0,18,1.9701956510543823,2047,2048,7a7b7dc6f6f242742c30f5194894a13f9225c540c5568a1c1839849368debd08,True
llama32_3b,Q1_sym,0,19,2.119983434677124,2047,2048,7a7b7dc6f6f242742c30f5194894a13f9225c540c5568a1c1839849368debd08,True
llama32_3b,Q1_sym,0,20,2.2390458583831787,2047,2048,7a7b7dc6f6f242742c30f5194894a13f9225c540c5568a1c1839849368debd08,True
llama32_3b,Q1_sym,0,21,2.1669437885284424,2047,2048,7a7b7dc6f6f242742c30f5194894a13f9225c540c5568a1c1839849368debd08,True
llama32_3b,Q1_sym,0,22,2.221036911010742,2047,2048,7a7b7dc6f6f242742c30f5194894a13f9225c540c5568a1c1839849368debd08,True
llama32_3b,Q1_sym,0,23,2.2466585636138916,2047,2048,7a7b7dc6f6f242742c30f5194894a13f9225c540c5568a1c1839849368debd08,True
llama32_3b,Q1_sym,0,24,2.285287380218506,2047,2048,7a7b7dc6f6f242742c30f5194894a13f9225c540c5568a1c1839849368debd08,True
llama32_3b,Q1_sym,0,25,2.34993577003479,2047,2048,7a7b7dc6f6f242742c30f5194894a13f9225c540c5568a1c1839849368debd08,True
llama32_3b,Q1_sym,0,26,2.434252977371216,2047,2048,7a7b7dc6f6f242742c30f5194894a13f9225c540c5568a1c1839849368debd08,True
llama32_3b,Q1_sym,0,27,2.2284698486328125,2047,2048,7a7b7dc6f6f242742c30f5194894a13f9225c540c5568a1c1839849368debd08,True
llama32_3b,Q1_sym,0,28,2.007127523422241,2047,2048,7a7b7dc6f6f242742c30f5194894a13f9225c540c5568a1c1839849368debd08,True
llama32_3b,Q1_sym,0,29,1.8158316612243652,2047,2048,7a7b7dc6f6f242742c30f5194894a13f9225c540c5568a1c1839849368debd08,True
llama32_3b,Q1_sym,0,30,1.6996746063232422,2047,2048,7a7b7dc6f6f242742c30f5194894a13f9225c540c5568a1c1839849368debd08,True
llama32_3b,Q1_sym,0,31,1.7265053987503052,2047,2048,7a7b7dc6f6f242742c30f5194894a13f9225c540c5568a1c1839849368debd08,True
llama32_3b,Q1_sym,0,32,2.0312461853027344,2047,2048,7a7b7dc6f6f242742c30f5194894a13f9225c540c5568a1c1839849368debd08,True
llama32_3b,Q1_sym,0,33,1.9834190607070923,2047,2048,7a7b7dc6f6f242742c30f5194894a13f9225c540c5568a1c1839849368debd08,True
llama32_3b,Q1_sym,0,34,2.1613681316375732,2047,2048,7a7b7dc6f6f242742c30f5194894a13f9225c540c5568a1c1839849368debd08,True
llama32_3b,Q1_sym,0,35,1.4793696403503418,2047,2048,7a7b7dc6f6f242742c30f5194894a13f9225c540c5568a1c1839849368debd08,True
llama32_3b,Q1_sym,0,36,1.4487030506134033,2047,2048,7a7b7dc6f6f242742c30f5194894a13f9225c540c5568a1c1839849368debd08,True
llama32_3b,Q1_sym,0,37,1.499950647354126,2047,2048,7a7b7dc6f6f242742c30f5194894a13f9225c540c5568a1c1839849368debd08,True
llama32_3b,Q1_sym,0,38,1.4776575565338135,2047,2048,7a7b7dc6f6f242742c30f5194894a13f9225c540c5568a1c1839849368debd08,True
llama32_3b,Q1_sym,0,39,1.6843312978744507,2047,2048,7a7b7dc6f6f242742c30f5194894a13f9225c540c5568a1c1839849368debd08,True
llama32_3b,Q1_sym,0,40,2.283565044403076,2047,2048,7a7b7dc6f6f242742c30f5194894a13f9225c540c5568a1c1839849368debd08,True
llama32_3b,Q1_sym,0,41,2.694669008255005,2047,2048,7a7b7dc6f6f242742c30f5194894a13f9225c540c5568a1c1839849368debd08,True
llama32_3b,Q1_sym,0,42,2.7024104595184326,2047,2048,7a7b7dc6f6f242742c30f5194894a13f9225c540c5568a1c1839849368debd08,True
llama32_3b,Q1_sym,0,43,2.318415641784668,2047,2048,7a7b7dc6f6f242742c30f5194894a13f9225c540c5568a1c1839849368debd08,True
llama32_3b,Q1_sym,0,44,2.3089396953582764,2047,2048,7a7b7dc6f6f242742c30f5194894a13f9225c540c5568a1c1839849368debd08,True
llama32_3b,Q1_sym,0,45,2.2860231399536133,2047,2048,7a7b7dc6f6f242742c30f5194894a13f9225c540c5568a1c1839849368debd08,True
llama32_3b,Q1_sym,0,46,2.375617265701294,2047,2048,7a7b7dc6f6f242742c30f5194894a13f9225c540c5568a1c1839849368debd08,True
llama32_3b,Q1_sym,0,47,2.16831374168396,2047,2048,7a7b7dc6f6f242742c30f5194894a13f9225c540c5568a1c1839849368debd08,True
llama32_3b,Q1_sym,0,48,2.039827346801758,2047,2048,7a7b7dc6f6f242742c30f5194894a13f9225c540c5568a1c1839849368debd08,True
llama32_3b,Q1_sym,0,49,2.037099838256836,2047,2048,7a7b7dc6f6f242742c30f5194894a13f9225c540c5568a1c1839849368debd08,True
llama32_3b,Q1_sym,0,50,1.7624651193618774,2047,2048,7a7b7dc6f6f242742c30f5194894a13f9225c540c5568a1c1839849368debd08,True
llama32_3b,Q1_sym,0,51,1.8471345901489258,2047,2048,7a7b7dc6f6f242742c30f5194894a13f9225c540c5568a1c1839849368debd08,True
llama32_3b,Q1_sym,0,52,1.6800541877746582,2047,2048,7a7b7dc6f6f242742c30f5194894a13f9225c540c5568a1c1839849368debd08,True
llama32_3b,Q1_sym,0,53,1.9044631719589233,2047,2048,7a7b7dc6f6f242742c30f5194894a13f9225c540c5568a1c1839849368debd08,True
llama32_3b,Q1_sym,0,54,1.6401243209838867,2047,2048,7a7b7dc6f6f242742c30f5194894a13f9225c540c5568a1c1839849368debd08,True
llama32_3b,Q1_sym,0,55,1.6095170974731445,2047,2048,7a7b7dc6f6f242742c30f5194894a13f9225c540c5568a1c1839849368debd08,True
llama32_3b,Q1_sym,0,56,1.8441336154937744,2047,2048,7a7b7dc6f6f242742c30f5194894a13f9225c540c5568a1c1839849368debd08,True
llama32_3b,Q1_sym,0,57,1.8096697330474854,2047,2048,7a7b7dc6f6f242742c30f5194894a13f9225c540c5568a1c1839849368debd08,True
llama32_3b,Q1_sym,0,58,2.1918041706085205,2047,2048,7a7b7dc6f6f242742c30f5194894a13f9225c540c5568a1c1839849368debd08,True
llama32_3b,Q1_sym,0,59,2.356295585632324,2047,2048,7a7b7dc6f6f242742c30f5194894a13f9225c540c5568a1c1839849368debd08,True
llama32_3b,Q1_sym,0,60,2.357135057449341,2047,2048,7a7b7dc6f6f242742c30f5194894a13f9225c540c5568a1c1839849368debd08,True
llama32_3b,Q1_sym,0,61,2.4687490463256836,2047,2048,7a7b7dc6f6f242742c30f5194894a13f9225c540c5568a1c1839849368debd08,True
llama32_3b,Q1_sym,0,62,1.5259253978729248,2047,2048,7a7b7dc6f6f242742c30f5194894a13f9225c540c5568a1c1839849368debd08,True
llama32_3b,Q1_sym,0,63,1.9040943384170532,2047,2048,7a7b7dc6f6f242742c30f5194894a13f9225c540c5568a1c1839849368debd08,True
llama32_3b,Q1_sym,1,0,1.844383955001831,2047,2048,7a7b7dc6f6f242742c30f5194894a13f9225c540c5568a1c1839849368debd08,True
llama32_3b,Q1_sym,1,1,2.429762125015259,2047,2048,7a7b7dc6f6f242742c30f5194894a13f9225c540c5568a1c1839849368debd08,True
llama32_3b,Q1_sym,1,2,2.516439437866211,2047,2048,7a7b7dc6f6f242742c30f5194894a13f9225c540c5568a1c1839849368debd08,True
llama32_3b,Q1_sym,1,3,2.0321044921875,2047,2048,7a7b7dc6f6f242742c30f5194894a13f9225c540c5568a1c1839849368debd08,True
llama32_3b,Q1_sym,1,4,1.9469345808029175,2047,2048,7a7b7dc6f6f242742c30f5194894a13f9225c540c5568a1c1839849368debd08,True
llama32_3b,Q1_sym,1,5,1.5609517097473145,2047,2048,7a7b7dc6f6f242742c30f5194894a13f9225c540c5568a1c1839849368debd08,True
llama32_3b,Q1_sym,1,6,1.6846864223480225,2047,2048,7a7b7dc6f6f242742c30f5194894a13f9225c540c5568a1c1839849368debd08,True
llama32_3b,Q1_sym,1,7,1.9189424514770508,2047,2048,7a7b7dc6f6f242742c30f5194894a13f9225c540c5568a1c1839849368debd08,True
llama32_3b,Q1_sym,1,8,2.2619566917419434,2047,2048,7a7b7dc6f6f242742c30f5194894a13f9225c540c5568a1c1839849368debd08,True
llama32_3b,Q1_sym,1,9,1.9865974187850952,2047,2048,7a7b7dc6f6f242742c30f5194894a13f9225c540c5568a1c1839849368debd08,True
llama32_3b,Q1_sym,1,10,1.9080517292022705,2047,2048,7a7b7dc6f6f242742c30f5194894a13f9225c540c5568a1c1839849368debd08,True
llama32_3b,Q1_sym,1,11,2.268436908721924,2047,2048,7a7b7dc6f6f242742c30f5194894a13f9225c540c5568a1c1839849368debd08,True
llama32_3b,Q1_sym,1,12,2.134398937225342,2047,2048,7a7b7dc6f6f242742c30f5194894a13f9225c540c5568a1c1839849368debd08,True
llama32_3b,Q1_sym,1,13,2.290034055709839,2047,2048,7a7b7dc6f6f242742c30f5194894a13f9225c540c5568a1c1839849368debd08,True
llama32_3b,Q1_sym,1,14,2.208373546600342,2047,2048,7a7b7dc6f6f242742c30f5194894a13f9225c540c5568a1c1839849368debd08,True
llama32_3b,Q1_sym,1,15,2.4109742641448975,2047,2048,7a7b7dc6f6f242742c30f5194894a13f9225c540c5568a1c1839849368debd08,True
llama32_3b,Q1_sym,1,16,2.1387295722961426,2047,2048,7a7b7dc6f6f242742c30f5194894a13f9225c540c5568a1c1839849368debd08,True
llama32_3b,Q1_sym,1,17,2.1558258533477783,2047,2048,7a7b7dc6f6f242742c30f5194894a13f9225c540c5568a1c1839849368debd08,True
llama32_3b,Q1_sym,1,18,1.9570101499557495,2047,2048,7a7b7dc6f6f242742c30f5194894a13f9225c540c5568a1c1839849368debd08,True
llama32_3b,Q1_sym,1,19,2.1186296939849854,2047,2048,7a7b7dc6f6f242742c30f5194894a13f9225c540c5568a1c1839849368debd08,True
llama32_3b,Q1_sym,1,20,2.2400293350219727,2047,2048,7a7b7dc6f6f242742c30f5194894a13f9225c540c5568a1c1839849368debd08,True
llama32_3b,Q1_sym,1,21,2.16404390335083,2047,2048,7a7b7dc6f6f242742c30f5194894a13f9225c540c5568a1c1839849368debd08,True
llama32_3b,Q1_sym,1,22,2.2102606296539307,2047,2048,7a7b7dc6f6f242742c30f5194894a13f9225c540c5568a1c1839849368debd08,True
llama32_3b,Q1_sym,1,23,2.254863977432251,2047,2048,7a7b7dc6f6f242742c30f5194894a13f9225c540c5568a1c1839849368debd08,True
llama32_3b,Q1_sym,1,24,2.2775890827178955,2047,2048,7a7b7dc6f6f242742c30f5194894a13f9225c540c5568a1c1839849368debd08,True
llama32_3b,Q1_sym,1,25,2.3482770919799805,2047,2048,7a7b7dc6f6f242742c30f5194894a13f9225c540c5568a1c1839849368debd08,True
llama32_3b,Q1_sym,1,26,2.4438230991363525,2047,2048,7a7b7dc6f6f242742c30f5194894a13f9225c540c5568a1c1839849368debd08,True
llama32_3b,Q1_sym,1,27,2.2314207553863525,2047,2048,7a7b7dc6f6f242742c30f5194894a13f9225c540c5568a1c1839849368debd08,True
llama32_3b,Q1_sym,1,28,2.0087485313415527,2047,2048,7a7b7dc6f6f242742c30f5194894a13f9225c540c5568a1c1839849368debd08,True
llama32_3b,Q1_sym,1,29,1.8155081272125244,2047,2048,7a7b7dc6f6f242742c30f5194894a13f9225c540c5568a1c1839849368debd08,True
llama32_3b,Q1_sym,1,30,1.6951597929000854,2047,2048,7a7b7dc6f6f242742c30f5194894a13f9225c540c5568a1c1839849368debd08,True
llama32_3b,Q1_sym,1,31,1.7342967987060547,2047,2048,7a7b7dc6f6f242742c30f5194894a13f9225c540c5568a1c1839849368debd08,True
llama32_3b,Q1_sym,1,32,2.0241618156433105,2047,2048,7a7b7dc6f6f242742c30f5194894a13f9225c540c5568a1c1839849368debd08,True
llama32_3b,Q1_sym,1,33,1.9862229824066162,2047,2048,7a7b7dc6f6f242742c30f5194894a13f9225c540c5568a1c1839849368debd08,True
llama32_3b,Q1_sym,1,34,2.1611764430999756,2047,2048,7a7b7dc6f6f242742c30f5194894a13f9225c540c5568a1c1839849368debd08,True
llama32_3b,Q1_sym,1,35,1.4882075786590576,2047,2048,7a7b7dc6f6f242742c30f5194894a13f9225c540c5568a1c1839849368debd08,True
llama32_3b,Q1_sym,1,36,1.4509385824203491,2047,2048,7a7b7dc6f6f242742c30f5194894a13f9225c540c5568a1c1839849368debd08,True
llama32_3b,Q1_sym,1,37,1.5040940046310425,2047,2048,7a7b7dc6f6f242742c30f5194894a13f9225c540c5568a1c1839849368debd08,True
llama32_3b,Q1_sym,1,38,1.4741765260696411,2047,2048,7a7b7dc6f6f242742c30f5194894a13f9225c540c5568a1c1839849368debd08,True
llama32_3b,Q1_sym,1,39,1.6794331073760986,2047,2048,7a7b7dc6f6f242742c30f5194894a13f9225c540c5568a1c1839849368debd08,True
llama32_3b,Q1_sym,1,40,2.296032428741455,2047,2048,7a7b7dc6f6f242742c30f5194894a13f9225c540c5568a1c1839849368debd08,True
llama32_3b,Q1_sym,1,41,2.692674398422241,2047,2048,7a7b7dc6f6f242742c30f5194894a13f9225c540c5568a1c1839849368debd08,True
llama32_3b,Q1_sym,1,42,2.6913065910339355,2047,2048,7a7b7dc6f6f242742c30f5194894a13f9225c540c5568a1c1839849368debd08,True
llama32_3b,Q1_sym,1,43,2.3322410583496094,2047,2048,7a7b7dc6f6f242742c30f5194894a13f9225c540c5568a1c1839849368debd08,True
llama32_3b,Q1_sym,1,44,2.320312976837158,2047,2048,7a7b7dc6f6f242742c30f5194894a13f9225c540c5568a1c1839849368debd08,True
llama32_3b,Q1_sym,1,45,2.2755918502807617,2047,2048,7a7b7dc6f6f242742c30f5194894a13f9225c540c5568a1c1839849368debd08,True
llama32_3b,Q1_sym,1,46,2.3760738372802734,2047,2048,7a7b7dc6f6f242742c30f5194894a13f9225c540c5568a1c1839849368debd08,True
llama32_3b,Q1_sym,1,47,2.1670308113098145,2047,2048,7a7b7dc6f6f242742c30f5194894a13f9225c540c5568a1c1839849368debd08,True
llama32_3b,Q1_sym,1,48,2.047443151473999,2047,2048,7a7b7dc6f6f242742c30f5194894a13f9225c540c5568a1c1839849368debd08,True
llama32_3b,Q1_sym,1,49,2.039522886276245,2047,2048,7a7b7dc6f6f242742c30f5194894a13f9225c540c5568a1c1839849368debd08,True
llama32_3b,Q1_sym,1,50,1.7661819458007812,2047,2048,7a7b7dc6f6f242742c30f5194894a13f9225c540c5568a1c1839849368debd08,True
llama32_3b,Q1_sym,1,51,1.8475261926651,2047,2048,7a7b7dc6f6f242742c30f5194894a13f9225c540c5568a1c1839849368debd08,True
llama32_3b,Q1_sym,1,52,1.6892000436782837,2047,2048,7a7b7dc6f6f242742c30f5194894a13f9225c540c5568a1c1839849368debd08,True
llama32_3b,Q1_sym,1,53,1.9096133708953857,2047,2048,7a7b7dc6f6f242742c30f5194894a13f9225c540c5568a1c1839849368debd08,True
llama32_3b,Q1_sym,1,54,1.6457877159118652,2047,2048,7a7b7dc6f6f242742c30f5194894a13f9225c540c5568a1c1839849368debd08,True
llama32_3b,Q1_sym,1,55,1.610077142715454,2047,2048,7a7b7dc6f6f242742c30f5194894a13f9225c540c5568a1c1839849368debd08,True
llama32_3b,Q1_sym,1,56,1.850946307182312,2047,2048,7a7b7dc6f6f242742c30f5194894a13f9225c540c5568a1c1839849368debd08,True
llama32_3b,Q1_sym,1,57,1.8085346221923828,2047,2048,7a7b7dc6f6f242742c30f5194894a13f9225c540c5568a1c1839849368debd08,True
llama32_3b,Q1_sym,1,58,2.189626455307007,2047,2048,7a7b7dc6f6f242742c30f5194894a13f9225c540c5568a1c1839849368debd08,True
llama32_3b,Q1_sym,1,59,2.3651092052459717,2047,2048,7a7b7dc6f6f242742c30f5194894a13f9225c540c5568a1c1839849368debd08,True
llama32_3b,Q1_sym,1,60,2.3600471019744873,2047,2048,7a7b7dc6f6f242742c30f5194894a13f9225c540c5568a1c1839849368debd08,True
llama32_3b,Q1_sym,1,61,2.4763784408569336,2047,2048,7a7b7dc6f6f242742c30f5194894a13f9225c540c5568a1c1839849368debd08,True
llama32_3b,Q1_sym,1,62,1.5208884477615356,2047,2048,7a7b7dc6f6f242742c30f5194894a13f9225c540c5568a1c1839849368debd08,True
llama32_3b,Q1_sym,1,63,1.9122518301010132,2047,2048,7a7b7dc6f6f242742c30f5194894a13f9225c540c5568a1c1839849368debd08,True
llama32_3b,Q1_sym,2,0,1.8315072059631348,2047,2048,7a7b7dc6f6f242742c30f5194894a13f9225c540c5568a1c1839849368debd08,True
llama32_3b,Q1_sym,2,1,2.4389054775238037,2047,2048,7a7b7dc6f6f242742c30f5194894a13f9225c540c5568a1c1839849368debd08,True
llama32_3b,Q1_sym,2,2,2.5058047771453857,2047,2048,7a7b7dc6f6f242742c30f5194894a13f9225c540c5568a1c1839849368debd08,True
llama32_3b,Q1_sym,2,3,2.0295794010162354,2047,2048,7a7b7dc6f6f242742c30f5194894a13f9225c540c5568a1c1839849368debd08,True
llama32_3b,Q1_sym,2,4,1.9327938556671143,2047,2048,7a7b7dc6f6f242742c30f5194894a13f9225c540c5568a1c1839849368debd08,True
llama32_3b,Q1_sym,2,5,1.5568023920059204,2047,2048,7a7b7dc6f6f242742c30f5194894a13f9225c540c5568a1c1839849368debd08,True
llama32_3b,Q1_sym,2,6,1.68194580078125,2047,2048,7a7b7dc6f6f242742c30f5194894a13f9225c540c5568a1c1839849368debd08,True
llama32_3b,Q1_sym,2,7,1.9218943119049072,2047,2048,7a7b7dc6f6f242742c30f5194894a13f9225c540c5568a1c1839849368debd08,True
llama32_3b,Q1_sym,2,8,2.2588629722595215,2047,2048,7a7b7dc6f6f242742c30f5194894a13f9225c540c5568a1c1839849368debd08,True
llama32_3b,Q1_sym,2,9,1.9766464233398438,2047,2048,7a7b7dc6f6f242742c30f5194894a13f9225c540c5568a1c1839849368debd08,True
llama32_3b,Q1_sym,2,10,1.9048452377319336,2047,2048,7a7b7dc6f6f242742c30f5194894a13f9225c540c5568a1c1839849368debd08,True
llama32_3b,Q1_sym,2,11,2.2690694332122803,2047,2048,7a7b7dc6f6f242742c30f5194894a13f9225c540c5568a1c1839849368debd08,True
llama32_3b,Q1_sym,2,12,2.1317124366760254,2047,2048,7a7b7dc6f6f242742c30f5194894a13f9225c540c5568a1c1839849368debd08,True
llama32_3b,Q1_sym,2,13,2.2842750549316406,2047,2048,7a7b7dc6f6f242742c30f5194894a13f9225c540c5568a1c1839849368debd08,True
llama32_3b,Q1_sym,2,14,2.221086263656616,2047,2048,7a7b7dc6f6f242742c30f5194894a13f9225c540c5568a1c1839849368debd08,True
llama32_3b,Q1_sym,2,15,2.409144639968872,2047,2048,7a7b7dc6f6f242742c30f5194894a13f9225c540c5568a1c1839849368debd08,True
llama32_3b,Q1_sym,2,16,2.1431829929351807,2047,2048,7a7b7dc6f6f242742c30f5194894a13f9225c540c5568a1c1839849368debd08,True
llama32_3b,Q1_sym,2,17,2.15826416015625,2047,2048,7a7b7dc6f6f242742c30f5194894a13f9225c540c5568a1c1839849368debd08,True
llama32_3b,Q1_sym,2,18,1.968233346939087,2047,2048,7a7b7dc6f6f242742c30f5194894a13f9225c540c5568a1c1839849368debd08,True
llama32_3b,Q1_sym,2,19,2.1191396713256836,2047,2048,7a7b7dc6f6f242742c30f5194894a13f9225c540c5568a1c1839849368debd08,True
llama32_3b,Q1_sym,2,20,2.2366783618927,2047,2048,7a7b7dc6f6f242742c30f5194894a13f9225c540c5568a1c1839849368debd08,True
llama32_3b,Q1_sym,2,21,2.166161060333252,2047,2048,7a7b7dc6f6f242742c30f5194894a13f9225c540c5568a1c1839849368debd08,True
llama32_3b,Q1_sym,2,22,2.2265591621398926,2047,2048,7a7b7dc6f6f242742c30f5194894a13f9225c540c5568a1c1839849368debd08,True
llama32_3b,Q1_sym,2,23,2.2570481300354004,2047,2048,7a7b7dc6f6f242742c30f5194894a13f9225c540c5568a1c1839849368debd08,True
llama32_3b,Q1_sym,2,24,2.293896436691284,2047,2048,7a7b7dc6f6f242742c30f5194894a13f9225c540c5568a1c1839849368debd08,True
llama32_3b,Q1_sym,2,25,2.3533334732055664,2047,2048,7a7b7dc6f6f242742c30f5194894a13f9225c540c5568a1c1839849368debd08,True
llama32_3b,Q1_sym,2,26,2.445777177810669,2047,2048,7a7b7dc6f6f242742c30f5194894a13f9225c540c5568a1c1839849368debd08,True
llama32_3b,Q1_sym,2,27,2.226923704147339,2047,2048,7a7b7dc6f6f242742c30f5194894a13f9225c540c5568a1c1839849368debd08,True
llama32_3b,Q1_sym,2,28,2.005929946899414,2047,2048,7a7b7dc6f6f242742c30f5194894a13f9225c540c5568a1c1839849368debd08,True
llama32_3b,Q1_sym,2,29,1.824704885482788,2047,2048,7a7b7dc6f6f242742c30f5194894a13f9225c540c5568a1c1839849368debd08,True
llama32_3b,Q1_sym,2,30,1.7056316137313843,2047,2048,7a7b7dc6f6f242742c30f5194894a13f9225c540c5568a1c1839849368debd08,True
llama32_3b,Q1_sym,2,31,1.727579116821289,2047,2048,7a7b7dc6f6f242742c30f5194894a13f9225c540c5568a1c1839849368debd08,True
llama32_3b,Q1_sym,2,32,2.0351147651672363,2047,2048,7a7b7dc6f6f242742c30f5194894a13f9225c540c5568a1c1839849368debd08,True
llama32_3b,Q1_sym,2,33,1.9825810194015503,2047,2048,7a7b7dc6f6f242742c30f5194894a13f9225c540c5568a1c1839849368debd08,True
llama32_3b,Q1_sym,2,34,2.164405345916748,2047,2048,7a7b7dc6f6f242742c30f5194894a13f9225c540c5568a1c1839849368debd08,True
llama32_3b,Q1_sym,2,35,1.4811609983444214,2047,2048,7a7b7dc6f6f242742c30f5194894a13f9225c540c5568a1c1839849368debd08,True
llama32_3b,Q1_sym,2,36,1.4579445123672485,2047,2048,7a7b7dc6f6f242742c30f5194894a13f9225c540c5568a1c1839849368debd08,True
llama32_3b,Q1_sym,2,37,1.5016905069351196,2047,2048,7a7b7dc6f6f242742c30f5194894a13f9225c540c5568a1c1839849368debd08,True
llama32_3b,Q1_sym,2,38,1.488761305809021,2047,2048,7a7b7dc6f6f242742c30f5194894a13f9225c540c5568a1c1839849368debd08,True
llama32_3b,Q1_sym,2,39,1.6772871017456055,2047,2048,7a7b7dc6f6f242742c30f5194894a13f9225c540c5568a1c1839849368debd08,True
llama32_3b,Q1_sym,2,40,2.284242630004883,2047,2048,7a7b7dc6f6f242742c30f5194894a13f9225c540c5568a1c1839849368debd08,True
llama32_3b,Q1_sym,2,41,2.702641010284424,2047,2048,7a7b7dc6f6f242742c30f5194894a13f9225c540c5568a1c1839849368debd08,True
llama32_3b,Q1_sym,2,42,2.696319580078125,2047,2048,7a7b7dc6f6f242742c30f5194894a13f9225c540c5568a1c1839849368debd08,True
llama32_3b,Q1_sym,2,43,2.3185157775878906,2047,2048,7a7b7dc6f6f242742c30f5194894a13f9225c540c5568a1c1839849368debd08,True
llama32_3b,Q1_sym,2,44,2.3169641494750977,2047,2048,7a7b7dc6f6f242742c30f5194894a13f9225c540c5568a1c1839849368debd08,True
llama32_3b,Q1_sym,2,45,2.294562578201294,2047,2048,7a7b7dc6f6f242742c30f5194894a13f9225c540c5568a1c1839849368debd08,True
llama32_3b,Q1_sym,2,46,2.385725498199463,2047,2048,7a7b7dc6f6f242742c30f5194894a13f9225c540c5568a1c1839849368debd08,True
llama32_3b,Q1_sym,2,47,2.166085958480835,2047,2048,7a7b7dc6f6f242742c30f5194894a13f9225c540c5568a1c1839849368debd08,True
llama32_3b,Q1_sym,2,48,2.038203716278076,2047,2048,7a7b7dc6f6f242742c30f5194894a13f9225c540c5568a1c1839849368debd08,True
llama32_3b,Q1_sym,2,49,2.041893482208252,2047,2048,7a7b7dc6f6f242742c30f5194894a13f9225c540c5568a1c1839849368debd08,True
llama32_3b,Q1_sym,2,50,1.7624635696411133,2047,2048,7a7b7dc6f6f242742c30f5194894a13f9225c540c5568a1c1839849368debd08,True
llama32_3b,Q1_sym,2,51,1.845963954925537,2047,2048,7a7b7dc6f6f242742c30f5194894a13f9225c540c5568a1c1839849368debd08,True
llama32_3b,Q1_sym,2,52,1.6855180263519287,2047,2048,7a7b7dc6f6f242742c30f5194894a13f9225c540c5568a1c1839849368debd08,True
llama32_3b,Q1_sym,2,53,1.9150407314300537,2047,2048,7a7b7dc6f6f242742c30f5194894a13f9225c540c5568a1c1839849368debd08,True
llama32_3b,Q1_sym,2,54,1.6386640071868896,2047,2048,7a7b7dc6f6f242742c30f5194894a13f9225c540c5568a1c1839849368debd08,True
llama32_3b,Q1_sym,2,55,1.6168653964996338,2047,2048,7a7b7dc6f6f242742c30f5194894a13f9225c540c5568a1c1839849368debd08,True
llama32_3b,Q1_sym,2,56,1.8519940376281738,2047,2048,7a7b7dc6f6f242742c30f5194894a13f9225c540c5568a1c1839849368debd08,True
llama32_3b,Q1_sym,2,57,1.8158866167068481,2047,2048,7a7b7dc6f6f242742c30f5194894a13f9225c540c5568a1c1839849368debd08,True
llama32_3b,Q1_sym,2,58,2.196045398712158,2047,2048,7a7b7dc6f6f242742c30f5194894a13f9225c540c5568a1c1839849368debd08,True
llama32_3b,Q1_sym,2,59,2.3632283210754395,2047,2048,7a7b7dc6f6f242742c30f5194894a13f9225c540c5568a1c1839849368debd08,True
llama32_3b,Q1_sym,2,60,2.3615951538085938,2047,2048,7a7b7dc6f6f242742c30f5194894a13f9225c540c5568a1c1839849368debd08,True
llama32_3b,Q1_sym,2,61,2.465675115585327,2047,2048,7a7b7dc6f6f242742c30f5194894a13f9225c540c5568a1c1839849368debd08,True
llama32_3b,Q1_sym,2,62,1.5253698825836182,2047,2048,7a7b7dc6f6f242742c30f5194894a13f9225c540c5568a1c1839849368debd08,True
llama32_3b,Q1_sym,2,63,1.9147824048995972,2047,2048,7a7b7dc6f6f242742c30f5194894a13f9225c540c5568a1c1839849368debd08,True
llama32_3b,Had_sym,0,0,1.8381963968276978,2047,2048,7a7b7dc6f6f242742c30f5194894a13f9225c540c5568a1c1839849368debd08,True
llama32_3b,Had_sym,0,1,2.450087547302246,2047,2048,7a7b7dc6f6f242742c30f5194894a13f9225c540c5568a1c1839849368debd08,True
llama32_3b,Had_sym,0,2,2.5233964920043945,2047,2048,7a7b7dc6f6f242742c30f5194894a13f9225c540c5568a1c1839849368debd08,True
llama32_3b,Had_sym,0,3,2.025197982788086,2047,2048,7a7b7dc6f6f242742c30f5194894a13f9225c540c5568a1c1839849368debd08,True
llama32_3b,Had_sym,0,4,1.942925214767456,2047,2048,7a7b7dc6f6f242742c30f5194894a13f9225c540c5568a1c1839849368debd08,True
llama32_3b,Had_sym,0,5,1.5682494640350342,2047,2048,7a7b7dc6f6f242742c30f5194894a13f9225c540c5568a1c1839849368debd08,True
llama32_3b,Had_sym,0,6,1.6768066883087158,2047,2048,7a7b7dc6f6f242742c30f5194894a13f9225c540c5568a1c1839849368debd08,True
llama32_3b,Had_sym,0,7,1.9396371841430664,2047,2048,7a7b7dc6f6f242742c30f5194894a13f9225c540c5568a1c1839849368debd08,True
llama32_3b,Had_sym,0,8,2.271608352661133,2047,2048,7a7b7dc6f6f242742c30f5194894a13f9225c540c5568a1c1839849368debd08,True
llama32_3b,Had_sym,0,9,1.988189458847046,2047,2048,7a7b7dc6f6f242742c30f5194894a13f9225c540c5568a1c1839849368debd08,True
llama32_3b,Had_sym,0,10,1.9138615131378174,2047,2048,7a7b7dc6f6f242742c30f5194894a13f9225c540c5568a1c1839849368debd08,True
llama32_3b,Had_sym,0,11,2.2744576930999756,2047,2048,7a7b7dc6f6f242742c30f5194894a13f9225c540c5568a1c1839849368debd08,True
llama32_3b,Had_sym,0,12,2.1395249366760254,2047,2048,7a7b7dc6f6f242742c30f5194894a13f9225c540c5568a1c1839849368debd08,True
llama32_3b,Had_sym,0,13,2.285926580429077,2047,2048,7a7b7dc6f6f242742c30f5194894a13f9225c540c5568a1c1839849368debd08,True
llama32_3b,Had_sym,0,14,2.206129789352417,2047,2048,7a7b7dc6f6f242742c30f5194894a13f9225c540c5568a1c1839849368debd08,True
llama32_3b,Had_sym,0,15,2.4061577320098877,2047,2048,7a7b7dc6f6f242742c30f5194894a13f9225c540c5568a1c1839849368debd08,True
llama32_3b,Had_sym,0,16,2.143662929534912,2047,2048,7a7b7dc6f6f242742c30f5194894a13f9225c540c5568a1c1839849368debd08,True
llama32_3b,Had_sym,0,17,2.1670608520507812,2047,2048,7a7b7dc6f6f242742c30f5194894a13f9225c540c5568a1c1839849368debd08,True
llama32_3b,Had_sym,0,18,1.9626661539077759,2047,2048,7a7b7dc6f6f242742c30f5194894a13f9225c540c5568a1c1839849368debd08,True
llama32_3b,Had_sym,0,19,2.1292564868927,2047,2048,7a7b7dc6f6f242742c30f5194894a13f9225c540c5568a1c1839849368debd08,True
llama32_3b,Had_sym,0,20,2.2563788890838623,2047,2048,7a7b7dc6f6f242742c30f5194894a13f9225c540c5568a1c1839849368debd08,True
llama32_3b,Had_sym,0,21,2.169299364089966,2047,2048,7a7b7dc6f6f242742c30f5194894a13f9225c540c5568a1c1839849368debd08,True
llama32_3b,Had_sym,0,22,2.233243465423584,2047,2048,7a7b7dc6f6f242742c30f5194894a13f9225c540c5568a1c1839849368debd08,True
llama32_3b,Had_sym,0,23,2.2699010372161865,2047,2048,7a7b7dc6f6f242742c30f5194894a13f9225c540c5568a1c1839849368debd08,True
llama32_3b,Had_sym,0,24,2.298429250717163,2047,2048,7a7b7dc6f6f242742c30f5194894a13f9225c540c5568a1c1839849368debd08,True
llama32_3b,Had_sym,0,25,2.3589603900909424,2047,2048,7a7b7dc6f6f242742c30f5194894a13f9225c540c5568a1c1839849368debd08,True
llama32_3b,Had_sym,0,26,2.4426984786987305,2047,2048,7a7b7dc6f6f242742c30f5194894a13f9225c540c5568a1c1839849368debd08,True
llama32_3b,Had_sym,0,27,2.231259822845459,2047,2048,7a7b7dc6f6f242742c30f5194894a13f9225c540c5568a1c1839849368debd08,True
llama32_3b,Had_sym,0,28,2.015536308288574,2047,2048,7a7b7dc6f6f242742c30f5194894a13f9225c540c5568a1c1839849368debd08,True
llama32_3b,Had_sym,0,29,1.819944143295288,2047,2048,7a7b7dc6f6f242742c30f5194894a13f9225c540c5568a1c1839849368debd08,True
llama32_3b,Had_sym,0,30,1.7168468236923218,2047,2048,7a7b7dc6f6f242742c30f5194894a13f9225c540c5568a1c1839849368debd08,True
llama32_3b,Had_sym,0,31,1.7403528690338135,2047,2048,7a7b7dc6f6f242742c30f5194894a13f9225c540c5568a1c1839849368debd08,True
llama32_3b,Had_sym,0,32,2.0361974239349365,2047,2048,7a7b7dc6f6f242742c30f5194894a13f9225c540c5568a1c1839849368debd08,True
llama32_3b,Had_sym,0,33,1.9838067293167114,2047,2048,7a7b7dc6f6f242742c30f5194894a13f9225c540c5568a1c1839849368debd08,True
llama32_3b,Had_sym,0,34,2.174257755279541,2047,2048,7a7b7dc6f6f242742c30f5194894a13f9225c540c5568a1c1839849368debd08,True
llama32_3b,Had_sym,0,35,1.489297866821289,2047,2048,7a7b7dc6f6f242742c30f5194894a13f9225c540c5568a1c1839849368debd08,True
llama32_3b,Had_sym,0,36,1.4724527597427368,2047,2048,7a7b7dc6f6f242742c30f5194894a13f9225c540c5568a1c1839849368debd08,True
llama32_3b,Had_sym,0,37,1.4961926937103271,2047,2048,7a7b7dc6f6f242742c30f5194894a13f9225c540c5568a1c1839849368debd08,True
llama32_3b,Had_sym,0,38,1.495990514755249,2047,2048,7a7b7dc6f6f242742c30f5194894a13f9225c540c5568a1c1839849368debd08,True
llama32_3b,Had_sym,0,39,1.6846543550491333,2047,2048,7a7b7dc6f6f242742c30f5194894a13f9225c540c5568a1c1839849368debd08,True
llama32_3b,Had_sym,0,40,2.2903072834014893,2047,2048,7a7b7dc6f6f242742c30f5194894a13f9225c540c5568a1c1839849368debd08,True
llama32_3b,Had_sym,0,41,2.704800605773926,2047,2048,7a7b7dc6f6f242742c30f5194894a13f9225c540c5568a1c1839849368debd08,True
llama32_3b,Had_sym,0,42,2.7034947872161865,2047,2048,7a7b7dc6f6f242742c30f5194894a13f9225c540c5568a1c1839849368debd08,True
llama32_3b,Had_sym,0,43,2.3425204753875732,2047,2048,7a7b7dc6f6f242742c30f5194894a13f9225c540c5568a1c1839849368debd08,True
llama32_3b,Had_sym,0,44,2.320119619369507,2047,2048,7a7b7dc6f6f242742c30f5194894a13f9225c540c5568a1c1839849368debd08,True
llama32_3b,Had_sym,0,45,2.297563314437866,2047,2048,7a7b7dc6f6f242742c30f5194894a13f9225c540c5568a1c1839849368debd08,True
llama32_3b,Had_sym,0,46,2.3804242610931396,2047,2048,7a7b7dc6f6f242742c30f5194894a13f9225c540c5568a1c1839849368debd08,True
llama32_3b,Had_sym,0,47,2.1670751571655273,2047,2048,7a7b7dc6f6f242742c30f5194894a13f9225c540c5568a1c1839849368debd08,True
llama32_3b,Had_sym,0,48,2.05462646484375,2047,2048,7a7b7dc6f6f242742c30f5194894a13f9225c540c5568a1c1839849368debd08,True
llama32_3b,Had_sym,0,49,2.0445358753204346,2047,2048,7a7b7dc6f6f242742c30f5194894a13f9225c540c5568a1c1839849368debd08,True
llama32_3b,Had_sym,0,50,1.7715455293655396,2047,2048,7a7b7dc6f6f242742c30f5194894a13f9225c540c5568a1c1839849368debd08,True
llama32_3b,Had_sym,0,51,1.8481130599975586,2047,2048,7a7b7dc6f6f242742c30f5194894a13f9225c540c5568a1c1839849368debd08,True
llama32_3b,Had_sym,0,52,1.6981711387634277,2047,2048,7a7b7dc6f6f242742c30f5194894a13f9225c540c5568a1c1839849368debd08,True
llama32_3b,Had_sym,0,53,1.9158252477645874,2047,2048,7a7b7dc6f6f242742c30f5194894a13f9225c540c5568a1c1839849368debd08,True
llama32_3b,Had_sym,0,54,1.664556860923767,2047,2048,7a7b7dc6f6f242742c30f5194894a13f9225c540c5568a1c1839849368debd08,True
llama32_3b,Had_sym,0,55,1.6210215091705322,2047,2048,7a7b7dc6f6f242742c30f5194894a13f9225c540c5568a1c1839849368debd08,True
llama32_3b,Had_sym,0,56,1.8765841722488403,2047,2048,7a7b7dc6f6f242742c30f5194894a13f9225c540c5568a1c1839849368debd08,True
llama32_3b,Had_sym,0,57,1.8170734643936157,2047,2048,7a7b7dc6f6f242742c30f5194894a13f9225c540c5568a1c1839849368debd08,True
llama32_3b,Had_sym,0,58,2.1996991634368896,2047,2048,7a7b7dc6f6f242742c30f5194894a13f9225c540c5568a1c1839849368debd08,True
llama32_3b,Had_sym,0,59,2.3674724102020264,2047,2048,7a7b7dc6f6f242742c30f5194894a13f9225c540c5568a1c1839849368debd08,True
llama32_3b,Had_sym,0,60,2.3788974285125732,2047,2048,7a7b7dc6f6f242742c30f5194894a13f9225c540c5568a1c1839849368debd08,True
llama32_3b,Had_sym,0,61,2.489651918411255,2047,2048,7a7b7dc6f6f242742c30f5194894a13f9225c540c5568a1c1839849368debd08,True
llama32_3b,Had_sym,0,62,1.531089425086975,2047,2048,7a7b7dc6f6f242742c30f5194894a13f9225c540c5568a1c1839849368debd08,True
llama32_3b,Had_sym,0,63,1.9214322566986084,2047,2048,7a7b7dc6f6f242742c30f5194894a13f9225c540c5568a1c1839849368debd08,True
llama32_3b,Had_sym,1,0,1.848703145980835,2047,2048,7a7b7dc6f6f242742c30f5194894a13f9225c540c5568a1c1839849368debd08,True
llama32_3b,Had_sym,1,1,2.4494869709014893,2047,2048,7a7b7dc6f6f242742c30f5194894a13f9225c540c5568a1c1839849368debd08,True
llama32_3b,Had_sym,1,2,2.5100786685943604,2047,2048,7a7b7dc6f6f242742c30f5194894a13f9225c540c5568a1c1839849368debd08,True
llama32_3b,Had_sym,1,3,2.027780771255493,2047,2048,7a7b7dc6f6f242742c30f5194894a13f9225c540c5568a1c1839849368debd08,True
llama32_3b,Had_sym,1,4,1.9508415460586548,2047,2048,7a7b7dc6f6f242742c30f5194894a13f9225c540c5568a1c1839849368debd08,True
llama32_3b,Had_sym,1,5,1.5646079778671265,2047,2048,7a7b7dc6f6f242742c30f5194894a13f9225c540c5568a1c1839849368debd08,True
llama32_3b,Had_sym,1,6,1.692545771598816,2047,2048,7a7b7dc6f6f242742c30f5194894a13f9225c540c5568a1c1839849368debd08,True
llama32_3b,Had_sym,1,7,1.9390530586242676,2047,2048,7a7b7dc6f6f242742c30f5194894a13f9225c540c5568a1c1839849368debd08,True
llama32_3b,Had_sym,1,8,2.258488178253174,2047,2048,7a7b7dc6f6f242742c30f5194894a13f9225c540c5568a1c1839849368debd08,True
llama32_3b,Had_sym,1,9,1.9907982349395752,2047,2048,7a7b7dc6f6f242742c30f5194894a13f9225c540c5568a1c1839849368debd08,True
llama32_3b,Had_sym,1,10,1.9166312217712402,2047,2048,7a7b7dc6f6f242742c30f5194894a13f9225c540c5568a1c1839849368debd08,True
llama32_3b,Had_sym,1,11,2.2728283405303955,2047,2048,7a7b7dc6f6f242742c30f5194894a13f9225c540c5568a1c1839849368debd08,True
llama32_3b,Had_sym,1,12,2.140577554702759,2047,2048,7a7b7dc6f6f242742c30f5194894a13f9225c540c5568a1c1839849368debd08,True
llama32_3b,Had_sym,1,13,2.2831671237945557,2047,2048,7a7b7dc6f6f242742c30f5194894a13f9225c540c5568a1c1839849368debd08,True
llama32_3b,Had_sym,1,14,2.2168240547180176,2047,2048,7a7b7dc6f6f242742c30f5194894a13f9225c540c5568a1c1839849368debd08,True
llama32_3b,Had_sym,1,15,2.411311626434326,2047,2048,7a7b7dc6f6f242742c30f5194894a13f9225c540c5568a1c1839849368debd08,True
llama32_3b,Had_sym,1,16,2.1573100090026855,2047,2048,7a7b7dc6f6f242742c30f5194894a13f9225c540c5568a1c1839849368debd08,True
llama32_3b,Had_sym,1,17,2.169182300567627,2047,2048,7a7b7dc6f6f242742c30f5194894a13f9225c540c5568a1c1839849368debd08,True
llama32_3b,Had_sym,1,18,1.9626375436782837,2047,2048,7a7b7dc6f6f242742c30f5194894a13f9225c540c5568a1c1839849368debd08,True
llama32_3b,Had_sym,1,19,2.1271257400512695,2047,2048,7a7b7dc6f6f242742c30f5194894a13f9225c540c5568a1c1839849368debd08,True
llama32_3b,Had_sym,1,20,2.2450172901153564,2047,2048,7a7b7dc6f6f242742c30f5194894a13f9225c540c5568a1c1839849368debd08,True
llama32_3b,Had_sym,1,21,2.1723616123199463,2047,2048,7a7b7dc6f6f242742c30f5194894a13f9225c540c5568a1c1839849368debd08,True
llama32_3b,Had_sym,1,22,2.227386951446533,2047,2048,7a7b7dc6f6f242742c30f5194894a13f9225c540c5568a1c1839849368debd08,True
llama32_3b,Had_sym,1,23,2.259239435195923,2047,2048,7a7b7dc6f6f242742c30f5194894a13f9225c540c5568a1c1839849368debd08,True
llama32_3b,Had_sym,1,24,2.300464391708374,2047,2048,7a7b7dc6f6f242742c30f5194894a13f9225c540c5568a1c1839849368debd08,True
llama32_3b,Had_sym,1,25,2.3558194637298584,2047,2048,7a7b7dc6f6f242742c30f5194894a13f9225c540c5568a1c1839849368debd08,True
llama32_3b,Had_sym,1,26,2.4424688816070557,2047,2048,7a7b7dc6f6f242742c30f5194894a13f9225c540c5568a1c1839849368debd08,True
llama32_3b,Had_sym,1,27,2.24405574798584,2047,2048,7a7b7dc6f6f242742c30f5194894a13f9225c540c5568a1c1839849368debd08,True
llama32_3b,Had_sym,1,28,2.0162112712860107,2047,2048,7a7b7dc6f6f242742c30f5194894a13f9225c540c5568a1c1839849368debd08,True
llama32_3b,Had_sym,1,29,1.824282169342041,2047,2048,7a7b7dc6f6f242742c30f5194894a13f9225c540c5568a1c1839849368debd08,True
llama32_3b,Had_sym,1,30,1.7040035724639893,2047,2048,7a7b7dc6f6f242742c30f5194894a13f9225c540c5568a1c1839849368debd08,True
llama32_3b,Had_sym,1,31,1.737979769706726,2047,2048,7a7b7dc6f6f242742c30f5194894a13f9225c540c5568a1c1839849368debd08,True
llama32_3b,Had_sym,1,32,2.042910099029541,2047,2048,7a7b7dc6f6f242742c30f5194894a13f9225c540c5568a1c1839849368debd08,True
llama32_3b,Had_sym,1,33,1.9952162504196167,2047,2048,7a7b7dc6f6f242742c30f5194894a13f9225c540c5568a1c1839849368debd08,True
llama32_3b,Had_sym,1,34,2.1747665405273438,2047,2048,7a7b7dc6f6f242742c30f5194894a13f9225c540c5568a1c1839849368debd08,True
llama32_3b,Had_sym,1,35,1.4930137395858765,2047,2048,7a7b7dc6f6f242742c30f5194894a13f9225c540c5568a1c1839849368debd08,True
llama32_3b,Had_sym,1,36,1.4590251445770264,2047,2048,7a7b7dc6f6f242742c30f5194894a13f9225c540c5568a1c1839849368debd08,True
llama32_3b,Had_sym,1,37,1.5032366514205933,2047,2048,7a7b7dc6f6f242742c30f5194894a13f9225c540c5568a1c1839849368debd08,True
llama32_3b,Had_sym,1,38,1.4839706420898438,2047,2048,7a7b7dc6f6f242742c30f5194894a13f9225c540c5568a1c1839849368debd08,True
llama32_3b,Had_sym,1,39,1.6945692300796509,2047,2048,7a7b7dc6f6f242742c30f5194894a13f9225c540c5568a1c1839849368debd08,True
llama32_3b,Had_sym,1,40,2.2858316898345947,2047,2048,7a7b7dc6f6f242742c30f5194894a13f9225c540c5568a1c1839849368debd08,True
llama32_3b,Had_sym,1,41,2.700744867324829,2047,2048,7a7b7dc6f6f242742c30f5194894a13f9225c540c5568a1c1839849368debd08,True
llama32_3b,Had_sym,1,42,2.7085535526275635,2047,2048,7a7b7dc6f6f242742c30f5194894a13f9225c540c5568a1c1839849368debd08,True
llama32_3b,Had_sym,1,43,2.3276751041412354,2047,2048,7a7b7dc6f6f242742c30f5194894a13f9225c540c5568a1c1839849368debd08,True
llama32_3b,Had_sym,1,44,2.3283984661102295,2047,2048,7a7b7dc6f6f242742c30f5194894a13f9225c540c5568a1c1839849368debd08,True
llama32_3b,Had_sym,1,45,2.2938737869262695,2047,2048,7a7b7dc6f6f242742c30f5194894a13f9225c540c5568a1c1839849368debd08,True
llama32_3b,Had_sym,1,46,2.3918638229370117,2047,2048,7a7b7dc6f6f242742c30f5194894a13f9225c540c5568a1c1839849368debd08,True
llama32_3b,Had_sym,1,47,2.169361114501953,2047,2048,7a7b7dc6f6f242742c30f5194894a13f9225c540c5568a1c1839849368debd08,True
llama32_3b,Had_sym,1,48,2.0468592643737793,2047,2048,7a7b7dc6f6f242742c30f5194894a13f9225c540c5568a1c1839849368debd08,True
llama32_3b,Had_sym,1,49,2.0479800701141357,2047,2048,7a7b7dc6f6f242742c30f5194894a13f9225c540c5568a1c1839849368debd08,True
llama32_3b,Had_sym,1,50,1.7795261144638062,2047,2048,7a7b7dc6f6f242742c30f5194894a13f9225c540c5568a1c1839849368debd08,True
llama32_3b,Had_sym,1,51,1.8525104522705078,2047,2048,7a7b7dc6f6f242742c30f5194894a13f9225c540c5568a1c1839849368debd08,True
llama32_3b,Had_sym,1,52,1.691807508468628,2047,2048,7a7b7dc6f6f242742c30f5194894a13f9225c540c5568a1c1839849368debd08,True
llama32_3b,Had_sym,1,53,1.910033106803894,2047,2048,7a7b7dc6f6f242742c30f5194894a13f9225c540c5568a1c1839849368debd08,True
llama32_3b,Had_sym,1,54,1.6440353393554688,2047,2048,7a7b7dc6f6f242742c30f5194894a13f9225c540c5568a1c1839849368debd08,True
llama32_3b,Had_sym,1,55,1.6298459768295288,2047,2048,7a7b7dc6f6f242742c30f5194894a13f9225c540c5568a1c1839849368debd08,True
llama32_3b,Had_sym,1,56,1.8620424270629883,2047,2048,7a7b7dc6f6f242742c30f5194894a13f9225c540c5568a1c1839849368debd08,True
llama32_3b,Had_sym,1,57,1.8218920230865479,2047,2048,7a7b7dc6f6f242742c30f5194894a13f9225c540c5568a1c1839849368debd08,True
llama32_3b,Had_sym,1,58,2.1918747425079346,2047,2048,7a7b7dc6f6f242742c30f5194894a13f9225c540c5568a1c1839849368debd08,True
llama32_3b,Had_sym,1,59,2.3688414096832275,2047,2048,7a7b7dc6f6f242742c30f5194894a13f9225c540c5568a1c1839849368debd08,True
llama32_3b,Had_sym,1,60,2.3681998252868652,2047,2048,7a7b7dc6f6f242742c30f5194894a13f9225c540c5568a1c1839849368debd08,True
llama32_3b,Had_sym,1,61,2.4769070148468018,2047,2048,7a7b7dc6f6f242742c30f5194894a13f9225c540c5568a1c1839849368debd08,True
llama32_3b,Had_sym,1,62,1.53865647315979,2047,2048,7a7b7dc6f6f242742c30f5194894a13f9225c540c5568a1c1839849368debd08,True
llama32_3b,Had_sym,1,63,1.9132803678512573,2047,2048,7a7b7dc6f6f242742c30f5194894a13f9225c540c5568a1c1839849368debd08,True
llama32_3b,Had_sym,2,0,1.8591216802597046,2047,2048,7a7b7dc6f6f242742c30f5194894a13f9225c540c5568a1c1839849368debd08,True
llama32_3b,Had_sym,2,1,2.441533088684082,2047,2048,7a7b7dc6f6f242742c30f5194894a13f9225c540c5568a1c1839849368debd08,True
llama32_3b,Had_sym,2,2,2.5111546516418457,2047,2048,7a7b7dc6f6f242742c30f5194894a13f9225c540c5568a1c1839849368debd08,True
llama32_3b,Had_sym,2,3,2.0349621772766113,2047,2048,7a7b7dc6f6f242742c30f5194894a13f9225c540c5568a1c1839849368debd08,True
llama32_3b,Had_sym,2,4,1.9545859098434448,2047,2048,7a7b7dc6f6f242742c30f5194894a13f9225c540c5568a1c1839849368debd08,True
llama32_3b,Had_sym,2,5,1.5794233083724976,2047,2048,7a7b7dc6f6f242742c30f5194894a13f9225c540c5568a1c1839849368debd08,True
llama32_3b,Had_sym,2,6,1.6780681610107422,2047,2048,7a7b7dc6f6f242742c30f5194894a13f9225c540c5568a1c1839849368debd08,True
llama32_3b,Had_sym,2,7,1.939375877380371,2047,2048,7a7b7dc6f6f242742c30f5194894a13f9225c540c5568a1c1839849368debd08,True
llama32_3b,Had_sym,2,8,2.267648220062256,2047,2048,7a7b7dc6f6f242742c30f5194894a13f9225c540c5568a1c1839849368debd08,True
llama32_3b,Had_sym,2,9,1.9890962839126587,2047,2048,7a7b7dc6f6f242742c30f5194894a13f9225c540c5568a1c1839849368debd08,True
llama32_3b,Had_sym,2,10,1.9159870147705078,2047,2048,7a7b7dc6f6f242742c30f5194894a13f9225c540c5568a1c1839849368debd08,True
llama32_3b,Had_sym,2,11,2.2776708602905273,2047,2048,7a7b7dc6f6f242742c30f5194894a13f9225c540c5568a1c1839849368debd08,True
llama32_3b,Had_sym,2,12,2.1358718872070312,2047,2048,7a7b7dc6f6f242742c30f5194894a13f9225c540c5568a1c1839849368debd08,True
llama32_3b,Had_sym,2,13,2.288163661956787,2047,2048,7a7b7dc6f6f242742c30f5194894a13f9225c540c5568a1c1839849368debd08,True
llama32_3b,Had_sym,2,14,2.219911575317383,2047,2048,7a7b7dc6f6f242742c30f5194894a13f9225c540c5568a1c1839849368debd08,True
llama32_3b,Had_sym,2,15,2.4304986000061035,2047,2048,7a7b7dc6f6f242742c30f5194894a13f9225c540c5568a1c1839849368debd08,True
llama32_3b,Had_sym,2,16,2.1326732635498047,2047,2048,7a7b7dc6f6f242742c30f5194894a13f9225c540c5568a1c1839849368debd08,True
llama32_3b,Had_sym,2,17,2.1548714637756348,2047,2048,7a7b7dc6f6f242742c30f5194894a13f9225c540c5568a1c1839849368debd08,True
llama32_3b,Had_sym,2,18,1.9694043397903442,2047,2048,7a7b7dc6f6f242742c30f5194894a13f9225c540c5568a1c1839849368debd08,True
llama32_3b,Had_sym,2,19,2.1304075717926025,2047,2048,7a7b7dc6f6f242742c30f5194894a13f9225c540c5568a1c1839849368debd08,True
llama32_3b,Had_sym,2,20,2.2362308502197266,2047,2048,7a7b7dc6f6f242742c30f5194894a13f9225c540c5568a1c1839849368debd08,True
llama32_3b,Had_sym,2,21,2.167961597442627,2047,2048,7a7b7dc6f6f242742c30f5194894a13f9225c540c5568a1c1839849368debd08,True
llama32_3b,Had_sym,2,22,2.231278896331787,2047,2048,7a7b7dc6f6f242742c30f5194894a13f9225c540c5568a1c1839849368debd08,True
llama32_3b,Had_sym,2,23,2.2591540813446045,2047,2048,7a7b7dc6f6f242742c30f5194894a13f9225c540c5568a1c1839849368debd08,True
llama32_3b,Had_sym,2,24,2.294145345687866,2047,2048,7a7b7dc6f6f242742c30f5194894a13f9225c540c5568a1c1839849368debd08,True
llama32_3b,Had_sym,2,25,2.3538572788238525,2047,2048,7a7b7dc6f6f242742c30f5194894a13f9225c540c5568a1c1839849368debd08,True
llama32_3b,Had_sym,2,26,2.4455177783966064,2047,2048,7a7b7dc6f6f242742c30f5194894a13f9225c540c5568a1c1839849368debd08,True
llama32_3b,Had_sym,2,27,2.240354537963867,2047,2048,7a7b7dc6f6f242742c30f5194894a13f9225c540c5568a1c1839849368debd08,True
llama32_3b,Had_sym,2,28,2.0236570835113525,2047,2048,7a7b7dc6f6f242742c30f5194894a13f9225c540c5568a1c1839849368debd08,True
llama32_3b,Had_sym,2,29,1.8223769664764404,2047,2048,7a7b7dc6f6f242742c30f5194894a13f9225c540c5568a1c1839849368debd08,True
llama32_3b,Had_sym,2,30,1.717719316482544,2047,2048,7a7b7dc6f6f242742c30f5194894a13f9225c540c5568a1c1839849368debd08,True
llama32_3b,Had_sym,2,31,1.734620451927185,2047,2048,7a7b7dc6f6f242742c30f5194894a13f9225c540c5568a1c1839849368debd08,True
llama32_3b,Had_sym,2,32,2.0263583660125732,2047,2048,7a7b7dc6f6f242742c30f5194894a13f9225c540c5568a1c1839849368debd08,True
llama32_3b,Had_sym,2,33,1.9990625381469727,2047,2048,7a7b7dc6f6f242742c30f5194894a13f9225c540c5568a1c1839849368debd08,True
llama32_3b,Had_sym,2,34,2.165999412536621,2047,2048,7a7b7dc6f6f242742c30f5194894a13f9225c540c5568a1c1839849368debd08,True
llama32_3b,Had_sym,2,35,1.496802568435669,2047,2048,7a7b7dc6f6f242742c30f5194894a13f9225c540c5568a1c1839849368debd08,True
llama32_3b,Had_sym,2,36,1.4571399688720703,2047,2048,7a7b7dc6f6f242742c30f5194894a13f9225c540c5568a1c1839849368debd08,True
llama32_3b,Had_sym,2,37,1.509557843208313,2047,2048,7a7b7dc6f6f242742c30f5194894a13f9225c540c5568a1c1839849368debd08,True
llama32_3b,Had_sym,2,38,1.4973312616348267,2047,2048,7a7b7dc6f6f242742c30f5194894a13f9225c540c5568a1c1839849368debd08,True
llama32_3b,Had_sym,2,39,1.6984745264053345,2047,2048,7a7b7dc6f6f242742c30f5194894a13f9225c540c5568a1c1839849368debd08,True
llama32_3b,Had_sym,2,40,2.2944929599761963,2047,2048,7a7b7dc6f6f242742c30f5194894a13f9225c540c5568a1c1839849368debd08,True
llama32_3b,Had_sym,2,41,2.7039527893066406,2047,2048,7a7b7dc6f6f242742c30f5194894a13f9225c540c5568a1c1839849368debd08,True
llama32_3b,Had_sym,2,42,2.701028347015381,2047,2048,7a7b7dc6f6f242742c30f5194894a13f9225c540c5568a1c1839849368debd08,True
llama32_3b,Had_sym,2,43,2.3280444145202637,2047,2048,7a7b7dc6f6f242742c30f5194894a13f9225c540c5568a1c1839849368debd08,True
llama32_3b,Had_sym,2,44,2.318835735321045,2047,2048,7a7b7dc6f6f242742c30f5194894a13f9225c540c5568a1c1839849368debd08,True
llama32_3b,Had_sym,2,45,2.288140296936035,2047,2048,7a7b7dc6f6f242742c30f5194894a13f9225c540c5568a1c1839849368debd08,True
llama32_3b,Had_sym,2,46,2.3908028602600098,2047,2048,7a7b7dc6f6f242742c30f5194894a13f9225c540c5568a1c1839849368debd08,True
llama32_3b,Had_sym,2,47,2.173844337463379,2047,2048,7a7b7dc6f6f242742c30f5194894a13f9225c540c5568a1c1839849368debd08,True
llama32_3b,Had_sym,2,48,2.0493509769439697,2047,2048,7a7b7dc6f6f242742c30f5194894a13f9225c540c5568a1c1839849368debd08,True
llama32_3b,Had_sym,2,49,2.0477538108825684,2047,2048,7a7b7dc6f6f242742c30f5194894a13f9225c540c5568a1c1839849368debd08,True
llama32_3b,Had_sym,2,50,1.7776051759719849,2047,2048,7a7b7dc6f6f242742c30f5194894a13f9225c540c5568a1c1839849368debd08,True
llama32_3b,Had_sym,2,51,1.8438286781311035,2047,2048,7a7b7dc6f6f242742c30f5194894a13f9225c540c5568a1c1839849368debd08,True
llama32_3b,Had_sym,2,52,1.6918938159942627,2047,2048,7a7b7dc6f6f242742c30f5194894a13f9225c540c5568a1c1839849368debd08,True
llama32_3b,Had_sym,2,53,1.907096028327942,2047,2048,7a7b7dc6f6f242742c30f5194894a13f9225c540c5568a1c1839849368debd08,True
llama32_3b,Had_sym,2,54,1.6531933546066284,2047,2048,7a7b7dc6f6f242742c30f5194894a13f9225c540c5568a1c1839849368debd08,True
llama32_3b,Had_sym,2,55,1.6122703552246094,2047,2048,7a7b7dc6f6f242742c30f5194894a13f9225c540c5568a1c1839849368debd08,True
llama32_3b,Had_sym,2,56,1.8512345552444458,2047,2048,7a7b7dc6f6f242742c30f5194894a13f9225c540c5568a1c1839849368debd08,True
llama32_3b,Had_sym,2,57,1.8217908143997192,2047,2048,7a7b7dc6f6f242742c30f5194894a13f9225c540c5568a1c1839849368debd08,True
llama32_3b,Had_sym,2,58,2.1911721229553223,2047,2048,7a7b7dc6f6f242742c30f5194894a13f9225c540c5568a1c1839849368debd08,True
llama32_3b,Had_sym,2,59,2.370636224746704,2047,2048,7a7b7dc6f6f242742c30f5194894a13f9225c540c5568a1c1839849368debd08,True
llama32_3b,Had_sym,2,60,2.3682737350463867,2047,2048,7a7b7dc6f6f242742c30f5194894a13f9225c540c5568a1c1839849368debd08,True
llama32_3b,Had_sym,2,61,2.4919674396514893,2047,2048,7a7b7dc6f6f242742c30f5194894a13f9225c540c5568a1c1839849368debd08,True
llama32_3b,Had_sym,2,62,1.5209267139434814,2047,2048,7a7b7dc6f6f242742c30f5194894a13f9225c540c5568a1c1839849368debd08,True
llama32_3b,Had_sym,2,63,1.9199185371398926,2047,2048,7a7b7dc6f6f242742c30f5194894a13f9225c540c5568a1c1839849368debd08,True
llama32_3b,Q5a_asym,0,0,1.8361681699752808,2047,2048,7a7b7dc6f6f242742c30f5194894a13f9225c540c5568a1c1839849368debd08,True
llama32_3b,Q5a_asym,0,1,2.4288206100463867,2047,2048,7a7b7dc6f6f242742c30f5194894a13f9225c540c5568a1c1839849368debd08,True
llama32_3b,Q5a_asym,0,2,2.516019582748413,2047,2048,7a7b7dc6f6f242742c30f5194894a13f9225c540c5568a1c1839849368debd08,True
llama32_3b,Q5a_asym,0,3,2.0192534923553467,2047,2048,7a7b7dc6f6f242742c30f5194894a13f9225c540c5568a1c1839849368debd08,True
llama32_3b,Q5a_asym,0,4,1.9373979568481445,2047,2048,7a7b7dc6f6f242742c30f5194894a13f9225c540c5568a1c1839849368debd08,True
llama32_3b,Q5a_asym,0,5,1.555628776550293,2047,2048,7a7b7dc6f6f242742c30f5194894a13f9225c540c5568a1c1839849368debd08,True
llama32_3b,Q5a_asym,0,6,1.6635881662368774,2047,2048,7a7b7dc6f6f242742c30f5194894a13f9225c540c5568a1c1839849368debd08,True
llama32_3b,Q5a_asym,0,7,1.917473554611206,2047,2048,7a7b7dc6f6f242742c30f5194894a13f9225c540c5568a1c1839849368debd08,True
llama32_3b,Q5a_asym,0,8,2.2562062740325928,2047,2048,7a7b7dc6f6f242742c30f5194894a13f9225c540c5568a1c1839849368debd08,True
llama32_3b,Q5a_asym,0,9,1.9800753593444824,2047,2048,7a7b7dc6f6f242742c30f5194894a13f9225c540c5568a1c1839849368debd08,True
llama32_3b,Q5a_asym,0,10,1.896299958229065,2047,2048,7a7b7dc6f6f242742c30f5194894a13f9225c540c5568a1c1839849368debd08,True
llama32_3b,Q5a_asym,0,11,2.252671480178833,2047,2048,7a7b7dc6f6f242742c30f5194894a13f9225c540c5568a1c1839849368debd08,True
llama32_3b,Q5a_asym,0,12,2.1234781742095947,2047,2048,7a7b7dc6f6f242742c30f5194894a13f9225c540c5568a1c1839849368debd08,True
llama32_3b,Q5a_asym,0,13,2.272188186645508,2047,2048,7a7b7dc6f6f242742c30f5194894a13f9225c540c5568a1c1839849368debd08,True
llama32_3b,Q5a_asym,0,14,2.2090680599212646,2047,2048,7a7b7dc6f6f242742c30f5194894a13f9225c540c5568a1c1839849368debd08,True
llama32_3b,Q5a_asym,0,15,2.4054322242736816,2047,2048,7a7b7dc6f6f242742c30f5194894a13f9225c540c5568a1c1839849368debd08,True
llama32_3b,Q5a_asym,0,16,2.1301016807556152,2047,2048,7a7b7dc6f6f242742c30f5194894a13f9225c540c5568a1c1839849368debd08,True
llama32_3b,Q5a_asym,0,17,2.149726629257202,2047,2048,7a7b7dc6f6f242742c30f5194894a13f9225c540c5568a1c1839849368debd08,True
llama32_3b,Q5a_asym,0,18,1.954835295677185,2047,2048,7a7b7dc6f6f242742c30f5194894a13f9225c540c5568a1c1839849368debd08,True
llama32_3b,Q5a_asym,0,19,2.1133604049682617,2047,2048,7a7b7dc6f6f242742c30f5194894a13f9225c540c5568a1c1839849368debd08,True
llama32_3b,Q5a_asym,0,20,2.226109027862549,2047,2048,7a7b7dc6f6f242742c30f5194894a13f9225c540c5568a1c1839849368debd08,True
llama32_3b,Q5a_asym,0,21,2.1619038581848145,2047,2048,7a7b7dc6f6f242742c30f5194894a13f9225c540c5568a1c1839849368debd08,True
llama32_3b,Q5a_asym,0,22,2.2184391021728516,2047,2048,7a7b7dc6f6f242742c30f5194894a13f9225c540c5568a1c1839849368debd08,True
llama32_3b,Q5a_asym,0,23,2.254894971847534,2047,2048,7a7b7dc6f6f242742c30f5194894a13f9225c540c5568a1c1839849368debd08,True
llama32_3b,Q5a_asym,0,24,2.2875232696533203,2047,2048,7a7b7dc6f6f242742c30f5194894a13f9225c540c5568a1c1839849368debd08,True
llama32_3b,Q5a_asym,0,25,2.3483290672302246,2047,2048,7a7b7dc6f6f242742c30f5194894a13f9225c540c5568a1c1839849368debd08,True
llama32_3b,Q5a_asym,0,26,2.4203388690948486,2047,2048,7a7b7dc6f6f242742c30f5194894a13f9225c540c5568a1c1839849368debd08,True
llama32_3b,Q5a_asym,0,27,2.2270073890686035,2047,2048,7a7b7dc6f6f242742c30f5194894a13f9225c540c5568a1c1839849368debd08,True
llama32_3b,Q5a_asym,0,28,2.000488042831421,2047,2048,7a7b7dc6f6f242742c30f5194894a13f9225c540c5568a1c1839849368debd08,True
llama32_3b,Q5a_asym,0,29,1.8127593994140625,2047,2048,7a7b7dc6f6f242742c30f5194894a13f9225c540c5568a1c1839849368debd08,True
llama32_3b,Q5a_asym,0,30,1.7002888917922974,2047,2048,7a7b7dc6f6f242742c30f5194894a13f9225c540c5568a1c1839849368debd08,True
llama32_3b,Q5a_asym,0,31,1.7234138250350952,2047,2048,7a7b7dc6f6f242742c30f5194894a13f9225c540c5568a1c1839849368debd08,True
llama32_3b,Q5a_asym,0,32,2.024399757385254,2047,2048,7a7b7dc6f6f242742c30f5194894a13f9225c540c5568a1c1839849368debd08,True
llama32_3b,Q5a_asym,0,33,1.9859120845794678,2047,2048,7a7b7dc6f6f242742c30f5194894a13f9225c540c5568a1c1839849368debd08,True
llama32_3b,Q5a_asym,0,34,2.157329797744751,2047,2048,7a7b7dc6f6f242742c30f5194894a13f9225c540c5568a1c1839849368debd08,True
llama32_3b,Q5a_asym,0,35,1.4725161790847778,2047,2048,7a7b7dc6f6f242742c30f5194894a13f9225c540c5568a1c1839849368debd08,True
llama32_3b,Q5a_asym,0,36,1.4510124921798706,2047,2048,7a7b7dc6f6f242742c30f5194894a13f9225c540c5568a1c1839849368debd08,True
llama32_3b,Q5a_asym,0,37,1.4921543598175049,2047,2048,7a7b7dc6f6f242742c30f5194894a13f9225c540c5568a1c1839849368debd08,True
llama32_3b,Q5a_asym,0,38,1.4853641986846924,2047,2048,7a7b7dc6f6f242742c30f5194894a13f9225c540c5568a1c1839849368debd08,True
llama32_3b,Q5a_asym,0,39,1.6739790439605713,2047,2048,7a7b7dc6f6f242742c30f5194894a13f9225c540c5568a1c1839849368debd08,True
llama32_3b,Q5a_asym,0,40,2.2776763439178467,2047,2048,7a7b7dc6f6f242742c30f5194894a13f9225c540c5568a1c1839849368debd08,True
llama32_3b,Q5a_asym,0,41,2.7008955478668213,2047,2048,7a7b7dc6f6f242742c30f5194894a13f9225c540c5568a1c1839849368debd08,True
llama32_3b,Q5a_asym,0,42,2.689608335494995,2047,2048,7a7b7dc6f6f242742c30f5194894a13f9225c540c5568a1c1839849368debd08,True
llama32_3b,Q5a_asym,0,43,2.3255255222320557,2047,2048,7a7b7dc6f6f242742c30f5194894a13f9225c540c5568a1c1839849368debd08,True
llama32_3b,Q5a_asym,0,44,2.3106627464294434,2047,2048,7a7b7dc6f6f242742c30f5194894a13f9225c540c5568a1c1839849368debd08,True
llama32_3b,Q5a_asym,0,45,2.289334535598755,2047,2048,7a7b7dc6f6f242742c30f5194894a13f9225c540c5568a1c1839849368debd08,True
llama32_3b,Q5a_asym,0,46,2.366666793823242,2047,2048,7a7b7dc6f6f242742c30f5194894a13f9225c540c5568a1c1839849368debd08,True
llama32_3b,Q5a_asym,0,47,2.160653591156006,2047,2048,7a7b7dc6f6f242742c30f5194894a13f9225c540c5568a1c1839849368debd08,True
llama32_3b,Q5a_asym,0,48,2.03922700881958,2047,2048,7a7b7dc6f6f242742c30f5194894a13f9225c540c5568a1c1839849368debd08,True
llama32_3b,Q5a_asym,0,49,2.0354180335998535,2047,2048,7a7b7dc6f6f242742c30f5194894a13f9225c540c5568a1c1839849368debd08,True
llama32_3b,Q5a_asym,0,50,1.7626383304595947,2047,2048,7a7b7dc6f6f242742c30f5194894a13f9225c540c5568a1c1839849368debd08,True
llama32_3b,Q5a_asym,0,51,1.8397550582885742,2047,2048,7a7b7dc6f6f242742c30f5194894a13f9225c540c5568a1c1839849368debd08,True
llama32_3b,Q5a_asym,0,52,1.684579849243164,2047,2048,7a7b7dc6f6f242742c30f5194894a13f9225c540c5568a1c1839849368debd08,True
llama32_3b,Q5a_asym,0,53,1.9048759937286377,2047,2048,7a7b7dc6f6f242742c30f5194894a13f9225c540c5568a1c1839849368debd08,True
llama32_3b,Q5a_asym,0,54,1.6395334005355835,2047,2048,7a7b7dc6f6f242742c30f5194894a13f9225c540c5568a1c1839849368debd08,True
llama32_3b,Q5a_asym,0,55,1.6077542304992676,2047,2048,7a7b7dc6f6f242742c30f5194894a13f9225c540c5568a1c1839849368debd08,True
llama32_3b,Q5a_asym,0,56,1.8300697803497314,2047,2048,7a7b7dc6f6f242742c30f5194894a13f9225c540c5568a1c1839849368debd08,True
llama32_3b,Q5a_asym,0,57,1.812124252319336,2047,2048,7a7b7dc6f6f242742c30f5194894a13f9225c540c5568a1c1839849368debd08,True
llama32_3b,Q5a_asym,0,58,2.1833903789520264,2047,2048,7a7b7dc6f6f242742c30f5194894a13f9225c540c5568a1c1839849368debd08,True
llama32_3b,Q5a_asym,0,59,2.3562610149383545,2047,2048,7a7b7dc6f6f242742c30f5194894a13f9225c540c5568a1c1839849368debd08,True
llama32_3b,Q5a_asym,0,60,2.3711588382720947,2047,2048,7a7b7dc6f6f242742c30f5194894a13f9225c540c5568a1c1839849368debd08,True
llama32_3b,Q5a_asym,0,61,2.4582765102386475,2047,2048,7a7b7dc6f6f242742c30f5194894a13f9225c540c5568a1c1839849368debd08,True
llama32_3b,Q5a_asym,0,62,1.51851487159729,2047,2048,7a7b7dc6f6f242742c30f5194894a13f9225c540c5568a1c1839849368debd08,True
llama32_3b,Q5a_asym,0,63,1.9078643321990967,2047,2048,7a7b7dc6f6f242742c30f5194894a13f9225c540c5568a1c1839849368debd08,True
llama32_3b,Q5a_asym,1,0,1.8257756233215332,2047,2048,7a7b7dc6f6f242742c30f5194894a13f9225c540c5568a1c1839849368debd08,True
llama32_3b,Q5a_asym,1,1,2.432070016860962,2047,2048,7a7b7dc6f6f242742c30f5194894a13f9225c540c5568a1c1839849368debd08,True
llama32_3b,Q5a_asym,1,2,2.507542610168457,2047,2048,7a7b7dc6f6f242742c30f5194894a13f9225c540c5568a1c1839849368debd08,True
llama32_3b,Q5a_asym,1,3,2.0192346572875977,2047,2048,7a7b7dc6f6f242742c30f5194894a13f9225c540c5568a1c1839849368debd08,True
llama32_3b,Q5a_asym,1,4,1.9275548458099365,2047,2048,7a7b7dc6f6f242742c30f5194894a13f9225c540c5568a1c1839849368debd08,True
llama32_3b,Q5a_asym,1,5,1.547226071357727,2047,2048,7a7b7dc6f6f242742c30f5194894a13f9225c540c5568a1c1839849368debd08,True
llama32_3b,Q5a_asym,1,6,1.6738412380218506,2047,2048,7a7b7dc6f6f242742c30f5194894a13f9225c540c5568a1c1839849368debd08,True
llama32_3b,Q5a_asym,1,7,1.923183798789978,2047,2048,7a7b7dc6f6f242742c30f5194894a13f9225c540c5568a1c1839849368debd08,True
llama32_3b,Q5a_asym,1,8,2.252779006958008,2047,2048,7a7b7dc6f6f242742c30f5194894a13f9225c540c5568a1c1839849368debd08,True
llama32_3b,Q5a_asym,1,9,1.9799851179122925,2047,2048,7a7b7dc6f6f242742c30f5194894a13f9225c540c5568a1c1839849368debd08,True
llama32_3b,Q5a_asym,1,10,1.901009202003479,2047,2048,7a7b7dc6f6f242742c30f5194894a13f9225c540c5568a1c1839849368debd08,True
llama32_3b,Q5a_asym,1,11,2.26080322265625,2047,2048,7a7b7dc6f6f242742c30f5194894a13f9225c540c5568a1c1839849368debd08,True
llama32_3b,Q5a_asym,1,12,2.1328680515289307,2047,2048,7a7b7dc6f6f242742c30f5194894a13f9225c540c5568a1c1839849368debd08,True
llama32_3b,Q5a_asym,1,13,2.2888996601104736,2047,2048,7a7b7dc6f6f242742c30f5194894a13f9225c540c5568a1c1839849368debd08,True
llama32_3b,Q5a_asym,1,14,2.2035324573516846,2047,2048,7a7b7dc6f6f242742c30f5194894a13f9225c540c5568a1c1839849368debd08,True
llama32_3b,Q5a_asym,1,15,2.404674768447876,2047,2048,7a7b7dc6f6f242742c30f5194894a13f9225c540c5568a1c1839849368debd08,True
llama32_3b,Q5a_asym,1,16,2.133969783782959,2047,2048,7a7b7dc6f6f242742c30f5194894a13f9225c540c5568a1c1839849368debd08,True
llama32_3b,Q5a_asym,1,17,2.144986867904663,2047,2048,7a7b7dc6f6f242742c30f5194894a13f9225c540c5568a1c1839849368debd08,True
llama32_3b,Q5a_asym,1,18,1.9586988687515259,2047,2048,7a7b7dc6f6f242742c30f5194894a13f9225c540c5568a1c1839849368debd08,True
llama32_3b,Q5a_asym,1,19,2.1193220615386963,2047,2048,7a7b7dc6f6f242742c30f5194894a13f9225c540c5568a1c1839849368debd08,True
llama32_3b,Q5a_asym,1,20,2.2266082763671875,2047,2048,7a7b7dc6f6f242742c30f5194894a13f9225c540c5568a1c1839849368debd08,True
llama32_3b,Q5a_asym,1,21,2.161303997039795,2047,2048,7a7b7dc6f6f242742c30f5194894a13f9225c540c5568a1c1839849368debd08,True
llama32_3b,Q5a_asym,1,22,2.2141268253326416,2047,2048,7a7b7dc6f6f242742c30f5194894a13f9225c540c5568a1c1839849368debd08,True
llama32_3b,Q5a_asym,1,23,2.260995388031006,2047,2048,7a7b7dc6f6f242742c30f5194894a13f9225c540c5568a1c1839849368debd08,True
llama32_3b,Q5a_asym,1,24,2.281373977661133,2047,2048,7a7b7dc6f6f242742c30f5194894a13f9225c540c5568a1c1839849368debd08,True
llama32_3b,Q5a_asym,1,25,2.3427603244781494,2047,2048,7a7b7dc6f6f242742c30f5194894a13f9225c540c5568a1c1839849368debd08,True
llama32_3b,Q5a_asym,1,26,2.434391975402832,2047,2048,7a7b7dc6f6f242742c30f5194894a13f9225c540c5568a1c1839849368debd08,True
llama32_3b,Q5a_asym,1,27,2.2289419174194336,2047,2048,7a7b7dc6f6f242742c30f5194894a13f9225c540c5568a1c1839849368debd08,True
llama32_3b,Q5a_asym,1,28,1.998360276222229,2047,2048,7a7b7dc6f6f242742c30f5194894a13f9225c540c5568a1c1839849368debd08,True
llama32_3b,Q5a_asym,1,29,1.8083343505859375,2047,2048,7a7b7dc6f6f242742c30f5194894a13f9225c540c5568a1c1839849368debd08,True
llama32_3b,Q5a_asym,1,30,1.700790286064148,2047,2048,7a7b7dc6f6f242742c30f5194894a13f9225c540c5568a1c1839849368debd08,True
llama32_3b,Q5a_asym,1,31,1.7205841541290283,2047,2048,7a7b7dc6f6f242742c30f5194894a13f9225c540c5568a1c1839849368debd08,True
llama32_3b,Q5a_asym,1,32,2.0126044750213623,2047,2048,7a7b7dc6f6f242742c30f5194894a13f9225c540c5568a1c1839849368debd08,True
llama32_3b,Q5a_asym,1,33,1.9805930852890015,2047,2048,7a7b7dc6f6f242742c30f5194894a13f9225c540c5568a1c1839849368debd08,True
llama32_3b,Q5a_asym,1,34,2.1578369140625,2047,2048,7a7b7dc6f6f242742c30f5194894a13f9225c540c5568a1c1839849368debd08,True
llama32_3b,Q5a_asym,1,35,1.4785176515579224,2047,2048,7a7b7dc6f6f242742c30f5194894a13f9225c540c5568a1c1839849368debd08,True
llama32_3b,Q5a_asym,1,36,1.4537534713745117,2047,2048,7a7b7dc6f6f242742c30f5194894a13f9225c540c5568a1c1839849368debd08,True
llama32_3b,Q5a_asym,1,37,1.4894262552261353,2047,2048,7a7b7dc6f6f242742c30f5194894a13f9225c540c5568a1c1839849368debd08,True
llama32_3b,Q5a_asym,1,38,1.478838324546814,2047,2048,7a7b7dc6f6f242742c30f5194894a13f9225c540c5568a1c1839849368debd08,True
llama32_3b,Q5a_asym,1,39,1.6756606101989746,2047,2048,7a7b7dc6f6f242742c30f5194894a13f9225c540c5568a1c1839849368debd08,True
llama32_3b,Q5a_asym,1,40,2.2789840698242188,2047,2048,7a7b7dc6f6f242742c30f5194894a13f9225c540c5568a1c1839849368debd08,True
llama32_3b,Q5a_asym,1,41,2.691248893737793,2047,2048,7a7b7dc6f6f242742c30f5194894a13f9225c540c5568a1c1839849368debd08,True
llama32_3b,Q5a_asym,1,42,2.6853766441345215,2047,2048,7a7b7dc6f6f242742c30f5194894a13f9225c540c5568a1c1839849368debd08,True
llama32_3b,Q5a_asym,1,43,2.3215630054473877,2047,2048,7a7b7dc6f6f242742c30f5194894a13f9225c540c5568a1c1839849368debd08,True
llama32_3b,Q5a_asym,1,44,2.3144352436065674,2047,2048,7a7b7dc6f6f242742c30f5194894a13f9225c540c5568a1c1839849368debd08,True
llama32_3b,Q5a_asym,1,45,2.27843976020813,2047,2048,7a7b7dc6f6f242742c30f5194894a13f9225c540c5568a1c1839849368debd08,True
llama32_3b,Q5a_asym,1,46,2.3759446144104004,2047,2048,7a7b7dc6f6f242742c30f5194894a13f9225c540c5568a1c1839849368debd08,True
llama32_3b,Q5a_asym,1,47,2.1615335941314697,2047,2048,7a7b7dc6f6f242742c30f5194894a13f9225c540c5568a1c1839849368debd08,True
llama32_3b,Q5a_asym,1,48,2.0389456748962402,2047,2048,7a7b7dc6f6f242742c30f5194894a13f9225c540c5568a1c1839849368debd08,True
llama32_3b,Q5a_asym,1,49,2.0297203063964844,2047,2048,7a7b7dc6f6f242742c30f5194894a13f9225c540c5568a1c1839849368debd08,True
llama32_3b,Q5a_asym,1,50,1.7623518705368042,2047,2048,7a7b7dc6f6f242742c30f5194894a13f9225c540c5568a1c1839849368debd08,True
llama32_3b,Q5a_asym,1,51,1.8444586992263794,2047,2048,7a7b7dc6f6f242742c30f5194894a13f9225c540c5568a1c1839849368debd08,True
llama32_3b,Q5a_asym,1,52,1.6840442419052124,2047,2048,7a7b7dc6f6f242742c30f5194894a13f9225c540c5568a1c1839849368debd08,True
llama32_3b,Q5a_asym,1,53,1.9025017023086548,2047,2048,7a7b7dc6f6f242742c30f5194894a13f9225c540c5568a1c1839849368debd08,True
llama32_3b,Q5a_asym,1,54,1.6366853713989258,2047,2048,7a7b7dc6f6f242742c30f5194894a13f9225c540c5568a1c1839849368debd08,True
llama32_3b,Q5a_asym,1,55,1.60619056224823,2047,2048,7a7b7dc6f6f242742c30f5194894a13f9225c540c5568a1c1839849368debd08,True
llama32_3b,Q5a_asym,1,56,1.8433953523635864,2047,2048,7a7b7dc6f6f242742c30f5194894a13f9225c540c5568a1c1839849368debd08,True
llama32_3b,Q5a_asym,1,57,1.8084155321121216,2047,2048,7a7b7dc6f6f242742c30f5194894a13f9225c540c5568a1c1839849368debd08,True
llama32_3b,Q5a_asym,1,58,2.1933133602142334,2047,2048,7a7b7dc6f6f242742c30f5194894a13f9225c540c5568a1c1839849368debd08,True
llama32_3b,Q5a_asym,1,59,2.3575000762939453,2047,2048,7a7b7dc6f6f242742c30f5194894a13f9225c540c5568a1c1839849368debd08,True
llama32_3b,Q5a_asym,1,60,2.366834878921509,2047,2048,7a7b7dc6f6f242742c30f5194894a13f9225c540c5568a1c1839849368debd08,True
llama32_3b,Q5a_asym,1,61,2.472683906555176,2047,2048,7a7b7dc6f6f242742c30f5194894a13f9225c540c5568a1c1839849368debd08,True
llama32_3b,Q5a_asym,1,62,1.5121917724609375,2047,2048,7a7b7dc6f6f242742c30f5194894a13f9225c540c5568a1c1839849368debd08,True
llama32_3b,Q5a_asym,1,63,1.905442714691162,2047,2048,7a7b7dc6f6f242742c30f5194894a13f9225c540c5568a1c1839849368debd08,True
llama32_3b,Q5a_asym,2,0,1.8447539806365967,2047,2048,7a7b7dc6f6f242742c30f5194894a13f9225c540c5568a1c1839849368debd08,True
llama32_3b,Q5a_asym,2,1,2.431077718734741,2047,2048,7a7b7dc6f6f242742c30f5194894a13f9225c540c5568a1c1839849368debd08,True
llama32_3b,Q5a_asym,2,2,2.50724458694458,2047,2048,7a7b7dc6f6f242742c30f5194894a13f9225c540c5568a1c1839849368debd08,True
llama32_3b,Q5a_asym,2,3,2.0195393562316895,2047,2048,7a7b7dc6f6f242742c30f5194894a13f9225c540c5568a1c1839849368debd08,True
llama32_3b,Q5a_asym,2,4,1.9352458715438843,2047,2048,7a7b7dc6f6f242742c30f5194894a13f9225c540c5568a1c1839849368debd08,True
llama32_3b,Q5a_asym,2,5,1.5519686937332153,2047,2048,7a7b7dc6f6f242742c30f5194894a13f9225c540c5568a1c1839849368debd08,True
llama32_3b,Q5a_asym,2,6,1.6725530624389648,2047,2048,7a7b7dc6f6f242742c30f5194894a13f9225c540c5568a1c1839849368debd08,True
llama32_3b,Q5a_asym,2,7,1.9296772480010986,2047,2048,7a7b7dc6f6f242742c30f5194894a13f9225c540c5568a1c1839849368debd08,True
llama32_3b,Q5a_asym,2,8,2.2549996376037598,2047,2048,7a7b7dc6f6f242742c30f5194894a13f9225c540c5568a1c1839849368debd08,True
llama32_3b,Q5a_asym,2,9,1.9728506803512573,2047,2048,7a7b7dc6f6f242742c30f5194894a13f9225c540c5568a1c1839849368debd08,True
llama32_3b,Q5a_asym,2,10,1.8979049921035767,2047,2048,7a7b7dc6f6f242742c30f5194894a13f9225c540c5568a1c1839849368debd08,True
llama32_3b,Q5a_asym,2,11,2.2608096599578857,2047,2048,7a7b7dc6f6f242742c30f5194894a13f9225c540c5568a1c1839849368debd08,True
llama32_3b,Q5a_asym,2,12,2.124593496322632,2047,2048,7a7b7dc6f6f242742c30f5194894a13f9225c540c5568a1c1839849368debd08,True
llama32_3b,Q5a_asym,2,13,2.276597261428833,2047,2048,7a7b7dc6f6f242742c30f5194894a13f9225c540c5568a1c1839849368debd08,True
llama32_3b,Q5a_asym,2,14,2.2010626792907715,2047,2048,7a7b7dc6f6f242742c30f5194894a13f9225c540c5568a1c1839849368debd08,True
llama32_3b,Q5a_asym,2,15,2.403385639190674,2047,2048,7a7b7dc6f6f242742c30f5194894a13f9225c540c5568a1c1839849368debd08,True
llama32_3b,Q5a_asym,2,16,2.1353766918182373,2047,2048,7a7b7dc6f6f242742c30f5194894a13f9225c540c5568a1c1839849368debd08,True
llama32_3b,Q5a_asym,2,17,2.145115613937378,2047,2048,7a7b7dc6f6f242742c30f5194894a13f9225c540c5568a1c1839849368debd08,True
llama32_3b,Q5a_asym,2,18,1.9571634531021118,2047,2048,7a7b7dc6f6f242742c30f5194894a13f9225c540c5568a1c1839849368debd08,True
llama32_3b,Q5a_asym,2,19,2.1107723712921143,2047,2048,7a7b7dc6f6f242742c30f5194894a13f9225c540c5568a1c1839849368debd08,True
llama32_3b,Q5a_asym,2,20,2.2389585971832275,2047,2048,7a7b7dc6f6f242742c30f5194894a13f9225c540c5568a1c1839849368debd08,True
llama32_3b,Q5a_asym,2,21,2.1679396629333496,2047,2048,7a7b7dc6f6f242742c30f5194894a13f9225c540c5568a1c1839849368debd08,True
llama32_3b,Q5a_asym,2,22,2.218810558319092,2047,2048,7a7b7dc6f6f242742c30f5194894a13f9225c540c5568a1c1839849368debd08,True
llama32_3b,Q5a_asym,2,23,2.2510383129119873,2047,2048,7a7b7dc6f6f242742c30f5194894a13f9225c540c5568a1c1839849368debd08,True
llama32_3b,Q5a_asym,2,24,2.279512405395508,2047,2048,7a7b7dc6f6f242742c30f5194894a13f9225c540c5568a1c1839849368debd08,True
llama32_3b,Q5a_asym,2,25,2.3395872116088867,2047,2048,7a7b7dc6f6f242742c30f5194894a13f9225c540c5568a1c1839849368debd08,True
llama32_3b,Q5a_asym,2,26,2.428609848022461,2047,2048,7a7b7dc6f6f242742c30f5194894a13f9225c540c5568a1c1839849368debd08,True
llama32_3b,Q5a_asym,2,27,2.2293128967285156,2047,2048,7a7b7dc6f6f242742c30f5194894a13f9225c540c5568a1c1839849368debd08,True
llama32_3b,Q5a_asym,2,28,2.0047407150268555,2047,2048,7a7b7dc6f6f242742c30f5194894a13f9225c540c5568a1c1839849368debd08,True
llama32_3b,Q5a_asym,2,29,1.813636064529419,2047,2048,7a7b7dc6f6f242742c30f5194894a13f9225c540c5568a1c1839849368debd08,True
llama32_3b,Q5a_asym,2,30,1.6927605867385864,2047,2048,7a7b7dc6f6f242742c30f5194894a13f9225c540c5568a1c1839849368debd08,True
llama32_3b,Q5a_asym,2,31,1.7145689725875854,2047,2048,7a7b7dc6f6f242742c30f5194894a13f9225c540c5568a1c1839849368debd08,True
llama32_3b,Q5a_asym,2,32,2.01192569732666,2047,2048,7a7b7dc6f6f242742c30f5194894a13f9225c540c5568a1c1839849368debd08,True
llama32_3b,Q5a_asym,2,33,1.9879909753799438,2047,2048,7a7b7dc6f6f242742c30f5194894a13f9225c540c5568a1c1839849368debd08,True
llama32_3b,Q5a_asym,2,34,2.1658196449279785,2047,2048,7a7b7dc6f6f242742c30f5194894a13f9225c540c5568a1c1839849368debd08,True
llama32_3b,Q5a_asym,2,35,1.4833611249923706,2047,2048,7a7b7dc6f6f242742c30f5194894a13f9225c540c5568a1c1839849368debd08,True
llama32_3b,Q5a_asym,2,36,1.4486668109893799,2047,2048,7a7b7dc6f6f242742c30f5194894a13f9225c540c5568a1c1839849368debd08,True
llama32_3b,Q5a_asym,2,37,1.4984195232391357,2047,2048,7a7b7dc6f6f242742c30f5194894a13f9225c540c5568a1c1839849368debd08,True
llama32_3b,Q5a_asym,2,38,1.4825628995895386,2047,2048,7a7b7dc6f6f242742c30f5194894a13f9225c540c5568a1c1839849368debd08,True
llama32_3b,Q5a_asym,2,39,1.6689856052398682,2047,2048,7a7b7dc6f6f242742c30f5194894a13f9225c540c5568a1c1839849368debd08,True
llama32_3b,Q5a_asym,2,40,2.2674293518066406,2047,2048,7a7b7dc6f6f242742c30f5194894a13f9225c540c5568a1c1839849368debd08,True
llama32_3b,Q5a_asym,2,41,2.695188045501709,2047,2048,7a7b7dc6f6f242742c30f5194894a13f9225c540c5568a1c1839849368debd08,True
llama32_3b,Q5a_asym,2,42,2.6955113410949707,2047,2048,7a7b7dc6f6f242742c30f5194894a13f9225c540c5568a1c1839849368debd08,True
llama32_3b,Q5a_asym,2,43,2.3139336109161377,2047,2048,7a7b7dc6f6f242742c30f5194894a13f9225c540c5568a1c1839849368debd08,True
llama32_3b,Q5a_asym,2,44,2.3052754402160645,2047,2048,7a7b7dc6f6f242742c30f5194894a13f9225c540c5568a1c1839849368debd08,True
llama32_3b,Q5a_asym,2,45,2.2804551124572754,2047,2048,7a7b7dc6f6f242742c30f5194894a13f9225c540c5568a1c1839849368debd08,True
llama32_3b,Q5a_asym,2,46,2.378368616104126,2047,2048,7a7b7dc6f6f242742c30f5194894a13f9225c540c5568a1c1839849368debd08,True
llama32_3b,Q5a_asym,2,47,2.160055637359619,2047,2048,7a7b7dc6f6f242742c30f5194894a13f9225c540c5568a1c1839849368debd08,True
llama32_3b,Q5a_asym,2,48,2.046165943145752,2047,2048,7a7b7dc6f6f242742c30f5194894a13f9225c540c5568a1c1839849368debd08,True
llama32_3b,Q5a_asym,2,49,2.0374629497528076,2047,2048,7a7b7dc6f6f242742c30f5194894a13f9225c540c5568a1c1839849368debd08,True
llama32_3b,Q5a_asym,2,50,1.7559394836425781,2047,2048,7a7b7dc6f6f242742c30f5194894a13f9225c540c5568a1c1839849368debd08,True
llama32_3b,Q5a_asym,2,51,1.8410462141036987,2047,2048,7a7b7dc6f6f242742c30f5194894a13f9225c540c5568a1c1839849368debd08,True
llama32_3b,Q5a_asym,2,52,1.6791126728057861,2047,2048,7a7b7dc6f6f242742c30f5194894a13f9225c540c5568a1c1839849368debd08,True
llama32_3b,Q5a_asym,2,53,1.9089082479476929,2047,2048,7a7b7dc6f6f242742c30f5194894a13f9225c540c5568a1c1839849368debd08,True
llama32_3b,Q5a_asym,2,54,1.6401852369308472,2047,2048,7a7b7dc6f6f242742c30f5194894a13f9225c540c5568a1c1839849368debd08,True
llama32_3b,Q5a_asym,2,55,1.6112122535705566,2047,2048,7a7b7dc6f6f242742c30f5194894a13f9225c540c5568a1c1839849368debd08,True
llama32_3b,Q5a_asym,2,56,1.8304184675216675,2047,2048,7a7b7dc6f6f242742c30f5194894a13f9225c540c5568a1c1839849368debd08,True
llama32_3b,Q5a_asym,2,57,1.8162122964859009,2047,2048,7a7b7dc6f6f242742c30f5194894a13f9225c540c5568a1c1839849368debd08,True
llama32_3b,Q5a_asym,2,58,2.1799895763397217,2047,2048,7a7b7dc6f6f242742c30f5194894a13f9225c540c5568a1c1839849368debd08,True
llama32_3b,Q5a_asym,2,59,2.3540420532226562,2047,2048,7a7b7dc6f6f242742c30f5194894a13f9225c540c5568a1c1839849368debd08,True
llama32_3b,Q5a_asym,2,60,2.360377311706543,2047,2048,7a7b7dc6f6f242742c30f5194894a13f9225c540c5568a1c1839849368debd08,True
llama32_3b,Q5a_asym,2,61,2.4674274921417236,2047,2048,7a7b7dc6f6f242742c30f5194894a13f9225c540c5568a1c1839849368debd08,True
llama32_3b,Q5a_asym,2,62,1.5117530822753906,2047,2048,7a7b7dc6f6f242742c30f5194894a13f9225c540c5568a1c1839849368debd08,True
llama32_3b,Q5a_asym,2,63,1.9031533002853394,2047,2048,7a7b7dc6f6f242742c30f5194894a13f9225c540c5568a1c1839849368debd08,True
llama32_3b,Q5b_asym,0,0,1.8324294090270996,2047,2048,7a7b7dc6f6f242742c30f5194894a13f9225c540c5568a1c1839849368debd08,True
llama32_3b,Q5b_asym,0,1,2.4377713203430176,2047,2048,7a7b7dc6f6f242742c30f5194894a13f9225c540c5568a1c1839849368debd08,True
llama32_3b,Q5b_asym,0,2,2.507758617401123,2047,2048,7a7b7dc6f6f242742c30f5194894a13f9225c540c5568a1c1839849368debd08,True
llama32_3b,Q5b_asym,0,3,2.016665458679199,2047,2048,7a7b7dc6f6f242742c30f5194894a13f9225c540c5568a1c1839849368debd08,True
llama32_3b,Q5b_asym,0,4,1.9287053346633911,2047,2048,7a7b7dc6f6f242742c30f5194894a13f9225c540c5568a1c1839849368debd08,True
llama32_3b,Q5b_asym,0,5,1.558670997619629,2047,2048,7a7b7dc6f6f242742c30f5194894a13f9225c540c5568a1c1839849368debd08,True
llama32_3b,Q5b_asym,0,6,1.669015884399414,2047,2048,7a7b7dc6f6f242742c30f5194894a13f9225c540c5568a1c1839849368debd08,True
llama32_3b,Q5b_asym,0,7,1.9182844161987305,2047,2048,7a7b7dc6f6f242742c30f5194894a13f9225c540c5568a1c1839849368debd08,True
llama32_3b,Q5b_asym,0,8,2.2542812824249268,2047,2048,7a7b7dc6f6f242742c30f5194894a13f9225c540c5568a1c1839849368debd08,True
llama32_3b,Q5b_asym,0,9,1.9736394882202148,2047,2048,7a7b7dc6f6f242742c30f5194894a13f9225c540c5568a1c1839849368debd08,True
llama32_3b,Q5b_asym,0,10,1.9049559831619263,2047,2048,7a7b7dc6f6f242742c30f5194894a13f9225c540c5568a1c1839849368debd08,True
llama32_3b,Q5b_asym,0,11,2.2565715312957764,2047,2048,7a7b7dc6f6f242742c30f5194894a13f9225c540c5568a1c1839849368debd08,True
llama32_3b,Q5b_asym,0,12,2.1248419284820557,2047,2048,7a7b7dc6f6f242742c30f5194894a13f9225c540c5568a1c1839849368debd08,True
llama32_3b,Q5b_asym,0,13,2.2688968181610107,2047,2048,7a7b7dc6f6f242742c30f5194894a13f9225c540c5568a1c1839849368debd08,True
llama32_3b,Q5b_asym,0,14,2.201165199279785,2047,2048,7a7b7dc6f6f242742c30f5194894a13f9225c540c5568a1c1839849368debd08,True
llama32_3b,Q5b_asym,0,15,2.4003355503082275,2047,2048,7a7b7dc6f6f242742c30f5194894a13f9225c540c5568a1c1839849368debd08,True
llama32_3b,Q5b_asym,0,16,2.1394600868225098,2047,2048,7a7b7dc6f6f242742c30f5194894a13f9225c540c5568a1c1839849368debd08,True
llama32_3b,Q5b_asym,0,17,2.1559395790100098,2047,2048,7a7b7dc6f6f242742c30f5194894a13f9225c540c5568a1c1839849368debd08,True
llama32_3b,Q5b_asym,0,18,1.9569411277770996,2047,2048,7a7b7dc6f6f242742c30f5194894a13f9225c540c5568a1c1839849368debd08,True
llama32_3b,Q5b_asym,0,19,2.110888719558716,2047,2048,7a7b7dc6f6f242742c30f5194894a13f9225c540c5568a1c1839849368debd08,True
llama32_3b,Q5b_asym,0,20,2.234924077987671,2047,2048,7a7b7dc6f6f242742c30f5194894a13f9225c540c5568a1c1839849368debd08,True
llama32_3b,Q5b_asym,0,21,2.1631076335906982,2047,2048,7a7b7dc6f6f242742c30f5194894a13f9225c540c5568a1c1839849368debd08,True
llama32_3b,Q5b_asym,0,22,2.213549852371216,2047,2048,7a7b7dc6f6f242742c30f5194894a13f9225c540c5568a1c1839849368debd08,True
llama32_3b,Q5b_asym,0,23,2.256479501724243,2047,2048,7a7b7dc6f6f242742c30f5194894a13f9225c540c5568a1c1839849368debd08,True
llama32_3b,Q5b_asym,0,24,2.283846378326416,2047,2048,7a7b7dc6f6f242742c30f5194894a13f9225c540c5568a1c1839849368debd08,True
llama32_3b,Q5b_asym,0,25,2.3411247730255127,2047,2048,7a7b7dc6f6f242742c30f5194894a13f9225c540c5568a1c1839849368debd08,True
llama32_3b,Q5b_asym,0,26,2.4344241619110107,2047,2048,7a7b7dc6f6f242742c30f5194894a13f9225c540c5568a1c1839849368debd08,True
llama32_3b,Q5b_asym,0,27,2.225846529006958,2047,2048,7a7b7dc6f6f242742c30f5194894a13f9225c540c5568a1c1839849368debd08,True
llama32_3b,Q5b_asym,0,28,1.996040940284729,2047,2048,7a7b7dc6f6f242742c30f5194894a13f9225c540c5568a1c1839849368debd08,True
llama32_3b,Q5b_asym,0,29,1.8152521848678589,2047,2048,7a7b7dc6f6f242742c30f5194894a13f9225c540c5568a1c1839849368debd08,True
llama32_3b,Q5b_asym,0,30,1.6879706382751465,2047,2048,7a7b7dc6f6f242742c30f5194894a13f9225c540c5568a1c1839849368debd08,True
llama32_3b,Q5b_asym,0,31,1.724524736404419,2047,2048,7a7b7dc6f6f242742c30f5194894a13f9225c540c5568a1c1839849368debd08,True
llama32_3b,Q5b_asym,0,32,2.0181803703308105,2047,2048,7a7b7dc6f6f242742c30f5194894a13f9225c540c5568a1c1839849368debd08,True
llama32_3b,Q5b_asym,0,33,1.9857804775238037,2047,2048,7a7b7dc6f6f242742c30f5194894a13f9225c540c5568a1c1839849368debd08,True
llama32_3b,Q5b_asym,0,34,2.1662747859954834,2047,2048,7a7b7dc6f6f242742c30f5194894a13f9225c540c5568a1c1839849368debd08,True
llama32_3b,Q5b_asym,0,35,1.4829522371292114,2047,2048,7a7b7dc6f6f242742c30f5194894a13f9225c540c5568a1c1839849368debd08,True
llama32_3b,Q5b_asym,0,36,1.4445018768310547,2047,2048,7a7b7dc6f6f242742c30f5194894a13f9225c540c5568a1c1839849368debd08,True
llama32_3b,Q5b_asym,0,37,1.482938528060913,2047,2048,7a7b7dc6f6f242742c30f5194894a13f9225c540c5568a1c1839849368debd08,True
llama32_3b,Q5b_asym,0,38,1.4730854034423828,2047,2048,7a7b7dc6f6f242742c30f5194894a13f9225c540c5568a1c1839849368debd08,True
llama32_3b,Q5b_asym,0,39,1.6754170656204224,2047,2048,7a7b7dc6f6f242742c30f5194894a13f9225c540c5568a1c1839849368debd08,True
llama32_3b,Q5b_asym,0,40,2.273469924926758,2047,2048,7a7b7dc6f6f242742c30f5194894a13f9225c540c5568a1c1839849368debd08,True
llama32_3b,Q5b_asym,0,41,2.695650100708008,2047,2048,7a7b7dc6f6f242742c30f5194894a13f9225c540c5568a1c1839849368debd08,True
llama32_3b,Q5b_asym,0,42,2.692500591278076,2047,2048,7a7b7dc6f6f242742c30f5194894a13f9225c540c5568a1c1839849368debd08,True
llama32_3b,Q5b_asym,0,43,2.3227744102478027,2047,2048,7a7b7dc6f6f242742c30f5194894a13f9225c540c5568a1c1839849368debd08,True
llama32_3b,Q5b_asym,0,44,2.322833299636841,2047,2048,7a7b7dc6f6f242742c30f5194894a13f9225c540c5568a1c1839849368debd08,True
llama32_3b,Q5b_asym,0,45,2.2823450565338135,2047,2048,7a7b7dc6f6f242742c30f5194894a13f9225c540c5568a1c1839849368debd08,True
llama32_3b,Q5b_asym,0,46,2.3755719661712646,2047,2048,7a7b7dc6f6f242742c30f5194894a13f9225c540c5568a1c1839849368debd08,True
llama32_3b,Q5b_asym,0,47,2.16684627532959,2047,2048,7a7b7dc6f6f242742c30f5194894a13f9225c540c5568a1c1839849368debd08,True
llama32_3b,Q5b_asym,0,48,2.029770612716675,2047,2048,7a7b7dc6f6f242742c30f5194894a13f9225c540c5568a1c1839849368debd08,True
llama32_3b,Q5b_asym,0,49,2.0328681468963623,2047,2048,7a7b7dc6f6f242742c30f5194894a13f9225c540c5568a1c1839849368debd08,True
llama32_3b,Q5b_asym,0,50,1.7578990459442139,2047,2048,7a7b7dc6f6f242742c30f5194894a13f9225c540c5568a1c1839849368debd08,True
llama32_3b,Q5b_asym,0,51,1.8432722091674805,2047,2048,7a7b7dc6f6f242742c30f5194894a13f9225c540c5568a1c1839849368debd08,True
llama32_3b,Q5b_asym,0,52,1.6858723163604736,2047,2048,7a7b7dc6f6f242742c30f5194894a13f9225c540c5568a1c1839849368debd08,True
llama32_3b,Q5b_asym,0,53,1.9015218019485474,2047,2048,7a7b7dc6f6f242742c30f5194894a13f9225c540c5568a1c1839849368debd08,True
llama32_3b,Q5b_asym,0,54,1.6365526914596558,2047,2048,7a7b7dc6f6f242742c30f5194894a13f9225c540c5568a1c1839849368debd08,True
llama32_3b,Q5b_asym,0,55,1.6097047328948975,2047,2048,7a7b7dc6f6f242742c30f5194894a13f9225c540c5568a1c1839849368debd08,True
llama32_3b,Q5b_asym,0,56,1.8319181203842163,2047,2048,7a7b7dc6f6f242742c30f5194894a13f9225c540c5568a1c1839849368debd08,True
llama32_3b,Q5b_asym,0,57,1.812312364578247,2047,2048,7a7b7dc6f6f242742c30f5194894a13f9225c540c5568a1c1839849368debd08,True
llama32_3b,Q5b_asym,0,58,2.1818552017211914,2047,2048,7a7b7dc6f6f242742c30f5194894a13f9225c540c5568a1c1839849368debd08,True
llama32_3b,Q5b_asym,0,59,2.357562780380249,2047,2048,7a7b7dc6f6f242742c30f5194894a13f9225c540c5568a1c1839849368debd08,True
llama32_3b,Q5b_asym,0,60,2.3556442260742188,2047,2048,7a7b7dc6f6f242742c30f5194894a13f9225c540c5568a1c1839849368debd08,True
llama32_3b,Q5b_asym,0,61,2.4658989906311035,2047,2048,7a7b7dc6f6f242742c30f5194894a13f9225c540c5568a1c1839849368debd08,True
llama32_3b,Q5b_asym,0,62,1.5120739936828613,2047,2048,7a7b7dc6f6f242742c30f5194894a13f9225c540c5568a1c1839849368debd08,True
llama32_3b,Q5b_asym,0,63,1.9061232805252075,2047,2048,7a7b7dc6f6f242742c30f5194894a13f9225c540c5568a1c1839849368debd08,True
llama32_3b,Q5b_asym,1,0,1.833554744720459,2047,2048,7a7b7dc6f6f242742c30f5194894a13f9225c540c5568a1c1839849368debd08,True
llama32_3b,Q5b_asym,1,1,2.437333106994629,2047,2048,7a7b7dc6f6f242742c30f5194894a13f9225c540c5568a1c1839849368debd08,True
llama32_3b,Q5b_asym,1,2,2.511359453201294,2047,2048,7a7b7dc6f6f242742c30f5194894a13f9225c540c5568a1c1839849368debd08,True
llama32_3b,Q5b_asym,1,3,2.020627737045288,2047,2048,7a7b7dc6f6f242742c30f5194894a13f9225c540c5568a1c1839849368debd08,True
llama32_3b,Q5b_asym,1,4,1.9339462518692017,2047,2048,7a7b7dc6f6f242742c30f5194894a13f9225c540c5568a1c1839849368debd08,True
llama32_3b,Q5b_asym,1,5,1.558301329612732,2047,2048,7a7b7dc6f6f242742c30f5194894a13f9225c540c5568a1c1839849368debd08,True
llama32_3b,Q5b_asym,1,6,1.6715518236160278,2047,2048,7a7b7dc6f6f242742c30f5194894a13f9225c540c5568a1c1839849368debd08,True
llama32_3b,Q5b_asym,1,7,1.9239635467529297,2047,2048,7a7b7dc6f6f242742c30f5194894a13f9225c540c5568a1c1839849368debd08,True
llama32_3b,Q5b_asym,1,8,2.252429723739624,2047,2048,7a7b7dc6f6f242742c30f5194894a13f9225c540c5568a1c1839849368debd08,True
llama32_3b,Q5b_asym,1,9,1.9745798110961914,2047,2048,7a7b7dc6f6f242742c30f5194894a13f9225c540c5568a1c1839849368debd08,True
llama32_3b,Q5b_asym,1,10,1.9003627300262451,2047,2048,7a7b7dc6f6f242742c30f5194894a13f9225c540c5568a1c1839849368debd08,True
llama32_3b,Q5b_asym,1,11,2.2637200355529785,2047,2048,7a7b7dc6f6f242742c30f5194894a13f9225c540c5568a1c1839849368debd08,True
llama32_3b,Q5b_asym,1,12,2.123549699783325,2047,2048,7a7b7dc6f6f242742c30f5194894a13f9225c540c5568a1c1839849368debd08,True
llama32_3b,Q5b_asym,1,13,2.2787137031555176,2047,2048,7a7b7dc6f6f242742c30f5194894a13f9225c540c5568a1c1839849368debd08,True
llama32_3b,Q5b_asym,1,14,2.207646608352661,2047,2048,7a7b7dc6f6f242742c30f5194894a13f9225c540c5568a1c1839849368debd08,True
llama32_3b,Q5b_asym,1,15,2.4044158458709717,2047,2048,7a7b7dc6f6f242742c30f5194894a13f9225c540c5568a1c1839849368debd08,True
llama32_3b,Q5b_asym,1,16,2.139925241470337,2047,2048,7a7b7dc6f6f242742c30f5194894a13f9225c540c5568a1c1839849368debd08,True
llama32_3b,Q5b_asym,1,17,2.1433756351470947,2047,2048,7a7b7dc6f6f242742c30f5194894a13f9225c540c5568a1c1839849368debd08,True
llama32_3b,Q5b_asym,1,18,1.9594067335128784,2047,2048,7a7b7dc6f6f242742c30f5194894a13f9225c540c5568a1c1839849368debd08,True
llama32_3b,Q5b_asym,1,19,2.1202552318573,2047,2048,7a7b7dc6f6f242742c30f5194894a13f9225c540c5568a1c1839849368debd08,True
llama32_3b,Q5b_asym,1,20,2.237083673477173,2047,2048,7a7b7dc6f6f242742c30f5194894a13f9225c540c5568a1c1839849368debd08,True
llama32_3b,Q5b_asym,1,21,2.166322946548462,2047,2048,7a7b7dc6f6f242742c30f5194894a13f9225c540c5568a1c1839849368debd08,True
llama32_3b,Q5b_asym,1,22,2.2109203338623047,2047,2048,7a7b7dc6f6f242742c30f5194894a13f9225c540c5568a1c1839849368debd08,True
llama32_3b,Q5b_asym,1,23,2.2454113960266113,2047,2048,7a7b7dc6f6f242742c30f5194894a13f9225c540c5568a1c1839849368debd08,True
llama32_3b,Q5b_asym,1,24,2.2803854942321777,2047,2048,7a7b7dc6f6f242742c30f5194894a13f9225c540c5568a1c1839849368debd08,True
llama32_3b,Q5b_asym,1,25,2.342181444168091,2047,2048,7a7b7dc6f6f242742c30f5194894a13f9225c540c5568a1c1839849368debd08,True
llama32_3b,Q5b_asym,1,26,2.4253957271575928,2047,2048,7a7b7dc6f6f242742c30f5194894a13f9225c540c5568a1c1839849368debd08,True
llama32_3b,Q5b_asym,1,27,2.231265068054199,2047,2048,7a7b7dc6f6f242742c30f5194894a13f9225c540c5568a1c1839849368debd08,True
llama32_3b,Q5b_asym,1,28,2.005505084991455,2047,2048,7a7b7dc6f6f242742c30f5194894a13f9225c540c5568a1c1839849368debd08,True
llama32_3b,Q5b_asym,1,29,1.8125827312469482,2047,2048,7a7b7dc6f6f242742c30f5194894a13f9225c540c5568a1c1839849368debd08,True
llama32_3b,Q5b_asym,1,30,1.692840337753296,2047,2048,7a7b7dc6f6f242742c30f5194894a13f9225c540c5568a1c1839849368debd08,True
llama32_3b,Q5b_asym,1,31,1.7267905473709106,2047,2048,7a7b7dc6f6f242742c30f5194894a13f9225c540c5568a1c1839849368debd08,True
llama32_3b,Q5b_asym,1,32,2.017198324203491,2047,2048,7a7b7dc6f6f242742c30f5194894a13f9225c540c5568a1c1839849368debd08,True
llama32_3b,Q5b_asym,1,33,1.9841879606246948,2047,2048,7a7b7dc6f6f242742c30f5194894a13f9225c540c5568a1c1839849368debd08,True
llama32_3b,Q5b_asym,1,34,2.1564130783081055,2047,2048,7a7b7dc6f6f242742c30f5194894a13f9225c540c5568a1c1839849368debd08,True
llama32_3b,Q5b_asym,1,35,1.4837725162506104,2047,2048,7a7b7dc6f6f242742c30f5194894a13f9225c540c5568a1c1839849368debd08,True
llama32_3b,Q5b_asym,1,36,1.4506161212921143,2047,2048,7a7b7dc6f6f242742c30f5194894a13f9225c540c5568a1c1839849368debd08,True
llama32_3b,Q5b_asym,1,37,1.48907470703125,2047,2048,7a7b7dc6f6f242742c30f5194894a13f9225c540c5568a1c1839849368debd08,True
llama32_3b,Q5b_asym,1,38,1.4757455587387085,2047,2048,7a7b7dc6f6f242742c30f5194894a13f9225c540c5568a1c1839849368debd08,True
llama32_3b,Q5b_asym,1,39,1.6760550737380981,2047,2048,7a7b7dc6f6f242742c30f5194894a13f9225c540c5568a1c1839849368debd08,True
llama32_3b,Q5b_asym,1,40,2.2751855850219727,2047,2048,7a7b7dc6f6f242742c30f5194894a13f9225c540c5568a1c1839849368debd08,True
llama32_3b,Q5b_asym,1,41,2.6936562061309814,2047,2048,7a7b7dc6f6f242742c30f5194894a13f9225c540c5568a1c1839849368debd08,True
llama32_3b,Q5b_asym,1,42,2.686828374862671,2047,2048,7a7b7dc6f6f242742c30f5194894a13f9225c540c5568a1c1839849368debd08,True
llama32_3b,Q5b_asym,1,43,2.322446823120117,2047,2048,7a7b7dc6f6f242742c30f5194894a13f9225c540c5568a1c1839849368debd08,True
llama32_3b,Q5b_asym,1,44,2.3089401721954346,2047,2048,7a7b7dc6f6f242742c30f5194894a13f9225c540c5568a1c1839849368debd08,True
llama32_3b,Q5b_asym,1,45,2.285902500152588,2047,2048,7a7b7dc6f6f242742c30f5194894a13f9225c540c5568a1c1839849368debd08,True
llama32_3b,Q5b_asym,1,46,2.3675668239593506,2047,2048,7a7b7dc6f6f242742c30f5194894a13f9225c540c5568a1c1839849368debd08,True
llama32_3b,Q5b_asym,1,47,2.1723453998565674,2047,2048,7a7b7dc6f6f242742c30f5194894a13f9225c540c5568a1c1839849368debd08,True
llama32_3b,Q5b_asym,1,48,2.04062819480896,2047,2048,7a7b7dc6f6f242742c30f5194894a13f9225c540c5568a1c1839849368debd08,True
llama32_3b,Q5b_asym,1,49,2.0348432064056396,2047,2048,7a7b7dc6f6f242742c30f5194894a13f9225c540c5568a1c1839849368debd08,True
llama32_3b,Q5b_asym,1,50,1.7622877359390259,2047,2048,7a7b7dc6f6f242742c30f5194894a13f9225c540c5568a1c1839849368debd08,True
llama32_3b,Q5b_asym,1,51,1.8397072553634644,2047,2048,7a7b7dc6f6f242742c30f5194894a13f9225c540c5568a1c1839849368debd08,True
llama32_3b,Q5b_asym,1,52,1.6840002536773682,2047,2048,7a7b7dc6f6f242742c30f5194894a13f9225c540c5568a1c1839849368debd08,True
llama32_3b,Q5b_asym,1,53,1.9066110849380493,2047,2048,7a7b7dc6f6f242742c30f5194894a13f9225c540c5568a1c1839849368debd08,True
llama32_3b,Q5b_asym,1,54,1.6373807191848755,2047,2048,7a7b7dc6f6f242742c30f5194894a13f9225c540c5568a1c1839849368debd08,True
llama32_3b,Q5b_asym,1,55,1.615561604499817,2047,2048,7a7b7dc6f6f242742c30f5194894a13f9225c540c5568a1c1839849368debd08,True
llama32_3b,Q5b_asym,1,56,1.8463629484176636,2047,2048,7a7b7dc6f6f242742c30f5194894a13f9225c540c5568a1c1839849368debd08,True
llama32_3b,Q5b_asym,1,57,1.8046503067016602,2047,2048,7a7b7dc6f6f242742c30f5194894a13f9225c540c5568a1c1839849368debd08,True
llama32_3b,Q5b_asym,1,58,2.1772236824035645,2047,2048,7a7b7dc6f6f242742c30f5194894a13f9225c540c5568a1c1839849368debd08,True
llama32_3b,Q5b_asym,1,59,2.3552305698394775,2047,2048,7a7b7dc6f6f242742c30f5194894a13f9225c540c5568a1c1839849368debd08,True
llama32_3b,Q5b_asym,1,60,2.3586764335632324,2047,2048,7a7b7dc6f6f242742c30f5194894a13f9225c540c5568a1c1839849368debd08,True
llama32_3b,Q5b_asym,1,61,2.467763900756836,2047,2048,7a7b7dc6f6f242742c30f5194894a13f9225c540c5568a1c1839849368debd08,True
llama32_3b,Q5b_asym,1,62,1.514540433883667,2047,2048,7a7b7dc6f6f242742c30f5194894a13f9225c540c5568a1c1839849368debd08,True
llama32_3b,Q5b_asym,1,63,1.9165940284729004,2047,2048,7a7b7dc6f6f242742c30f5194894a13f9225c540c5568a1c1839849368debd08,True
llama32_3b,Q5b_asym,2,0,1.8301764726638794,2047,2048,7a7b7dc6f6f242742c30f5194894a13f9225c540c5568a1c1839849368debd08,True
llama32_3b,Q5b_asym,2,1,2.442429542541504,2047,2048,7a7b7dc6f6f242742c30f5194894a13f9225c540c5568a1c1839849368debd08,True
llama32_3b,Q5b_asym,2,2,2.4995226860046387,2047,2048,7a7b7dc6f6f242742c30f5194894a13f9225c540c5568a1c1839849368debd08,True
llama32_3b,Q5b_asym,2,3,2.020446300506592,2047,2048,7a7b7dc6f6f242742c30f5194894a13f9225c540c5568a1c1839849368debd08,True
llama32_3b,Q5b_asym,2,4,1.935070514678955,2047,2048,7a7b7dc6f6f242742c30f5194894a13f9225c540c5568a1c1839849368debd08,True
llama32_3b,Q5b_asym,2,5,1.552683711051941,2047,2048,7a7b7dc6f6f242742c30f5194894a13f9225c540c5568a1c1839849368debd08,True
llama32_3b,Q5b_asym,2,6,1.6608482599258423,2047,2048,7a7b7dc6f6f242742c30f5194894a13f9225c540c5568a1c1839849368debd08,True
llama32_3b,Q5b_asym,2,7,1.9220994710922241,2047,2048,7a7b7dc6f6f242742c30f5194894a13f9225c540c5568a1c1839849368debd08,True
llama32_3b,Q5b_asym,2,8,2.25378155708313,2047,2048,7a7b7dc6f6f242742c30f5194894a13f9225c540c5568a1c1839849368debd08,True
llama32_3b,Q5b_asym,2,9,1.9738174676895142,2047,2048,7a7b7dc6f6f242742c30f5194894a13f9225c540c5568a1c1839849368debd08,True
llama32_3b,Q5b_asym,2,10,1.904844045639038,2047,2048,7a7b7dc6f6f242742c30f5194894a13f9225c540c5568a1c1839849368debd08,True
llama32_3b,Q5b_asym,2,11,2.253664970397949,2047,2048,7a7b7dc6f6f242742c30f5194894a13f9225c540c5568a1c1839849368debd08,True
llama32_3b,Q5b_asym,2,12,2.1198008060455322,2047,2048,7a7b7dc6f6f242742c30f5194894a13f9225c540c5568a1c1839849368debd08,True
llama32_3b,Q5b_asym,2,13,2.284205913543701,2047,2048,7a7b7dc6f6f242742c30f5194894a13f9225c540c5568a1c1839849368debd08,True
llama32_3b,Q5b_asym,2,14,2.199085235595703,2047,2048,7a7b7dc6f6f242742c30f5194894a13f9225c540c5568a1c1839849368debd08,True
llama32_3b,Q5b_asym,2,15,2.4052605628967285,2047,2048,7a7b7dc6f6f242742c30f5194894a13f9225c540c5568a1c1839849368debd08,True
llama32_3b,Q5b_asym,2,16,2.140981912612915,2047,2048,7a7b7dc6f6f242742c30f5194894a13f9225c540c5568a1c1839849368debd08,True
llama32_3b,Q5b_asym,2,17,2.144967555999756,2047,2048,7a7b7dc6f6f242742c30f5194894a13f9225c540c5568a1c1839849368debd08,True
llama32_3b,Q5b_asym,2,18,1.9478235244750977,2047,2048,7a7b7dc6f6f242742c30f5194894a13f9225c540c5568a1c1839849368debd08,True
llama32_3b,Q5b_asym,2,19,2.118960380554199,2047,2048,7a7b7dc6f6f242742c30f5194894a13f9225c540c5568a1c1839849368debd08,True
llama32_3b,Q5b_asym,2,20,2.226921319961548,2047,2048,7a7b7dc6f6f242742c30f5194894a13f9225c540c5568a1c1839849368debd08,True
llama32_3b,Q5b_asym,2,21,2.1587939262390137,2047,2048,7a7b7dc6f6f242742c30f5194894a13f9225c540c5568a1c1839849368debd08,True
llama32_3b,Q5b_asym,2,22,2.209780693054199,2047,2048,7a7b7dc6f6f242742c30f5194894a13f9225c540c5568a1c1839849368debd08,True
llama32_3b,Q5b_asym,2,23,2.2550551891326904,2047,2048,7a7b7dc6f6f242742c30f5194894a13f9225c540c5568a1c1839849368debd08,True
llama32_3b,Q5b_asym,2,24,2.280463933944702,2047,2048,7a7b7dc6f6f242742c30f5194894a13f9225c540c5568a1c1839849368debd08,True
llama32_3b,Q5b_asym,2,25,2.344679355621338,2047,2048,7a7b7dc6f6f242742c30f5194894a13f9225c540c5568a1c1839849368debd08,True
llama32_3b,Q5b_asym,2,26,2.432736396789551,2047,2048,7a7b7dc6f6f242742c30f5194894a13f9225c540c5568a1c1839849368debd08,True
llama32_3b,Q5b_asym,2,27,2.2313039302825928,2047,2048,7a7b7dc6f6f242742c30f5194894a13f9225c540c5568a1c1839849368debd08,True
llama32_3b,Q5b_asym,2,28,2.0037777423858643,2047,2048,7a7b7dc6f6f242742c30f5194894a13f9225c540c5568a1c1839849368debd08,True
llama32_3b,Q5b_asym,2,29,1.814391851425171,2047,2048,7a7b7dc6f6f242742c30f5194894a13f9225c540c5568a1c1839849368debd08,True
llama32_3b,Q5b_asym,2,30,1.6957871913909912,2047,2048,7a7b7dc6f6f242742c30f5194894a13f9225c540c5568a1c1839849368debd08,True
llama32_3b,Q5b_asym,2,31,1.7290992736816406,2047,2048,7a7b7dc6f6f242742c30f5194894a13f9225c540c5568a1c1839849368debd08,True
llama32_3b,Q5b_asym,2,32,2.0207457542419434,2047,2048,7a7b7dc6f6f242742c30f5194894a13f9225c540c5568a1c1839849368debd08,True
llama32_3b,Q5b_asym,2,33,1.9801381826400757,2047,2048,7a7b7dc6f6f242742c30f5194894a13f9225c540c5568a1c1839849368debd08,True
llama32_3b,Q5b_asym,2,34,2.1572089195251465,2047,2048,7a7b7dc6f6f242742c30f5194894a13f9225c540c5568a1c1839849368debd08,True
llama32_3b,Q5b_asym,2,35,1.4761734008789062,2047,2048,7a7b7dc6f6f242742c30f5194894a13f9225c540c5568a1c1839849368debd08,True
llama32_3b,Q5b_asym,2,36,1.4492392539978027,2047,2048,7a7b7dc6f6f242742c30f5194894a13f9225c540c5568a1c1839849368debd08,True
llama32_3b,Q5b_asym,2,37,1.493035912513733,2047,2048,7a7b7dc6f6f242742c30f5194894a13f9225c540c5568a1c1839849368debd08,True
llama32_3b,Q5b_asym,2,38,1.4716508388519287,2047,2048,7a7b7dc6f6f242742c30f5194894a13f9225c540c5568a1c1839849368debd08,True
llama32_3b,Q5b_asym,2,39,1.669434666633606,2047,2048,7a7b7dc6f6f242742c30f5194894a13f9225c540c5568a1c1839849368debd08,True
llama32_3b,Q5b_asym,2,40,2.2754859924316406,2047,2048,7a7b7dc6f6f242742c30f5194894a13f9225c540c5568a1c1839849368debd08,True
llama32_3b,Q5b_asym,2,41,2.6964588165283203,2047,2048,7a7b7dc6f6f242742c30f5194894a13f9225c540c5568a1c1839849368debd08,True
llama32_3b,Q5b_asym,2,42,2.690670967102051,2047,2048,7a7b7dc6f6f242742c30f5194894a13f9225c540c5568a1c1839849368debd08,True
llama32_3b,Q5b_asym,2,43,2.3324642181396484,2047,2048,7a7b7dc6f6f242742c30f5194894a13f9225c540c5568a1c1839849368debd08,True
llama32_3b,Q5b_asym,2,44,2.311697006225586,2047,2048,7a7b7dc6f6f242742c30f5194894a13f9225c540c5568a1c1839849368debd08,True
llama32_3b,Q5b_asym,2,45,2.276334762573242,2047,2048,7a7b7dc6f6f242742c30f5194894a13f9225c540c5568a1c1839849368debd08,True
llama32_3b,Q5b_asym,2,46,2.3720362186431885,2047,2048,7a7b7dc6f6f242742c30f5194894a13f9225c540c5568a1c1839849368debd08,True
llama32_3b,Q5b_asym,2,47,2.1644093990325928,2047,2048,7a7b7dc6f6f242742c30f5194894a13f9225c540c5568a1c1839849368debd08,True
llama32_3b,Q5b_asym,2,48,2.03833270072937,2047,2048,7a7b7dc6f6f242742c30f5194894a13f9225c540c5568a1c1839849368debd08,True
llama32_3b,Q5b_asym,2,49,2.0370614528656006,2047,2048,7a7b7dc6f6f242742c30f5194894a13f9225c540c5568a1c1839849368debd08,True
llama32_3b,Q5b_asym,2,50,1.7630523443222046,2047,2048,7a7b7dc6f6f242742c30f5194894a13f9225c540c5568a1c1839849368debd08,True
llama32_3b,Q5b_asym,2,51,1.8366285562515259,2047,2048,7a7b7dc6f6f242742c30f5194894a13f9225c540c5568a1c1839849368debd08,True
llama32_3b,Q5b_asym,2,52,1.674275279045105,2047,2048,7a7b7dc6f6f242742c30f5194894a13f9225c540c5568a1c1839849368debd08,True
llama32_3b,Q5b_asym,2,53,1.9005260467529297,2047,2048,7a7b7dc6f6f242742c30f5194894a13f9225c540c5568a1c1839849368debd08,True
llama32_3b,Q5b_asym,2,54,1.634949803352356,2047,2048,7a7b7dc6f6f242742c30f5194894a13f9225c540c5568a1c1839849368debd08,True
llama32_3b,Q5b_asym,2,55,1.6149866580963135,2047,2048,7a7b7dc6f6f242742c30f5194894a13f9225c540c5568a1c1839849368debd08,True
llama32_3b,Q5b_asym,2,56,1.841381311416626,2047,2048,7a7b7dc6f6f242742c30f5194894a13f9225c540c5568a1c1839849368debd08,True
llama32_3b,Q5b_asym,2,57,1.8050893545150757,2047,2048,7a7b7dc6f6f242742c30f5194894a13f9225c540c5568a1c1839849368debd08,True
llama32_3b,Q5b_asym,2,58,2.1812963485717773,2047,2048,7a7b7dc6f6f242742c30f5194894a13f9225c540c5568a1c1839849368debd08,True
llama32_3b,Q5b_asym,2,59,2.359325885772705,2047,2048,7a7b7dc6f6f242742c30f5194894a13f9225c540c5568a1c1839849368debd08,True
llama32_3b,Q5b_asym,2,60,2.357825994491577,2047,2048,7a7b7dc6f6f242742c30f5194894a13f9225c540c5568a1c1839849368debd08,True
llama32_3b,Q5b_asym,2,61,2.4732840061187744,2047,2048,7a7b7dc6f6f242742c30f5194894a13f9225c540c5568a1c1839849368debd08,True
llama32_3b,Q5b_asym,2,62,1.5057040452957153,2047,2048,7a7b7dc6f6f242742c30f5194894a13f9225c540c5568a1c1839849368debd08,True
llama32_3b,Q5b_asym,2,63,1.9012513160705566,2047,2048,7a7b7dc6f6f242742c30f5194894a13f9225c540c5568a1c1839849368debd08,True
llama32_3b,Q5a_sym,0,0,1.8370600938796997,2047,2048,7a7b7dc6f6f242742c30f5194894a13f9225c540c5568a1c1839849368debd08,True
llama32_3b,Q5a_sym,0,1,2.4316611289978027,2047,2048,7a7b7dc6f6f242742c30f5194894a13f9225c540c5568a1c1839849368debd08,True
llama32_3b,Q5a_sym,0,2,2.5124616622924805,2047,2048,7a7b7dc6f6f242742c30f5194894a13f9225c540c5568a1c1839849368debd08,True
llama32_3b,Q5a_sym,0,3,2.0233311653137207,2047,2048,7a7b7dc6f6f242742c30f5194894a13f9225c540c5568a1c1839849368debd08,True
llama32_3b,Q5a_sym,0,4,1.9301478862762451,2047,2048,7a7b7dc6f6f242742c30f5194894a13f9225c540c5568a1c1839849368debd08,True
llama32_3b,Q5a_sym,0,5,1.5606088638305664,2047,2048,7a7b7dc6f6f242742c30f5194894a13f9225c540c5568a1c1839849368debd08,True
llama32_3b,Q5a_sym,0,6,1.6687886714935303,2047,2048,7a7b7dc6f6f242742c30f5194894a13f9225c540c5568a1c1839849368debd08,True
llama32_3b,Q5a_sym,0,7,1.9241902828216553,2047,2048,7a7b7dc6f6f242742c30f5194894a13f9225c540c5568a1c1839849368debd08,True
llama32_3b,Q5a_sym,0,8,2.261399269104004,2047,2048,7a7b7dc6f6f242742c30f5194894a13f9225c540c5568a1c1839849368debd08,True
llama32_3b,Q5a_sym,0,9,1.9857871532440186,2047,2048,7a7b7dc6f6f242742c30f5194894a13f9225c540c5568a1c1839849368debd08,True
llama32_3b,Q5a_sym,0,10,1.9076577425003052,2047,2048,7a7b7dc6f6f242742c30f5194894a13f9225c540c5568a1c1839849368debd08,True
llama32_3b,Q5a_sym,0,11,2.2617504596710205,2047,2048,7a7b7dc6f6f242742c30f5194894a13f9225c540c5568a1c1839849368debd08,True
llama32_3b,Q5a_sym,0,12,2.1311581134796143,2047,2048,7a7b7dc6f6f242742c30f5194894a13f9225c540c5568a1c1839849368debd08,True
llama32_3b,Q5a_sym,0,13,2.2897675037384033,2047,2048,7a7b7dc6f6f242742c30f5194894a13f9225c540c5568a1c1839849368debd08,True
llama32_3b,Q5a_sym,0,14,2.2141177654266357,2047,2048,7a7b7dc6f6f242742c30f5194894a13f9225c540c5568a1c1839849368debd08,True
llama32_3b,Q5a_sym,0,15,2.404247283935547,2047,2048,7a7b7dc6f6f242742c30f5194894a13f9225c540c5568a1c1839849368debd08,True
llama32_3b,Q5a_sym,0,16,2.1424102783203125,2047,2048,7a7b7dc6f6f242742c30f5194894a13f9225c540c5568a1c1839849368debd08,True
llama32_3b,Q5a_sym,0,17,2.1444764137268066,2047,2048,7a7b7dc6f6f242742c30f5194894a13f9225c540c5568a1c1839849368debd08,True
llama32_3b,Q5a_sym,0,18,1.966226577758789,2047,2048,7a7b7dc6f6f242742c30f5194894a13f9225c540c5568a1c1839849368debd08,True
llama32_3b,Q5a_sym,0,19,2.112501621246338,2047,2048,7a7b7dc6f6f242742c30f5194894a13f9225c540c5568a1c1839849368debd08,True
llama32_3b,Q5a_sym,0,20,2.232818365097046,2047,2048,7a7b7dc6f6f242742c30f5194894a13f9225c540c5568a1c1839849368debd08,True
llama32_3b,Q5a_sym,0,21,2.1667981147766113,2047,2048,7a7b7dc6f6f242742c30f5194894a13f9225c540c5568a1c1839849368debd08,True
llama32_3b,Q5a_sym,0,22,2.2166261672973633,2047,2048,7a7b7dc6f6f242742c30f5194894a13f9225c540c5568a1c1839849368debd08,True
llama32_3b,Q5a_sym,0,23,2.256298542022705,2047,2048,7a7b7dc6f6f242742c30f5194894a13f9225c540c5568a1c1839849368debd08,True
llama32_3b,Q5a_sym,0,24,2.296388864517212,2047,2048,7a7b7dc6f6f242742c30f5194894a13f9225c540c5568a1c1839849368debd08,True
llama32_3b,Q5a_sym,0,25,2.3507869243621826,2047,2048,7a7b7dc6f6f242742c30f5194894a13f9225c540c5568a1c1839849368debd08,True
llama32_3b,Q5a_sym,0,26,2.4277799129486084,2047,2048,7a7b7dc6f6f242742c30f5194894a13f9225c540c5568a1c1839849368debd08,True
llama32_3b,Q5a_sym,0,27,2.238314628601074,2047,2048,7a7b7dc6f6f242742c30f5194894a13f9225c540c5568a1c1839849368debd08,True
llama32_3b,Q5a_sym,0,28,2.0074336528778076,2047,2048,7a7b7dc6f6f242742c30f5194894a13f9225c540c5568a1c1839849368debd08,True
llama32_3b,Q5a_sym,0,29,1.8103152513504028,2047,2048,7a7b7dc6f6f242742c30f5194894a13f9225c540c5568a1c1839849368debd08,True
llama32_3b,Q5a_sym,0,30,1.7054020166397095,2047,2048,7a7b7dc6f6f242742c30f5194894a13f9225c540c5568a1c1839849368debd08,True
llama32_3b,Q5a_sym,0,31,1.7310304641723633,2047,2048,7a7b7dc6f6f242742c30f5194894a13f9225c540c5568a1c1839849368debd08,True
llama32_3b,Q5a_sym,0,32,2.026087760925293,2047,2048,7a7b7dc6f6f242742c30f5194894a13f9225c540c5568a1c1839849368debd08,True
llama32_3b,Q5a_sym,0,33,1.988784670829773,2047,2048,7a7b7dc6f6f242742c30f5194894a13f9225c540c5568a1c1839849368debd08,True
llama32_3b,Q5a_sym,0,34,2.170072555541992,2047,2048,7a7b7dc6f6f242742c30f5194894a13f9225c540c5568a1c1839849368debd08,True
llama32_3b,Q5a_sym,0,35,1.4769306182861328,2047,2048,7a7b7dc6f6f242742c30f5194894a13f9225c540c5568a1c1839849368debd08,True
llama32_3b,Q5a_sym,0,36,1.4533462524414062,2047,2048,7a7b7dc6f6f242742c30f5194894a13f9225c540c5568a1c1839849368debd08,True
llama32_3b,Q5a_sym,0,37,1.5022038221359253,2047,2048,7a7b7dc6f6f242742c30f5194894a13f9225c540c5568a1c1839849368debd08,True
llama32_3b,Q5a_sym,0,38,1.4835600852966309,2047,2048,7a7b7dc6f6f242742c30f5194894a13f9225c540c5568a1c1839849368debd08,True
llama32_3b,Q5a_sym,0,39,1.6782732009887695,2047,2048,7a7b7dc6f6f242742c30f5194894a13f9225c540c5568a1c1839849368debd08,True
llama32_3b,Q5a_sym,0,40,2.2769899368286133,2047,2048,7a7b7dc6f6f242742c30f5194894a13f9225c540c5568a1c1839849368debd08,True
llama32_3b,Q5a_sym,0,41,2.6923906803131104,2047,2048,7a7b7dc6f6f242742c30f5194894a13f9225c540c5568a1c1839849368debd08,True
llama32_3b,Q5a_sym,0,42,2.6994495391845703,2047,2048,7a7b7dc6f6f242742c30f5194894a13f9225c540c5568a1c1839849368debd08,True
llama32_3b,Q5a_sym,0,43,2.317328453063965,2047,2048,7a7b7dc6f6f242742c30f5194894a13f9225c540c5568a1c1839849368debd08,True
llama32_3b,Q5a_sym,0,44,2.3122503757476807,2047,2048,7a7b7dc6f6f242742c30f5194894a13f9225c540c5568a1c1839849368debd08,True
llama32_3b,Q5a_sym,0,45,2.272876501083374,2047,2048,7a7b7dc6f6f242742c30f5194894a13f9225c540c5568a1c1839849368debd08,True
llama32_3b,Q5a_sym,0,46,2.368558168411255,2047,2048,7a7b7dc6f6f242742c30f5194894a13f9225c540c5568a1c1839849368debd08,True
llama32_3b,Q5a_sym,0,47,2.156695604324341,2047,2048,7a7b7dc6f6f242742c30f5194894a13f9225c540c5568a1c1839849368debd08,True
llama32_3b,Q5a_sym,0,48,2.0447845458984375,2047,2048,7a7b7dc6f6f242742c30f5194894a13f9225c540c5568a1c1839849368debd08,True
llama32_3b,Q5a_sym,0,49,2.0277788639068604,2047,2048,7a7b7dc6f6f242742c30f5194894a13f9225c540c5568a1c1839849368debd08,True
llama32_3b,Q5a_sym,0,50,1.7739503383636475,2047,2048,7a7b7dc6f6f242742c30f5194894a13f9225c540c5568a1c1839849368debd08,True
llama32_3b,Q5a_sym,0,51,1.8453291654586792,2047,2048,7a7b7dc6f6f242742c30f5194894a13f9225c540c5568a1c1839849368debd08,True
llama32_3b,Q5a_sym,0,52,1.6771340370178223,2047,2048,7a7b7dc6f6f242742c30f5194894a13f9225c540c5568a1c1839849368debd08,True
llama32_3b,Q5a_sym,0,53,1.916408658027649,2047,2048,7a7b7dc6f6f242742c30f5194894a13f9225c540c5568a1c1839849368debd08,True
llama32_3b,Q5a_sym,0,54,1.6418436765670776,2047,2048,7a7b7dc6f6f242742c30f5194894a13f9225c540c5568a1c1839849368debd08,True
llama32_3b,Q5a_sym,0,55,1.6239776611328125,2047,2048,7a7b7dc6f6f242742c30f5194894a13f9225c540c5568a1c1839849368debd08,True
llama32_3b,Q5a_sym,0,56,1.840097188949585,2047,2048,7a7b7dc6f6f242742c30f5194894a13f9225c540c5568a1c1839849368debd08,True
llama32_3b,Q5a_sym,0,57,1.8042805194854736,2047,2048,7a7b7dc6f6f242742c30f5194894a13f9225c540c5568a1c1839849368debd08,True
llama32_3b,Q5a_sym,0,58,2.18605637550354,2047,2048,7a7b7dc6f6f242742c30f5194894a13f9225c540c5568a1c1839849368debd08,True
llama32_3b,Q5a_sym,0,59,2.361454486846924,2047,2048,7a7b7dc6f6f242742c30f5194894a13f9225c540c5568a1c1839849368debd08,True
llama32_3b,Q5a_sym,0,60,2.3645520210266113,2047,2048,7a7b7dc6f6f242742c30f5194894a13f9225c540c5568a1c1839849368debd08,True
llama32_3b,Q5a_sym,0,61,2.4738283157348633,2047,2048,7a7b7dc6f6f242742c30f5194894a13f9225c540c5568a1c1839849368debd08,True
llama32_3b,Q5a_sym,0,62,1.5292987823486328,2047,2048,7a7b7dc6f6f242742c30f5194894a13f9225c540c5568a1c1839849368debd08,True
llama32_3b,Q5a_sym,0,63,1.9138063192367554,2047,2048,7a7b7dc6f6f242742c30f5194894a13f9225c540c5568a1c1839849368debd08,True
llama32_3b,Q5a_sym,1,0,1.8457032442092896,2047,2048,7a7b7dc6f6f242742c30f5194894a13f9225c540c5568a1c1839849368debd08,True
llama32_3b,Q5a_sym,1,1,2.435842275619507,2047,2048,7a7b7dc6f6f242742c30f5194894a13f9225c540c5568a1c1839849368debd08,True
llama32_3b,Q5a_sym,1,2,2.50443959236145,2047,2048,7a7b7dc6f6f242742c30f5194894a13f9225c540c5568a1c1839849368debd08,True
llama32_3b,Q5a_sym,1,3,2.0344998836517334,2047,2048,7a7b7dc6f6f242742c30f5194894a13f9225c540c5568a1c1839849368debd08,True
llama32_3b,Q5a_sym,1,4,1.9393059015274048,2047,2048,7a7b7dc6f6f242742c30f5194894a13f9225c540c5568a1c1839849368debd08,True
llama32_3b,Q5a_sym,1,5,1.568246841430664,2047,2048,7a7b7dc6f6f242742c30f5194894a13f9225c540c5568a1c1839849368debd08,True
llama32_3b,Q5a_sym,1,6,1.6836066246032715,2047,2048,7a7b7dc6f6f242742c30f5194894a13f9225c540c5568a1c1839849368debd08,True
llama32_3b,Q5a_sym,1,7,1.923258662223816,2047,2048,7a7b7dc6f6f242742c30f5194894a13f9225c540c5568a1c1839849368debd08,True
llama32_3b,Q5a_sym,1,8,2.2669761180877686,2047,2048,7a7b7dc6f6f242742c30f5194894a13f9225c540c5568a1c1839849368debd08,True
llama32_3b,Q5a_sym,1,9,1.9818823337554932,2047,2048,7a7b7dc6f6f242742c30f5194894a13f9225c540c5568a1c1839849368debd08,True
llama32_3b,Q5a_sym,1,10,1.904672622680664,2047,2048,7a7b7dc6f6f242742c30f5194894a13f9225c540c5568a1c1839849368debd08,True
llama32_3b,Q5a_sym,1,11,2.267033815383911,2047,2048,7a7b7dc6f6f242742c30f5194894a13f9225c540c5568a1c1839849368debd08,True
llama32_3b,Q5a_sym,1,12,2.1281352043151855,2047,2048,7a7b7dc6f6f242742c30f5194894a13f9225c540c5568a1c1839849368debd08,True
llama32_3b,Q5a_sym,1,13,2.275104284286499,2047,2048,7a7b7dc6f6f242742c30f5194894a13f9225c540c5568a1c1839849368debd08,True
llama32_3b,Q5a_sym,1,14,2.2008535861968994,2047,2048,7a7b7dc6f6f242742c30f5194894a13f9225c540c5568a1c1839849368debd08,True
llama32_3b,Q5a_sym,1,15,2.408313274383545,2047,2048,7a7b7dc6f6f242742c30f5194894a13f9225c540c5568a1c1839849368debd08,True
llama32_3b,Q5a_sym,1,16,2.1350319385528564,2047,2048,7a7b7dc6f6f242742c30f5194894a13f9225c540c5568a1c1839849368debd08,True
llama32_3b,Q5a_sym,1,17,2.152261734008789,2047,2048,7a7b7dc6f6f242742c30f5194894a13f9225c540c5568a1c1839849368debd08,True
llama32_3b,Q5a_sym,1,18,1.966865062713623,2047,2048,7a7b7dc6f6f242742c30f5194894a13f9225c540c5568a1c1839849368debd08,True
llama32_3b,Q5a_sym,1,19,2.125985860824585,2047,2048,7a7b7dc6f6f242742c30f5194894a13f9225c540c5568a1c1839849368debd08,True
llama32_3b,Q5a_sym,1,20,2.238633871078491,2047,2048,7a7b7dc6f6f242742c30f5194894a13f9225c540c5568a1c1839849368debd08,True
llama32_3b,Q5a_sym,1,21,2.170869827270508,2047,2048,7a7b7dc6f6f242742c30f5194894a13f9225c540c5568a1c1839849368debd08,True
llama32_3b,Q5a_sym,1,22,2.219200372695923,2047,2048,7a7b7dc6f6f242742c30f5194894a13f9225c540c5568a1c1839849368debd08,True
llama32_3b,Q5a_sym,1,23,2.263838291168213,2047,2048,7a7b7dc6f6f242742c30f5194894a13f9225c540c5568a1c1839849368debd08,True
llama32_3b,Q5a_sym,1,24,2.289079189300537,2047,2048,7a7b7dc6f6f242742c30f5194894a13f9225c540c5568a1c1839849368debd08,True
llama32_3b,Q5a_sym,1,25,2.3538806438446045,2047,2048,7a7b7dc6f6f242742c30f5194894a13f9225c540c5568a1c1839849368debd08,True
llama32_3b,Q5a_sym,1,26,2.440023183822632,2047,2048,7a7b7dc6f6f242742c30f5194894a13f9225c540c5568a1c1839849368debd08,True
llama32_3b,Q5a_sym,1,27,2.2271225452423096,2047,2048,7a7b7dc6f6f242742c30f5194894a13f9225c540c5568a1c1839849368debd08,True
llama32_3b,Q5a_sym,1,28,2.0087177753448486,2047,2048,7a7b7dc6f6f242742c30f5194894a13f9225c540c5568a1c1839849368debd08,True
llama32_3b,Q5a_sym,1,29,1.817467451095581,2047,2048,7a7b7dc6f6f242742c30f5194894a13f9225c540c5568a1c1839849368debd08,True
llama32_3b,Q5a_sym,1,30,1.6961623430252075,2047,2048,7a7b7dc6f6f242742c30f5194894a13f9225c540c5568a1c1839849368debd08,True
llama32_3b,Q5a_sym,1,31,1.7348980903625488,2047,2048,7a7b7dc6f6f242742c30f5194894a13f9225c540c5568a1c1839849368debd08,True
llama32_3b,Q5a_sym,1,32,2.028637170791626,2047,2048,7a7b7dc6f6f242742c30f5194894a13f9225c540c5568a1c1839849368debd08,True
llama32_3b,Q5a_sym,1,33,1.9863492250442505,2047,2048,7a7b7dc6f6f242742c30f5194894a13f9225c540c5568a1c1839849368debd08,True
llama32_3b,Q5a_sym,1,34,2.165952682495117,2047,2048,7a7b7dc6f6f242742c30f5194894a13f9225c540c5568a1c1839849368debd08,True
llama32_3b,Q5a_sym,1,35,1.4898748397827148,2047,2048,7a7b7dc6f6f242742c30f5194894a13f9225c540c5568a1c1839849368debd08,True
llama32_3b,Q5a_sym,1,36,1.4478962421417236,2047,2048,7a7b7dc6f6f242742c30f5194894a13f9225c540c5568a1c1839849368debd08,True
llama32_3b,Q5a_sym,1,37,1.4932312965393066,2047,2048,7a7b7dc6f6f242742c30f5194894a13f9225c540c5568a1c1839849368debd08,True
llama32_3b,Q5a_sym,1,38,1.4812231063842773,2047,2048,7a7b7dc6f6f242742c30f5194894a13f9225c540c5568a1c1839849368debd08,True
llama32_3b,Q5a_sym,1,39,1.6726850271224976,2047,2048,7a7b7dc6f6f242742c30f5194894a13f9225c540c5568a1c1839849368debd08,True
llama32_3b,Q5a_sym,1,40,2.294407606124878,2047,2048,7a7b7dc6f6f242742c30f5194894a13f9225c540c5568a1c1839849368debd08,True
llama32_3b,Q5a_sym,1,41,2.706533670425415,2047,2048,7a7b7dc6f6f242742c30f5194894a13f9225c540c5568a1c1839849368debd08,True
llama32_3b,Q5a_sym,1,42,2.691941976547241,2047,2048,7a7b7dc6f6f242742c30f5194894a13f9225c540c5568a1c1839849368debd08,True
llama32_3b,Q5a_sym,1,43,2.3232460021972656,2047,2048,7a7b7dc6f6f242742c30f5194894a13f9225c540c5568a1c1839849368debd08,True
llama32_3b,Q5a_sym,1,44,2.313241720199585,2047,2048,7a7b7dc6f6f242742c30f5194894a13f9225c540c5568a1c1839849368debd08,True
llama32_3b,Q5a_sym,1,45,2.2868728637695312,2047,2048,7a7b7dc6f6f242742c30f5194894a13f9225c540c5568a1c1839849368debd08,True
llama32_3b,Q5a_sym,1,46,2.374927520751953,2047,2048,7a7b7dc6f6f242742c30f5194894a13f9225c540c5568a1c1839849368debd08,True
llama32_3b,Q5a_sym,1,47,2.1737215518951416,2047,2048,7a7b7dc6f6f242742c30f5194894a13f9225c540c5568a1c1839849368debd08,True
llama32_3b,Q5a_sym,1,48,2.0508875846862793,2047,2048,7a7b7dc6f6f242742c30f5194894a13f9225c540c5568a1c1839849368debd08,True
llama32_3b,Q5a_sym,1,49,2.042026996612549,2047,2048,7a7b7dc6f6f242742c30f5194894a13f9225c540c5568a1c1839849368debd08,True
llama32_3b,Q5a_sym,1,50,1.768829345703125,2047,2048,7a7b7dc6f6f242742c30f5194894a13f9225c540c5568a1c1839849368debd08,True
llama32_3b,Q5a_sym,1,51,1.842654824256897,2047,2048,7a7b7dc6f6f242742c30f5194894a13f9225c540c5568a1c1839849368debd08,True
llama32_3b,Q5a_sym,1,52,1.6803513765335083,2047,2048,7a7b7dc6f6f242742c30f5194894a13f9225c540c5568a1c1839849368debd08,True
llama32_3b,Q5a_sym,1,53,1.9110465049743652,2047,2048,7a7b7dc6f6f242742c30f5194894a13f9225c540c5568a1c1839849368debd08,True
llama32_3b,Q5a_sym,1,54,1.6367192268371582,2047,2048,7a7b7dc6f6f242742c30f5194894a13f9225c540c5568a1c1839849368debd08,True
llama32_3b,Q5a_sym,1,55,1.6069841384887695,2047,2048,7a7b7dc6f6f242742c30f5194894a13f9225c540c5568a1c1839849368debd08,True
llama32_3b,Q5a_sym,1,56,1.8395377397537231,2047,2048,7a7b7dc6f6f242742c30f5194894a13f9225c540c5568a1c1839849368debd08,True
llama32_3b,Q5a_sym,1,57,1.8128669261932373,2047,2048,7a7b7dc6f6f242742c30f5194894a13f9225c540c5568a1c1839849368debd08,True
llama32_3b,Q5a_sym,1,58,2.197309970855713,2047,2048,7a7b7dc6f6f242742c30f5194894a13f9225c540c5568a1c1839849368debd08,True
llama32_3b,Q5a_sym,1,59,2.3471195697784424,2047,2048,7a7b7dc6f6f242742c30f5194894a13f9225c540c5568a1c1839849368debd08,True
llama32_3b,Q5a_sym,1,60,2.3732709884643555,2047,2048,7a7b7dc6f6f242742c30f5194894a13f9225c540c5568a1c1839849368debd08,True
llama32_3b,Q5a_sym,1,61,2.476915121078491,2047,2048,7a7b7dc6f6f242742c30f5194894a13f9225c540c5568a1c1839849368debd08,True
llama32_3b,Q5a_sym,1,62,1.5216917991638184,2047,2048,7a7b7dc6f6f242742c30f5194894a13f9225c540c5568a1c1839849368debd08,True
llama32_3b,Q5a_sym,1,63,1.904793620109558,2047,2048,7a7b7dc6f6f242742c30f5194894a13f9225c540c5568a1c1839849368debd08,True
llama32_3b,Q5a_sym,2,0,1.8420233726501465,2047,2048,7a7b7dc6f6f242742c30f5194894a13f9225c540c5568a1c1839849368debd08,True
llama32_3b,Q5a_sym,2,1,2.445284843444824,2047,2048,7a7b7dc6f6f242742c30f5194894a13f9225c540c5568a1c1839849368debd08,True
llama32_3b,Q5a_sym,2,2,2.51808500289917,2047,2048,7a7b7dc6f6f242742c30f5194894a13f9225c540c5568a1c1839849368debd08,True
llama32_3b,Q5a_sym,2,3,2.029317855834961,2047,2048,7a7b7dc6f6f242742c30f5194894a13f9225c540c5568a1c1839849368debd08,True
llama32_3b,Q5a_sym,2,4,1.9379466772079468,2047,2048,7a7b7dc6f6f242742c30f5194894a13f9225c540c5568a1c1839849368debd08,True
llama32_3b,Q5a_sym,2,5,1.57087242603302,2047,2048,7a7b7dc6f6f242742c30f5194894a13f9225c540c5568a1c1839849368debd08,True
llama32_3b,Q5a_sym,2,6,1.681956171989441,2047,2048,7a7b7dc6f6f242742c30f5194894a13f9225c540c5568a1c1839849368debd08,True
llama32_3b,Q5a_sym,2,7,1.931510090827942,2047,2048,7a7b7dc6f6f242742c30f5194894a13f9225c540c5568a1c1839849368debd08,True
llama32_3b,Q5a_sym,2,8,2.2594926357269287,2047,2048,7a7b7dc6f6f242742c30f5194894a13f9225c540c5568a1c1839849368debd08,True
llama32_3b,Q5a_sym,2,9,1.9814132452011108,2047,2048,7a7b7dc6f6f242742c30f5194894a13f9225c540c5568a1c1839849368debd08,True
llama32_3b,Q5a_sym,2,10,1.9128203392028809,2047,2048,7a7b7dc6f6f242742c30f5194894a13f9225c540c5568a1c1839849368debd08,True
llama32_3b,Q5a_sym,2,11,2.2677817344665527,2047,2048,7a7b7dc6f6f242742c30f5194894a13f9225c540c5568a1c1839849368debd08,True
llama32_3b,Q5a_sym,2,12,2.141017436981201,2047,2048,7a7b7dc6f6f242742c30f5194894a13f9225c540c5568a1c1839849368debd08,True
llama32_3b,Q5a_sym,2,13,2.2843499183654785,2047,2048,7a7b7dc6f6f242742c30f5194894a13f9225c540c5568a1c1839849368debd08,True
llama32_3b,Q5a_sym,2,14,2.216127634048462,2047,2048,7a7b7dc6f6f242742c30f5194894a13f9225c540c5568a1c1839849368debd08,True
llama32_3b,Q5a_sym,2,15,2.406447410583496,2047,2048,7a7b7dc6f6f242742c30f5194894a13f9225c540c5568a1c1839849368debd08,True
llama32_3b,Q5a_sym,2,16,2.1471760272979736,2047,2048,7a7b7dc6f6f242742c30f5194894a13f9225c540c5568a1c1839849368debd08,True
llama32_3b,Q5a_sym,2,17,2.157839059829712,2047,2048,7a7b7dc6f6f242742c30f5194894a13f9225c540c5568a1c1839849368debd08,True
llama32_3b,Q5a_sym,2,18,1.9644207954406738,2047,2048,7a7b7dc6f6f242742c30f5194894a13f9225c540c5568a1c1839849368debd08,True
llama32_3b,Q5a_sym,2,19,2.1226255893707275,2047,2048,7a7b7dc6f6f242742c30f5194894a13f9225c540c5568a1c1839849368debd08,True
llama32_3b,Q5a_sym,2,20,2.234715700149536,2047,2048,7a7b7dc6f6f242742c30f5194894a13f9225c540c5568a1c1839849368debd08,True
llama32_3b,Q5a_sym,2,21,2.167341470718384,2047,2048,7a7b7dc6f6f242742c30f5194894a13f9225c540c5568a1c1839849368debd08,True
llama32_3b,Q5a_sym,2,22,2.2197608947753906,2047,2048,7a7b7dc6f6f242742c30f5194894a13f9225c540c5568a1c1839849368debd08,True
llama32_3b,Q5a_sym,2,23,2.2614071369171143,2047,2048,7a7b7dc6f6f242742c30f5194894a13f9225c540c5568a1c1839849368debd08,True
llama32_3b,Q5a_sym,2,24,2.2905874252319336,2047,2048,7a7b7dc6f6f242742c30f5194894a13f9225c540c5568a1c1839849368debd08,True
llama32_3b,Q5a_sym,2,25,2.3543293476104736,2047,2048,7a7b7dc6f6f242742c30f5194894a13f9225c540c5568a1c1839849368debd08,True
llama32_3b,Q5a_sym,2,26,2.4412477016448975,2047,2048,7a7b7dc6f6f242742c30f5194894a13f9225c540c5568a1c1839849368debd08,True
llama32_3b,Q5a_sym,2,27,2.22867751121521,2047,2048,7a7b7dc6f6f242742c30f5194894a13f9225c540c5568a1c1839849368debd08,True
llama32_3b,Q5a_sym,2,28,2.002932071685791,2047,2048,7a7b7dc6f6f242742c30f5194894a13f9225c540c5568a1c1839849368debd08,True
llama32_3b,Q5a_sym,2,29,1.822810173034668,2047,2048,7a7b7dc6f6f242742c30f5194894a13f9225c540c5568a1c1839849368debd08,True
llama32_3b,Q5a_sym,2,30,1.7022597789764404,2047,2048,7a7b7dc6f6f242742c30f5194894a13f9225c540c5568a1c1839849368debd08,True
llama32_3b,Q5a_sym,2,31,1.728409767150879,2047,2048,7a7b7dc6f6f242742c30f5194894a13f9225c540c5568a1c1839849368debd08,True
llama32_3b,Q5a_sym,2,32,2.0254645347595215,2047,2048,7a7b7dc6f6f242742c30f5194894a13f9225c540c5568a1c1839849368debd08,True
llama32_3b,Q5a_sym,2,33,1.9899197816848755,2047,2048,7a7b7dc6f6f242742c30f5194894a13f9225c540c5568a1c1839849368debd08,True
llama32_3b,Q5a_sym,2,34,2.16955304145813,2047,2048,7a7b7dc6f6f242742c30f5194894a13f9225c540c5568a1c1839849368debd08,True
llama32_3b,Q5a_sym,2,35,1.4886709451675415,2047,2048,7a7b7dc6f6f242742c30f5194894a13f9225c540c5568a1c1839849368debd08,True
llama32_3b,Q5a_sym,2,36,1.4492309093475342,2047,2048,7a7b7dc6f6f242742c30f5194894a13f9225c540c5568a1c1839849368debd08,True
llama32_3b,Q5a_sym,2,37,1.507749319076538,2047,2048,7a7b7dc6f6f242742c30f5194894a13f9225c540c5568a1c1839849368debd08,True
llama32_3b,Q5a_sym,2,38,1.489227533340454,2047,2048,7a7b7dc6f6f242742c30f5194894a13f9225c540c5568a1c1839849368debd08,True
llama32_3b,Q5a_sym,2,39,1.681991696357727,2047,2048,7a7b7dc6f6f242742c30f5194894a13f9225c540c5568a1c1839849368debd08,True
llama32_3b,Q5a_sym,2,40,2.2830100059509277,2047,2048,7a7b7dc6f6f242742c30f5194894a13f9225c540c5568a1c1839849368debd08,True
llama32_3b,Q5a_sym,2,41,2.7034623622894287,2047,2048,7a7b7dc6f6f242742c30f5194894a13f9225c540c5568a1c1839849368debd08,True
llama32_3b,Q5a_sym,2,42,2.700218439102173,2047,2048,7a7b7dc6f6f242742c30f5194894a13f9225c540c5568a1c1839849368debd08,True
llama32_3b,Q5a_sym,2,43,2.3270506858825684,2047,2048,7a7b7dc6f6f242742c30f5194894a13f9225c540c5568a1c1839849368debd08,True
llama32_3b,Q5a_sym,2,44,2.3205933570861816,2047,2048,7a7b7dc6f6f242742c30f5194894a13f9225c540c5568a1c1839849368debd08,True
llama32_3b,Q5a_sym,2,45,2.2814066410064697,2047,2048,7a7b7dc6f6f242742c30f5194894a13f9225c540c5568a1c1839849368debd08,True
llama32_3b,Q5a_sym,2,46,2.3765668869018555,2047,2048,7a7b7dc6f6f242742c30f5194894a13f9225c540c5568a1c1839849368debd08,True
llama32_3b,Q5a_sym,2,47,2.1627769470214844,2047,2048,7a7b7dc6f6f242742c30f5194894a13f9225c540c5568a1c1839849368debd08,True
llama32_3b,Q5a_sym,2,48,2.0487630367279053,2047,2048,7a7b7dc6f6f242742c30f5194894a13f9225c540c5568a1c1839849368debd08,True
llama32_3b,Q5a_sym,2,49,2.034435510635376,2047,2048,7a7b7dc6f6f242742c30f5194894a13f9225c540c5568a1c1839849368debd08,True
llama32_3b,Q5a_sym,2,50,1.7726560831069946,2047,2048,7a7b7dc6f6f242742c30f5194894a13f9225c540c5568a1c1839849368debd08,True
llama32_3b,Q5a_sym,2,51,1.852397084236145,2047,2048,7a7b7dc6f6f242742c30f5194894a13f9225c540c5568a1c1839849368debd08,True
llama32_3b,Q5a_sym,2,52,1.6895924806594849,2047,2048,7a7b7dc6f6f242742c30f5194894a13f9225c540c5568a1c1839849368debd08,True
llama32_3b,Q5a_sym,2,53,1.9120454788208008,2047,2048,7a7b7dc6f6f242742c30f5194894a13f9225c540c5568a1c1839849368debd08,True
llama32_3b,Q5a_sym,2,54,1.6424713134765625,2047,2048,7a7b7dc6f6f242742c30f5194894a13f9225c540c5568a1c1839849368debd08,True
llama32_3b,Q5a_sym,2,55,1.6168186664581299,2047,2048,7a7b7dc6f6f242742c30f5194894a13f9225c540c5568a1c1839849368debd08,True
llama32_3b,Q5a_sym,2,56,1.8566750288009644,2047,2048,7a7b7dc6f6f242742c30f5194894a13f9225c540c5568a1c1839849368debd08,True
llama32_3b,Q5a_sym,2,57,1.8204022645950317,2047,2048,7a7b7dc6f6f242742c30f5194894a13f9225c540c5568a1c1839849368debd08,True
llama32_3b,Q5a_sym,2,58,2.183950901031494,2047,2048,7a7b7dc6f6f242742c30f5194894a13f9225c540c5568a1c1839849368debd08,True
llama32_3b,Q5a_sym,2,59,2.358199119567871,2047,2048,7a7b7dc6f6f242742c30f5194894a13f9225c540c5568a1c1839849368debd08,True
llama32_3b,Q5a_sym,2,60,2.36312198638916,2047,2048,7a7b7dc6f6f242742c30f5194894a13f9225c540c5568a1c1839849368debd08,True
llama32_3b,Q5a_sym,2,61,2.4772632122039795,2047,2048,7a7b7dc6f6f242742c30f5194894a13f9225c540c5568a1c1839849368debd08,True
llama32_3b,Q5a_sym,2,62,1.5273396968841553,2047,2048,7a7b7dc6f6f242742c30f5194894a13f9225c540c5568a1c1839849368debd08,True
llama32_3b,Q5a_sym,2,63,1.9157800674438477,2047,2048,7a7b7dc6f6f242742c30f5194894a13f9225c540c5568a1c1839849368debd08,True
llama32_3b,Q5b_sym,0,0,1.8425811529159546,2047,2048,7a7b7dc6f6f242742c30f5194894a13f9225c540c5568a1c1839849368debd08,True
llama32_3b,Q5b_sym,0,1,2.4446606636047363,2047,2048,7a7b7dc6f6f242742c30f5194894a13f9225c540c5568a1c1839849368debd08,True
llama32_3b,Q5b_sym,0,2,2.513934373855591,2047,2048,7a7b7dc6f6f242742c30f5194894a13f9225c540c5568a1c1839849368debd08,True
llama32_3b,Q5b_sym,0,3,2.0288679599761963,2047,2048,7a7b7dc6f6f242742c30f5194894a13f9225c540c5568a1c1839849368debd08,True
llama32_3b,Q5b_sym,0,4,1.9429903030395508,2047,2048,7a7b7dc6f6f242742c30f5194894a13f9225c540c5568a1c1839849368debd08,True
llama32_3b,Q5b_sym,0,5,1.5608071088790894,2047,2048,7a7b7dc6f6f242742c30f5194894a13f9225c540c5568a1c1839849368debd08,True
llama32_3b,Q5b_sym,0,6,1.6742565631866455,2047,2048,7a7b7dc6f6f242742c30f5194894a13f9225c540c5568a1c1839849368debd08,True
llama32_3b,Q5b_sym,0,7,1.930023431777954,2047,2048,7a7b7dc6f6f242742c30f5194894a13f9225c540c5568a1c1839849368debd08,True
llama32_3b,Q5b_sym,0,8,2.2676286697387695,2047,2048,7a7b7dc6f6f242742c30f5194894a13f9225c540c5568a1c1839849368debd08,True
llama32_3b,Q5b_sym,0,9,1.9815829992294312,2047,2048,7a7b7dc6f6f242742c30f5194894a13f9225c540c5568a1c1839849368debd08,True
llama32_3b,Q5b_sym,0,10,1.905115008354187,2047,2048,7a7b7dc6f6f242742c30f5194894a13f9225c540c5568a1c1839849368debd08,True
llama32_3b,Q5b_sym,0,11,2.268604278564453,2047,2048,7a7b7dc6f6f242742c30f5194894a13f9225c540c5568a1c1839849368debd08,True
llama32_3b,Q5b_sym,0,12,2.1294913291931152,2047,2048,7a7b7dc6f6f242742c30f5194894a13f9225c540c5568a1c1839849368debd08,True
llama32_3b,Q5b_sym,0,13,2.281982898712158,2047,2048,7a7b7dc6f6f242742c30f5194894a13f9225c540c5568a1c1839849368debd08,True
llama32_3b,Q5b_sym,0,14,2.2076914310455322,2047,2048,7a7b7dc6f6f242742c30f5194894a13f9225c540c5568a1c1839849368debd08,True
llama32_3b,Q5b_sym,0,15,2.41739821434021,2047,2048,7a7b7dc6f6f242742c30f5194894a13f9225c540c5568a1c1839849368debd08,True
llama32_3b,Q5b_sym,0,16,2.143313407897949,2047,2048,7a7b7dc6f6f242742c30f5194894a13f9225c540c5568a1c1839849368debd08,True
llama32_3b,Q5b_sym,0,17,2.1567320823669434,2047,2048,7a7b7dc6f6f242742c30f5194894a13f9225c540c5568a1c1839849368debd08,True
llama32_3b,Q5b_sym,0,18,1.959082007408142,2047,2048,7a7b7dc6f6f242742c30f5194894a13f9225c540c5568a1c1839849368debd08,True
llama32_3b,Q5b_sym,0,19,2.1175155639648438,2047,2048,7a7b7dc6f6f242742c30f5194894a13f9225c540c5568a1c1839849368debd08,True
llama32_3b,Q5b_sym,0,20,2.247570753097534,2047,2048,7a7b7dc6f6f242742c30f5194894a13f9225c540c5568a1c1839849368debd08,True
llama32_3b,Q5b_sym,0,21,2.166045665740967,2047,2048,7a7b7dc6f6f242742c30f5194894a13f9225c540c5568a1c1839849368debd08,True
llama32_3b,Q5b_sym,0,22,2.2288601398468018,2047,2048,7a7b7dc6f6f242742c30f5194894a13f9225c540c5568a1c1839849368debd08,True
llama32_3b,Q5b_sym,0,23,2.2595725059509277,2047,2048,7a7b7dc6f6f242742c30f5194894a13f9225c540c5568a1c1839849368debd08,True
llama32_3b,Q5b_sym,0,24,2.2917537689208984,2047,2048,7a7b7dc6f6f242742c30f5194894a13f9225c540c5568a1c1839849368debd08,True
llama32_3b,Q5b_sym,0,25,2.351325511932373,2047,2048,7a7b7dc6f6f242742c30f5194894a13f9225c540c5568a1c1839849368debd08,True
llama32_3b,Q5b_sym,0,26,2.4313859939575195,2047,2048,7a7b7dc6f6f242742c30f5194894a13f9225c540c5568a1c1839849368debd08,True
llama32_3b,Q5b_sym,0,27,2.2407381534576416,2047,2048,7a7b7dc6f6f242742c30f5194894a13f9225c540c5568a1c1839849368debd08,True
llama32_3b,Q5b_sym,0,28,2.010002374649048,2047,2048,7a7b7dc6f6f242742c30f5194894a13f9225c540c5568a1c1839849368debd08,True
llama32_3b,Q5b_sym,0,29,1.8240830898284912,2047,2048,7a7b7dc6f6f242742c30f5194894a13f9225c540c5568a1c1839849368debd08,True
llama32_3b,Q5b_sym,0,30,1.6977795362472534,2047,2048,7a7b7dc6f6f242742c30f5194894a13f9225c540c5568a1c1839849368debd08,True
llama32_3b,Q5b_sym,0,31,1.7345629930496216,2047,2048,7a7b7dc6f6f242742c30f5194894a13f9225c540c5568a1c1839849368debd08,True
llama32_3b,Q5b_sym,0,32,2.024357318878174,2047,2048,7a7b7dc6f6f242742c30f5194894a13f9225c540c5568a1c1839849368debd08,True
llama32_3b,Q5b_sym,0,33,1.9976698160171509,2047,2048,7a7b7dc6f6f242742c30f5194894a13f9225c540c5568a1c1839849368debd08,True
llama32_3b,Q5b_sym,0,34,2.1681289672851562,2047,2048,7a7b7dc6f6f242742c30f5194894a13f9225c540c5568a1c1839849368debd08,True
llama32_3b,Q5b_sym,0,35,1.4854240417480469,2047,2048,7a7b7dc6f6f242742c30f5194894a13f9225c540c5568a1c1839849368debd08,True
llama32_3b,Q5b_sym,0,36,1.4553658962249756,2047,2048,7a7b7dc6f6f242742c30f5194894a13f9225c540c5568a1c1839849368debd08,True
llama32_3b,Q5b_sym,0,37,1.492815375328064,2047,2048,7a7b7dc6f6f242742c30f5194894a13f9225c540c5568a1c1839849368debd08,True
llama32_3b,Q5b_sym,0,38,1.4779549837112427,2047,2048,7a7b7dc6f6f242742c30f5194894a13f9225c540c5568a1c1839849368debd08,True
llama32_3b,Q5b_sym,0,39,1.680680513381958,2047,2048,7a7b7dc6f6f242742c30f5194894a13f9225c540c5568a1c1839849368debd08,True
llama32_3b,Q5b_sym,0,40,2.270092248916626,2047,2048,7a7b7dc6f6f242742c30f5194894a13f9225c540c5568a1c1839849368debd08,True
llama32_3b,Q5b_sym,0,41,2.689577341079712,2047,2048,7a7b7dc6f6f242742c30f5194894a13f9225c540c5568a1c1839849368debd08,True
llama32_3b,Q5b_sym,0,42,2.6913585662841797,2047,2048,7a7b7dc6f6f242742c30f5194894a13f9225c540c5568a1c1839849368debd08,True
llama32_3b,Q5b_sym,0,43,2.3212218284606934,2047,2048,7a7b7dc6f6f242742c30f5194894a13f9225c540c5568a1c1839849368debd08,True
llama32_3b,Q5b_sym,0,44,2.3196723461151123,2047,2048,7a7b7dc6f6f242742c30f5194894a13f9225c540c5568a1c1839849368debd08,True
llama32_3b,Q5b_sym,0,45,2.2876532077789307,2047,2048,7a7b7dc6f6f242742c30f5194894a13f9225c540c5568a1c1839849368debd08,True
llama32_3b,Q5b_sym,0,46,2.37853741645813,2047,2048,7a7b7dc6f6f242742c30f5194894a13f9225c540c5568a1c1839849368debd08,True
llama32_3b,Q5b_sym,0,47,2.1622202396392822,2047,2048,7a7b7dc6f6f242742c30f5194894a13f9225c540c5568a1c1839849368debd08,True
llama32_3b,Q5b_sym,0,48,2.0405120849609375,2047,2048,7a7b7dc6f6f242742c30f5194894a13f9225c540c5568a1c1839849368debd08,True
llama32_3b,Q5b_sym,0,49,2.038618803024292,2047,2048,7a7b7dc6f6f242742c30f5194894a13f9225c540c5568a1c1839849368debd08,True
llama32_3b,Q5b_sym,0,50,1.7683097124099731,2047,2048,7a7b7dc6f6f242742c30f5194894a13f9225c540c5568a1c1839849368debd08,True
llama32_3b,Q5b_sym,0,51,1.8426218032836914,2047,2048,7a7b7dc6f6f242742c30f5194894a13f9225c540c5568a1c1839849368debd08,True
llama32_3b,Q5b_sym,0,52,1.6890769004821777,2047,2048,7a7b7dc6f6f242742c30f5194894a13f9225c540c5568a1c1839849368debd08,True
llama32_3b,Q5b_sym,0,53,1.8981820344924927,2047,2048,7a7b7dc6f6f242742c30f5194894a13f9225c540c5568a1c1839849368debd08,True
llama32_3b,Q5b_sym,0,54,1.6446688175201416,2047,2048,7a7b7dc6f6f242742c30f5194894a13f9225c540c5568a1c1839849368debd08,True
llama32_3b,Q5b_sym,0,55,1.6201565265655518,2047,2048,7a7b7dc6f6f242742c30f5194894a13f9225c540c5568a1c1839849368debd08,True
llama32_3b,Q5b_sym,0,56,1.8442955017089844,2047,2048,7a7b7dc6f6f242742c30f5194894a13f9225c540c5568a1c1839849368debd08,True
llama32_3b,Q5b_sym,0,57,1.8198164701461792,2047,2048,7a7b7dc6f6f242742c30f5194894a13f9225c540c5568a1c1839849368debd08,True
llama32_3b,Q5b_sym,0,58,2.1824166774749756,2047,2048,7a7b7dc6f6f242742c30f5194894a13f9225c540c5568a1c1839849368debd08,True
llama32_3b,Q5b_sym,0,59,2.3658440113067627,2047,2048,7a7b7dc6f6f242742c30f5194894a13f9225c540c5568a1c1839849368debd08,True
llama32_3b,Q5b_sym,0,60,2.369117498397827,2047,2048,7a7b7dc6f6f242742c30f5194894a13f9225c540c5568a1c1839849368debd08,True
llama32_3b,Q5b_sym,0,61,2.476853609085083,2047,2048,7a7b7dc6f6f242742c30f5194894a13f9225c540c5568a1c1839849368debd08,True
llama32_3b,Q5b_sym,0,62,1.5297330617904663,2047,2048,7a7b7dc6f6f242742c30f5194894a13f9225c540c5568a1c1839849368debd08,True
llama32_3b,Q5b_sym,0,63,1.9214130640029907,2047,2048,7a7b7dc6f6f242742c30f5194894a13f9225c540c5568a1c1839849368debd08,True
llama32_3b,Q5b_sym,1,0,1.8363797664642334,2047,2048,7a7b7dc6f6f242742c30f5194894a13f9225c540c5568a1c1839849368debd08,True
llama32_3b,Q5b_sym,1,1,2.4392120838165283,2047,2048,7a7b7dc6f6f242742c30f5194894a13f9225c540c5568a1c1839849368debd08,True
llama32_3b,Q5b_sym,1,2,2.510633945465088,2047,2048,7a7b7dc6f6f242742c30f5194894a13f9225c540c5568a1c1839849368debd08,True
llama32_3b,Q5b_sym,1,3,2.0263426303863525,2047,2048,7a7b7dc6f6f242742c30f5194894a13f9225c540c5568a1c1839849368debd08,True
llama32_3b,Q5b_sym,1,4,1.9338737726211548,2047,2048,7a7b7dc6f6f242742c30f5194894a13f9225c540c5568a1c1839849368debd08,True
llama32_3b,Q5b_sym,1,5,1.5597172975540161,2047,2048,7a7b7dc6f6f242742c30f5194894a13f9225c540c5568a1c1839849368debd08,True
llama32_3b,Q5b_sym,1,6,1.6774970293045044,2047,2048,7a7b7dc6f6f242742c30f5194894a13f9225c540c5568a1c1839849368debd08,True
llama32_3b,Q5b_sym,1,7,1.9269871711730957,2047,2048,7a7b7dc6f6f242742c30f5194894a13f9225c540c5568a1c1839849368debd08,True
llama32_3b,Q5b_sym,1,8,2.249513626098633,2047,2048,7a7b7dc6f6f242742c30f5194894a13f9225c540c5568a1c1839849368debd08,True
llama32_3b,Q5b_sym,1,9,1.986260175704956,2047,2048,7a7b7dc6f6f242742c30f5194894a13f9225c540c5568a1c1839849368debd08,True
llama32_3b,Q5b_sym,1,10,1.9005886316299438,2047,2048,7a7b7dc6f6f242742c30f5194894a13f9225c540c5568a1c1839849368debd08,True
llama32_3b,Q5b_sym,1,11,2.2609691619873047,2047,2048,7a7b7dc6f6f242742c30f5194894a13f9225c540c5568a1c1839849368debd08,True
llama32_3b,Q5b_sym,1,12,2.1332080364227295,2047,2048,7a7b7dc6f6f242742c30f5194894a13f9225c540c5568a1c1839849368debd08,True
llama32_3b,Q5b_sym,1,13,2.273503303527832,2047,2048,7a7b7dc6f6f242742c30f5194894a13f9225c540c5568a1c1839849368debd08,True
llama32_3b,Q5b_sym,1,14,2.2061853408813477,2047,2048,7a7b7dc6f6f242742c30f5194894a13f9225c540c5568a1c1839849368debd08,True
llama32_3b,Q5b_sym,1,15,2.4104082584381104,2047,2048,7a7b7dc6f6f242742c30f5194894a13f9225c540c5568a1c1839849368debd08,True
llama32_3b,Q5b_sym,1,16,2.1363022327423096,2047,2048,7a7b7dc6f6f242742c30f5194894a13f9225c540c5568a1c1839849368debd08,True
llama32_3b,Q5b_sym,1,17,2.155266046524048,2047,2048,7a7b7dc6f6f242742c30f5194894a13f9225c540c5568a1c1839849368debd08,True
llama32_3b,Q5b_sym,1,18,1.9530082941055298,2047,2048,7a7b7dc6f6f242742c30f5194894a13f9225c540c5568a1c1839849368debd08,True
llama32_3b,Q5b_sym,1,19,2.125981569290161,2047,2048,7a7b7dc6f6f242742c30f5194894a13f9225c540c5568a1c1839849368debd08,True
llama32_3b,Q5b_sym,1,20,2.234923839569092,2047,2048,7a7b7dc6f6f242742c30f5194894a13f9225c540c5568a1c1839849368debd08,True
llama32_3b,Q5b_sym,1,21,2.1727237701416016,2047,2048,7a7b7dc6f6f242742c30f5194894a13f9225c540c5568a1c1839849368debd08,True
llama32_3b,Q5b_sym,1,22,2.222773790359497,2047,2048,7a7b7dc6f6f242742c30f5194894a13f9225c540c5568a1c1839849368debd08,True
llama32_3b,Q5b_sym,1,23,2.259819269180298,2047,2048,7a7b7dc6f6f242742c30f5194894a13f9225c540c5568a1c1839849368debd08,True
llama32_3b,Q5b_sym,1,24,2.285168409347534,2047,2048,7a7b7dc6f6f242742c30f5194894a13f9225c540c5568a1c1839849368debd08,True
llama32_3b,Q5b_sym,1,25,2.348118543624878,2047,2048,7a7b7dc6f6f242742c30f5194894a13f9225c540c5568a1c1839849368debd08,True
llama32_3b,Q5b_sym,1,26,2.4492263793945312,2047,2048,7a7b7dc6f6f242742c30f5194894a13f9225c540c5568a1c1839849368debd08,True
llama32_3b,Q5b_sym,1,27,2.2315049171447754,2047,2048,7a7b7dc6f6f242742c30f5194894a13f9225c540c5568a1c1839849368debd08,True
llama32_3b,Q5b_sym,1,28,2.009579658508301,2047,2048,7a7b7dc6f6f242742c30f5194894a13f9225c540c5568a1c1839849368debd08,True
llama32_3b,Q5b_sym,1,29,1.815973162651062,2047,2048,7a7b7dc6f6f242742c30f5194894a13f9225c540c5568a1c1839849368debd08,True
llama32_3b,Q5b_sym,1,30,1.7041956186294556,2047,2048,7a7b7dc6f6f242742c30f5194894a13f9225c540c5568a1c1839849368debd08,True
llama32_3b,Q5b_sym,1,31,1.7299139499664307,2047,2048,7a7b7dc6f6f242742c30f5194894a13f9225c540c5568a1c1839849368debd08,True
llama32_3b,Q5b_sym,1,32,2.031553030014038,2047,2048,7a7b7dc6f6f242742c30f5194894a13f9225c540c5568a1c1839849368debd08,True
llama32_3b,Q5b_sym,1,33,1.9948331117630005,2047,2048,7a7b7dc6f6f242742c30f5194894a13f9225c540c5568a1c1839849368debd08,True
llama32_3b,Q5b_sym,1,34,2.1693737506866455,2047,2048,7a7b7dc6f6f242742c30f5194894a13f9225c540c5568a1c1839849368debd08,True
llama32_3b,Q5b_sym,1,35,1.485674500465393,2047,2048,7a7b7dc6f6f242742c30f5194894a13f9225c540c5568a1c1839849368debd08,True
llama32_3b,Q5b_sym,1,36,1.451384425163269,2047,2048,7a7b7dc6f6f242742c30f5194894a13f9225c540c5568a1c1839849368debd08,True
llama32_3b,Q5b_sym,1,37,1.497467279434204,2047,2048,7a7b7dc6f6f242742c30f5194894a13f9225c540c5568a1c1839849368debd08,True
llama32_3b,Q5b_sym,1,38,1.4748374223709106,2047,2048,7a7b7dc6f6f242742c30f5194894a13f9225c540c5568a1c1839849368debd08,True
llama32_3b,Q5b_sym,1,39,1.6781610250473022,2047,2048,7a7b7dc6f6f242742c30f5194894a13f9225c540c5568a1c1839849368debd08,True
llama32_3b,Q5b_sym,1,40,2.281831979751587,2047,2048,7a7b7dc6f6f242742c30f5194894a13f9225c540c5568a1c1839849368debd08,True
llama32_3b,Q5b_sym,1,41,2.6950573921203613,2047,2048,7a7b7dc6f6f242742c30f5194894a13f9225c540c5568a1c1839849368debd08,True
llama32_3b,Q5b_sym,1,42,2.6929397583007812,2047,2048,7a7b7dc6f6f242742c30f5194894a13f9225c540c5568a1c1839849368debd08,True
llama32_3b,Q5b_sym,1,43,2.330080986022949,2047,2048,7a7b7dc6f6f242742c30f5194894a13f9225c540c5568a1c1839849368debd08,True
llama32_3b,Q5b_sym,1,44,2.317014694213867,2047,2048,7a7b7dc6f6f242742c30f5194894a13f9225c540c5568a1c1839849368debd08,True
llama32_3b,Q5b_sym,1,45,2.2909154891967773,2047,2048,7a7b7dc6f6f242742c30f5194894a13f9225c540c5568a1c1839849368debd08,True
llama32_3b,Q5b_sym,1,46,2.380141496658325,2047,2048,7a7b7dc6f6f242742c30f5194894a13f9225c540c5568a1c1839849368debd08,True
llama32_3b,Q5b_sym,1,47,2.1654651165008545,2047,2048,7a7b7dc6f6f242742c30f5194894a13f9225c540c5568a1c1839849368debd08,True
llama32_3b,Q5b_sym,1,48,2.045696258544922,2047,2048,7a7b7dc6f6f242742c30f5194894a13f9225c540c5568a1c1839849368debd08,True
llama32_3b,Q5b_sym,1,49,2.033707618713379,2047,2048,7a7b7dc6f6f242742c30f5194894a13f9225c540c5568a1c1839849368debd08,True
llama32_3b,Q5b_sym,1,50,1.7726114988327026,2047,2048,7a7b7dc6f6f242742c30f5194894a13f9225c540c5568a1c1839849368debd08,True
llama32_3b,Q5b_sym,1,51,1.8426438570022583,2047,2048,7a7b7dc6f6f242742c30f5194894a13f9225c540c5568a1c1839849368debd08,True
llama32_3b,Q5b_sym,1,52,1.6872855424880981,2047,2048,7a7b7dc6f6f242742c30f5194894a13f9225c540c5568a1c1839849368debd08,True
llama32_3b,Q5b_sym,1,53,1.9087615013122559,2047,2048,7a7b7dc6f6f242742c30f5194894a13f9225c540c5568a1c1839849368debd08,True
llama32_3b,Q5b_sym,1,54,1.6383503675460815,2047,2048,7a7b7dc6f6f242742c30f5194894a13f9225c540c5568a1c1839849368debd08,True
llama32_3b,Q5b_sym,1,55,1.6122443675994873,2047,2048,7a7b7dc6f6f242742c30f5194894a13f9225c540c5568a1c1839849368debd08,True
llama32_3b,Q5b_sym,1,56,1.8363018035888672,2047,2048,7a7b7dc6f6f242742c30f5194894a13f9225c540c5568a1c1839849368debd08,True
llama32_3b,Q5b_sym,1,57,1.8105199337005615,2047,2048,7a7b7dc6f6f242742c30f5194894a13f9225c540c5568a1c1839849368debd08,True
llama32_3b,Q5b_sym,1,58,2.197556734085083,2047,2048,7a7b7dc6f6f242742c30f5194894a13f9225c540c5568a1c1839849368debd08,True
llama32_3b,Q5b_sym,1,59,2.360109806060791,2047,2048,7a7b7dc6f6f242742c30f5194894a13f9225c540c5568a1c1839849368debd08,True
llama32_3b,Q5b_sym,1,60,2.3663084506988525,2047,2048,7a7b7dc6f6f242742c30f5194894a13f9225c540c5568a1c1839849368debd08,True
llama32_3b,Q5b_sym,1,61,2.477856397628784,2047,2048,7a7b7dc6f6f242742c30f5194894a13f9225c540c5568a1c1839849368debd08,True
llama32_3b,Q5b_sym,1,62,1.5095933675765991,2047,2048,7a7b7dc6f6f242742c30f5194894a13f9225c540c5568a1c1839849368debd08,True
llama32_3b,Q5b_sym,1,63,1.9071993827819824,2047,2048,7a7b7dc6f6f242742c30f5194894a13f9225c540c5568a1c1839849368debd08,True
llama32_3b,Q5b_sym,2,0,1.8485952615737915,2047,2048,7a7b7dc6f6f242742c30f5194894a13f9225c540c5568a1c1839849368debd08,True
llama32_3b,Q5b_sym,2,1,2.445953369140625,2047,2048,7a7b7dc6f6f242742c30f5194894a13f9225c540c5568a1c1839849368debd08,True
llama32_3b,Q5b_sym,2,2,2.513859748840332,2047,2048,7a7b7dc6f6f242742c30f5194894a13f9225c540c5568a1c1839849368debd08,True
llama32_3b,Q5b_sym,2,3,2.016576051712036,2047,2048,7a7b7dc6f6f242742c30f5194894a13f9225c540c5568a1c1839849368debd08,True
llama32_3b,Q5b_sym,2,4,1.9357024431228638,2047,2048,7a7b7dc6f6f242742c30f5194894a13f9225c540c5568a1c1839849368debd08,True
llama32_3b,Q5b_sym,2,5,1.557335615158081,2047,2048,7a7b7dc6f6f242742c30f5194894a13f9225c540c5568a1c1839849368debd08,True
llama32_3b,Q5b_sym,2,6,1.6789876222610474,2047,2048,7a7b7dc6f6f242742c30f5194894a13f9225c540c5568a1c1839849368debd08,True
llama32_3b,Q5b_sym,2,7,1.9241684675216675,2047,2048,7a7b7dc6f6f242742c30f5194894a13f9225c540c5568a1c1839849368debd08,True
llama32_3b,Q5b_sym,2,8,2.2641916275024414,2047,2048,7a7b7dc6f6f242742c30f5194894a13f9225c540c5568a1c1839849368debd08,True
llama32_3b,Q5b_sym,2,9,1.9869252443313599,2047,2048,7a7b7dc6f6f242742c30f5194894a13f9225c540c5568a1c1839849368debd08,True
llama32_3b,Q5b_sym,2,10,1.9126079082489014,2047,2048,7a7b7dc6f6f242742c30f5194894a13f9225c540c5568a1c1839849368debd08,True
llama32_3b,Q5b_sym,2,11,2.252934694290161,2047,2048,7a7b7dc6f6f242742c30f5194894a13f9225c540c5568a1c1839849368debd08,True
llama32_3b,Q5b_sym,2,12,2.1387414932250977,2047,2048,7a7b7dc6f6f242742c30f5194894a13f9225c540c5568a1c1839849368debd08,True
llama32_3b,Q5b_sym,2,13,2.290273666381836,2047,2048,7a7b7dc6f6f242742c30f5194894a13f9225c540c5568a1c1839849368debd08,True
llama32_3b,Q5b_sym,2,14,2.2026538848876953,2047,2048,7a7b7dc6f6f242742c30f5194894a13f9225c540c5568a1c1839849368debd08,True
llama32_3b,Q5b_sym,2,15,2.4213411808013916,2047,2048,7a7b7dc6f6f242742c30f5194894a13f9225c540c5568a1c1839849368debd08,True
llama32_3b,Q5b_sym,2,16,2.1391823291778564,2047,2048,7a7b7dc6f6f242742c30f5194894a13f9225c540c5568a1c1839849368debd08,True
llama32_3b,Q5b_sym,2,17,2.160792112350464,2047,2048,7a7b7dc6f6f242742c30f5194894a13f9225c540c5568a1c1839849368debd08,True
llama32_3b,Q5b_sym,2,18,1.9674986600875854,2047,2048,7a7b7dc6f6f242742c30f5194894a13f9225c540c5568a1c1839849368debd08,True
llama32_3b,Q5b_sym,2,19,2.1168875694274902,2047,2048,7a7b7dc6f6f242742c30f5194894a13f9225c540c5568a1c1839849368debd08,True
llama32_3b,Q5b_sym,2,20,2.2371129989624023,2047,2048,7a7b7dc6f6f242742c30f5194894a13f9225c540c5568a1c1839849368debd08,True
llama32_3b,Q5b_sym,2,21,2.1657660007476807,2047,2048,7a7b7dc6f6f242742c30f5194894a13f9225c540c5568a1c1839849368debd08,True
llama32_3b,Q5b_sym,2,22,2.2210142612457275,2047,2048,7a7b7dc6f6f242742c30f5194894a13f9225c540c5568a1c1839849368debd08,True
llama32_3b,Q5b_sym,2,23,2.2642219066619873,2047,2048,7a7b7dc6f6f242742c30f5194894a13f9225c540c5568a1c1839849368debd08,True
llama32_3b,Q5b_sym,2,24,2.285151720046997,2047,2048,7a7b7dc6f6f242742c30f5194894a13f9225c540c5568a1c1839849368debd08,True
llama32_3b,Q5b_sym,2,25,2.349957227706909,2047,2048,7a7b7dc6f6f242742c30f5194894a13f9225c540c5568a1c1839849368debd08,True
llama32_3b,Q5b_sym,2,26,2.4373245239257812,2047,2048,7a7b7dc6f6f242742c30f5194894a13f9225c540c5568a1c1839849368debd08,True
llama32_3b,Q5b_sym,2,27,2.2322566509246826,2047,2048,7a7b7dc6f6f242742c30f5194894a13f9225c540c5568a1c1839849368debd08,True
llama32_3b,Q5b_sym,2,28,2.014296770095825,2047,2048,7a7b7dc6f6f242742c30f5194894a13f9225c540c5568a1c1839849368debd08,True
llama32_3b,Q5b_sym,2,29,1.8167870044708252,2047,2048,7a7b7dc6f6f242742c30f5194894a13f9225c540c5568a1c1839849368debd08,True
llama32_3b,Q5b_sym,2,30,1.7035505771636963,2047,2048,7a7b7dc6f6f242742c30f5194894a13f9225c540c5568a1c1839849368debd08,True
llama32_3b,Q5b_sym,2,31,1.727182149887085,2047,2048,7a7b7dc6f6f242742c30f5194894a13f9225c540c5568a1c1839849368debd08,True
llama32_3b,Q5b_sym,2,32,2.026625871658325,2047,2048,7a7b7dc6f6f242742c30f5194894a13f9225c540c5568a1c1839849368debd08,True
llama32_3b,Q5b_sym,2,33,1.9871329069137573,2047,2048,7a7b7dc6f6f242742c30f5194894a13f9225c540c5568a1c1839849368debd08,True
llama32_3b,Q5b_sym,2,34,2.1686995029449463,2047,2048,7a7b7dc6f6f242742c30f5194894a13f9225c540c5568a1c1839849368debd08,True
llama32_3b,Q5b_sym,2,35,1.4802067279815674,2047,2048,7a7b7dc6f6f242742c30f5194894a13f9225c540c5568a1c1839849368debd08,True
llama32_3b,Q5b_sym,2,36,1.4535679817199707,2047,2048,7a7b7dc6f6f242742c30f5194894a13f9225c540c5568a1c1839849368debd08,True
llama32_3b,Q5b_sym,2,37,1.4889112710952759,2047,2048,7a7b7dc6f6f242742c30f5194894a13f9225c540c5568a1c1839849368debd08,True
llama32_3b,Q5b_sym,2,38,1.4815609455108643,2047,2048,7a7b7dc6f6f242742c30f5194894a13f9225c540c5568a1c1839849368debd08,True
llama32_3b,Q5b_sym,2,39,1.6845453977584839,2047,2048,7a7b7dc6f6f242742c30f5194894a13f9225c540c5568a1c1839849368debd08,True
llama32_3b,Q5b_sym,2,40,2.2775440216064453,2047,2048,7a7b7dc6f6f242742c30f5194894a13f9225c540c5568a1c1839849368debd08,True
llama32_3b,Q5b_sym,2,41,2.698451519012451,2047,2048,7a7b7dc6f6f242742c30f5194894a13f9225c540c5568a1c1839849368debd08,True
llama32_3b,Q5b_sym,2,42,2.700023651123047,2047,2048,7a7b7dc6f6f242742c30f5194894a13f9225c540c5568a1c1839849368debd08,True
llama32_3b,Q5b_sym,2,43,2.3193750381469727,2047,2048,7a7b7dc6f6f242742c30f5194894a13f9225c540c5568a1c1839849368debd08,True
llama32_3b,Q5b_sym,2,44,2.3199102878570557,2047,2048,7a7b7dc6f6f242742c30f5194894a13f9225c540c5568a1c1839849368debd08,True
llama32_3b,Q5b_sym,2,45,2.2763757705688477,2047,2048,7a7b7dc6f6f242742c30f5194894a13f9225c540c5568a1c1839849368debd08,True
llama32_3b,Q5b_sym,2,46,2.379729747772217,2047,2048,7a7b7dc6f6f242742c30f5194894a13f9225c540c5568a1c1839849368debd08,True
llama32_3b,Q5b_sym,2,47,2.178825616836548,2047,2048,7a7b7dc6f6f242742c30f5194894a13f9225c540c5568a1c1839849368debd08,True
llama32_3b,Q5b_sym,2,48,2.0514910221099854,2047,2048,7a7b7dc6f6f242742c30f5194894a13f9225c540c5568a1c1839849368debd08,True
llama32_3b,Q5b_sym,2,49,2.0363996028900146,2047,2048,7a7b7dc6f6f242742c30f5194894a13f9225c540c5568a1c1839849368debd08,True
llama32_3b,Q5b_sym,2,50,1.7530473470687866,2047,2048,7a7b7dc6f6f242742c30f5194894a13f9225c540c5568a1c1839849368debd08,True
llama32_3b,Q5b_sym,2,51,1.8459277153015137,2047,2048,7a7b7dc6f6f242742c30f5194894a13f9225c540c5568a1c1839849368debd08,True
llama32_3b,Q5b_sym,2,52,1.6913797855377197,2047,2048,7a7b7dc6f6f242742c30f5194894a13f9225c540c5568a1c1839849368debd08,True
llama32_3b,Q5b_sym,2,53,1.9124330282211304,2047,2048,7a7b7dc6f6f242742c30f5194894a13f9225c540c5568a1c1839849368debd08,True
llama32_3b,Q5b_sym,2,54,1.6329253911972046,2047,2048,7a7b7dc6f6f242742c30f5194894a13f9225c540c5568a1c1839849368debd08,True
llama32_3b,Q5b_sym,2,55,1.6061581373214722,2047,2048,7a7b7dc6f6f242742c30f5194894a13f9225c540c5568a1c1839849368debd08,True
llama32_3b,Q5b_sym,2,56,1.8344125747680664,2047,2048,7a7b7dc6f6f242742c30f5194894a13f9225c540c5568a1c1839849368debd08,True
llama32_3b,Q5b_sym,2,57,1.8199559450149536,2047,2048,7a7b7dc6f6f242742c30f5194894a13f9225c540c5568a1c1839849368debd08,True
llama32_3b,Q5b_sym,2,58,2.1938118934631348,2047,2048,7a7b7dc6f6f242742c30f5194894a13f9225c540c5568a1c1839849368debd08,True
llama32_3b,Q5b_sym,2,59,2.3586013317108154,2047,2048,7a7b7dc6f6f242742c30f5194894a13f9225c540c5568a1c1839849368debd08,True
llama32_3b,Q5b_sym,2,60,2.363152027130127,2047,2048,7a7b7dc6f6f242742c30f5194894a13f9225c540c5568a1c1839849368debd08,True
llama32_3b,Q5b_sym,2,61,2.470357656478882,2047,2048,7a7b7dc6f6f242742c30f5194894a13f9225c540c5568a1c1839849368debd08,True
llama32_3b,Q5b_sym,2,62,1.5220956802368164,2047,2048,7a7b7dc6f6f242742c30f5194894a13f9225c540c5568a1c1839849368debd08,True
llama32_3b,Q5b_sym,2,63,1.9121612310409546,2047,2048,7a7b7dc6f6f242742c30f5194894a13f9225c540c5568a1c1839849368debd08,True
llama32_3b,M1_pq_asym,0,0,1.8189387321472168,2047,25,7a7b7dc6f6f242742c30f5194894a13f9225c540c5568a1c1839849368debd08,True
llama32_3b,M1_pq_asym,0,1,2.4240026473999023,2047,2,7a7b7dc6f6f242742c30f5194894a13f9225c540c5568a1c1839849368debd08,True
llama32_3b,M1_pq_asym,0,2,2.4948554039001465,2047,2,7a7b7dc6f6f242742c30f5194894a13f9225c540c5568a1c1839849368debd08,True
llama32_3b,M1_pq_asym,0,3,2.005220651626587,2047,6,7a7b7dc6f6f242742c30f5194894a13f9225c540c5568a1c1839849368debd08,True
llama32_3b,M1_pq_asym,0,4,1.9155006408691406,2047,2,7a7b7dc6f6f242742c30f5194894a13f9225c540c5568a1c1839849368debd08,True
llama32_3b,M1_pq_asym,0,5,1.5424988269805908,2047,1,7a7b7dc6f6f242742c30f5194894a13f9225c540c5568a1c1839849368debd08,True
llama32_3b,M1_pq_asym,0,6,1.6591055393218994,2047,1,7a7b7dc6f6f242742c30f5194894a13f9225c540c5568a1c1839849368debd08,True
llama32_3b,M1_pq_asym,0,7,1.910322904586792,2047,2,7a7b7dc6f6f242742c30f5194894a13f9225c540c5568a1c1839849368debd08,True
llama32_3b,M1_pq_asym,0,8,2.24088978767395,2047,2,7a7b7dc6f6f242742c30f5194894a13f9225c540c5568a1c1839849368debd08,True
llama32_3b,M1_pq_asym,0,9,1.9637032747268677,2047,1,7a7b7dc6f6f242742c30f5194894a13f9225c540c5568a1c1839849368debd08,True
llama32_3b,M1_pq_asym,0,10,1.8896137475967407,2047,4,7a7b7dc6f6f242742c30f5194894a13f9225c540c5568a1c1839849368debd08,True
llama32_3b,M1_pq_asym,0,11,2.2435193061828613,2047,1,7a7b7dc6f6f242742c30f5194894a13f9225c540c5568a1c1839849368debd08,True
llama32_3b,M1_pq_asym,0,12,2.109344959259033,2047,1,7a7b7dc6f6f242742c30f5194894a13f9225c540c5568a1c1839849368debd08,True
llama32_3b,M1_pq_asym,0,13,2.2677009105682373,2047,1,7a7b7dc6f6f242742c30f5194894a13f9225c540c5568a1c1839849368debd08,True
llama32_3b,M1_pq_asym,0,14,2.1886141300201416,2047,1,7a7b7dc6f6f242742c30f5194894a13f9225c540c5568a1c1839849368debd08,True
llama32_3b,M1_pq_asym,0,15,2.3955512046813965,2047,1,7a7b7dc6f6f242742c30f5194894a13f9225c540c5568a1c1839849368debd08,True
llama32_3b,M1_pq_asym,0,16,2.120737314224243,2047,2,7a7b7dc6f6f242742c30f5194894a13f9225c540c5568a1c1839849368debd08,True
llama32_3b,M1_pq_asym,0,17,2.13598370552063,2047,1,7a7b7dc6f6f242742c30f5194894a13f9225c540c5568a1c1839849368debd08,True
llama32_3b,M1_pq_asym,0,18,1.94301176071167,2047,8,7a7b7dc6f6f242742c30f5194894a13f9225c540c5568a1c1839849368debd08,True
llama32_3b,M1_pq_asym,0,19,2.104973793029785,2047,1,7a7b7dc6f6f242742c30f5194894a13f9225c540c5568a1c1839849368debd08,True
llama32_3b,M1_pq_asym,0,20,2.221111536026001,2047,3,7a7b7dc6f6f242742c30f5194894a13f9225c540c5568a1c1839849368debd08,True
llama32_3b,M1_pq_asym,0,21,2.149437427520752,2047,1,7a7b7dc6f6f242742c30f5194894a13f9225c540c5568a1c1839849368debd08,True
llama32_3b,M1_pq_asym,0,22,2.204625368118286,2047,4,7a7b7dc6f6f242742c30f5194894a13f9225c540c5568a1c1839849368debd08,True
llama32_3b,M1_pq_asym,0,23,2.2415883541107178,2047,1,7a7b7dc6f6f242742c30f5194894a13f9225c540c5568a1c1839849368debd08,True
llama32_3b,M1_pq_asym,0,24,2.2718520164489746,2047,1,7a7b7dc6f6f242742c30f5194894a13f9225c540c5568a1c1839849368debd08,True
llama32_3b,M1_pq_asym,0,25,2.3308017253875732,2047,1,7a7b7dc6f6f242742c30f5194894a13f9225c540c5568a1c1839849368debd08,True
llama32_3b,M1_pq_asym,0,26,2.417937755584717,2047,4,7a7b7dc6f6f242742c30f5194894a13f9225c540c5568a1c1839849368debd08,True
llama32_3b,M1_pq_asym,0,27,2.217475652694702,2047,7,7a7b7dc6f6f242742c30f5194894a13f9225c540c5568a1c1839849368debd08,True
llama32_3b,M1_pq_asym,0,28,1.9877197742462158,2047,1,7a7b7dc6f6f242742c30f5194894a13f9225c540c5568a1c1839849368debd08,True
llama32_3b,M1_pq_asym,0,29,1.7957512140274048,2047,1,7a7b7dc6f6f242742c30f5194894a13f9225c540c5568a1c1839849368debd08,True
llama32_3b,M1_pq_asym,0,30,1.6775320768356323,2047,1,7a7b7dc6f6f242742c30f5194894a13f9225c540c5568a1c1839849368debd08,True
llama32_3b,M1_pq_asym,0,31,1.7086342573165894,2047,1,7a7b7dc6f6f242742c30f5194894a13f9225c540c5568a1c1839849368debd08,True
llama32_3b,M1_pq_asym,0,32,2.006279468536377,2047,1,7a7b7dc6f6f242742c30f5194894a13f9225c540c5568a1c1839849368debd08,True
llama32_3b,M1_pq_asym,0,33,1.9760489463806152,2047,8,7a7b7dc6f6f242742c30f5194894a13f9225c540c5568a1c1839849368debd08,True
llama32_3b,M1_pq_asym,0,34,2.149810791015625,2047,1,7a7b7dc6f6f242742c30f5194894a13f9225c540c5568a1c1839849368debd08,True
llama32_3b,M1_pq_asym,0,35,1.4689143896102905,2047,6,7a7b7dc6f6f242742c30f5194894a13f9225c540c5568a1c1839849368debd08,True
llama32_3b,M1_pq_asym,0,36,1.4383403062820435,2047,6,7a7b7dc6f6f242742c30f5194894a13f9225c540c5568a1c1839849368debd08,True
llama32_3b,M1_pq_asym,0,37,1.481384515762329,2047,5,7a7b7dc6f6f242742c30f5194894a13f9225c540c5568a1c1839849368debd08,True
llama32_3b,M1_pq_asym,0,38,1.4639739990234375,2047,4,7a7b7dc6f6f242742c30f5194894a13f9225c540c5568a1c1839849368debd08,True
llama32_3b,M1_pq_asym,0,39,1.6582165956497192,2047,2,7a7b7dc6f6f242742c30f5194894a13f9225c540c5568a1c1839849368debd08,True
llama32_3b,M1_pq_asym,0,40,2.2615411281585693,2047,3,7a7b7dc6f6f242742c30f5194894a13f9225c540c5568a1c1839849368debd08,True
llama32_3b,M1_pq_asym,0,41,2.684143304824829,2047,3,7a7b7dc6f6f242742c30f5194894a13f9225c540c5568a1c1839849368debd08,True
llama32_3b,M1_pq_asym,0,42,2.67765474319458,2047,2,7a7b7dc6f6f242742c30f5194894a13f9225c540c5568a1c1839849368debd08,True
llama32_3b,M1_pq_asym,0,43,2.3000543117523193,2047,6,7a7b7dc6f6f242742c30f5194894a13f9225c540c5568a1c1839849368debd08,True
llama32_3b,M1_pq_asym,0,44,2.291956901550293,2047,6,7a7b7dc6f6f242742c30f5194894a13f9225c540c5568a1c1839849368debd08,True
llama32_3b,M1_pq_asym,0,45,2.269592761993408,2047,5,7a7b7dc6f6f242742c30f5194894a13f9225c540c5568a1c1839849368debd08,True
llama32_3b,M1_pq_asym,0,46,2.360332489013672,2047,1,7a7b7dc6f6f242742c30f5194894a13f9225c540c5568a1c1839849368debd08,True
llama32_3b,M1_pq_asym,0,47,2.1550798416137695,2047,1,7a7b7dc6f6f242742c30f5194894a13f9225c540c5568a1c1839849368debd08,True
llama32_3b,M1_pq_asym,0,48,2.0266294479370117,2047,4,7a7b7dc6f6f242742c30f5194894a13f9225c540c5568a1c1839849368debd08,True
llama32_3b,M1_pq_asym,0,49,2.0211360454559326,2047,5,7a7b7dc6f6f242742c30f5194894a13f9225c540c5568a1c1839849368debd08,True
llama32_3b,M1_pq_asym,0,50,1.7387893199920654,2047,2,7a7b7dc6f6f242742c30f5194894a13f9225c540c5568a1c1839849368debd08,True
llama32_3b,M1_pq_asym,0,51,1.834153652191162,2047,1,7a7b7dc6f6f242742c30f5194894a13f9225c540c5568a1c1839849368debd08,True
llama32_3b,M1_pq_asym,0,52,1.6692613363265991,2047,1,7a7b7dc6f6f242742c30f5194894a13f9225c540c5568a1c1839849368debd08,True
llama32_3b,M1_pq_asym,0,53,1.8948811292648315,2047,1,7a7b7dc6f6f242742c30f5194894a13f9225c540c5568a1c1839849368debd08,True
llama32_3b,M1_pq_asym,0,54,1.6230378150939941,2047,1,7a7b7dc6f6f242742c30f5194894a13f9225c540c5568a1c1839849368debd08,True
llama32_3b,M1_pq_asym,0,55,1.599236249923706,2047,2,7a7b7dc6f6f242742c30f5194894a13f9225c540c5568a1c1839849368debd08,True
llama32_3b,M1_pq_asym,0,56,1.8155754804611206,2047,1,7a7b7dc6f6f242742c30f5194894a13f9225c540c5568a1c1839849368debd08,True
llama32_3b,M1_pq_asym,0,57,1.796821117401123,2047,1,7a7b7dc6f6f242742c30f5194894a13f9225c540c5568a1c1839849368debd08,True
llama32_3b,M1_pq_asym,0,58,2.1726951599121094,2047,2,7a7b7dc6f6f242742c30f5194894a13f9225c540c5568a1c1839849368debd08,True
llama32_3b,M1_pq_asym,0,59,2.343223810195923,2047,3,7a7b7dc6f6f242742c30f5194894a13f9225c540c5568a1c1839849368debd08,True
llama32_3b,M1_pq_asym,0,60,2.3515405654907227,2047,2,7a7b7dc6f6f242742c30f5194894a13f9225c540c5568a1c1839849368debd08,True
llama32_3b,M1_pq_asym,0,61,2.455465078353882,2047,4,7a7b7dc6f6f242742c30f5194894a13f9225c540c5568a1c1839849368debd08,True
llama32_3b,M1_pq_asym,0,62,1.5030728578567505,2047,6,7a7b7dc6f6f242742c30f5194894a13f9225c540c5568a1c1839849368debd08,True
llama32_3b,M1_pq_asym,0,63,1.8946211338043213,2047,9,7a7b7dc6f6f242742c30f5194894a13f9225c540c5568a1c1839849368debd08,True
llama32_3b,M1_pq_asym,1,0,1.8259197473526,2047,25,7a7b7dc6f6f242742c30f5194894a13f9225c540c5568a1c1839849368debd08,True
llama32_3b,M1_pq_asym,1,1,2.42261004447937,2047,2,7a7b7dc6f6f242742c30f5194894a13f9225c540c5568a1c1839849368debd08,True
llama32_3b,M1_pq_asym,1,2,2.4907796382904053,2047,2,7a7b7dc6f6f242742c30f5194894a13f9225c540c5568a1c1839849368debd08,True
llama32_3b,M1_pq_asym,1,3,2.0056445598602295,2047,6,7a7b7dc6f6f242742c30f5194894a13f9225c540c5568a1c1839849368debd08,True
llama32_3b,M1_pq_asym,1,4,1.9165959358215332,2047,2,7a7b7dc6f6f242742c30f5194894a13f9225c540c5568a1c1839849368debd08,True
llama32_3b,M1_pq_asym,1,5,1.5421056747436523,2047,1,7a7b7dc6f6f242742c30f5194894a13f9225c540c5568a1c1839849368debd08,True
llama32_3b,M1_pq_asym,1,6,1.656408429145813,2047,1,7a7b7dc6f6f242742c30f5194894a13f9225c540c5568a1c1839849368debd08,True
llama32_3b,M1_pq_asym,1,7,1.9072716236114502,2047,2,7a7b7dc6f6f242742c30f5194894a13f9225c540c5568a1c1839849368debd08,True
llama32_3b,M1_pq_asym,1,8,2.2405498027801514,2047,2,7a7b7dc6f6f242742c30f5194894a13f9225c540c5568a1c1839849368debd08,True
llama32_3b,M1_pq_asym,1,9,1.9649956226348877,2047,1,7a7b7dc6f6f242742c30f5194894a13f9225c540c5568a1c1839849368debd08,True
llama32_3b,M1_pq_asym,1,10,1.8906971216201782,2047,4,7a7b7dc6f6f242742c30f5194894a13f9225c540c5568a1c1839849368debd08,True
llama32_3b,M1_pq_asym,1,11,2.242853879928589,2047,1,7a7b7dc6f6f242742c30f5194894a13f9225c540c5568a1c1839849368debd08,True
llama32_3b,M1_pq_asym,1,12,2.112001419067383,2047,1,7a7b7dc6f6f242742c30f5194894a13f9225c540c5568a1c1839849368debd08,True
llama32_3b,M1_pq_asym,1,13,2.26857852935791,2047,1,7a7b7dc6f6f242742c30f5194894a13f9225c540c5568a1c1839849368debd08,True
llama32_3b,M1_pq_asym,1,14,2.189648389816284,2047,1,7a7b7dc6f6f242742c30f5194894a13f9225c540c5568a1c1839849368debd08,True
llama32_3b,M1_pq_asym,1,15,2.394138813018799,2047,1,7a7b7dc6f6f242742c30f5194894a13f9225c540c5568a1c1839849368debd08,True
llama32_3b,M1_pq_asym,1,16,2.120931386947632,2047,2,7a7b7dc6f6f242742c30f5194894a13f9225c540c5568a1c1839849368debd08,True
llama32_3b,M1_pq_asym,1,17,2.136453866958618,2047,1,7a7b7dc6f6f242742c30f5194894a13f9225c540c5568a1c1839849368debd08,True
llama32_3b,M1_pq_asym,1,18,1.9445377588272095,2047,8,7a7b7dc6f6f242742c30f5194894a13f9225c540c5568a1c1839849368debd08,True
llama32_3b,M1_pq_asym,1,19,2.103487968444824,2047,1,7a7b7dc6f6f242742c30f5194894a13f9225c540c5568a1c1839849368debd08,True
llama32_3b,M1_pq_asym,1,20,2.2241008281707764,2047,3,7a7b7dc6f6f242742c30f5194894a13f9225c540c5568a1c1839849368debd08,True
llama32_3b,M1_pq_asym,1,21,2.148717164993286,2047,1,7a7b7dc6f6f242742c30f5194894a13f9225c540c5568a1c1839849368debd08,True
llama32_3b,M1_pq_asym,1,22,2.2019925117492676,2047,4,7a7b7dc6f6f242742c30f5194894a13f9225c540c5568a1c1839849368debd08,True
llama32_3b,M1_pq_asym,1,23,2.2415711879730225,2047,1,7a7b7dc6f6f242742c30f5194894a13f9225c540c5568a1c1839849368debd08,True
llama32_3b,M1_pq_asym,1,24,2.269141435623169,2047,1,7a7b7dc6f6f242742c30f5194894a13f9225c540c5568a1c1839849368debd08,True
llama32_3b,M1_pq_asym,1,25,2.3286077976226807,2047,1,7a7b7dc6f6f242742c30f5194894a13f9225c540c5568a1c1839849368debd08,True
llama32_3b,M1_pq_asym,1,26,2.4172203540802,2047,4,7a7b7dc6f6f242742c30f5194894a13f9225c540c5568a1c1839849368debd08,True
llama32_3b,M1_pq_asym,1,27,2.2193238735198975,2047,7,7a7b7dc6f6f242742c30f5194894a13f9225c540c5568a1c1839849368debd08,True
llama32_3b,M1_pq_asym,1,28,1.989963412284851,2047,1,7a7b7dc6f6f242742c30f5194894a13f9225c540c5568a1c1839849368debd08,True
llama32_3b,M1_pq_asym,1,29,1.792563796043396,2047,1,7a7b7dc6f6f242742c30f5194894a13f9225c540c5568a1c1839849368debd08,True
llama32_3b,M1_pq_asym,1,30,1.6769335269927979,2047,1,7a7b7dc6f6f242742c30f5194894a13f9225c540c5568a1c1839849368debd08,True
llama32_3b,M1_pq_asym,1,31,1.7094810009002686,2047,1,7a7b7dc6f6f242742c30f5194894a13f9225c540c5568a1c1839849368debd08,True
llama32_3b,M1_pq_asym,1,32,2.0051567554473877,2047,1,7a7b7dc6f6f242742c30f5194894a13f9225c540c5568a1c1839849368debd08,True
llama32_3b,M1_pq_asym,1,33,1.9734344482421875,2047,8,7a7b7dc6f6f242742c30f5194894a13f9225c540c5568a1c1839849368debd08,True
llama32_3b,M1_pq_asym,1,34,2.1508872509002686,2047,1,7a7b7dc6f6f242742c30f5194894a13f9225c540c5568a1c1839849368debd08,True
llama32_3b,M1_pq_asym,1,35,1.4682824611663818,2047,6,7a7b7dc6f6f242742c30f5194894a13f9225c540c5568a1c1839849368debd08,True
llama32_3b,M1_pq_asym,1,36,1.4372597932815552,2047,6,7a7b7dc6f6f242742c30f5194894a13f9225c540c5568a1c1839849368debd08,True
llama32_3b,M1_pq_asym,1,37,1.4815361499786377,2047,5,7a7b7dc6f6f242742c30f5194894a13f9225c540c5568a1c1839849368debd08,True
llama32_3b,M1_pq_asym,1,38,1.4634402990341187,2047,4,7a7b7dc6f6f242742c30f5194894a13f9225c540c5568a1c1839849368debd08,True
llama32_3b,M1_pq_asym,1,39,1.6610275506973267,2047,2,7a7b7dc6f6f242742c30f5194894a13f9225c540c5568a1c1839849368debd08,True
llama32_3b,M1_pq_asym,1,40,2.2627298831939697,2047,3,7a7b7dc6f6f242742c30f5194894a13f9225c540c5568a1c1839849368debd08,True
llama32_3b,M1_pq_asym,1,41,2.6814069747924805,2047,3,7a7b7dc6f6f242742c30f5194894a13f9225c540c5568a1c1839849368debd08,True
llama32_3b,M1_pq_asym,1,42,2.678171396255493,2047,2,7a7b7dc6f6f242742c30f5194894a13f9225c540c5568a1c1839849368debd08,True
llama32_3b,M1_pq_asym,1,43,2.3006091117858887,2047,6,7a7b7dc6f6f242742c30f5194894a13f9225c540c5568a1c1839849368debd08,True
llama32_3b,M1_pq_asym,1,44,2.294262170791626,2047,6,7a7b7dc6f6f242742c30f5194894a13f9225c540c5568a1c1839849368debd08,True
llama32_3b,M1_pq_asym,1,45,2.270111560821533,2047,5,7a7b7dc6f6f242742c30f5194894a13f9225c540c5568a1c1839849368debd08,True
llama32_3b,M1_pq_asym,1,46,2.3619678020477295,2047,1,7a7b7dc6f6f242742c30f5194894a13f9225c540c5568a1c1839849368debd08,True
llama32_3b,M1_pq_asym,1,47,2.1511974334716797,2047,1,7a7b7dc6f6f242742c30f5194894a13f9225c540c5568a1c1839849368debd08,True
llama32_3b,M1_pq_asym,1,48,2.024106025695801,2047,4,7a7b7dc6f6f242742c30f5194894a13f9225c540c5568a1c1839849368debd08,True
llama32_3b,M1_pq_asym,1,49,2.0196001529693604,2047,5,7a7b7dc6f6f242742c30f5194894a13f9225c540c5568a1c1839849368debd08,True
llama32_3b,M1_pq_asym,1,50,1.736307144165039,2047,2,7a7b7dc6f6f242742c30f5194894a13f9225c540c5568a1c1839849368debd08,True
llama32_3b,M1_pq_asym,1,51,1.83194899559021,2047,1,7a7b7dc6f6f242742c30f5194894a13f9225c540c5568a1c1839849368debd08,True
llama32_3b,M1_pq_asym,1,52,1.6667371988296509,2047,1,7a7b7dc6f6f242742c30f5194894a13f9225c540c5568a1c1839849368debd08,True
llama32_3b,M1_pq_asym,1,53,1.8942348957061768,2047,1,7a7b7dc6f6f242742c30f5194894a13f9225c540c5568a1c1839849368debd08,True
llama32_3b,M1_pq_asym,1,54,1.622965693473816,2047,1,7a7b7dc6f6f242742c30f5194894a13f9225c540c5568a1c1839849368debd08,True
llama32_3b,M1_pq_asym,1,55,1.596996545791626,2047,2,7a7b7dc6f6f242742c30f5194894a13f9225c540c5568a1c1839849368debd08,True
llama32_3b,M1_pq_asym,1,56,1.8123444318771362,2047,1,7a7b7dc6f6f242742c30f5194894a13f9225c540c5568a1c1839849368debd08,True
llama32_3b,M1_pq_asym,1,57,1.7957289218902588,2047,1,7a7b7dc6f6f242742c30f5194894a13f9225c540c5568a1c1839849368debd08,True
llama32_3b,M1_pq_asym,1,58,2.1702616214752197,2047,2,7a7b7dc6f6f242742c30f5194894a13f9225c540c5568a1c1839849368debd08,True
llama32_3b,M1_pq_asym,1,59,2.3413796424865723,2047,3,7a7b7dc6f6f242742c30f5194894a13f9225c540c5568a1c1839849368debd08,True
llama32_3b,M1_pq_asym,1,60,2.350989818572998,2047,2,7a7b7dc6f6f242742c30f5194894a13f9225c540c5568a1c1839849368debd08,True
llama32_3b,M1_pq_asym,1,61,2.458710193634033,2047,4,7a7b7dc6f6f242742c30f5194894a13f9225c540c5568a1c1839849368debd08,True
llama32_3b,M1_pq_asym,1,62,1.4999349117279053,2047,6,7a7b7dc6f6f242742c30f5194894a13f9225c540c5568a1c1839849368debd08,True
llama32_3b,M1_pq_asym,1,63,1.894562840461731,2047,9,7a7b7dc6f6f242742c30f5194894a13f9225c540c5568a1c1839849368debd08,True
llama32_3b,M1_pq_asym,2,0,1.8226526975631714,2047,25,7a7b7dc6f6f242742c30f5194894a13f9225c540c5568a1c1839849368debd08,True
llama32_3b,M1_pq_asym,2,1,2.425673007965088,2047,2,7a7b7dc6f6f242742c30f5194894a13f9225c540c5568a1c1839849368debd08,True
llama32_3b,M1_pq_asym,2,2,2.493884801864624,2047,2,7a7b7dc6f6f242742c30f5194894a13f9225c540c5568a1c1839849368debd08,True
llama32_3b,M1_pq_asym,2,3,2.0099759101867676,2047,6,7a7b7dc6f6f242742c30f5194894a13f9225c540c5568a1c1839849368debd08,True
llama32_3b,M1_pq_asym,2,4,1.915382742881775,2047,2,7a7b7dc6f6f242742c30f5194894a13f9225c540c5568a1c1839849368debd08,True
llama32_3b,M1_pq_asym,2,5,1.5438752174377441,2047,1,7a7b7dc6f6f242742c30f5194894a13f9225c540c5568a1c1839849368debd08,True
llama32_3b,M1_pq_asym,2,6,1.657986044883728,2047,1,7a7b7dc6f6f242742c30f5194894a13f9225c540c5568a1c1839849368debd08,True
llama32_3b,M1_pq_asym,2,7,1.9090616703033447,2047,2,7a7b7dc6f6f242742c30f5194894a13f9225c540c5568a1c1839849368debd08,True
llama32_3b,M1_pq_asym,2,8,2.2404439449310303,2047,2,7a7b7dc6f6f242742c30f5194894a13f9225c540c5568a1c1839849368debd08,True
llama32_3b,M1_pq_asym,2,9,1.9663753509521484,2047,1,7a7b7dc6f6f242742c30f5194894a13f9225c540c5568a1c1839849368debd08,True
llama32_3b,M1_pq_asym,2,10,1.893251895904541,2047,4,7a7b7dc6f6f242742c30f5194894a13f9225c540c5568a1c1839849368debd08,True
llama32_3b,M1_pq_asym,2,11,2.2464663982391357,2047,1,7a7b7dc6f6f242742c30f5194894a13f9225c540c5568a1c1839849368debd08,True
llama32_3b,M1_pq_asym,2,12,2.1114249229431152,2047,1,7a7b7dc6f6f242742c30f5194894a13f9225c540c5568a1c1839849368debd08,True
llama32_3b,M1_pq_asym,2,13,2.2688446044921875,2047,1,7a7b7dc6f6f242742c30f5194894a13f9225c540c5568a1c1839849368debd08,True
llama32_3b,M1_pq_asym,2,14,2.1896426677703857,2047,1,7a7b7dc6f6f242742c30f5194894a13f9225c540c5568a1c1839849368debd08,True
llama32_3b,M1_pq_asym,2,15,2.394822835922241,2047,1,7a7b7dc6f6f242742c30f5194894a13f9225c540c5568a1c1839849368debd08,True
llama32_3b,M1_pq_asym,2,16,2.121380090713501,2047,2,7a7b7dc6f6f242742c30f5194894a13f9225c540c5568a1c1839849368debd08,True
llama32_3b,M1_pq_asym,2,17,2.1370670795440674,2047,1,7a7b7dc6f6f242742c30f5194894a13f9225c540c5568a1c1839849368debd08,True
llama32_3b,M1_pq_asym,2,18,1.9462398290634155,2047,8,7a7b7dc6f6f242742c30f5194894a13f9225c540c5568a1c1839849368debd08,True
llama32_3b,M1_pq_asym,2,19,2.104525089263916,2047,1,7a7b7dc6f6f242742c30f5194894a13f9225c540c5568a1c1839849368debd08,True
llama32_3b,M1_pq_asym,2,20,2.2237181663513184,2047,3,7a7b7dc6f6f242742c30f5194894a13f9225c540c5568a1c1839849368debd08,True
llama32_3b,M1_pq_asym,2,21,2.149087429046631,2047,1,7a7b7dc6f6f242742c30f5194894a13f9225c540c5568a1c1839849368debd08,True
llama32_3b,M1_pq_asym,2,22,2.205768585205078,2047,4,7a7b7dc6f6f242742c30f5194894a13f9225c540c5568a1c1839849368debd08,True
llama32_3b,M1_pq_asym,2,23,2.2428157329559326,2047,1,7a7b7dc6f6f242742c30f5194894a13f9225c540c5568a1c1839849368debd08,True
llama32_3b,M1_pq_asym,2,24,2.273470401763916,2047,1,7a7b7dc6f6f242742c30f5194894a13f9225c540c5568a1c1839849368debd08,True
llama32_3b,M1_pq_asym,2,25,2.3273699283599854,2047,1,7a7b7dc6f6f242742c30f5194894a13f9225c540c5568a1c1839849368debd08,True
llama32_3b,M1_pq_asym,2,26,2.41388201713562,2047,4,7a7b7dc6f6f242742c30f5194894a13f9225c540c5568a1c1839849368debd08,True
llama32_3b,M1_pq_asym,2,27,2.2171132564544678,2047,7,7a7b7dc6f6f242742c30f5194894a13f9225c540c5568a1c1839849368debd08,True
llama32_3b,M1_pq_asym,2,28,1.9895963668823242,2047,1,7a7b7dc6f6f242742c30f5194894a13f9225c540c5568a1c1839849368debd08,True
llama32_3b,M1_pq_asym,2,29,1.7966657876968384,2047,1,7a7b7dc6f6f242742c30f5194894a13f9225c540c5568a1c1839849368debd08,True
llama32_3b,M1_pq_asym,2,30,1.6778987646102905,2047,1,7a7b7dc6f6f242742c30f5194894a13f9225c540c5568a1c1839849368debd08,True
llama32_3b,M1_pq_asym,2,31,1.7091258764266968,2047,1,7a7b7dc6f6f242742c30f5194894a13f9225c540c5568a1c1839849368debd08,True
llama32_3b,M1_pq_asym,2,32,2.007124423980713,2047,1,7a7b7dc6f6f242742c30f5194894a13f9225c540c5568a1c1839849368debd08,True
llama32_3b,M1_pq_asym,2,33,1.9749915599822998,2047,8,7a7b7dc6f6f242742c30f5194894a13f9225c540c5568a1c1839849368debd08,True
llama32_3b,M1_pq_asym,2,34,2.150688409805298,2047,1,7a7b7dc6f6f242742c30f5194894a13f9225c540c5568a1c1839849368debd08,True
llama32_3b,M1_pq_asym,2,35,1.4701018333435059,2047,6,7a7b7dc6f6f242742c30f5194894a13f9225c540c5568a1c1839849368debd08,True
llama32_3b,M1_pq_asym,2,36,1.4373416900634766,2047,6,7a7b7dc6f6f242742c30f5194894a13f9225c540c5568a1c1839849368debd08,True
llama32_3b,M1_pq_asym,2,37,1.479970097541809,2047,5,7a7b7dc6f6f242742c30f5194894a13f9225c540c5568a1c1839849368debd08,True
llama32_3b,M1_pq_asym,2,38,1.4649465084075928,2047,4,7a7b7dc6f6f242742c30f5194894a13f9225c540c5568a1c1839849368debd08,True
llama32_3b,M1_pq_asym,2,39,1.6600080728530884,2047,2,7a7b7dc6f6f242742c30f5194894a13f9225c540c5568a1c1839849368debd08,True
llama32_3b,M1_pq_asym,2,40,2.263200044631958,2047,3,7a7b7dc6f6f242742c30f5194894a13f9225c540c5568a1c1839849368debd08,True
llama32_3b,M1_pq_asym,2,41,2.6840596199035645,2047,3,7a7b7dc6f6f242742c30f5194894a13f9225c540c5568a1c1839849368debd08,True
llama32_3b,M1_pq_asym,2,42,2.6782939434051514,2047,2,7a7b7dc6f6f242742c30f5194894a13f9225c540c5568a1c1839849368debd08,True
llama32_3b,M1_pq_asym,2,43,2.3020098209381104,2047,6,7a7b7dc6f6f242742c30f5194894a13f9225c540c5568a1c1839849368debd08,True
llama32_3b,M1_pq_asym,2,44,2.296126365661621,2047,6,7a7b7dc6f6f242742c30f5194894a13f9225c540c5568a1c1839849368debd08,True
llama32_3b,M1_pq_asym,2,45,2.269857168197632,2047,5,7a7b7dc6f6f242742c30f5194894a13f9225c540c5568a1c1839849368debd08,True
llama32_3b,M1_pq_asym,2,46,2.362799882888794,2047,1,7a7b7dc6f6f242742c30f5194894a13f9225c540c5568a1c1839849368debd08,True
llama32_3b,M1_pq_asym,2,47,2.15360951423645,2047,1,7a7b7dc6f6f242742c30f5194894a13f9225c540c5568a1c1839849368debd08,True
llama32_3b,M1_pq_asym,2,48,2.026592254638672,2047,4,7a7b7dc6f6f242742c30f5194894a13f9225c540c5568a1c1839849368debd08,True
llama32_3b,M1_pq_asym,2,49,2.022254467010498,2047,5,7a7b7dc6f6f242742c30f5194894a13f9225c540c5568a1c1839849368debd08,True
llama32_3b,M1_pq_asym,2,50,1.735069990158081,2047,2,7a7b7dc6f6f242742c30f5194894a13f9225c540c5568a1c1839849368debd08,True
llama32_3b,M1_pq_asym,2,51,1.8339710235595703,2047,1,7a7b7dc6f6f242742c30f5194894a13f9225c540c5568a1c1839849368debd08,True
llama32_3b,M1_pq_asym,2,52,1.6718177795410156,2047,1,7a7b7dc6f6f242742c30f5194894a13f9225c540c5568a1c1839849368debd08,True
llama32_3b,M1_pq_asym,2,53,1.8965938091278076,2047,1,7a7b7dc6f6f242742c30f5194894a13f9225c540c5568a1c1839849368debd08,True
llama32_3b,M1_pq_asym,2,54,1.6214768886566162,2047,1,7a7b7dc6f6f242742c30f5194894a13f9225c540c5568a1c1839849368debd08,True
llama32_3b,M1_pq_asym,2,55,1.5983853340148926,2047,2,7a7b7dc6f6f242742c30f5194894a13f9225c540c5568a1c1839849368debd08,True
llama32_3b,M1_pq_asym,2,56,1.8189178705215454,2047,1,7a7b7dc6f6f242742c30f5194894a13f9225c540c5568a1c1839849368debd08,True
llama32_3b,M1_pq_asym,2,57,1.7974635362625122,2047,1,7a7b7dc6f6f242742c30f5194894a13f9225c540c5568a1c1839849368debd08,True
llama32_3b,M1_pq_asym,2,58,2.17592716217041,2047,2,7a7b7dc6f6f242742c30f5194894a13f9225c540c5568a1c1839849368debd08,True
llama32_3b,M1_pq_asym,2,59,2.340623378753662,2047,3,7a7b7dc6f6f242742c30f5194894a13f9225c540c5568a1c1839849368debd08,True
llama32_3b,M1_pq_asym,2,60,2.3488268852233887,2047,2,7a7b7dc6f6f242742c30f5194894a13f9225c540c5568a1c1839849368debd08,True
llama32_3b,M1_pq_asym,2,61,2.456864356994629,2047,4,7a7b7dc6f6f242742c30f5194894a13f9225c540c5568a1c1839849368debd08,True
llama32_3b,M1_pq_asym,2,62,1.5009942054748535,2047,6,7a7b7dc6f6f242742c30f5194894a13f9225c540c5568a1c1839849368debd08,True
llama32_3b,M1_pq_asym,2,63,1.8970656394958496,2047,9,7a7b7dc6f6f242742c30f5194894a13f9225c540c5568a1c1839849368debd08,True
llama32_3b,M1_had_asym,0,0,1.8221664428710938,2047,25,7a7b7dc6f6f242742c30f5194894a13f9225c540c5568a1c1839849368debd08,True
llama32_3b,M1_had_asym,0,1,2.4250831604003906,2047,2,7a7b7dc6f6f242742c30f5194894a13f9225c540c5568a1c1839849368debd08,True
llama32_3b,M1_had_asym,0,2,2.4937710762023926,2047,2,7a7b7dc6f6f242742c30f5194894a13f9225c540c5568a1c1839849368debd08,True
llama32_3b,M1_had_asym,0,3,2.011082887649536,2047,6,7a7b7dc6f6f242742c30f5194894a13f9225c540c5568a1c1839849368debd08,True
llama32_3b,M1_had_asym,0,4,1.9201027154922485,2047,2,7a7b7dc6f6f242742c30f5194894a13f9225c540c5568a1c1839849368debd08,True
llama32_3b,M1_had_asym,0,5,1.5448551177978516,2047,1,7a7b7dc6f6f242742c30f5194894a13f9225c540c5568a1c1839849368debd08,True
llama32_3b,M1_had_asym,0,6,1.6623653173446655,2047,1,7a7b7dc6f6f242742c30f5194894a13f9225c540c5568a1c1839849368debd08,True
llama32_3b,M1_had_asym,0,7,1.9094840288162231,2047,2,7a7b7dc6f6f242742c30f5194894a13f9225c540c5568a1c1839849368debd08,True
llama32_3b,M1_had_asym,0,8,2.2424824237823486,2047,2,7a7b7dc6f6f242742c30f5194894a13f9225c540c5568a1c1839849368debd08,True
llama32_3b,M1_had_asym,0,9,1.9654521942138672,2047,1,7a7b7dc6f6f242742c30f5194894a13f9225c540c5568a1c1839849368debd08,True
llama32_3b,M1_had_asym,0,10,1.8886666297912598,2047,4,7a7b7dc6f6f242742c30f5194894a13f9225c540c5568a1c1839849368debd08,True
llama32_3b,M1_had_asym,0,11,2.2490296363830566,2047,1,7a7b7dc6f6f242742c30f5194894a13f9225c540c5568a1c1839849368debd08,True
llama32_3b,M1_had_asym,0,12,2.1136293411254883,2047,1,7a7b7dc6f6f242742c30f5194894a13f9225c540c5568a1c1839849368debd08,True
llama32_3b,M1_had_asym,0,13,2.2696423530578613,2047,1,7a7b7dc6f6f242742c30f5194894a13f9225c540c5568a1c1839849368debd08,True
llama32_3b,M1_had_asym,0,14,2.190711736679077,2047,1,7a7b7dc6f6f242742c30f5194894a13f9225c540c5568a1c1839849368debd08,True
llama32_3b,M1_had_asym,0,15,2.3960049152374268,2047,1,7a7b7dc6f6f242742c30f5194894a13f9225c540c5568a1c1839849368debd08,True
llama32_3b,M1_had_asym,0,16,2.1210923194885254,2047,2,7a7b7dc6f6f242742c30f5194894a13f9225c540c5568a1c1839849368debd08,True
llama32_3b,M1_had_asym,0,17,2.1377644538879395,2047,1,7a7b7dc6f6f242742c30f5194894a13f9225c540c5568a1c1839849368debd08,True
llama32_3b,M1_had_asym,0,18,1.946642279624939,2047,8,7a7b7dc6f6f242742c30f5194894a13f9225c540c5568a1c1839849368debd08,True
llama32_3b,M1_had_asym,0,19,2.105478286743164,2047,1,7a7b7dc6f6f242742c30f5194894a13f9225c540c5568a1c1839849368debd08,True
llama32_3b,M1_had_asym,0,20,2.224480628967285,2047,3,7a7b7dc6f6f242742c30f5194894a13f9225c540c5568a1c1839849368debd08,True
llama32_3b,M1_had_asym,0,21,2.1536717414855957,2047,1,7a7b7dc6f6f242742c30f5194894a13f9225c540c5568a1c1839849368debd08,True
llama32_3b,M1_had_asym,0,22,2.2050445079803467,2047,4,7a7b7dc6f6f242742c30f5194894a13f9225c540c5568a1c1839849368debd08,True
llama32_3b,M1_had_asym,0,23,2.240368127822876,2047,1,7a7b7dc6f6f242742c30f5194894a13f9225c540c5568a1c1839849368debd08,True
llama32_3b,M1_had_asym,0,24,2.2726120948791504,2047,1,7a7b7dc6f6f242742c30f5194894a13f9225c540c5568a1c1839849368debd08,True
llama32_3b,M1_had_asym,0,25,2.3297111988067627,2047,1,7a7b7dc6f6f242742c30f5194894a13f9225c540c5568a1c1839849368debd08,True
llama32_3b,M1_had_asym,0,26,2.419224977493286,2047,4,7a7b7dc6f6f242742c30f5194894a13f9225c540c5568a1c1839849368debd08,True
llama32_3b,M1_had_asym,0,27,2.2155802249908447,2047,7,7a7b7dc6f6f242742c30f5194894a13f9225c540c5568a1c1839849368debd08,True
llama32_3b,M1_had_asym,0,28,1.9858001470565796,2047,1,7a7b7dc6f6f242742c30f5194894a13f9225c540c5568a1c1839849368debd08,True
llama32_3b,M1_had_asym,0,29,1.7958638668060303,2047,1,7a7b7dc6f6f242742c30f5194894a13f9225c540c5568a1c1839849368debd08,True
llama32_3b,M1_had_asym,0,30,1.6800861358642578,2047,1,7a7b7dc6f6f242742c30f5194894a13f9225c540c5568a1c1839849368debd08,True
llama32_3b,M1_had_asym,0,31,1.708939790725708,2047,1,7a7b7dc6f6f242742c30f5194894a13f9225c540c5568a1c1839849368debd08,True
llama32_3b,M1_had_asym,0,32,2.008399486541748,2047,1,7a7b7dc6f6f242742c30f5194894a13f9225c540c5568a1c1839849368debd08,True
llama32_3b,M1_had_asym,0,33,1.972792625427246,2047,8,7a7b7dc6f6f242742c30f5194894a13f9225c540c5568a1c1839849368debd08,True
llama32_3b,M1_had_asym,0,34,2.1492347717285156,2047,1,7a7b7dc6f6f242742c30f5194894a13f9225c540c5568a1c1839849368debd08,True
llama32_3b,M1_had_asym,0,35,1.4669948816299438,2047,6,7a7b7dc6f6f242742c30f5194894a13f9225c540c5568a1c1839849368debd08,True
llama32_3b,M1_had_asym,0,36,1.4363645315170288,2047,6,7a7b7dc6f6f242742c30f5194894a13f9225c540c5568a1c1839849368debd08,True
llama32_3b,M1_had_asym,0,37,1.4816243648529053,2047,5,7a7b7dc6f6f242742c30f5194894a13f9225c540c5568a1c1839849368debd08,True
llama32_3b,M1_had_asym,0,38,1.4622763395309448,2047,4,7a7b7dc6f6f242742c30f5194894a13f9225c540c5568a1c1839849368debd08,True
llama32_3b,M1_had_asym,0,39,1.6631758213043213,2047,2,7a7b7dc6f6f242742c30f5194894a13f9225c540c5568a1c1839849368debd08,True
llama32_3b,M1_had_asym,0,40,2.2615365982055664,2047,3,7a7b7dc6f6f242742c30f5194894a13f9225c540c5568a1c1839849368debd08,True
llama32_3b,M1_had_asym,0,41,2.686034917831421,2047,3,7a7b7dc6f6f242742c30f5194894a13f9225c540c5568a1c1839849368debd08,True
llama32_3b,M1_had_asym,0,42,2.681750774383545,2047,2,7a7b7dc6f6f242742c30f5194894a13f9225c540c5568a1c1839849368debd08,True
llama32_3b,M1_had_asym,0,43,2.3026123046875,2047,6,7a7b7dc6f6f242742c30f5194894a13f9225c540c5568a1c1839849368debd08,True
llama32_3b,M1_had_asym,0,44,2.299741506576538,2047,6,7a7b7dc6f6f242742c30f5194894a13f9225c540c5568a1c1839849368debd08,True
llama32_3b,M1_had_asym,0,45,2.2727293968200684,2047,5,7a7b7dc6f6f242742c30f5194894a13f9225c540c5568a1c1839849368debd08,True
llama32_3b,M1_had_asym,0,46,2.3621561527252197,2047,1,7a7b7dc6f6f242742c30f5194894a13f9225c540c5568a1c1839849368debd08,True
llama32_3b,M1_had_asym,0,47,2.154388427734375,2047,1,7a7b7dc6f6f242742c30f5194894a13f9225c540c5568a1c1839849368debd08,True
llama32_3b,M1_had_asym,0,48,2.028197765350342,2047,4,7a7b7dc6f6f242742c30f5194894a13f9225c540c5568a1c1839849368debd08,True
llama32_3b,M1_had_asym,0,49,2.0198376178741455,2047,5,7a7b7dc6f6f242742c30f5194894a13f9225c540c5568a1c1839849368debd08,True
llama32_3b,M1_had_asym,0,50,1.73800528049469,2047,2,7a7b7dc6f6f242742c30f5194894a13f9225c540c5568a1c1839849368debd08,True
llama32_3b,M1_had_asym,0,51,1.8339359760284424,2047,1,7a7b7dc6f6f242742c30f5194894a13f9225c540c5568a1c1839849368debd08,True
llama32_3b,M1_had_asym,0,52,1.6718151569366455,2047,1,7a7b7dc6f6f242742c30f5194894a13f9225c540c5568a1c1839849368debd08,True
llama32_3b,M1_had_asym,0,53,1.8987332582473755,2047,1,7a7b7dc6f6f242742c30f5194894a13f9225c540c5568a1c1839849368debd08,True
llama32_3b,M1_had_asym,0,54,1.6255643367767334,2047,1,7a7b7dc6f6f242742c30f5194894a13f9225c540c5568a1c1839849368debd08,True
llama32_3b,M1_had_asym,0,55,1.6030433177947998,2047,2,7a7b7dc6f6f242742c30f5194894a13f9225c540c5568a1c1839849368debd08,True
llama32_3b,M1_had_asym,0,56,1.8212857246398926,2047,1,7a7b7dc6f6f242742c30f5194894a13f9225c540c5568a1c1839849368debd08,True
llama32_3b,M1_had_asym,0,57,1.8015657663345337,2047,1,7a7b7dc6f6f242742c30f5194894a13f9225c540c5568a1c1839849368debd08,True
llama32_3b,M1_had_asym,0,58,2.177703619003296,2047,2,7a7b7dc6f6f242742c30f5194894a13f9225c540c5568a1c1839849368debd08,True
llama32_3b,M1_had_asym,0,59,2.3419837951660156,2047,3,7a7b7dc6f6f242742c30f5194894a13f9225c540c5568a1c1839849368debd08,True
llama32_3b,M1_had_asym,0,60,2.352555274963379,2047,2,7a7b7dc6f6f242742c30f5194894a13f9225c540c5568a1c1839849368debd08,True
llama32_3b,M1_had_asym,0,61,2.4570908546447754,2047,4,7a7b7dc6f6f242742c30f5194894a13f9225c540c5568a1c1839849368debd08,True
llama32_3b,M1_had_asym,0,62,1.4993972778320312,2047,6,7a7b7dc6f6f242742c30f5194894a13f9225c540c5568a1c1839849368debd08,True
llama32_3b,M1_had_asym,0,63,1.8953713178634644,2047,9,7a7b7dc6f6f242742c30f5194894a13f9225c540c5568a1c1839849368debd08,True
llama32_3b,M1_had_asym,1,0,1.8277944326400757,2047,25,7a7b7dc6f6f242742c30f5194894a13f9225c540c5568a1c1839849368debd08,True
llama32_3b,M1_had_asym,1,1,2.425524950027466,2047,2,7a7b7dc6f6f242742c30f5194894a13f9225c540c5568a1c1839849368debd08,True
llama32_3b,M1_had_asym,1,2,2.494141101837158,2047,2,7a7b7dc6f6f242742c30f5194894a13f9225c540c5568a1c1839849368debd08,True
llama32_3b,M1_had_asym,1,3,2.0135719776153564,2047,6,7a7b7dc6f6f242742c30f5194894a13f9225c540c5568a1c1839849368debd08,True
llama32_3b,M1_had_asym,1,4,1.9202009439468384,2047,2,7a7b7dc6f6f242742c30f5194894a13f9225c540c5568a1c1839849368debd08,True
llama32_3b,M1_had_asym,1,5,1.5433874130249023,2047,1,7a7b7dc6f6f242742c30f5194894a13f9225c540c5568a1c1839849368debd08,True
llama32_3b,M1_had_asym,1,6,1.6590590476989746,2047,1,7a7b7dc6f6f242742c30f5194894a13f9225c540c5568a1c1839849368debd08,True
llama32_3b,M1_had_asym,1,7,1.9178732633590698,2047,2,7a7b7dc6f6f242742c30f5194894a13f9225c540c5568a1c1839849368debd08,True
llama32_3b,M1_had_asym,1,8,2.241281509399414,2047,2,7a7b7dc6f6f242742c30f5194894a13f9225c540c5568a1c1839849368debd08,True
llama32_3b,M1_had_asym,1,9,1.9648916721343994,2047,1,7a7b7dc6f6f242742c30f5194894a13f9225c540c5568a1c1839849368debd08,True
llama32_3b,M1_had_asym,1,10,1.8909717798233032,2047,4,7a7b7dc6f6f242742c30f5194894a13f9225c540c5568a1c1839849368debd08,True
llama32_3b,M1_had_asym,1,11,2.250777244567871,2047,1,7a7b7dc6f6f242742c30f5194894a13f9225c540c5568a1c1839849368debd08,True
llama32_3b,M1_had_asym,1,12,2.1103503704071045,2047,1,7a7b7dc6f6f242742c30f5194894a13f9225c540c5568a1c1839849368debd08,True
llama32_3b,M1_had_asym,1,13,2.2744922637939453,2047,1,7a7b7dc6f6f242742c30f5194894a13f9225c540c5568a1c1839849368debd08,True
llama32_3b,M1_had_asym,1,14,2.193007707595825,2047,1,7a7b7dc6f6f242742c30f5194894a13f9225c540c5568a1c1839849368debd08,True
llama32_3b,M1_had_asym,1,15,2.395305633544922,2047,1,7a7b7dc6f6f242742c30f5194894a13f9225c540c5568a1c1839849368debd08,True
llama32_3b,M1_had_asym,1,16,2.1243715286254883,2047,2,7a7b7dc6f6f242742c30f5194894a13f9225c540c5568a1c1839849368debd08,True
llama32_3b,M1_had_asym,1,17,2.1407532691955566,2047,1,7a7b7dc6f6f242742c30f5194894a13f9225c540c5568a1c1839849368debd08,True
llama32_3b,M1_had_asym,1,18,1.9491527080535889,2047,8,7a7b7dc6f6f242742c30f5194894a13f9225c540c5568a1c1839849368debd08,True
llama32_3b,M1_had_asym,1,19,2.1100380420684814,2047,1,7a7b7dc6f6f242742c30f5194894a13f9225c540c5568a1c1839849368debd08,True
llama32_3b,M1_had_asym,1,20,2.22052264213562,2047,3,7a7b7dc6f6f242742c30f5194894a13f9225c540c5568a1c1839849368debd08,True
llama32_3b,M1_had_asym,1,21,2.1526260375976562,2047,1,7a7b7dc6f6f242742c30f5194894a13f9225c540c5568a1c1839849368debd08,True
llama32_3b,M1_had_asym,1,22,2.204902172088623,2047,4,7a7b7dc6f6f242742c30f5194894a13f9225c540c5568a1c1839849368debd08,True
llama32_3b,M1_had_asym,1,23,2.2416932582855225,2047,1,7a7b7dc6f6f242742c30f5194894a13f9225c540c5568a1c1839849368debd08,True
llama32_3b,M1_had_asym,1,24,2.27046799659729,2047,1,7a7b7dc6f6f242742c30f5194894a13f9225c540c5568a1c1839849368debd08,True
llama32_3b,M1_had_asym,1,25,2.3306100368499756,2047,1,7a7b7dc6f6f242742c30f5194894a13f9225c540c5568a1c1839849368debd08,True
llama32_3b,M1_had_asym,1,26,2.421196460723877,2047,4,7a7b7dc6f6f242742c30f5194894a13f9225c540c5568a1c1839849368debd08,True
llama32_3b,M1_had_asym,1,27,2.218675136566162,2047,7,7a7b7dc6f6f242742c30f5194894a13f9225c540c5568a1c1839849368debd08,True
llama32_3b,M1_had_asym,1,28,1.9904106855392456,2047,1,7a7b7dc6f6f242742c30f5194894a13f9225c540c5568a1c1839849368debd08,True
llama32_3b,M1_had_asym,1,29,1.799347162246704,2047,1,7a7b7dc6f6f242742c30f5194894a13f9225c540c5568a1c1839849368debd08,True
llama32_3b,M1_had_asym,1,30,1.6862207651138306,2047,1,7a7b7dc6f6f242742c30f5194894a13f9225c540c5568a1c1839849368debd08,True
llama32_3b,M1_had_asym,1,31,1.7118339538574219,2047,1,7a7b7dc6f6f242742c30f5194894a13f9225c540c5568a1c1839849368debd08,True
llama32_3b,M1_had_asym,1,32,2.0129430294036865,2047,1,7a7b7dc6f6f242742c30f5194894a13f9225c540c5568a1c1839849368debd08,True
llama32_3b,M1_had_asym,1,33,1.977845549583435,2047,8,7a7b7dc6f6f242742c30f5194894a13f9225c540c5568a1c1839849368debd08,True
llama32_3b,M1_had_asym,1,34,2.1571996212005615,2047,1,7a7b7dc6f6f242742c30f5194894a13f9225c540c5568a1c1839849368debd08,True
llama32_3b,M1_had_asym,1,35,1.4695526361465454,2047,6,7a7b7dc6f6f242742c30f5194894a13f9225c540c5568a1c1839849368debd08,True
llama32_3b,M1_had_asym,1,36,1.4399288892745972,2047,6,7a7b7dc6f6f242742c30f5194894a13f9225c540c5568a1c1839849368debd08,True
llama32_3b,M1_had_asym,1,37,1.4816545248031616,2047,5,7a7b7dc6f6f242742c30f5194894a13f9225c540c5568a1c1839849368debd08,True
llama32_3b,M1_had_asym,1,38,1.4640629291534424,2047,4,7a7b7dc6f6f242742c30f5194894a13f9225c540c5568a1c1839849368debd08,True
llama32_3b,M1_had_asym,1,39,1.6664252281188965,2047,2,7a7b7dc6f6f242742c30f5194894a13f9225c540c5568a1c1839849368debd08,True
llama32_3b,M1_had_asym,1,40,2.268200159072876,2047,3,7a7b7dc6f6f242742c30f5194894a13f9225c540c5568a1c1839849368debd08,True
llama32_3b,M1_had_asym,1,41,2.6843008995056152,2047,3,7a7b7dc6f6f242742c30f5194894a13f9225c540c5568a1c1839849368debd08,True
llama32_3b,M1_had_asym,1,42,2.676483392715454,2047,2,7a7b7dc6f6f242742c30f5194894a13f9225c540c5568a1c1839849368debd08,True
llama32_3b,M1_had_asym,1,43,2.302366018295288,2047,6,7a7b7dc6f6f242742c30f5194894a13f9225c540c5568a1c1839849368debd08,True
llama32_3b,M1_had_asym,1,44,2.298238515853882,2047,6,7a7b7dc6f6f242742c30f5194894a13f9225c540c5568a1c1839849368debd08,True
llama32_3b,M1_had_asym,1,45,2.2705092430114746,2047,5,7a7b7dc6f6f242742c30f5194894a13f9225c540c5568a1c1839849368debd08,True
llama32_3b,M1_had_asym,1,46,2.366831064224243,2047,1,7a7b7dc6f6f242742c30f5194894a13f9225c540c5568a1c1839849368debd08,True
llama32_3b,M1_had_asym,1,47,2.1569430828094482,2047,1,7a7b7dc6f6f242742c30f5194894a13f9225c540c5568a1c1839849368debd08,True
llama32_3b,M1_had_asym,1,48,2.028907299041748,2047,4,7a7b7dc6f6f242742c30f5194894a13f9225c540c5568a1c1839849368debd08,True
llama32_3b,M1_had_asym,1,49,2.026458501815796,2047,5,7a7b7dc6f6f242742c30f5194894a13f9225c540c5568a1c1839849368debd08,True
llama32_3b,M1_had_asym,1,50,1.7388665676116943,2047,2,7a7b7dc6f6f242742c30f5194894a13f9225c540c5568a1c1839849368debd08,True
llama32_3b,M1_had_asym,1,51,1.8373709917068481,2047,1,7a7b7dc6f6f242742c30f5194894a13f9225c540c5568a1c1839849368debd08,True
llama32_3b,M1_had_asym,1,52,1.6721575260162354,2047,1,7a7b7dc6f6f242742c30f5194894a13f9225c540c5568a1c1839849368debd08,True
llama32_3b,M1_had_asym,1,53,1.8971861600875854,2047,1,7a7b7dc6f6f242742c30f5194894a13f9225c540c5568a1c1839849368debd08,True
llama32_3b,M1_had_asym,1,54,1.6244217157363892,2047,1,7a7b7dc6f6f242742c30f5194894a13f9225c540c5568a1c1839849368debd08,True
llama32_3b,M1_had_asym,1,55,1.6018376350402832,2047,2,7a7b7dc6f6f242742c30f5194894a13f9225c540c5568a1c1839849368debd08,True
llama32_3b,M1_had_asym,1,56,1.8186520338058472,2047,1,7a7b7dc6f6f242742c30f5194894a13f9225c540c5568a1c1839849368debd08,True
llama32_3b,M1_had_asym,1,57,1.8000038862228394,2047,1,7a7b7dc6f6f242742c30f5194894a13f9225c540c5568a1c1839849368debd08,True
llama32_3b,M1_had_asym,1,58,2.1706349849700928,2047,2,7a7b7dc6f6f242742c30f5194894a13f9225c540c5568a1c1839849368debd08,True
llama32_3b,M1_had_asym,1,59,2.345700263977051,2047,3,7a7b7dc6f6f242742c30f5194894a13f9225c540c5568a1c1839849368debd08,True
llama32_3b,M1_had_asym,1,60,2.350184679031372,2047,2,7a7b7dc6f6f242742c30f5194894a13f9225c540c5568a1c1839849368debd08,True
llama32_3b,M1_had_asym,1,61,2.4564764499664307,2047,4,7a7b7dc6f6f242742c30f5194894a13f9225c540c5568a1c1839849368debd08,True
llama32_3b,M1_had_asym,1,62,1.5008286237716675,2047,6,7a7b7dc6f6f242742c30f5194894a13f9225c540c5568a1c1839849368debd08,True
llama32_3b,M1_had_asym,1,63,1.8985307216644287,2047,9,7a7b7dc6f6f242742c30f5194894a13f9225c540c5568a1c1839849368debd08,True
llama32_3b,M1_had_asym,2,0,1.8292367458343506,2047,25,7a7b7dc6f6f242742c30f5194894a13f9225c540c5568a1c1839849368debd08,True
llama32_3b,M1_had_asym,2,1,2.4290130138397217,2047,2,7a7b7dc6f6f242742c30f5194894a13f9225c540c5568a1c1839849368debd08,True
llama32_3b,M1_had_asym,2,2,2.490894079208374,2047,2,7a7b7dc6f6f242742c30f5194894a13f9225c540c5568a1c1839849368debd08,True
llama32_3b,M1_had_asym,2,3,2.0100483894348145,2047,6,7a7b7dc6f6f242742c30f5194894a13f9225c540c5568a1c1839849368debd08,True
llama32_3b,M1_had_asym,2,4,1.918168067932129,2047,2,7a7b7dc6f6f242742c30f5194894a13f9225c540c5568a1c1839849368debd08,True
llama32_3b,M1_had_asym,2,5,1.5415143966674805,2047,1,7a7b7dc6f6f242742c30f5194894a13f9225c540c5568a1c1839849368debd08,True
llama32_3b,M1_had_asym,2,6,1.6595946550369263,2047,1,7a7b7dc6f6f242742c30f5194894a13f9225c540c5568a1c1839849368debd08,True
llama32_3b,M1_had_asym,2,7,1.9151986837387085,2047,2,7a7b7dc6f6f242742c30f5194894a13f9225c540c5568a1c1839849368debd08,True
llama32_3b,M1_had_asym,2,8,2.24172043800354,2047,2,7a7b7dc6f6f242742c30f5194894a13f9225c540c5568a1c1839849368debd08,True
llama32_3b,M1_had_asym,2,9,1.9677238464355469,2047,1,7a7b7dc6f6f242742c30f5194894a13f9225c540c5568a1c1839849368debd08,True
llama32_3b,M1_had_asym,2,10,1.8945515155792236,2047,4,7a7b7dc6f6f242742c30f5194894a13f9225c540c5568a1c1839849368debd08,True
llama32_3b,M1_had_asym,2,11,2.2504422664642334,2047,1,7a7b7dc6f6f242742c30f5194894a13f9225c540c5568a1c1839849368debd08,True
llama32_3b,M1_had_asym,2,12,2.1118526458740234,2047,1,7a7b7dc6f6f242742c30f5194894a13f9225c540c5568a1c1839849368debd08,True
llama32_3b,M1_had_asym,2,13,2.267512321472168,2047,1,7a7b7dc6f6f242742c30f5194894a13f9225c540c5568a1c1839849368debd08,True
llama32_3b,M1_had_asym,2,14,2.1887080669403076,2047,1,7a7b7dc6f6f242742c30f5194894a13f9225c540c5568a1c1839849368debd08,True
llama32_3b,M1_had_asym,2,15,2.3930606842041016,2047,1,7a7b7dc6f6f242742c30f5194894a13f9225c540c5568a1c1839849368debd08,True
llama32_3b,M1_had_asym,2,16,2.1175014972686768,2047,2,7a7b7dc6f6f242742c30f5194894a13f9225c540c5568a1c1839849368debd08,True
llama32_3b,M1_had_asym,2,17,2.1403844356536865,2047,1,7a7b7dc6f6f242742c30f5194894a13f9225c540c5568a1c1839849368debd08,True
llama32_3b,M1_had_asym,2,18,1.9460899829864502,2047,8,7a7b7dc6f6f242742c30f5194894a13f9225c540c5568a1c1839849368debd08,True
llama32_3b,M1_had_asym,2,19,2.106931447982788,2047,1,7a7b7dc6f6f242742c30f5194894a13f9225c540c5568a1c1839849368debd08,True
llama32_3b,M1_had_asym,2,20,2.225433826446533,2047,3,7a7b7dc6f6f242742c30f5194894a13f9225c540c5568a1c1839849368debd08,True
llama32_3b,M1_had_asym,2,21,2.1492013931274414,2047,1,7a7b7dc6f6f242742c30f5194894a13f9225c540c5568a1c1839849368debd08,True
llama32_3b,M1_had_asym,2,22,2.2051315307617188,2047,4,7a7b7dc6f6f242742c30f5194894a13f9225c540c5568a1c1839849368debd08,True
llama32_3b,M1_had_asym,2,23,2.243818521499634,2047,1,7a7b7dc6f6f242742c30f5194894a13f9225c540c5568a1c1839849368debd08,True
llama32_3b,M1_had_asym,2,24,2.276198387145996,2047,1,7a7b7dc6f6f242742c30f5194894a13f9225c540c5568a1c1839849368debd08,True
llama32_3b,M1_had_asym,2,25,2.3306057453155518,2047,1,7a7b7dc6f6f242742c30f5194894a13f9225c540c5568a1c1839849368debd08,True
llama32_3b,M1_had_asym,2,26,2.4176971912384033,2047,4,7a7b7dc6f6f242742c30f5194894a13f9225c540c5568a1c1839849368debd08,True
llama32_3b,M1_had_asym,2,27,2.220396041870117,2047,7,7a7b7dc6f6f242742c30f5194894a13f9225c540c5568a1c1839849368debd08,True
llama32_3b,M1_had_asym,2,28,1.9885443449020386,2047,1,7a7b7dc6f6f242742c30f5194894a13f9225c540c5568a1c1839849368debd08,True
llama32_3b,M1_had_asym,2,29,1.7994105815887451,2047,1,7a7b7dc6f6f242742c30f5194894a13f9225c540c5568a1c1839849368debd08,True
llama32_3b,M1_had_asym,2,30,1.6803319454193115,2047,1,7a7b7dc6f6f242742c30f5194894a13f9225c540c5568a1c1839849368debd08,True
llama32_3b,M1_had_asym,2,31,1.710259199142456,2047,1,7a7b7dc6f6f242742c30f5194894a13f9225c540c5568a1c1839849368debd08,True
llama32_3b,M1_had_asym,2,32,2.004582643508911,2047,1,7a7b7dc6f6f242742c30f5194894a13f9225c540c5568a1c1839849368debd08,True
llama32_3b,M1_had_asym,2,33,1.9761033058166504,2047,8,7a7b7dc6f6f242742c30f5194894a13f9225c540c5568a1c1839849368debd08,True
llama32_3b,M1_had_asym,2,34,2.1530511379241943,2047,1,7a7b7dc6f6f242742c30f5194894a13f9225c540c5568a1c1839849368debd08,True
llama32_3b,M1_had_asym,2,35,1.476426124572754,2047,6,7a7b7dc6f6f242742c30f5194894a13f9225c540c5568a1c1839849368debd08,True
llama32_3b,M1_had_asym,2,36,1.4363476037979126,2047,6,7a7b7dc6f6f242742c30f5194894a13f9225c540c5568a1c1839849368debd08,True
llama32_3b,M1_had_asym,2,37,1.4809982776641846,2047,5,7a7b7dc6f6f242742c30f5194894a13f9225c540c5568a1c1839849368debd08,True
llama32_3b,M1_had_asym,2,38,1.4642051458358765,2047,4,7a7b7dc6f6f242742c30f5194894a13f9225c540c5568a1c1839849368debd08,True
llama32_3b,M1_had_asym,2,39,1.6633446216583252,2047,2,7a7b7dc6f6f242742c30f5194894a13f9225c540c5568a1c1839849368debd08,True
llama32_3b,M1_had_asym,2,40,2.2675621509552,2047,3,7a7b7dc6f6f242742c30f5194894a13f9225c540c5568a1c1839849368debd08,True
llama32_3b,M1_had_asym,2,41,2.683992624282837,2047,3,7a7b7dc6f6f242742c30f5194894a13f9225c540c5568a1c1839849368debd08,True
llama32_3b,M1_had_asym,2,42,2.6829326152801514,2047,2,7a7b7dc6f6f242742c30f5194894a13f9225c540c5568a1c1839849368debd08,True
llama32_3b,M1_had_asym,2,43,2.3031797409057617,2047,6,7a7b7dc6f6f242742c30f5194894a13f9225c540c5568a1c1839849368debd08,True
llama32_3b,M1_had_asym,2,44,2.2956502437591553,2047,6,7a7b7dc6f6f242742c30f5194894a13f9225c540c5568a1c1839849368debd08,True
llama32_3b,M1_had_asym,2,45,2.2717223167419434,2047,5,7a7b7dc6f6f242742c30f5194894a13f9225c540c5568a1c1839849368debd08,True
llama32_3b,M1_had_asym,2,46,2.3647985458374023,2047,1,7a7b7dc6f6f242742c30f5194894a13f9225c540c5568a1c1839849368debd08,True
llama32_3b,M1_had_asym,2,47,2.152836561203003,2047,1,7a7b7dc6f6f242742c30f5194894a13f9225c540c5568a1c1839849368debd08,True
llama32_3b,M1_had_asym,2,48,2.0302419662475586,2047,4,7a7b7dc6f6f242742c30f5194894a13f9225c540c5568a1c1839849368debd08,True
llama32_3b,M1_had_asym,2,49,2.0277862548828125,2047,5,7a7b7dc6f6f242742c30f5194894a13f9225c540c5568a1c1839849368debd08,True
llama32_3b,M1_had_asym,2,50,1.7393916845321655,2047,2,7a7b7dc6f6f242742c30f5194894a13f9225c540c5568a1c1839849368debd08,True
llama32_3b,M1_had_asym,2,51,1.836864709854126,2047,1,7a7b7dc6f6f242742c30f5194894a13f9225c540c5568a1c1839849368debd08,True
llama32_3b,M1_had_asym,2,52,1.6740899085998535,2047,1,7a7b7dc6f6f242742c30f5194894a13f9225c540c5568a1c1839849368debd08,True
llama32_3b,M1_had_asym,2,53,1.8937712907791138,2047,1,7a7b7dc6f6f242742c30f5194894a13f9225c540c5568a1c1839849368debd08,True
llama32_3b,M1_had_asym,2,54,1.6265653371810913,2047,1,7a7b7dc6f6f242742c30f5194894a13f9225c540c5568a1c1839849368debd08,True
llama32_3b,M1_had_asym,2,55,1.6019980907440186,2047,2,7a7b7dc6f6f242742c30f5194894a13f9225c540c5568a1c1839849368debd08,True
llama32_3b,M1_had_asym,2,56,1.8161393404006958,2047,1,7a7b7dc6f6f242742c30f5194894a13f9225c540c5568a1c1839849368debd08,True
llama32_3b,M1_had_asym,2,57,1.8011013269424438,2047,1,7a7b7dc6f6f242742c30f5194894a13f9225c540c5568a1c1839849368debd08,True
llama32_3b,M1_had_asym,2,58,2.1751656532287598,2047,2,7a7b7dc6f6f242742c30f5194894a13f9225c540c5568a1c1839849368debd08,True
llama32_3b,M1_had_asym,2,59,2.345834255218506,2047,3,7a7b7dc6f6f242742c30f5194894a13f9225c540c5568a1c1839849368debd08,True
llama32_3b,M1_had_asym,2,60,2.352135419845581,2047,2,7a7b7dc6f6f242742c30f5194894a13f9225c540c5568a1c1839849368debd08,True
llama32_3b,M1_had_asym,2,61,2.457606315612793,2047,4,7a7b7dc6f6f242742c30f5194894a13f9225c540c5568a1c1839849368debd08,True
llama32_3b,M1_had_asym,2,62,1.5031183958053589,2047,6,7a7b7dc6f6f242742c30f5194894a13f9225c540c5568a1c1839849368debd08,True
llama32_3b,M1_had_asym,2,63,1.8965173959732056,2047,9,7a7b7dc6f6f242742c30f5194894a13f9225c540c5568a1c1839849368debd08,True
llama32_3b,M1_pq_sym,0,0,1.823855996131897,2047,25,7a7b7dc6f6f242742c30f5194894a13f9225c540c5568a1c1839849368debd08,True
llama32_3b,M1_pq_sym,0,1,2.423236846923828,2047,2,7a7b7dc6f6f242742c30f5194894a13f9225c540c5568a1c1839849368debd08,True
llama32_3b,M1_pq_sym,0,2,2.491969108581543,2047,2,7a7b7dc6f6f242742c30f5194894a13f9225c540c5568a1c1839849368debd08,True
llama32_3b,M1_pq_sym,0,3,2.006122589111328,2047,6,7a7b7dc6f6f242742c30f5194894a13f9225c540c5568a1c1839849368debd08,True
llama32_3b,M1_pq_sym,0,4,1.9182865619659424,2047,2,7a7b7dc6f6f242742c30f5194894a13f9225c540c5568a1c1839849368debd08,True
llama32_3b,M1_pq_sym,0,5,1.542335867881775,2047,1,7a7b7dc6f6f242742c30f5194894a13f9225c540c5568a1c1839849368debd08,True
llama32_3b,M1_pq_sym,0,6,1.6573138236999512,2047,1,7a7b7dc6f6f242742c30f5194894a13f9225c540c5568a1c1839849368debd08,True
llama32_3b,M1_pq_sym,0,7,1.908363699913025,2047,2,7a7b7dc6f6f242742c30f5194894a13f9225c540c5568a1c1839849368debd08,True
llama32_3b,M1_pq_sym,0,8,2.2405929565429688,2047,2,7a7b7dc6f6f242742c30f5194894a13f9225c540c5568a1c1839849368debd08,True
llama32_3b,M1_pq_sym,0,9,1.966997504234314,2047,1,7a7b7dc6f6f242742c30f5194894a13f9225c540c5568a1c1839849368debd08,True
llama32_3b,M1_pq_sym,0,10,1.8898338079452515,2047,4,7a7b7dc6f6f242742c30f5194894a13f9225c540c5568a1c1839849368debd08,True
llama32_3b,M1_pq_sym,0,11,2.2447845935821533,2047,1,7a7b7dc6f6f242742c30f5194894a13f9225c540c5568a1c1839849368debd08,True
llama32_3b,M1_pq_sym,0,12,2.1105904579162598,2047,1,7a7b7dc6f6f242742c30f5194894a13f9225c540c5568a1c1839849368debd08,True
llama32_3b,M1_pq_sym,0,13,2.2686805725097656,2047,1,7a7b7dc6f6f242742c30f5194894a13f9225c540c5568a1c1839849368debd08,True
llama32_3b,M1_pq_sym,0,14,2.187934637069702,2047,1,7a7b7dc6f6f242742c30f5194894a13f9225c540c5568a1c1839849368debd08,True
llama32_3b,M1_pq_sym,0,15,2.3935182094573975,2047,1,7a7b7dc6f6f242742c30f5194894a13f9225c540c5568a1c1839849368debd08,True
llama32_3b,M1_pq_sym,0,16,2.1217057704925537,2047,2,7a7b7dc6f6f242742c30f5194894a13f9225c540c5568a1c1839849368debd08,True
llama32_3b,M1_pq_sym,0,17,2.1351213455200195,2047,1,7a7b7dc6f6f242742c30f5194894a13f9225c540c5568a1c1839849368debd08,True
llama32_3b,M1_pq_sym,0,18,1.9465992450714111,2047,8,7a7b7dc6f6f242742c30f5194894a13f9225c540c5568a1c1839849368debd08,True
llama32_3b,M1_pq_sym,0,19,2.106553077697754,2047,1,7a7b7dc6f6f242742c30f5194894a13f9225c540c5568a1c1839849368debd08,True
llama32_3b,M1_pq_sym,0,20,2.222639322280884,2047,3,7a7b7dc6f6f242742c30f5194894a13f9225c540c5568a1c1839849368debd08,True
llama32_3b,M1_pq_sym,0,21,2.1466331481933594,2047,1,7a7b7dc6f6f242742c30f5194894a13f9225c540c5568a1c1839849368debd08,True
llama32_3b,M1_pq_sym,0,22,2.2064130306243896,2047,4,7a7b7dc6f6f242742c30f5194894a13f9225c540c5568a1c1839849368debd08,True
llama32_3b,M1_pq_sym,0,23,2.2401061058044434,2047,1,7a7b7dc6f6f242742c30f5194894a13f9225c540c5568a1c1839849368debd08,True
llama32_3b,M1_pq_sym,0,24,2.2713088989257812,2047,1,7a7b7dc6f6f242742c30f5194894a13f9225c540c5568a1c1839849368debd08,True
llama32_3b,M1_pq_sym,0,25,2.3294007778167725,2047,1,7a7b7dc6f6f242742c30f5194894a13f9225c540c5568a1c1839849368debd08,True
llama32_3b,M1_pq_sym,0,26,2.4187099933624268,2047,4,7a7b7dc6f6f242742c30f5194894a13f9225c540c5568a1c1839849368debd08,True
llama32_3b,M1_pq_sym,0,27,2.2183759212493896,2047,7,7a7b7dc6f6f242742c30f5194894a13f9225c540c5568a1c1839849368debd08,True
llama32_3b,M1_pq_sym,0,28,1.9889155626296997,2047,1,7a7b7dc6f6f242742c30f5194894a13f9225c540c5568a1c1839849368debd08,True
llama32_3b,M1_pq_sym,0,29,1.7969282865524292,2047,1,7a7b7dc6f6f242742c30f5194894a13f9225c540c5568a1c1839849368debd08,True
llama32_3b,M1_pq_sym,0,30,1.6738009452819824,2047,1,7a7b7dc6f6f242742c30f5194894a13f9225c540c5568a1c1839849368debd08,True
llama32_3b,M1_pq_sym,0,31,1.7099194526672363,2047,1,7a7b7dc6f6f242742c30f5194894a13f9225c540c5568a1c1839849368debd08,True
llama32_3b,M1_pq_sym,0,32,2.0063555240631104,2047,1,7a7b7dc6f6f242742c30f5194894a13f9225c540c5568a1c1839849368debd08,True
llama32_3b,M1_pq_sym,0,33,1.9731708765029907,2047,8,7a7b7dc6f6f242742c30f5194894a13f9225c540c5568a1c1839849368debd08,True
llama32_3b,M1_pq_sym,0,34,2.150855302810669,2047,1,7a7b7dc6f6f242742c30f5194894a13f9225c540c5568a1c1839849368debd08,True
llama32_3b,M1_pq_sym,0,35,1.4686025381088257,2047,6,7a7b7dc6f6f242742c30f5194894a13f9225c540c5568a1c1839849368debd08,True
llama32_3b,M1_pq_sym,0,36,1.437825322151184,2047,6,7a7b7dc6f6f242742c30f5194894a13f9225c540c5568a1c1839849368debd08,True
llama32_3b,M1_pq_sym,0,37,1.482688069343567,2047,5,7a7b7dc6f6f242742c30f5194894a13f9225c540c5568a1c1839849368debd08,True
llama32_3b,M1_pq_sym,0,38,1.4626880884170532,2047,4,7a7b7dc6f6f242742c30f5194894a13f9225c540c5568a1c1839849368debd08,True
llama32_3b,M1_pq_sym,0,39,1.6611969470977783,2047,2,7a7b7dc6f6f242742c30f5194894a13f9225c540c5568a1c1839849368debd08,True
llama32_3b,M1_pq_sym,0,40,2.260692834854126,2047,3,7a7b7dc6f6f242742c30f5194894a13f9225c540c5568a1c1839849368debd08,True
llama32_3b,M1_pq_sym,0,41,2.6808083057403564,2047,3,7a7b7dc6f6f242742c30f5194894a13f9225c540c5568a1c1839849368debd08,True
llama32_3b,M1_pq_sym,0,42,2.6793243885040283,2047,2,7a7b7dc6f6f242742c30f5194894a13f9225c540c5568a1c1839849368debd08,True
llama32_3b,M1_pq_sym,0,43,2.301377058029175,2047,6,7a7b7dc6f6f242742c30f5194894a13f9225c540c5568a1c1839849368debd08,True
llama32_3b,M1_pq_sym,0,44,2.295848846435547,2047,6,7a7b7dc6f6f242742c30f5194894a13f9225c540c5568a1c1839849368debd08,True
llama32_3b,M1_pq_sym,0,45,2.2715420722961426,2047,5,7a7b7dc6f6f242742c30f5194894a13f9225c540c5568a1c1839849368debd08,True
llama32_3b,M1_pq_sym,0,46,2.3625729084014893,2047,1,7a7b7dc6f6f242742c30f5194894a13f9225c540c5568a1c1839849368debd08,True
llama32_3b,M1_pq_sym,0,47,2.1517598628997803,2047,1,7a7b7dc6f6f242742c30f5194894a13f9225c540c5568a1c1839849368debd08,True
llama32_3b,M1_pq_sym,0,48,2.024709463119507,2047,4,7a7b7dc6f6f242742c30f5194894a13f9225c540c5568a1c1839849368debd08,True
llama32_3b,M1_pq_sym,0,49,2.0218870639801025,2047,5,7a7b7dc6f6f242742c30f5194894a13f9225c540c5568a1c1839849368debd08,True
llama32_3b,M1_pq_sym,0,50,1.7381861209869385,2047,2,7a7b7dc6f6f242742c30f5194894a13f9225c540c5568a1c1839849368debd08,True
llama32_3b,M1_pq_sym,0,51,1.8345491886138916,2047,1,7a7b7dc6f6f242742c30f5194894a13f9225c540c5568a1c1839849368debd08,True
llama32_3b,M1_pq_sym,0,52,1.6688613891601562,2047,1,7a7b7dc6f6f242742c30f5194894a13f9225c540c5568a1c1839849368debd08,True
llama32_3b,M1_pq_sym,0,53,1.8935086727142334,2047,1,7a7b7dc6f6f242742c30f5194894a13f9225c540c5568a1c1839849368debd08,True
llama32_3b,M1_pq_sym,0,54,1.6227816343307495,2047,1,7a7b7dc6f6f242742c30f5194894a13f9225c540c5568a1c1839849368debd08,True
llama32_3b,M1_pq_sym,0,55,1.6008049249649048,2047,2,7a7b7dc6f6f242742c30f5194894a13f9225c540c5568a1c1839849368debd08,True
llama32_3b,M1_pq_sym,0,56,1.8151112794876099,2047,1,7a7b7dc6f6f242742c30f5194894a13f9225c540c5568a1c1839849368debd08,True
llama32_3b,M1_pq_sym,0,57,1.7974538803100586,2047,1,7a7b7dc6f6f242742c30f5194894a13f9225c540c5568a1c1839849368debd08,True
llama32_3b,M1_pq_sym,0,58,2.1722052097320557,2047,2,7a7b7dc6f6f242742c30f5194894a13f9225c540c5568a1c1839849368debd08,True
llama32_3b,M1_pq_sym,0,59,2.3419690132141113,2047,3,7a7b7dc6f6f242742c30f5194894a13f9225c540c5568a1c1839849368debd08,True
llama32_3b,M1_pq_sym,0,60,2.3511176109313965,2047,2,7a7b7dc6f6f242742c30f5194894a13f9225c540c5568a1c1839849368debd08,True
llama32_3b,M1_pq_sym,0,61,2.455497980117798,2047,4,7a7b7dc6f6f242742c30f5194894a13f9225c540c5568a1c1839849368debd08,True
llama32_3b,M1_pq_sym,0,62,1.5021456480026245,2047,6,7a7b7dc6f6f242742c30f5194894a13f9225c540c5568a1c1839849368debd08,True
llama32_3b,M1_pq_sym,0,63,1.8972254991531372,2047,9,7a7b7dc6f6f242742c30f5194894a13f9225c540c5568a1c1839849368debd08,True
llama32_3b,M1_pq_sym,1,0,1.8202259540557861,2047,25,7a7b7dc6f6f242742c30f5194894a13f9225c540c5568a1c1839849368debd08,True
llama32_3b,M1_pq_sym,1,1,2.422074794769287,2047,2,7a7b7dc6f6f242742c30f5194894a13f9225c540c5568a1c1839849368debd08,True
llama32_3b,M1_pq_sym,1,2,2.4939627647399902,2047,2,7a7b7dc6f6f242742c30f5194894a13f9225c540c5568a1c1839849368debd08,True
llama32_3b,M1_pq_sym,1,3,2.008786678314209,2047,6,7a7b7dc6f6f242742c30f5194894a13f9225c540c5568a1c1839849368debd08,True
llama32_3b,M1_pq_sym,1,4,1.9159038066864014,2047,2,7a7b7dc6f6f242742c30f5194894a13f9225c540c5568a1c1839849368debd08,True
llama32_3b,M1_pq_sym,1,5,1.5408416986465454,2047,1,7a7b7dc6f6f242742c30f5194894a13f9225c540c5568a1c1839849368debd08,True
llama32_3b,M1_pq_sym,1,6,1.6585805416107178,2047,1,7a7b7dc6f6f242742c30f5194894a13f9225c540c5568a1c1839849368debd08,True
llama32_3b,M1_pq_sym,1,7,1.9086617231369019,2047,2,7a7b7dc6f6f242742c30f5194894a13f9225c540c5568a1c1839849368debd08,True
llama32_3b,M1_pq_sym,1,8,2.240401029586792,2047,2,7a7b7dc6f6f242742c30f5194894a13f9225c540c5568a1c1839849368debd08,True
llama32_3b,M1_pq_sym,1,9,1.9655970335006714,2047,1,7a7b7dc6f6f242742c30f5194894a13f9225c540c5568a1c1839849368debd08,True
llama32_3b,M1_pq_sym,1,10,1.8902922868728638,2047,4,7a7b7dc6f6f242742c30f5194894a13f9225c540c5568a1c1839849368debd08,True
llama32_3b,M1_pq_sym,1,11,2.2441749572753906,2047,1,7a7b7dc6f6f242742c30f5194894a13f9225c540c5568a1c1839849368debd08,True
llama32_3b,M1_pq_sym,1,12,2.112330913543701,2047,1,7a7b7dc6f6f242742c30f5194894a13f9225c540c5568a1c1839849368debd08,True
llama32_3b,M1_pq_sym,1,13,2.267845392227173,2047,1,7a7b7dc6f6f242742c30f5194894a13f9225c540c5568a1c1839849368debd08,True
llama32_3b,M1_pq_sym,1,14,2.1898720264434814,2047,1,7a7b7dc6f6f242742c30f5194894a13f9225c540c5568a1c1839849368debd08,True
llama32_3b,M1_pq_sym,1,15,2.3952908515930176,2047,1,7a7b7dc6f6f242742c30f5194894a13f9225c540c5568a1c1839849368debd08,True
llama32_3b,M1_pq_sym,1,16,2.120129108428955,2047,2,7a7b7dc6f6f242742c30f5194894a13f9225c540c5568a1c1839849368debd08,True
llama32_3b,M1_pq_sym,1,17,2.1353204250335693,2047,1,7a7b7dc6f6f242742c30f5194894a13f9225c540c5568a1c1839849368debd08,True
llama32_3b,M1_pq_sym,1,18,1.9460906982421875,2047,8,7a7b7dc6f6f242742c30f5194894a13f9225c540c5568a1c1839849368debd08,True
llama32_3b,M1_pq_sym,1,19,2.101409435272217,2047,1,7a7b7dc6f6f242742c30f5194894a13f9225c540c5568a1c1839849368debd08,True
llama32_3b,M1_pq_sym,1,20,2.2181713581085205,2047,3,7a7b7dc6f6f242742c30f5194894a13f9225c540c5568a1c1839849368debd08,True
llama32_3b,M1_pq_sym,1,21,2.148667335510254,2047,1,7a7b7dc6f6f242742c30f5194894a13f9225c540c5568a1c1839849368debd08,True
llama32_3b,M1_pq_sym,1,22,2.2072255611419678,2047,4,7a7b7dc6f6f242742c30f5194894a13f9225c540c5568a1c1839849368debd08,True
llama32_3b,M1_pq_sym,1,23,2.2391066551208496,2047,1,7a7b7dc6f6f242742c30f5194894a13f9225c540c5568a1c1839849368debd08,True
llama32_3b,M1_pq_sym,1,24,2.2688539028167725,2047,1,7a7b7dc6f6f242742c30f5194894a13f9225c540c5568a1c1839849368debd08,True
llama32_3b,M1_pq_sym,1,25,2.328599214553833,2047,1,7a7b7dc6f6f242742c30f5194894a13f9225c540c5568a1c1839849368debd08,True
llama32_3b,M1_pq_sym,1,26,2.4169328212738037,2047,4,7a7b7dc6f6f242742c30f5194894a13f9225c540c5568a1c1839849368debd08,True
llama32_3b,M1_pq_sym,1,27,2.218435287475586,2047,7,7a7b7dc6f6f242742c30f5194894a13f9225c540c5568a1c1839849368debd08,True
llama32_3b,M1_pq_sym,1,28,1.98908531665802,2047,1,7a7b7dc6f6f242742c30f5194894a13f9225c540c5568a1c1839849368debd08,True
llama32_3b,M1_pq_sym,1,29,1.791530966758728,2047,1,7a7b7dc6f6f242742c30f5194894a13f9225c540c5568a1c1839849368debd08,True
llama32_3b,M1_pq_sym,1,30,1.6782512664794922,2047,1,7a7b7dc6f6f242742c30f5194894a13f9225c540c5568a1c1839849368debd08,True
llama32_3b,M1_pq_sym,1,31,1.7119580507278442,2047,1,7a7b7dc6f6f242742c30f5194894a13f9225c540c5568a1c1839849368debd08,True
llama32_3b,M1_pq_sym,1,32,2.005995988845825,2047,1,7a7b7dc6f6f242742c30f5194894a13f9225c540c5568a1c1839849368debd08,True
llama32_3b,M1_pq_sym,1,33,1.9717661142349243,2047,8,7a7b7dc6f6f242742c30f5194894a13f9225c540c5568a1c1839849368debd08,True
llama32_3b,M1_pq_sym,1,34,2.1483607292175293,2047,1,7a7b7dc6f6f242742c30f5194894a13f9225c540c5568a1c1839849368debd08,True
llama32_3b,M1_pq_sym,1,35,1.4701581001281738,2047,6,7a7b7dc6f6f242742c30f5194894a13f9225c540c5568a1c1839849368debd08,True
llama32_3b,M1_pq_sym,1,36,1.4374749660491943,2047,6,7a7b7dc6f6f242742c30f5194894a13f9225c540c5568a1c1839849368debd08,True
llama32_3b,M1_pq_sym,1,37,1.482169270515442,2047,5,7a7b7dc6f6f242742c30f5194894a13f9225c540c5568a1c1839849368debd08,True
llama32_3b,M1_pq_sym,1,38,1.464959740638733,2047,4,7a7b7dc6f6f242742c30f5194894a13f9225c540c5568a1c1839849368debd08,True
llama32_3b,M1_pq_sym,1,39,1.660933017730713,2047,2,7a7b7dc6f6f242742c30f5194894a13f9225c540c5568a1c1839849368debd08,True
llama32_3b,M1_pq_sym,1,40,2.2652385234832764,2047,3,7a7b7dc6f6f242742c30f5194894a13f9225c540c5568a1c1839849368debd08,True
llama32_3b,M1_pq_sym,1,41,2.683704376220703,2047,3,7a7b7dc6f6f242742c30f5194894a13f9225c540c5568a1c1839849368debd08,True
llama32_3b,M1_pq_sym,1,42,2.6774861812591553,2047,2,7a7b7dc6f6f242742c30f5194894a13f9225c540c5568a1c1839849368debd08,True
llama32_3b,M1_pq_sym,1,43,2.300257921218872,2047,6,7a7b7dc6f6f242742c30f5194894a13f9225c540c5568a1c1839849368debd08,True
llama32_3b,M1_pq_sym,1,44,2.2950754165649414,2047,6,7a7b7dc6f6f242742c30f5194894a13f9225c540c5568a1c1839849368debd08,True
llama32_3b,M1_pq_sym,1,45,2.267693042755127,2047,5,7a7b7dc6f6f242742c30f5194894a13f9225c540c5568a1c1839849368debd08,True
llama32_3b,M1_pq_sym,1,46,2.3603830337524414,2047,1,7a7b7dc6f6f242742c30f5194894a13f9225c540c5568a1c1839849368debd08,True
llama32_3b,M1_pq_sym,1,47,2.1521248817443848,2047,1,7a7b7dc6f6f242742c30f5194894a13f9225c540c5568a1c1839849368debd08,True
llama32_3b,M1_pq_sym,1,48,2.0262341499328613,2047,4,7a7b7dc6f6f242742c30f5194894a13f9225c540c5568a1c1839849368debd08,True
llama32_3b,M1_pq_sym,1,49,2.0230116844177246,2047,5,7a7b7dc6f6f242742c30f5194894a13f9225c540c5568a1c1839849368debd08,True
llama32_3b,M1_pq_sym,1,50,1.7363495826721191,2047,2,7a7b7dc6f6f242742c30f5194894a13f9225c540c5568a1c1839849368debd08,True
llama32_3b,M1_pq_sym,1,51,1.833042025566101,2047,1,7a7b7dc6f6f242742c30f5194894a13f9225c540c5568a1c1839849368debd08,True
llama32_3b,M1_pq_sym,1,52,1.6693754196166992,2047,1,7a7b7dc6f6f242742c30f5194894a13f9225c540c5568a1c1839849368debd08,True
llama32_3b,M1_pq_sym,1,53,1.8965797424316406,2047,1,7a7b7dc6f6f242742c30f5194894a13f9225c540c5568a1c1839849368debd08,True
llama32_3b,M1_pq_sym,1,54,1.6244901418685913,2047,1,7a7b7dc6f6f242742c30f5194894a13f9225c540c5568a1c1839849368debd08,True
llama32_3b,M1_pq_sym,1,55,1.5986913442611694,2047,2,7a7b7dc6f6f242742c30f5194894a13f9225c540c5568a1c1839849368debd08,True
llama32_3b,M1_pq_sym,1,56,1.8148030042648315,2047,1,7a7b7dc6f6f242742c30f5194894a13f9225c540c5568a1c1839849368debd08,True
llama32_3b,M1_pq_sym,1,57,1.7969634532928467,2047,1,7a7b7dc6f6f242742c30f5194894a13f9225c540c5568a1c1839849368debd08,True
llama32_3b,M1_pq_sym,1,58,2.174433946609497,2047,2,7a7b7dc6f6f242742c30f5194894a13f9225c540c5568a1c1839849368debd08,True
llama32_3b,M1_pq_sym,1,59,2.339001178741455,2047,3,7a7b7dc6f6f242742c30f5194894a13f9225c540c5568a1c1839849368debd08,True
llama32_3b,M1_pq_sym,1,60,2.351071357727051,2047,2,7a7b7dc6f6f242742c30f5194894a13f9225c540c5568a1c1839849368debd08,True
llama32_3b,M1_pq_sym,1,61,2.4563682079315186,2047,4,7a7b7dc6f6f242742c30f5194894a13f9225c540c5568a1c1839849368debd08,True
llama32_3b,M1_pq_sym,1,62,1.4993573427200317,2047,6,7a7b7dc6f6f242742c30f5194894a13f9225c540c5568a1c1839849368debd08,True
llama32_3b,M1_pq_sym,1,63,1.8945460319519043,2047,9,7a7b7dc6f6f242742c30f5194894a13f9225c540c5568a1c1839849368debd08,True
llama32_3b,M1_pq_sym,2,0,1.8250398635864258,2047,25,7a7b7dc6f6f242742c30f5194894a13f9225c540c5568a1c1839849368debd08,True
llama32_3b,M1_pq_sym,2,1,2.4251620769500732,2047,2,7a7b7dc6f6f242742c30f5194894a13f9225c540c5568a1c1839849368debd08,True
llama32_3b,M1_pq_sym,2,2,2.492513418197632,2047,2,7a7b7dc6f6f242742c30f5194894a13f9225c540c5568a1c1839849368debd08,True
llama32_3b,M1_pq_sym,2,3,2.006500720977783,2047,6,7a7b7dc6f6f242742c30f5194894a13f9225c540c5568a1c1839849368debd08,True
llama32_3b,M1_pq_sym,2,4,1.9202159643173218,2047,2,7a7b7dc6f6f242742c30f5194894a13f9225c540c5568a1c1839849368debd08,True
llama32_3b,M1_pq_sym,2,5,1.53993821144104,2047,1,7a7b7dc6f6f242742c30f5194894a13f9225c540c5568a1c1839849368debd08,True
llama32_3b,M1_pq_sym,2,6,1.6578640937805176,2047,1,7a7b7dc6f6f242742c30f5194894a13f9225c540c5568a1c1839849368debd08,True
llama32_3b,M1_pq_sym,2,7,1.9077329635620117,2047,2,7a7b7dc6f6f242742c30f5194894a13f9225c540c5568a1c1839849368debd08,True
llama32_3b,M1_pq_sym,2,8,2.241421699523926,2047,2,7a7b7dc6f6f242742c30f5194894a13f9225c540c5568a1c1839849368debd08,True
llama32_3b,M1_pq_sym,2,9,1.967186450958252,2047,1,7a7b7dc6f6f242742c30f5194894a13f9225c540c5568a1c1839849368debd08,True
llama32_3b,M1_pq_sym,2,10,1.8905410766601562,2047,4,7a7b7dc6f6f242742c30f5194894a13f9225c540c5568a1c1839849368debd08,True
llama32_3b,M1_pq_sym,2,11,2.245389938354492,2047,1,7a7b7dc6f6f242742c30f5194894a13f9225c540c5568a1c1839849368debd08,True
llama32_3b,M1_pq_sym,2,12,2.1143033504486084,2047,1,7a7b7dc6f6f242742c30f5194894a13f9225c540c5568a1c1839849368debd08,True
llama32_3b,M1_pq_sym,2,13,2.2711057662963867,2047,1,7a7b7dc6f6f242742c30f5194894a13f9225c540c5568a1c1839849368debd08,True
llama32_3b,M1_pq_sym,2,14,2.1885271072387695,2047,1,7a7b7dc6f6f242742c30f5194894a13f9225c540c5568a1c1839849368debd08,True
llama32_3b,M1_pq_sym,2,15,2.3975768089294434,2047,1,7a7b7dc6f6f242742c30f5194894a13f9225c540c5568a1c1839849368debd08,True
llama32_3b,M1_pq_sym,2,16,2.121932029724121,2047,2,7a7b7dc6f6f242742c30f5194894a13f9225c540c5568a1c1839849368debd08,True
llama32_3b,M1_pq_sym,2,17,2.1375765800476074,2047,1,7a7b7dc6f6f242742c30f5194894a13f9225c540c5568a1c1839849368debd08,True
llama32_3b,M1_pq_sym,2,18,1.9439207315444946,2047,8,7a7b7dc6f6f242742c30f5194894a13f9225c540c5568a1c1839849368debd08,True
llama32_3b,M1_pq_sym,2,19,2.1035492420196533,2047,1,7a7b7dc6f6f242742c30f5194894a13f9225c540c5568a1c1839849368debd08,True
llama32_3b,M1_pq_sym,2,20,2.2213358879089355,2047,3,7a7b7dc6f6f242742c30f5194894a13f9225c540c5568a1c1839849368debd08,True
llama32_3b,M1_pq_sym,2,21,2.147679090499878,2047,1,7a7b7dc6f6f242742c30f5194894a13f9225c540c5568a1c1839849368debd08,True
llama32_3b,M1_pq_sym,2,22,2.2047622203826904,2047,4,7a7b7dc6f6f242742c30f5194894a13f9225c540c5568a1c1839849368debd08,True
llama32_3b,M1_pq_sym,2,23,2.2418954372406006,2047,1,7a7b7dc6f6f242742c30f5194894a13f9225c540c5568a1c1839849368debd08,True
llama32_3b,M1_pq_sym,2,24,2.272221326828003,2047,1,7a7b7dc6f6f242742c30f5194894a13f9225c540c5568a1c1839849368debd08,True
llama32_3b,M1_pq_sym,2,25,2.3285651206970215,2047,1,7a7b7dc6f6f242742c30f5194894a13f9225c540c5568a1c1839849368debd08,True
llama32_3b,M1_pq_sym,2,26,2.4171929359436035,2047,4,7a7b7dc6f6f242742c30f5194894a13f9225c540c5568a1c1839849368debd08,True
llama32_3b,M1_pq_sym,2,27,2.216104745864868,2047,7,7a7b7dc6f6f242742c30f5194894a13f9225c540c5568a1c1839849368debd08,True
llama32_3b,M1_pq_sym,2,28,1.9883185625076294,2047,1,7a7b7dc6f6f242742c30f5194894a13f9225c540c5568a1c1839849368debd08,True
llama32_3b,M1_pq_sym,2,29,1.7965587377548218,2047,1,7a7b7dc6f6f242742c30f5194894a13f9225c540c5568a1c1839849368debd08,True
llama32_3b,M1_pq_sym,2,30,1.6789408922195435,2047,1,7a7b7dc6f6f242742c30f5194894a13f9225c540c5568a1c1839849368debd08,True
llama32_3b,M1_pq_sym,2,31,1.7090635299682617,2047,1,7a7b7dc6f6f242742c30f5194894a13f9225c540c5568a1c1839849368debd08,True
llama32_3b,M1_pq_sym,2,32,2.0059869289398193,2047,1,7a7b7dc6f6f242742c30f5194894a13f9225c540c5568a1c1839849368debd08,True
llama32_3b,M1_pq_sym,2,33,1.971656084060669,2047,8,7a7b7dc6f6f242742c30f5194894a13f9225c540c5568a1c1839849368debd08,True
llama32_3b,M1_pq_sym,2,34,2.15040922164917,2047,1,7a7b7dc6f6f242742c30f5194894a13f9225c540c5568a1c1839849368debd08,True
llama32_3b,M1_pq_sym,2,35,1.4709515571594238,2047,6,7a7b7dc6f6f242742c30f5194894a13f9225c540c5568a1c1839849368debd08,True
llama32_3b,M1_pq_sym,2,36,1.4367343187332153,2047,6,7a7b7dc6f6f242742c30f5194894a13f9225c540c5568a1c1839849368debd08,True
llama32_3b,M1_pq_sym,2,37,1.482303500175476,2047,5,7a7b7dc6f6f242742c30f5194894a13f9225c540c5568a1c1839849368debd08,True
llama32_3b,M1_pq_sym,2,38,1.465739130973816,2047,4,7a7b7dc6f6f242742c30f5194894a13f9225c540c5568a1c1839849368debd08,True
llama32_3b,M1_pq_sym,2,39,1.66046941280365,2047,2,7a7b7dc6f6f242742c30f5194894a13f9225c540c5568a1c1839849368debd08,True
llama32_3b,M1_pq_sym,2,40,2.2625951766967773,2047,3,7a7b7dc6f6f242742c30f5194894a13f9225c540c5568a1c1839849368debd08,True
llama32_3b,M1_pq_sym,2,41,2.6880366802215576,2047,3,7a7b7dc6f6f242742c30f5194894a13f9225c540c5568a1c1839849368debd08,True
llama32_3b,M1_pq_sym,2,42,2.680185079574585,2047,2,7a7b7dc6f6f242742c30f5194894a13f9225c540c5568a1c1839849368debd08,True
llama32_3b,M1_pq_sym,2,43,2.30127215385437,2047,6,7a7b7dc6f6f242742c30f5194894a13f9225c540c5568a1c1839849368debd08,True
llama32_3b,M1_pq_sym,2,44,2.2947604656219482,2047,6,7a7b7dc6f6f242742c30f5194894a13f9225c540c5568a1c1839849368debd08,True
llama32_3b,M1_pq_sym,2,45,2.2707736492156982,2047,5,7a7b7dc6f6f242742c30f5194894a13f9225c540c5568a1c1839849368debd08,True
llama32_3b,M1_pq_sym,2,46,2.3660762310028076,2047,1,7a7b7dc6f6f242742c30f5194894a13f9225c540c5568a1c1839849368debd08,True
llama32_3b,M1_pq_sym,2,47,2.1549899578094482,2047,1,7a7b7dc6f6f242742c30f5194894a13f9225c540c5568a1c1839849368debd08,True
llama32_3b,M1_pq_sym,2,48,2.0260305404663086,2047,4,7a7b7dc6f6f242742c30f5194894a13f9225c540c5568a1c1839849368debd08,True
llama32_3b,M1_pq_sym,2,49,2.0210182666778564,2047,5,7a7b7dc6f6f242742c30f5194894a13f9225c540c5568a1c1839849368debd08,True
llama32_3b,M1_pq_sym,2,50,1.7358412742614746,2047,2,7a7b7dc6f6f242742c30f5194894a13f9225c540c5568a1c1839849368debd08,True
llama32_3b,M1_pq_sym,2,51,1.8367890119552612,2047,1,7a7b7dc6f6f242742c30f5194894a13f9225c540c5568a1c1839849368debd08,True
llama32_3b,M1_pq_sym,2,52,1.6711632013320923,2047,1,7a7b7dc6f6f242742c30f5194894a13f9225c540c5568a1c1839849368debd08,True
llama32_3b,M1_pq_sym,2,53,1.8925719261169434,2047,1,7a7b7dc6f6f242742c30f5194894a13f9225c540c5568a1c1839849368debd08,True
llama32_3b,M1_pq_sym,2,54,1.6227461099624634,2047,1,7a7b7dc6f6f242742c30f5194894a13f9225c540c5568a1c1839849368debd08,True
llama32_3b,M1_pq_sym,2,55,1.6000220775604248,2047,2,7a7b7dc6f6f242742c30f5194894a13f9225c540c5568a1c1839849368debd08,True
llama32_3b,M1_pq_sym,2,56,1.8190628290176392,2047,1,7a7b7dc6f6f242742c30f5194894a13f9225c540c5568a1c1839849368debd08,True
llama32_3b,M1_pq_sym,2,57,1.7987079620361328,2047,1,7a7b7dc6f6f242742c30f5194894a13f9225c540c5568a1c1839849368debd08,True
llama32_3b,M1_pq_sym,2,58,2.172295331954956,2047,2,7a7b7dc6f6f242742c30f5194894a13f9225c540c5568a1c1839849368debd08,True
llama32_3b,M1_pq_sym,2,59,2.3419127464294434,2047,3,7a7b7dc6f6f242742c30f5194894a13f9225c540c5568a1c1839849368debd08,True
llama32_3b,M1_pq_sym,2,60,2.3520779609680176,2047,2,7a7b7dc6f6f242742c30f5194894a13f9225c540c5568a1c1839849368debd08,True
llama32_3b,M1_pq_sym,2,61,2.4544527530670166,2047,4,7a7b7dc6f6f242742c30f5194894a13f9225c540c5568a1c1839849368debd08,True
llama32_3b,M1_pq_sym,2,62,1.5015087127685547,2047,6,7a7b7dc6f6f242742c30f5194894a13f9225c540c5568a1c1839849368debd08,True
llama32_3b,M1_pq_sym,2,63,1.8977490663528442,2047,9,7a7b7dc6f6f242742c30f5194894a13f9225c540c5568a1c1839849368debd08,True
llama32_3b,M1_had_sym,0,0,1.8201240301132202,2047,25,7a7b7dc6f6f242742c30f5194894a13f9225c540c5568a1c1839849368debd08,True
llama32_3b,M1_had_sym,0,1,2.4290695190429688,2047,2,7a7b7dc6f6f242742c30f5194894a13f9225c540c5568a1c1839849368debd08,True
llama32_3b,M1_had_sym,0,2,2.497096300125122,2047,2,7a7b7dc6f6f242742c30f5194894a13f9225c540c5568a1c1839849368debd08,True
llama32_3b,M1_had_sym,0,3,2.0113742351531982,2047,6,7a7b7dc6f6f242742c30f5194894a13f9225c540c5568a1c1839849368debd08,True
llama32_3b,M1_had_sym,0,4,1.9226245880126953,2047,2,7a7b7dc6f6f242742c30f5194894a13f9225c540c5568a1c1839849368debd08,True
llama32_3b,M1_had_sym,0,5,1.5456037521362305,2047,1,7a7b7dc6f6f242742c30f5194894a13f9225c540c5568a1c1839849368debd08,True
llama32_3b,M1_had_sym,0,6,1.6591806411743164,2047,1,7a7b7dc6f6f242742c30f5194894a13f9225c540c5568a1c1839849368debd08,True
llama32_3b,M1_had_sym,0,7,1.9112129211425781,2047,2,7a7b7dc6f6f242742c30f5194894a13f9225c540c5568a1c1839849368debd08,True
llama32_3b,M1_had_sym,0,8,2.2424192428588867,2047,2,7a7b7dc6f6f242742c30f5194894a13f9225c540c5568a1c1839849368debd08,True
llama32_3b,M1_had_sym,0,9,1.9664397239685059,2047,1,7a7b7dc6f6f242742c30f5194894a13f9225c540c5568a1c1839849368debd08,True
llama32_3b,M1_had_sym,0,10,1.8935332298278809,2047,4,7a7b7dc6f6f242742c30f5194894a13f9225c540c5568a1c1839849368debd08,True
llama32_3b,M1_had_sym,0,11,2.2459492683410645,2047,1,7a7b7dc6f6f242742c30f5194894a13f9225c540c5568a1c1839849368debd08,True
llama32_3b,M1_had_sym,0,12,2.1142935752868652,2047,1,7a7b7dc6f6f242742c30f5194894a13f9225c540c5568a1c1839849368debd08,True
llama32_3b,M1_had_sym,0,13,2.2780513763427734,2047,1,7a7b7dc6f6f242742c30f5194894a13f9225c540c5568a1c1839849368debd08,True
llama32_3b,M1_had_sym,0,14,2.190483808517456,2047,1,7a7b7dc6f6f242742c30f5194894a13f9225c540c5568a1c1839849368debd08,True
llama32_3b,M1_had_sym,0,15,2.3979036808013916,2047,1,7a7b7dc6f6f242742c30f5194894a13f9225c540c5568a1c1839849368debd08,True
llama32_3b,M1_had_sym,0,16,2.1213667392730713,2047,2,7a7b7dc6f6f242742c30f5194894a13f9225c540c5568a1c1839849368debd08,True
llama32_3b,M1_had_sym,0,17,2.1415152549743652,2047,1,7a7b7dc6f6f242742c30f5194894a13f9225c540c5568a1c1839849368debd08,True
llama32_3b,M1_had_sym,0,18,1.9470829963684082,2047,8,7a7b7dc6f6f242742c30f5194894a13f9225c540c5568a1c1839849368debd08,True
llama32_3b,M1_had_sym,0,19,2.1106646060943604,2047,1,7a7b7dc6f6f242742c30f5194894a13f9225c540c5568a1c1839849368debd08,True
llama32_3b,M1_had_sym,0,20,2.2263989448547363,2047,3,7a7b7dc6f6f242742c30f5194894a13f9225c540c5568a1c1839849368debd08,True
llama32_3b,M1_had_sym,0,21,2.1538984775543213,2047,1,7a7b7dc6f6f242742c30f5194894a13f9225c540c5568a1c1839849368debd08,True
llama32_3b,M1_had_sym,0,22,2.2099862098693848,2047,4,7a7b7dc6f6f242742c30f5194894a13f9225c540c5568a1c1839849368debd08,True
llama32_3b,M1_had_sym,0,23,2.2464535236358643,2047,1,7a7b7dc6f6f242742c30f5194894a13f9225c540c5568a1c1839849368debd08,True
llama32_3b,M1_had_sym,0,24,2.2740516662597656,2047,1,7a7b7dc6f6f242742c30f5194894a13f9225c540c5568a1c1839849368debd08,True
llama32_3b,M1_had_sym,0,25,2.3299059867858887,2047,1,7a7b7dc6f6f242742c30f5194894a13f9225c540c5568a1c1839849368debd08,True
llama32_3b,M1_had_sym,0,26,2.4189860820770264,2047,4,7a7b7dc6f6f242742c30f5194894a13f9225c540c5568a1c1839849368debd08,True
llama32_3b,M1_had_sym,0,27,2.2193760871887207,2047,7,7a7b7dc6f6f242742c30f5194894a13f9225c540c5568a1c1839849368debd08,True
llama32_3b,M1_had_sym,0,28,1.9911952018737793,2047,1,7a7b7dc6f6f242742c30f5194894a13f9225c540c5568a1c1839849368debd08,True
llama32_3b,M1_had_sym,0,29,1.794335961341858,2047,1,7a7b7dc6f6f242742c30f5194894a13f9225c540c5568a1c1839849368debd08,True
llama32_3b,M1_had_sym,0,30,1.6811754703521729,2047,1,7a7b7dc6f6f242742c30f5194894a13f9225c540c5568a1c1839849368debd08,True
llama32_3b,M1_had_sym,0,31,1.7100470066070557,2047,1,7a7b7dc6f6f242742c30f5194894a13f9225c540c5568a1c1839849368debd08,True
llama32_3b,M1_had_sym,0,32,2.0089235305786133,2047,1,7a7b7dc6f6f242742c30f5194894a13f9225c540c5568a1c1839849368debd08,True
llama32_3b,M1_had_sym,0,33,1.9689311981201172,2047,8,7a7b7dc6f6f242742c30f5194894a13f9225c540c5568a1c1839849368debd08,True
llama32_3b,M1_had_sym,0,34,2.1495189666748047,2047,1,7a7b7dc6f6f242742c30f5194894a13f9225c540c5568a1c1839849368debd08,True
llama32_3b,M1_had_sym,0,35,1.4701452255249023,2047,6,7a7b7dc6f6f242742c30f5194894a13f9225c540c5568a1c1839849368debd08,True
llama32_3b,M1_had_sym,0,36,1.439401388168335,2047,6,7a7b7dc6f6f242742c30f5194894a13f9225c540c5568a1c1839849368debd08,True
llama32_3b,M1_had_sym,0,37,1.4821385145187378,2047,5,7a7b7dc6f6f242742c30f5194894a13f9225c540c5568a1c1839849368debd08,True
llama32_3b,M1_had_sym,0,38,1.470833659172058,2047,4,7a7b7dc6f6f242742c30f5194894a13f9225c540c5568a1c1839849368debd08,True
llama32_3b,M1_had_sym,0,39,1.6614774465560913,2047,2,7a7b7dc6f6f242742c30f5194894a13f9225c540c5568a1c1839849368debd08,True
llama32_3b,M1_had_sym,0,40,2.2649943828582764,2047,3,7a7b7dc6f6f242742c30f5194894a13f9225c540c5568a1c1839849368debd08,True
llama32_3b,M1_had_sym,0,41,2.686176061630249,2047,3,7a7b7dc6f6f242742c30f5194894a13f9225c540c5568a1c1839849368debd08,True
llama32_3b,M1_had_sym,0,42,2.679564952850342,2047,2,7a7b7dc6f6f242742c30f5194894a13f9225c540c5568a1c1839849368debd08,True
llama32_3b,M1_had_sym,0,43,2.3098087310791016,2047,6,7a7b7dc6f6f242742c30f5194894a13f9225c540c5568a1c1839849368debd08,True
llama32_3b,M1_had_sym,0,44,2.2994654178619385,2047,6,7a7b7dc6f6f242742c30f5194894a13f9225c540c5568a1c1839849368debd08,True
llama32_3b,M1_had_sym,0,45,2.274186611175537,2047,5,7a7b7dc6f6f242742c30f5194894a13f9225c540c5568a1c1839849368debd08,True
llama32_3b,M1_had_sym,0,46,2.3642678260803223,2047,1,7a7b7dc6f6f242742c30f5194894a13f9225c540c5568a1c1839849368debd08,True
llama32_3b,M1_had_sym,0,47,2.1541056632995605,2047,1,7a7b7dc6f6f242742c30f5194894a13f9225c540c5568a1c1839849368debd08,True
llama32_3b,M1_had_sym,0,48,2.027548313140869,2047,4,7a7b7dc6f6f242742c30f5194894a13f9225c540c5568a1c1839849368debd08,True
llama32_3b,M1_had_sym,0,49,2.022243022918701,2047,5,7a7b7dc6f6f242742c30f5194894a13f9225c540c5568a1c1839849368debd08,True
llama32_3b,M1_had_sym,0,50,1.7408571243286133,2047,2,7a7b7dc6f6f242742c30f5194894a13f9225c540c5568a1c1839849368debd08,True
llama32_3b,M1_had_sym,0,51,1.836507797241211,2047,1,7a7b7dc6f6f242742c30f5194894a13f9225c540c5568a1c1839849368debd08,True
llama32_3b,M1_had_sym,0,52,1.6727288961410522,2047,1,7a7b7dc6f6f242742c30f5194894a13f9225c540c5568a1c1839849368debd08,True
llama32_3b,M1_had_sym,0,53,1.8971354961395264,2047,1,7a7b7dc6f6f242742c30f5194894a13f9225c540c5568a1c1839849368debd08,True
llama32_3b,M1_had_sym,0,54,1.6262706518173218,2047,1,7a7b7dc6f6f242742c30f5194894a13f9225c540c5568a1c1839849368debd08,True
llama32_3b,M1_had_sym,0,55,1.5970410108566284,2047,2,7a7b7dc6f6f242742c30f5194894a13f9225c540c5568a1c1839849368debd08,True
llama32_3b,M1_had_sym,0,56,1.8279355764389038,2047,1,7a7b7dc6f6f242742c30f5194894a13f9225c540c5568a1c1839849368debd08,True
llama32_3b,M1_had_sym,0,57,1.8025476932525635,2047,1,7a7b7dc6f6f242742c30f5194894a13f9225c540c5568a1c1839849368debd08,True
llama32_3b,M1_had_sym,0,58,2.174032211303711,2047,2,7a7b7dc6f6f242742c30f5194894a13f9225c540c5568a1c1839849368debd08,True
llama32_3b,M1_had_sym,0,59,2.3450353145599365,2047,3,7a7b7dc6f6f242742c30f5194894a13f9225c540c5568a1c1839849368debd08,True
llama32_3b,M1_had_sym,0,60,2.35544490814209,2047,2,7a7b7dc6f6f242742c30f5194894a13f9225c540c5568a1c1839849368debd08,True
llama32_3b,M1_had_sym,0,61,2.4602644443511963,2047,4,7a7b7dc6f6f242742c30f5194894a13f9225c540c5568a1c1839849368debd08,True
llama32_3b,M1_had_sym,0,62,1.5003747940063477,2047,6,7a7b7dc6f6f242742c30f5194894a13f9225c540c5568a1c1839849368debd08,True
llama32_3b,M1_had_sym,0,63,1.899109125137329,2047,9,7a7b7dc6f6f242742c30f5194894a13f9225c540c5568a1c1839849368debd08,True
llama32_3b,M1_had_sym,1,0,1.8256468772888184,2047,25,7a7b7dc6f6f242742c30f5194894a13f9225c540c5568a1c1839849368debd08,True
llama32_3b,M1_had_sym,1,1,2.4253156185150146,2047,2,7a7b7dc6f6f242742c30f5194894a13f9225c540c5568a1c1839849368debd08,True
llama32_3b,M1_had_sym,1,2,2.496335506439209,2047,2,7a7b7dc6f6f242742c30f5194894a13f9225c540c5568a1c1839849368debd08,True
llama32_3b,M1_had_sym,1,3,2.0084471702575684,2047,6,7a7b7dc6f6f242742c30f5194894a13f9225c540c5568a1c1839849368debd08,True
llama32_3b,M1_had_sym,1,4,1.922935128211975,2047,2,7a7b7dc6f6f242742c30f5194894a13f9225c540c5568a1c1839849368debd08,True
llama32_3b,M1_had_sym,1,5,1.543060302734375,2047,1,7a7b7dc6f6f242742c30f5194894a13f9225c540c5568a1c1839849368debd08,True
llama32_3b,M1_had_sym,1,6,1.6604710817337036,2047,1,7a7b7dc6f6f242742c30f5194894a13f9225c540c5568a1c1839849368debd08,True
llama32_3b,M1_had_sym,1,7,1.9143565893173218,2047,2,7a7b7dc6f6f242742c30f5194894a13f9225c540c5568a1c1839849368debd08,True
llama32_3b,M1_had_sym,1,8,2.240172863006592,2047,2,7a7b7dc6f6f242742c30f5194894a13f9225c540c5568a1c1839849368debd08,True
llama32_3b,M1_had_sym,1,9,1.968218207359314,2047,1,7a7b7dc6f6f242742c30f5194894a13f9225c540c5568a1c1839849368debd08,True
llama32_3b,M1_had_sym,1,10,1.8933911323547363,2047,4,7a7b7dc6f6f242742c30f5194894a13f9225c540c5568a1c1839849368debd08,True
llama32_3b,M1_had_sym,1,11,2.24747371673584,2047,1,7a7b7dc6f6f242742c30f5194894a13f9225c540c5568a1c1839849368debd08,True
llama32_3b,M1_had_sym,1,12,2.114412307739258,2047,1,7a7b7dc6f6f242742c30f5194894a13f9225c540c5568a1c1839849368debd08,True
llama32_3b,M1_had_sym,1,13,2.2716734409332275,2047,1,7a7b7dc6f6f242742c30f5194894a13f9225c540c5568a1c1839849368debd08,True
llama32_3b,M1_had_sym,1,14,2.1891517639160156,2047,1,7a7b7dc6f6f242742c30f5194894a13f9225c540c5568a1c1839849368debd08,True
llama32_3b,M1_had_sym,1,15,2.3940041065216064,2047,1,7a7b7dc6f6f242742c30f5194894a13f9225c540c5568a1c1839849368debd08,True
llama32_3b,M1_had_sym,1,16,2.1206295490264893,2047,2,7a7b7dc6f6f242742c30f5194894a13f9225c540c5568a1c1839849368debd08,True
llama32_3b,M1_had_sym,1,17,2.1378326416015625,2047,1,7a7b7dc6f6f242742c30f5194894a13f9225c540c5568a1c1839849368debd08,True
llama32_3b,M1_had_sym,1,18,1.945814609527588,2047,8,7a7b7dc6f6f242742c30f5194894a13f9225c540c5568a1c1839849368debd08,True
llama32_3b,M1_had_sym,1,19,2.1084375381469727,2047,1,7a7b7dc6f6f242742c30f5194894a13f9225c540c5568a1c1839849368debd08,True
llama32_3b,M1_had_sym,1,20,2.2246761322021484,2047,3,7a7b7dc6f6f242742c30f5194894a13f9225c540c5568a1c1839849368debd08,True
llama32_3b,M1_had_sym,1,21,2.153362989425659,2047,1,7a7b7dc6f6f242742c30f5194894a13f9225c540c5568a1c1839849368debd08,True
llama32_3b,M1_had_sym,1,22,2.2077598571777344,2047,4,7a7b7dc6f6f242742c30f5194894a13f9225c540c5568a1c1839849368debd08,True
llama32_3b,M1_had_sym,1,23,2.2390248775482178,2047,1,7a7b7dc6f6f242742c30f5194894a13f9225c540c5568a1c1839849368debd08,True
llama32_3b,M1_had_sym,1,24,2.274386405944824,2047,1,7a7b7dc6f6f242742c30f5194894a13f9225c540c5568a1c1839849368debd08,True
llama32_3b,M1_had_sym,1,25,2.3283820152282715,2047,1,7a7b7dc6f6f242742c30f5194894a13f9225c540c5568a1c1839849368debd08,True
llama32_3b,M1_had_sym,1,26,2.4206035137176514,2047,4,7a7b7dc6f6f242742c30f5194894a13f9225c540c5568a1c1839849368debd08,True
llama32_3b,M1_had_sym,1,27,2.219102144241333,2047,7,7a7b7dc6f6f242742c30f5194894a13f9225c540c5568a1c1839849368debd08,True
llama32_3b,M1_had_sym,1,28,1.9930375814437866,2047,1,7a7b7dc6f6f242742c30f5194894a13f9225c540c5568a1c1839849368debd08,True
llama32_3b,M1_had_sym,1,29,1.8013980388641357,2047,1,7a7b7dc6f6f242742c30f5194894a13f9225c540c5568a1c1839849368debd08,True
llama32_3b,M1_had_sym,1,30,1.6806659698486328,2047,1,7a7b7dc6f6f242742c30f5194894a13f9225c540c5568a1c1839849368debd08,True
llama32_3b,M1_had_sym,1,31,1.7117506265640259,2047,1,7a7b7dc6f6f242742c30f5194894a13f9225c540c5568a1c1839849368debd08,True
llama32_3b,M1_had_sym,1,32,2.013118028640747,2047,1,7a7b7dc6f6f242742c30f5194894a13f9225c540c5568a1c1839849368debd08,True
llama32_3b,M1_had_sym,1,33,1.972266435623169,2047,8,7a7b7dc6f6f242742c30f5194894a13f9225c540c5568a1c1839849368debd08,True
llama32_3b,M1_had_sym,1,34,2.1518242359161377,2047,1,7a7b7dc6f6f242742c30f5194894a13f9225c540c5568a1c1839849368debd08,True
llama32_3b,M1_had_sym,1,35,1.469944953918457,2047,6,7a7b7dc6f6f242742c30f5194894a13f9225c540c5568a1c1839849368debd08,True
llama32_3b,M1_had_sym,1,36,1.4383654594421387,2047,6,7a7b7dc6f6f242742c30f5194894a13f9225c540c5568a1c1839849368debd08,True
llama32_3b,M1_had_sym,1,37,1.481474757194519,2047,5,7a7b7dc6f6f242742c30f5194894a13f9225c540c5568a1c1839849368debd08,True
llama32_3b,M1_had_sym,1,38,1.464990258216858,2047,4,7a7b7dc6f6f242742c30f5194894a13f9225c540c5568a1c1839849368debd08,True
llama32_3b,M1_had_sym,1,39,1.6640353202819824,2047,2,7a7b7dc6f6f242742c30f5194894a13f9225c540c5568a1c1839849368debd08,True
llama32_3b,M1_had_sym,1,40,2.2637381553649902,2047,3,7a7b7dc6f6f242742c30f5194894a13f9225c540c5568a1c1839849368debd08,True
llama32_3b,M1_had_sym,1,41,2.68428111076355,2047,3,7a7b7dc6f6f242742c30f5194894a13f9225c540c5568a1c1839849368debd08,True
llama32_3b,M1_had_sym,1,42,2.679831027984619,2047,2,7a7b7dc6f6f242742c30f5194894a13f9225c540c5568a1c1839849368debd08,True
llama32_3b,M1_had_sym,1,43,2.298360586166382,2047,6,7a7b7dc6f6f242742c30f5194894a13f9225c540c5568a1c1839849368debd08,True
llama32_3b,M1_had_sym,1,44,2.301142930984497,2047,6,7a7b7dc6f6f242742c30f5194894a13f9225c540c5568a1c1839849368debd08,True
llama32_3b,M1_had_sym,1,45,2.2722511291503906,2047,5,7a7b7dc6f6f242742c30f5194894a13f9225c540c5568a1c1839849368debd08,True
llama32_3b,M1_had_sym,1,46,2.364952325820923,2047,1,7a7b7dc6f6f242742c30f5194894a13f9225c540c5568a1c1839849368debd08,True
llama32_3b,M1_had_sym,1,47,2.1576662063598633,2047,1,7a7b7dc6f6f242742c30f5194894a13f9225c540c5568a1c1839849368debd08,True
llama32_3b,M1_had_sym,1,48,2.028877019882202,2047,4,7a7b7dc6f6f242742c30f5194894a13f9225c540c5568a1c1839849368debd08,True
llama32_3b,M1_had_sym,1,49,2.0230891704559326,2047,5,7a7b7dc6f6f242742c30f5194894a13f9225c540c5568a1c1839849368debd08,True
llama32_3b,M1_had_sym,1,50,1.7465099096298218,2047,2,7a7b7dc6f6f242742c30f5194894a13f9225c540c5568a1c1839849368debd08,True
llama32_3b,M1_had_sym,1,51,1.8373925685882568,2047,1,7a7b7dc6f6f242742c30f5194894a13f9225c540c5568a1c1839849368debd08,True
llama32_3b,M1_had_sym,1,52,1.6744558811187744,2047,1,7a7b7dc6f6f242742c30f5194894a13f9225c540c5568a1c1839849368debd08,True
llama32_3b,M1_had_sym,1,53,1.9009127616882324,2047,1,7a7b7dc6f6f242742c30f5194894a13f9225c540c5568a1c1839849368debd08,True
llama32_3b,M1_had_sym,1,54,1.622962236404419,2047,1,7a7b7dc6f6f242742c30f5194894a13f9225c540c5568a1c1839849368debd08,True
llama32_3b,M1_had_sym,1,55,1.6044180393218994,2047,2,7a7b7dc6f6f242742c30f5194894a13f9225c540c5568a1c1839849368debd08,True
llama32_3b,M1_had_sym,1,56,1.823091983795166,2047,1,7a7b7dc6f6f242742c30f5194894a13f9225c540c5568a1c1839849368debd08,True
llama32_3b,M1_had_sym,1,57,1.8014920949935913,2047,1,7a7b7dc6f6f242742c30f5194894a13f9225c540c5568a1c1839849368debd08,True
llama32_3b,M1_had_sym,1,58,2.172977924346924,2047,2,7a7b7dc6f6f242742c30f5194894a13f9225c540c5568a1c1839849368debd08,True
llama32_3b,M1_had_sym,1,59,2.3448102474212646,2047,3,7a7b7dc6f6f242742c30f5194894a13f9225c540c5568a1c1839849368debd08,True
llama32_3b,M1_had_sym,1,60,2.3460943698883057,2047,2,7a7b7dc6f6f242742c30f5194894a13f9225c540c5568a1c1839849368debd08,True
llama32_3b,M1_had_sym,1,61,2.4604761600494385,2047,4,7a7b7dc6f6f242742c30f5194894a13f9225c540c5568a1c1839849368debd08,True
llama32_3b,M1_had_sym,1,62,1.5029373168945312,2047,6,7a7b7dc6f6f242742c30f5194894a13f9225c540c5568a1c1839849368debd08,True
llama32_3b,M1_had_sym,1,63,1.8964446783065796,2047,9,7a7b7dc6f6f242742c30f5194894a13f9225c540c5568a1c1839849368debd08,True
llama32_3b,M1_had_sym,2,0,1.8327256441116333,2047,25,7a7b7dc6f6f242742c30f5194894a13f9225c540c5568a1c1839849368debd08,True
llama32_3b,M1_had_sym,2,1,2.4209797382354736,2047,2,7a7b7dc6f6f242742c30f5194894a13f9225c540c5568a1c1839849368debd08,True
llama32_3b,M1_had_sym,2,2,2.487828493118286,2047,2,7a7b7dc6f6f242742c30f5194894a13f9225c540c5568a1c1839849368debd08,True
llama32_3b,M1_had_sym,2,3,2.00897216796875,2047,6,7a7b7dc6f6f242742c30f5194894a13f9225c540c5568a1c1839849368debd08,True
llama32_3b,M1_had_sym,2,4,1.9249686002731323,2047,2,7a7b7dc6f6f242742c30f5194894a13f9225c540c5568a1c1839849368debd08,True
llama32_3b,M1_had_sym,2,5,1.543742060661316,2047,1,7a7b7dc6f6f242742c30f5194894a13f9225c540c5568a1c1839849368debd08,True
llama32_3b,M1_had_sym,2,6,1.6624442338943481,2047,1,7a7b7dc6f6f242742c30f5194894a13f9225c540c5568a1c1839849368debd08,True
llama32_3b,M1_had_sym,2,7,1.9140582084655762,2047,2,7a7b7dc6f6f242742c30f5194894a13f9225c540c5568a1c1839849368debd08,True
llama32_3b,M1_had_sym,2,8,2.24507737159729,2047,2,7a7b7dc6f6f242742c30f5194894a13f9225c540c5568a1c1839849368debd08,True
llama32_3b,M1_had_sym,2,9,1.9669638872146606,2047,1,7a7b7dc6f6f242742c30f5194894a13f9225c540c5568a1c1839849368debd08,True
llama32_3b,M1_had_sym,2,10,1.89328932762146,2047,4,7a7b7dc6f6f242742c30f5194894a13f9225c540c5568a1c1839849368debd08,True
llama32_3b,M1_had_sym,2,11,2.2497360706329346,2047,1,7a7b7dc6f6f242742c30f5194894a13f9225c540c5568a1c1839849368debd08,True
llama32_3b,M1_had_sym,2,12,2.1132125854492188,2047,1,7a7b7dc6f6f242742c30f5194894a13f9225c540c5568a1c1839849368debd08,True
llama32_3b,M1_had_sym,2,13,2.265833616256714,2047,1,7a7b7dc6f6f242742c30f5194894a13f9225c540c5568a1c1839849368debd08,True
llama32_3b,M1_had_sym,2,14,2.194424629211426,2047,1,7a7b7dc6f6f242742c30f5194894a13f9225c540c5568a1c1839849368debd08,True
llama32_3b,M1_had_sym,2,15,2.4020440578460693,2047,1,7a7b7dc6f6f242742c30f5194894a13f9225c540c5568a1c1839849368debd08,True
llama32_3b,M1_had_sym,2,16,2.1179919242858887,2047,2,7a7b7dc6f6f242742c30f5194894a13f9225c540c5568a1c1839849368debd08,True
llama32_3b,M1_had_sym,2,17,2.1362619400024414,2047,1,7a7b7dc6f6f242742c30f5194894a13f9225c540c5568a1c1839849368debd08,True
llama32_3b,M1_had_sym,2,18,1.945121169090271,2047,8,7a7b7dc6f6f242742c30f5194894a13f9225c540c5568a1c1839849368debd08,True
llama32_3b,M1_had_sym,2,19,2.1064400672912598,2047,1,7a7b7dc6f6f242742c30f5194894a13f9225c540c5568a1c1839849368debd08,True
llama32_3b,M1_had_sym,2,20,2.225459098815918,2047,3,7a7b7dc6f6f242742c30f5194894a13f9225c540c5568a1c1839849368debd08,True
llama32_3b,M1_had_sym,2,21,2.1501541137695312,2047,1,7a7b7dc6f6f242742c30f5194894a13f9225c540c5568a1c1839849368debd08,True
llama32_3b,M1_had_sym,2,22,2.206367254257202,2047,4,7a7b7dc6f6f242742c30f5194894a13f9225c540c5568a1c1839849368debd08,True
llama32_3b,M1_had_sym,2,23,2.2433061599731445,2047,1,7a7b7dc6f6f242742c30f5194894a13f9225c540c5568a1c1839849368debd08,True
llama32_3b,M1_had_sym,2,24,2.271674156188965,2047,1,7a7b7dc6f6f242742c30f5194894a13f9225c540c5568a1c1839849368debd08,True
llama32_3b,M1_had_sym,2,25,2.3307852745056152,2047,1,7a7b7dc6f6f242742c30f5194894a13f9225c540c5568a1c1839849368debd08,True
llama32_3b,M1_had_sym,2,26,2.4221417903900146,2047,4,7a7b7dc6f6f242742c30f5194894a13f9225c540c5568a1c1839849368debd08,True
llama32_3b,M1_had_sym,2,27,2.2208104133605957,2047,7,7a7b7dc6f6f242742c30f5194894a13f9225c540c5568a1c1839849368debd08,True
llama32_3b,M1_had_sym,2,28,1.9878389835357666,2047,1,7a7b7dc6f6f242742c30f5194894a13f9225c540c5568a1c1839849368debd08,True
llama32_3b,M1_had_sym,2,29,1.79788339138031,2047,1,7a7b7dc6f6f242742c30f5194894a13f9225c540c5568a1c1839849368debd08,True
llama32_3b,M1_had_sym,2,30,1.6801681518554688,2047,1,7a7b7dc6f6f242742c30f5194894a13f9225c540c5568a1c1839849368debd08,True
llama32_3b,M1_had_sym,2,31,1.7093113660812378,2047,1,7a7b7dc6f6f242742c30f5194894a13f9225c540c5568a1c1839849368debd08,True
llama32_3b,M1_had_sym,2,32,2.0069680213928223,2047,1,7a7b7dc6f6f242742c30f5194894a13f9225c540c5568a1c1839849368debd08,True
llama32_3b,M1_had_sym,2,33,1.9746149778366089,2047,8,7a7b7dc6f6f242742c30f5194894a13f9225c540c5568a1c1839849368debd08,True
llama32_3b,M1_had_sym,2,34,2.150404930114746,2047,1,7a7b7dc6f6f242742c30f5194894a13f9225c540c5568a1c1839849368debd08,True
llama32_3b,M1_had_sym,2,35,1.4746053218841553,2047,6,7a7b7dc6f6f242742c30f5194894a13f9225c540c5568a1c1839849368debd08,True
llama32_3b,M1_had_sym,2,36,1.4377373456954956,2047,6,7a7b7dc6f6f242742c30f5194894a13f9225c540c5568a1c1839849368debd08,True
llama32_3b,M1_had_sym,2,37,1.4835186004638672,2047,5,7a7b7dc6f6f242742c30f5194894a13f9225c540c5568a1c1839849368debd08,True
llama32_3b,M1_had_sym,2,38,1.4701075553894043,2047,4,7a7b7dc6f6f242742c30f5194894a13f9225c540c5568a1c1839849368debd08,True
llama32_3b,M1_had_sym,2,39,1.6694798469543457,2047,2,7a7b7dc6f6f242742c30f5194894a13f9225c540c5568a1c1839849368debd08,True
llama32_3b,M1_had_sym,2,40,2.2662670612335205,2047,3,7a7b7dc6f6f242742c30f5194894a13f9225c540c5568a1c1839849368debd08,True
llama32_3b,M1_had_sym,2,41,2.6862568855285645,2047,3,7a7b7dc6f6f242742c30f5194894a13f9225c540c5568a1c1839849368debd08,True
llama32_3b,M1_had_sym,2,42,2.680051565170288,2047,2,7a7b7dc6f6f242742c30f5194894a13f9225c540c5568a1c1839849368debd08,True
llama32_3b,M1_had_sym,2,43,2.3085362911224365,2047,6,7a7b7dc6f6f242742c30f5194894a13f9225c540c5568a1c1839849368debd08,True
llama32_3b,M1_had_sym,2,44,2.300581455230713,2047,6,7a7b7dc6f6f242742c30f5194894a13f9225c540c5568a1c1839849368debd08,True
llama32_3b,M1_had_sym,2,45,2.2745866775512695,2047,5,7a7b7dc6f6f242742c30f5194894a13f9225c540c5568a1c1839849368debd08,True
llama32_3b,M1_had_sym,2,46,2.3646762371063232,2047,1,7a7b7dc6f6f242742c30f5194894a13f9225c540c5568a1c1839849368debd08,True
llama32_3b,M1_had_sym,2,47,2.1554312705993652,2047,1,7a7b7dc6f6f242742c30f5194894a13f9225c540c5568a1c1839849368debd08,True
llama32_3b,M1_had_sym,2,48,2.030038833618164,2047,4,7a7b7dc6f6f242742c30f5194894a13f9225c540c5568a1c1839849368debd08,True
llama32_3b,M1_had_sym,2,49,2.0263595581054688,2047,5,7a7b7dc6f6f242742c30f5194894a13f9225c540c5568a1c1839849368debd08,True
llama32_3b,M1_had_sym,2,50,1.7409800291061401,2047,2,7a7b7dc6f6f242742c30f5194894a13f9225c540c5568a1c1839849368debd08,True
llama32_3b,M1_had_sym,2,51,1.8369272947311401,2047,1,7a7b7dc6f6f242742c30f5194894a13f9225c540c5568a1c1839849368debd08,True
llama32_3b,M1_had_sym,2,52,1.6726082563400269,2047,1,7a7b7dc6f6f242742c30f5194894a13f9225c540c5568a1c1839849368debd08,True
llama32_3b,M1_had_sym,2,53,1.893358588218689,2047,1,7a7b7dc6f6f242742c30f5194894a13f9225c540c5568a1c1839849368debd08,True
llama32_3b,M1_had_sym,2,54,1.623768925666809,2047,1,7a7b7dc6f6f242742c30f5194894a13f9225c540c5568a1c1839849368debd08,True
llama32_3b,M1_had_sym,2,55,1.59810471534729,2047,2,7a7b7dc6f6f242742c30f5194894a13f9225c540c5568a1c1839849368debd08,True
llama32_3b,M1_had_sym,2,56,1.8200253248214722,2047,1,7a7b7dc6f6f242742c30f5194894a13f9225c540c5568a1c1839849368debd08,True
llama32_3b,M1_had_sym,2,57,1.798973798751831,2047,1,7a7b7dc6f6f242742c30f5194894a13f9225c540c5568a1c1839849368debd08,True
llama32_3b,M1_had_sym,2,58,2.1725823879241943,2047,2,7a7b7dc6f6f242742c30f5194894a13f9225c540c5568a1c1839849368debd08,True
llama32_3b,M1_had_sym,2,59,2.3471593856811523,2047,3,7a7b7dc6f6f242742c30f5194894a13f9225c540c5568a1c1839849368debd08,True
llama32_3b,M1_had_sym,2,60,2.3509342670440674,2047,2,7a7b7dc6f6f242742c30f5194894a13f9225c540c5568a1c1839849368debd08,True
llama32_3b,M1_had_sym,2,61,2.4584128856658936,2047,4,7a7b7dc6f6f242742c30f5194894a13f9225c540c5568a1c1839849368debd08,True
llama32_3b,M1_had_sym,2,62,1.5003982782363892,2047,6,7a7b7dc6f6f242742c30f5194894a13f9225c540c5568a1c1839849368debd08,True
llama32_3b,M1_had_sym,2,63,1.8968520164489746,2047,9,7a7b7dc6f6f242742c30f5194894a13f9225c540c5568a1c1839849368debd08,True
llama32_3b,M2_pq_asym,0,0,1.8325847387313843,2047,2023,7a7b7dc6f6f242742c30f5194894a13f9225c540c5568a1c1839849368debd08,True
llama32_3b,M2_pq_asym,0,1,2.4297924041748047,2047,2046,7a7b7dc6f6f242742c30f5194894a13f9225c540c5568a1c1839849368debd08,True
llama32_3b,M2_pq_asym,0,2,2.500267744064331,2047,2046,7a7b7dc6f6f242742c30f5194894a13f9225c540c5568a1c1839849368debd08,True
llama32_3b,M2_pq_asym,0,3,2.011075258255005,2047,2042,7a7b7dc6f6f242742c30f5194894a13f9225c540c5568a1c1839849368debd08,True
llama32_3b,M2_pq_asym,0,4,1.919553279876709,2047,2046,7a7b7dc6f6f242742c30f5194894a13f9225c540c5568a1c1839849368debd08,True
llama32_3b,M2_pq_asym,0,5,1.5556646585464478,2047,2047,7a7b7dc6f6f242742c30f5194894a13f9225c540c5568a1c1839849368debd08,True
llama32_3b,M2_pq_asym,0,6,1.6668121814727783,2047,2047,7a7b7dc6f6f242742c30f5194894a13f9225c540c5568a1c1839849368debd08,True
llama32_3b,M2_pq_asym,0,7,1.9187090396881104,2047,2046,7a7b7dc6f6f242742c30f5194894a13f9225c540c5568a1c1839849368debd08,True
llama32_3b,M2_pq_asym,0,8,2.2542312145233154,2047,2046,7a7b7dc6f6f242742c30f5194894a13f9225c540c5568a1c1839849368debd08,True
llama32_3b,M2_pq_asym,0,9,1.9751741886138916,2047,2047,7a7b7dc6f6f242742c30f5194894a13f9225c540c5568a1c1839849368debd08,True
llama32_3b,M2_pq_asym,0,10,1.8994696140289307,2047,2044,7a7b7dc6f6f242742c30f5194894a13f9225c540c5568a1c1839849368debd08,True
llama32_3b,M2_pq_asym,0,11,2.2506086826324463,2047,2047,7a7b7dc6f6f242742c30f5194894a13f9225c540c5568a1c1839849368debd08,True
llama32_3b,M2_pq_asym,0,12,2.118154764175415,2047,2047,7a7b7dc6f6f242742c30f5194894a13f9225c540c5568a1c1839849368debd08,True
llama32_3b,M2_pq_asym,0,13,2.2714033126831055,2047,2047,7a7b7dc6f6f242742c30f5194894a13f9225c540c5568a1c1839849368debd08,True
llama32_3b,M2_pq_asym,0,14,2.2017014026641846,2047,2047,7a7b7dc6f6f242742c30f5194894a13f9225c540c5568a1c1839849368debd08,True
llama32_3b,M2_pq_asym,0,15,2.40346097946167,2047,2047,7a7b7dc6f6f242742c30f5194894a13f9225c540c5568a1c1839849368debd08,True
llama32_3b,M2_pq_asym,0,16,2.1407229900360107,2047,2046,7a7b7dc6f6f242742c30f5194894a13f9225c540c5568a1c1839849368debd08,True
llama32_3b,M2_pq_asym,0,17,2.152367115020752,2047,2047,7a7b7dc6f6f242742c30f5194894a13f9225c540c5568a1c1839849368debd08,True
llama32_3b,M2_pq_asym,0,18,1.9639861583709717,2047,2040,7a7b7dc6f6f242742c30f5194894a13f9225c540c5568a1c1839849368debd08,True
llama32_3b,M2_pq_asym,0,19,2.1153504848480225,2047,2047,7a7b7dc6f6f242742c30f5194894a13f9225c540c5568a1c1839849368debd08,True
llama32_3b,M2_pq_asym,0,20,2.2360241413116455,2047,2045,7a7b7dc6f6f242742c30f5194894a13f9225c540c5568a1c1839849368debd08,True
llama32_3b,M2_pq_asym,0,21,2.1582484245300293,2047,2047,7a7b7dc6f6f242742c30f5194894a13f9225c540c5568a1c1839849368debd08,True
llama32_3b,M2_pq_asym,0,22,2.211801528930664,2047,2044,7a7b7dc6f6f242742c30f5194894a13f9225c540c5568a1c1839849368debd08,True
llama32_3b,M2_pq_asym,0,23,2.24926495552063,2047,2047,7a7b7dc6f6f242742c30f5194894a13f9225c540c5568a1c1839849368debd08,True
llama32_3b,M2_pq_asym,0,24,2.2797257900238037,2047,2047,7a7b7dc6f6f242742c30f5194894a13f9225c540c5568a1c1839849368debd08,True
llama32_3b,M2_pq_asym,0,25,2.342801570892334,2047,2047,7a7b7dc6f6f242742c30f5194894a13f9225c540c5568a1c1839849368debd08,True
llama32_3b,M2_pq_asym,0,26,2.4269073009490967,2047,2044,7a7b7dc6f6f242742c30f5194894a13f9225c540c5568a1c1839849368debd08,True
llama32_3b,M2_pq_asym,0,27,2.2330024242401123,2047,2041,7a7b7dc6f6f242742c30f5194894a13f9225c540c5568a1c1839849368debd08,True
llama32_3b,M2_pq_asym,0,28,2.0029239654541016,2047,2047,7a7b7dc6f6f242742c30f5194894a13f9225c540c5568a1c1839849368debd08,True
llama32_3b,M2_pq_asym,0,29,1.8070943355560303,2047,2047,7a7b7dc6f6f242742c30f5194894a13f9225c540c5568a1c1839849368debd08,True
llama32_3b,M2_pq_asym,0,30,1.6967252492904663,2047,2047,7a7b7dc6f6f242742c30f5194894a13f9225c540c5568a1c1839849368debd08,True
llama32_3b,M2_pq_asym,0,31,1.7335259914398193,2047,2047,7a7b7dc6f6f242742c30f5194894a13f9225c540c5568a1c1839849368debd08,True
llama32_3b,M2_pq_asym,0,32,2.013874053955078,2047,2047,7a7b7dc6f6f242742c30f5194894a13f9225c540c5568a1c1839849368debd08,True
llama32_3b,M2_pq_asym,0,33,1.9850105047225952,2047,2040,7a7b7dc6f6f242742c30f5194894a13f9225c540c5568a1c1839849368debd08,True
llama32_3b,M2_pq_asym,0,34,2.1610443592071533,2047,2047,7a7b7dc6f6f242742c30f5194894a13f9225c540c5568a1c1839849368debd08,True
llama32_3b,M2_pq_asym,0,35,1.4743070602416992,2047,2042,7a7b7dc6f6f242742c30f5194894a13f9225c540c5568a1c1839849368debd08,True
llama32_3b,M2_pq_asym,0,36,1.4450594186782837,2047,2042,7a7b7dc6f6f242742c30f5194894a13f9225c540c5568a1c1839849368debd08,True
llama32_3b,M2_pq_asym,0,37,1.4896241426467896,2047,2043,7a7b7dc6f6f242742c30f5194894a13f9225c540c5568a1c1839849368debd08,True
llama32_3b,M2_pq_asym,0,38,1.4695518016815186,2047,2044,7a7b7dc6f6f242742c30f5194894a13f9225c540c5568a1c1839849368debd08,True
llama32_3b,M2_pq_asym,0,39,1.675184726715088,2047,2046,7a7b7dc6f6f242742c30f5194894a13f9225c540c5568a1c1839849368debd08,True
llama32_3b,M2_pq_asym,0,40,2.2739601135253906,2047,2045,7a7b7dc6f6f242742c30f5194894a13f9225c540c5568a1c1839849368debd08,True
llama32_3b,M2_pq_asym,0,41,2.6959388256073,2047,2045,7a7b7dc6f6f242742c30f5194894a13f9225c540c5568a1c1839849368debd08,True
llama32_3b,M2_pq_asym,0,42,2.688025712966919,2047,2046,7a7b7dc6f6f242742c30f5194894a13f9225c540c5568a1c1839849368debd08,True
llama32_3b,M2_pq_asym,0,43,2.3142943382263184,2047,2042,7a7b7dc6f6f242742c30f5194894a13f9225c540c5568a1c1839849368debd08,True
llama32_3b,M2_pq_asym,0,44,2.3072943687438965,2047,2042,7a7b7dc6f6f242742c30f5194894a13f9225c540c5568a1c1839849368debd08,True
llama32_3b,M2_pq_asym,0,45,2.2818682193756104,2047,2043,7a7b7dc6f6f242742c30f5194894a13f9225c540c5568a1c1839849368debd08,True
llama32_3b,M2_pq_asym,0,46,2.3659486770629883,2047,2047,7a7b7dc6f6f242742c30f5194894a13f9225c540c5568a1c1839849368debd08,True
llama32_3b,M2_pq_asym,0,47,2.1554200649261475,2047,2047,7a7b7dc6f6f242742c30f5194894a13f9225c540c5568a1c1839849368debd08,True
llama32_3b,M2_pq_asym,0,48,2.0383880138397217,2047,2044,7a7b7dc6f6f242742c30f5194894a13f9225c540c5568a1c1839849368debd08,True
llama32_3b,M2_pq_asym,0,49,2.0261621475219727,2047,2043,7a7b7dc6f6f242742c30f5194894a13f9225c540c5568a1c1839849368debd08,True
llama32_3b,M2_pq_asym,0,50,1.7473211288452148,2047,2046,7a7b7dc6f6f242742c30f5194894a13f9225c540c5568a1c1839849368debd08,True
llama32_3b,M2_pq_asym,0,51,1.8421257734298706,2047,2047,7a7b7dc6f6f242742c30f5194894a13f9225c540c5568a1c1839849368debd08,True
llama32_3b,M2_pq_asym,0,52,1.6761667728424072,2047,2047,7a7b7dc6f6f242742c30f5194894a13f9225c540c5568a1c1839849368debd08,True
llama32_3b,M2_pq_asym,0,53,1.9025832414627075,2047,2047,7a7b7dc6f6f242742c30f5194894a13f9225c540c5568a1c1839849368debd08,True
llama32_3b,M2_pq_asym,0,54,1.6322216987609863,2047,2047,7a7b7dc6f6f242742c30f5194894a13f9225c540c5568a1c1839849368debd08,True
llama32_3b,M2_pq_asym,0,55,1.6037684679031372,2047,2046,7a7b7dc6f6f242742c30f5194894a13f9225c540c5568a1c1839849368debd08,True
llama32_3b,M2_pq_asym,0,56,1.8188269138336182,2047,2047,7a7b7dc6f6f242742c30f5194894a13f9225c540c5568a1c1839849368debd08,True
llama32_3b,M2_pq_asym,0,57,1.804088830947876,2047,2047,7a7b7dc6f6f242742c30f5194894a13f9225c540c5568a1c1839849368debd08,True
llama32_3b,M2_pq_asym,0,58,2.18611741065979,2047,2046,7a7b7dc6f6f242742c30f5194894a13f9225c540c5568a1c1839849368debd08,True
llama32_3b,M2_pq_asym,0,59,2.34775710105896,2047,2045,7a7b7dc6f6f242742c30f5194894a13f9225c540c5568a1c1839849368debd08,True
llama32_3b,M2_pq_asym,0,60,2.3698060512542725,2047,2046,7a7b7dc6f6f242742c30f5194894a13f9225c540c5568a1c1839849368debd08,True
llama32_3b,M2_pq_asym,0,61,2.468085765838623,2047,2044,7a7b7dc6f6f242742c30f5194894a13f9225c540c5568a1c1839849368debd08,True
llama32_3b,M2_pq_asym,0,62,1.5087982416152954,2047,2042,7a7b7dc6f6f242742c30f5194894a13f9225c540c5568a1c1839849368debd08,True
llama32_3b,M2_pq_asym,0,63,1.9021183252334595,2047,2039,7a7b7dc6f6f242742c30f5194894a13f9225c540c5568a1c1839849368debd08,True
llama32_3b,M2_pq_asym,1,0,1.8316195011138916,2047,2023,7a7b7dc6f6f242742c30f5194894a13f9225c540c5568a1c1839849368debd08,True
llama32_3b,M2_pq_asym,1,1,2.4337830543518066,2047,2046,7a7b7dc6f6f242742c30f5194894a13f9225c540c5568a1c1839849368debd08,True
llama32_3b,M2_pq_asym,1,2,2.5051653385162354,2047,2046,7a7b7dc6f6f242742c30f5194894a13f9225c540c5568a1c1839849368debd08,True
llama32_3b,M2_pq_asym,1,3,2.010680913925171,2047,2042,7a7b7dc6f6f242742c30f5194894a13f9225c540c5568a1c1839849368debd08,True
llama32_3b,M2_pq_asym,1,4,1.9253085851669312,2047,2046,7a7b7dc6f6f242742c30f5194894a13f9225c540c5568a1c1839849368debd08,True
llama32_3b,M2_pq_asym,1,5,1.5557156801223755,2047,2047,7a7b7dc6f6f242742c30f5194894a13f9225c540c5568a1c1839849368debd08,True
llama32_3b,M2_pq_asym,1,6,1.6731520891189575,2047,2047,7a7b7dc6f6f242742c30f5194894a13f9225c540c5568a1c1839849368debd08,True
llama32_3b,M2_pq_asym,1,7,1.9132550954818726,2047,2046,7a7b7dc6f6f242742c30f5194894a13f9225c540c5568a1c1839849368debd08,True
llama32_3b,M2_pq_asym,1,8,2.2496588230133057,2047,2046,7a7b7dc6f6f242742c30f5194894a13f9225c540c5568a1c1839849368debd08,True
llama32_3b,M2_pq_asym,1,9,1.9648754596710205,2047,2047,7a7b7dc6f6f242742c30f5194894a13f9225c540c5568a1c1839849368debd08,True
llama32_3b,M2_pq_asym,1,10,1.8992363214492798,2047,2044,7a7b7dc6f6f242742c30f5194894a13f9225c540c5568a1c1839849368debd08,True
llama32_3b,M2_pq_asym,1,11,2.2548787593841553,2047,2047,7a7b7dc6f6f242742c30f5194894a13f9225c540c5568a1c1839849368debd08,True
llama32_3b,M2_pq_asym,1,12,2.1246511936187744,2047,2047,7a7b7dc6f6f242742c30f5194894a13f9225c540c5568a1c1839849368debd08,True
llama32_3b,M2_pq_asym,1,13,2.2797930240631104,2047,2047,7a7b7dc6f6f242742c30f5194894a13f9225c540c5568a1c1839849368debd08,True
llama32_3b,M2_pq_asym,1,14,2.1987037658691406,2047,2047,7a7b7dc6f6f242742c30f5194894a13f9225c540c5568a1c1839849368debd08,True
llama32_3b,M2_pq_asym,1,15,2.402099132537842,2047,2047,7a7b7dc6f6f242742c30f5194894a13f9225c540c5568a1c1839849368debd08,True
llama32_3b,M2_pq_asym,1,16,2.124757766723633,2047,2046,7a7b7dc6f6f242742c30f5194894a13f9225c540c5568a1c1839849368debd08,True
llama32_3b,M2_pq_asym,1,17,2.1525673866271973,2047,2047,7a7b7dc6f6f242742c30f5194894a13f9225c540c5568a1c1839849368debd08,True
llama32_3b,M2_pq_asym,1,18,1.9568593502044678,2047,2040,7a7b7dc6f6f242742c30f5194894a13f9225c540c5568a1c1839849368debd08,True
llama32_3b,M2_pq_asym,1,19,2.1107122898101807,2047,2047,7a7b7dc6f6f242742c30f5194894a13f9225c540c5568a1c1839849368debd08,True
llama32_3b,M2_pq_asym,1,20,2.2347311973571777,2047,2045,7a7b7dc6f6f242742c30f5194894a13f9225c540c5568a1c1839849368debd08,True
llama32_3b,M2_pq_asym,1,21,2.1545114517211914,2047,2047,7a7b7dc6f6f242742c30f5194894a13f9225c540c5568a1c1839849368debd08,True
llama32_3b,M2_pq_asym,1,22,2.21286940574646,2047,2044,7a7b7dc6f6f242742c30f5194894a13f9225c540c5568a1c1839849368debd08,True
llama32_3b,M2_pq_asym,1,23,2.245619058609009,2047,2047,7a7b7dc6f6f242742c30f5194894a13f9225c540c5568a1c1839849368debd08,True
llama32_3b,M2_pq_asym,1,24,2.2815639972686768,2047,2047,7a7b7dc6f6f242742c30f5194894a13f9225c540c5568a1c1839849368debd08,True
llama32_3b,M2_pq_asym,1,25,2.341926336288452,2047,2047,7a7b7dc6f6f242742c30f5194894a13f9225c540c5568a1c1839849368debd08,True
llama32_3b,M2_pq_asym,1,26,2.428948402404785,2047,2044,7a7b7dc6f6f242742c30f5194894a13f9225c540c5568a1c1839849368debd08,True
llama32_3b,M2_pq_asym,1,27,2.226668357849121,2047,2041,7a7b7dc6f6f242742c30f5194894a13f9225c540c5568a1c1839849368debd08,True
llama32_3b,M2_pq_asym,1,28,2.0008580684661865,2047,2047,7a7b7dc6f6f242742c30f5194894a13f9225c540c5568a1c1839849368debd08,True
llama32_3b,M2_pq_asym,1,29,1.8174124956130981,2047,2047,7a7b7dc6f6f242742c30f5194894a13f9225c540c5568a1c1839849368debd08,True
llama32_3b,M2_pq_asym,1,30,1.6915587186813354,2047,2047,7a7b7dc6f6f242742c30f5194894a13f9225c540c5568a1c1839849368debd08,True
llama32_3b,M2_pq_asym,1,31,1.7090469598770142,2047,2047,7a7b7dc6f6f242742c30f5194894a13f9225c540c5568a1c1839849368debd08,True
llama32_3b,M2_pq_asym,1,32,2.0107579231262207,2047,2047,7a7b7dc6f6f242742c30f5194894a13f9225c540c5568a1c1839849368debd08,True
llama32_3b,M2_pq_asym,1,33,1.9846042394638062,2047,2040,7a7b7dc6f6f242742c30f5194894a13f9225c540c5568a1c1839849368debd08,True
llama32_3b,M2_pq_asym,1,34,2.159092426300049,2047,2047,7a7b7dc6f6f242742c30f5194894a13f9225c540c5568a1c1839849368debd08,True
llama32_3b,M2_pq_asym,1,35,1.4800353050231934,2047,2042,7a7b7dc6f6f242742c30f5194894a13f9225c540c5568a1c1839849368debd08,True
llama32_3b,M2_pq_asym,1,36,1.4477711915969849,2047,2042,7a7b7dc6f6f242742c30f5194894a13f9225c540c5568a1c1839849368debd08,True
llama32_3b,M2_pq_asym,1,37,1.490944743156433,2047,2043,7a7b7dc6f6f242742c30f5194894a13f9225c540c5568a1c1839849368debd08,True
llama32_3b,M2_pq_asym,1,38,1.4699589014053345,2047,2044,7a7b7dc6f6f242742c30f5194894a13f9225c540c5568a1c1839849368debd08,True
llama32_3b,M2_pq_asym,1,39,1.6712722778320312,2047,2046,7a7b7dc6f6f242742c30f5194894a13f9225c540c5568a1c1839849368debd08,True
llama32_3b,M2_pq_asym,1,40,2.273000717163086,2047,2045,7a7b7dc6f6f242742c30f5194894a13f9225c540c5568a1c1839849368debd08,True
llama32_3b,M2_pq_asym,1,41,2.68802809715271,2047,2045,7a7b7dc6f6f242742c30f5194894a13f9225c540c5568a1c1839849368debd08,True
llama32_3b,M2_pq_asym,1,42,2.6878111362457275,2047,2046,7a7b7dc6f6f242742c30f5194894a13f9225c540c5568a1c1839849368debd08,True
llama32_3b,M2_pq_asym,1,43,2.3177249431610107,2047,2042,7a7b7dc6f6f242742c30f5194894a13f9225c540c5568a1c1839849368debd08,True
llama32_3b,M2_pq_asym,1,44,2.3042008876800537,2047,2042,7a7b7dc6f6f242742c30f5194894a13f9225c540c5568a1c1839849368debd08,True
llama32_3b,M2_pq_asym,1,45,2.278590440750122,2047,2043,7a7b7dc6f6f242742c30f5194894a13f9225c540c5568a1c1839849368debd08,True
llama32_3b,M2_pq_asym,1,46,2.373188018798828,2047,2047,7a7b7dc6f6f242742c30f5194894a13f9225c540c5568a1c1839849368debd08,True
llama32_3b,M2_pq_asym,1,47,2.160883665084839,2047,2047,7a7b7dc6f6f242742c30f5194894a13f9225c540c5568a1c1839849368debd08,True
llama32_3b,M2_pq_asym,1,48,2.038994789123535,2047,2044,7a7b7dc6f6f242742c30f5194894a13f9225c540c5568a1c1839849368debd08,True
llama32_3b,M2_pq_asym,1,49,2.0282859802246094,2047,2043,7a7b7dc6f6f242742c30f5194894a13f9225c540c5568a1c1839849368debd08,True
llama32_3b,M2_pq_asym,1,50,1.7567603588104248,2047,2046,7a7b7dc6f6f242742c30f5194894a13f9225c540c5568a1c1839849368debd08,True
llama32_3b,M2_pq_asym,1,51,1.8437414169311523,2047,2047,7a7b7dc6f6f242742c30f5194894a13f9225c540c5568a1c1839849368debd08,True
llama32_3b,M2_pq_asym,1,52,1.6729178428649902,2047,2047,7a7b7dc6f6f242742c30f5194894a13f9225c540c5568a1c1839849368debd08,True
llama32_3b,M2_pq_asym,1,53,1.9016824960708618,2047,2047,7a7b7dc6f6f242742c30f5194894a13f9225c540c5568a1c1839849368debd08,True
llama32_3b,M2_pq_asym,1,54,1.6252193450927734,2047,2047,7a7b7dc6f6f242742c30f5194894a13f9225c540c5568a1c1839849368debd08,True
llama32_3b,M2_pq_asym,1,55,1.603709101676941,2047,2046,7a7b7dc6f6f242742c30f5194894a13f9225c540c5568a1c1839849368debd08,True
llama32_3b,M2_pq_asym,1,56,1.8362356424331665,2047,2047,7a7b7dc6f6f242742c30f5194894a13f9225c540c5568a1c1839849368debd08,True
llama32_3b,M2_pq_asym,1,57,1.8023699522018433,2047,2047,7a7b7dc6f6f242742c30f5194894a13f9225c540c5568a1c1839849368debd08,True
llama32_3b,M2_pq_asym,1,58,2.179840087890625,2047,2046,7a7b7dc6f6f242742c30f5194894a13f9225c540c5568a1c1839849368debd08,True
llama32_3b,M2_pq_asym,1,59,2.352067232131958,2047,2045,7a7b7dc6f6f242742c30f5194894a13f9225c540c5568a1c1839849368debd08,True
llama32_3b,M2_pq_asym,1,60,2.3620972633361816,2047,2046,7a7b7dc6f6f242742c30f5194894a13f9225c540c5568a1c1839849368debd08,True
llama32_3b,M2_pq_asym,1,61,2.459441900253296,2047,2044,7a7b7dc6f6f242742c30f5194894a13f9225c540c5568a1c1839849368debd08,True
llama32_3b,M2_pq_asym,1,62,1.5103427171707153,2047,2042,7a7b7dc6f6f242742c30f5194894a13f9225c540c5568a1c1839849368debd08,True
llama32_3b,M2_pq_asym,1,63,1.9032469987869263,2047,2039,7a7b7dc6f6f242742c30f5194894a13f9225c540c5568a1c1839849368debd08,True
llama32_3b,M2_pq_asym,2,0,1.83805251121521,2047,2023,7a7b7dc6f6f242742c30f5194894a13f9225c540c5568a1c1839849368debd08,True
llama32_3b,M2_pq_asym,2,1,2.433971881866455,2047,2046,7a7b7dc6f6f242742c30f5194894a13f9225c540c5568a1c1839849368debd08,True
llama32_3b,M2_pq_asym,2,2,2.502814292907715,2047,2046,7a7b7dc6f6f242742c30f5194894a13f9225c540c5568a1c1839849368debd08,True
llama32_3b,M2_pq_asym,2,3,2.015256643295288,2047,2042,7a7b7dc6f6f242742c30f5194894a13f9225c540c5568a1c1839849368debd08,True
llama32_3b,M2_pq_asym,2,4,1.9238338470458984,2047,2046,7a7b7dc6f6f242742c30f5194894a13f9225c540c5568a1c1839849368debd08,True
llama32_3b,M2_pq_asym,2,5,1.5589196681976318,2047,2047,7a7b7dc6f6f242742c30f5194894a13f9225c540c5568a1c1839849368debd08,True
llama32_3b,M2_pq_asym,2,6,1.6677418947219849,2047,2047,7a7b7dc6f6f242742c30f5194894a13f9225c540c5568a1c1839849368debd08,True
llama32_3b,M2_pq_asym,2,7,1.9232966899871826,2047,2046,7a7b7dc6f6f242742c30f5194894a13f9225c540c5568a1c1839849368debd08,True
llama32_3b,M2_pq_asym,2,8,2.2554757595062256,2047,2046,7a7b7dc6f6f242742c30f5194894a13f9225c540c5568a1c1839849368debd08,True
llama32_3b,M2_pq_asym,2,9,1.977009892463684,2047,2047,7a7b7dc6f6f242742c30f5194894a13f9225c540c5568a1c1839849368debd08,True
llama32_3b,M2_pq_asym,2,10,1.9009206295013428,2047,2044,7a7b7dc6f6f242742c30f5194894a13f9225c540c5568a1c1839849368debd08,True
llama32_3b,M2_pq_asym,2,11,2.2548587322235107,2047,2047,7a7b7dc6f6f242742c30f5194894a13f9225c540c5568a1c1839849368debd08,True
llama32_3b,M2_pq_asym,2,12,2.1234805583953857,2047,2047,7a7b7dc6f6f242742c30f5194894a13f9225c540c5568a1c1839849368debd08,True
llama32_3b,M2_pq_asym,2,13,2.2734375,2047,2047,7a7b7dc6f6f242742c30f5194894a13f9225c540c5568a1c1839849368debd08,True
llama32_3b,M2_pq_asym,2,14,2.1992151737213135,2047,2047,7a7b7dc6f6f242742c30f5194894a13f9225c540c5568a1c1839849368debd08,True
llama32_3b,M2_pq_asym,2,15,2.4028069972991943,2047,2047,7a7b7dc6f6f242742c30f5194894a13f9225c540c5568a1c1839849368debd08,True
llama32_3b,M2_pq_asym,2,16,2.1313154697418213,2047,2046,7a7b7dc6f6f242742c30f5194894a13f9225c540c5568a1c1839849368debd08,True
llama32_3b,M2_pq_asym,2,17,2.156545400619507,2047,2047,7a7b7dc6f6f242742c30f5194894a13f9225c540c5568a1c1839849368debd08,True
llama32_3b,M2_pq_asym,2,18,1.9554041624069214,2047,2040,7a7b7dc6f6f242742c30f5194894a13f9225c540c5568a1c1839849368debd08,True
llama32_3b,M2_pq_asym,2,19,2.116132974624634,2047,2047,7a7b7dc6f6f242742c30f5194894a13f9225c540c5568a1c1839849368debd08,True
llama32_3b,M2_pq_asym,2,20,2.229128122329712,2047,2045,7a7b7dc6f6f242742c30f5194894a13f9225c540c5568a1c1839849368debd08,True
llama32_3b,M2_pq_asym,2,21,2.1590957641601562,2047,2047,7a7b7dc6f6f242742c30f5194894a13f9225c540c5568a1c1839849368debd08,True
llama32_3b,M2_pq_asym,2,22,2.2111473083496094,2047,2044,7a7b7dc6f6f242742c30f5194894a13f9225c540c5568a1c1839849368debd08,True
llama32_3b,M2_pq_asym,2,23,2.24684476852417,2047,2047,7a7b7dc6f6f242742c30f5194894a13f9225c540c5568a1c1839849368debd08,True
llama32_3b,M2_pq_asym,2,24,2.2753825187683105,2047,2047,7a7b7dc6f6f242742c30f5194894a13f9225c540c5568a1c1839849368debd08,True
llama32_3b,M2_pq_asym,2,25,2.3447985649108887,2047,2047,7a7b7dc6f6f242742c30f5194894a13f9225c540c5568a1c1839849368debd08,True
llama32_3b,M2_pq_asym,2,26,2.4286327362060547,2047,2044,7a7b7dc6f6f242742c30f5194894a13f9225c540c5568a1c1839849368debd08,True
llama32_3b,M2_pq_asym,2,27,2.228790044784546,2047,2041,7a7b7dc6f6f242742c30f5194894a13f9225c540c5568a1c1839849368debd08,True
llama32_3b,M2_pq_asym,2,28,2.0064027309417725,2047,2047,7a7b7dc6f6f242742c30f5194894a13f9225c540c5568a1c1839849368debd08,True
llama32_3b,M2_pq_asym,2,29,1.8055044412612915,2047,2047,7a7b7dc6f6f242742c30f5194894a13f9225c540c5568a1c1839849368debd08,True
llama32_3b,M2_pq_asym,2,30,1.6925469636917114,2047,2047,7a7b7dc6f6f242742c30f5194894a13f9225c540c5568a1c1839849368debd08,True
llama32_3b,M2_pq_asym,2,31,1.7222996950149536,2047,2047,7a7b7dc6f6f242742c30f5194894a13f9225c540c5568a1c1839849368debd08,True
llama32_3b,M2_pq_asym,2,32,2.020627021789551,2047,2047,7a7b7dc6f6f242742c30f5194894a13f9225c540c5568a1c1839849368debd08,True
llama32_3b,M2_pq_asym,2,33,1.9799399375915527,2047,2040,7a7b7dc6f6f242742c30f5194894a13f9225c540c5568a1c1839849368debd08,True
llama32_3b,M2_pq_asym,2,34,2.1649246215820312,2047,2047,7a7b7dc6f6f242742c30f5194894a13f9225c540c5568a1c1839849368debd08,True
llama32_3b,M2_pq_asym,2,35,1.4791346788406372,2047,2042,7a7b7dc6f6f242742c30f5194894a13f9225c540c5568a1c1839849368debd08,True
llama32_3b,M2_pq_asym,2,36,1.4464771747589111,2047,2042,7a7b7dc6f6f242742c30f5194894a13f9225c540c5568a1c1839849368debd08,True
llama32_3b,M2_pq_asym,2,37,1.489129662513733,2047,2043,7a7b7dc6f6f242742c30f5194894a13f9225c540c5568a1c1839849368debd08,True
llama32_3b,M2_pq_asym,2,38,1.4794437885284424,2047,2044,7a7b7dc6f6f242742c30f5194894a13f9225c540c5568a1c1839849368debd08,True
llama32_3b,M2_pq_asym,2,39,1.6724483966827393,2047,2046,7a7b7dc6f6f242742c30f5194894a13f9225c540c5568a1c1839849368debd08,True
llama32_3b,M2_pq_asym,2,40,2.273455858230591,2047,2045,7a7b7dc6f6f242742c30f5194894a13f9225c540c5568a1c1839849368debd08,True
llama32_3b,M2_pq_asym,2,41,2.6953225135803223,2047,2045,7a7b7dc6f6f242742c30f5194894a13f9225c540c5568a1c1839849368debd08,True
llama32_3b,M2_pq_asym,2,42,2.6876397132873535,2047,2046,7a7b7dc6f6f242742c30f5194894a13f9225c540c5568a1c1839849368debd08,True
llama32_3b,M2_pq_asym,2,43,2.3063292503356934,2047,2042,7a7b7dc6f6f242742c30f5194894a13f9225c540c5568a1c1839849368debd08,True
llama32_3b,M2_pq_asym,2,44,2.3058815002441406,2047,2042,7a7b7dc6f6f242742c30f5194894a13f9225c540c5568a1c1839849368debd08,True
llama32_3b,M2_pq_asym,2,45,2.281254291534424,2047,2043,7a7b7dc6f6f242742c30f5194894a13f9225c540c5568a1c1839849368debd08,True
llama32_3b,M2_pq_asym,2,46,2.3704702854156494,2047,2047,7a7b7dc6f6f242742c30f5194894a13f9225c540c5568a1c1839849368debd08,True
llama32_3b,M2_pq_asym,2,47,2.1575429439544678,2047,2047,7a7b7dc6f6f242742c30f5194894a13f9225c540c5568a1c1839849368debd08,True
llama32_3b,M2_pq_asym,2,48,2.0399246215820312,2047,2044,7a7b7dc6f6f242742c30f5194894a13f9225c540c5568a1c1839849368debd08,True
llama32_3b,M2_pq_asym,2,49,2.0328195095062256,2047,2043,7a7b7dc6f6f242742c30f5194894a13f9225c540c5568a1c1839849368debd08,True
llama32_3b,M2_pq_asym,2,50,1.7487295866012573,2047,2046,7a7b7dc6f6f242742c30f5194894a13f9225c540c5568a1c1839849368debd08,True
llama32_3b,M2_pq_asym,2,51,1.837945580482483,2047,2047,7a7b7dc6f6f242742c30f5194894a13f9225c540c5568a1c1839849368debd08,True
llama32_3b,M2_pq_asym,2,52,1.6787391901016235,2047,2047,7a7b7dc6f6f242742c30f5194894a13f9225c540c5568a1c1839849368debd08,True
llama32_3b,M2_pq_asym,2,53,1.906810998916626,2047,2047,7a7b7dc6f6f242742c30f5194894a13f9225c540c5568a1c1839849368debd08,True
llama32_3b,M2_pq_asym,2,54,1.6320310831069946,2047,2047,7a7b7dc6f6f242742c30f5194894a13f9225c540c5568a1c1839849368debd08,True
llama32_3b,M2_pq_asym,2,55,1.6057671308517456,2047,2046,7a7b7dc6f6f242742c30f5194894a13f9225c540c5568a1c1839849368debd08,True
llama32_3b,M2_pq_asym,2,56,1.8345494270324707,2047,2047,7a7b7dc6f6f242742c30f5194894a13f9225c540c5568a1c1839849368debd08,True
llama32_3b,M2_pq_asym,2,57,1.8086109161376953,2047,2047,7a7b7dc6f6f242742c30f5194894a13f9225c540c5568a1c1839849368debd08,True
llama32_3b,M2_pq_asym,2,58,2.1833088397979736,2047,2046,7a7b7dc6f6f242742c30f5194894a13f9225c540c5568a1c1839849368debd08,True
llama32_3b,M2_pq_asym,2,59,2.3477892875671387,2047,2045,7a7b7dc6f6f242742c30f5194894a13f9225c540c5568a1c1839849368debd08,True
llama32_3b,M2_pq_asym,2,60,2.3601043224334717,2047,2046,7a7b7dc6f6f242742c30f5194894a13f9225c540c5568a1c1839849368debd08,True
llama32_3b,M2_pq_asym,2,61,2.468888282775879,2047,2044,7a7b7dc6f6f242742c30f5194894a13f9225c540c5568a1c1839849368debd08,True
llama32_3b,M2_pq_asym,2,62,1.5145634412765503,2047,2042,7a7b7dc6f6f242742c30f5194894a13f9225c540c5568a1c1839849368debd08,True
llama32_3b,M2_pq_asym,2,63,1.9039417505264282,2047,2039,7a7b7dc6f6f242742c30f5194894a13f9225c540c5568a1c1839849368debd08,True
llama32_3b,M2_had_asym,0,0,1.84098219871521,2047,2023,7a7b7dc6f6f242742c30f5194894a13f9225c540c5568a1c1839849368debd08,True
llama32_3b,M2_had_asym,0,1,2.437694787979126,2047,2046,7a7b7dc6f6f242742c30f5194894a13f9225c540c5568a1c1839849368debd08,True
llama32_3b,M2_had_asym,0,2,2.5089569091796875,2047,2046,7a7b7dc6f6f242742c30f5194894a13f9225c540c5568a1c1839849368debd08,True
llama32_3b,M2_had_asym,0,3,2.0255327224731445,2047,2042,7a7b7dc6f6f242742c30f5194894a13f9225c540c5568a1c1839849368debd08,True
llama32_3b,M2_had_asym,0,4,1.9336005449295044,2047,2046,7a7b7dc6f6f242742c30f5194894a13f9225c540c5568a1c1839849368debd08,True
llama32_3b,M2_had_asym,0,5,1.5557191371917725,2047,2047,7a7b7dc6f6f242742c30f5194894a13f9225c540c5568a1c1839849368debd08,True
llama32_3b,M2_had_asym,0,6,1.6695947647094727,2047,2047,7a7b7dc6f6f242742c30f5194894a13f9225c540c5568a1c1839849368debd08,True
llama32_3b,M2_had_asym,0,7,1.9249558448791504,2047,2046,7a7b7dc6f6f242742c30f5194894a13f9225c540c5568a1c1839849368debd08,True
llama32_3b,M2_had_asym,0,8,2.2564287185668945,2047,2046,7a7b7dc6f6f242742c30f5194894a13f9225c540c5568a1c1839849368debd08,True
llama32_3b,M2_had_asym,0,9,1.9841692447662354,2047,2047,7a7b7dc6f6f242742c30f5194894a13f9225c540c5568a1c1839849368debd08,True
llama32_3b,M2_had_asym,0,10,1.909806251525879,2047,2044,7a7b7dc6f6f242742c30f5194894a13f9225c540c5568a1c1839849368debd08,True
llama32_3b,M2_had_asym,0,11,2.2636094093322754,2047,2047,7a7b7dc6f6f242742c30f5194894a13f9225c540c5568a1c1839849368debd08,True
llama32_3b,M2_had_asym,0,12,2.129629373550415,2047,2047,7a7b7dc6f6f242742c30f5194894a13f9225c540c5568a1c1839849368debd08,True
llama32_3b,M2_had_asym,0,13,2.270137071609497,2047,2047,7a7b7dc6f6f242742c30f5194894a13f9225c540c5568a1c1839849368debd08,True
llama32_3b,M2_had_asym,0,14,2.2094039916992188,2047,2047,7a7b7dc6f6f242742c30f5194894a13f9225c540c5568a1c1839849368debd08,True
llama32_3b,M2_had_asym,0,15,2.402967691421509,2047,2047,7a7b7dc6f6f242742c30f5194894a13f9225c540c5568a1c1839849368debd08,True
llama32_3b,M2_had_asym,0,16,2.1390700340270996,2047,2046,7a7b7dc6f6f242742c30f5194894a13f9225c540c5568a1c1839849368debd08,True
llama32_3b,M2_had_asym,0,17,2.1580843925476074,2047,2047,7a7b7dc6f6f242742c30f5194894a13f9225c540c5568a1c1839849368debd08,True
llama32_3b,M2_had_asym,0,18,1.957951545715332,2047,2040,7a7b7dc6f6f242742c30f5194894a13f9225c540c5568a1c1839849368debd08,True
llama32_3b,M2_had_asym,0,19,2.117649793624878,2047,2047,7a7b7dc6f6f242742c30f5194894a13f9225c540c5568a1c1839849368debd08,True
llama32_3b,M2_had_asym,0,20,2.2325901985168457,2047,2045,7a7b7dc6f6f242742c30f5194894a13f9225c540c5568a1c1839849368debd08,True
llama32_3b,M2_had_asym,0,21,2.163792610168457,2047,2047,7a7b7dc6f6f242742c30f5194894a13f9225c540c5568a1c1839849368debd08,True
llama32_3b,M2_had_asym,0,22,2.218219757080078,2047,2044,7a7b7dc6f6f242742c30f5194894a13f9225c540c5568a1c1839849368debd08,True
llama32_3b,M2_had_asym,0,23,2.2564010620117188,2047,2047,7a7b7dc6f6f242742c30f5194894a13f9225c540c5568a1c1839849368debd08,True
llama32_3b,M2_had_asym,0,24,2.283733606338501,2047,2047,7a7b7dc6f6f242742c30f5194894a13f9225c540c5568a1c1839849368debd08,True
llama32_3b,M2_had_asym,0,25,2.3451473712921143,2047,2047,7a7b7dc6f6f242742c30f5194894a13f9225c540c5568a1c1839849368debd08,True
llama32_3b,M2_had_asym,0,26,2.4356813430786133,2047,2044,7a7b7dc6f6f242742c30f5194894a13f9225c540c5568a1c1839849368debd08,True
llama32_3b,M2_had_asym,0,27,2.231642007827759,2047,2041,7a7b7dc6f6f242742c30f5194894a13f9225c540c5568a1c1839849368debd08,True
llama32_3b,M2_had_asym,0,28,2.0027527809143066,2047,2047,7a7b7dc6f6f242742c30f5194894a13f9225c540c5568a1c1839849368debd08,True
llama32_3b,M2_had_asym,0,29,1.8135617971420288,2047,2047,7a7b7dc6f6f242742c30f5194894a13f9225c540c5568a1c1839849368debd08,True
llama32_3b,M2_had_asym,0,30,1.7170614004135132,2047,2047,7a7b7dc6f6f242742c30f5194894a13f9225c540c5568a1c1839849368debd08,True
llama32_3b,M2_had_asym,0,31,1.7326542139053345,2047,2047,7a7b7dc6f6f242742c30f5194894a13f9225c540c5568a1c1839849368debd08,True
llama32_3b,M2_had_asym,0,32,2.0165510177612305,2047,2047,7a7b7dc6f6f242742c30f5194894a13f9225c540c5568a1c1839849368debd08,True
llama32_3b,M2_had_asym,0,33,1.9902746677398682,2047,2040,7a7b7dc6f6f242742c30f5194894a13f9225c540c5568a1c1839849368debd08,True
llama32_3b,M2_had_asym,0,34,2.1660776138305664,2047,2047,7a7b7dc6f6f242742c30f5194894a13f9225c540c5568a1c1839849368debd08,True
llama32_3b,M2_had_asym,0,35,1.4835261106491089,2047,2042,7a7b7dc6f6f242742c30f5194894a13f9225c540c5568a1c1839849368debd08,True
llama32_3b,M2_had_asym,0,36,1.4473681449890137,2047,2042,7a7b7dc6f6f242742c30f5194894a13f9225c540c5568a1c1839849368debd08,True
llama32_3b,M2_had_asym,0,37,1.4887511730194092,2047,2043,7a7b7dc6f6f242742c30f5194894a13f9225c540c5568a1c1839849368debd08,True
llama32_3b,M2_had_asym,0,38,1.4849815368652344,2047,2044,7a7b7dc6f6f242742c30f5194894a13f9225c540c5568a1c1839849368debd08,True
llama32_3b,M2_had_asym,0,39,1.6802170276641846,2047,2046,7a7b7dc6f6f242742c30f5194894a13f9225c540c5568a1c1839849368debd08,True
llama32_3b,M2_had_asym,0,40,2.283538341522217,2047,2045,7a7b7dc6f6f242742c30f5194894a13f9225c540c5568a1c1839849368debd08,True
llama32_3b,M2_had_asym,0,41,2.7029776573181152,2047,2045,7a7b7dc6f6f242742c30f5194894a13f9225c540c5568a1c1839849368debd08,True
llama32_3b,M2_had_asym,0,42,2.6962053775787354,2047,2046,7a7b7dc6f6f242742c30f5194894a13f9225c540c5568a1c1839849368debd08,True
llama32_3b,M2_had_asym,0,43,2.31646728515625,2047,2042,7a7b7dc6f6f242742c30f5194894a13f9225c540c5568a1c1839849368debd08,True
llama32_3b,M2_had_asym,0,44,2.3124396800994873,2047,2042,7a7b7dc6f6f242742c30f5194894a13f9225c540c5568a1c1839849368debd08,True
llama32_3b,M2_had_asym,0,45,2.283449172973633,2047,2043,7a7b7dc6f6f242742c30f5194894a13f9225c540c5568a1c1839849368debd08,True
llama32_3b,M2_had_asym,0,46,2.376807689666748,2047,2047,7a7b7dc6f6f242742c30f5194894a13f9225c540c5568a1c1839849368debd08,True
llama32_3b,M2_had_asym,0,47,2.163217544555664,2047,2047,7a7b7dc6f6f242742c30f5194894a13f9225c540c5568a1c1839849368debd08,True
llama32_3b,M2_had_asym,0,48,2.0404698848724365,2047,2044,7a7b7dc6f6f242742c30f5194894a13f9225c540c5568a1c1839849368debd08,True
llama32_3b,M2_had_asym,0,49,2.0353450775146484,2047,2043,7a7b7dc6f6f242742c30f5194894a13f9225c540c5568a1c1839849368debd08,True
llama32_3b,M2_had_asym,0,50,1.7648969888687134,2047,2046,7a7b7dc6f6f242742c30f5194894a13f9225c540c5568a1c1839849368debd08,True
llama32_3b,M2_had_asym,0,51,1.8452746868133545,2047,2047,7a7b7dc6f6f242742c30f5194894a13f9225c540c5568a1c1839849368debd08,True
llama32_3b,M2_had_asym,0,52,1.682383418083191,2047,2047,7a7b7dc6f6f242742c30f5194894a13f9225c540c5568a1c1839849368debd08,True
llama32_3b,M2_had_asym,0,53,1.9067661762237549,2047,2047,7a7b7dc6f6f242742c30f5194894a13f9225c540c5568a1c1839849368debd08,True
llama32_3b,M2_had_asym,0,54,1.6343671083450317,2047,2047,7a7b7dc6f6f242742c30f5194894a13f9225c540c5568a1c1839849368debd08,True
llama32_3b,M2_had_asym,0,55,1.6143248081207275,2047,2046,7a7b7dc6f6f242742c30f5194894a13f9225c540c5568a1c1839849368debd08,True
llama32_3b,M2_had_asym,0,56,1.8433971405029297,2047,2047,7a7b7dc6f6f242742c30f5194894a13f9225c540c5568a1c1839849368debd08,True
llama32_3b,M2_had_asym,0,57,1.8100664615631104,2047,2047,7a7b7dc6f6f242742c30f5194894a13f9225c540c5568a1c1839849368debd08,True
llama32_3b,M2_had_asym,0,58,2.197084903717041,2047,2046,7a7b7dc6f6f242742c30f5194894a13f9225c540c5568a1c1839849368debd08,True
llama32_3b,M2_had_asym,0,59,2.3599236011505127,2047,2045,7a7b7dc6f6f242742c30f5194894a13f9225c540c5568a1c1839849368debd08,True
llama32_3b,M2_had_asym,0,60,2.357835054397583,2047,2046,7a7b7dc6f6f242742c30f5194894a13f9225c540c5568a1c1839849368debd08,True
llama32_3b,M2_had_asym,0,61,2.476774215698242,2047,2044,7a7b7dc6f6f242742c30f5194894a13f9225c540c5568a1c1839849368debd08,True
llama32_3b,M2_had_asym,0,62,1.5206105709075928,2047,2042,7a7b7dc6f6f242742c30f5194894a13f9225c540c5568a1c1839849368debd08,True
llama32_3b,M2_had_asym,0,63,1.9146549701690674,2047,2039,7a7b7dc6f6f242742c30f5194894a13f9225c540c5568a1c1839849368debd08,True
llama32_3b,M2_had_asym,1,0,1.8343867063522339,2047,2023,7a7b7dc6f6f242742c30f5194894a13f9225c540c5568a1c1839849368debd08,True
llama32_3b,M2_had_asym,1,1,2.4246511459350586,2047,2046,7a7b7dc6f6f242742c30f5194894a13f9225c540c5568a1c1839849368debd08,True
llama32_3b,M2_had_asym,1,2,2.5153496265411377,2047,2046,7a7b7dc6f6f242742c30f5194894a13f9225c540c5568a1c1839849368debd08,True
llama32_3b,M2_had_asym,1,3,2.0217947959899902,2047,2042,7a7b7dc6f6f242742c30f5194894a13f9225c540c5568a1c1839849368debd08,True
llama32_3b,M2_had_asym,1,4,1.9298012256622314,2047,2046,7a7b7dc6f6f242742c30f5194894a13f9225c540c5568a1c1839849368debd08,True
llama32_3b,M2_had_asym,1,5,1.5553323030471802,2047,2047,7a7b7dc6f6f242742c30f5194894a13f9225c540c5568a1c1839849368debd08,True
llama32_3b,M2_had_asym,1,6,1.677029013633728,2047,2047,7a7b7dc6f6f242742c30f5194894a13f9225c540c5568a1c1839849368debd08,True
llama32_3b,M2_had_asym,1,7,1.9235224723815918,2047,2046,7a7b7dc6f6f242742c30f5194894a13f9225c540c5568a1c1839849368debd08,True
llama32_3b,M2_had_asym,1,8,2.259265184402466,2047,2046,7a7b7dc6f6f242742c30f5194894a13f9225c540c5568a1c1839849368debd08,True
llama32_3b,M2_had_asym,1,9,1.9820036888122559,2047,2047,7a7b7dc6f6f242742c30f5194894a13f9225c540c5568a1c1839849368debd08,True
llama32_3b,M2_had_asym,1,10,1.901230812072754,2047,2044,7a7b7dc6f6f242742c30f5194894a13f9225c540c5568a1c1839849368debd08,True
llama32_3b,M2_had_asym,1,11,2.26092529296875,2047,2047,7a7b7dc6f6f242742c30f5194894a13f9225c540c5568a1c1839849368debd08,True
llama32_3b,M2_had_asym,1,12,2.1231276988983154,2047,2047,7a7b7dc6f6f242742c30f5194894a13f9225c540c5568a1c1839849368debd08,True
llama32_3b,M2_had_asym,1,13,2.287712574005127,2047,2047,7a7b7dc6f6f242742c30f5194894a13f9225c540c5568a1c1839849368debd08,True
llama32_3b,M2_had_asym,1,14,2.2076549530029297,2047,2047,7a7b7dc6f6f242742c30f5194894a13f9225c540c5568a1c1839849368debd08,True
llama32_3b,M2_had_asym,1,15,2.407045841217041,2047,2047,7a7b7dc6f6f242742c30f5194894a13f9225c540c5568a1c1839849368debd08,True
llama32_3b,M2_had_asym,1,16,2.135951519012451,2047,2046,7a7b7dc6f6f242742c30f5194894a13f9225c540c5568a1c1839849368debd08,True
llama32_3b,M2_had_asym,1,17,2.151628017425537,2047,2047,7a7b7dc6f6f242742c30f5194894a13f9225c540c5568a1c1839849368debd08,True
llama32_3b,M2_had_asym,1,18,1.9541316032409668,2047,2040,7a7b7dc6f6f242742c30f5194894a13f9225c540c5568a1c1839849368debd08,True
llama32_3b,M2_had_asym,1,19,2.118712902069092,2047,2047,7a7b7dc6f6f242742c30f5194894a13f9225c540c5568a1c1839849368debd08,True
llama32_3b,M2_had_asym,1,20,2.2350046634674072,2047,2045,7a7b7dc6f6f242742c30f5194894a13f9225c540c5568a1c1839849368debd08,True
llama32_3b,M2_had_asym,1,21,2.16009259223938,2047,2047,7a7b7dc6f6f242742c30f5194894a13f9225c540c5568a1c1839849368debd08,True
llama32_3b,M2_had_asym,1,22,2.219778299331665,2047,2044,7a7b7dc6f6f242742c30f5194894a13f9225c540c5568a1c1839849368debd08,True
llama32_3b,M2_had_asym,1,23,2.256119728088379,2047,2047,7a7b7dc6f6f242742c30f5194894a13f9225c540c5568a1c1839849368debd08,True
llama32_3b,M2_had_asym,1,24,2.292144775390625,2047,2047,7a7b7dc6f6f242742c30f5194894a13f9225c540c5568a1c1839849368debd08,True
llama32_3b,M2_had_asym,1,25,2.3442306518554688,2047,2047,7a7b7dc6f6f242742c30f5194894a13f9225c540c5568a1c1839849368debd08,True
llama32_3b,M2_had_asym,1,26,2.423433542251587,2047,2044,7a7b7dc6f6f242742c30f5194894a13f9225c540c5568a1c1839849368debd08,True
llama32_3b,M2_had_asym,1,27,2.2297258377075195,2047,2041,7a7b7dc6f6f242742c30f5194894a13f9225c540c5568a1c1839849368debd08,True
llama32_3b,M2_had_asym,1,28,2.0049517154693604,2047,2047,7a7b7dc6f6f242742c30f5194894a13f9225c540c5568a1c1839849368debd08,True
llama32_3b,M2_had_asym,1,29,1.8132537603378296,2047,2047,7a7b7dc6f6f242742c30f5194894a13f9225c540c5568a1c1839849368debd08,True
llama32_3b,M2_had_asym,1,30,1.698045253753662,2047,2047,7a7b7dc6f6f242742c30f5194894a13f9225c540c5568a1c1839849368debd08,True
llama32_3b,M2_had_asym,1,31,1.7290645837783813,2047,2047,7a7b7dc6f6f242742c30f5194894a13f9225c540c5568a1c1839849368debd08,True
llama32_3b,M2_had_asym,1,32,2.01509690284729,2047,2047,7a7b7dc6f6f242742c30f5194894a13f9225c540c5568a1c1839849368debd08,True
llama32_3b,M2_had_asym,1,33,1.9808779954910278,2047,2040,7a7b7dc6f6f242742c30f5194894a13f9225c540c5568a1c1839849368debd08,True
llama32_3b,M2_had_asym,1,34,2.1648941040039062,2047,2047,7a7b7dc6f6f242742c30f5194894a13f9225c540c5568a1c1839849368debd08,True
llama32_3b,M2_had_asym,1,35,1.4817510843276978,2047,2042,7a7b7dc6f6f242742c30f5194894a13f9225c540c5568a1c1839849368debd08,True
llama32_3b,M2_had_asym,1,36,1.4533416032791138,2047,2042,7a7b7dc6f6f242742c30f5194894a13f9225c540c5568a1c1839849368debd08,True
llama32_3b,M2_had_asym,1,37,1.4912188053131104,2047,2043,7a7b7dc6f6f242742c30f5194894a13f9225c540c5568a1c1839849368debd08,True
llama32_3b,M2_had_asym,1,38,1.4816988706588745,2047,2044,7a7b7dc6f6f242742c30f5194894a13f9225c540c5568a1c1839849368debd08,True
llama32_3b,M2_had_asym,1,39,1.663846731185913,2047,2046,7a7b7dc6f6f242742c30f5194894a13f9225c540c5568a1c1839849368debd08,True
llama32_3b,M2_had_asym,1,40,2.2779524326324463,2047,2045,7a7b7dc6f6f242742c30f5194894a13f9225c540c5568a1c1839849368debd08,True
llama32_3b,M2_had_asym,1,41,2.701350450515747,2047,2045,7a7b7dc6f6f242742c30f5194894a13f9225c540c5568a1c1839849368debd08,True
llama32_3b,M2_had_asym,1,42,2.6982007026672363,2047,2046,7a7b7dc6f6f242742c30f5194894a13f9225c540c5568a1c1839849368debd08,True
llama32_3b,M2_had_asym,1,43,2.315511703491211,2047,2042,7a7b7dc6f6f242742c30f5194894a13f9225c540c5568a1c1839849368debd08,True
llama32_3b,M2_had_asym,1,44,2.310904026031494,2047,2042,7a7b7dc6f6f242742c30f5194894a13f9225c540c5568a1c1839849368debd08,True
llama32_3b,M2_had_asym,1,45,2.2884767055511475,2047,2043,7a7b7dc6f6f242742c30f5194894a13f9225c540c5568a1c1839849368debd08,True
llama32_3b,M2_had_asym,1,46,2.3682937622070312,2047,2047,7a7b7dc6f6f242742c30f5194894a13f9225c540c5568a1c1839849368debd08,True
llama32_3b,M2_had_asym,1,47,2.1604673862457275,2047,2047,7a7b7dc6f6f242742c30f5194894a13f9225c540c5568a1c1839849368debd08,True
llama32_3b,M2_had_asym,1,48,2.042005777359009,2047,2044,7a7b7dc6f6f242742c30f5194894a13f9225c540c5568a1c1839849368debd08,True
llama32_3b,M2_had_asym,1,49,2.0363211631774902,2047,2043,7a7b7dc6f6f242742c30f5194894a13f9225c540c5568a1c1839849368debd08,True
llama32_3b,M2_had_asym,1,50,1.7689975500106812,2047,2046,7a7b7dc6f6f242742c30f5194894a13f9225c540c5568a1c1839849368debd08,True
llama32_3b,M2_had_asym,1,51,1.8411574363708496,2047,2047,7a7b7dc6f6f242742c30f5194894a13f9225c540c5568a1c1839849368debd08,True
llama32_3b,M2_had_asym,1,52,1.6854044198989868,2047,2047,7a7b7dc6f6f242742c30f5194894a13f9225c540c5568a1c1839849368debd08,True
llama32_3b,M2_had_asym,1,53,1.9089446067810059,2047,2047,7a7b7dc6f6f242742c30f5194894a13f9225c540c5568a1c1839849368debd08,True
llama32_3b,M2_had_asym,1,54,1.6404255628585815,2047,2047,7a7b7dc6f6f242742c30f5194894a13f9225c540c5568a1c1839849368debd08,True
llama32_3b,M2_had_asym,1,55,1.60662043094635,2047,2046,7a7b7dc6f6f242742c30f5194894a13f9225c540c5568a1c1839849368debd08,True
llama32_3b,M2_had_asym,1,56,1.8428338766098022,2047,2047,7a7b7dc6f6f242742c30f5194894a13f9225c540c5568a1c1839849368debd08,True
llama32_3b,M2_had_asym,1,57,1.8161145448684692,2047,2047,7a7b7dc6f6f242742c30f5194894a13f9225c540c5568a1c1839849368debd08,True
llama32_3b,M2_had_asym,1,58,2.1882054805755615,2047,2046,7a7b7dc6f6f242742c30f5194894a13f9225c540c5568a1c1839849368debd08,True
llama32_3b,M2_had_asym,1,59,2.3716299533843994,2047,2045,7a7b7dc6f6f242742c30f5194894a13f9225c540c5568a1c1839849368debd08,True
llama32_3b,M2_had_asym,1,60,2.369562864303589,2047,2046,7a7b7dc6f6f242742c30f5194894a13f9225c540c5568a1c1839849368debd08,True
llama32_3b,M2_had_asym,1,61,2.4708120822906494,2047,2044,7a7b7dc6f6f242742c30f5194894a13f9225c540c5568a1c1839849368debd08,True
llama32_3b,M2_had_asym,1,62,1.5189237594604492,2047,2042,7a7b7dc6f6f242742c30f5194894a13f9225c540c5568a1c1839849368debd08,True
llama32_3b,M2_had_asym,1,63,1.90840482711792,2047,2039,7a7b7dc6f6f242742c30f5194894a13f9225c540c5568a1c1839849368debd08,True
llama32_3b,M2_had_asym,2,0,1.8310377597808838,2047,2023,7a7b7dc6f6f242742c30f5194894a13f9225c540c5568a1c1839849368debd08,True
llama32_3b,M2_had_asym,2,1,2.433565855026245,2047,2046,7a7b7dc6f6f242742c30f5194894a13f9225c540c5568a1c1839849368debd08,True
llama32_3b,M2_had_asym,2,2,2.5127406120300293,2047,2046,7a7b7dc6f6f242742c30f5194894a13f9225c540c5568a1c1839849368debd08,True
llama32_3b,M2_had_asym,2,3,2.0231966972351074,2047,2042,7a7b7dc6f6f242742c30f5194894a13f9225c540c5568a1c1839849368debd08,True
llama32_3b,M2_had_asym,2,4,1.9427516460418701,2047,2046,7a7b7dc6f6f242742c30f5194894a13f9225c540c5568a1c1839849368debd08,True
llama32_3b,M2_had_asym,2,5,1.5624772310256958,2047,2047,7a7b7dc6f6f242742c30f5194894a13f9225c540c5568a1c1839849368debd08,True
llama32_3b,M2_had_asym,2,6,1.6702731847763062,2047,2047,7a7b7dc6f6f242742c30f5194894a13f9225c540c5568a1c1839849368debd08,True
llama32_3b,M2_had_asym,2,7,1.918959140777588,2047,2046,7a7b7dc6f6f242742c30f5194894a13f9225c540c5568a1c1839849368debd08,True
llama32_3b,M2_had_asym,2,8,2.25618314743042,2047,2046,7a7b7dc6f6f242742c30f5194894a13f9225c540c5568a1c1839849368debd08,True
llama32_3b,M2_had_asym,2,9,1.9714069366455078,2047,2047,7a7b7dc6f6f242742c30f5194894a13f9225c540c5568a1c1839849368debd08,True
llama32_3b,M2_had_asym,2,10,1.9102575778961182,2047,2044,7a7b7dc6f6f242742c30f5194894a13f9225c540c5568a1c1839849368debd08,True
llama32_3b,M2_had_asym,2,11,2.265575885772705,2047,2047,7a7b7dc6f6f242742c30f5194894a13f9225c540c5568a1c1839849368debd08,True
llama32_3b,M2_had_asym,2,12,2.1353917121887207,2047,2047,7a7b7dc6f6f242742c30f5194894a13f9225c540c5568a1c1839849368debd08,True
llama32_3b,M2_had_asym,2,13,2.2853541374206543,2047,2047,7a7b7dc6f6f242742c30f5194894a13f9225c540c5568a1c1839849368debd08,True
llama32_3b,M2_had_asym,2,14,2.214184522628784,2047,2047,7a7b7dc6f6f242742c30f5194894a13f9225c540c5568a1c1839849368debd08,True
llama32_3b,M2_had_asym,2,15,2.4112191200256348,2047,2047,7a7b7dc6f6f242742c30f5194894a13f9225c540c5568a1c1839849368debd08,True
llama32_3b,M2_had_asym,2,16,2.1421823501586914,2047,2046,7a7b7dc6f6f242742c30f5194894a13f9225c540c5568a1c1839849368debd08,True
llama32_3b,M2_had_asym,2,17,2.1592445373535156,2047,2047,7a7b7dc6f6f242742c30f5194894a13f9225c540c5568a1c1839849368debd08,True
llama32_3b,M2_had_asym,2,18,1.9615525007247925,2047,2040,7a7b7dc6f6f242742c30f5194894a13f9225c540c5568a1c1839849368debd08,True
llama32_3b,M2_had_asym,2,19,2.1151390075683594,2047,2047,7a7b7dc6f6f242742c30f5194894a13f9225c540c5568a1c1839849368debd08,True
llama32_3b,M2_had_asym,2,20,2.2397358417510986,2047,2045,7a7b7dc6f6f242742c30f5194894a13f9225c540c5568a1c1839849368debd08,True
llama32_3b,M2_had_asym,2,21,2.1633031368255615,2047,2047,7a7b7dc6f6f242742c30f5194894a13f9225c540c5568a1c1839849368debd08,True
llama32_3b,M2_had_asym,2,22,2.21405291557312,2047,2044,7a7b7dc6f6f242742c30f5194894a13f9225c540c5568a1c1839849368debd08,True
llama32_3b,M2_had_asym,2,23,2.2591607570648193,2047,2047,7a7b7dc6f6f242742c30f5194894a13f9225c540c5568a1c1839849368debd08,True
llama32_3b,M2_had_asym,2,24,2.2855653762817383,2047,2047,7a7b7dc6f6f242742c30f5194894a13f9225c540c5568a1c1839849368debd08,True
llama32_3b,M2_had_asym,2,25,2.344336748123169,2047,2047,7a7b7dc6f6f242742c30f5194894a13f9225c540c5568a1c1839849368debd08,True
llama32_3b,M2_had_asym,2,26,2.4353835582733154,2047,2044,7a7b7dc6f6f242742c30f5194894a13f9225c540c5568a1c1839849368debd08,True
llama32_3b,M2_had_asym,2,27,2.234468936920166,2047,2041,7a7b7dc6f6f242742c30f5194894a13f9225c540c5568a1c1839849368debd08,True
llama32_3b,M2_had_asym,2,28,2.011960029602051,2047,2047,7a7b7dc6f6f242742c30f5194894a13f9225c540c5568a1c1839849368debd08,True
llama32_3b,M2_had_asym,2,29,1.8180296421051025,2047,2047,7a7b7dc6f6f242742c30f5194894a13f9225c540c5568a1c1839849368debd08,True
llama32_3b,M2_had_asym,2,30,1.6895053386688232,2047,2047,7a7b7dc6f6f242742c30f5194894a13f9225c540c5568a1c1839849368debd08,True
llama32_3b,M2_had_asym,2,31,1.7218098640441895,2047,2047,7a7b7dc6f6f242742c30f5194894a13f9225c540c5568a1c1839849368debd08,True
llama32_3b,M2_had_asym,2,32,2.0227770805358887,2047,2047,7a7b7dc6f6f242742c30f5194894a13f9225c540c5568a1c1839849368debd08,True
llama32_3b,M2_had_asym,2,33,1.9898916482925415,2047,2040,7a7b7dc6f6f242742c30f5194894a13f9225c540c5568a1c1839849368debd08,True
llama32_3b,M2_had_asym,2,34,2.1656572818756104,2047,2047,7a7b7dc6f6f242742c30f5194894a13f9225c540c5568a1c1839849368debd08,True
llama32_3b,M2_had_asym,2,35,1.4837052822113037,2047,2042,7a7b7dc6f6f242742c30f5194894a13f9225c540c5568a1c1839849368debd08,True
llama32_3b,M2_had_asym,2,36,1.4471981525421143,2047,2042,7a7b7dc6f6f242742c30f5194894a13f9225c540c5568a1c1839849368debd08,True
llama32_3b,M2_had_asym,2,37,1.4959670305252075,2047,2043,7a7b7dc6f6f242742c30f5194894a13f9225c540c5568a1c1839849368debd08,True
llama32_3b,M2_had_asym,2,38,1.478227138519287,2047,2044,7a7b7dc6f6f242742c30f5194894a13f9225c540c5568a1c1839849368debd08,True
llama32_3b,M2_had_asym,2,39,1.6732597351074219,2047,2046,7a7b7dc6f6f242742c30f5194894a13f9225c540c5568a1c1839849368debd08,True
llama32_3b,M2_had_asym,2,40,2.2788217067718506,2047,2045,7a7b7dc6f6f242742c30f5194894a13f9225c540c5568a1c1839849368debd08,True
llama32_3b,M2_had_asym,2,41,2.6987357139587402,2047,2045,7a7b7dc6f6f242742c30f5194894a13f9225c540c5568a1c1839849368debd08,True
llama32_3b,M2_had_asym,2,42,2.6973607540130615,2047,2046,7a7b7dc6f6f242742c30f5194894a13f9225c540c5568a1c1839849368debd08,True
llama32_3b,M2_had_asym,2,43,2.3172664642333984,2047,2042,7a7b7dc6f6f242742c30f5194894a13f9225c540c5568a1c1839849368debd08,True
llama32_3b,M2_had_asym,2,44,2.3121721744537354,2047,2042,7a7b7dc6f6f242742c30f5194894a13f9225c540c5568a1c1839849368debd08,True
llama32_3b,M2_had_asym,2,45,2.2817976474761963,2047,2043,7a7b7dc6f6f242742c30f5194894a13f9225c540c5568a1c1839849368debd08,True
llama32_3b,M2_had_asym,2,46,2.385096311569214,2047,2047,7a7b7dc6f6f242742c30f5194894a13f9225c540c5568a1c1839849368debd08,True
llama32_3b,M2_had_asym,2,47,2.1627278327941895,2047,2047,7a7b7dc6f6f242742c30f5194894a13f9225c540c5568a1c1839849368debd08,True
llama32_3b,M2_had_asym,2,48,2.03969407081604,2047,2044,7a7b7dc6f6f242742c30f5194894a13f9225c540c5568a1c1839849368debd08,True
llama32_3b,M2_had_asym,2,49,2.045236587524414,2047,2043,7a7b7dc6f6f242742c30f5194894a13f9225c540c5568a1c1839849368debd08,True
llama32_3b,M2_had_asym,2,50,1.7610012292861938,2047,2046,7a7b7dc6f6f242742c30f5194894a13f9225c540c5568a1c1839849368debd08,True
llama32_3b,M2_had_asym,2,51,1.84392249584198,2047,2047,7a7b7dc6f6f242742c30f5194894a13f9225c540c5568a1c1839849368debd08,True
llama32_3b,M2_had_asym,2,52,1.6766586303710938,2047,2047,7a7b7dc6f6f242742c30f5194894a13f9225c540c5568a1c1839849368debd08,True
llama32_3b,M2_had_asym,2,53,1.9079545736312866,2047,2047,7a7b7dc6f6f242742c30f5194894a13f9225c540c5568a1c1839849368debd08,True
llama32_3b,M2_had_asym,2,54,1.6383620500564575,2047,2047,7a7b7dc6f6f242742c30f5194894a13f9225c540c5568a1c1839849368debd08,True
llama32_3b,M2_had_asym,2,55,1.6137162446975708,2047,2046,7a7b7dc6f6f242742c30f5194894a13f9225c540c5568a1c1839849368debd08,True
llama32_3b,M2_had_asym,2,56,1.8342489004135132,2047,2047,7a7b7dc6f6f242742c30f5194894a13f9225c540c5568a1c1839849368debd08,True
llama32_3b,M2_had_asym,2,57,1.810100793838501,2047,2047,7a7b7dc6f6f242742c30f5194894a13f9225c540c5568a1c1839849368debd08,True
llama32_3b,M2_had_asym,2,58,2.1898858547210693,2047,2046,7a7b7dc6f6f242742c30f5194894a13f9225c540c5568a1c1839849368debd08,True
llama32_3b,M2_had_asym,2,59,2.3608615398406982,2047,2045,7a7b7dc6f6f242742c30f5194894a13f9225c540c5568a1c1839849368debd08,True
llama32_3b,M2_had_asym,2,60,2.3662970066070557,2047,2046,7a7b7dc6f6f242742c30f5194894a13f9225c540c5568a1c1839849368debd08,True
llama32_3b,M2_had_asym,2,61,2.4741311073303223,2047,2044,7a7b7dc6f6f242742c30f5194894a13f9225c540c5568a1c1839849368debd08,True
llama32_3b,M2_had_asym,2,62,1.5258257389068604,2047,2042,7a7b7dc6f6f242742c30f5194894a13f9225c540c5568a1c1839849368debd08,True
llama32_3b,M2_had_asym,2,63,1.903659462928772,2047,2039,7a7b7dc6f6f242742c30f5194894a13f9225c540c5568a1c1839849368debd08,True
llama32_3b,M2_pq_sym,0,0,1.8340638875961304,2047,2023,7a7b7dc6f6f242742c30f5194894a13f9225c540c5568a1c1839849368debd08,True
llama32_3b,M2_pq_sym,0,1,2.437314033508301,2047,2046,7a7b7dc6f6f242742c30f5194894a13f9225c540c5568a1c1839849368debd08,True
llama32_3b,M2_pq_sym,0,2,2.513700246810913,2047,2046,7a7b7dc6f6f242742c30f5194894a13f9225c540c5568a1c1839849368debd08,True
llama32_3b,M2_pq_sym,0,3,2.018930673599243,2047,2042,7a7b7dc6f6f242742c30f5194894a13f9225c540c5568a1c1839849368debd08,True
llama32_3b,M2_pq_sym,0,4,1.9395713806152344,2047,2046,7a7b7dc6f6f242742c30f5194894a13f9225c540c5568a1c1839849368debd08,True
llama32_3b,M2_pq_sym,0,5,1.5705448389053345,2047,2047,7a7b7dc6f6f242742c30f5194894a13f9225c540c5568a1c1839849368debd08,True
llama32_3b,M2_pq_sym,0,6,1.6759161949157715,2047,2047,7a7b7dc6f6f242742c30f5194894a13f9225c540c5568a1c1839849368debd08,True
llama32_3b,M2_pq_sym,0,7,1.9247857332229614,2047,2046,7a7b7dc6f6f242742c30f5194894a13f9225c540c5568a1c1839849368debd08,True
llama32_3b,M2_pq_sym,0,8,2.2523367404937744,2047,2046,7a7b7dc6f6f242742c30f5194894a13f9225c540c5568a1c1839849368debd08,True
llama32_3b,M2_pq_sym,0,9,1.978851556777954,2047,2047,7a7b7dc6f6f242742c30f5194894a13f9225c540c5568a1c1839849368debd08,True
llama32_3b,M2_pq_sym,0,10,1.9067013263702393,2047,2044,7a7b7dc6f6f242742c30f5194894a13f9225c540c5568a1c1839849368debd08,True
llama32_3b,M2_pq_sym,0,11,2.262551784515381,2047,2047,7a7b7dc6f6f242742c30f5194894a13f9225c540c5568a1c1839849368debd08,True
llama32_3b,M2_pq_sym,0,12,2.124011516571045,2047,2047,7a7b7dc6f6f242742c30f5194894a13f9225c540c5568a1c1839849368debd08,True
llama32_3b,M2_pq_sym,0,13,2.2823472023010254,2047,2047,7a7b7dc6f6f242742c30f5194894a13f9225c540c5568a1c1839849368debd08,True
llama32_3b,M2_pq_sym,0,14,2.211782693862915,2047,2047,7a7b7dc6f6f242742c30f5194894a13f9225c540c5568a1c1839849368debd08,True
llama32_3b,M2_pq_sym,0,15,2.4074158668518066,2047,2047,7a7b7dc6f6f242742c30f5194894a13f9225c540c5568a1c1839849368debd08,True
llama32_3b,M2_pq_sym,0,16,2.136011838912964,2047,2046,7a7b7dc6f6f242742c30f5194894a13f9225c540c5568a1c1839849368debd08,True
llama32_3b,M2_pq_sym,0,17,2.160151481628418,2047,2047,7a7b7dc6f6f242742c30f5194894a13f9225c540c5568a1c1839849368debd08,True
llama32_3b,M2_pq_sym,0,18,1.951683759689331,2047,2040,7a7b7dc6f6f242742c30f5194894a13f9225c540c5568a1c1839849368debd08,True
llama32_3b,M2_pq_sym,0,19,2.109280824661255,2047,2047,7a7b7dc6f6f242742c30f5194894a13f9225c540c5568a1c1839849368debd08,True
llama32_3b,M2_pq_sym,0,20,2.236804723739624,2047,2045,7a7b7dc6f6f242742c30f5194894a13f9225c540c5568a1c1839849368debd08,True
llama32_3b,M2_pq_sym,0,21,2.1715493202209473,2047,2047,7a7b7dc6f6f242742c30f5194894a13f9225c540c5568a1c1839849368debd08,True
llama32_3b,M2_pq_sym,0,22,2.225374698638916,2047,2044,7a7b7dc6f6f242742c30f5194894a13f9225c540c5568a1c1839849368debd08,True
llama32_3b,M2_pq_sym,0,23,2.2625131607055664,2047,2047,7a7b7dc6f6f242742c30f5194894a13f9225c540c5568a1c1839849368debd08,True
llama32_3b,M2_pq_sym,0,24,2.2917380332946777,2047,2047,7a7b7dc6f6f242742c30f5194894a13f9225c540c5568a1c1839849368debd08,True
llama32_3b,M2_pq_sym,0,25,2.3456931114196777,2047,2047,7a7b7dc6f6f242742c30f5194894a13f9225c540c5568a1c1839849368debd08,True
llama32_3b,M2_pq_sym,0,26,2.4377613067626953,2047,2044,7a7b7dc6f6f242742c30f5194894a13f9225c540c5568a1c1839849368debd08,True
llama32_3b,M2_pq_sym,0,27,2.2304468154907227,2047,2041,7a7b7dc6f6f242742c30f5194894a13f9225c540c5568a1c1839849368debd08,True
llama32_3b,M2_pq_sym,0,28,2.003607988357544,2047,2047,7a7b7dc6f6f242742c30f5194894a13f9225c540c5568a1c1839849368debd08,True
llama32_3b,M2_pq_sym,0,29,1.8257328271865845,2047,2047,7a7b7dc6f6f242742c30f5194894a13f9225c540c5568a1c1839849368debd08,True
llama32_3b,M2_pq_sym,0,30,1.695206642150879,2047,2047,7a7b7dc6f6f242742c30f5194894a13f9225c540c5568a1c1839849368debd08,True
llama32_3b,M2_pq_sym,0,31,1.7327442169189453,2047,2047,7a7b7dc6f6f242742c30f5194894a13f9225c540c5568a1c1839849368debd08,True
llama32_3b,M2_pq_sym,0,32,2.02933406829834,2047,2047,7a7b7dc6f6f242742c30f5194894a13f9225c540c5568a1c1839849368debd08,True
llama32_3b,M2_pq_sym,0,33,1.9940624237060547,2047,2040,7a7b7dc6f6f242742c30f5194894a13f9225c540c5568a1c1839849368debd08,True
llama32_3b,M2_pq_sym,0,34,2.167132616043091,2047,2047,7a7b7dc6f6f242742c30f5194894a13f9225c540c5568a1c1839849368debd08,True
llama32_3b,M2_pq_sym,0,35,1.4858367443084717,2047,2042,7a7b7dc6f6f242742c30f5194894a13f9225c540c5568a1c1839849368debd08,True
llama32_3b,M2_pq_sym,0,36,1.4426597356796265,2047,2042,7a7b7dc6f6f242742c30f5194894a13f9225c540c5568a1c1839849368debd08,True
llama32_3b,M2_pq_sym,0,37,1.4920021295547485,2047,2043,7a7b7dc6f6f242742c30f5194894a13f9225c540c5568a1c1839849368debd08,True
llama32_3b,M2_pq_sym,0,38,1.4809341430664062,2047,2044,7a7b7dc6f6f242742c30f5194894a13f9225c540c5568a1c1839849368debd08,True
llama32_3b,M2_pq_sym,0,39,1.684943675994873,2047,2046,7a7b7dc6f6f242742c30f5194894a13f9225c540c5568a1c1839849368debd08,True
llama32_3b,M2_pq_sym,0,40,2.287503480911255,2047,2045,7a7b7dc6f6f242742c30f5194894a13f9225c540c5568a1c1839849368debd08,True
llama32_3b,M2_pq_sym,0,41,2.6923794746398926,2047,2045,7a7b7dc6f6f242742c30f5194894a13f9225c540c5568a1c1839849368debd08,True
llama32_3b,M2_pq_sym,0,42,2.6987149715423584,2047,2046,7a7b7dc6f6f242742c30f5194894a13f9225c540c5568a1c1839849368debd08,True
llama32_3b,M2_pq_sym,0,43,2.3161983489990234,2047,2042,7a7b7dc6f6f242742c30f5194894a13f9225c540c5568a1c1839849368debd08,True
llama32_3b,M2_pq_sym,0,44,2.301182270050049,2047,2042,7a7b7dc6f6f242742c30f5194894a13f9225c540c5568a1c1839849368debd08,True
llama32_3b,M2_pq_sym,0,45,2.2747576236724854,2047,2043,7a7b7dc6f6f242742c30f5194894a13f9225c540c5568a1c1839849368debd08,True
llama32_3b,M2_pq_sym,0,46,2.3743531703948975,2047,2047,7a7b7dc6f6f242742c30f5194894a13f9225c540c5568a1c1839849368debd08,True
llama32_3b,M2_pq_sym,0,47,2.1676857471466064,2047,2047,7a7b7dc6f6f242742c30f5194894a13f9225c540c5568a1c1839849368debd08,True
llama32_3b,M2_pq_sym,0,48,2.041055202484131,2047,2044,7a7b7dc6f6f242742c30f5194894a13f9225c540c5568a1c1839849368debd08,True
llama32_3b,M2_pq_sym,0,49,2.038947105407715,2047,2043,7a7b7dc6f6f242742c30f5194894a13f9225c540c5568a1c1839849368debd08,True
llama32_3b,M2_pq_sym,0,50,1.7579412460327148,2047,2046,7a7b7dc6f6f242742c30f5194894a13f9225c540c5568a1c1839849368debd08,True
llama32_3b,M2_pq_sym,0,51,1.8461463451385498,2047,2047,7a7b7dc6f6f242742c30f5194894a13f9225c540c5568a1c1839849368debd08,True
llama32_3b,M2_pq_sym,0,52,1.6822980642318726,2047,2047,7a7b7dc6f6f242742c30f5194894a13f9225c540c5568a1c1839849368debd08,True
llama32_3b,M2_pq_sym,0,53,1.9037649631500244,2047,2047,7a7b7dc6f6f242742c30f5194894a13f9225c540c5568a1c1839849368debd08,True
llama32_3b,M2_pq_sym,0,54,1.6356467008590698,2047,2047,7a7b7dc6f6f242742c30f5194894a13f9225c540c5568a1c1839849368debd08,True
llama32_3b,M2_pq_sym,0,55,1.6049137115478516,2047,2046,7a7b7dc6f6f242742c30f5194894a13f9225c540c5568a1c1839849368debd08,True
llama32_3b,M2_pq_sym,0,56,1.845977783203125,2047,2047,7a7b7dc6f6f242742c30f5194894a13f9225c540c5568a1c1839849368debd08,True
llama32_3b,M2_pq_sym,0,57,1.812362790107727,2047,2047,7a7b7dc6f6f242742c30f5194894a13f9225c540c5568a1c1839849368debd08,True
llama32_3b,M2_pq_sym,0,58,2.1884050369262695,2047,2046,7a7b7dc6f6f242742c30f5194894a13f9225c540c5568a1c1839849368debd08,True
llama32_3b,M2_pq_sym,0,59,2.353656053543091,2047,2045,7a7b7dc6f6f242742c30f5194894a13f9225c540c5568a1c1839849368debd08,True
llama32_3b,M2_pq_sym,0,60,2.3707311153411865,2047,2046,7a7b7dc6f6f242742c30f5194894a13f9225c540c5568a1c1839849368debd08,True
llama32_3b,M2_pq_sym,0,61,2.479801893234253,2047,2044,7a7b7dc6f6f242742c30f5194894a13f9225c540c5568a1c1839849368debd08,True
llama32_3b,M2_pq_sym,0,62,1.5250897407531738,2047,2042,7a7b7dc6f6f242742c30f5194894a13f9225c540c5568a1c1839849368debd08,True
llama32_3b,M2_pq_sym,0,63,1.9131594896316528,2047,2039,7a7b7dc6f6f242742c30f5194894a13f9225c540c5568a1c1839849368debd08,True
llama32_3b,M2_pq_sym,1,0,1.8326455354690552,2047,2023,7a7b7dc6f6f242742c30f5194894a13f9225c540c5568a1c1839849368debd08,True
llama32_3b,M2_pq_sym,1,1,2.433457136154175,2047,2046,7a7b7dc6f6f242742c30f5194894a13f9225c540c5568a1c1839849368debd08,True
llama32_3b,M2_pq_sym,1,2,2.509768009185791,2047,2046,7a7b7dc6f6f242742c30f5194894a13f9225c540c5568a1c1839849368debd08,True
llama32_3b,M2_pq_sym,1,3,2.0302233695983887,2047,2042,7a7b7dc6f6f242742c30f5194894a13f9225c540c5568a1c1839849368debd08,True
llama32_3b,M2_pq_sym,1,4,1.9386581182479858,2047,2046,7a7b7dc6f6f242742c30f5194894a13f9225c540c5568a1c1839849368debd08,True
llama32_3b,M2_pq_sym,1,5,1.5556402206420898,2047,2047,7a7b7dc6f6f242742c30f5194894a13f9225c540c5568a1c1839849368debd08,True
llama32_3b,M2_pq_sym,1,6,1.6827805042266846,2047,2047,7a7b7dc6f6f242742c30f5194894a13f9225c540c5568a1c1839849368debd08,True
llama32_3b,M2_pq_sym,1,7,1.9240480661392212,2047,2046,7a7b7dc6f6f242742c30f5194894a13f9225c540c5568a1c1839849368debd08,True
llama32_3b,M2_pq_sym,1,8,2.250232219696045,2047,2046,7a7b7dc6f6f242742c30f5194894a13f9225c540c5568a1c1839849368debd08,True
llama32_3b,M2_pq_sym,1,9,1.984089970588684,2047,2047,7a7b7dc6f6f242742c30f5194894a13f9225c540c5568a1c1839849368debd08,True
llama32_3b,M2_pq_sym,1,10,1.9113916158676147,2047,2044,7a7b7dc6f6f242742c30f5194894a13f9225c540c5568a1c1839849368debd08,True
llama32_3b,M2_pq_sym,1,11,2.2649757862091064,2047,2047,7a7b7dc6f6f242742c30f5194894a13f9225c540c5568a1c1839849368debd08,True
llama32_3b,M2_pq_sym,1,12,2.13114595413208,2047,2047,7a7b7dc6f6f242742c30f5194894a13f9225c540c5568a1c1839849368debd08,True
llama32_3b,M2_pq_sym,1,13,2.279825448989868,2047,2047,7a7b7dc6f6f242742c30f5194894a13f9225c540c5568a1c1839849368debd08,True
llama32_3b,M2_pq_sym,1,14,2.2159714698791504,2047,2047,7a7b7dc6f6f242742c30f5194894a13f9225c540c5568a1c1839849368debd08,True
llama32_3b,M2_pq_sym,1,15,2.4060583114624023,2047,2047,7a7b7dc6f6f242742c30f5194894a13f9225c540c5568a1c1839849368debd08,True
llama32_3b,M2_pq_sym,1,16,2.1429431438446045,2047,2046,7a7b7dc6f6f242742c30f5194894a13f9225c540c5568a1c1839849368debd08,True
llama32_3b,M2_pq_sym,1,17,2.1531572341918945,2047,2047,7a7b7dc6f6f242742c30f5194894a13f9225c540c5568a1c1839849368debd08,True
llama32_3b,M2_pq_sym,1,18,1.957733392715454,2047,2040,7a7b7dc6f6f242742c30f5194894a13f9225c540c5568a1c1839849368debd08,True
llama32_3b,M2_pq_sym,1,19,2.1214301586151123,2047,2047,7a7b7dc6f6f242742c30f5194894a13f9225c540c5568a1c1839849368debd08,True
llama32_3b,M2_pq_sym,1,20,2.237739324569702,2047,2045,7a7b7dc6f6f242742c30f5194894a13f9225c540c5568a1c1839849368debd08,True
llama32_3b,M2_pq_sym,1,21,2.1630468368530273,2047,2047,7a7b7dc6f6f242742c30f5194894a13f9225c540c5568a1c1839849368debd08,True
llama32_3b,M2_pq_sym,1,22,2.2151482105255127,2047,2044,7a7b7dc6f6f242742c30f5194894a13f9225c540c5568a1c1839849368debd08,True
llama32_3b,M2_pq_sym,1,23,2.2544424533843994,2047,2047,7a7b7dc6f6f242742c30f5194894a13f9225c540c5568a1c1839849368debd08,True
llama32_3b,M2_pq_sym,1,24,2.285031795501709,2047,2047,7a7b7dc6f6f242742c30f5194894a13f9225c540c5568a1c1839849368debd08,True
llama32_3b,M2_pq_sym,1,25,2.3430063724517822,2047,2047,7a7b7dc6f6f242742c30f5194894a13f9225c540c5568a1c1839849368debd08,True
llama32_3b,M2_pq_sym,1,26,2.437779188156128,2047,2044,7a7b7dc6f6f242742c30f5194894a13f9225c540c5568a1c1839849368debd08,True
llama32_3b,M2_pq_sym,1,27,2.2339861392974854,2047,2041,7a7b7dc6f6f242742c30f5194894a13f9225c540c5568a1c1839849368debd08,True
llama32_3b,M2_pq_sym,1,28,2.004044771194458,2047,2047,7a7b7dc6f6f242742c30f5194894a13f9225c540c5568a1c1839849368debd08,True
llama32_3b,M2_pq_sym,1,29,1.816280484199524,2047,2047,7a7b7dc6f6f242742c30f5194894a13f9225c540c5568a1c1839849368debd08,True
llama32_3b,M2_pq_sym,1,30,1.7062991857528687,2047,2047,7a7b7dc6f6f242742c30f5194894a13f9225c540c5568a1c1839849368debd08,True
llama32_3b,M2_pq_sym,1,31,1.7226890325546265,2047,2047,7a7b7dc6f6f242742c30f5194894a13f9225c540c5568a1c1839849368debd08,True
llama32_3b,M2_pq_sym,1,32,2.0266060829162598,2047,2047,7a7b7dc6f6f242742c30f5194894a13f9225c540c5568a1c1839849368debd08,True
llama32_3b,M2_pq_sym,1,33,1.997336745262146,2047,2040,7a7b7dc6f6f242742c30f5194894a13f9225c540c5568a1c1839849368debd08,True
llama32_3b,M2_pq_sym,1,34,2.170081853866577,2047,2047,7a7b7dc6f6f242742c30f5194894a13f9225c540c5568a1c1839849368debd08,True
llama32_3b,M2_pq_sym,1,35,1.4837208986282349,2047,2042,7a7b7dc6f6f242742c30f5194894a13f9225c540c5568a1c1839849368debd08,True
llama32_3b,M2_pq_sym,1,36,1.458277702331543,2047,2042,7a7b7dc6f6f242742c30f5194894a13f9225c540c5568a1c1839849368debd08,True
llama32_3b,M2_pq_sym,1,37,1.497483491897583,2047,2043,7a7b7dc6f6f242742c30f5194894a13f9225c540c5568a1c1839849368debd08,True
llama32_3b,M2_pq_sym,1,38,1.4726442098617554,2047,2044,7a7b7dc6f6f242742c30f5194894a13f9225c540c5568a1c1839849368debd08,True
llama32_3b,M2_pq_sym,1,39,1.678003191947937,2047,2046,7a7b7dc6f6f242742c30f5194894a13f9225c540c5568a1c1839849368debd08,True
llama32_3b,M2_pq_sym,1,40,2.2880802154541016,2047,2045,7a7b7dc6f6f242742c30f5194894a13f9225c540c5568a1c1839849368debd08,True
llama32_3b,M2_pq_sym,1,41,2.7061667442321777,2047,2045,7a7b7dc6f6f242742c30f5194894a13f9225c540c5568a1c1839849368debd08,True
llama32_3b,M2_pq_sym,1,42,2.6951308250427246,2047,2046,7a7b7dc6f6f242742c30f5194894a13f9225c540c5568a1c1839849368debd08,True
llama32_3b,M2_pq_sym,1,43,2.313056707382202,2047,2042,7a7b7dc6f6f242742c30f5194894a13f9225c540c5568a1c1839849368debd08,True
llama32_3b,M2_pq_sym,1,44,2.31850004196167,2047,2042,7a7b7dc6f6f242742c30f5194894a13f9225c540c5568a1c1839849368debd08,True
llama32_3b,M2_pq_sym,1,45,2.2824296951293945,2047,2043,7a7b7dc6f6f242742c30f5194894a13f9225c540c5568a1c1839849368debd08,True
llama32_3b,M2_pq_sym,1,46,2.3752782344818115,2047,2047,7a7b7dc6f6f242742c30f5194894a13f9225c540c5568a1c1839849368debd08,True
llama32_3b,M2_pq_sym,1,47,2.16104793548584,2047,2047,7a7b7dc6f6f242742c30f5194894a13f9225c540c5568a1c1839849368debd08,True
llama32_3b,M2_pq_sym,1,48,2.035961151123047,2047,2044,7a7b7dc6f6f242742c30f5194894a13f9225c540c5568a1c1839849368debd08,True
llama32_3b,M2_pq_sym,1,49,2.0463948249816895,2047,2043,7a7b7dc6f6f242742c30f5194894a13f9225c540c5568a1c1839849368debd08,True
llama32_3b,M2_pq_sym,1,50,1.7722240686416626,2047,2046,7a7b7dc6f6f242742c30f5194894a13f9225c540c5568a1c1839849368debd08,True
llama32_3b,M2_pq_sym,1,51,1.8465659618377686,2047,2047,7a7b7dc6f6f242742c30f5194894a13f9225c540c5568a1c1839849368debd08,True
llama32_3b,M2_pq_sym,1,52,1.6832937002182007,2047,2047,7a7b7dc6f6f242742c30f5194894a13f9225c540c5568a1c1839849368debd08,True
llama32_3b,M2_pq_sym,1,53,1.9158867597579956,2047,2047,7a7b7dc6f6f242742c30f5194894a13f9225c540c5568a1c1839849368debd08,True
llama32_3b,M2_pq_sym,1,54,1.644569993019104,2047,2047,7a7b7dc6f6f242742c30f5194894a13f9225c540c5568a1c1839849368debd08,True
llama32_3b,M2_pq_sym,1,55,1.6180717945098877,2047,2046,7a7b7dc6f6f242742c30f5194894a13f9225c540c5568a1c1839849368debd08,True
llama32_3b,M2_pq_sym,1,56,1.854632019996643,2047,2047,7a7b7dc6f6f242742c30f5194894a13f9225c540c5568a1c1839849368debd08,True
llama32_3b,M2_pq_sym,1,57,1.8087356090545654,2047,2047,7a7b7dc6f6f242742c30f5194894a13f9225c540c5568a1c1839849368debd08,True
llama32_3b,M2_pq_sym,1,58,2.186358690261841,2047,2046,7a7b7dc6f6f242742c30f5194894a13f9225c540c5568a1c1839849368debd08,True
llama32_3b,M2_pq_sym,1,59,2.3543291091918945,2047,2045,7a7b7dc6f6f242742c30f5194894a13f9225c540c5568a1c1839849368debd08,True
llama32_3b,M2_pq_sym,1,60,2.3638687133789062,2047,2046,7a7b7dc6f6f242742c30f5194894a13f9225c540c5568a1c1839849368debd08,True
llama32_3b,M2_pq_sym,1,61,2.471356153488159,2047,2044,7a7b7dc6f6f242742c30f5194894a13f9225c540c5568a1c1839849368debd08,True
llama32_3b,M2_pq_sym,1,62,1.5229179859161377,2047,2042,7a7b7dc6f6f242742c30f5194894a13f9225c540c5568a1c1839849368debd08,True
llama32_3b,M2_pq_sym,1,63,1.9055825471878052,2047,2039,7a7b7dc6f6f242742c30f5194894a13f9225c540c5568a1c1839849368debd08,True
llama32_3b,M2_pq_sym,2,0,1.8310022354125977,2047,2023,7a7b7dc6f6f242742c30f5194894a13f9225c540c5568a1c1839849368debd08,True
llama32_3b,M2_pq_sym,2,1,2.433253049850464,2047,2046,7a7b7dc6f6f242742c30f5194894a13f9225c540c5568a1c1839849368debd08,True
llama32_3b,M2_pq_sym,2,2,2.5113577842712402,2047,2046,7a7b7dc6f6f242742c30f5194894a13f9225c540c5568a1c1839849368debd08,True
llama32_3b,M2_pq_sym,2,3,2.0253374576568604,2047,2042,7a7b7dc6f6f242742c30f5194894a13f9225c540c5568a1c1839849368debd08,True
llama32_3b,M2_pq_sym,2,4,1.9330172538757324,2047,2046,7a7b7dc6f6f242742c30f5194894a13f9225c540c5568a1c1839849368debd08,True
llama32_3b,M2_pq_sym,2,5,1.5555901527404785,2047,2047,7a7b7dc6f6f242742c30f5194894a13f9225c540c5568a1c1839849368debd08,True
llama32_3b,M2_pq_sym,2,6,1.6753770112991333,2047,2047,7a7b7dc6f6f242742c30f5194894a13f9225c540c5568a1c1839849368debd08,True
llama32_3b,M2_pq_sym,2,7,1.9262615442276,2047,2046,7a7b7dc6f6f242742c30f5194894a13f9225c540c5568a1c1839849368debd08,True
llama32_3b,M2_pq_sym,2,8,2.2623679637908936,2047,2046,7a7b7dc6f6f242742c30f5194894a13f9225c540c5568a1c1839849368debd08,True
llama32_3b,M2_pq_sym,2,9,1.972123622894287,2047,2047,7a7b7dc6f6f242742c30f5194894a13f9225c540c5568a1c1839849368debd08,True
llama32_3b,M2_pq_sym,2,10,1.9062488079071045,2047,2044,7a7b7dc6f6f242742c30f5194894a13f9225c540c5568a1c1839849368debd08,True
llama32_3b,M2_pq_sym,2,11,2.264026403427124,2047,2047,7a7b7dc6f6f242742c30f5194894a13f9225c540c5568a1c1839849368debd08,True
llama32_3b,M2_pq_sym,2,12,2.1343891620635986,2047,2047,7a7b7dc6f6f242742c30f5194894a13f9225c540c5568a1c1839849368debd08,True
llama32_3b,M2_pq_sym,2,13,2.2760794162750244,2047,2047,7a7b7dc6f6f242742c30f5194894a13f9225c540c5568a1c1839849368debd08,True
llama32_3b,M2_pq_sym,2,14,2.2195963859558105,2047,2047,7a7b7dc6f6f242742c30f5194894a13f9225c540c5568a1c1839849368debd08,True
llama32_3b,M2_pq_sym,2,15,2.4095232486724854,2047,2047,7a7b7dc6f6f242742c30f5194894a13f9225c540c5568a1c1839849368debd08,True
llama32_3b,M2_pq_sym,2,16,2.1402390003204346,2047,2046,7a7b7dc6f6f242742c30f5194894a13f9225c540c5568a1c1839849368debd08,True
llama32_3b,M2_pq_sym,2,17,2.14983868598938,2047,2047,7a7b7dc6f6f242742c30f5194894a13f9225c540c5568a1c1839849368debd08,True
llama32_3b,M2_pq_sym,2,18,1.9618029594421387,2047,2040,7a7b7dc6f6f242742c30f5194894a13f9225c540c5568a1c1839849368debd08,True
llama32_3b,M2_pq_sym,2,19,2.11871075630188,2047,2047,7a7b7dc6f6f242742c30f5194894a13f9225c540c5568a1c1839849368debd08,True
llama32_3b,M2_pq_sym,2,20,2.233790159225464,2047,2045,7a7b7dc6f6f242742c30f5194894a13f9225c540c5568a1c1839849368debd08,True
llama32_3b,M2_pq_sym,2,21,2.1582441329956055,2047,2047,7a7b7dc6f6f242742c30f5194894a13f9225c540c5568a1c1839849368debd08,True
llama32_3b,M2_pq_sym,2,22,2.2242677211761475,2047,2044,7a7b7dc6f6f242742c30f5194894a13f9225c540c5568a1c1839849368debd08,True
llama32_3b,M2_pq_sym,2,23,2.2622687816619873,2047,2047,7a7b7dc6f6f242742c30f5194894a13f9225c540c5568a1c1839849368debd08,True
llama32_3b,M2_pq_sym,2,24,2.2943694591522217,2047,2047,7a7b7dc6f6f242742c30f5194894a13f9225c540c5568a1c1839849368debd08,True
llama32_3b,M2_pq_sym,2,25,2.343416452407837,2047,2047,7a7b7dc6f6f242742c30f5194894a13f9225c540c5568a1c1839849368debd08,True
llama32_3b,M2_pq_sym,2,26,2.4367599487304688,2047,2044,7a7b7dc6f6f242742c30f5194894a13f9225c540c5568a1c1839849368debd08,True
llama32_3b,M2_pq_sym,2,27,2.2258713245391846,2047,2041,7a7b7dc6f6f242742c30f5194894a13f9225c540c5568a1c1839849368debd08,True
llama32_3b,M2_pq_sym,2,28,2.0099754333496094,2047,2047,7a7b7dc6f6f242742c30f5194894a13f9225c540c5568a1c1839849368debd08,True
llama32_3b,M2_pq_sym,2,29,1.8120770454406738,2047,2047,7a7b7dc6f6f242742c30f5194894a13f9225c540c5568a1c1839849368debd08,True
llama32_3b,M2_pq_sym,2,30,1.6948835849761963,2047,2047,7a7b7dc6f6f242742c30f5194894a13f9225c540c5568a1c1839849368debd08,True
llama32_3b,M2_pq_sym,2,31,1.7269608974456787,2047,2047,7a7b7dc6f6f242742c30f5194894a13f9225c540c5568a1c1839849368debd08,True
llama32_3b,M2_pq_sym,2,32,2.020484447479248,2047,2047,7a7b7dc6f6f242742c30f5194894a13f9225c540c5568a1c1839849368debd08,True
llama32_3b,M2_pq_sym,2,33,1.986246109008789,2047,2040,7a7b7dc6f6f242742c30f5194894a13f9225c540c5568a1c1839849368debd08,True
llama32_3b,M2_pq_sym,2,34,2.1625444889068604,2047,2047,7a7b7dc6f6f242742c30f5194894a13f9225c540c5568a1c1839849368debd08,True
llama32_3b,M2_pq_sym,2,35,1.4766168594360352,2047,2042,7a7b7dc6f6f242742c30f5194894a13f9225c540c5568a1c1839849368debd08,True
llama32_3b,M2_pq_sym,2,36,1.4594051837921143,2047,2042,7a7b7dc6f6f242742c30f5194894a13f9225c540c5568a1c1839849368debd08,True
llama32_3b,M2_pq_sym,2,37,1.49783456325531,2047,2043,7a7b7dc6f6f242742c30f5194894a13f9225c540c5568a1c1839849368debd08,True
llama32_3b,M2_pq_sym,2,38,1.486075520515442,2047,2044,7a7b7dc6f6f242742c30f5194894a13f9225c540c5568a1c1839849368debd08,True
llama32_3b,M2_pq_sym,2,39,1.678093671798706,2047,2046,7a7b7dc6f6f242742c30f5194894a13f9225c540c5568a1c1839849368debd08,True
llama32_3b,M2_pq_sym,2,40,2.2824220657348633,2047,2045,7a7b7dc6f6f242742c30f5194894a13f9225c540c5568a1c1839849368debd08,True
llama32_3b,M2_pq_sym,2,41,2.7008464336395264,2047,2045,7a7b7dc6f6f242742c30f5194894a13f9225c540c5568a1c1839849368debd08,True
llama32_3b,M2_pq_sym,2,42,2.6974093914031982,2047,2046,7a7b7dc6f6f242742c30f5194894a13f9225c540c5568a1c1839849368debd08,True
llama32_3b,M2_pq_sym,2,43,2.322748899459839,2047,2042,7a7b7dc6f6f242742c30f5194894a13f9225c540c5568a1c1839849368debd08,True
llama32_3b,M2_pq_sym,2,44,2.317340612411499,2047,2042,7a7b7dc6f6f242742c30f5194894a13f9225c540c5568a1c1839849368debd08,True
llama32_3b,M2_pq_sym,2,45,2.283019542694092,2047,2043,7a7b7dc6f6f242742c30f5194894a13f9225c540c5568a1c1839849368debd08,True
llama32_3b,M2_pq_sym,2,46,2.3879785537719727,2047,2047,7a7b7dc6f6f242742c30f5194894a13f9225c540c5568a1c1839849368debd08,True
llama32_3b,M2_pq_sym,2,47,2.1722471714019775,2047,2047,7a7b7dc6f6f242742c30f5194894a13f9225c540c5568a1c1839849368debd08,True
llama32_3b,M2_pq_sym,2,48,2.046396255493164,2047,2044,7a7b7dc6f6f242742c30f5194894a13f9225c540c5568a1c1839849368debd08,True
llama32_3b,M2_pq_sym,2,49,2.0379366874694824,2047,2043,7a7b7dc6f6f242742c30f5194894a13f9225c540c5568a1c1839849368debd08,True
llama32_3b,M2_pq_sym,2,50,1.7666842937469482,2047,2046,7a7b7dc6f6f242742c30f5194894a13f9225c540c5568a1c1839849368debd08,True
llama32_3b,M2_pq_sym,2,51,1.8443822860717773,2047,2047,7a7b7dc6f6f242742c30f5194894a13f9225c540c5568a1c1839849368debd08,True
llama32_3b,M2_pq_sym,2,52,1.6811046600341797,2047,2047,7a7b7dc6f6f242742c30f5194894a13f9225c540c5568a1c1839849368debd08,True
llama32_3b,M2_pq_sym,2,53,1.913277506828308,2047,2047,7a7b7dc6f6f242742c30f5194894a13f9225c540c5568a1c1839849368debd08,True
llama32_3b,M2_pq_sym,2,54,1.6433674097061157,2047,2047,7a7b7dc6f6f242742c30f5194894a13f9225c540c5568a1c1839849368debd08,True
llama32_3b,M2_pq_sym,2,55,1.6159765720367432,2047,2046,7a7b7dc6f6f242742c30f5194894a13f9225c540c5568a1c1839849368debd08,True
llama32_3b,M2_pq_sym,2,56,1.8435817956924438,2047,2047,7a7b7dc6f6f242742c30f5194894a13f9225c540c5568a1c1839849368debd08,True
llama32_3b,M2_pq_sym,2,57,1.8118913173675537,2047,2047,7a7b7dc6f6f242742c30f5194894a13f9225c540c5568a1c1839849368debd08,True
llama32_3b,M2_pq_sym,2,58,2.187237024307251,2047,2046,7a7b7dc6f6f242742c30f5194894a13f9225c540c5568a1c1839849368debd08,True
llama32_3b,M2_pq_sym,2,59,2.3705475330352783,2047,2045,7a7b7dc6f6f242742c30f5194894a13f9225c540c5568a1c1839849368debd08,True
llama32_3b,M2_pq_sym,2,60,2.358311653137207,2047,2046,7a7b7dc6f6f242742c30f5194894a13f9225c540c5568a1c1839849368debd08,True
llama32_3b,M2_pq_sym,2,61,2.4758756160736084,2047,2044,7a7b7dc6f6f242742c30f5194894a13f9225c540c5568a1c1839849368debd08,True
llama32_3b,M2_pq_sym,2,62,1.519802212715149,2047,2042,7a7b7dc6f6f242742c30f5194894a13f9225c540c5568a1c1839849368debd08,True
llama32_3b,M2_pq_sym,2,63,1.9110444784164429,2047,2039,7a7b7dc6f6f242742c30f5194894a13f9225c540c5568a1c1839849368debd08,True
llama32_3b,M2_had_sym,0,0,1.8423545360565186,2047,2023,7a7b7dc6f6f242742c30f5194894a13f9225c540c5568a1c1839849368debd08,True
llama32_3b,M2_had_sym,0,1,2.4415066242218018,2047,2046,7a7b7dc6f6f242742c30f5194894a13f9225c540c5568a1c1839849368debd08,True
llama32_3b,M2_had_sym,0,2,2.514840841293335,2047,2046,7a7b7dc6f6f242742c30f5194894a13f9225c540c5568a1c1839849368debd08,True
llama32_3b,M2_had_sym,0,3,2.03326416015625,2047,2042,7a7b7dc6f6f242742c30f5194894a13f9225c540c5568a1c1839849368debd08,True
llama32_3b,M2_had_sym,0,4,1.9366371631622314,2047,2046,7a7b7dc6f6f242742c30f5194894a13f9225c540c5568a1c1839849368debd08,True
llama32_3b,M2_had_sym,0,5,1.575133204460144,2047,2047,7a7b7dc6f6f242742c30f5194894a13f9225c540c5568a1c1839849368debd08,True
llama32_3b,M2_had_sym,0,6,1.6797105073928833,2047,2047,7a7b7dc6f6f242742c30f5194894a13f9225c540c5568a1c1839849368debd08,True
llama32_3b,M2_had_sym,0,7,1.94515860080719,2047,2046,7a7b7dc6f6f242742c30f5194894a13f9225c540c5568a1c1839849368debd08,True
llama32_3b,M2_had_sym,0,8,2.272523880004883,2047,2046,7a7b7dc6f6f242742c30f5194894a13f9225c540c5568a1c1839849368debd08,True
llama32_3b,M2_had_sym,0,9,1.9892024993896484,2047,2047,7a7b7dc6f6f242742c30f5194894a13f9225c540c5568a1c1839849368debd08,True
llama32_3b,M2_had_sym,0,10,1.920599102973938,2047,2044,7a7b7dc6f6f242742c30f5194894a13f9225c540c5568a1c1839849368debd08,True
llama32_3b,M2_had_sym,0,11,2.2809641361236572,2047,2047,7a7b7dc6f6f242742c30f5194894a13f9225c540c5568a1c1839849368debd08,True
llama32_3b,M2_had_sym,0,12,2.137988567352295,2047,2047,7a7b7dc6f6f242742c30f5194894a13f9225c540c5568a1c1839849368debd08,True
llama32_3b,M2_had_sym,0,13,2.296476125717163,2047,2047,7a7b7dc6f6f242742c30f5194894a13f9225c540c5568a1c1839849368debd08,True
llama32_3b,M2_had_sym,0,14,2.206270933151245,2047,2047,7a7b7dc6f6f242742c30f5194894a13f9225c540c5568a1c1839849368debd08,True
llama32_3b,M2_had_sym,0,15,2.416344404220581,2047,2047,7a7b7dc6f6f242742c30f5194894a13f9225c540c5568a1c1839849368debd08,True
llama32_3b,M2_had_sym,0,16,2.1481521129608154,2047,2046,7a7b7dc6f6f242742c30f5194894a13f9225c540c5568a1c1839849368debd08,True
llama32_3b,M2_had_sym,0,17,2.1616272926330566,2047,2047,7a7b7dc6f6f242742c30f5194894a13f9225c540c5568a1c1839849368debd08,True
llama32_3b,M2_had_sym,0,18,1.9615321159362793,2047,2040,7a7b7dc6f6f242742c30f5194894a13f9225c540c5568a1c1839849368debd08,True
llama32_3b,M2_had_sym,0,19,2.123516798019409,2047,2047,7a7b7dc6f6f242742c30f5194894a13f9225c540c5568a1c1839849368debd08,True
llama32_3b,M2_had_sym,0,20,2.243769407272339,2047,2045,7a7b7dc6f6f242742c30f5194894a13f9225c540c5568a1c1839849368debd08,True
llama32_3b,M2_had_sym,0,21,2.167499303817749,2047,2047,7a7b7dc6f6f242742c30f5194894a13f9225c540c5568a1c1839849368debd08,True
llama32_3b,M2_had_sym,0,22,2.2309491634368896,2047,2044,7a7b7dc6f6f242742c30f5194894a13f9225c540c5568a1c1839849368debd08,True
llama32_3b,M2_had_sym,0,23,2.2646002769470215,2047,2047,7a7b7dc6f6f242742c30f5194894a13f9225c540c5568a1c1839849368debd08,True
llama32_3b,M2_had_sym,0,24,2.307321310043335,2047,2047,7a7b7dc6f6f242742c30f5194894a13f9225c540c5568a1c1839849368debd08,True
llama32_3b,M2_had_sym,0,25,2.359360694885254,2047,2047,7a7b7dc6f6f242742c30f5194894a13f9225c540c5568a1c1839849368debd08,True
llama32_3b,M2_had_sym,0,26,2.437089443206787,2047,2044,7a7b7dc6f6f242742c30f5194894a13f9225c540c5568a1c1839849368debd08,True
llama32_3b,M2_had_sym,0,27,2.2323827743530273,2047,2041,7a7b7dc6f6f242742c30f5194894a13f9225c540c5568a1c1839849368debd08,True
llama32_3b,M2_had_sym,0,28,2.0126006603240967,2047,2047,7a7b7dc6f6f242742c30f5194894a13f9225c540c5568a1c1839849368debd08,True
llama32_3b,M2_had_sym,0,29,1.8166687488555908,2047,2047,7a7b7dc6f6f242742c30f5194894a13f9225c540c5568a1c1839849368debd08,True
llama32_3b,M2_had_sym,0,30,1.711355209350586,2047,2047,7a7b7dc6f6f242742c30f5194894a13f9225c540c5568a1c1839849368debd08,True
llama32_3b,M2_had_sym,0,31,1.7331074476242065,2047,2047,7a7b7dc6f6f242742c30f5194894a13f9225c540c5568a1c1839849368debd08,True
llama32_3b,M2_had_sym,0,32,2.0117549896240234,2047,2047,7a7b7dc6f6f242742c30f5194894a13f9225c540c5568a1c1839849368debd08,True
llama32_3b,M2_had_sym,0,33,1.993098258972168,2047,2040,7a7b7dc6f6f242742c30f5194894a13f9225c540c5568a1c1839849368debd08,True
llama32_3b,M2_had_sym,0,34,2.172776937484741,2047,2047,7a7b7dc6f6f242742c30f5194894a13f9225c540c5568a1c1839849368debd08,True
llama32_3b,M2_had_sym,0,35,1.4927948713302612,2047,2042,7a7b7dc6f6f242742c30f5194894a13f9225c540c5568a1c1839849368debd08,True
llama32_3b,M2_had_sym,0,36,1.4597851037979126,2047,2042,7a7b7dc6f6f242742c30f5194894a13f9225c540c5568a1c1839849368debd08,True
llama32_3b,M2_had_sym,0,37,1.5047084093093872,2047,2043,7a7b7dc6f6f242742c30f5194894a13f9225c540c5568a1c1839849368debd08,True
llama32_3b,M2_had_sym,0,38,1.48891019821167,2047,2044,7a7b7dc6f6f242742c30f5194894a13f9225c540c5568a1c1839849368debd08,True
llama32_3b,M2_had_sym,0,39,1.6775065660476685,2047,2046,7a7b7dc6f6f242742c30f5194894a13f9225c540c5568a1c1839849368debd08,True
llama32_3b,M2_had_sym,0,40,2.2842202186584473,2047,2045,7a7b7dc6f6f242742c30f5194894a13f9225c540c5568a1c1839849368debd08,True
llama32_3b,M2_had_sym,0,41,2.7081055641174316,2047,2045,7a7b7dc6f6f242742c30f5194894a13f9225c540c5568a1c1839849368debd08,True
llama32_3b,M2_had_sym,0,42,2.6985487937927246,2047,2046,7a7b7dc6f6f242742c30f5194894a13f9225c540c5568a1c1839849368debd08,True
llama32_3b,M2_had_sym,0,43,2.335294246673584,2047,2042,7a7b7dc6f6f242742c30f5194894a13f9225c540c5568a1c1839849368debd08,True
llama32_3b,M2_had_sym,0,44,2.30887770652771,2047,2042,7a7b7dc6f6f242742c30f5194894a13f9225c540c5568a1c1839849368debd08,True
llama32_3b,M2_had_sym,0,45,2.2910001277923584,2047,2043,7a7b7dc6f6f242742c30f5194894a13f9225c540c5568a1c1839849368debd08,True
llama32_3b,M2_had_sym,0,46,2.388550043106079,2047,2047,7a7b7dc6f6f242742c30f5194894a13f9225c540c5568a1c1839849368debd08,True
llama32_3b,M2_had_sym,0,47,2.1741766929626465,2047,2047,7a7b7dc6f6f242742c30f5194894a13f9225c540c5568a1c1839849368debd08,True
llama32_3b,M2_had_sym,0,48,2.0333433151245117,2047,2044,7a7b7dc6f6f242742c30f5194894a13f9225c540c5568a1c1839849368debd08,True
llama32_3b,M2_had_sym,0,49,2.0399160385131836,2047,2043,7a7b7dc6f6f242742c30f5194894a13f9225c540c5568a1c1839849368debd08,True
llama32_3b,M2_had_sym,0,50,1.7734397649765015,2047,2046,7a7b7dc6f6f242742c30f5194894a13f9225c540c5568a1c1839849368debd08,True
llama32_3b,M2_had_sym,0,51,1.8404966592788696,2047,2047,7a7b7dc6f6f242742c30f5194894a13f9225c540c5568a1c1839849368debd08,True
llama32_3b,M2_had_sym,0,52,1.6879838705062866,2047,2047,7a7b7dc6f6f242742c30f5194894a13f9225c540c5568a1c1839849368debd08,True
llama32_3b,M2_had_sym,0,53,1.9147928953170776,2047,2047,7a7b7dc6f6f242742c30f5194894a13f9225c540c5568a1c1839849368debd08,True
llama32_3b,M2_had_sym,0,54,1.645648717880249,2047,2047,7a7b7dc6f6f242742c30f5194894a13f9225c540c5568a1c1839849368debd08,True
llama32_3b,M2_had_sym,0,55,1.6252076625823975,2047,2046,7a7b7dc6f6f242742c30f5194894a13f9225c540c5568a1c1839849368debd08,True
llama32_3b,M2_had_sym,0,56,1.8527733087539673,2047,2047,7a7b7dc6f6f242742c30f5194894a13f9225c540c5568a1c1839849368debd08,True
llama32_3b,M2_had_sym,0,57,1.8255075216293335,2047,2047,7a7b7dc6f6f242742c30f5194894a13f9225c540c5568a1c1839849368debd08,True
llama32_3b,M2_had_sym,0,58,2.196535348892212,2047,2046,7a7b7dc6f6f242742c30f5194894a13f9225c540c5568a1c1839849368debd08,True
llama32_3b,M2_had_sym,0,59,2.3640787601470947,2047,2045,7a7b7dc6f6f242742c30f5194894a13f9225c540c5568a1c1839849368debd08,True
llama32_3b,M2_had_sym,0,60,2.3676042556762695,2047,2046,7a7b7dc6f6f242742c30f5194894a13f9225c540c5568a1c1839849368debd08,True
llama32_3b,M2_had_sym,0,61,2.496553421020508,2047,2044,7a7b7dc6f6f242742c30f5194894a13f9225c540c5568a1c1839849368debd08,True
llama32_3b,M2_had_sym,0,62,1.5271779298782349,2047,2042,7a7b7dc6f6f242742c30f5194894a13f9225c540c5568a1c1839849368debd08,True
llama32_3b,M2_had_sym,0,63,1.9099169969558716,2047,2039,7a7b7dc6f6f242742c30f5194894a13f9225c540c5568a1c1839849368debd08,True
llama32_3b,M2_had_sym,1,0,1.8438079357147217,2047,2023,7a7b7dc6f6f242742c30f5194894a13f9225c540c5568a1c1839849368debd08,True
llama32_3b,M2_had_sym,1,1,2.4464101791381836,2047,2046,7a7b7dc6f6f242742c30f5194894a13f9225c540c5568a1c1839849368debd08,True
llama32_3b,M2_had_sym,1,2,2.513209104537964,2047,2046,7a7b7dc6f6f242742c30f5194894a13f9225c540c5568a1c1839849368debd08,True
llama32_3b,M2_had_sym,1,3,2.0327937602996826,2047,2042,7a7b7dc6f6f242742c30f5194894a13f9225c540c5568a1c1839849368debd08,True
llama32_3b,M2_had_sym,1,4,1.9542691707611084,2047,2046,7a7b7dc6f6f242742c30f5194894a13f9225c540c5568a1c1839849368debd08,True
llama32_3b,M2_had_sym,1,5,1.566562294960022,2047,2047,7a7b7dc6f6f242742c30f5194894a13f9225c540c5568a1c1839849368debd08,True
llama32_3b,M2_had_sym,1,6,1.6863454580307007,2047,2047,7a7b7dc6f6f242742c30f5194894a13f9225c540c5568a1c1839849368debd08,True
llama32_3b,M2_had_sym,1,7,1.9268336296081543,2047,2046,7a7b7dc6f6f242742c30f5194894a13f9225c540c5568a1c1839849368debd08,True
llama32_3b,M2_had_sym,1,8,2.274221420288086,2047,2046,7a7b7dc6f6f242742c30f5194894a13f9225c540c5568a1c1839849368debd08,True
llama32_3b,M2_had_sym,1,9,1.9910128116607666,2047,2047,7a7b7dc6f6f242742c30f5194894a13f9225c540c5568a1c1839849368debd08,True
llama32_3b,M2_had_sym,1,10,1.913622260093689,2047,2044,7a7b7dc6f6f242742c30f5194894a13f9225c540c5568a1c1839849368debd08,True
llama32_3b,M2_had_sym,1,11,2.2635092735290527,2047,2047,7a7b7dc6f6f242742c30f5194894a13f9225c540c5568a1c1839849368debd08,True
llama32_3b,M2_had_sym,1,12,2.132312059402466,2047,2047,7a7b7dc6f6f242742c30f5194894a13f9225c540c5568a1c1839849368debd08,True
llama32_3b,M2_had_sym,1,13,2.28019642829895,2047,2047,7a7b7dc6f6f242742c30f5194894a13f9225c540c5568a1c1839849368debd08,True
llama32_3b,M2_had_sym,1,14,2.208159923553467,2047,2047,7a7b7dc6f6f242742c30f5194894a13f9225c540c5568a1c1839849368debd08,True
llama32_3b,M2_had_sym,1,15,2.4072351455688477,2047,2047,7a7b7dc6f6f242742c30f5194894a13f9225c540c5568a1c1839849368debd08,True
llama32_3b,M2_had_sym,1,16,2.1465635299682617,2047,2046,7a7b7dc6f6f242742c30f5194894a13f9225c540c5568a1c1839849368debd08,True
llama32_3b,M2_had_sym,1,17,2.151893138885498,2047,2047,7a7b7dc6f6f242742c30f5194894a13f9225c540c5568a1c1839849368debd08,True
llama32_3b,M2_had_sym,1,18,1.9634754657745361,2047,2040,7a7b7dc6f6f242742c30f5194894a13f9225c540c5568a1c1839849368debd08,True
llama32_3b,M2_had_sym,1,19,2.123246192932129,2047,2047,7a7b7dc6f6f242742c30f5194894a13f9225c540c5568a1c1839849368debd08,True
llama32_3b,M2_had_sym,1,20,2.24538254737854,2047,2045,7a7b7dc6f6f242742c30f5194894a13f9225c540c5568a1c1839849368debd08,True
llama32_3b,M2_had_sym,1,21,2.1679420471191406,2047,2047,7a7b7dc6f6f242742c30f5194894a13f9225c540c5568a1c1839849368debd08,True
llama32_3b,M2_had_sym,1,22,2.2209718227386475,2047,2044,7a7b7dc6f6f242742c30f5194894a13f9225c540c5568a1c1839849368debd08,True
llama32_3b,M2_had_sym,1,23,2.26161527633667,2047,2047,7a7b7dc6f6f242742c30f5194894a13f9225c540c5568a1c1839849368debd08,True
llama32_3b,M2_had_sym,1,24,2.296354055404663,2047,2047,7a7b7dc6f6f242742c30f5194894a13f9225c540c5568a1c1839849368debd08,True
llama32_3b,M2_had_sym,1,25,2.356172800064087,2047,2047,7a7b7dc6f6f242742c30f5194894a13f9225c540c5568a1c1839849368debd08,True
llama32_3b,M2_had_sym,1,26,2.4486453533172607,2047,2044,7a7b7dc6f6f242742c30f5194894a13f9225c540c5568a1c1839849368debd08,True
llama32_3b,M2_had_sym,1,27,2.242007255554199,2047,2041,7a7b7dc6f6f242742c30f5194894a13f9225c540c5568a1c1839849368debd08,True
llama32_3b,M2_had_sym,1,28,2.0200164318084717,2047,2047,7a7b7dc6f6f242742c30f5194894a13f9225c540c5568a1c1839849368debd08,True
llama32_3b,M2_had_sym,1,29,1.812026023864746,2047,2047,7a7b7dc6f6f242742c30f5194894a13f9225c540c5568a1c1839849368debd08,True
llama32_3b,M2_had_sym,1,30,1.7206871509552002,2047,2047,7a7b7dc6f6f242742c30f5194894a13f9225c540c5568a1c1839849368debd08,True
llama32_3b,M2_had_sym,1,31,1.7340102195739746,2047,2047,7a7b7dc6f6f242742c30f5194894a13f9225c540c5568a1c1839849368debd08,True
llama32_3b,M2_had_sym,1,32,2.034961462020874,2047,2047,7a7b7dc6f6f242742c30f5194894a13f9225c540c5568a1c1839849368debd08,True
llama32_3b,M2_had_sym,1,33,1.992517113685608,2047,2040,7a7b7dc6f6f242742c30f5194894a13f9225c540c5568a1c1839849368debd08,True
llama32_3b,M2_had_sym,1,34,2.160140037536621,2047,2047,7a7b7dc6f6f242742c30f5194894a13f9225c540c5568a1c1839849368debd08,True
llama32_3b,M2_had_sym,1,35,1.490493655204773,2047,2042,7a7b7dc6f6f242742c30f5194894a13f9225c540c5568a1c1839849368debd08,True
llama32_3b,M2_had_sym,1,36,1.4566422700881958,2047,2042,7a7b7dc6f6f242742c30f5194894a13f9225c540c5568a1c1839849368debd08,True
llama32_3b,M2_had_sym,1,37,1.4978489875793457,2047,2043,7a7b7dc6f6f242742c30f5194894a13f9225c540c5568a1c1839849368debd08,True
llama32_3b,M2_had_sym,1,38,1.4883559942245483,2047,2044,7a7b7dc6f6f242742c30f5194894a13f9225c540c5568a1c1839849368debd08,True
llama32_3b,M2_had_sym,1,39,1.6840031147003174,2047,2046,7a7b7dc6f6f242742c30f5194894a13f9225c540c5568a1c1839849368debd08,True
llama32_3b,M2_had_sym,1,40,2.284684896469116,2047,2045,7a7b7dc6f6f242742c30f5194894a13f9225c540c5568a1c1839849368debd08,True
llama32_3b,M2_had_sym,1,41,2.707313299179077,2047,2045,7a7b7dc6f6f242742c30f5194894a13f9225c540c5568a1c1839849368debd08,True
llama32_3b,M2_had_sym,1,42,2.6995747089385986,2047,2046,7a7b7dc6f6f242742c30f5194894a13f9225c540c5568a1c1839849368debd08,True
llama32_3b,M2_had_sym,1,43,2.324540853500366,2047,2042,7a7b7dc6f6f242742c30f5194894a13f9225c540c5568a1c1839849368debd08,True
llama32_3b,M2_had_sym,1,44,2.3246707916259766,2047,2042,7a7b7dc6f6f242742c30f5194894a13f9225c540c5568a1c1839849368debd08,True
llama32_3b,M2_had_sym,1,45,2.2807421684265137,2047,2043,7a7b7dc6f6f242742c30f5194894a13f9225c540c5568a1c1839849368debd08,True
llama32_3b,M2_had_sym,1,46,2.392014980316162,2047,2047,7a7b7dc6f6f242742c30f5194894a13f9225c540c5568a1c1839849368debd08,True
llama32_3b,M2_had_sym,1,47,2.1653759479522705,2047,2047,7a7b7dc6f6f242742c30f5194894a13f9225c540c5568a1c1839849368debd08,True
llama32_3b,M2_had_sym,1,48,2.0555081367492676,2047,2044,7a7b7dc6f6f242742c30f5194894a13f9225c540c5568a1c1839849368debd08,True
llama32_3b,M2_had_sym,1,49,2.0419304370880127,2047,2043,7a7b7dc6f6f242742c30f5194894a13f9225c540c5568a1c1839849368debd08,True
llama32_3b,M2_had_sym,1,50,1.7733280658721924,2047,2046,7a7b7dc6f6f242742c30f5194894a13f9225c540c5568a1c1839849368debd08,True
llama32_3b,M2_had_sym,1,51,1.8522459268569946,2047,2047,7a7b7dc6f6f242742c30f5194894a13f9225c540c5568a1c1839849368debd08,True
llama32_3b,M2_had_sym,1,52,1.6870965957641602,2047,2047,7a7b7dc6f6f242742c30f5194894a13f9225c540c5568a1c1839849368debd08,True
llama32_3b,M2_had_sym,1,53,1.9102463722229004,2047,2047,7a7b7dc6f6f242742c30f5194894a13f9225c540c5568a1c1839849368debd08,True
llama32_3b,M2_had_sym,1,54,1.6529316902160645,2047,2047,7a7b7dc6f6f242742c30f5194894a13f9225c540c5568a1c1839849368debd08,True
llama32_3b,M2_had_sym,1,55,1.6188758611679077,2047,2046,7a7b7dc6f6f242742c30f5194894a13f9225c540c5568a1c1839849368debd08,True
llama32_3b,M2_had_sym,1,56,1.8515704870224,2047,2047,7a7b7dc6f6f242742c30f5194894a13f9225c540c5568a1c1839849368debd08,True
llama32_3b,M2_had_sym,1,57,1.8131996393203735,2047,2047,7a7b7dc6f6f242742c30f5194894a13f9225c540c5568a1c1839849368debd08,True
llama32_3b,M2_had_sym,1,58,2.193652629852295,2047,2046,7a7b7dc6f6f242742c30f5194894a13f9225c540c5568a1c1839849368debd08,True
llama32_3b,M2_had_sym,1,59,2.3587896823883057,2047,2045,7a7b7dc6f6f242742c30f5194894a13f9225c540c5568a1c1839849368debd08,True
llama32_3b,M2_had_sym,1,60,2.3619587421417236,2047,2046,7a7b7dc6f6f242742c30f5194894a13f9225c540c5568a1c1839849368debd08,True
llama32_3b,M2_had_sym,1,61,2.4806666374206543,2047,2044,7a7b7dc6f6f242742c30f5194894a13f9225c540c5568a1c1839849368debd08,True
llama32_3b,M2_had_sym,1,62,1.5273997783660889,2047,2042,7a7b7dc6f6f242742c30f5194894a13f9225c540c5568a1c1839849368debd08,True
llama32_3b,M2_had_sym,1,63,1.9156439304351807,2047,2039,7a7b7dc6f6f242742c30f5194894a13f9225c540c5568a1c1839849368debd08,True
llama32_3b,M2_had_sym,2,0,1.8364291191101074,2047,2023,7a7b7dc6f6f242742c30f5194894a13f9225c540c5568a1c1839849368debd08,True
llama32_3b,M2_had_sym,2,1,2.438183546066284,2047,2046,7a7b7dc6f6f242742c30f5194894a13f9225c540c5568a1c1839849368debd08,True
llama32_3b,M2_had_sym,2,2,2.5256550312042236,2047,2046,7a7b7dc6f6f242742c30f5194894a13f9225c540c5568a1c1839849368debd08,True
llama32_3b,M2_had_sym,2,3,2.0231666564941406,2047,2042,7a7b7dc6f6f242742c30f5194894a13f9225c540c5568a1c1839849368debd08,True
llama32_3b,M2_had_sym,2,4,1.947019100189209,2047,2046,7a7b7dc6f6f242742c30f5194894a13f9225c540c5568a1c1839849368debd08,True
llama32_3b,M2_had_sym,2,5,1.5684189796447754,2047,2047,7a7b7dc6f6f242742c30f5194894a13f9225c540c5568a1c1839849368debd08,True
llama32_3b,M2_had_sym,2,6,1.6790893077850342,2047,2047,7a7b7dc6f6f242742c30f5194894a13f9225c540c5568a1c1839849368debd08,True
llama32_3b,M2_had_sym,2,7,1.937648892402649,2047,2046,7a7b7dc6f6f242742c30f5194894a13f9225c540c5568a1c1839849368debd08,True
llama32_3b,M2_had_sym,2,8,2.267406940460205,2047,2046,7a7b7dc6f6f242742c30f5194894a13f9225c540c5568a1c1839849368debd08,True
llama32_3b,M2_had_sym,2,9,1.9851120710372925,2047,2047,7a7b7dc6f6f242742c30f5194894a13f9225c540c5568a1c1839849368debd08,True
llama32_3b,M2_had_sym,2,10,1.9156134128570557,2047,2044,7a7b7dc6f6f242742c30f5194894a13f9225c540c5568a1c1839849368debd08,True
llama32_3b,M2_had_sym,2,11,2.2686519622802734,2047,2047,7a7b7dc6f6f242742c30f5194894a13f9225c540c5568a1c1839849368debd08,True
llama32_3b,M2_had_sym,2,12,2.1224892139434814,2047,2047,7a7b7dc6f6f242742c30f5194894a13f9225c540c5568a1c1839849368debd08,True
llama32_3b,M2_had_sym,2,13,2.2850794792175293,2047,2047,7a7b7dc6f6f242742c30f5194894a13f9225c540c5568a1c1839849368debd08,True
llama32_3b,M2_had_sym,2,14,2.205817222595215,2047,2047,7a7b7dc6f6f242742c30f5194894a13f9225c540c5568a1c1839849368debd08,True
llama32_3b,M2_had_sym,2,15,2.41593074798584,2047,2047,7a7b7dc6f6f242742c30f5194894a13f9225c540c5568a1c1839849368debd08,True
llama32_3b,M2_had_sym,2,16,2.140306234359741,2047,2046,7a7b7dc6f6f242742c30f5194894a13f9225c540c5568a1c1839849368debd08,True
llama32_3b,M2_had_sym,2,17,2.1577165126800537,2047,2047,7a7b7dc6f6f242742c30f5194894a13f9225c540c5568a1c1839849368debd08,True
llama32_3b,M2_had_sym,2,18,1.9714170694351196,2047,2040,7a7b7dc6f6f242742c30f5194894a13f9225c540c5568a1c1839849368debd08,True
llama32_3b,M2_had_sym,2,19,2.1289000511169434,2047,2047,7a7b7dc6f6f242742c30f5194894a13f9225c540c5568a1c1839849368debd08,True
llama32_3b,M2_had_sym,2,20,2.2450571060180664,2047,2045,7a7b7dc6f6f242742c30f5194894a13f9225c540c5568a1c1839849368debd08,True
llama32_3b,M2_had_sym,2,21,2.171315908432007,2047,2047,7a7b7dc6f6f242742c30f5194894a13f9225c540c5568a1c1839849368debd08,True
llama32_3b,M2_had_sym,2,22,2.2165145874023438,2047,2044,7a7b7dc6f6f242742c30f5194894a13f9225c540c5568a1c1839849368debd08,True
llama32_3b,M2_had_sym,2,23,2.2570419311523438,2047,2047,7a7b7dc6f6f242742c30f5194894a13f9225c540c5568a1c1839849368debd08,True
llama32_3b,M2_had_sym,2,24,2.2921533584594727,2047,2047,7a7b7dc6f6f242742c30f5194894a13f9225c540c5568a1c1839849368debd08,True
llama32_3b,M2_had_sym,2,25,2.345197916030884,2047,2047,7a7b7dc6f6f242742c30f5194894a13f9225c540c5568a1c1839849368debd08,True
llama32_3b,M2_had_sym,2,26,2.4324710369110107,2047,2044,7a7b7dc6f6f242742c30f5194894a13f9225c540c5568a1c1839849368debd08,True
llama32_3b,M2_had_sym,2,27,2.237450122833252,2047,2041,7a7b7dc6f6f242742c30f5194894a13f9225c540c5568a1c1839849368debd08,True
llama32_3b,M2_had_sym,2,28,2.008455276489258,2047,2047,7a7b7dc6f6f242742c30f5194894a13f9225c540c5568a1c1839849368debd08,True
llama32_3b,M2_had_sym,2,29,1.8214575052261353,2047,2047,7a7b7dc6f6f242742c30f5194894a13f9225c540c5568a1c1839849368debd08,True
llama32_3b,M2_had_sym,2,30,1.7153500318527222,2047,2047,7a7b7dc6f6f242742c30f5194894a13f9225c540c5568a1c1839849368debd08,True
llama32_3b,M2_had_sym,2,31,1.7407128810882568,2047,2047,7a7b7dc6f6f242742c30f5194894a13f9225c540c5568a1c1839849368debd08,True
llama32_3b,M2_had_sym,2,32,2.025391101837158,2047,2047,7a7b7dc6f6f242742c30f5194894a13f9225c540c5568a1c1839849368debd08,True
llama32_3b,M2_had_sym,2,33,1.9909183979034424,2047,2040,7a7b7dc6f6f242742c30f5194894a13f9225c540c5568a1c1839849368debd08,True
llama32_3b,M2_had_sym,2,34,2.168231964111328,2047,2047,7a7b7dc6f6f242742c30f5194894a13f9225c540c5568a1c1839849368debd08,True
llama32_3b,M2_had_sym,2,35,1.4844391345977783,2047,2042,7a7b7dc6f6f242742c30f5194894a13f9225c540c5568a1c1839849368debd08,True
llama32_3b,M2_had_sym,2,36,1.4658126831054688,2047,2042,7a7b7dc6f6f242742c30f5194894a13f9225c540c5568a1c1839849368debd08,True
llama32_3b,M2_had_sym,2,37,1.5012985467910767,2047,2043,7a7b7dc6f6f242742c30f5194894a13f9225c540c5568a1c1839849368debd08,True
llama32_3b,M2_had_sym,2,38,1.4912327527999878,2047,2044,7a7b7dc6f6f242742c30f5194894a13f9225c540c5568a1c1839849368debd08,True
llama32_3b,M2_had_sym,2,39,1.6737427711486816,2047,2046,7a7b7dc6f6f242742c30f5194894a13f9225c540c5568a1c1839849368debd08,True
llama32_3b,M2_had_sym,2,40,2.281841516494751,2047,2045,7a7b7dc6f6f242742c30f5194894a13f9225c540c5568a1c1839849368debd08,True
llama32_3b,M2_had_sym,2,41,2.7109901905059814,2047,2045,7a7b7dc6f6f242742c30f5194894a13f9225c540c5568a1c1839849368debd08,True
llama32_3b,M2_had_sym,2,42,2.7001171112060547,2047,2046,7a7b7dc6f6f242742c30f5194894a13f9225c540c5568a1c1839849368debd08,True
llama32_3b,M2_had_sym,2,43,2.325201988220215,2047,2042,7a7b7dc6f6f242742c30f5194894a13f9225c540c5568a1c1839849368debd08,True
llama32_3b,M2_had_sym,2,44,2.311676502227783,2047,2042,7a7b7dc6f6f242742c30f5194894a13f9225c540c5568a1c1839849368debd08,True
llama32_3b,M2_had_sym,2,45,2.2919583320617676,2047,2043,7a7b7dc6f6f242742c30f5194894a13f9225c540c5568a1c1839849368debd08,True
llama32_3b,M2_had_sym,2,46,2.3882880210876465,2047,2047,7a7b7dc6f6f242742c30f5194894a13f9225c540c5568a1c1839849368debd08,True
llama32_3b,M2_had_sym,2,47,2.1778416633605957,2047,2047,7a7b7dc6f6f242742c30f5194894a13f9225c540c5568a1c1839849368debd08,True
llama32_3b,M2_had_sym,2,48,2.0488874912261963,2047,2044,7a7b7dc6f6f242742c30f5194894a13f9225c540c5568a1c1839849368debd08,True
llama32_3b,M2_had_sym,2,49,2.045673370361328,2047,2043,7a7b7dc6f6f242742c30f5194894a13f9225c540c5568a1c1839849368debd08,True
llama32_3b,M2_had_sym,2,50,1.7686340808868408,2047,2046,7a7b7dc6f6f242742c30f5194894a13f9225c540c5568a1c1839849368debd08,True
llama32_3b,M2_had_sym,2,51,1.8461298942565918,2047,2047,7a7b7dc6f6f242742c30f5194894a13f9225c540c5568a1c1839849368debd08,True
llama32_3b,M2_had_sym,2,52,1.6822295188903809,2047,2047,7a7b7dc6f6f242742c30f5194894a13f9225c540c5568a1c1839849368debd08,True
llama32_3b,M2_had_sym,2,53,1.916965365409851,2047,2047,7a7b7dc6f6f242742c30f5194894a13f9225c540c5568a1c1839849368debd08,True
llama32_3b,M2_had_sym,2,54,1.6399564743041992,2047,2047,7a7b7dc6f6f242742c30f5194894a13f9225c540c5568a1c1839849368debd08,True
llama32_3b,M2_had_sym,2,55,1.6126784086227417,2047,2046,7a7b7dc6f6f242742c30f5194894a13f9225c540c5568a1c1839849368debd08,True
llama32_3b,M2_had_sym,2,56,1.8500721454620361,2047,2047,7a7b7dc6f6f242742c30f5194894a13f9225c540c5568a1c1839849368debd08,True
llama32_3b,M2_had_sym,2,57,1.8173346519470215,2047,2047,7a7b7dc6f6f242742c30f5194894a13f9225c540c5568a1c1839849368debd08,True
llama32_3b,M2_had_sym,2,58,2.184199571609497,2047,2046,7a7b7dc6f6f242742c30f5194894a13f9225c540c5568a1c1839849368debd08,True
llama32_3b,M2_had_sym,2,59,2.360858201980591,2047,2045,7a7b7dc6f6f242742c30f5194894a13f9225c540c5568a1c1839849368debd08,True
llama32_3b,M2_had_sym,2,60,2.3564724922180176,2047,2046,7a7b7dc6f6f242742c30f5194894a13f9225c540c5568a1c1839849368debd08,True
llama32_3b,M2_had_sym,2,61,2.4859368801116943,2047,2044,7a7b7dc6f6f242742c30f5194894a13f9225c540c5568a1c1839849368debd08,True
llama32_3b,M2_had_sym,2,62,1.5223941802978516,2047,2042,7a7b7dc6f6f242742c30f5194894a13f9225c540c5568a1c1839849368debd08,True
llama32_3b,M2_had_sym,2,63,1.9174493551254272,2047,2039,7a7b7dc6f6f242742c30f5194894a13f9225c540c5568a1c1839849368debd08,True
