model,model_id,site,method,seed,sequence,nll,tokens_scored,reused_deterministic_run,weight_fold_max_relative_error
llama32_3b,unsloth/Llama-3.2-3B,none,bf16,-1,0,1.8208203315734863,2047,False,0.0
llama32_3b,unsloth/Llama-3.2-3B,none,bf16,-1,1,2.4220356941223145,2047,False,0.0
llama32_3b,unsloth/Llama-3.2-3B,none,bf16,-1,2,2.4922232627868652,2047,False,0.0
llama32_3b,unsloth/Llama-3.2-3B,none,bf16,-1,3,2.007396936416626,2047,False,0.0
llama32_3b,unsloth/Llama-3.2-3B,none,bf16,-1,4,1.9157811403274536,2047,False,0.0
llama32_3b,unsloth/Llama-3.2-3B,none,bf16,-1,5,1.5419397354125977,2047,False,0.0
llama32_3b,unsloth/Llama-3.2-3B,none,bf16,-1,6,1.6579393148422241,2047,False,0.0
llama32_3b,unsloth/Llama-3.2-3B,none,bf16,-1,7,1.90771484375,2047,False,0.0
llama32_3b,unsloth/Llama-3.2-3B,none,bf16,-1,8,2.2407782077789307,2047,False,0.0
llama32_3b,unsloth/Llama-3.2-3B,none,bf16,-1,9,1.9640158414840698,2047,False,0.0
llama32_3b,unsloth/Llama-3.2-3B,none,bf16,-1,10,1.8904613256454468,2047,False,0.0
llama32_3b,unsloth/Llama-3.2-3B,none,bf16,-1,11,2.2446377277374268,2047,False,0.0
llama32_3b,unsloth/Llama-3.2-3B,none,bf16,-1,12,2.108149290084839,2047,False,0.0
llama32_3b,unsloth/Llama-3.2-3B,none,bf16,-1,13,2.26754093170166,2047,False,0.0
llama32_3b,unsloth/Llama-3.2-3B,none,bf16,-1,14,2.188316822052002,2047,False,0.0
llama32_3b,unsloth/Llama-3.2-3B,none,bf16,-1,15,2.3944945335388184,2047,False,0.0
llama32_3b,unsloth/Llama-3.2-3B,none,bf16,-1,16,2.1199371814727783,2047,False,0.0
llama32_3b,unsloth/Llama-3.2-3B,none,bf16,-1,17,2.136223554611206,2047,False,0.0
llama32_3b,unsloth/Llama-3.2-3B,none,bf16,-1,18,1.9425047636032104,2047,False,0.0
llama32_3b,unsloth/Llama-3.2-3B,none,bf16,-1,19,2.104306697845459,2047,False,0.0
llama32_3b,unsloth/Llama-3.2-3B,none,bf16,-1,20,2.222465753555298,2047,False,0.0
llama32_3b,unsloth/Llama-3.2-3B,none,bf16,-1,21,2.149143934249878,2047,False,0.0
llama32_3b,unsloth/Llama-3.2-3B,none,bf16,-1,22,2.2034170627593994,2047,False,0.0
llama32_3b,unsloth/Llama-3.2-3B,none,bf16,-1,23,2.2406511306762695,2047,False,0.0
llama32_3b,unsloth/Llama-3.2-3B,none,bf16,-1,24,2.272462844848633,2047,False,0.0
llama32_3b,unsloth/Llama-3.2-3B,none,bf16,-1,25,2.327946662902832,2047,False,0.0
llama32_3b,unsloth/Llama-3.2-3B,none,bf16,-1,26,2.4166054725646973,2047,False,0.0
llama32_3b,unsloth/Llama-3.2-3B,none,bf16,-1,27,2.216716766357422,2047,False,0.0
llama32_3b,unsloth/Llama-3.2-3B,none,bf16,-1,28,1.9890705347061157,2047,False,0.0
llama32_3b,unsloth/Llama-3.2-3B,none,bf16,-1,29,1.796256184577942,2047,False,0.0
llama32_3b,unsloth/Llama-3.2-3B,none,bf16,-1,30,1.6761308908462524,2047,False,0.0
llama32_3b,unsloth/Llama-3.2-3B,none,bf16,-1,31,1.7096079587936401,2047,False,0.0
llama32_3b,unsloth/Llama-3.2-3B,none,bf16,-1,32,2.0046536922454834,2047,False,0.0
llama32_3b,unsloth/Llama-3.2-3B,none,bf16,-1,33,1.9724562168121338,2047,False,0.0
llama32_3b,unsloth/Llama-3.2-3B,none,bf16,-1,34,2.14935302734375,2047,False,0.0
llama32_3b,unsloth/Llama-3.2-3B,none,bf16,-1,35,1.468401312828064,2047,False,0.0
llama32_3b,unsloth/Llama-3.2-3B,none,bf16,-1,36,1.4374489784240723,2047,False,0.0
llama32_3b,unsloth/Llama-3.2-3B,none,bf16,-1,37,1.4809367656707764,2047,False,0.0
llama32_3b,unsloth/Llama-3.2-3B,none,bf16,-1,38,1.4642419815063477,2047,False,0.0
llama32_3b,unsloth/Llama-3.2-3B,none,bf16,-1,39,1.6596097946166992,2047,False,0.0
llama32_3b,unsloth/Llama-3.2-3B,none,bf16,-1,40,2.2617948055267334,2047,False,0.0
llama32_3b,unsloth/Llama-3.2-3B,none,bf16,-1,41,2.6821632385253906,2047,False,0.0
llama32_3b,unsloth/Llama-3.2-3B,none,bf16,-1,42,2.677431344985962,2047,False,0.0
llama32_3b,unsloth/Llama-3.2-3B,none,bf16,-1,43,2.2995517253875732,2047,False,0.0
llama32_3b,unsloth/Llama-3.2-3B,none,bf16,-1,44,2.2928600311279297,2047,False,0.0
llama32_3b,unsloth/Llama-3.2-3B,none,bf16,-1,45,2.2690839767456055,2047,False,0.0
llama32_3b,unsloth/Llama-3.2-3B,none,bf16,-1,46,2.362253189086914,2047,False,0.0
llama32_3b,unsloth/Llama-3.2-3B,none,bf16,-1,47,2.1525115966796875,2047,False,0.0
llama32_3b,unsloth/Llama-3.2-3B,none,bf16,-1,48,2.0257222652435303,2047,False,0.0
llama32_3b,unsloth/Llama-3.2-3B,none,bf16,-1,49,2.0200743675231934,2047,False,0.0
llama32_3b,unsloth/Llama-3.2-3B,none,bf16,-1,50,1.737009882926941,2047,False,0.0
llama32_3b,unsloth/Llama-3.2-3B,none,bf16,-1,51,1.8338342905044556,2047,False,0.0
llama32_3b,unsloth/Llama-3.2-3B,none,bf16,-1,52,1.6674857139587402,2047,False,0.0
llama32_3b,unsloth/Llama-3.2-3B,none,bf16,-1,53,1.8943290710449219,2047,False,0.0
llama32_3b,unsloth/Llama-3.2-3B,none,bf16,-1,54,1.6217155456542969,2047,False,0.0
llama32_3b,unsloth/Llama-3.2-3B,none,bf16,-1,55,1.5988894701004028,2047,False,0.0
llama32_3b,unsloth/Llama-3.2-3B,none,bf16,-1,56,1.812684416770935,2047,False,0.0
llama32_3b,unsloth/Llama-3.2-3B,none,bf16,-1,57,1.7975555658340454,2047,False,0.0
llama32_3b,unsloth/Llama-3.2-3B,none,bf16,-1,58,2.1730005741119385,2047,False,0.0
llama32_3b,unsloth/Llama-3.2-3B,none,bf16,-1,59,2.3395252227783203,2047,False,0.0
llama32_3b,unsloth/Llama-3.2-3B,none,bf16,-1,60,2.349116086959839,2047,False,0.0
llama32_3b,unsloth/Llama-3.2-3B,none,bf16,-1,61,2.4553310871124268,2047,False,0.0
llama32_3b,unsloth/Llama-3.2-3B,none,bf16,-1,62,1.4989105463027954,2047,False,0.0
llama32_3b,unsloth/Llama-3.2-3B,none,bf16,-1,63,1.8953813314437866,2047,False,0.0
llama32_3b,unsloth/Llama-3.2-3B,qkv_only,identity,20260902,0,1.8387362957000732,2047,False,0.0
llama32_3b,unsloth/Llama-3.2-3B,qkv_only,identity,20260902,1,2.4441208839416504,2047,False,0.0
llama32_3b,unsloth/Llama-3.2-3B,qkv_only,identity,20260902,2,2.5131750106811523,2047,False,0.0
llama32_3b,unsloth/Llama-3.2-3B,qkv_only,identity,20260902,3,2.0250930786132812,2047,False,0.0
llama32_3b,unsloth/Llama-3.2-3B,qkv_only,identity,20260902,4,1.941643476486206,2047,False,0.0
llama32_3b,unsloth/Llama-3.2-3B,qkv_only,identity,20260902,5,1.5628947019577026,2047,False,0.0
llama32_3b,unsloth/Llama-3.2-3B,qkv_only,identity,20260902,6,1.6744329929351807,2047,False,0.0
llama32_3b,unsloth/Llama-3.2-3B,qkv_only,identity,20260902,7,1.9331763982772827,2047,False,0.0
llama32_3b,unsloth/Llama-3.2-3B,qkv_only,identity,20260902,8,2.264216184616089,2047,False,0.0
llama32_3b,unsloth/Llama-3.2-3B,qkv_only,identity,20260902,9,1.9831451177597046,2047,False,0.0
llama32_3b,unsloth/Llama-3.2-3B,qkv_only,identity,20260902,10,1.910391092300415,2047,False,0.0
llama32_3b,unsloth/Llama-3.2-3B,qkv_only,identity,20260902,11,2.255622625350952,2047,False,0.0
llama32_3b,unsloth/Llama-3.2-3B,qkv_only,identity,20260902,12,2.132784128189087,2047,False,0.0
llama32_3b,unsloth/Llama-3.2-3B,qkv_only,identity,20260902,13,2.270144462585449,2047,False,0.0
llama32_3b,unsloth/Llama-3.2-3B,qkv_only,identity,20260902,14,2.2016067504882812,2047,False,0.0
llama32_3b,unsloth/Llama-3.2-3B,qkv_only,identity,20260902,15,2.415034532546997,2047,False,0.0
llama32_3b,unsloth/Llama-3.2-3B,qkv_only,identity,20260902,16,2.1369340419769287,2047,False,0.0
llama32_3b,unsloth/Llama-3.2-3B,qkv_only,identity,20260902,17,2.157489538192749,2047,False,0.0
llama32_3b,unsloth/Llama-3.2-3B,qkv_only,identity,20260902,18,1.965590476989746,2047,False,0.0
llama32_3b,unsloth/Llama-3.2-3B,qkv_only,identity,20260902,19,2.122807741165161,2047,False,0.0
llama32_3b,unsloth/Llama-3.2-3B,qkv_only,identity,20260902,20,2.232614755630493,2047,False,0.0
llama32_3b,unsloth/Llama-3.2-3B,qkv_only,identity,20260902,21,2.165695905685425,2047,False,0.0
llama32_3b,unsloth/Llama-3.2-3B,qkv_only,identity,20260902,22,2.211625337600708,2047,False,0.0
llama32_3b,unsloth/Llama-3.2-3B,qkv_only,identity,20260902,23,2.2584452629089355,2047,False,0.0
llama32_3b,unsloth/Llama-3.2-3B,qkv_only,identity,20260902,24,2.285599946975708,2047,False,0.0
llama32_3b,unsloth/Llama-3.2-3B,qkv_only,identity,20260902,25,2.362661361694336,2047,False,0.0
llama32_3b,unsloth/Llama-3.2-3B,qkv_only,identity,20260902,26,2.4422607421875,2047,False,0.0
llama32_3b,unsloth/Llama-3.2-3B,qkv_only,identity,20260902,27,2.23695969581604,2047,False,0.0
llama32_3b,unsloth/Llama-3.2-3B,qkv_only,identity,20260902,28,2.014350652694702,2047,False,0.0
llama32_3b,unsloth/Llama-3.2-3B,qkv_only,identity,20260902,29,1.8350991010665894,2047,False,0.0
llama32_3b,unsloth/Llama-3.2-3B,qkv_only,identity,20260902,30,1.7039499282836914,2047,False,0.0
llama32_3b,unsloth/Llama-3.2-3B,qkv_only,identity,20260902,31,1.7423155307769775,2047,False,0.0
llama32_3b,unsloth/Llama-3.2-3B,qkv_only,identity,20260902,32,2.0328967571258545,2047,False,0.0
llama32_3b,unsloth/Llama-3.2-3B,qkv_only,identity,20260902,33,1.9957715272903442,2047,False,0.0
llama32_3b,unsloth/Llama-3.2-3B,qkv_only,identity,20260902,34,2.16286039352417,2047,False,0.0
llama32_3b,unsloth/Llama-3.2-3B,qkv_only,identity,20260902,35,1.490698218345642,2047,False,0.0
llama32_3b,unsloth/Llama-3.2-3B,qkv_only,identity,20260902,36,1.4530811309814453,2047,False,0.0
llama32_3b,unsloth/Llama-3.2-3B,qkv_only,identity,20260902,37,1.4836026430130005,2047,False,0.0
llama32_3b,unsloth/Llama-3.2-3B,qkv_only,identity,20260902,38,1.4840353727340698,2047,False,0.0
llama32_3b,unsloth/Llama-3.2-3B,qkv_only,identity,20260902,39,1.6713709831237793,2047,False,0.0
llama32_3b,unsloth/Llama-3.2-3B,qkv_only,identity,20260902,40,2.290116310119629,2047,False,0.0
llama32_3b,unsloth/Llama-3.2-3B,qkv_only,identity,20260902,41,2.7028398513793945,2047,False,0.0
llama32_3b,unsloth/Llama-3.2-3B,qkv_only,identity,20260902,42,2.714160442352295,2047,False,0.0
llama32_3b,unsloth/Llama-3.2-3B,qkv_only,identity,20260902,43,2.3336217403411865,2047,False,0.0
llama32_3b,unsloth/Llama-3.2-3B,qkv_only,identity,20260902,44,2.3224940299987793,2047,False,0.0
llama32_3b,unsloth/Llama-3.2-3B,qkv_only,identity,20260902,45,2.294257879257202,2047,False,0.0
llama32_3b,unsloth/Llama-3.2-3B,qkv_only,identity,20260902,46,2.373849868774414,2047,False,0.0
llama32_3b,unsloth/Llama-3.2-3B,qkv_only,identity,20260902,47,2.168752908706665,2047,False,0.0
llama32_3b,unsloth/Llama-3.2-3B,qkv_only,identity,20260902,48,2.0563113689422607,2047,False,0.0
llama32_3b,unsloth/Llama-3.2-3B,qkv_only,identity,20260902,49,2.037294864654541,2047,False,0.0
llama32_3b,unsloth/Llama-3.2-3B,qkv_only,identity,20260902,50,1.7737281322479248,2047,False,0.0
llama32_3b,unsloth/Llama-3.2-3B,qkv_only,identity,20260902,51,1.852644681930542,2047,False,0.0
llama32_3b,unsloth/Llama-3.2-3B,qkv_only,identity,20260902,52,1.683374047279358,2047,False,0.0
llama32_3b,unsloth/Llama-3.2-3B,qkv_only,identity,20260902,53,1.9031020402908325,2047,False,0.0
llama32_3b,unsloth/Llama-3.2-3B,qkv_only,identity,20260902,54,1.6327061653137207,2047,False,0.0
llama32_3b,unsloth/Llama-3.2-3B,qkv_only,identity,20260902,55,1.618031620979309,2047,False,0.0
llama32_3b,unsloth/Llama-3.2-3B,qkv_only,identity,20260902,56,1.8511545658111572,2047,False,0.0
llama32_3b,unsloth/Llama-3.2-3B,qkv_only,identity,20260902,57,1.8201340436935425,2047,False,0.0
llama32_3b,unsloth/Llama-3.2-3B,qkv_only,identity,20260902,58,2.1873295307159424,2047,False,0.0
llama32_3b,unsloth/Llama-3.2-3B,qkv_only,identity,20260902,59,2.362114667892456,2047,False,0.0
llama32_3b,unsloth/Llama-3.2-3B,qkv_only,identity,20260902,60,2.363764762878418,2047,False,0.0
llama32_3b,unsloth/Llama-3.2-3B,qkv_only,identity,20260902,61,2.4887444972991943,2047,False,0.0
llama32_3b,unsloth/Llama-3.2-3B,qkv_only,identity,20260902,62,1.5252152681350708,2047,False,0.0
llama32_3b,unsloth/Llama-3.2-3B,qkv_only,identity,20260902,63,1.9109567403793335,2047,False,0.0
llama32_3b,unsloth/Llama-3.2-3B,both,identity,20260902,0,1.8849650621414185,2047,False,0.0
llama32_3b,unsloth/Llama-3.2-3B,both,identity,20260902,1,2.492713689804077,2047,False,0.0
llama32_3b,unsloth/Llama-3.2-3B,both,identity,20260902,2,2.5720572471618652,2047,False,0.0
llama32_3b,unsloth/Llama-3.2-3B,both,identity,20260902,3,2.0689990520477295,2047,False,0.0
llama32_3b,unsloth/Llama-3.2-3B,both,identity,20260902,4,1.9910955429077148,2047,False,0.0
llama32_3b,unsloth/Llama-3.2-3B,both,identity,20260902,5,1.6162424087524414,2047,False,0.0
llama32_3b,unsloth/Llama-3.2-3B,both,identity,20260902,6,1.721075177192688,2047,False,0.0
llama32_3b,unsloth/Llama-3.2-3B,both,identity,20260902,7,1.9830470085144043,2047,False,0.0
llama32_3b,unsloth/Llama-3.2-3B,both,identity,20260902,8,2.3280200958251953,2047,False,0.0
llama32_3b,unsloth/Llama-3.2-3B,both,identity,20260902,9,2.0244736671447754,2047,False,0.0
llama32_3b,unsloth/Llama-3.2-3B,both,identity,20260902,10,1.9627519845962524,2047,False,0.0
llama32_3b,unsloth/Llama-3.2-3B,both,identity,20260902,11,2.3230161666870117,2047,False,0.0
llama32_3b,unsloth/Llama-3.2-3B,both,identity,20260902,12,2.1701743602752686,2047,False,0.0
llama32_3b,unsloth/Llama-3.2-3B,both,identity,20260902,13,2.318408489227295,2047,False,0.0
llama32_3b,unsloth/Llama-3.2-3B,both,identity,20260902,14,2.2543230056762695,2047,False,0.0
llama32_3b,unsloth/Llama-3.2-3B,both,identity,20260902,15,2.4516916275024414,2047,False,0.0
llama32_3b,unsloth/Llama-3.2-3B,both,identity,20260902,16,2.173799753189087,2047,False,0.0
llama32_3b,unsloth/Llama-3.2-3B,both,identity,20260902,17,2.2111172676086426,2047,False,0.0
llama32_3b,unsloth/Llama-3.2-3B,both,identity,20260902,18,2.022097587585449,2047,False,0.0
llama32_3b,unsloth/Llama-3.2-3B,both,identity,20260902,19,2.1666505336761475,2047,False,0.0
llama32_3b,unsloth/Llama-3.2-3B,both,identity,20260902,20,2.289104700088501,2047,False,0.0
llama32_3b,unsloth/Llama-3.2-3B,both,identity,20260902,21,2.205195426940918,2047,False,0.0
llama32_3b,unsloth/Llama-3.2-3B,both,identity,20260902,22,2.2617604732513428,2047,False,0.0
llama32_3b,unsloth/Llama-3.2-3B,both,identity,20260902,23,2.290083408355713,2047,False,0.0
llama32_3b,unsloth/Llama-3.2-3B,both,identity,20260902,24,2.3444106578826904,2047,False,0.0
llama32_3b,unsloth/Llama-3.2-3B,both,identity,20260902,25,2.393436908721924,2047,False,0.0
llama32_3b,unsloth/Llama-3.2-3B,both,identity,20260902,26,2.4876091480255127,2047,False,0.0
llama32_3b,unsloth/Llama-3.2-3B,both,identity,20260902,27,2.2875468730926514,2047,False,0.0
llama32_3b,unsloth/Llama-3.2-3B,both,identity,20260902,28,2.058523654937744,2047,False,0.0
llama32_3b,unsloth/Llama-3.2-3B,both,identity,20260902,29,1.8796530961990356,2047,False,0.0
llama32_3b,unsloth/Llama-3.2-3B,both,identity,20260902,30,1.7621581554412842,2047,False,0.0
llama32_3b,unsloth/Llama-3.2-3B,both,identity,20260902,31,1.7997695207595825,2047,False,0.0
llama32_3b,unsloth/Llama-3.2-3B,both,identity,20260902,32,2.087265729904175,2047,False,0.0
llama32_3b,unsloth/Llama-3.2-3B,both,identity,20260902,33,2.0475621223449707,2047,False,0.0
llama32_3b,unsloth/Llama-3.2-3B,both,identity,20260902,34,2.1990818977355957,2047,False,0.0
llama32_3b,unsloth/Llama-3.2-3B,both,identity,20260902,35,1.5327200889587402,2047,False,0.0
llama32_3b,unsloth/Llama-3.2-3B,both,identity,20260902,36,1.4821473360061646,2047,False,0.0
llama32_3b,unsloth/Llama-3.2-3B,both,identity,20260902,37,1.5259920358657837,2047,False,0.0
llama32_3b,unsloth/Llama-3.2-3B,both,identity,20260902,38,1.5300946235656738,2047,False,0.0
llama32_3b,unsloth/Llama-3.2-3B,both,identity,20260902,39,1.7148010730743408,2047,False,0.0
llama32_3b,unsloth/Llama-3.2-3B,both,identity,20260902,40,2.3431060314178467,2047,False,0.0
llama32_3b,unsloth/Llama-3.2-3B,both,identity,20260902,41,2.7390618324279785,2047,False,0.0
llama32_3b,unsloth/Llama-3.2-3B,both,identity,20260902,42,2.752553701400757,2047,False,0.0
llama32_3b,unsloth/Llama-3.2-3B,both,identity,20260902,43,2.4008753299713135,2047,False,0.0
llama32_3b,unsloth/Llama-3.2-3B,both,identity,20260902,44,2.363121509552002,2047,False,0.0
llama32_3b,unsloth/Llama-3.2-3B,both,identity,20260902,45,2.3352229595184326,2047,False,0.0
llama32_3b,unsloth/Llama-3.2-3B,both,identity,20260902,46,2.416121006011963,2047,False,0.0
llama32_3b,unsloth/Llama-3.2-3B,both,identity,20260902,47,2.2051806449890137,2047,False,0.0
llama32_3b,unsloth/Llama-3.2-3B,both,identity,20260902,48,2.0994815826416016,2047,False,0.0
llama32_3b,unsloth/Llama-3.2-3B,both,identity,20260902,49,2.0764319896698,2047,False,0.0
llama32_3b,unsloth/Llama-3.2-3B,both,identity,20260902,50,1.833975911140442,2047,False,0.0
llama32_3b,unsloth/Llama-3.2-3B,both,identity,20260902,51,1.8802528381347656,2047,False,0.0
llama32_3b,unsloth/Llama-3.2-3B,both,identity,20260902,52,1.7236506938934326,2047,False,0.0
llama32_3b,unsloth/Llama-3.2-3B,both,identity,20260902,53,1.9395105838775635,2047,False,0.0
llama32_3b,unsloth/Llama-3.2-3B,both,identity,20260902,54,1.6868094205856323,2047,False,0.0
llama32_3b,unsloth/Llama-3.2-3B,both,identity,20260902,55,1.6542537212371826,2047,False,0.0
llama32_3b,unsloth/Llama-3.2-3B,both,identity,20260902,56,1.9207806587219238,2047,False,0.0
llama32_3b,unsloth/Llama-3.2-3B,both,identity,20260902,57,1.860627293586731,2047,False,0.0
llama32_3b,unsloth/Llama-3.2-3B,both,identity,20260902,58,2.238269329071045,2047,False,0.0
llama32_3b,unsloth/Llama-3.2-3B,both,identity,20260902,59,2.4029996395111084,2047,False,0.0
llama32_3b,unsloth/Llama-3.2-3B,both,identity,20260902,60,2.4060897827148438,2047,False,0.0
llama32_3b,unsloth/Llama-3.2-3B,both,identity,20260902,61,2.5329172611236572,2047,False,0.0
llama32_3b,unsloth/Llama-3.2-3B,both,identity,20260902,62,1.5898106098175049,2047,False,0.0
llama32_3b,unsloth/Llama-3.2-3B,both,identity,20260902,63,1.9547514915466309,2047,False,0.0
llama32_3b,unsloth/Llama-3.2-3B,down_only,identity,20260902,0,1.872257113456726,2047,False,0.0
llama32_3b,unsloth/Llama-3.2-3B,down_only,identity,20260902,1,2.4609272480010986,2047,False,0.0
llama32_3b,unsloth/Llama-3.2-3B,down_only,identity,20260902,2,2.537996768951416,2047,False,0.0
llama32_3b,unsloth/Llama-3.2-3B,down_only,identity,20260902,3,2.0521161556243896,2047,False,0.0
llama32_3b,unsloth/Llama-3.2-3B,down_only,identity,20260902,4,1.9807990789413452,2047,False,0.0
llama32_3b,unsloth/Llama-3.2-3B,down_only,identity,20260902,5,1.5872882604599,2047,False,0.0
llama32_3b,unsloth/Llama-3.2-3B,down_only,identity,20260902,6,1.7027665376663208,2047,False,0.0
llama32_3b,unsloth/Llama-3.2-3B,down_only,identity,20260902,7,1.948431134223938,2047,False,0.0
llama32_3b,unsloth/Llama-3.2-3B,down_only,identity,20260902,8,2.293532133102417,2047,False,0.0
llama32_3b,unsloth/Llama-3.2-3B,down_only,identity,20260902,9,2.0049855709075928,2047,False,0.0
llama32_3b,unsloth/Llama-3.2-3B,down_only,identity,20260902,10,1.9288249015808105,2047,False,0.0
llama32_3b,unsloth/Llama-3.2-3B,down_only,identity,20260902,11,2.2779884338378906,2047,False,0.0
llama32_3b,unsloth/Llama-3.2-3B,down_only,identity,20260902,12,2.157172679901123,2047,False,0.0
llama32_3b,unsloth/Llama-3.2-3B,down_only,identity,20260902,13,2.2935516834259033,2047,False,0.0
llama32_3b,unsloth/Llama-3.2-3B,down_only,identity,20260902,14,2.230865716934204,2047,False,0.0
llama32_3b,unsloth/Llama-3.2-3B,down_only,identity,20260902,15,2.4251084327697754,2047,False,0.0
llama32_3b,unsloth/Llama-3.2-3B,down_only,identity,20260902,16,2.1732401847839355,2047,False,0.0
llama32_3b,unsloth/Llama-3.2-3B,down_only,identity,20260902,17,2.181666851043701,2047,False,0.0
llama32_3b,unsloth/Llama-3.2-3B,down_only,identity,20260902,18,1.9847967624664307,2047,False,0.0
llama32_3b,unsloth/Llama-3.2-3B,down_only,identity,20260902,19,2.1433258056640625,2047,False,0.0
llama32_3b,unsloth/Llama-3.2-3B,down_only,identity,20260902,20,2.268878936767578,2047,False,0.0
llama32_3b,unsloth/Llama-3.2-3B,down_only,identity,20260902,21,2.1971678733825684,2047,False,0.0
llama32_3b,unsloth/Llama-3.2-3B,down_only,identity,20260902,22,2.2442467212677,2047,False,0.0
llama32_3b,unsloth/Llama-3.2-3B,down_only,identity,20260902,23,2.272864580154419,2047,False,0.0
llama32_3b,unsloth/Llama-3.2-3B,down_only,identity,20260902,24,2.30611515045166,2047,False,0.0
llama32_3b,unsloth/Llama-3.2-3B,down_only,identity,20260902,25,2.3787121772766113,2047,False,0.0
llama32_3b,unsloth/Llama-3.2-3B,down_only,identity,20260902,26,2.4489264488220215,2047,False,0.0
llama32_3b,unsloth/Llama-3.2-3B,down_only,identity,20260902,27,2.2584729194641113,2047,False,0.0
llama32_3b,unsloth/Llama-3.2-3B,down_only,identity,20260902,28,2.0335328578948975,2047,False,0.0
llama32_3b,unsloth/Llama-3.2-3B,down_only,identity,20260902,29,1.8323609828948975,2047,False,0.0
llama32_3b,unsloth/Llama-3.2-3B,down_only,identity,20260902,30,1.7437098026275635,2047,False,0.0
llama32_3b,unsloth/Llama-3.2-3B,down_only,identity,20260902,31,1.7594984769821167,2047,False,0.0
llama32_3b,unsloth/Llama-3.2-3B,down_only,identity,20260902,32,2.045285701751709,2047,False,0.0
llama32_3b,unsloth/Llama-3.2-3B,down_only,identity,20260902,33,2.0074217319488525,2047,False,0.0
llama32_3b,unsloth/Llama-3.2-3B,down_only,identity,20260902,34,2.1845481395721436,2047,False,0.0
llama32_3b,unsloth/Llama-3.2-3B,down_only,identity,20260902,35,1.487674355506897,2047,False,0.0
llama32_3b,unsloth/Llama-3.2-3B,down_only,identity,20260902,36,1.4765715599060059,2047,False,0.0
llama32_3b,unsloth/Llama-3.2-3B,down_only,identity,20260902,37,1.5015292167663574,2047,False,0.0
llama32_3b,unsloth/Llama-3.2-3B,down_only,identity,20260902,38,1.5076731443405151,2047,False,0.0
llama32_3b,unsloth/Llama-3.2-3B,down_only,identity,20260902,39,1.7072795629501343,2047,False,0.0
llama32_3b,unsloth/Llama-3.2-3B,down_only,identity,20260902,40,2.30700421333313,2047,False,0.0
llama32_3b,unsloth/Llama-3.2-3B,down_only,identity,20260902,41,2.7313385009765625,2047,False,0.0
llama32_3b,unsloth/Llama-3.2-3B,down_only,identity,20260902,42,2.723811149597168,2047,False,0.0
llama32_3b,unsloth/Llama-3.2-3B,down_only,identity,20260902,43,2.3552331924438477,2047,False,0.0
llama32_3b,unsloth/Llama-3.2-3B,down_only,identity,20260902,44,2.3256146907806396,2047,False,0.0
llama32_3b,unsloth/Llama-3.2-3B,down_only,identity,20260902,45,2.308516025543213,2047,False,0.0
llama32_3b,unsloth/Llama-3.2-3B,down_only,identity,20260902,46,2.4002461433410645,2047,False,0.0
llama32_3b,unsloth/Llama-3.2-3B,down_only,identity,20260902,47,2.1782848834991455,2047,False,0.0
llama32_3b,unsloth/Llama-3.2-3B,down_only,identity,20260902,48,2.070402145385742,2047,False,0.0
llama32_3b,unsloth/Llama-3.2-3B,down_only,identity,20260902,49,2.060713529586792,2047,False,0.0
llama32_3b,unsloth/Llama-3.2-3B,down_only,identity,20260902,50,1.7900604009628296,2047,False,0.0
llama32_3b,unsloth/Llama-3.2-3B,down_only,identity,20260902,51,1.8686649799346924,2047,False,0.0
llama32_3b,unsloth/Llama-3.2-3B,down_only,identity,20260902,52,1.719264030456543,2047,False,0.0
llama32_3b,unsloth/Llama-3.2-3B,down_only,identity,20260902,53,1.915850281715393,2047,False,0.0
llama32_3b,unsloth/Llama-3.2-3B,down_only,identity,20260902,54,1.6636340618133545,2047,False,0.0
llama32_3b,unsloth/Llama-3.2-3B,down_only,identity,20260902,55,1.628230094909668,2047,False,0.0
llama32_3b,unsloth/Llama-3.2-3B,down_only,identity,20260902,56,1.8860559463500977,2047,False,0.0
llama32_3b,unsloth/Llama-3.2-3B,down_only,identity,20260902,57,1.8302116394042969,2047,False,0.0
llama32_3b,unsloth/Llama-3.2-3B,down_only,identity,20260902,58,2.1984376907348633,2047,False,0.0
llama32_3b,unsloth/Llama-3.2-3B,down_only,identity,20260902,59,2.3881032466888428,2047,False,0.0
llama32_3b,unsloth/Llama-3.2-3B,down_only,identity,20260902,60,2.3889658451080322,2047,False,0.0
llama32_3b,unsloth/Llama-3.2-3B,down_only,identity,20260902,61,2.5053632259368896,2047,False,0.0
llama32_3b,unsloth/Llama-3.2-3B,down_only,identity,20260902,62,1.54433012008667,2047,False,0.0
llama32_3b,unsloth/Llama-3.2-3B,down_only,identity,20260902,63,1.934669017791748,2047,False,0.0
llama32_3b,unsloth/Llama-3.2-3B,qkv_only,hadamard,20260902,0,1.828092098236084,2047,False,0.0025041678454726934
llama32_3b,unsloth/Llama-3.2-3B,qkv_only,hadamard,20260902,1,2.422860622406006,2047,False,0.0025041678454726934
llama32_3b,unsloth/Llama-3.2-3B,qkv_only,hadamard,20260902,2,2.500025749206543,2047,False,0.0025041678454726934
llama32_3b,unsloth/Llama-3.2-3B,qkv_only,hadamard,20260902,3,2.0164289474487305,2047,False,0.0025041678454726934
llama32_3b,unsloth/Llama-3.2-3B,qkv_only,hadamard,20260902,4,1.9268450736999512,2047,False,0.0025041678454726934
llama32_3b,unsloth/Llama-3.2-3B,qkv_only,hadamard,20260902,5,1.5489118099212646,2047,False,0.0025041678454726934
llama32_3b,unsloth/Llama-3.2-3B,qkv_only,hadamard,20260902,6,1.6629012823104858,2047,False,0.0025041678454726934
llama32_3b,unsloth/Llama-3.2-3B,qkv_only,hadamard,20260902,7,1.9173593521118164,2047,False,0.0025041678454726934
llama32_3b,unsloth/Llama-3.2-3B,qkv_only,hadamard,20260902,8,2.246063232421875,2047,False,0.0025041678454726934
llama32_3b,unsloth/Llama-3.2-3B,qkv_only,hadamard,20260902,9,1.967800259590149,2047,False,0.0025041678454726934
llama32_3b,unsloth/Llama-3.2-3B,qkv_only,hadamard,20260902,10,1.9019856452941895,2047,False,0.0025041678454726934
llama32_3b,unsloth/Llama-3.2-3B,qkv_only,hadamard,20260902,11,2.2473433017730713,2047,False,0.0025041678454726934
llama32_3b,unsloth/Llama-3.2-3B,qkv_only,hadamard,20260902,12,2.108020782470703,2047,False,0.0025041678454726934
llama32_3b,unsloth/Llama-3.2-3B,qkv_only,hadamard,20260902,13,2.272602081298828,2047,False,0.0025041678454726934
llama32_3b,unsloth/Llama-3.2-3B,qkv_only,hadamard,20260902,14,2.19642972946167,2047,False,0.0025041678454726934
llama32_3b,unsloth/Llama-3.2-3B,qkv_only,hadamard,20260902,15,2.404574155807495,2047,False,0.0025041678454726934
llama32_3b,unsloth/Llama-3.2-3B,qkv_only,hadamard,20260902,16,2.123943328857422,2047,False,0.0025041678454726934
llama32_3b,unsloth/Llama-3.2-3B,qkv_only,hadamard,20260902,17,2.142219305038452,2047,False,0.0025041678454726934
llama32_3b,unsloth/Llama-3.2-3B,qkv_only,hadamard,20260902,18,1.9449188709259033,2047,False,0.0025041678454726934
llama32_3b,unsloth/Llama-3.2-3B,qkv_only,hadamard,20260902,19,2.112062931060791,2047,False,0.0025041678454726934
llama32_3b,unsloth/Llama-3.2-3B,qkv_only,hadamard,20260902,20,2.2324717044830322,2047,False,0.0025041678454726934
llama32_3b,unsloth/Llama-3.2-3B,qkv_only,hadamard,20260902,21,2.159647226333618,2047,False,0.0025041678454726934
llama32_3b,unsloth/Llama-3.2-3B,qkv_only,hadamard,20260902,22,2.20548152923584,2047,False,0.0025041678454726934
llama32_3b,unsloth/Llama-3.2-3B,qkv_only,hadamard,20260902,23,2.247147798538208,2047,False,0.0025041678454726934
llama32_3b,unsloth/Llama-3.2-3B,qkv_only,hadamard,20260902,24,2.2700817584991455,2047,False,0.0025041678454726934
llama32_3b,unsloth/Llama-3.2-3B,qkv_only,hadamard,20260902,25,2.3308401107788086,2047,False,0.0025041678454726934
llama32_3b,unsloth/Llama-3.2-3B,qkv_only,hadamard,20260902,26,2.4180800914764404,2047,False,0.0025041678454726934
llama32_3b,unsloth/Llama-3.2-3B,qkv_only,hadamard,20260902,27,2.2182600498199463,2047,False,0.0025041678454726934
llama32_3b,unsloth/Llama-3.2-3B,qkv_only,hadamard,20260902,28,1.9994115829467773,2047,False,0.0025041678454726934
llama32_3b,unsloth/Llama-3.2-3B,qkv_only,hadamard,20260902,29,1.7980910539627075,2047,False,0.0025041678454726934
llama32_3b,unsloth/Llama-3.2-3B,qkv_only,hadamard,20260902,30,1.6846848726272583,2047,False,0.0025041678454726934
llama32_3b,unsloth/Llama-3.2-3B,qkv_only,hadamard,20260902,31,1.714647650718689,2047,False,0.0025041678454726934
llama32_3b,unsloth/Llama-3.2-3B,qkv_only,hadamard,20260902,32,2.0131499767303467,2047,False,0.0025041678454726934
llama32_3b,unsloth/Llama-3.2-3B,qkv_only,hadamard,20260902,33,1.977256178855896,2047,False,0.0025041678454726934
llama32_3b,unsloth/Llama-3.2-3B,qkv_only,hadamard,20260902,34,2.155488967895508,2047,False,0.0025041678454726934
llama32_3b,unsloth/Llama-3.2-3B,qkv_only,hadamard,20260902,35,1.4772331714630127,2047,False,0.0025041678454726934
llama32_3b,unsloth/Llama-3.2-3B,qkv_only,hadamard,20260902,36,1.4377034902572632,2047,False,0.0025041678454726934
llama32_3b,unsloth/Llama-3.2-3B,qkv_only,hadamard,20260902,37,1.4789133071899414,2047,False,0.0025041678454726934
llama32_3b,unsloth/Llama-3.2-3B,qkv_only,hadamard,20260902,38,1.4728339910507202,2047,False,0.0025041678454726934
llama32_3b,unsloth/Llama-3.2-3B,qkv_only,hadamard,20260902,39,1.6586089134216309,2047,False,0.0025041678454726934
llama32_3b,unsloth/Llama-3.2-3B,qkv_only,hadamard,20260902,40,2.268845796585083,2047,False,0.0025041678454726934
llama32_3b,unsloth/Llama-3.2-3B,qkv_only,hadamard,20260902,41,2.687730312347412,2047,False,0.0025041678454726934
llama32_3b,unsloth/Llama-3.2-3B,qkv_only,hadamard,20260902,42,2.6812450885772705,2047,False,0.0025041678454726934
llama32_3b,unsloth/Llama-3.2-3B,qkv_only,hadamard,20260902,43,2.3089234828948975,2047,False,0.0025041678454726934
llama32_3b,unsloth/Llama-3.2-3B,qkv_only,hadamard,20260902,44,2.299311399459839,2047,False,0.0025041678454726934
llama32_3b,unsloth/Llama-3.2-3B,qkv_only,hadamard,20260902,45,2.2819936275482178,2047,False,0.0025041678454726934
llama32_3b,unsloth/Llama-3.2-3B,qkv_only,hadamard,20260902,46,2.3679986000061035,2047,False,0.0025041678454726934
llama32_3b,unsloth/Llama-3.2-3B,qkv_only,hadamard,20260902,47,2.154900550842285,2047,False,0.0025041678454726934
llama32_3b,unsloth/Llama-3.2-3B,qkv_only,hadamard,20260902,48,2.0302419662475586,2047,False,0.0025041678454726934
llama32_3b,unsloth/Llama-3.2-3B,qkv_only,hadamard,20260902,49,2.021743059158325,2047,False,0.0025041678454726934
llama32_3b,unsloth/Llama-3.2-3B,qkv_only,hadamard,20260902,50,1.7472288608551025,2047,False,0.0025041678454726934
llama32_3b,unsloth/Llama-3.2-3B,qkv_only,hadamard,20260902,51,1.834014892578125,2047,False,0.0025041678454726934
llama32_3b,unsloth/Llama-3.2-3B,qkv_only,hadamard,20260902,52,1.673864483833313,2047,False,0.0025041678454726934
llama32_3b,unsloth/Llama-3.2-3B,qkv_only,hadamard,20260902,53,1.8969759941101074,2047,False,0.0025041678454726934
llama32_3b,unsloth/Llama-3.2-3B,qkv_only,hadamard,20260902,54,1.6279447078704834,2047,False,0.0025041678454726934
llama32_3b,unsloth/Llama-3.2-3B,qkv_only,hadamard,20260902,55,1.6013063192367554,2047,False,0.0025041678454726934
llama32_3b,unsloth/Llama-3.2-3B,qkv_only,hadamard,20260902,56,1.828764796257019,2047,False,0.0025041678454726934
llama32_3b,unsloth/Llama-3.2-3B,qkv_only,hadamard,20260902,57,1.8092451095581055,2047,False,0.0025041678454726934
llama32_3b,unsloth/Llama-3.2-3B,qkv_only,hadamard,20260902,58,2.1830151081085205,2047,False,0.0025041678454726934
llama32_3b,unsloth/Llama-3.2-3B,qkv_only,hadamard,20260902,59,2.35219144821167,2047,False,0.0025041678454726934
llama32_3b,unsloth/Llama-3.2-3B,qkv_only,hadamard,20260902,60,2.3611788749694824,2047,False,0.0025041678454726934
llama32_3b,unsloth/Llama-3.2-3B,qkv_only,hadamard,20260902,61,2.4624626636505127,2047,False,0.0025041678454726934
llama32_3b,unsloth/Llama-3.2-3B,qkv_only,hadamard,20260902,62,1.5053611993789673,2047,False,0.0025041678454726934
llama32_3b,unsloth/Llama-3.2-3B,qkv_only,hadamard,20260902,63,1.8989951610565186,2047,False,0.0025041678454726934
llama32_3b,unsloth/Llama-3.2-3B,both,hadamard,20260902,0,1.84187912940979,2047,False,0.0025041678454726934
llama32_3b,unsloth/Llama-3.2-3B,both,hadamard,20260902,1,2.4409053325653076,2047,False,0.0025041678454726934
llama32_3b,unsloth/Llama-3.2-3B,both,hadamard,20260902,2,2.5124189853668213,2047,False,0.0025041678454726934
llama32_3b,unsloth/Llama-3.2-3B,both,hadamard,20260902,3,2.026400327682495,2047,False,0.0025041678454726934
llama32_3b,unsloth/Llama-3.2-3B,both,hadamard,20260902,4,1.9439705610275269,2047,False,0.0025041678454726934
llama32_3b,unsloth/Llama-3.2-3B,both,hadamard,20260902,5,1.5662190914154053,2047,False,0.0025041678454726934
llama32_3b,unsloth/Llama-3.2-3B,both,hadamard,20260902,6,1.6797523498535156,2047,False,0.0025041678454726934
llama32_3b,unsloth/Llama-3.2-3B,both,hadamard,20260902,7,1.935039758682251,2047,False,0.0025041678454726934
llama32_3b,unsloth/Llama-3.2-3B,both,hadamard,20260902,8,2.262913227081299,2047,False,0.0025041678454726934
llama32_3b,unsloth/Llama-3.2-3B,both,hadamard,20260902,9,1.9785593748092651,2047,False,0.0025041678454726934
llama32_3b,unsloth/Llama-3.2-3B,both,hadamard,20260902,10,1.9000869989395142,2047,False,0.0025041678454726934
llama32_3b,unsloth/Llama-3.2-3B,both,hadamard,20260902,11,2.2675812244415283,2047,False,0.0025041678454726934
llama32_3b,unsloth/Llama-3.2-3B,both,hadamard,20260902,12,2.129577875137329,2047,False,0.0025041678454726934
llama32_3b,unsloth/Llama-3.2-3B,both,hadamard,20260902,13,2.280935049057007,2047,False,0.0025041678454726934
llama32_3b,unsloth/Llama-3.2-3B,both,hadamard,20260902,14,2.2140634059906006,2047,False,0.0025041678454726934
llama32_3b,unsloth/Llama-3.2-3B,both,hadamard,20260902,15,2.415869951248169,2047,False,0.0025041678454726934
llama32_3b,unsloth/Llama-3.2-3B,both,hadamard,20260902,16,2.133880376815796,2047,False,0.0025041678454726934
llama32_3b,unsloth/Llama-3.2-3B,both,hadamard,20260902,17,2.146810293197632,2047,False,0.0025041678454726934
llama32_3b,unsloth/Llama-3.2-3B,both,hadamard,20260902,18,1.9672971963882446,2047,False,0.0025041678454726934
llama32_3b,unsloth/Llama-3.2-3B,both,hadamard,20260902,19,2.1189026832580566,2047,False,0.0025041678454726934
llama32_3b,unsloth/Llama-3.2-3B,both,hadamard,20260902,20,2.239511728286743,2047,False,0.0025041678454726934
llama32_3b,unsloth/Llama-3.2-3B,both,hadamard,20260902,21,2.1691999435424805,2047,False,0.0025041678454726934
llama32_3b,unsloth/Llama-3.2-3B,both,hadamard,20260902,22,2.2242612838745117,2047,False,0.0025041678454726934
llama32_3b,unsloth/Llama-3.2-3B,both,hadamard,20260902,23,2.2535886764526367,2047,False,0.0025041678454726934
llama32_3b,unsloth/Llama-3.2-3B,both,hadamard,20260902,24,2.3012325763702393,2047,False,0.0025041678454726934
llama32_3b,unsloth/Llama-3.2-3B,both,hadamard,20260902,25,2.3500447273254395,2047,False,0.0025041678454726934
llama32_3b,unsloth/Llama-3.2-3B,both,hadamard,20260902,26,2.435373544692993,2047,False,0.0025041678454726934
llama32_3b,unsloth/Llama-3.2-3B,both,hadamard,20260902,27,2.2244973182678223,2047,False,0.0025041678454726934
llama32_3b,unsloth/Llama-3.2-3B,both,hadamard,20260902,28,2.00136137008667,2047,False,0.0025041678454726934
llama32_3b,unsloth/Llama-3.2-3B,both,hadamard,20260902,29,1.8188989162445068,2047,False,0.0025041678454726934
llama32_3b,unsloth/Llama-3.2-3B,both,hadamard,20260902,30,1.7057932615280151,2047,False,0.0025041678454726934
llama32_3b,unsloth/Llama-3.2-3B,both,hadamard,20260902,31,1.7308155298233032,2047,False,0.0025041678454726934
llama32_3b,unsloth/Llama-3.2-3B,both,hadamard,20260902,32,2.022444248199463,2047,False,0.0025041678454726934
llama32_3b,unsloth/Llama-3.2-3B,both,hadamard,20260902,33,1.9839450120925903,2047,False,0.0025041678454726934
llama32_3b,unsloth/Llama-3.2-3B,both,hadamard,20260902,34,2.1647140979766846,2047,False,0.0025041678454726934
llama32_3b,unsloth/Llama-3.2-3B,both,hadamard,20260902,35,1.4778791666030884,2047,False,0.0025041678454726934
llama32_3b,unsloth/Llama-3.2-3B,both,hadamard,20260902,36,1.447704792022705,2047,False,0.0025041678454726934
llama32_3b,unsloth/Llama-3.2-3B,both,hadamard,20260902,37,1.5032248497009277,2047,False,0.0025041678454726934
llama32_3b,unsloth/Llama-3.2-3B,both,hadamard,20260902,38,1.4763407707214355,2047,False,0.0025041678454726934
llama32_3b,unsloth/Llama-3.2-3B,both,hadamard,20260902,39,1.6746424436569214,2047,False,0.0025041678454726934
llama32_3b,unsloth/Llama-3.2-3B,both,hadamard,20260902,40,2.286375045776367,2047,False,0.0025041678454726934
llama32_3b,unsloth/Llama-3.2-3B,both,hadamard,20260902,41,2.7017405033111572,2047,False,0.0025041678454726934
llama32_3b,unsloth/Llama-3.2-3B,both,hadamard,20260902,42,2.696770429611206,2047,False,0.0025041678454726934
llama32_3b,unsloth/Llama-3.2-3B,both,hadamard,20260902,43,2.3218886852264404,2047,False,0.0025041678454726934
llama32_3b,unsloth/Llama-3.2-3B,both,hadamard,20260902,44,2.328014373779297,2047,False,0.0025041678454726934
llama32_3b,unsloth/Llama-3.2-3B,both,hadamard,20260902,45,2.293318748474121,2047,False,0.0025041678454726934
llama32_3b,unsloth/Llama-3.2-3B,both,hadamard,20260902,46,2.3792970180511475,2047,False,0.0025041678454726934
llama32_3b,unsloth/Llama-3.2-3B,both,hadamard,20260902,47,2.173081636428833,2047,False,0.0025041678454726934
llama32_3b,unsloth/Llama-3.2-3B,both,hadamard,20260902,48,2.0424420833587646,2047,False,0.0025041678454726934
llama32_3b,unsloth/Llama-3.2-3B,both,hadamard,20260902,49,2.040365219116211,2047,False,0.0025041678454726934
llama32_3b,unsloth/Llama-3.2-3B,both,hadamard,20260902,50,1.7740157842636108,2047,False,0.0025041678454726934
llama32_3b,unsloth/Llama-3.2-3B,both,hadamard,20260902,51,1.8483513593673706,2047,False,0.0025041678454726934
llama32_3b,unsloth/Llama-3.2-3B,both,hadamard,20260902,52,1.6950974464416504,2047,False,0.0025041678454726934
llama32_3b,unsloth/Llama-3.2-3B,both,hadamard,20260902,53,1.903247594833374,2047,False,0.0025041678454726934
llama32_3b,unsloth/Llama-3.2-3B,both,hadamard,20260902,54,1.6383072137832642,2047,False,0.0025041678454726934
llama32_3b,unsloth/Llama-3.2-3B,both,hadamard,20260902,55,1.6163383722305298,2047,False,0.0025041678454726934
llama32_3b,unsloth/Llama-3.2-3B,both,hadamard,20260902,56,1.8475695848464966,2047,False,0.0025041678454726934
llama32_3b,unsloth/Llama-3.2-3B,both,hadamard,20260902,57,1.8152544498443604,2047,False,0.0025041678454726934
llama32_3b,unsloth/Llama-3.2-3B,both,hadamard,20260902,58,2.201470136642456,2047,False,0.0025041678454726934
llama32_3b,unsloth/Llama-3.2-3B,both,hadamard,20260902,59,2.3662588596343994,2047,False,0.0025041678454726934
llama32_3b,unsloth/Llama-3.2-3B,both,hadamard,20260902,60,2.355729818344116,2047,False,0.0025041678454726934
llama32_3b,unsloth/Llama-3.2-3B,both,hadamard,20260902,61,2.4738855361938477,2047,False,0.0025041678454726934
llama32_3b,unsloth/Llama-3.2-3B,both,hadamard,20260902,62,1.517394781112671,2047,False,0.0025041678454726934
llama32_3b,unsloth/Llama-3.2-3B,both,hadamard,20260902,63,1.909557819366455,2047,False,0.0025041678454726934
llama32_3b,unsloth/Llama-3.2-3B,down_only,hadamard,20260902,0,1.8395432233810425,2047,False,0.0025041678454726934
llama32_3b,unsloth/Llama-3.2-3B,down_only,hadamard,20260902,1,2.427408456802368,2047,False,0.0025041678454726934
llama32_3b,unsloth/Llama-3.2-3B,down_only,hadamard,20260902,2,2.5007500648498535,2047,False,0.0025041678454726934
llama32_3b,unsloth/Llama-3.2-3B,down_only,hadamard,20260902,3,2.0194613933563232,2047,False,0.0025041678454726934
llama32_3b,unsloth/Llama-3.2-3B,down_only,hadamard,20260902,4,1.9339603185653687,2047,False,0.0025041678454726934
llama32_3b,unsloth/Llama-3.2-3B,down_only,hadamard,20260902,5,1.5540664196014404,2047,False,0.0025041678454726934
llama32_3b,unsloth/Llama-3.2-3B,down_only,hadamard,20260902,6,1.6646556854248047,2047,False,0.0025041678454726934
llama32_3b,unsloth/Llama-3.2-3B,down_only,hadamard,20260902,7,1.9163092374801636,2047,False,0.0025041678454726934
llama32_3b,unsloth/Llama-3.2-3B,down_only,hadamard,20260902,8,2.251394271850586,2047,False,0.0025041678454726934
llama32_3b,unsloth/Llama-3.2-3B,down_only,hadamard,20260902,9,1.9726228713989258,2047,False,0.0025041678454726934
llama32_3b,unsloth/Llama-3.2-3B,down_only,hadamard,20260902,10,1.902820110321045,2047,False,0.0025041678454726934
llama32_3b,unsloth/Llama-3.2-3B,down_only,hadamard,20260902,11,2.257908821105957,2047,False,0.0025041678454726934
llama32_3b,unsloth/Llama-3.2-3B,down_only,hadamard,20260902,12,2.126089334487915,2047,False,0.0025041678454726934
llama32_3b,unsloth/Llama-3.2-3B,down_only,hadamard,20260902,13,2.276658535003662,2047,False,0.0025041678454726934
llama32_3b,unsloth/Llama-3.2-3B,down_only,hadamard,20260902,14,2.2016408443450928,2047,False,0.0025041678454726934
llama32_3b,unsloth/Llama-3.2-3B,down_only,hadamard,20260902,15,2.4056928157806396,2047,False,0.0025041678454726934
llama32_3b,unsloth/Llama-3.2-3B,down_only,hadamard,20260902,16,2.13826584815979,2047,False,0.0025041678454726934
llama32_3b,unsloth/Llama-3.2-3B,down_only,hadamard,20260902,17,2.1558520793914795,2047,False,0.0025041678454726934
llama32_3b,unsloth/Llama-3.2-3B,down_only,hadamard,20260902,18,1.9555741548538208,2047,False,0.0025041678454726934
llama32_3b,unsloth/Llama-3.2-3B,down_only,hadamard,20260902,19,2.1127607822418213,2047,False,0.0025041678454726934
llama32_3b,unsloth/Llama-3.2-3B,down_only,hadamard,20260902,20,2.2404229640960693,2047,False,0.0025041678454726934
llama32_3b,unsloth/Llama-3.2-3B,down_only,hadamard,20260902,21,2.162538766860962,2047,False,0.0025041678454726934
llama32_3b,unsloth/Llama-3.2-3B,down_only,hadamard,20260902,22,2.213871955871582,2047,False,0.0025041678454726934
llama32_3b,unsloth/Llama-3.2-3B,down_only,hadamard,20260902,23,2.2513110637664795,2047,False,0.0025041678454726934
llama32_3b,unsloth/Llama-3.2-3B,down_only,hadamard,20260902,24,2.2855374813079834,2047,False,0.0025041678454726934
llama32_3b,unsloth/Llama-3.2-3B,down_only,hadamard,20260902,25,2.341858386993408,2047,False,0.0025041678454726934
llama32_3b,unsloth/Llama-3.2-3B,down_only,hadamard,20260902,26,2.4277827739715576,2047,False,0.0025041678454726934
llama32_3b,unsloth/Llama-3.2-3B,down_only,hadamard,20260902,27,2.22637939453125,2047,False,0.0025041678454726934
llama32_3b,unsloth/Llama-3.2-3B,down_only,hadamard,20260902,28,2.0006279945373535,2047,False,0.0025041678454726934
llama32_3b,unsloth/Llama-3.2-3B,down_only,hadamard,20260902,29,1.8048217296600342,2047,False,0.0025041678454726934
llama32_3b,unsloth/Llama-3.2-3B,down_only,hadamard,20260902,30,1.6893494129180908,2047,False,0.0025041678454726934
llama32_3b,unsloth/Llama-3.2-3B,down_only,hadamard,20260902,31,1.7252024412155151,2047,False,0.0025041678454726934
llama32_3b,unsloth/Llama-3.2-3B,down_only,hadamard,20260902,32,2.0300354957580566,2047,False,0.0025041678454726934
llama32_3b,unsloth/Llama-3.2-3B,down_only,hadamard,20260902,33,1.984561562538147,2047,False,0.0025041678454726934
llama32_3b,unsloth/Llama-3.2-3B,down_only,hadamard,20260902,34,2.148725748062134,2047,False,0.0025041678454726934
llama32_3b,unsloth/Llama-3.2-3B,down_only,hadamard,20260902,35,1.475009560585022,2047,False,0.0025041678454726934
llama32_3b,unsloth/Llama-3.2-3B,down_only,hadamard,20260902,36,1.4525847434997559,2047,False,0.0025041678454726934
llama32_3b,unsloth/Llama-3.2-3B,down_only,hadamard,20260902,37,1.4873573780059814,2047,False,0.0025041678454726934
llama32_3b,unsloth/Llama-3.2-3B,down_only,hadamard,20260902,38,1.4713120460510254,2047,False,0.0025041678454726934
llama32_3b,unsloth/Llama-3.2-3B,down_only,hadamard,20260902,39,1.6692906618118286,2047,False,0.0025041678454726934
llama32_3b,unsloth/Llama-3.2-3B,down_only,hadamard,20260902,40,2.2811193466186523,2047,False,0.0025041678454726934
llama32_3b,unsloth/Llama-3.2-3B,down_only,hadamard,20260902,41,2.6946589946746826,2047,False,0.0025041678454726934
llama32_3b,unsloth/Llama-3.2-3B,down_only,hadamard,20260902,42,2.6862869262695312,2047,False,0.0025041678454726934
llama32_3b,unsloth/Llama-3.2-3B,down_only,hadamard,20260902,43,2.315004587173462,2047,False,0.0025041678454726934
llama32_3b,unsloth/Llama-3.2-3B,down_only,hadamard,20260902,44,2.3128154277801514,2047,False,0.0025041678454726934
llama32_3b,unsloth/Llama-3.2-3B,down_only,hadamard,20260902,45,2.2768070697784424,2047,False,0.0025041678454726934
llama32_3b,unsloth/Llama-3.2-3B,down_only,hadamard,20260902,46,2.3695731163024902,2047,False,0.0025041678454726934
llama32_3b,unsloth/Llama-3.2-3B,down_only,hadamard,20260902,47,2.1631710529327393,2047,False,0.0025041678454726934
llama32_3b,unsloth/Llama-3.2-3B,down_only,hadamard,20260902,48,2.0349628925323486,2047,False,0.0025041678454726934
llama32_3b,unsloth/Llama-3.2-3B,down_only,hadamard,20260902,49,2.0281405448913574,2047,False,0.0025041678454726934
llama32_3b,unsloth/Llama-3.2-3B,down_only,hadamard,20260902,50,1.7616064548492432,2047,False,0.0025041678454726934
llama32_3b,unsloth/Llama-3.2-3B,down_only,hadamard,20260902,51,1.8369336128234863,2047,False,0.0025041678454726934
llama32_3b,unsloth/Llama-3.2-3B,down_only,hadamard,20260902,52,1.6849676370620728,2047,False,0.0025041678454726934
llama32_3b,unsloth/Llama-3.2-3B,down_only,hadamard,20260902,53,1.9097827672958374,2047,False,0.0025041678454726934
llama32_3b,unsloth/Llama-3.2-3B,down_only,hadamard,20260902,54,1.6364704370498657,2047,False,0.0025041678454726934
llama32_3b,unsloth/Llama-3.2-3B,down_only,hadamard,20260902,55,1.6099878549575806,2047,False,0.0025041678454726934
llama32_3b,unsloth/Llama-3.2-3B,down_only,hadamard,20260902,56,1.8343896865844727,2047,False,0.0025041678454726934
llama32_3b,unsloth/Llama-3.2-3B,down_only,hadamard,20260902,57,1.8105403184890747,2047,False,0.0025041678454726934
llama32_3b,unsloth/Llama-3.2-3B,down_only,hadamard,20260902,58,2.183774709701538,2047,False,0.0025041678454726934
llama32_3b,unsloth/Llama-3.2-3B,down_only,hadamard,20260902,59,2.35136342048645,2047,False,0.0025041678454726934
llama32_3b,unsloth/Llama-3.2-3B,down_only,hadamard,20260902,60,2.3599984645843506,2047,False,0.0025041678454726934
llama32_3b,unsloth/Llama-3.2-3B,down_only,hadamard,20260902,61,2.4715471267700195,2047,False,0.0025041678454726934
llama32_3b,unsloth/Llama-3.2-3B,down_only,hadamard,20260902,62,1.5105587244033813,2047,False,0.0025041678454726934
llama32_3b,unsloth/Llama-3.2-3B,down_only,hadamard,20260902,63,1.8972784280776978,2047,False,0.0025041678454726934
llama32_3b,unsloth/Llama-3.2-3B,qkv_only,hadamard,20260903,0,1.8336282968521118,2047,False,0.00241345027461648
llama32_3b,unsloth/Llama-3.2-3B,qkv_only,hadamard,20260903,1,2.4262773990631104,2047,False,0.00241345027461648
llama32_3b,unsloth/Llama-3.2-3B,qkv_only,hadamard,20260903,2,2.4975602626800537,2047,False,0.00241345027461648
llama32_3b,unsloth/Llama-3.2-3B,qkv_only,hadamard,20260903,3,2.013302803039551,2047,False,0.00241345027461648
llama32_3b,unsloth/Llama-3.2-3B,qkv_only,hadamard,20260903,4,1.9243907928466797,2047,False,0.00241345027461648
llama32_3b,unsloth/Llama-3.2-3B,qkv_only,hadamard,20260903,5,1.5509880781173706,2047,False,0.00241345027461648
llama32_3b,unsloth/Llama-3.2-3B,qkv_only,hadamard,20260903,6,1.6709449291229248,2047,False,0.00241345027461648
llama32_3b,unsloth/Llama-3.2-3B,qkv_only,hadamard,20260903,7,1.909409761428833,2047,False,0.00241345027461648
llama32_3b,unsloth/Llama-3.2-3B,qkv_only,hadamard,20260903,8,2.250314235687256,2047,False,0.00241345027461648
llama32_3b,unsloth/Llama-3.2-3B,qkv_only,hadamard,20260903,9,1.970212459564209,2047,False,0.00241345027461648
llama32_3b,unsloth/Llama-3.2-3B,qkv_only,hadamard,20260903,10,1.894400954246521,2047,False,0.00241345027461648
llama32_3b,unsloth/Llama-3.2-3B,qkv_only,hadamard,20260903,11,2.247537851333618,2047,False,0.00241345027461648
llama32_3b,unsloth/Llama-3.2-3B,qkv_only,hadamard,20260903,12,2.1148648262023926,2047,False,0.00241345027461648
llama32_3b,unsloth/Llama-3.2-3B,qkv_only,hadamard,20260903,13,2.2742886543273926,2047,False,0.00241345027461648
llama32_3b,unsloth/Llama-3.2-3B,qkv_only,hadamard,20260903,14,2.193408489227295,2047,False,0.00241345027461648
llama32_3b,unsloth/Llama-3.2-3B,qkv_only,hadamard,20260903,15,2.396474838256836,2047,False,0.00241345027461648
llama32_3b,unsloth/Llama-3.2-3B,qkv_only,hadamard,20260903,16,2.121577024459839,2047,False,0.00241345027461648
llama32_3b,unsloth/Llama-3.2-3B,qkv_only,hadamard,20260903,17,2.1434497833251953,2047,False,0.00241345027461648
llama32_3b,unsloth/Llama-3.2-3B,qkv_only,hadamard,20260903,18,1.9501328468322754,2047,False,0.00241345027461648
llama32_3b,unsloth/Llama-3.2-3B,qkv_only,hadamard,20260903,19,2.1114938259124756,2047,False,0.00241345027461648
llama32_3b,unsloth/Llama-3.2-3B,qkv_only,hadamard,20260903,20,2.218601703643799,2047,False,0.00241345027461648
llama32_3b,unsloth/Llama-3.2-3B,qkv_only,hadamard,20260903,21,2.1541833877563477,2047,False,0.00241345027461648
llama32_3b,unsloth/Llama-3.2-3B,qkv_only,hadamard,20260903,22,2.207078218460083,2047,False,0.00241345027461648
llama32_3b,unsloth/Llama-3.2-3B,qkv_only,hadamard,20260903,23,2.2428319454193115,2047,False,0.00241345027461648
llama32_3b,unsloth/Llama-3.2-3B,qkv_only,hadamard,20260903,24,2.281149387359619,2047,False,0.00241345027461648
llama32_3b,unsloth/Llama-3.2-3B,qkv_only,hadamard,20260903,25,2.333867073059082,2047,False,0.00241345027461648
llama32_3b,unsloth/Llama-3.2-3B,qkv_only,hadamard,20260903,26,2.422116279602051,2047,False,0.00241345027461648
llama32_3b,unsloth/Llama-3.2-3B,qkv_only,hadamard,20260903,27,2.2195191383361816,2047,False,0.00241345027461648
llama32_3b,unsloth/Llama-3.2-3B,qkv_only,hadamard,20260903,28,1.989803433418274,2047,False,0.00241345027461648
llama32_3b,unsloth/Llama-3.2-3B,qkv_only,hadamard,20260903,29,1.8055630922317505,2047,False,0.00241345027461648
llama32_3b,unsloth/Llama-3.2-3B,qkv_only,hadamard,20260903,30,1.6823548078536987,2047,False,0.00241345027461648
llama32_3b,unsloth/Llama-3.2-3B,qkv_only,hadamard,20260903,31,1.7174404859542847,2047,False,0.00241345027461648
llama32_3b,unsloth/Llama-3.2-3B,qkv_only,hadamard,20260903,32,2.0100085735321045,2047,False,0.00241345027461648
llama32_3b,unsloth/Llama-3.2-3B,qkv_only,hadamard,20260903,33,1.9764422178268433,2047,False,0.00241345027461648
llama32_3b,unsloth/Llama-3.2-3B,qkv_only,hadamard,20260903,34,2.152686834335327,2047,False,0.00241345027461648
llama32_3b,unsloth/Llama-3.2-3B,qkv_only,hadamard,20260903,35,1.4724282026290894,2047,False,0.00241345027461648
llama32_3b,unsloth/Llama-3.2-3B,qkv_only,hadamard,20260903,36,1.4368458986282349,2047,False,0.00241345027461648
llama32_3b,unsloth/Llama-3.2-3B,qkv_only,hadamard,20260903,37,1.485186219215393,2047,False,0.00241345027461648
llama32_3b,unsloth/Llama-3.2-3B,qkv_only,hadamard,20260903,38,1.4676192998886108,2047,False,0.00241345027461648
llama32_3b,unsloth/Llama-3.2-3B,qkv_only,hadamard,20260903,39,1.6651891469955444,2047,False,0.00241345027461648
llama32_3b,unsloth/Llama-3.2-3B,qkv_only,hadamard,20260903,40,2.271745443344116,2047,False,0.00241345027461648
llama32_3b,unsloth/Llama-3.2-3B,qkv_only,hadamard,20260903,41,2.686660051345825,2047,False,0.00241345027461648
llama32_3b,unsloth/Llama-3.2-3B,qkv_only,hadamard,20260903,42,2.684354305267334,2047,False,0.00241345027461648
llama32_3b,unsloth/Llama-3.2-3B,qkv_only,hadamard,20260903,43,2.301757335662842,2047,False,0.00241345027461648
llama32_3b,unsloth/Llama-3.2-3B,qkv_only,hadamard,20260903,44,2.3016695976257324,2047,False,0.00241345027461648
llama32_3b,unsloth/Llama-3.2-3B,qkv_only,hadamard,20260903,45,2.2704482078552246,2047,False,0.00241345027461648
llama32_3b,unsloth/Llama-3.2-3B,qkv_only,hadamard,20260903,46,2.3676700592041016,2047,False,0.00241345027461648
llama32_3b,unsloth/Llama-3.2-3B,qkv_only,hadamard,20260903,47,2.1546003818511963,2047,False,0.00241345027461648
llama32_3b,unsloth/Llama-3.2-3B,qkv_only,hadamard,20260903,48,2.0318949222564697,2047,False,0.00241345027461648
llama32_3b,unsloth/Llama-3.2-3B,qkv_only,hadamard,20260903,49,2.020530939102173,2047,False,0.00241345027461648
llama32_3b,unsloth/Llama-3.2-3B,qkv_only,hadamard,20260903,50,1.7477068901062012,2047,False,0.00241345027461648
llama32_3b,unsloth/Llama-3.2-3B,qkv_only,hadamard,20260903,51,1.8343639373779297,2047,False,0.00241345027461648
llama32_3b,unsloth/Llama-3.2-3B,qkv_only,hadamard,20260903,52,1.6721757650375366,2047,False,0.00241345027461648
llama32_3b,unsloth/Llama-3.2-3B,qkv_only,hadamard,20260903,53,1.894368290901184,2047,False,0.00241345027461648
llama32_3b,unsloth/Llama-3.2-3B,qkv_only,hadamard,20260903,54,1.6261149644851685,2047,False,0.00241345027461648
llama32_3b,unsloth/Llama-3.2-3B,qkv_only,hadamard,20260903,55,1.6050519943237305,2047,False,0.00241345027461648
llama32_3b,unsloth/Llama-3.2-3B,qkv_only,hadamard,20260903,56,1.8238588571548462,2047,False,0.00241345027461648
llama32_3b,unsloth/Llama-3.2-3B,qkv_only,hadamard,20260903,57,1.8057209253311157,2047,False,0.00241345027461648
llama32_3b,unsloth/Llama-3.2-3B,qkv_only,hadamard,20260903,58,2.17140793800354,2047,False,0.00241345027461648
llama32_3b,unsloth/Llama-3.2-3B,qkv_only,hadamard,20260903,59,2.3493192195892334,2047,False,0.00241345027461648
llama32_3b,unsloth/Llama-3.2-3B,qkv_only,hadamard,20260903,60,2.358551502227783,2047,False,0.00241345027461648
llama32_3b,unsloth/Llama-3.2-3B,qkv_only,hadamard,20260903,61,2.454596757888794,2047,False,0.00241345027461648
llama32_3b,unsloth/Llama-3.2-3B,qkv_only,hadamard,20260903,62,1.50911545753479,2047,False,0.00241345027461648
llama32_3b,unsloth/Llama-3.2-3B,qkv_only,hadamard,20260903,63,1.9004998207092285,2047,False,0.00241345027461648
llama32_3b,unsloth/Llama-3.2-3B,both,hadamard,20260903,0,1.842212200164795,2047,False,0.002490169834345579
llama32_3b,unsloth/Llama-3.2-3B,both,hadamard,20260903,1,2.4398677349090576,2047,False,0.002490169834345579
llama32_3b,unsloth/Llama-3.2-3B,both,hadamard,20260903,2,2.511791467666626,2047,False,0.002490169834345579
llama32_3b,unsloth/Llama-3.2-3B,both,hadamard,20260903,3,2.0324721336364746,2047,False,0.002490169834345579
llama32_3b,unsloth/Llama-3.2-3B,both,hadamard,20260903,4,1.9383131265640259,2047,False,0.002490169834345579
llama32_3b,unsloth/Llama-3.2-3B,both,hadamard,20260903,5,1.5726842880249023,2047,False,0.002490169834345579
llama32_3b,unsloth/Llama-3.2-3B,both,hadamard,20260903,6,1.678044080734253,2047,False,0.002490169834345579
llama32_3b,unsloth/Llama-3.2-3B,both,hadamard,20260903,7,1.924489140510559,2047,False,0.002490169834345579
llama32_3b,unsloth/Llama-3.2-3B,both,hadamard,20260903,8,2.2616865634918213,2047,False,0.002490169834345579
llama32_3b,unsloth/Llama-3.2-3B,both,hadamard,20260903,9,1.9874200820922852,2047,False,0.002490169834345579
llama32_3b,unsloth/Llama-3.2-3B,both,hadamard,20260903,10,1.911607027053833,2047,False,0.002490169834345579
llama32_3b,unsloth/Llama-3.2-3B,both,hadamard,20260903,11,2.2721738815307617,2047,False,0.002490169834345579
llama32_3b,unsloth/Llama-3.2-3B,both,hadamard,20260903,12,2.127967596054077,2047,False,0.002490169834345579
llama32_3b,unsloth/Llama-3.2-3B,both,hadamard,20260903,13,2.2866504192352295,2047,False,0.002490169834345579
llama32_3b,unsloth/Llama-3.2-3B,both,hadamard,20260903,14,2.203381299972534,2047,False,0.002490169834345579
llama32_3b,unsloth/Llama-3.2-3B,both,hadamard,20260903,15,2.414910316467285,2047,False,0.002490169834345579
llama32_3b,unsloth/Llama-3.2-3B,both,hadamard,20260903,16,2.1368799209594727,2047,False,0.002490169834345579
llama32_3b,unsloth/Llama-3.2-3B,both,hadamard,20260903,17,2.165508985519409,2047,False,0.002490169834345579
llama32_3b,unsloth/Llama-3.2-3B,both,hadamard,20260903,18,1.9704269170761108,2047,False,0.002490169834345579
llama32_3b,unsloth/Llama-3.2-3B,both,hadamard,20260903,19,2.1252427101135254,2047,False,0.002490169834345579
llama32_3b,unsloth/Llama-3.2-3B,both,hadamard,20260903,20,2.238813877105713,2047,False,0.002490169834345579
llama32_3b,unsloth/Llama-3.2-3B,both,hadamard,20260903,21,2.175572156906128,2047,False,0.002490169834345579
llama32_3b,unsloth/Llama-3.2-3B,both,hadamard,20260903,22,2.225508689880371,2047,False,0.002490169834345579
llama32_3b,unsloth/Llama-3.2-3B,both,hadamard,20260903,23,2.259671211242676,2047,False,0.002490169834345579
llama32_3b,unsloth/Llama-3.2-3B,both,hadamard,20260903,24,2.298253059387207,2047,False,0.002490169834345579
llama32_3b,unsloth/Llama-3.2-3B,both,hadamard,20260903,25,2.350343942642212,2047,False,0.002490169834345579
llama32_3b,unsloth/Llama-3.2-3B,both,hadamard,20260903,26,2.439542293548584,2047,False,0.002490169834345579
llama32_3b,unsloth/Llama-3.2-3B,both,hadamard,20260903,27,2.234954833984375,2047,False,0.002490169834345579
llama32_3b,unsloth/Llama-3.2-3B,both,hadamard,20260903,28,2.01293683052063,2047,False,0.002490169834345579
llama32_3b,unsloth/Llama-3.2-3B,both,hadamard,20260903,29,1.817202091217041,2047,False,0.002490169834345579
llama32_3b,unsloth/Llama-3.2-3B,both,hadamard,20260903,30,1.7081927061080933,2047,False,0.002490169834345579
llama32_3b,unsloth/Llama-3.2-3B,both,hadamard,20260903,31,1.7347887754440308,2047,False,0.002490169834345579
llama32_3b,unsloth/Llama-3.2-3B,both,hadamard,20260903,32,2.0299830436706543,2047,False,0.002490169834345579
llama32_3b,unsloth/Llama-3.2-3B,both,hadamard,20260903,33,1.9956564903259277,2047,False,0.002490169834345579
llama32_3b,unsloth/Llama-3.2-3B,both,hadamard,20260903,34,2.174999475479126,2047,False,0.002490169834345579
llama32_3b,unsloth/Llama-3.2-3B,both,hadamard,20260903,35,1.4865936040878296,2047,False,0.002490169834345579
llama32_3b,unsloth/Llama-3.2-3B,both,hadamard,20260903,36,1.4508899450302124,2047,False,0.002490169834345579
llama32_3b,unsloth/Llama-3.2-3B,both,hadamard,20260903,37,1.4964288473129272,2047,False,0.002490169834345579
llama32_3b,unsloth/Llama-3.2-3B,both,hadamard,20260903,38,1.475538730621338,2047,False,0.002490169834345579
llama32_3b,unsloth/Llama-3.2-3B,both,hadamard,20260903,39,1.6850377321243286,2047,False,0.002490169834345579
llama32_3b,unsloth/Llama-3.2-3B,both,hadamard,20260903,40,2.2856361865997314,2047,False,0.002490169834345579
llama32_3b,unsloth/Llama-3.2-3B,both,hadamard,20260903,41,2.707628011703491,2047,False,0.002490169834345579
llama32_3b,unsloth/Llama-3.2-3B,both,hadamard,20260903,42,2.6885204315185547,2047,False,0.002490169834345579
llama32_3b,unsloth/Llama-3.2-3B,both,hadamard,20260903,43,2.316941261291504,2047,False,0.002490169834345579
llama32_3b,unsloth/Llama-3.2-3B,both,hadamard,20260903,44,2.3140478134155273,2047,False,0.002490169834345579
llama32_3b,unsloth/Llama-3.2-3B,both,hadamard,20260903,45,2.287168025970459,2047,False,0.002490169834345579
llama32_3b,unsloth/Llama-3.2-3B,both,hadamard,20260903,46,2.378572940826416,2047,False,0.002490169834345579
llama32_3b,unsloth/Llama-3.2-3B,both,hadamard,20260903,47,2.1745362281799316,2047,False,0.002490169834345579
llama32_3b,unsloth/Llama-3.2-3B,both,hadamard,20260903,48,2.051488161087036,2047,False,0.002490169834345579
llama32_3b,unsloth/Llama-3.2-3B,both,hadamard,20260903,49,2.038703203201294,2047,False,0.002490169834345579
llama32_3b,unsloth/Llama-3.2-3B,both,hadamard,20260903,50,1.765599250793457,2047,False,0.002490169834345579
llama32_3b,unsloth/Llama-3.2-3B,both,hadamard,20260903,51,1.8459103107452393,2047,False,0.002490169834345579
llama32_3b,unsloth/Llama-3.2-3B,both,hadamard,20260903,52,1.6954377889633179,2047,False,0.002490169834345579
llama32_3b,unsloth/Llama-3.2-3B,both,hadamard,20260903,53,1.9097695350646973,2047,False,0.002490169834345579
llama32_3b,unsloth/Llama-3.2-3B,both,hadamard,20260903,54,1.6416711807250977,2047,False,0.002490169834345579
llama32_3b,unsloth/Llama-3.2-3B,both,hadamard,20260903,55,1.6103694438934326,2047,False,0.002490169834345579
llama32_3b,unsloth/Llama-3.2-3B,both,hadamard,20260903,56,1.8394423723220825,2047,False,0.002490169834345579
llama32_3b,unsloth/Llama-3.2-3B,both,hadamard,20260903,57,1.813769817352295,2047,False,0.002490169834345579
llama32_3b,unsloth/Llama-3.2-3B,both,hadamard,20260903,58,2.185502767562866,2047,False,0.002490169834345579
llama32_3b,unsloth/Llama-3.2-3B,both,hadamard,20260903,59,2.3635146617889404,2047,False,0.002490169834345579
llama32_3b,unsloth/Llama-3.2-3B,both,hadamard,20260903,60,2.3664398193359375,2047,False,0.002490169834345579
llama32_3b,unsloth/Llama-3.2-3B,both,hadamard,20260903,61,2.478092908859253,2047,False,0.002490169834345579
llama32_3b,unsloth/Llama-3.2-3B,both,hadamard,20260903,62,1.5196480751037598,2047,False,0.002490169834345579
llama32_3b,unsloth/Llama-3.2-3B,both,hadamard,20260903,63,1.9118307828903198,2047,False,0.002490169834345579
llama32_3b,unsloth/Llama-3.2-3B,down_only,hadamard,20260903,0,1.8360520601272583,2047,False,0.002490169834345579
llama32_3b,unsloth/Llama-3.2-3B,down_only,hadamard,20260903,1,2.4252121448516846,2047,False,0.002490169834345579
llama32_3b,unsloth/Llama-3.2-3B,down_only,hadamard,20260903,2,2.513795852661133,2047,False,0.002490169834345579
llama32_3b,unsloth/Llama-3.2-3B,down_only,hadamard,20260903,3,2.0156140327453613,2047,False,0.002490169834345579
llama32_3b,unsloth/Llama-3.2-3B,down_only,hadamard,20260903,4,1.925750970840454,2047,False,0.002490169834345579
llama32_3b,unsloth/Llama-3.2-3B,down_only,hadamard,20260903,5,1.5478627681732178,2047,False,0.002490169834345579
llama32_3b,unsloth/Llama-3.2-3B,down_only,hadamard,20260903,6,1.669836401939392,2047,False,0.002490169834345579
llama32_3b,unsloth/Llama-3.2-3B,down_only,hadamard,20260903,7,1.918127417564392,2047,False,0.002490169834345579
llama32_3b,unsloth/Llama-3.2-3B,down_only,hadamard,20260903,8,2.258202314376831,2047,False,0.002490169834345579
llama32_3b,unsloth/Llama-3.2-3B,down_only,hadamard,20260903,9,1.9806394577026367,2047,False,0.002490169834345579
llama32_3b,unsloth/Llama-3.2-3B,down_only,hadamard,20260903,10,1.9040607213974,2047,False,0.002490169834345579
llama32_3b,unsloth/Llama-3.2-3B,down_only,hadamard,20260903,11,2.262556552886963,2047,False,0.002490169834345579
llama32_3b,unsloth/Llama-3.2-3B,down_only,hadamard,20260903,12,2.1166324615478516,2047,False,0.002490169834345579
llama32_3b,unsloth/Llama-3.2-3B,down_only,hadamard,20260903,13,2.2813472747802734,2047,False,0.002490169834345579
llama32_3b,unsloth/Llama-3.2-3B,down_only,hadamard,20260903,14,2.200745105743408,2047,False,0.002490169834345579
llama32_3b,unsloth/Llama-3.2-3B,down_only,hadamard,20260903,15,2.4041953086853027,2047,False,0.002490169834345579
llama32_3b,unsloth/Llama-3.2-3B,down_only,hadamard,20260903,16,2.132152795791626,2047,False,0.002490169834345579
llama32_3b,unsloth/Llama-3.2-3B,down_only,hadamard,20260903,17,2.145603895187378,2047,False,0.002490169834345579
llama32_3b,unsloth/Llama-3.2-3B,down_only,hadamard,20260903,18,1.9546866416931152,2047,False,0.002490169834345579
llama32_3b,unsloth/Llama-3.2-3B,down_only,hadamard,20260903,19,2.112551212310791,2047,False,0.002490169834345579
llama32_3b,unsloth/Llama-3.2-3B,down_only,hadamard,20260903,20,2.231050968170166,2047,False,0.002490169834345579
llama32_3b,unsloth/Llama-3.2-3B,down_only,hadamard,20260903,21,2.1642568111419678,2047,False,0.002490169834345579
llama32_3b,unsloth/Llama-3.2-3B,down_only,hadamard,20260903,22,2.216089963912964,2047,False,0.002490169834345579
llama32_3b,unsloth/Llama-3.2-3B,down_only,hadamard,20260903,23,2.252645254135132,2047,False,0.002490169834345579
llama32_3b,unsloth/Llama-3.2-3B,down_only,hadamard,20260903,24,2.282119035720825,2047,False,0.002490169834345579
llama32_3b,unsloth/Llama-3.2-3B,down_only,hadamard,20260903,25,2.3408584594726562,2047,False,0.002490169834345579
llama32_3b,unsloth/Llama-3.2-3B,down_only,hadamard,20260903,26,2.42769718170166,2047,False,0.002490169834345579
llama32_3b,unsloth/Llama-3.2-3B,down_only,hadamard,20260903,27,2.226951837539673,2047,False,0.002490169834345579
llama32_3b,unsloth/Llama-3.2-3B,down_only,hadamard,20260903,28,2.009660243988037,2047,False,0.002490169834345579
llama32_3b,unsloth/Llama-3.2-3B,down_only,hadamard,20260903,29,1.8148083686828613,2047,False,0.002490169834345579
llama32_3b,unsloth/Llama-3.2-3B,down_only,hadamard,20260903,30,1.6890099048614502,2047,False,0.002490169834345579
llama32_3b,unsloth/Llama-3.2-3B,down_only,hadamard,20260903,31,1.721835732460022,2047,False,0.002490169834345579
llama32_3b,unsloth/Llama-3.2-3B,down_only,hadamard,20260903,32,2.014261484146118,2047,False,0.002490169834345579
llama32_3b,unsloth/Llama-3.2-3B,down_only,hadamard,20260903,33,1.9767018556594849,2047,False,0.002490169834345579
llama32_3b,unsloth/Llama-3.2-3B,down_only,hadamard,20260903,34,2.1582419872283936,2047,False,0.002490169834345579
llama32_3b,unsloth/Llama-3.2-3B,down_only,hadamard,20260903,35,1.482275128364563,2047,False,0.002490169834345579
llama32_3b,unsloth/Llama-3.2-3B,down_only,hadamard,20260903,36,1.447818636894226,2047,False,0.002490169834345579
llama32_3b,unsloth/Llama-3.2-3B,down_only,hadamard,20260903,37,1.4919607639312744,2047,False,0.002490169834345579
llama32_3b,unsloth/Llama-3.2-3B,down_only,hadamard,20260903,38,1.479111909866333,2047,False,0.002490169834345579
llama32_3b,unsloth/Llama-3.2-3B,down_only,hadamard,20260903,39,1.6717172861099243,2047,False,0.002490169834345579
llama32_3b,unsloth/Llama-3.2-3B,down_only,hadamard,20260903,40,2.274264335632324,2047,False,0.002490169834345579
llama32_3b,unsloth/Llama-3.2-3B,down_only,hadamard,20260903,41,2.6935267448425293,2047,False,0.002490169834345579
llama32_3b,unsloth/Llama-3.2-3B,down_only,hadamard,20260903,42,2.690183401107788,2047,False,0.002490169834345579
llama32_3b,unsloth/Llama-3.2-3B,down_only,hadamard,20260903,43,2.323126792907715,2047,False,0.002490169834345579
llama32_3b,unsloth/Llama-3.2-3B,down_only,hadamard,20260903,44,2.3021140098571777,2047,False,0.002490169834345579
llama32_3b,unsloth/Llama-3.2-3B,down_only,hadamard,20260903,45,2.2764129638671875,2047,False,0.002490169834345579
llama32_3b,unsloth/Llama-3.2-3B,down_only,hadamard,20260903,46,2.3713490962982178,2047,False,0.002490169834345579
llama32_3b,unsloth/Llama-3.2-3B,down_only,hadamard,20260903,47,2.1634910106658936,2047,False,0.002490169834345579
llama32_3b,unsloth/Llama-3.2-3B,down_only,hadamard,20260903,48,2.0355396270751953,2047,False,0.002490169834345579
llama32_3b,unsloth/Llama-3.2-3B,down_only,hadamard,20260903,49,2.037268877029419,2047,False,0.002490169834345579
llama32_3b,unsloth/Llama-3.2-3B,down_only,hadamard,20260903,50,1.7509679794311523,2047,False,0.002490169834345579
llama32_3b,unsloth/Llama-3.2-3B,down_only,hadamard,20260903,51,1.8464165925979614,2047,False,0.002490169834345579
llama32_3b,unsloth/Llama-3.2-3B,down_only,hadamard,20260903,52,1.6846520900726318,2047,False,0.002490169834345579
llama32_3b,unsloth/Llama-3.2-3B,down_only,hadamard,20260903,53,1.9030135869979858,2047,False,0.002490169834345579
llama32_3b,unsloth/Llama-3.2-3B,down_only,hadamard,20260903,54,1.639051079750061,2047,False,0.002490169834345579
llama32_3b,unsloth/Llama-3.2-3B,down_only,hadamard,20260903,55,1.6103520393371582,2047,False,0.002490169834345579
llama32_3b,unsloth/Llama-3.2-3B,down_only,hadamard,20260903,56,1.8294471502304077,2047,False,0.002490169834345579
llama32_3b,unsloth/Llama-3.2-3B,down_only,hadamard,20260903,57,1.8114193677902222,2047,False,0.002490169834345579
llama32_3b,unsloth/Llama-3.2-3B,down_only,hadamard,20260903,58,2.1871821880340576,2047,False,0.002490169834345579
llama32_3b,unsloth/Llama-3.2-3B,down_only,hadamard,20260903,59,2.350508213043213,2047,False,0.002490169834345579
llama32_3b,unsloth/Llama-3.2-3B,down_only,hadamard,20260903,60,2.3652563095092773,2047,False,0.002490169834345579
llama32_3b,unsloth/Llama-3.2-3B,down_only,hadamard,20260903,61,2.4661176204681396,2047,False,0.002490169834345579
llama32_3b,unsloth/Llama-3.2-3B,down_only,hadamard,20260903,62,1.5154715776443481,2047,False,0.002490169834345579
llama32_3b,unsloth/Llama-3.2-3B,down_only,hadamard,20260903,63,1.903140664100647,2047,False,0.002490169834345579
llama32_3b,unsloth/Llama-3.2-3B,qkv_only,hadamard,20260904,0,1.8285298347473145,2047,False,0.002436600159853697
llama32_3b,unsloth/Llama-3.2-3B,qkv_only,hadamard,20260904,1,2.426710844039917,2047,False,0.002436600159853697
llama32_3b,unsloth/Llama-3.2-3B,qkv_only,hadamard,20260904,2,2.4986369609832764,2047,False,0.002436600159853697
llama32_3b,unsloth/Llama-3.2-3B,qkv_only,hadamard,20260904,3,2.0077402591705322,2047,False,0.002436600159853697
llama32_3b,unsloth/Llama-3.2-3B,qkv_only,hadamard,20260904,4,1.9251149892807007,2047,False,0.002436600159853697
llama32_3b,unsloth/Llama-3.2-3B,qkv_only,hadamard,20260904,5,1.5506763458251953,2047,False,0.002436600159853697
llama32_3b,unsloth/Llama-3.2-3B,qkv_only,hadamard,20260904,6,1.6632038354873657,2047,False,0.002436600159853697
llama32_3b,unsloth/Llama-3.2-3B,qkv_only,hadamard,20260904,7,1.9165735244750977,2047,False,0.002436600159853697
llama32_3b,unsloth/Llama-3.2-3B,qkv_only,hadamard,20260904,8,2.242011785507202,2047,False,0.002436600159853697
llama32_3b,unsloth/Llama-3.2-3B,qkv_only,hadamard,20260904,9,1.9722732305526733,2047,False,0.002436600159853697
llama32_3b,unsloth/Llama-3.2-3B,qkv_only,hadamard,20260904,10,1.8966108560562134,2047,False,0.002436600159853697
llama32_3b,unsloth/Llama-3.2-3B,qkv_only,hadamard,20260904,11,2.2493250370025635,2047,False,0.002436600159853697
llama32_3b,unsloth/Llama-3.2-3B,qkv_only,hadamard,20260904,12,2.118281602859497,2047,False,0.002436600159853697
llama32_3b,unsloth/Llama-3.2-3B,qkv_only,hadamard,20260904,13,2.2717247009277344,2047,False,0.002436600159853697
llama32_3b,unsloth/Llama-3.2-3B,qkv_only,hadamard,20260904,14,2.1984481811523438,2047,False,0.002436600159853697
llama32_3b,unsloth/Llama-3.2-3B,qkv_only,hadamard,20260904,15,2.3990142345428467,2047,False,0.002436600159853697
llama32_3b,unsloth/Llama-3.2-3B,qkv_only,hadamard,20260904,16,2.1272823810577393,2047,False,0.002436600159853697
llama32_3b,unsloth/Llama-3.2-3B,qkv_only,hadamard,20260904,17,2.1389453411102295,2047,False,0.002436600159853697
llama32_3b,unsloth/Llama-3.2-3B,qkv_only,hadamard,20260904,18,1.9494110345840454,2047,False,0.002436600159853697
llama32_3b,unsloth/Llama-3.2-3B,qkv_only,hadamard,20260904,19,2.1093947887420654,2047,False,0.002436600159853697
llama32_3b,unsloth/Llama-3.2-3B,qkv_only,hadamard,20260904,20,2.2248611450195312,2047,False,0.002436600159853697
llama32_3b,unsloth/Llama-3.2-3B,qkv_only,hadamard,20260904,21,2.1570286750793457,2047,False,0.002436600159853697
llama32_3b,unsloth/Llama-3.2-3B,qkv_only,hadamard,20260904,22,2.209071636199951,2047,False,0.002436600159853697
llama32_3b,unsloth/Llama-3.2-3B,qkv_only,hadamard,20260904,23,2.243654251098633,2047,False,0.002436600159853697
llama32_3b,unsloth/Llama-3.2-3B,qkv_only,hadamard,20260904,24,2.284968852996826,2047,False,0.002436600159853697
llama32_3b,unsloth/Llama-3.2-3B,qkv_only,hadamard,20260904,25,2.3348686695098877,2047,False,0.002436600159853697
llama32_3b,unsloth/Llama-3.2-3B,qkv_only,hadamard,20260904,26,2.428872585296631,2047,False,0.002436600159853697
llama32_3b,unsloth/Llama-3.2-3B,qkv_only,hadamard,20260904,27,2.2175159454345703,2047,False,0.002436600159853697
llama32_3b,unsloth/Llama-3.2-3B,qkv_only,hadamard,20260904,28,1.9912774562835693,2047,False,0.002436600159853697
llama32_3b,unsloth/Llama-3.2-3B,qkv_only,hadamard,20260904,29,1.8033711910247803,2047,False,0.002436600159853697
llama32_3b,unsloth/Llama-3.2-3B,qkv_only,hadamard,20260904,30,1.6802102327346802,2047,False,0.002436600159853697
llama32_3b,unsloth/Llama-3.2-3B,qkv_only,hadamard,20260904,31,1.7190780639648438,2047,False,0.002436600159853697
llama32_3b,unsloth/Llama-3.2-3B,qkv_only,hadamard,20260904,32,2.0095221996307373,2047,False,0.002436600159853697
llama32_3b,unsloth/Llama-3.2-3B,qkv_only,hadamard,20260904,33,1.980475664138794,2047,False,0.002436600159853697
llama32_3b,unsloth/Llama-3.2-3B,qkv_only,hadamard,20260904,34,2.1534013748168945,2047,False,0.002436600159853697
llama32_3b,unsloth/Llama-3.2-3B,qkv_only,hadamard,20260904,35,1.4726598262786865,2047,False,0.002436600159853697
llama32_3b,unsloth/Llama-3.2-3B,qkv_only,hadamard,20260904,36,1.4343371391296387,2047,False,0.002436600159853697
llama32_3b,unsloth/Llama-3.2-3B,qkv_only,hadamard,20260904,37,1.4866020679473877,2047,False,0.002436600159853697
llama32_3b,unsloth/Llama-3.2-3B,qkv_only,hadamard,20260904,38,1.4681216478347778,2047,False,0.002436600159853697
llama32_3b,unsloth/Llama-3.2-3B,qkv_only,hadamard,20260904,39,1.6635363101959229,2047,False,0.002436600159853697
llama32_3b,unsloth/Llama-3.2-3B,qkv_only,hadamard,20260904,40,2.2672441005706787,2047,False,0.002436600159853697
llama32_3b,unsloth/Llama-3.2-3B,qkv_only,hadamard,20260904,41,2.686135768890381,2047,False,0.002436600159853697
llama32_3b,unsloth/Llama-3.2-3B,qkv_only,hadamard,20260904,42,2.6782774925231934,2047,False,0.002436600159853697
llama32_3b,unsloth/Llama-3.2-3B,qkv_only,hadamard,20260904,43,2.3056206703186035,2047,False,0.002436600159853697
llama32_3b,unsloth/Llama-3.2-3B,qkv_only,hadamard,20260904,44,2.2937426567077637,2047,False,0.002436600159853697
llama32_3b,unsloth/Llama-3.2-3B,qkv_only,hadamard,20260904,45,2.27278208732605,2047,False,0.002436600159853697
llama32_3b,unsloth/Llama-3.2-3B,qkv_only,hadamard,20260904,46,2.3671178817749023,2047,False,0.002436600159853697
llama32_3b,unsloth/Llama-3.2-3B,qkv_only,hadamard,20260904,47,2.156984806060791,2047,False,0.002436600159853697
llama32_3b,unsloth/Llama-3.2-3B,qkv_only,hadamard,20260904,48,2.0310773849487305,2047,False,0.002436600159853697
llama32_3b,unsloth/Llama-3.2-3B,qkv_only,hadamard,20260904,49,2.0296459197998047,2047,False,0.002436600159853697
llama32_3b,unsloth/Llama-3.2-3B,qkv_only,hadamard,20260904,50,1.7417733669281006,2047,False,0.002436600159853697
llama32_3b,unsloth/Llama-3.2-3B,qkv_only,hadamard,20260904,51,1.8318543434143066,2047,False,0.002436600159853697
llama32_3b,unsloth/Llama-3.2-3B,qkv_only,hadamard,20260904,52,1.6713190078735352,2047,False,0.002436600159853697
llama32_3b,unsloth/Llama-3.2-3B,qkv_only,hadamard,20260904,53,1.8930410146713257,2047,False,0.002436600159853697
llama32_3b,unsloth/Llama-3.2-3B,qkv_only,hadamard,20260904,54,1.6264127492904663,2047,False,0.002436600159853697
llama32_3b,unsloth/Llama-3.2-3B,qkv_only,hadamard,20260904,55,1.6018747091293335,2047,False,0.002436600159853697
llama32_3b,unsloth/Llama-3.2-3B,qkv_only,hadamard,20260904,56,1.8119885921478271,2047,False,0.002436600159853697
llama32_3b,unsloth/Llama-3.2-3B,qkv_only,hadamard,20260904,57,1.7986708879470825,2047,False,0.002436600159853697
llama32_3b,unsloth/Llama-3.2-3B,qkv_only,hadamard,20260904,58,2.1797351837158203,2047,False,0.002436600159853697
llama32_3b,unsloth/Llama-3.2-3B,qkv_only,hadamard,20260904,59,2.3467612266540527,2047,False,0.002436600159853697
llama32_3b,unsloth/Llama-3.2-3B,qkv_only,hadamard,20260904,60,2.3501029014587402,2047,False,0.002436600159853697
llama32_3b,unsloth/Llama-3.2-3B,qkv_only,hadamard,20260904,61,2.4627890586853027,2047,False,0.002436600159853697
llama32_3b,unsloth/Llama-3.2-3B,qkv_only,hadamard,20260904,62,1.513092279434204,2047,False,0.002436600159853697
llama32_3b,unsloth/Llama-3.2-3B,qkv_only,hadamard,20260904,63,1.9011789560317993,2047,False,0.002436600159853697
llama32_3b,unsloth/Llama-3.2-3B,both,hadamard,20260904,0,1.8452062606811523,2047,False,0.0025404621846973896
llama32_3b,unsloth/Llama-3.2-3B,both,hadamard,20260904,1,2.444619655609131,2047,False,0.0025404621846973896
llama32_3b,unsloth/Llama-3.2-3B,both,hadamard,20260904,2,2.5021355152130127,2047,False,0.0025404621846973896
llama32_3b,unsloth/Llama-3.2-3B,both,hadamard,20260904,3,2.017202138900757,2047,False,0.0025404621846973896
llama32_3b,unsloth/Llama-3.2-3B,both,hadamard,20260904,4,1.931151270866394,2047,False,0.0025404621846973896
llama32_3b,unsloth/Llama-3.2-3B,both,hadamard,20260904,5,1.5623054504394531,2047,False,0.0025404621846973896
llama32_3b,unsloth/Llama-3.2-3B,both,hadamard,20260904,6,1.6717026233673096,2047,False,0.0025404621846973896
llama32_3b,unsloth/Llama-3.2-3B,both,hadamard,20260904,7,1.942081332206726,2047,False,0.0025404621846973896
llama32_3b,unsloth/Llama-3.2-3B,both,hadamard,20260904,8,2.266481876373291,2047,False,0.0025404621846973896
llama32_3b,unsloth/Llama-3.2-3B,both,hadamard,20260904,9,1.987615942955017,2047,False,0.0025404621846973896
llama32_3b,unsloth/Llama-3.2-3B,both,hadamard,20260904,10,1.9102447032928467,2047,False,0.0025404621846973896
llama32_3b,unsloth/Llama-3.2-3B,both,hadamard,20260904,11,2.268580436706543,2047,False,0.0025404621846973896
llama32_3b,unsloth/Llama-3.2-3B,both,hadamard,20260904,12,2.1264710426330566,2047,False,0.0025404621846973896
llama32_3b,unsloth/Llama-3.2-3B,both,hadamard,20260904,13,2.279630422592163,2047,False,0.0025404621846973896
llama32_3b,unsloth/Llama-3.2-3B,both,hadamard,20260904,14,2.1985440254211426,2047,False,0.0025404621846973896
llama32_3b,unsloth/Llama-3.2-3B,both,hadamard,20260904,15,2.4032163619995117,2047,False,0.0025404621846973896
llama32_3b,unsloth/Llama-3.2-3B,both,hadamard,20260904,16,2.1366679668426514,2047,False,0.0025404621846973896
llama32_3b,unsloth/Llama-3.2-3B,both,hadamard,20260904,17,2.1489057540893555,2047,False,0.0025404621846973896
llama32_3b,unsloth/Llama-3.2-3B,both,hadamard,20260904,18,1.9622981548309326,2047,False,0.0025404621846973896
llama32_3b,unsloth/Llama-3.2-3B,both,hadamard,20260904,19,2.1184067726135254,2047,False,0.0025404621846973896
llama32_3b,unsloth/Llama-3.2-3B,both,hadamard,20260904,20,2.2375118732452393,2047,False,0.0025404621846973896
llama32_3b,unsloth/Llama-3.2-3B,both,hadamard,20260904,21,2.1685874462127686,2047,False,0.0025404621846973896
llama32_3b,unsloth/Llama-3.2-3B,both,hadamard,20260904,22,2.2230496406555176,2047,False,0.0025404621846973896
llama32_3b,unsloth/Llama-3.2-3B,both,hadamard,20260904,23,2.2578611373901367,2047,False,0.0025404621846973896
llama32_3b,unsloth/Llama-3.2-3B,both,hadamard,20260904,24,2.3015594482421875,2047,False,0.0025404621846973896
llama32_3b,unsloth/Llama-3.2-3B,both,hadamard,20260904,25,2.351757049560547,2047,False,0.0025404621846973896
llama32_3b,unsloth/Llama-3.2-3B,both,hadamard,20260904,26,2.4410088062286377,2047,False,0.0025404621846973896
llama32_3b,unsloth/Llama-3.2-3B,both,hadamard,20260904,27,2.2376649379730225,2047,False,0.0025404621846973896
llama32_3b,unsloth/Llama-3.2-3B,both,hadamard,20260904,28,2.01190185546875,2047,False,0.0025404621846973896
llama32_3b,unsloth/Llama-3.2-3B,both,hadamard,20260904,29,1.8149163722991943,2047,False,0.0025404621846973896
llama32_3b,unsloth/Llama-3.2-3B,both,hadamard,20260904,30,1.7060315608978271,2047,False,0.0025404621846973896
llama32_3b,unsloth/Llama-3.2-3B,both,hadamard,20260904,31,1.726104497909546,2047,False,0.0025404621846973896
llama32_3b,unsloth/Llama-3.2-3B,both,hadamard,20260904,32,2.0242905616760254,2047,False,0.0025404621846973896
llama32_3b,unsloth/Llama-3.2-3B,both,hadamard,20260904,33,1.9941085577011108,2047,False,0.0025404621846973896
llama32_3b,unsloth/Llama-3.2-3B,both,hadamard,20260904,34,2.1672122478485107,2047,False,0.0025404621846973896
llama32_3b,unsloth/Llama-3.2-3B,both,hadamard,20260904,35,1.4974908828735352,2047,False,0.0025404621846973896
llama32_3b,unsloth/Llama-3.2-3B,both,hadamard,20260904,36,1.4474862813949585,2047,False,0.0025404621846973896
llama32_3b,unsloth/Llama-3.2-3B,both,hadamard,20260904,37,1.4978102445602417,2047,False,0.0025404621846973896
llama32_3b,unsloth/Llama-3.2-3B,both,hadamard,20260904,38,1.4892152547836304,2047,False,0.0025404621846973896
llama32_3b,unsloth/Llama-3.2-3B,both,hadamard,20260904,39,1.6807599067687988,2047,False,0.0025404621846973896
llama32_3b,unsloth/Llama-3.2-3B,both,hadamard,20260904,40,2.2842750549316406,2047,False,0.0025404621846973896
llama32_3b,unsloth/Llama-3.2-3B,both,hadamard,20260904,41,2.6966001987457275,2047,False,0.0025404621846973896
llama32_3b,unsloth/Llama-3.2-3B,both,hadamard,20260904,42,2.702064275741577,2047,False,0.0025404621846973896
llama32_3b,unsloth/Llama-3.2-3B,both,hadamard,20260904,43,2.328439235687256,2047,False,0.0025404621846973896
llama32_3b,unsloth/Llama-3.2-3B,both,hadamard,20260904,44,2.3202896118164062,2047,False,0.0025404621846973896
llama32_3b,unsloth/Llama-3.2-3B,both,hadamard,20260904,45,2.288562059402466,2047,False,0.0025404621846973896
llama32_3b,unsloth/Llama-3.2-3B,both,hadamard,20260904,46,2.3816657066345215,2047,False,0.0025404621846973896
llama32_3b,unsloth/Llama-3.2-3B,both,hadamard,20260904,47,2.166191816329956,2047,False,0.0025404621846973896
llama32_3b,unsloth/Llama-3.2-3B,both,hadamard,20260904,48,2.041130542755127,2047,False,0.0025404621846973896
llama32_3b,unsloth/Llama-3.2-3B,both,hadamard,20260904,49,2.0403130054473877,2047,False,0.0025404621846973896
llama32_3b,unsloth/Llama-3.2-3B,both,hadamard,20260904,50,1.7651758193969727,2047,False,0.0025404621846973896
llama32_3b,unsloth/Llama-3.2-3B,both,hadamard,20260904,51,1.8540318012237549,2047,False,0.0025404621846973896
llama32_3b,unsloth/Llama-3.2-3B,both,hadamard,20260904,52,1.686527967453003,2047,False,0.0025404621846973896
llama32_3b,unsloth/Llama-3.2-3B,both,hadamard,20260904,53,1.9082268476486206,2047,False,0.0025404621846973896
llama32_3b,unsloth/Llama-3.2-3B,both,hadamard,20260904,54,1.6379224061965942,2047,False,0.0025404621846973896
llama32_3b,unsloth/Llama-3.2-3B,both,hadamard,20260904,55,1.6139349937438965,2047,False,0.0025404621846973896
llama32_3b,unsloth/Llama-3.2-3B,both,hadamard,20260904,56,1.828410029411316,2047,False,0.0025404621846973896
llama32_3b,unsloth/Llama-3.2-3B,both,hadamard,20260904,57,1.8158122301101685,2047,False,0.0025404621846973896
llama32_3b,unsloth/Llama-3.2-3B,both,hadamard,20260904,58,2.1893370151519775,2047,False,0.0025404621846973896
llama32_3b,unsloth/Llama-3.2-3B,both,hadamard,20260904,59,2.367396116256714,2047,False,0.0025404621846973896
llama32_3b,unsloth/Llama-3.2-3B,both,hadamard,20260904,60,2.374699831008911,2047,False,0.0025404621846973896
llama32_3b,unsloth/Llama-3.2-3B,both,hadamard,20260904,61,2.4784231185913086,2047,False,0.0025404621846973896
llama32_3b,unsloth/Llama-3.2-3B,both,hadamard,20260904,62,1.5218677520751953,2047,False,0.0025404621846973896
llama32_3b,unsloth/Llama-3.2-3B,both,hadamard,20260904,63,1.9094527959823608,2047,False,0.0025404621846973896
llama32_3b,unsloth/Llama-3.2-3B,down_only,hadamard,20260904,0,1.8337748050689697,2047,False,0.0025404621846973896
llama32_3b,unsloth/Llama-3.2-3B,down_only,hadamard,20260904,1,2.4335665702819824,2047,False,0.0025404621846973896
llama32_3b,unsloth/Llama-3.2-3B,down_only,hadamard,20260904,2,2.5055148601531982,2047,False,0.0025404621846973896
llama32_3b,unsloth/Llama-3.2-3B,down_only,hadamard,20260904,3,2.017977714538574,2047,False,0.0025404621846973896
llama32_3b,unsloth/Llama-3.2-3B,down_only,hadamard,20260904,4,1.9322714805603027,2047,False,0.0025404621846973896
llama32_3b,unsloth/Llama-3.2-3B,down_only,hadamard,20260904,5,1.554075002670288,2047,False,0.0025404621846973896
llama32_3b,unsloth/Llama-3.2-3B,down_only,hadamard,20260904,6,1.6743955612182617,2047,False,0.0025404621846973896
llama32_3b,unsloth/Llama-3.2-3B,down_only,hadamard,20260904,7,1.9298568964004517,2047,False,0.0025404621846973896
llama32_3b,unsloth/Llama-3.2-3B,down_only,hadamard,20260904,8,2.2580597400665283,2047,False,0.0025404621846973896
llama32_3b,unsloth/Llama-3.2-3B,down_only,hadamard,20260904,9,1.9770281314849854,2047,False,0.0025404621846973896
llama32_3b,unsloth/Llama-3.2-3B,down_only,hadamard,20260904,10,1.89841890335083,2047,False,0.0025404621846973896
llama32_3b,unsloth/Llama-3.2-3B,down_only,hadamard,20260904,11,2.256528615951538,2047,False,0.0025404621846973896
llama32_3b,unsloth/Llama-3.2-3B,down_only,hadamard,20260904,12,2.1223485469818115,2047,False,0.0025404621846973896
llama32_3b,unsloth/Llama-3.2-3B,down_only,hadamard,20260904,13,2.283565044403076,2047,False,0.0025404621846973896
llama32_3b,unsloth/Llama-3.2-3B,down_only,hadamard,20260904,14,2.1986873149871826,2047,False,0.0025404621846973896
llama32_3b,unsloth/Llama-3.2-3B,down_only,hadamard,20260904,15,2.4034857749938965,2047,False,0.0025404621846973896
llama32_3b,unsloth/Llama-3.2-3B,down_only,hadamard,20260904,16,2.132713794708252,2047,False,0.0025404621846973896
llama32_3b,unsloth/Llama-3.2-3B,down_only,hadamard,20260904,17,2.145625114440918,2047,False,0.0025404621846973896
llama32_3b,unsloth/Llama-3.2-3B,down_only,hadamard,20260904,18,1.9631308317184448,2047,False,0.0025404621846973896
llama32_3b,unsloth/Llama-3.2-3B,down_only,hadamard,20260904,19,2.117892026901245,2047,False,0.0025404621846973896
llama32_3b,unsloth/Llama-3.2-3B,down_only,hadamard,20260904,20,2.231732130050659,2047,False,0.0025404621846973896
llama32_3b,unsloth/Llama-3.2-3B,down_only,hadamard,20260904,21,2.1614179611206055,2047,False,0.0025404621846973896
llama32_3b,unsloth/Llama-3.2-3B,down_only,hadamard,20260904,22,2.215303659439087,2047,False,0.0025404621846973896
llama32_3b,unsloth/Llama-3.2-3B,down_only,hadamard,20260904,23,2.2493207454681396,2047,False,0.0025404621846973896
llama32_3b,unsloth/Llama-3.2-3B,down_only,hadamard,20260904,24,2.288278341293335,2047,False,0.0025404621846973896
llama32_3b,unsloth/Llama-3.2-3B,down_only,hadamard,20260904,25,2.33963680267334,2047,False,0.0025404621846973896
llama32_3b,unsloth/Llama-3.2-3B,down_only,hadamard,20260904,26,2.4294791221618652,2047,False,0.0025404621846973896
llama32_3b,unsloth/Llama-3.2-3B,down_only,hadamard,20260904,27,2.2228739261627197,2047,False,0.0025404621846973896
llama32_3b,unsloth/Llama-3.2-3B,down_only,hadamard,20260904,28,2.0009140968322754,2047,False,0.0025404621846973896
llama32_3b,unsloth/Llama-3.2-3B,down_only,hadamard,20260904,29,1.8096059560775757,2047,False,0.0025404621846973896
llama32_3b,unsloth/Llama-3.2-3B,down_only,hadamard,20260904,30,1.6984983682632446,2047,False,0.0025404621846973896
llama32_3b,unsloth/Llama-3.2-3B,down_only,hadamard,20260904,31,1.7198832035064697,2047,False,0.0025404621846973896
llama32_3b,unsloth/Llama-3.2-3B,down_only,hadamard,20260904,32,2.0179660320281982,2047,False,0.0025404621846973896
llama32_3b,unsloth/Llama-3.2-3B,down_only,hadamard,20260904,33,1.9753804206848145,2047,False,0.0025404621846973896
llama32_3b,unsloth/Llama-3.2-3B,down_only,hadamard,20260904,34,2.1621127128601074,2047,False,0.0025404621846973896
llama32_3b,unsloth/Llama-3.2-3B,down_only,hadamard,20260904,35,1.473160982131958,2047,False,0.0025404621846973896
llama32_3b,unsloth/Llama-3.2-3B,down_only,hadamard,20260904,36,1.444246530532837,2047,False,0.0025404621846973896
llama32_3b,unsloth/Llama-3.2-3B,down_only,hadamard,20260904,37,1.4922370910644531,2047,False,0.0025404621846973896
llama32_3b,unsloth/Llama-3.2-3B,down_only,hadamard,20260904,38,1.4792450666427612,2047,False,0.0025404621846973896
llama32_3b,unsloth/Llama-3.2-3B,down_only,hadamard,20260904,39,1.6782931089401245,2047,False,0.0025404621846973896
llama32_3b,unsloth/Llama-3.2-3B,down_only,hadamard,20260904,40,2.2704923152923584,2047,False,0.0025404621846973896
llama32_3b,unsloth/Llama-3.2-3B,down_only,hadamard,20260904,41,2.699131965637207,2047,False,0.0025404621846973896
llama32_3b,unsloth/Llama-3.2-3B,down_only,hadamard,20260904,42,2.695066452026367,2047,False,0.0025404621846973896
llama32_3b,unsloth/Llama-3.2-3B,down_only,hadamard,20260904,43,2.3132553100585938,2047,False,0.0025404621846973896
llama32_3b,unsloth/Llama-3.2-3B,down_only,hadamard,20260904,44,2.299123525619507,2047,False,0.0025404621846973896
llama32_3b,unsloth/Llama-3.2-3B,down_only,hadamard,20260904,45,2.275826930999756,2047,False,0.0025404621846973896
llama32_3b,unsloth/Llama-3.2-3B,down_only,hadamard,20260904,46,2.369971513748169,2047,False,0.0025404621846973896
llama32_3b,unsloth/Llama-3.2-3B,down_only,hadamard,20260904,47,2.154160261154175,2047,False,0.0025404621846973896
llama32_3b,unsloth/Llama-3.2-3B,down_only,hadamard,20260904,48,2.042389154434204,2047,False,0.0025404621846973896
llama32_3b,unsloth/Llama-3.2-3B,down_only,hadamard,20260904,49,2.0349628925323486,2047,False,0.0025404621846973896
llama32_3b,unsloth/Llama-3.2-3B,down_only,hadamard,20260904,50,1.7615516185760498,2047,False,0.0025404621846973896
llama32_3b,unsloth/Llama-3.2-3B,down_only,hadamard,20260904,51,1.8445061445236206,2047,False,0.0025404621846973896
llama32_3b,unsloth/Llama-3.2-3B,down_only,hadamard,20260904,52,1.6803969144821167,2047,False,0.0025404621846973896
llama32_3b,unsloth/Llama-3.2-3B,down_only,hadamard,20260904,53,1.9052259922027588,2047,False,0.0025404621846973896
llama32_3b,unsloth/Llama-3.2-3B,down_only,hadamard,20260904,54,1.6393013000488281,2047,False,0.0025404621846973896
llama32_3b,unsloth/Llama-3.2-3B,down_only,hadamard,20260904,55,1.6108849048614502,2047,False,0.0025404621846973896
llama32_3b,unsloth/Llama-3.2-3B,down_only,hadamard,20260904,56,1.8432037830352783,2047,False,0.0025404621846973896
llama32_3b,unsloth/Llama-3.2-3B,down_only,hadamard,20260904,57,1.8097481727600098,2047,False,0.0025404621846973896
llama32_3b,unsloth/Llama-3.2-3B,down_only,hadamard,20260904,58,2.188020944595337,2047,False,0.0025404621846973896
llama32_3b,unsloth/Llama-3.2-3B,down_only,hadamard,20260904,59,2.3572933673858643,2047,False,0.0025404621846973896
llama32_3b,unsloth/Llama-3.2-3B,down_only,hadamard,20260904,60,2.362161636352539,2047,False,0.0025404621846973896
llama32_3b,unsloth/Llama-3.2-3B,down_only,hadamard,20260904,61,2.474151134490967,2047,False,0.0025404621846973896
llama32_3b,unsloth/Llama-3.2-3B,down_only,hadamard,20260904,62,1.5130304098129272,2047,False,0.0025404621846973896
llama32_3b,unsloth/Llama-3.2-3B,down_only,hadamard,20260904,63,1.8964673280715942,2047,False,0.0025404621846973896
llama32_3b,unsloth/Llama-3.2-3B,qkv_only,nar,20260902,0,1.8236327171325684,2047,False,0.00248436676338315
llama32_3b,unsloth/Llama-3.2-3B,qkv_only,nar,20260902,1,2.431577682495117,2047,False,0.00248436676338315
llama32_3b,unsloth/Llama-3.2-3B,qkv_only,nar,20260902,2,2.4930996894836426,2047,False,0.00248436676338315
llama32_3b,unsloth/Llama-3.2-3B,qkv_only,nar,20260902,3,2.0130679607391357,2047,False,0.00248436676338315
llama32_3b,unsloth/Llama-3.2-3B,qkv_only,nar,20260902,4,1.9178048372268677,2047,False,0.00248436676338315
llama32_3b,unsloth/Llama-3.2-3B,qkv_only,nar,20260902,5,1.543896198272705,2047,False,0.00248436676338315
llama32_3b,unsloth/Llama-3.2-3B,qkv_only,nar,20260902,6,1.6674691438674927,2047,False,0.00248436676338315
llama32_3b,unsloth/Llama-3.2-3B,qkv_only,nar,20260902,7,1.9135985374450684,2047,False,0.00248436676338315
llama32_3b,unsloth/Llama-3.2-3B,qkv_only,nar,20260902,8,2.238400936126709,2047,False,0.00248436676338315
llama32_3b,unsloth/Llama-3.2-3B,qkv_only,nar,20260902,9,1.967881202697754,2047,False,0.00248436676338315
llama32_3b,unsloth/Llama-3.2-3B,qkv_only,nar,20260902,10,1.8925434350967407,2047,False,0.00248436676338315
llama32_3b,unsloth/Llama-3.2-3B,qkv_only,nar,20260902,11,2.2499561309814453,2047,False,0.00248436676338315
llama32_3b,unsloth/Llama-3.2-3B,qkv_only,nar,20260902,12,2.108611822128296,2047,False,0.00248436676338315
llama32_3b,unsloth/Llama-3.2-3B,qkv_only,nar,20260902,13,2.2685680389404297,2047,False,0.00248436676338315
llama32_3b,unsloth/Llama-3.2-3B,qkv_only,nar,20260902,14,2.1905548572540283,2047,False,0.00248436676338315
llama32_3b,unsloth/Llama-3.2-3B,qkv_only,nar,20260902,15,2.394817590713501,2047,False,0.00248436676338315
llama32_3b,unsloth/Llama-3.2-3B,qkv_only,nar,20260902,16,2.1221399307250977,2047,False,0.00248436676338315
llama32_3b,unsloth/Llama-3.2-3B,qkv_only,nar,20260902,17,2.1459667682647705,2047,False,0.00248436676338315
llama32_3b,unsloth/Llama-3.2-3B,qkv_only,nar,20260902,18,1.949344515800476,2047,False,0.00248436676338315
llama32_3b,unsloth/Llama-3.2-3B,qkv_only,nar,20260902,19,2.1079959869384766,2047,False,0.00248436676338315
llama32_3b,unsloth/Llama-3.2-3B,qkv_only,nar,20260902,20,2.2255544662475586,2047,False,0.00248436676338315
llama32_3b,unsloth/Llama-3.2-3B,qkv_only,nar,20260902,21,2.156420946121216,2047,False,0.00248436676338315
llama32_3b,unsloth/Llama-3.2-3B,qkv_only,nar,20260902,22,2.206721067428589,2047,False,0.00248436676338315
llama32_3b,unsloth/Llama-3.2-3B,qkv_only,nar,20260902,23,2.2443320751190186,2047,False,0.00248436676338315
llama32_3b,unsloth/Llama-3.2-3B,qkv_only,nar,20260902,24,2.2722012996673584,2047,False,0.00248436676338315
llama32_3b,unsloth/Llama-3.2-3B,qkv_only,nar,20260902,25,2.331906795501709,2047,False,0.00248436676338315
llama32_3b,unsloth/Llama-3.2-3B,qkv_only,nar,20260902,26,2.423928737640381,2047,False,0.00248436676338315
llama32_3b,unsloth/Llama-3.2-3B,qkv_only,nar,20260902,27,2.2166855335235596,2047,False,0.00248436676338315
llama32_3b,unsloth/Llama-3.2-3B,qkv_only,nar,20260902,28,1.9921014308929443,2047,False,0.00248436676338315
llama32_3b,unsloth/Llama-3.2-3B,qkv_only,nar,20260902,29,1.7981330156326294,2047,False,0.00248436676338315
llama32_3b,unsloth/Llama-3.2-3B,qkv_only,nar,20260902,30,1.6811739206314087,2047,False,0.00248436676338315
llama32_3b,unsloth/Llama-3.2-3B,qkv_only,nar,20260902,31,1.7129074335098267,2047,False,0.00248436676338315
llama32_3b,unsloth/Llama-3.2-3B,qkv_only,nar,20260902,32,2.003498077392578,2047,False,0.00248436676338315
llama32_3b,unsloth/Llama-3.2-3B,qkv_only,nar,20260902,33,1.9753645658493042,2047,False,0.00248436676338315
llama32_3b,unsloth/Llama-3.2-3B,qkv_only,nar,20260902,34,2.158682107925415,2047,False,0.00248436676338315
llama32_3b,unsloth/Llama-3.2-3B,qkv_only,nar,20260902,35,1.4703694581985474,2047,False,0.00248436676338315
llama32_3b,unsloth/Llama-3.2-3B,qkv_only,nar,20260902,36,1.4407458305358887,2047,False,0.00248436676338315
llama32_3b,unsloth/Llama-3.2-3B,qkv_only,nar,20260902,37,1.4844657182693481,2047,False,0.00248436676338315
llama32_3b,unsloth/Llama-3.2-3B,qkv_only,nar,20260902,38,1.4674407243728638,2047,False,0.00248436676338315
llama32_3b,unsloth/Llama-3.2-3B,qkv_only,nar,20260902,39,1.6670598983764648,2047,False,0.00248436676338315
llama32_3b,unsloth/Llama-3.2-3B,qkv_only,nar,20260902,40,2.2637710571289062,2047,False,0.00248436676338315
llama32_3b,unsloth/Llama-3.2-3B,qkv_only,nar,20260902,41,2.6848127841949463,2047,False,0.00248436676338315
llama32_3b,unsloth/Llama-3.2-3B,qkv_only,nar,20260902,42,2.6777455806732178,2047,False,0.00248436676338315
llama32_3b,unsloth/Llama-3.2-3B,qkv_only,nar,20260902,43,2.3062000274658203,2047,False,0.00248436676338315
llama32_3b,unsloth/Llama-3.2-3B,qkv_only,nar,20260902,44,2.2993764877319336,2047,False,0.00248436676338315
llama32_3b,unsloth/Llama-3.2-3B,qkv_only,nar,20260902,45,2.2739086151123047,2047,False,0.00248436676338315
llama32_3b,unsloth/Llama-3.2-3B,qkv_only,nar,20260902,46,2.3657119274139404,2047,False,0.00248436676338315
llama32_3b,unsloth/Llama-3.2-3B,qkv_only,nar,20260902,47,2.154930830001831,2047,False,0.00248436676338315
llama32_3b,unsloth/Llama-3.2-3B,qkv_only,nar,20260902,48,2.026806592941284,2047,False,0.00248436676338315
llama32_3b,unsloth/Llama-3.2-3B,qkv_only,nar,20260902,49,2.0219807624816895,2047,False,0.00248436676338315
llama32_3b,unsloth/Llama-3.2-3B,qkv_only,nar,20260902,50,1.7414700984954834,2047,False,0.00248436676338315
llama32_3b,unsloth/Llama-3.2-3B,qkv_only,nar,20260902,51,1.8328988552093506,2047,False,0.00248436676338315
llama32_3b,unsloth/Llama-3.2-3B,qkv_only,nar,20260902,52,1.6709952354431152,2047,False,0.00248436676338315
llama32_3b,unsloth/Llama-3.2-3B,qkv_only,nar,20260902,53,1.898261547088623,2047,False,0.00248436676338315
llama32_3b,unsloth/Llama-3.2-3B,qkv_only,nar,20260902,54,1.6250298023223877,2047,False,0.00248436676338315
llama32_3b,unsloth/Llama-3.2-3B,qkv_only,nar,20260902,55,1.6085628271102905,2047,False,0.00248436676338315
llama32_3b,unsloth/Llama-3.2-3B,qkv_only,nar,20260902,56,1.8220378160476685,2047,False,0.00248436676338315
llama32_3b,unsloth/Llama-3.2-3B,qkv_only,nar,20260902,57,1.8017337322235107,2047,False,0.00248436676338315
llama32_3b,unsloth/Llama-3.2-3B,qkv_only,nar,20260902,58,2.179565191268921,2047,False,0.00248436676338315
llama32_3b,unsloth/Llama-3.2-3B,qkv_only,nar,20260902,59,2.345494270324707,2047,False,0.00248436676338315
llama32_3b,unsloth/Llama-3.2-3B,qkv_only,nar,20260902,60,2.3494908809661865,2047,False,0.00248436676338315
llama32_3b,unsloth/Llama-3.2-3B,qkv_only,nar,20260902,61,2.4582676887512207,2047,False,0.00248436676338315
llama32_3b,unsloth/Llama-3.2-3B,qkv_only,nar,20260902,62,1.5056577920913696,2047,False,0.00248436676338315
llama32_3b,unsloth/Llama-3.2-3B,qkv_only,nar,20260902,63,1.8979768753051758,2047,False,0.00248436676338315
llama32_3b,unsloth/Llama-3.2-3B,both,nar,20260902,0,1.83022940158844,2047,False,0.002726680599153042
llama32_3b,unsloth/Llama-3.2-3B,both,nar,20260902,1,2.428285837173462,2047,False,0.002726680599153042
llama32_3b,unsloth/Llama-3.2-3B,both,nar,20260902,2,2.510592460632324,2047,False,0.002726680599153042
llama32_3b,unsloth/Llama-3.2-3B,both,nar,20260902,3,2.021071195602417,2047,False,0.002726680599153042
llama32_3b,unsloth/Llama-3.2-3B,both,nar,20260902,4,1.9257134199142456,2047,False,0.002726680599153042
llama32_3b,unsloth/Llama-3.2-3B,both,nar,20260902,5,1.5538080930709839,2047,False,0.002726680599153042
llama32_3b,unsloth/Llama-3.2-3B,both,nar,20260902,6,1.6747446060180664,2047,False,0.002726680599153042
llama32_3b,unsloth/Llama-3.2-3B,both,nar,20260902,7,1.922563910484314,2047,False,0.002726680599153042
llama32_3b,unsloth/Llama-3.2-3B,both,nar,20260902,8,2.2515785694122314,2047,False,0.002726680599153042
llama32_3b,unsloth/Llama-3.2-3B,both,nar,20260902,9,1.9746732711791992,2047,False,0.002726680599153042
llama32_3b,unsloth/Llama-3.2-3B,both,nar,20260902,10,1.9039756059646606,2047,False,0.002726680599153042
llama32_3b,unsloth/Llama-3.2-3B,both,nar,20260902,11,2.2570409774780273,2047,False,0.002726680599153042
llama32_3b,unsloth/Llama-3.2-3B,both,nar,20260902,12,2.1189653873443604,2047,False,0.002726680599153042
llama32_3b,unsloth/Llama-3.2-3B,both,nar,20260902,13,2.26896595954895,2047,False,0.002726680599153042
llama32_3b,unsloth/Llama-3.2-3B,both,nar,20260902,14,2.198812246322632,2047,False,0.002726680599153042
llama32_3b,unsloth/Llama-3.2-3B,both,nar,20260902,15,2.4068939685821533,2047,False,0.002726680599153042
llama32_3b,unsloth/Llama-3.2-3B,both,nar,20260902,16,2.129277229309082,2047,False,0.002726680599153042
llama32_3b,unsloth/Llama-3.2-3B,both,nar,20260902,17,2.163710832595825,2047,False,0.002726680599153042
llama32_3b,unsloth/Llama-3.2-3B,both,nar,20260902,18,1.9560117721557617,2047,False,0.002726680599153042
llama32_3b,unsloth/Llama-3.2-3B,both,nar,20260902,19,2.1143007278442383,2047,False,0.002726680599153042
llama32_3b,unsloth/Llama-3.2-3B,both,nar,20260902,20,2.2384250164031982,2047,False,0.002726680599153042
llama32_3b,unsloth/Llama-3.2-3B,both,nar,20260902,21,2.1613121032714844,2047,False,0.002726680599153042
llama32_3b,unsloth/Llama-3.2-3B,both,nar,20260902,22,2.2154347896575928,2047,False,0.002726680599153042
llama32_3b,unsloth/Llama-3.2-3B,both,nar,20260902,23,2.255775213241577,2047,False,0.002726680599153042
llama32_3b,unsloth/Llama-3.2-3B,both,nar,20260902,24,2.274237632751465,2047,False,0.002726680599153042
llama32_3b,unsloth/Llama-3.2-3B,both,nar,20260902,25,2.3400487899780273,2047,False,0.002726680599153042
llama32_3b,unsloth/Llama-3.2-3B,both,nar,20260902,26,2.431807518005371,2047,False,0.002726680599153042
llama32_3b,unsloth/Llama-3.2-3B,both,nar,20260902,27,2.229646682739258,2047,False,0.002726680599153042
llama32_3b,unsloth/Llama-3.2-3B,both,nar,20260902,28,2.005035400390625,2047,False,0.002726680599153042
llama32_3b,unsloth/Llama-3.2-3B,both,nar,20260902,29,1.802232265472412,2047,False,0.002726680599153042
llama32_3b,unsloth/Llama-3.2-3B,both,nar,20260902,30,1.6993952989578247,2047,False,0.002726680599153042
llama32_3b,unsloth/Llama-3.2-3B,both,nar,20260902,31,1.7167236804962158,2047,False,0.002726680599153042
llama32_3b,unsloth/Llama-3.2-3B,both,nar,20260902,32,2.0159900188446045,2047,False,0.002726680599153042
llama32_3b,unsloth/Llama-3.2-3B,both,nar,20260902,33,1.9902503490447998,2047,False,0.002726680599153042
llama32_3b,unsloth/Llama-3.2-3B,both,nar,20260902,34,2.1589038372039795,2047,False,0.002726680599153042
llama32_3b,unsloth/Llama-3.2-3B,both,nar,20260902,35,1.4825681447982788,2047,False,0.002726680599153042
llama32_3b,unsloth/Llama-3.2-3B,both,nar,20260902,36,1.4460817575454712,2047,False,0.002726680599153042
llama32_3b,unsloth/Llama-3.2-3B,both,nar,20260902,37,1.4920051097869873,2047,False,0.002726680599153042
llama32_3b,unsloth/Llama-3.2-3B,both,nar,20260902,38,1.4806880950927734,2047,False,0.002726680599153042
llama32_3b,unsloth/Llama-3.2-3B,both,nar,20260902,39,1.6711714267730713,2047,False,0.002726680599153042
llama32_3b,unsloth/Llama-3.2-3B,both,nar,20260902,40,2.271165609359741,2047,False,0.002726680599153042
llama32_3b,unsloth/Llama-3.2-3B,both,nar,20260902,41,2.692453384399414,2047,False,0.002726680599153042
llama32_3b,unsloth/Llama-3.2-3B,both,nar,20260902,42,2.691345691680908,2047,False,0.002726680599153042
llama32_3b,unsloth/Llama-3.2-3B,both,nar,20260902,43,2.3136110305786133,2047,False,0.002726680599153042
llama32_3b,unsloth/Llama-3.2-3B,both,nar,20260902,44,2.305570363998413,2047,False,0.002726680599153042
llama32_3b,unsloth/Llama-3.2-3B,both,nar,20260902,45,2.2822632789611816,2047,False,0.002726680599153042
llama32_3b,unsloth/Llama-3.2-3B,both,nar,20260902,46,2.367661952972412,2047,False,0.002726680599153042
llama32_3b,unsloth/Llama-3.2-3B,both,nar,20260902,47,2.1665408611297607,2047,False,0.002726680599153042
llama32_3b,unsloth/Llama-3.2-3B,both,nar,20260902,48,2.0372982025146484,2047,False,0.002726680599153042
llama32_3b,unsloth/Llama-3.2-3B,both,nar,20260902,49,2.0394651889801025,2047,False,0.002726680599153042
llama32_3b,unsloth/Llama-3.2-3B,both,nar,20260902,50,1.764657974243164,2047,False,0.002726680599153042
llama32_3b,unsloth/Llama-3.2-3B,both,nar,20260902,51,1.842456579208374,2047,False,0.002726680599153042
llama32_3b,unsloth/Llama-3.2-3B,both,nar,20260902,52,1.6770540475845337,2047,False,0.002726680599153042
llama32_3b,unsloth/Llama-3.2-3B,both,nar,20260902,53,1.9078590869903564,2047,False,0.002726680599153042
llama32_3b,unsloth/Llama-3.2-3B,both,nar,20260902,54,1.6369513273239136,2047,False,0.002726680599153042
llama32_3b,unsloth/Llama-3.2-3B,both,nar,20260902,55,1.6054861545562744,2047,False,0.002726680599153042
llama32_3b,unsloth/Llama-3.2-3B,both,nar,20260902,56,1.8418774604797363,2047,False,0.002726680599153042
llama32_3b,unsloth/Llama-3.2-3B,both,nar,20260902,57,1.8167753219604492,2047,False,0.002726680599153042
llama32_3b,unsloth/Llama-3.2-3B,both,nar,20260902,58,2.1845579147338867,2047,False,0.002726680599153042
llama32_3b,unsloth/Llama-3.2-3B,both,nar,20260902,59,2.3541746139526367,2047,False,0.002726680599153042
llama32_3b,unsloth/Llama-3.2-3B,both,nar,20260902,60,2.3623480796813965,2047,False,0.002726680599153042
llama32_3b,unsloth/Llama-3.2-3B,both,nar,20260902,61,2.460113525390625,2047,False,0.002726680599153042
llama32_3b,unsloth/Llama-3.2-3B,both,nar,20260902,62,1.5190260410308838,2047,False,0.002726680599153042
llama32_3b,unsloth/Llama-3.2-3B,both,nar,20260902,63,1.9045791625976562,2047,False,0.002726680599153042
llama32_3b,unsloth/Llama-3.2-3B,down_only,nar,20260902,0,1.8258846998214722,2047,False,0.002726680599153042
llama32_3b,unsloth/Llama-3.2-3B,down_only,nar,20260902,1,2.428988456726074,2047,False,0.002726680599153042
llama32_3b,unsloth/Llama-3.2-3B,down_only,nar,20260902,2,2.4978771209716797,2047,False,0.002726680599153042
llama32_3b,unsloth/Llama-3.2-3B,down_only,nar,20260902,3,2.0171754360198975,2047,False,0.002726680599153042
llama32_3b,unsloth/Llama-3.2-3B,down_only,nar,20260902,4,1.9247618913650513,2047,False,0.002726680599153042
llama32_3b,unsloth/Llama-3.2-3B,down_only,nar,20260902,5,1.5502047538757324,2047,False,0.002726680599153042
llama32_3b,unsloth/Llama-3.2-3B,down_only,nar,20260902,6,1.6628540754318237,2047,False,0.002726680599153042
llama32_3b,unsloth/Llama-3.2-3B,down_only,nar,20260902,7,1.9114354848861694,2047,False,0.002726680599153042
llama32_3b,unsloth/Llama-3.2-3B,down_only,nar,20260902,8,2.247396469116211,2047,False,0.002726680599153042
llama32_3b,unsloth/Llama-3.2-3B,down_only,nar,20260902,9,1.9720350503921509,2047,False,0.002726680599153042
llama32_3b,unsloth/Llama-3.2-3B,down_only,nar,20260902,10,1.896519422531128,2047,False,0.002726680599153042
llama32_3b,unsloth/Llama-3.2-3B,down_only,nar,20260902,11,2.2491369247436523,2047,False,0.002726680599153042
llama32_3b,unsloth/Llama-3.2-3B,down_only,nar,20260902,12,2.115981101989746,2047,False,0.002726680599153042
llama32_3b,unsloth/Llama-3.2-3B,down_only,nar,20260902,13,2.2655887603759766,2047,False,0.002726680599153042
llama32_3b,unsloth/Llama-3.2-3B,down_only,nar,20260902,14,2.1933281421661377,2047,False,0.002726680599153042
llama32_3b,unsloth/Llama-3.2-3B,down_only,nar,20260902,15,2.395841360092163,2047,False,0.002726680599153042
llama32_3b,unsloth/Llama-3.2-3B,down_only,nar,20260902,16,2.1327309608459473,2047,False,0.002726680599153042
llama32_3b,unsloth/Llama-3.2-3B,down_only,nar,20260902,17,2.1503069400787354,2047,False,0.002726680599153042
llama32_3b,unsloth/Llama-3.2-3B,down_only,nar,20260902,18,1.9566110372543335,2047,False,0.002726680599153042
llama32_3b,unsloth/Llama-3.2-3B,down_only,nar,20260902,19,2.1088078022003174,2047,False,0.002726680599153042
llama32_3b,unsloth/Llama-3.2-3B,down_only,nar,20260902,20,2.2293365001678467,2047,False,0.002726680599153042
llama32_3b,unsloth/Llama-3.2-3B,down_only,nar,20260902,21,2.155440092086792,2047,False,0.002726680599153042
llama32_3b,unsloth/Llama-3.2-3B,down_only,nar,20260902,22,2.2111353874206543,2047,False,0.002726680599153042
llama32_3b,unsloth/Llama-3.2-3B,down_only,nar,20260902,23,2.245647430419922,2047,False,0.002726680599153042
llama32_3b,unsloth/Llama-3.2-3B,down_only,nar,20260902,24,2.274651288986206,2047,False,0.002726680599153042
llama32_3b,unsloth/Llama-3.2-3B,down_only,nar,20260902,25,2.3411872386932373,2047,False,0.002726680599153042
llama32_3b,unsloth/Llama-3.2-3B,down_only,nar,20260902,26,2.4200239181518555,2047,False,0.002726680599153042
llama32_3b,unsloth/Llama-3.2-3B,down_only,nar,20260902,27,2.2232601642608643,2047,False,0.002726680599153042
llama32_3b,unsloth/Llama-3.2-3B,down_only,nar,20260902,28,1.991876244544983,2047,False,0.002726680599153042
llama32_3b,unsloth/Llama-3.2-3B,down_only,nar,20260902,29,1.8026368618011475,2047,False,0.002726680599153042
llama32_3b,unsloth/Llama-3.2-3B,down_only,nar,20260902,30,1.6835527420043945,2047,False,0.002726680599153042
llama32_3b,unsloth/Llama-3.2-3B,down_only,nar,20260902,31,1.7186144590377808,2047,False,0.002726680599153042
llama32_3b,unsloth/Llama-3.2-3B,down_only,nar,20260902,32,2.012958526611328,2047,False,0.002726680599153042
llama32_3b,unsloth/Llama-3.2-3B,down_only,nar,20260902,33,1.978753924369812,2047,False,0.002726680599153042
llama32_3b,unsloth/Llama-3.2-3B,down_only,nar,20260902,34,2.1567249298095703,2047,False,0.002726680599153042
llama32_3b,unsloth/Llama-3.2-3B,down_only,nar,20260902,35,1.4779417514801025,2047,False,0.002726680599153042
llama32_3b,unsloth/Llama-3.2-3B,down_only,nar,20260902,36,1.4404734373092651,2047,False,0.002726680599153042
llama32_3b,unsloth/Llama-3.2-3B,down_only,nar,20260902,37,1.4856871366500854,2047,False,0.002726680599153042
llama32_3b,unsloth/Llama-3.2-3B,down_only,nar,20260902,38,1.469724178314209,2047,False,0.002726680599153042
llama32_3b,unsloth/Llama-3.2-3B,down_only,nar,20260902,39,1.6640801429748535,2047,False,0.002726680599153042
llama32_3b,unsloth/Llama-3.2-3B,down_only,nar,20260902,40,2.2755913734436035,2047,False,0.002726680599153042
llama32_3b,unsloth/Llama-3.2-3B,down_only,nar,20260902,41,2.6926164627075195,2047,False,0.002726680599153042
llama32_3b,unsloth/Llama-3.2-3B,down_only,nar,20260902,42,2.691602945327759,2047,False,0.002726680599153042
llama32_3b,unsloth/Llama-3.2-3B,down_only,nar,20260902,43,2.309964418411255,2047,False,0.002726680599153042
llama32_3b,unsloth/Llama-3.2-3B,down_only,nar,20260902,44,2.294480562210083,2047,False,0.002726680599153042
llama32_3b,unsloth/Llama-3.2-3B,down_only,nar,20260902,45,2.2754666805267334,2047,False,0.002726680599153042
llama32_3b,unsloth/Llama-3.2-3B,down_only,nar,20260902,46,2.3689486980438232,2047,False,0.002726680599153042
llama32_3b,unsloth/Llama-3.2-3B,down_only,nar,20260902,47,2.1568994522094727,2047,False,0.002726680599153042
llama32_3b,unsloth/Llama-3.2-3B,down_only,nar,20260902,48,2.02646541595459,2047,False,0.002726680599153042
llama32_3b,unsloth/Llama-3.2-3B,down_only,nar,20260902,49,2.0321204662323,2047,False,0.002726680599153042
llama32_3b,unsloth/Llama-3.2-3B,down_only,nar,20260902,50,1.7448042631149292,2047,False,0.002726680599153042
llama32_3b,unsloth/Llama-3.2-3B,down_only,nar,20260902,51,1.843026876449585,2047,False,0.002726680599153042
llama32_3b,unsloth/Llama-3.2-3B,down_only,nar,20260902,52,1.6718639135360718,2047,False,0.002726680599153042
llama32_3b,unsloth/Llama-3.2-3B,down_only,nar,20260902,53,1.903169870376587,2047,False,0.002726680599153042
llama32_3b,unsloth/Llama-3.2-3B,down_only,nar,20260902,54,1.6344722509384155,2047,False,0.002726680599153042
llama32_3b,unsloth/Llama-3.2-3B,down_only,nar,20260902,55,1.607192039489746,2047,False,0.002726680599153042
llama32_3b,unsloth/Llama-3.2-3B,down_only,nar,20260902,56,1.8299140930175781,2047,False,0.002726680599153042
llama32_3b,unsloth/Llama-3.2-3B,down_only,nar,20260902,57,1.809065341949463,2047,False,0.002726680599153042
llama32_3b,unsloth/Llama-3.2-3B,down_only,nar,20260902,58,2.1777637004852295,2047,False,0.002726680599153042
llama32_3b,unsloth/Llama-3.2-3B,down_only,nar,20260902,59,2.3476784229278564,2047,False,0.002726680599153042
llama32_3b,unsloth/Llama-3.2-3B,down_only,nar,20260902,60,2.3578295707702637,2047,False,0.002726680599153042
llama32_3b,unsloth/Llama-3.2-3B,down_only,nar,20260902,61,2.464110851287842,2047,False,0.002726680599153042
llama32_3b,unsloth/Llama-3.2-3B,down_only,nar,20260902,62,1.5140342712402344,2047,False,0.002726680599153042
llama32_3b,unsloth/Llama-3.2-3B,down_only,nar,20260902,63,1.9028921127319336,2047,False,0.002726680599153042
llama32_3b,unsloth/Llama-3.2-3B,qkv_only,nar,20260903,0,1.8210190534591675,2047,False,0.0023605148307979107
llama32_3b,unsloth/Llama-3.2-3B,qkv_only,nar,20260903,1,2.4262492656707764,2047,False,0.0023605148307979107
llama32_3b,unsloth/Llama-3.2-3B,qkv_only,nar,20260903,2,2.4977786540985107,2047,False,0.0023605148307979107
llama32_3b,unsloth/Llama-3.2-3B,qkv_only,nar,20260903,3,2.011586904525757,2047,False,0.0023605148307979107
llama32_3b,unsloth/Llama-3.2-3B,qkv_only,nar,20260903,4,1.914086937904358,2047,False,0.0023605148307979107
llama32_3b,unsloth/Llama-3.2-3B,qkv_only,nar,20260903,5,1.541384220123291,2047,False,0.0023605148307979107
llama32_3b,unsloth/Llama-3.2-3B,qkv_only,nar,20260903,6,1.6611204147338867,2047,False,0.0023605148307979107
llama32_3b,unsloth/Llama-3.2-3B,qkv_only,nar,20260903,7,1.9094125032424927,2047,False,0.0023605148307979107
llama32_3b,unsloth/Llama-3.2-3B,qkv_only,nar,20260903,8,2.242734909057617,2047,False,0.0023605148307979107
llama32_3b,unsloth/Llama-3.2-3B,qkv_only,nar,20260903,9,1.9654792547225952,2047,False,0.0023605148307979107
llama32_3b,unsloth/Llama-3.2-3B,qkv_only,nar,20260903,10,1.8951772451400757,2047,False,0.0023605148307979107
llama32_3b,unsloth/Llama-3.2-3B,qkv_only,nar,20260903,11,2.2463276386260986,2047,False,0.0023605148307979107
llama32_3b,unsloth/Llama-3.2-3B,qkv_only,nar,20260903,12,2.1129345893859863,2047,False,0.0023605148307979107
llama32_3b,unsloth/Llama-3.2-3B,qkv_only,nar,20260903,13,2.2663583755493164,2047,False,0.0023605148307979107
llama32_3b,unsloth/Llama-3.2-3B,qkv_only,nar,20260903,14,2.1893773078918457,2047,False,0.0023605148307979107
llama32_3b,unsloth/Llama-3.2-3B,qkv_only,nar,20260903,15,2.396328926086426,2047,False,0.0023605148307979107
llama32_3b,unsloth/Llama-3.2-3B,qkv_only,nar,20260903,16,2.1246144771575928,2047,False,0.0023605148307979107
llama32_3b,unsloth/Llama-3.2-3B,qkv_only,nar,20260903,17,2.137594699859619,2047,False,0.0023605148307979107
llama32_3b,unsloth/Llama-3.2-3B,qkv_only,nar,20260903,18,1.9472182989120483,2047,False,0.0023605148307979107
llama32_3b,unsloth/Llama-3.2-3B,qkv_only,nar,20260903,19,2.1110126972198486,2047,False,0.0023605148307979107
llama32_3b,unsloth/Llama-3.2-3B,qkv_only,nar,20260903,20,2.219693899154663,2047,False,0.0023605148307979107
llama32_3b,unsloth/Llama-3.2-3B,qkv_only,nar,20260903,21,2.1516032218933105,2047,False,0.0023605148307979107
llama32_3b,unsloth/Llama-3.2-3B,qkv_only,nar,20260903,22,2.211318254470825,2047,False,0.0023605148307979107
llama32_3b,unsloth/Llama-3.2-3B,qkv_only,nar,20260903,23,2.2437283992767334,2047,False,0.0023605148307979107
llama32_3b,unsloth/Llama-3.2-3B,qkv_only,nar,20260903,24,2.273427963256836,2047,False,0.0023605148307979107
llama32_3b,unsloth/Llama-3.2-3B,qkv_only,nar,20260903,25,2.328341007232666,2047,False,0.0023605148307979107
llama32_3b,unsloth/Llama-3.2-3B,qkv_only,nar,20260903,26,2.421278476715088,2047,False,0.0023605148307979107
llama32_3b,unsloth/Llama-3.2-3B,qkv_only,nar,20260903,27,2.218993663787842,2047,False,0.0023605148307979107
llama32_3b,unsloth/Llama-3.2-3B,qkv_only,nar,20260903,28,1.9961307048797607,2047,False,0.0023605148307979107
llama32_3b,unsloth/Llama-3.2-3B,qkv_only,nar,20260903,29,1.7982368469238281,2047,False,0.0023605148307979107
llama32_3b,unsloth/Llama-3.2-3B,qkv_only,nar,20260903,30,1.6767017841339111,2047,False,0.0023605148307979107
llama32_3b,unsloth/Llama-3.2-3B,qkv_only,nar,20260903,31,1.7038706541061401,2047,False,0.0023605148307979107
llama32_3b,unsloth/Llama-3.2-3B,qkv_only,nar,20260903,32,2.009608268737793,2047,False,0.0023605148307979107
llama32_3b,unsloth/Llama-3.2-3B,qkv_only,nar,20260903,33,1.9731444120407104,2047,False,0.0023605148307979107
llama32_3b,unsloth/Llama-3.2-3B,qkv_only,nar,20260903,34,2.1496427059173584,2047,False,0.0023605148307979107
llama32_3b,unsloth/Llama-3.2-3B,qkv_only,nar,20260903,35,1.4748716354370117,2047,False,0.0023605148307979107
llama32_3b,unsloth/Llama-3.2-3B,qkv_only,nar,20260903,36,1.4358726739883423,2047,False,0.0023605148307979107
llama32_3b,unsloth/Llama-3.2-3B,qkv_only,nar,20260903,37,1.4765468835830688,2047,False,0.0023605148307979107
llama32_3b,unsloth/Llama-3.2-3B,qkv_only,nar,20260903,38,1.4689924716949463,2047,False,0.0023605148307979107
llama32_3b,unsloth/Llama-3.2-3B,qkv_only,nar,20260903,39,1.6632905006408691,2047,False,0.0023605148307979107
llama32_3b,unsloth/Llama-3.2-3B,qkv_only,nar,20260903,40,2.26790714263916,2047,False,0.0023605148307979107
llama32_3b,unsloth/Llama-3.2-3B,qkv_only,nar,20260903,41,2.686514377593994,2047,False,0.0023605148307979107
llama32_3b,unsloth/Llama-3.2-3B,qkv_only,nar,20260903,42,2.6781117916107178,2047,False,0.0023605148307979107
llama32_3b,unsloth/Llama-3.2-3B,qkv_only,nar,20260903,43,2.3039143085479736,2047,False,0.0023605148307979107
llama32_3b,unsloth/Llama-3.2-3B,qkv_only,nar,20260903,44,2.296929121017456,2047,False,0.0023605148307979107
llama32_3b,unsloth/Llama-3.2-3B,qkv_only,nar,20260903,45,2.275073528289795,2047,False,0.0023605148307979107
llama32_3b,unsloth/Llama-3.2-3B,qkv_only,nar,20260903,46,2.359478712081909,2047,False,0.0023605148307979107
llama32_3b,unsloth/Llama-3.2-3B,qkv_only,nar,20260903,47,2.156083345413208,2047,False,0.0023605148307979107
llama32_3b,unsloth/Llama-3.2-3B,qkv_only,nar,20260903,48,2.027574300765991,2047,False,0.0023605148307979107
llama32_3b,unsloth/Llama-3.2-3B,qkv_only,nar,20260903,49,2.023059129714966,2047,False,0.0023605148307979107
llama32_3b,unsloth/Llama-3.2-3B,qkv_only,nar,20260903,50,1.74024498462677,2047,False,0.0023605148307979107
llama32_3b,unsloth/Llama-3.2-3B,qkv_only,nar,20260903,51,1.8342260122299194,2047,False,0.0023605148307979107
llama32_3b,unsloth/Llama-3.2-3B,qkv_only,nar,20260903,52,1.6678059101104736,2047,False,0.0023605148307979107
llama32_3b,unsloth/Llama-3.2-3B,qkv_only,nar,20260903,53,1.9009523391723633,2047,False,0.0023605148307979107
llama32_3b,unsloth/Llama-3.2-3B,qkv_only,nar,20260903,54,1.6236743927001953,2047,False,0.0023605148307979107
llama32_3b,unsloth/Llama-3.2-3B,qkv_only,nar,20260903,55,1.6025745868682861,2047,False,0.0023605148307979107
llama32_3b,unsloth/Llama-3.2-3B,qkv_only,nar,20260903,56,1.8192570209503174,2047,False,0.0023605148307979107
llama32_3b,unsloth/Llama-3.2-3B,qkv_only,nar,20260903,57,1.7997910976409912,2047,False,0.0023605148307979107
llama32_3b,unsloth/Llama-3.2-3B,qkv_only,nar,20260903,58,2.174448251724243,2047,False,0.0023605148307979107
llama32_3b,unsloth/Llama-3.2-3B,qkv_only,nar,20260903,59,2.339869976043701,2047,False,0.0023605148307979107
llama32_3b,unsloth/Llama-3.2-3B,qkv_only,nar,20260903,60,2.3579416275024414,2047,False,0.0023605148307979107
llama32_3b,unsloth/Llama-3.2-3B,qkv_only,nar,20260903,61,2.456110715866089,2047,False,0.0023605148307979107
llama32_3b,unsloth/Llama-3.2-3B,qkv_only,nar,20260903,62,1.5032895803451538,2047,False,0.0023605148307979107
llama32_3b,unsloth/Llama-3.2-3B,qkv_only,nar,20260903,63,1.8993980884552002,2047,False,0.0023605148307979107
llama32_3b,unsloth/Llama-3.2-3B,both,nar,20260903,0,1.8296232223510742,2047,False,0.002612246200442314
llama32_3b,unsloth/Llama-3.2-3B,both,nar,20260903,1,2.428663730621338,2047,False,0.002612246200442314
llama32_3b,unsloth/Llama-3.2-3B,both,nar,20260903,2,2.5050058364868164,2047,False,0.002612246200442314
llama32_3b,unsloth/Llama-3.2-3B,both,nar,20260903,3,2.01697039604187,2047,False,0.002612246200442314
llama32_3b,unsloth/Llama-3.2-3B,both,nar,20260903,4,1.9182449579238892,2047,False,0.002612246200442314
llama32_3b,unsloth/Llama-3.2-3B,both,nar,20260903,5,1.5559414625167847,2047,False,0.002612246200442314
llama32_3b,unsloth/Llama-3.2-3B,both,nar,20260903,6,1.6674528121948242,2047,False,0.002612246200442314
llama32_3b,unsloth/Llama-3.2-3B,both,nar,20260903,7,1.9138401746749878,2047,False,0.002612246200442314
llama32_3b,unsloth/Llama-3.2-3B,both,nar,20260903,8,2.2525718212127686,2047,False,0.002612246200442314
llama32_3b,unsloth/Llama-3.2-3B,both,nar,20260903,9,1.9744879007339478,2047,False,0.002612246200442314
llama32_3b,unsloth/Llama-3.2-3B,both,nar,20260903,10,1.8913942575454712,2047,False,0.002612246200442314
llama32_3b,unsloth/Llama-3.2-3B,both,nar,20260903,11,2.247161626815796,2047,False,0.002612246200442314
llama32_3b,unsloth/Llama-3.2-3B,both,nar,20260903,12,2.118070363998413,2047,False,0.002612246200442314
llama32_3b,unsloth/Llama-3.2-3B,both,nar,20260903,13,2.271962881088257,2047,False,0.002612246200442314
llama32_3b,unsloth/Llama-3.2-3B,both,nar,20260903,14,2.188314199447632,2047,False,0.002612246200442314
llama32_3b,unsloth/Llama-3.2-3B,both,nar,20260903,15,2.4019410610198975,2047,False,0.002612246200442314
llama32_3b,unsloth/Llama-3.2-3B,both,nar,20260903,16,2.1276519298553467,2047,False,0.002612246200442314
llama32_3b,unsloth/Llama-3.2-3B,both,nar,20260903,17,2.14530873298645,2047,False,0.002612246200442314
llama32_3b,unsloth/Llama-3.2-3B,both,nar,20260903,18,1.9538732767105103,2047,False,0.002612246200442314
llama32_3b,unsloth/Llama-3.2-3B,both,nar,20260903,19,2.1148760318756104,2047,False,0.002612246200442314
llama32_3b,unsloth/Llama-3.2-3B,both,nar,20260903,20,2.2345824241638184,2047,False,0.002612246200442314
llama32_3b,unsloth/Llama-3.2-3B,both,nar,20260903,21,2.1513912677764893,2047,False,0.002612246200442314
llama32_3b,unsloth/Llama-3.2-3B,both,nar,20260903,22,2.2118029594421387,2047,False,0.002612246200442314
llama32_3b,unsloth/Llama-3.2-3B,both,nar,20260903,23,2.2464382648468018,2047,False,0.002612246200442314
llama32_3b,unsloth/Llama-3.2-3B,both,nar,20260903,24,2.273836851119995,2047,False,0.002612246200442314
llama32_3b,unsloth/Llama-3.2-3B,both,nar,20260903,25,2.3402373790740967,2047,False,0.002612246200442314
llama32_3b,unsloth/Llama-3.2-3B,both,nar,20260903,26,2.425117254257202,2047,False,0.002612246200442314
llama32_3b,unsloth/Llama-3.2-3B,both,nar,20260903,27,2.2340850830078125,2047,False,0.002612246200442314
llama32_3b,unsloth/Llama-3.2-3B,both,nar,20260903,28,2.0003252029418945,2047,False,0.002612246200442314
llama32_3b,unsloth/Llama-3.2-3B,both,nar,20260903,29,1.8119213581085205,2047,False,0.002612246200442314
llama32_3b,unsloth/Llama-3.2-3B,both,nar,20260903,30,1.6872891187667847,2047,False,0.002612246200442314
llama32_3b,unsloth/Llama-3.2-3B,both,nar,20260903,31,1.7114453315734863,2047,False,0.002612246200442314
llama32_3b,unsloth/Llama-3.2-3B,both,nar,20260903,32,2.012183666229248,2047,False,0.002612246200442314
llama32_3b,unsloth/Llama-3.2-3B,both,nar,20260903,33,1.9796178340911865,2047,False,0.002612246200442314
llama32_3b,unsloth/Llama-3.2-3B,both,nar,20260903,34,2.162612199783325,2047,False,0.002612246200442314
llama32_3b,unsloth/Llama-3.2-3B,both,nar,20260903,35,1.4778238534927368,2047,False,0.002612246200442314
llama32_3b,unsloth/Llama-3.2-3B,both,nar,20260903,36,1.44191575050354,2047,False,0.002612246200442314
llama32_3b,unsloth/Llama-3.2-3B,both,nar,20260903,37,1.489421010017395,2047,False,0.002612246200442314
llama32_3b,unsloth/Llama-3.2-3B,both,nar,20260903,38,1.4725749492645264,2047,False,0.002612246200442314
llama32_3b,unsloth/Llama-3.2-3B,both,nar,20260903,39,1.665367841720581,2047,False,0.002612246200442314
llama32_3b,unsloth/Llama-3.2-3B,both,nar,20260903,40,2.2788941860198975,2047,False,0.002612246200442314
llama32_3b,unsloth/Llama-3.2-3B,both,nar,20260903,41,2.6910340785980225,2047,False,0.002612246200442314
llama32_3b,unsloth/Llama-3.2-3B,both,nar,20260903,42,2.6892127990722656,2047,False,0.002612246200442314
llama32_3b,unsloth/Llama-3.2-3B,both,nar,20260903,43,2.322636842727661,2047,False,0.002612246200442314
llama32_3b,unsloth/Llama-3.2-3B,both,nar,20260903,44,2.311532497406006,2047,False,0.002612246200442314
llama32_3b,unsloth/Llama-3.2-3B,both,nar,20260903,45,2.2837204933166504,2047,False,0.002612246200442314
llama32_3b,unsloth/Llama-3.2-3B,both,nar,20260903,46,2.374732255935669,2047,False,0.002612246200442314
llama32_3b,unsloth/Llama-3.2-3B,both,nar,20260903,47,2.1632275581359863,2047,False,0.002612246200442314
llama32_3b,unsloth/Llama-3.2-3B,both,nar,20260903,48,2.0389299392700195,2047,False,0.002612246200442314
llama32_3b,unsloth/Llama-3.2-3B,both,nar,20260903,49,2.0334064960479736,2047,False,0.002612246200442314
llama32_3b,unsloth/Llama-3.2-3B,both,nar,20260903,50,1.7632437944412231,2047,False,0.002612246200442314
llama32_3b,unsloth/Llama-3.2-3B,both,nar,20260903,51,1.8416544198989868,2047,False,0.002612246200442314
llama32_3b,unsloth/Llama-3.2-3B,both,nar,20260903,52,1.6785389184951782,2047,False,0.002612246200442314
llama32_3b,unsloth/Llama-3.2-3B,both,nar,20260903,53,1.902955174446106,2047,False,0.002612246200442314
llama32_3b,unsloth/Llama-3.2-3B,both,nar,20260903,54,1.632588505744934,2047,False,0.002612246200442314
llama32_3b,unsloth/Llama-3.2-3B,both,nar,20260903,55,1.6125487089157104,2047,False,0.002612246200442314
llama32_3b,unsloth/Llama-3.2-3B,both,nar,20260903,56,1.8406486511230469,2047,False,0.002612246200442314
llama32_3b,unsloth/Llama-3.2-3B,both,nar,20260903,57,1.8141711950302124,2047,False,0.002612246200442314
llama32_3b,unsloth/Llama-3.2-3B,both,nar,20260903,58,2.189028024673462,2047,False,0.002612246200442314
llama32_3b,unsloth/Llama-3.2-3B,both,nar,20260903,59,2.336759567260742,2047,False,0.002612246200442314
llama32_3b,unsloth/Llama-3.2-3B,both,nar,20260903,60,2.3605337142944336,2047,False,0.002612246200442314
llama32_3b,unsloth/Llama-3.2-3B,both,nar,20260903,61,2.467202663421631,2047,False,0.002612246200442314
llama32_3b,unsloth/Llama-3.2-3B,both,nar,20260903,62,1.5137650966644287,2047,False,0.002612246200442314
llama32_3b,unsloth/Llama-3.2-3B,both,nar,20260903,63,1.9022953510284424,2047,False,0.002612246200442314
llama32_3b,unsloth/Llama-3.2-3B,down_only,nar,20260903,0,1.8285363912582397,2047,False,0.002612246200442314
llama32_3b,unsloth/Llama-3.2-3B,down_only,nar,20260903,1,2.429018974304199,2047,False,0.002612246200442314
llama32_3b,unsloth/Llama-3.2-3B,down_only,nar,20260903,2,2.499234676361084,2047,False,0.002612246200442314
llama32_3b,unsloth/Llama-3.2-3B,down_only,nar,20260903,3,2.0121243000030518,2047,False,0.002612246200442314
llama32_3b,unsloth/Llama-3.2-3B,down_only,nar,20260903,4,1.9250918626785278,2047,False,0.002612246200442314
llama32_3b,unsloth/Llama-3.2-3B,down_only,nar,20260903,5,1.5518511533737183,2047,False,0.002612246200442314
llama32_3b,unsloth/Llama-3.2-3B,down_only,nar,20260903,6,1.6635940074920654,2047,False,0.002612246200442314
llama32_3b,unsloth/Llama-3.2-3B,down_only,nar,20260903,7,1.909137487411499,2047,False,0.002612246200442314
llama32_3b,unsloth/Llama-3.2-3B,down_only,nar,20260903,8,2.2472362518310547,2047,False,0.002612246200442314
llama32_3b,unsloth/Llama-3.2-3B,down_only,nar,20260903,9,1.9751174449920654,2047,False,0.002612246200442314
llama32_3b,unsloth/Llama-3.2-3B,down_only,nar,20260903,10,1.8943678140640259,2047,False,0.002612246200442314
llama32_3b,unsloth/Llama-3.2-3B,down_only,nar,20260903,11,2.2521402835845947,2047,False,0.002612246200442314
llama32_3b,unsloth/Llama-3.2-3B,down_only,nar,20260903,12,2.1203839778900146,2047,False,0.002612246200442314
llama32_3b,unsloth/Llama-3.2-3B,down_only,nar,20260903,13,2.270906686782837,2047,False,0.002612246200442314
llama32_3b,unsloth/Llama-3.2-3B,down_only,nar,20260903,14,2.1954762935638428,2047,False,0.002612246200442314
llama32_3b,unsloth/Llama-3.2-3B,down_only,nar,20260903,15,2.3921778202056885,2047,False,0.002612246200442314
llama32_3b,unsloth/Llama-3.2-3B,down_only,nar,20260903,16,2.127087116241455,2047,False,0.002612246200442314
llama32_3b,unsloth/Llama-3.2-3B,down_only,nar,20260903,17,2.1466379165649414,2047,False,0.002612246200442314
llama32_3b,unsloth/Llama-3.2-3B,down_only,nar,20260903,18,1.9543133974075317,2047,False,0.002612246200442314
llama32_3b,unsloth/Llama-3.2-3B,down_only,nar,20260903,19,2.1123218536376953,2047,False,0.002612246200442314
llama32_3b,unsloth/Llama-3.2-3B,down_only,nar,20260903,20,2.2290027141571045,2047,False,0.002612246200442314
llama32_3b,unsloth/Llama-3.2-3B,down_only,nar,20260903,21,2.162457227706909,2047,False,0.002612246200442314
llama32_3b,unsloth/Llama-3.2-3B,down_only,nar,20260903,22,2.214603900909424,2047,False,0.002612246200442314
llama32_3b,unsloth/Llama-3.2-3B,down_only,nar,20260903,23,2.2518534660339355,2047,False,0.002612246200442314
llama32_3b,unsloth/Llama-3.2-3B,down_only,nar,20260903,24,2.2800252437591553,2047,False,0.002612246200442314
llama32_3b,unsloth/Llama-3.2-3B,down_only,nar,20260903,25,2.3371243476867676,2047,False,0.002612246200442314
llama32_3b,unsloth/Llama-3.2-3B,down_only,nar,20260903,26,2.421426296234131,2047,False,0.002612246200442314
llama32_3b,unsloth/Llama-3.2-3B,down_only,nar,20260903,27,2.2295167446136475,2047,False,0.002612246200442314
llama32_3b,unsloth/Llama-3.2-3B,down_only,nar,20260903,28,1.9921163320541382,2047,False,0.002612246200442314
llama32_3b,unsloth/Llama-3.2-3B,down_only,nar,20260903,29,1.8043473958969116,2047,False,0.002612246200442314
llama32_3b,unsloth/Llama-3.2-3B,down_only,nar,20260903,30,1.6902292966842651,2047,False,0.002612246200442314
llama32_3b,unsloth/Llama-3.2-3B,down_only,nar,20260903,31,1.7148679494857788,2047,False,0.002612246200442314
llama32_3b,unsloth/Llama-3.2-3B,down_only,nar,20260903,32,2.0169003009796143,2047,False,0.002612246200442314
llama32_3b,unsloth/Llama-3.2-3B,down_only,nar,20260903,33,1.9786949157714844,2047,False,0.002612246200442314
llama32_3b,unsloth/Llama-3.2-3B,down_only,nar,20260903,34,2.158208131790161,2047,False,0.002612246200442314
llama32_3b,unsloth/Llama-3.2-3B,down_only,nar,20260903,35,1.4736647605895996,2047,False,0.002612246200442314
llama32_3b,unsloth/Llama-3.2-3B,down_only,nar,20260903,36,1.4408389329910278,2047,False,0.002612246200442314
llama32_3b,unsloth/Llama-3.2-3B,down_only,nar,20260903,37,1.4838625192642212,2047,False,0.002612246200442314
llama32_3b,unsloth/Llama-3.2-3B,down_only,nar,20260903,38,1.4681345224380493,2047,False,0.002612246200442314
llama32_3b,unsloth/Llama-3.2-3B,down_only,nar,20260903,39,1.667314887046814,2047,False,0.002612246200442314
llama32_3b,unsloth/Llama-3.2-3B,down_only,nar,20260903,40,2.272590398788452,2047,False,0.002612246200442314
llama32_3b,unsloth/Llama-3.2-3B,down_only,nar,20260903,41,2.6867196559906006,2047,False,0.002612246200442314
llama32_3b,unsloth/Llama-3.2-3B,down_only,nar,20260903,42,2.6838173866271973,2047,False,0.002612246200442314
llama32_3b,unsloth/Llama-3.2-3B,down_only,nar,20260903,43,2.3086886405944824,2047,False,0.002612246200442314
llama32_3b,unsloth/Llama-3.2-3B,down_only,nar,20260903,44,2.3069660663604736,2047,False,0.002612246200442314
llama32_3b,unsloth/Llama-3.2-3B,down_only,nar,20260903,45,2.2751998901367188,2047,False,0.002612246200442314
llama32_3b,unsloth/Llama-3.2-3B,down_only,nar,20260903,46,2.3725078105926514,2047,False,0.002612246200442314
llama32_3b,unsloth/Llama-3.2-3B,down_only,nar,20260903,47,2.157425880432129,2047,False,0.002612246200442314
llama32_3b,unsloth/Llama-3.2-3B,down_only,nar,20260903,48,2.034263849258423,2047,False,0.002612246200442314
llama32_3b,unsloth/Llama-3.2-3B,down_only,nar,20260903,49,2.0252840518951416,2047,False,0.002612246200442314
llama32_3b,unsloth/Llama-3.2-3B,down_only,nar,20260903,50,1.7463964223861694,2047,False,0.002612246200442314
llama32_3b,unsloth/Llama-3.2-3B,down_only,nar,20260903,51,1.8416541814804077,2047,False,0.002612246200442314
llama32_3b,unsloth/Llama-3.2-3B,down_only,nar,20260903,52,1.6773786544799805,2047,False,0.002612246200442314
llama32_3b,unsloth/Llama-3.2-3B,down_only,nar,20260903,53,1.8986281156539917,2047,False,0.002612246200442314
llama32_3b,unsloth/Llama-3.2-3B,down_only,nar,20260903,54,1.6295220851898193,2047,False,0.002612246200442314
llama32_3b,unsloth/Llama-3.2-3B,down_only,nar,20260903,55,1.6064645051956177,2047,False,0.002612246200442314
llama32_3b,unsloth/Llama-3.2-3B,down_only,nar,20260903,56,1.8307079076766968,2047,False,0.002612246200442314
llama32_3b,unsloth/Llama-3.2-3B,down_only,nar,20260903,57,1.8078614473342896,2047,False,0.002612246200442314
llama32_3b,unsloth/Llama-3.2-3B,down_only,nar,20260903,58,2.1841020584106445,2047,False,0.002612246200442314
llama32_3b,unsloth/Llama-3.2-3B,down_only,nar,20260903,59,2.3464460372924805,2047,False,0.002612246200442314
llama32_3b,unsloth/Llama-3.2-3B,down_only,nar,20260903,60,2.354241132736206,2047,False,0.002612246200442314
llama32_3b,unsloth/Llama-3.2-3B,down_only,nar,20260903,61,2.464325189590454,2047,False,0.002612246200442314
llama32_3b,unsloth/Llama-3.2-3B,down_only,nar,20260903,62,1.5046504735946655,2047,False,0.002612246200442314
llama32_3b,unsloth/Llama-3.2-3B,down_only,nar,20260903,63,1.9050010442733765,2047,False,0.002612246200442314
llama32_3b,unsloth/Llama-3.2-3B,qkv_only,nar,20260904,0,1.825085997581482,2047,False,0.002598899882286787
llama32_3b,unsloth/Llama-3.2-3B,qkv_only,nar,20260904,1,2.423511266708374,2047,False,0.002598899882286787
llama32_3b,unsloth/Llama-3.2-3B,qkv_only,nar,20260904,2,2.491615056991577,2047,False,0.002598899882286787
llama32_3b,unsloth/Llama-3.2-3B,qkv_only,nar,20260904,3,2.012441873550415,2047,False,0.002598899882286787
llama32_3b,unsloth/Llama-3.2-3B,qkv_only,nar,20260904,4,1.91800856590271,2047,False,0.002598899882286787
llama32_3b,unsloth/Llama-3.2-3B,qkv_only,nar,20260904,5,1.5424273014068604,2047,False,0.002598899882286787
llama32_3b,unsloth/Llama-3.2-3B,qkv_only,nar,20260904,6,1.6603449583053589,2047,False,0.002598899882286787
llama32_3b,unsloth/Llama-3.2-3B,qkv_only,nar,20260904,7,1.9099094867706299,2047,False,0.002598899882286787
llama32_3b,unsloth/Llama-3.2-3B,qkv_only,nar,20260904,8,2.247279644012451,2047,False,0.002598899882286787
llama32_3b,unsloth/Llama-3.2-3B,qkv_only,nar,20260904,9,1.9662740230560303,2047,False,0.002598899882286787
llama32_3b,unsloth/Llama-3.2-3B,qkv_only,nar,20260904,10,1.8921548128128052,2047,False,0.002598899882286787
llama32_3b,unsloth/Llama-3.2-3B,qkv_only,nar,20260904,11,2.2501378059387207,2047,False,0.002598899882286787
llama32_3b,unsloth/Llama-3.2-3B,qkv_only,nar,20260904,12,2.1145198345184326,2047,False,0.002598899882286787
llama32_3b,unsloth/Llama-3.2-3B,qkv_only,nar,20260904,13,2.2643096446990967,2047,False,0.002598899882286787
llama32_3b,unsloth/Llama-3.2-3B,qkv_only,nar,20260904,14,2.192504405975342,2047,False,0.002598899882286787
llama32_3b,unsloth/Llama-3.2-3B,qkv_only,nar,20260904,15,2.397195816040039,2047,False,0.002598899882286787
llama32_3b,unsloth/Llama-3.2-3B,qkv_only,nar,20260904,16,2.1250643730163574,2047,False,0.002598899882286787
llama32_3b,unsloth/Llama-3.2-3B,qkv_only,nar,20260904,17,2.1429264545440674,2047,False,0.002598899882286787
llama32_3b,unsloth/Llama-3.2-3B,qkv_only,nar,20260904,18,1.947461724281311,2047,False,0.002598899882286787
llama32_3b,unsloth/Llama-3.2-3B,qkv_only,nar,20260904,19,2.110386371612549,2047,False,0.002598899882286787
llama32_3b,unsloth/Llama-3.2-3B,qkv_only,nar,20260904,20,2.223665714263916,2047,False,0.002598899882286787
llama32_3b,unsloth/Llama-3.2-3B,qkv_only,nar,20260904,21,2.151580572128296,2047,False,0.002598899882286787
llama32_3b,unsloth/Llama-3.2-3B,qkv_only,nar,20260904,22,2.2087793350219727,2047,False,0.002598899882286787
llama32_3b,unsloth/Llama-3.2-3B,qkv_only,nar,20260904,23,2.24281907081604,2047,False,0.002598899882286787
llama32_3b,unsloth/Llama-3.2-3B,qkv_only,nar,20260904,24,2.2782483100891113,2047,False,0.002598899882286787
llama32_3b,unsloth/Llama-3.2-3B,qkv_only,nar,20260904,25,2.3331570625305176,2047,False,0.002598899882286787
llama32_3b,unsloth/Llama-3.2-3B,qkv_only,nar,20260904,26,2.4182586669921875,2047,False,0.002598899882286787
llama32_3b,unsloth/Llama-3.2-3B,qkv_only,nar,20260904,27,2.2197837829589844,2047,False,0.002598899882286787
llama32_3b,unsloth/Llama-3.2-3B,qkv_only,nar,20260904,28,1.9930957555770874,2047,False,0.002598899882286787
llama32_3b,unsloth/Llama-3.2-3B,qkv_only,nar,20260904,29,1.8013839721679688,2047,False,0.002598899882286787
llama32_3b,unsloth/Llama-3.2-3B,qkv_only,nar,20260904,30,1.678084135055542,2047,False,0.002598899882286787
llama32_3b,unsloth/Llama-3.2-3B,qkv_only,nar,20260904,31,1.7179814577102661,2047,False,0.002598899882286787
llama32_3b,unsloth/Llama-3.2-3B,qkv_only,nar,20260904,32,2.0080032348632812,2047,False,0.002598899882286787
llama32_3b,unsloth/Llama-3.2-3B,qkv_only,nar,20260904,33,1.979312539100647,2047,False,0.002598899882286787
llama32_3b,unsloth/Llama-3.2-3B,qkv_only,nar,20260904,34,2.1559722423553467,2047,False,0.002598899882286787
llama32_3b,unsloth/Llama-3.2-3B,qkv_only,nar,20260904,35,1.4726638793945312,2047,False,0.002598899882286787
llama32_3b,unsloth/Llama-3.2-3B,qkv_only,nar,20260904,36,1.4411282539367676,2047,False,0.002598899882286787
llama32_3b,unsloth/Llama-3.2-3B,qkv_only,nar,20260904,37,1.4812372922897339,2047,False,0.002598899882286787
llama32_3b,unsloth/Llama-3.2-3B,qkv_only,nar,20260904,38,1.4645402431488037,2047,False,0.002598899882286787
llama32_3b,unsloth/Llama-3.2-3B,qkv_only,nar,20260904,39,1.6634644269943237,2047,False,0.002598899882286787
llama32_3b,unsloth/Llama-3.2-3B,qkv_only,nar,20260904,40,2.261495590209961,2047,False,0.002598899882286787
llama32_3b,unsloth/Llama-3.2-3B,qkv_only,nar,20260904,41,2.6900432109832764,2047,False,0.002598899882286787
llama32_3b,unsloth/Llama-3.2-3B,qkv_only,nar,20260904,42,2.680119276046753,2047,False,0.002598899882286787
llama32_3b,unsloth/Llama-3.2-3B,qkv_only,nar,20260904,43,2.30236554145813,2047,False,0.002598899882286787
llama32_3b,unsloth/Llama-3.2-3B,qkv_only,nar,20260904,44,2.294766902923584,2047,False,0.002598899882286787
llama32_3b,unsloth/Llama-3.2-3B,qkv_only,nar,20260904,45,2.2739968299865723,2047,False,0.002598899882286787
llama32_3b,unsloth/Llama-3.2-3B,qkv_only,nar,20260904,46,2.3680028915405273,2047,False,0.002598899882286787
llama32_3b,unsloth/Llama-3.2-3B,qkv_only,nar,20260904,47,2.157285690307617,2047,False,0.002598899882286787
llama32_3b,unsloth/Llama-3.2-3B,qkv_only,nar,20260904,48,2.0271944999694824,2047,False,0.002598899882286787
llama32_3b,unsloth/Llama-3.2-3B,qkv_only,nar,20260904,49,2.028991937637329,2047,False,0.002598899882286787
llama32_3b,unsloth/Llama-3.2-3B,qkv_only,nar,20260904,50,1.743330955505371,2047,False,0.002598899882286787
llama32_3b,unsloth/Llama-3.2-3B,qkv_only,nar,20260904,51,1.8374404907226562,2047,False,0.002598899882286787
llama32_3b,unsloth/Llama-3.2-3B,qkv_only,nar,20260904,52,1.667885184288025,2047,False,0.002598899882286787
llama32_3b,unsloth/Llama-3.2-3B,qkv_only,nar,20260904,53,1.8929963111877441,2047,False,0.002598899882286787
llama32_3b,unsloth/Llama-3.2-3B,qkv_only,nar,20260904,54,1.624913215637207,2047,False,0.002598899882286787
llama32_3b,unsloth/Llama-3.2-3B,qkv_only,nar,20260904,55,1.60289466381073,2047,False,0.002598899882286787
llama32_3b,unsloth/Llama-3.2-3B,qkv_only,nar,20260904,56,1.8199753761291504,2047,False,0.002598899882286787
llama32_3b,unsloth/Llama-3.2-3B,qkv_only,nar,20260904,57,1.8025047779083252,2047,False,0.002598899882286787
llama32_3b,unsloth/Llama-3.2-3B,qkv_only,nar,20260904,58,2.1722662448883057,2047,False,0.002598899882286787
llama32_3b,unsloth/Llama-3.2-3B,qkv_only,nar,20260904,59,2.3388264179229736,2047,False,0.002598899882286787
llama32_3b,unsloth/Llama-3.2-3B,qkv_only,nar,20260904,60,2.350970983505249,2047,False,0.002598899882286787
llama32_3b,unsloth/Llama-3.2-3B,qkv_only,nar,20260904,61,2.4559812545776367,2047,False,0.002598899882286787
llama32_3b,unsloth/Llama-3.2-3B,qkv_only,nar,20260904,62,1.5020948648452759,2047,False,0.002598899882286787
llama32_3b,unsloth/Llama-3.2-3B,qkv_only,nar,20260904,63,1.9003669023513794,2047,False,0.002598899882286787
llama32_3b,unsloth/Llama-3.2-3B,both,nar,20260904,0,1.839714765548706,2047,False,0.002598899882286787
llama32_3b,unsloth/Llama-3.2-3B,both,nar,20260904,1,2.434385299682617,2047,False,0.002598899882286787
llama32_3b,unsloth/Llama-3.2-3B,both,nar,20260904,2,2.501457452774048,2047,False,0.002598899882286787
llama32_3b,unsloth/Llama-3.2-3B,both,nar,20260904,3,2.012122392654419,2047,False,0.002598899882286787
llama32_3b,unsloth/Llama-3.2-3B,both,nar,20260904,4,1.9226545095443726,2047,False,0.002598899882286787
llama32_3b,unsloth/Llama-3.2-3B,both,nar,20260904,5,1.5557639598846436,2047,False,0.002598899882286787
llama32_3b,unsloth/Llama-3.2-3B,both,nar,20260904,6,1.6757214069366455,2047,False,0.002598899882286787
llama32_3b,unsloth/Llama-3.2-3B,both,nar,20260904,7,1.9165852069854736,2047,False,0.002598899882286787
llama32_3b,unsloth/Llama-3.2-3B,both,nar,20260904,8,2.2569427490234375,2047,False,0.002598899882286787
llama32_3b,unsloth/Llama-3.2-3B,both,nar,20260904,9,1.9795787334442139,2047,False,0.002598899882286787
llama32_3b,unsloth/Llama-3.2-3B,both,nar,20260904,10,1.9014432430267334,2047,False,0.002598899882286787
llama32_3b,unsloth/Llama-3.2-3B,both,nar,20260904,11,2.256526231765747,2047,False,0.002598899882286787
llama32_3b,unsloth/Llama-3.2-3B,both,nar,20260904,12,2.1221299171447754,2047,False,0.002598899882286787
llama32_3b,unsloth/Llama-3.2-3B,both,nar,20260904,13,2.2781333923339844,2047,False,0.002598899882286787
llama32_3b,unsloth/Llama-3.2-3B,both,nar,20260904,14,2.201826333999634,2047,False,0.002598899882286787
llama32_3b,unsloth/Llama-3.2-3B,both,nar,20260904,15,2.4036221504211426,2047,False,0.002598899882286787
llama32_3b,unsloth/Llama-3.2-3B,both,nar,20260904,16,2.129424571990967,2047,False,0.002598899882286787
llama32_3b,unsloth/Llama-3.2-3B,both,nar,20260904,17,2.1515817642211914,2047,False,0.002598899882286787
llama32_3b,unsloth/Llama-3.2-3B,both,nar,20260904,18,1.9535136222839355,2047,False,0.002598899882286787
llama32_3b,unsloth/Llama-3.2-3B,both,nar,20260904,19,2.11811900138855,2047,False,0.002598899882286787
llama32_3b,unsloth/Llama-3.2-3B,both,nar,20260904,20,2.23203182220459,2047,False,0.002598899882286787
llama32_3b,unsloth/Llama-3.2-3B,both,nar,20260904,21,2.1605589389801025,2047,False,0.002598899882286787
llama32_3b,unsloth/Llama-3.2-3B,both,nar,20260904,22,2.214559316635132,2047,False,0.002598899882286787
llama32_3b,unsloth/Llama-3.2-3B,both,nar,20260904,23,2.2544591426849365,2047,False,0.002598899882286787
llama32_3b,unsloth/Llama-3.2-3B,both,nar,20260904,24,2.2776882648468018,2047,False,0.002598899882286787
llama32_3b,unsloth/Llama-3.2-3B,both,nar,20260904,25,2.3391201496124268,2047,False,0.002598899882286787
llama32_3b,unsloth/Llama-3.2-3B,both,nar,20260904,26,2.4281513690948486,2047,False,0.002598899882286787
llama32_3b,unsloth/Llama-3.2-3B,both,nar,20260904,27,2.2300479412078857,2047,False,0.002598899882286787
llama32_3b,unsloth/Llama-3.2-3B,both,nar,20260904,28,2.0012080669403076,2047,False,0.002598899882286787
llama32_3b,unsloth/Llama-3.2-3B,both,nar,20260904,29,1.8058050870895386,2047,False,0.002598899882286787
llama32_3b,unsloth/Llama-3.2-3B,both,nar,20260904,30,1.6904953718185425,2047,False,0.002598899882286787
llama32_3b,unsloth/Llama-3.2-3B,both,nar,20260904,31,1.734748125076294,2047,False,0.002598899882286787
llama32_3b,unsloth/Llama-3.2-3B,both,nar,20260904,32,2.015584707260132,2047,False,0.002598899882286787
llama32_3b,unsloth/Llama-3.2-3B,both,nar,20260904,33,1.9781831502914429,2047,False,0.002598899882286787
llama32_3b,unsloth/Llama-3.2-3B,both,nar,20260904,34,2.1570053100585938,2047,False,0.002598899882286787
llama32_3b,unsloth/Llama-3.2-3B,both,nar,20260904,35,1.475032091140747,2047,False,0.002598899882286787
llama32_3b,unsloth/Llama-3.2-3B,both,nar,20260904,36,1.4510619640350342,2047,False,0.002598899882286787
llama32_3b,unsloth/Llama-3.2-3B,both,nar,20260904,37,1.4960365295410156,2047,False,0.002598899882286787
llama32_3b,unsloth/Llama-3.2-3B,both,nar,20260904,38,1.4734753370285034,2047,False,0.002598899882286787
llama32_3b,unsloth/Llama-3.2-3B,both,nar,20260904,39,1.6813602447509766,2047,False,0.002598899882286787
llama32_3b,unsloth/Llama-3.2-3B,both,nar,20260904,40,2.2725906372070312,2047,False,0.002598899882286787
llama32_3b,unsloth/Llama-3.2-3B,both,nar,20260904,41,2.6936423778533936,2047,False,0.002598899882286787
llama32_3b,unsloth/Llama-3.2-3B,both,nar,20260904,42,2.6872408390045166,2047,False,0.002598899882286787
llama32_3b,unsloth/Llama-3.2-3B,both,nar,20260904,43,2.3162126541137695,2047,False,0.002598899882286787
llama32_3b,unsloth/Llama-3.2-3B,both,nar,20260904,44,2.3012125492095947,2047,False,0.002598899882286787
llama32_3b,unsloth/Llama-3.2-3B,both,nar,20260904,45,2.2799646854400635,2047,False,0.002598899882286787
llama32_3b,unsloth/Llama-3.2-3B,both,nar,20260904,46,2.3708279132843018,2047,False,0.002598899882286787
llama32_3b,unsloth/Llama-3.2-3B,both,nar,20260904,47,2.1637027263641357,2047,False,0.002598899882286787
llama32_3b,unsloth/Llama-3.2-3B,both,nar,20260904,48,2.031886339187622,2047,False,0.002598899882286787
llama32_3b,unsloth/Llama-3.2-3B,both,nar,20260904,49,2.037275791168213,2047,False,0.002598899882286787
llama32_3b,unsloth/Llama-3.2-3B,both,nar,20260904,50,1.7593441009521484,2047,False,0.002598899882286787
llama32_3b,unsloth/Llama-3.2-3B,both,nar,20260904,51,1.842369556427002,2047,False,0.002598899882286787
llama32_3b,unsloth/Llama-3.2-3B,both,nar,20260904,52,1.6739953756332397,2047,False,0.002598899882286787
llama32_3b,unsloth/Llama-3.2-3B,both,nar,20260904,53,1.8993148803710938,2047,False,0.002598899882286787
llama32_3b,unsloth/Llama-3.2-3B,both,nar,20260904,54,1.6383846998214722,2047,False,0.002598899882286787
llama32_3b,unsloth/Llama-3.2-3B,both,nar,20260904,55,1.6036854982376099,2047,False,0.002598899882286787
llama32_3b,unsloth/Llama-3.2-3B,both,nar,20260904,56,1.8231332302093506,2047,False,0.002598899882286787
llama32_3b,unsloth/Llama-3.2-3B,both,nar,20260904,57,1.8054965734481812,2047,False,0.002598899882286787
llama32_3b,unsloth/Llama-3.2-3B,both,nar,20260904,58,2.184946060180664,2047,False,0.002598899882286787
llama32_3b,unsloth/Llama-3.2-3B,both,nar,20260904,59,2.3565409183502197,2047,False,0.002598899882286787
llama32_3b,unsloth/Llama-3.2-3B,both,nar,20260904,60,2.358459711074829,2047,False,0.002598899882286787
llama32_3b,unsloth/Llama-3.2-3B,both,nar,20260904,61,2.462703227996826,2047,False,0.002598899882286787
llama32_3b,unsloth/Llama-3.2-3B,both,nar,20260904,62,1.5056248903274536,2047,False,0.002598899882286787
llama32_3b,unsloth/Llama-3.2-3B,both,nar,20260904,63,1.9085785150527954,2047,False,0.002598899882286787
llama32_3b,unsloth/Llama-3.2-3B,down_only,nar,20260904,0,1.8279036283493042,2047,False,0.002598899882286787
llama32_3b,unsloth/Llama-3.2-3B,down_only,nar,20260904,1,2.429273843765259,2047,False,0.002598899882286787
llama32_3b,unsloth/Llama-3.2-3B,down_only,nar,20260904,2,2.501983165740967,2047,False,0.002598899882286787
llama32_3b,unsloth/Llama-3.2-3B,down_only,nar,20260904,3,2.017521858215332,2047,False,0.002598899882286787
llama32_3b,unsloth/Llama-3.2-3B,down_only,nar,20260904,4,1.9242205619812012,2047,False,0.002598899882286787
llama32_3b,unsloth/Llama-3.2-3B,down_only,nar,20260904,5,1.5506303310394287,2047,False,0.002598899882286787
llama32_3b,unsloth/Llama-3.2-3B,down_only,nar,20260904,6,1.6679511070251465,2047,False,0.002598899882286787
llama32_3b,unsloth/Llama-3.2-3B,down_only,nar,20260904,7,1.9152867794036865,2047,False,0.002598899882286787
llama32_3b,unsloth/Llama-3.2-3B,down_only,nar,20260904,8,2.249063014984131,2047,False,0.002598899882286787
llama32_3b,unsloth/Llama-3.2-3B,down_only,nar,20260904,9,1.9688836336135864,2047,False,0.002598899882286787
llama32_3b,unsloth/Llama-3.2-3B,down_only,nar,20260904,10,1.8907005786895752,2047,False,0.002598899882286787
llama32_3b,unsloth/Llama-3.2-3B,down_only,nar,20260904,11,2.253570795059204,2047,False,0.002598899882286787
llama32_3b,unsloth/Llama-3.2-3B,down_only,nar,20260904,12,2.116312026977539,2047,False,0.002598899882286787
llama32_3b,unsloth/Llama-3.2-3B,down_only,nar,20260904,13,2.2764604091644287,2047,False,0.002598899882286787
llama32_3b,unsloth/Llama-3.2-3B,down_only,nar,20260904,14,2.1916251182556152,2047,False,0.002598899882286787
llama32_3b,unsloth/Llama-3.2-3B,down_only,nar,20260904,15,2.401221752166748,2047,False,0.002598899882286787
llama32_3b,unsloth/Llama-3.2-3B,down_only,nar,20260904,16,2.1283133029937744,2047,False,0.002598899882286787
llama32_3b,unsloth/Llama-3.2-3B,down_only,nar,20260904,17,2.144089937210083,2047,False,0.002598899882286787
llama32_3b,unsloth/Llama-3.2-3B,down_only,nar,20260904,18,1.9520083665847778,2047,False,0.002598899882286787
llama32_3b,unsloth/Llama-3.2-3B,down_only,nar,20260904,19,2.114218235015869,2047,False,0.002598899882286787
llama32_3b,unsloth/Llama-3.2-3B,down_only,nar,20260904,20,2.2320916652679443,2047,False,0.002598899882286787
llama32_3b,unsloth/Llama-3.2-3B,down_only,nar,20260904,21,2.154066562652588,2047,False,0.002598899882286787
llama32_3b,unsloth/Llama-3.2-3B,down_only,nar,20260904,22,2.2068939208984375,2047,False,0.002598899882286787
llama32_3b,unsloth/Llama-3.2-3B,down_only,nar,20260904,23,2.2511708736419678,2047,False,0.002598899882286787
llama32_3b,unsloth/Llama-3.2-3B,down_only,nar,20260904,24,2.2759687900543213,2047,False,0.002598899882286787
llama32_3b,unsloth/Llama-3.2-3B,down_only,nar,20260904,25,2.334811210632324,2047,False,0.002598899882286787
llama32_3b,unsloth/Llama-3.2-3B,down_only,nar,20260904,26,2.4235732555389404,2047,False,0.002598899882286787
llama32_3b,unsloth/Llama-3.2-3B,down_only,nar,20260904,27,2.219020128250122,2047,False,0.002598899882286787
llama32_3b,unsloth/Llama-3.2-3B,down_only,nar,20260904,28,1.9979348182678223,2047,False,0.002598899882286787
llama32_3b,unsloth/Llama-3.2-3B,down_only,nar,20260904,29,1.8010469675064087,2047,False,0.002598899882286787
llama32_3b,unsloth/Llama-3.2-3B,down_only,nar,20260904,30,1.69332754611969,2047,False,0.002598899882286787
llama32_3b,unsloth/Llama-3.2-3B,down_only,nar,20260904,31,1.7171835899353027,2047,False,0.002598899882286787
llama32_3b,unsloth/Llama-3.2-3B,down_only,nar,20260904,32,2.0096850395202637,2047,False,0.002598899882286787
llama32_3b,unsloth/Llama-3.2-3B,down_only,nar,20260904,33,1.9780559539794922,2047,False,0.002598899882286787
llama32_3b,unsloth/Llama-3.2-3B,down_only,nar,20260904,34,2.1549794673919678,2047,False,0.002598899882286787
llama32_3b,unsloth/Llama-3.2-3B,down_only,nar,20260904,35,1.47429358959198,2047,False,0.002598899882286787
llama32_3b,unsloth/Llama-3.2-3B,down_only,nar,20260904,36,1.4409475326538086,2047,False,0.002598899882286787
llama32_3b,unsloth/Llama-3.2-3B,down_only,nar,20260904,37,1.4892246723175049,2047,False,0.002598899882286787
llama32_3b,unsloth/Llama-3.2-3B,down_only,nar,20260904,38,1.4657959938049316,2047,False,0.002598899882286787
llama32_3b,unsloth/Llama-3.2-3B,down_only,nar,20260904,39,1.6672109365463257,2047,False,0.002598899882286787
llama32_3b,unsloth/Llama-3.2-3B,down_only,nar,20260904,40,2.2718656063079834,2047,False,0.002598899882286787
llama32_3b,unsloth/Llama-3.2-3B,down_only,nar,20260904,41,2.6930272579193115,2047,False,0.002598899882286787
llama32_3b,unsloth/Llama-3.2-3B,down_only,nar,20260904,42,2.6878085136413574,2047,False,0.002598899882286787
llama32_3b,unsloth/Llama-3.2-3B,down_only,nar,20260904,43,2.3052968978881836,2047,False,0.002598899882286787
llama32_3b,unsloth/Llama-3.2-3B,down_only,nar,20260904,44,2.303483247756958,2047,False,0.002598899882286787
llama32_3b,unsloth/Llama-3.2-3B,down_only,nar,20260904,45,2.280048370361328,2047,False,0.002598899882286787
llama32_3b,unsloth/Llama-3.2-3B,down_only,nar,20260904,46,2.364410877227783,2047,False,0.002598899882286787
llama32_3b,unsloth/Llama-3.2-3B,down_only,nar,20260904,47,2.157134771347046,2047,False,0.002598899882286787
llama32_3b,unsloth/Llama-3.2-3B,down_only,nar,20260904,48,2.0366315841674805,2047,False,0.002598899882286787
llama32_3b,unsloth/Llama-3.2-3B,down_only,nar,20260904,49,2.0314388275146484,2047,False,0.002598899882286787
llama32_3b,unsloth/Llama-3.2-3B,down_only,nar,20260904,50,1.7542190551757812,2047,False,0.002598899882286787
llama32_3b,unsloth/Llama-3.2-3B,down_only,nar,20260904,51,1.839487910270691,2047,False,0.002598899882286787
llama32_3b,unsloth/Llama-3.2-3B,down_only,nar,20260904,52,1.6716371774673462,2047,False,0.002598899882286787
llama32_3b,unsloth/Llama-3.2-3B,down_only,nar,20260904,53,1.8987327814102173,2047,False,0.002598899882286787
llama32_3b,unsloth/Llama-3.2-3B,down_only,nar,20260904,54,1.6310492753982544,2047,False,0.002598899882286787
llama32_3b,unsloth/Llama-3.2-3B,down_only,nar,20260904,55,1.6079000234603882,2047,False,0.002598899882286787
llama32_3b,unsloth/Llama-3.2-3B,down_only,nar,20260904,56,1.8349846601486206,2047,False,0.002598899882286787
llama32_3b,unsloth/Llama-3.2-3B,down_only,nar,20260904,57,1.8101593255996704,2047,False,0.002598899882286787
llama32_3b,unsloth/Llama-3.2-3B,down_only,nar,20260904,58,2.179149627685547,2047,False,0.002598899882286787
llama32_3b,unsloth/Llama-3.2-3B,down_only,nar,20260904,59,2.3454647064208984,2047,False,0.002598899882286787
llama32_3b,unsloth/Llama-3.2-3B,down_only,nar,20260904,60,2.350318670272827,2047,False,0.002598899882286787
llama32_3b,unsloth/Llama-3.2-3B,down_only,nar,20260904,61,2.464775800704956,2047,False,0.002598899882286787
llama32_3b,unsloth/Llama-3.2-3B,down_only,nar,20260904,62,1.5099149942398071,2047,False,0.002598899882286787
llama32_3b,unsloth/Llama-3.2-3B,down_only,nar,20260904,63,1.9002267122268677,2047,False,0.002598899882286787
llama32_3b,unsloth/Llama-3.2-3B,qkv_only,identity,20260903,0,1.8387362957000732,2047,True,0.0
llama32_3b,unsloth/Llama-3.2-3B,qkv_only,identity,20260903,1,2.4441208839416504,2047,True,0.0
llama32_3b,unsloth/Llama-3.2-3B,qkv_only,identity,20260903,2,2.5131750106811523,2047,True,0.0
llama32_3b,unsloth/Llama-3.2-3B,qkv_only,identity,20260903,3,2.0250930786132812,2047,True,0.0
llama32_3b,unsloth/Llama-3.2-3B,qkv_only,identity,20260903,4,1.941643476486206,2047,True,0.0
llama32_3b,unsloth/Llama-3.2-3B,qkv_only,identity,20260903,5,1.5628947019577026,2047,True,0.0
llama32_3b,unsloth/Llama-3.2-3B,qkv_only,identity,20260903,6,1.6744329929351807,2047,True,0.0
llama32_3b,unsloth/Llama-3.2-3B,qkv_only,identity,20260903,7,1.9331763982772827,2047,True,0.0
llama32_3b,unsloth/Llama-3.2-3B,qkv_only,identity,20260903,8,2.264216184616089,2047,True,0.0
llama32_3b,unsloth/Llama-3.2-3B,qkv_only,identity,20260903,9,1.9831451177597046,2047,True,0.0
llama32_3b,unsloth/Llama-3.2-3B,qkv_only,identity,20260903,10,1.910391092300415,2047,True,0.0
llama32_3b,unsloth/Llama-3.2-3B,qkv_only,identity,20260903,11,2.255622625350952,2047,True,0.0
llama32_3b,unsloth/Llama-3.2-3B,qkv_only,identity,20260903,12,2.132784128189087,2047,True,0.0
llama32_3b,unsloth/Llama-3.2-3B,qkv_only,identity,20260903,13,2.270144462585449,2047,True,0.0
llama32_3b,unsloth/Llama-3.2-3B,qkv_only,identity,20260903,14,2.2016067504882812,2047,True,0.0
llama32_3b,unsloth/Llama-3.2-3B,qkv_only,identity,20260903,15,2.415034532546997,2047,True,0.0
llama32_3b,unsloth/Llama-3.2-3B,qkv_only,identity,20260903,16,2.1369340419769287,2047,True,0.0
llama32_3b,unsloth/Llama-3.2-3B,qkv_only,identity,20260903,17,2.157489538192749,2047,True,0.0
llama32_3b,unsloth/Llama-3.2-3B,qkv_only,identity,20260903,18,1.965590476989746,2047,True,0.0
llama32_3b,unsloth/Llama-3.2-3B,qkv_only,identity,20260903,19,2.122807741165161,2047,True,0.0
llama32_3b,unsloth/Llama-3.2-3B,qkv_only,identity,20260903,20,2.232614755630493,2047,True,0.0
llama32_3b,unsloth/Llama-3.2-3B,qkv_only,identity,20260903,21,2.165695905685425,2047,True,0.0
llama32_3b,unsloth/Llama-3.2-3B,qkv_only,identity,20260903,22,2.211625337600708,2047,True,0.0
llama32_3b,unsloth/Llama-3.2-3B,qkv_only,identity,20260903,23,2.2584452629089355,2047,True,0.0
llama32_3b,unsloth/Llama-3.2-3B,qkv_only,identity,20260903,24,2.285599946975708,2047,True,0.0
llama32_3b,unsloth/Llama-3.2-3B,qkv_only,identity,20260903,25,2.362661361694336,2047,True,0.0
llama32_3b,unsloth/Llama-3.2-3B,qkv_only,identity,20260903,26,2.4422607421875,2047,True,0.0
llama32_3b,unsloth/Llama-3.2-3B,qkv_only,identity,20260903,27,2.23695969581604,2047,True,0.0
llama32_3b,unsloth/Llama-3.2-3B,qkv_only,identity,20260903,28,2.014350652694702,2047,True,0.0
llama32_3b,unsloth/Llama-3.2-3B,qkv_only,identity,20260903,29,1.8350991010665894,2047,True,0.0
llama32_3b,unsloth/Llama-3.2-3B,qkv_only,identity,20260903,30,1.7039499282836914,2047,True,0.0
llama32_3b,unsloth/Llama-3.2-3B,qkv_only,identity,20260903,31,1.7423155307769775,2047,True,0.0
llama32_3b,unsloth/Llama-3.2-3B,qkv_only,identity,20260903,32,2.0328967571258545,2047,True,0.0
llama32_3b,unsloth/Llama-3.2-3B,qkv_only,identity,20260903,33,1.9957715272903442,2047,True,0.0
llama32_3b,unsloth/Llama-3.2-3B,qkv_only,identity,20260903,34,2.16286039352417,2047,True,0.0
llama32_3b,unsloth/Llama-3.2-3B,qkv_only,identity,20260903,35,1.490698218345642,2047,True,0.0
llama32_3b,unsloth/Llama-3.2-3B,qkv_only,identity,20260903,36,1.4530811309814453,2047,True,0.0
llama32_3b,unsloth/Llama-3.2-3B,qkv_only,identity,20260903,37,1.4836026430130005,2047,True,0.0
llama32_3b,unsloth/Llama-3.2-3B,qkv_only,identity,20260903,38,1.4840353727340698,2047,True,0.0
llama32_3b,unsloth/Llama-3.2-3B,qkv_only,identity,20260903,39,1.6713709831237793,2047,True,0.0
llama32_3b,unsloth/Llama-3.2-3B,qkv_only,identity,20260903,40,2.290116310119629,2047,True,0.0
llama32_3b,unsloth/Llama-3.2-3B,qkv_only,identity,20260903,41,2.7028398513793945,2047,True,0.0
llama32_3b,unsloth/Llama-3.2-3B,qkv_only,identity,20260903,42,2.714160442352295,2047,True,0.0
llama32_3b,unsloth/Llama-3.2-3B,qkv_only,identity,20260903,43,2.3336217403411865,2047,True,0.0
llama32_3b,unsloth/Llama-3.2-3B,qkv_only,identity,20260903,44,2.3224940299987793,2047,True,0.0
llama32_3b,unsloth/Llama-3.2-3B,qkv_only,identity,20260903,45,2.294257879257202,2047,True,0.0
llama32_3b,unsloth/Llama-3.2-3B,qkv_only,identity,20260903,46,2.373849868774414,2047,True,0.0
llama32_3b,unsloth/Llama-3.2-3B,qkv_only,identity,20260903,47,2.168752908706665,2047,True,0.0
llama32_3b,unsloth/Llama-3.2-3B,qkv_only,identity,20260903,48,2.0563113689422607,2047,True,0.0
llama32_3b,unsloth/Llama-3.2-3B,qkv_only,identity,20260903,49,2.037294864654541,2047,True,0.0
llama32_3b,unsloth/Llama-3.2-3B,qkv_only,identity,20260903,50,1.7737281322479248,2047,True,0.0
llama32_3b,unsloth/Llama-3.2-3B,qkv_only,identity,20260903,51,1.852644681930542,2047,True,0.0
llama32_3b,unsloth/Llama-3.2-3B,qkv_only,identity,20260903,52,1.683374047279358,2047,True,0.0
llama32_3b,unsloth/Llama-3.2-3B,qkv_only,identity,20260903,53,1.9031020402908325,2047,True,0.0
llama32_3b,unsloth/Llama-3.2-3B,qkv_only,identity,20260903,54,1.6327061653137207,2047,True,0.0
llama32_3b,unsloth/Llama-3.2-3B,qkv_only,identity,20260903,55,1.618031620979309,2047,True,0.0
llama32_3b,unsloth/Llama-3.2-3B,qkv_only,identity,20260903,56,1.8511545658111572,2047,True,0.0
llama32_3b,unsloth/Llama-3.2-3B,qkv_only,identity,20260903,57,1.8201340436935425,2047,True,0.0
llama32_3b,unsloth/Llama-3.2-3B,qkv_only,identity,20260903,58,2.1873295307159424,2047,True,0.0
llama32_3b,unsloth/Llama-3.2-3B,qkv_only,identity,20260903,59,2.362114667892456,2047,True,0.0
llama32_3b,unsloth/Llama-3.2-3B,qkv_only,identity,20260903,60,2.363764762878418,2047,True,0.0
llama32_3b,unsloth/Llama-3.2-3B,qkv_only,identity,20260903,61,2.4887444972991943,2047,True,0.0
llama32_3b,unsloth/Llama-3.2-3B,qkv_only,identity,20260903,62,1.5252152681350708,2047,True,0.0
llama32_3b,unsloth/Llama-3.2-3B,qkv_only,identity,20260903,63,1.9109567403793335,2047,True,0.0
llama32_3b,unsloth/Llama-3.2-3B,qkv_only,identity,20260904,0,1.8387362957000732,2047,True,0.0
llama32_3b,unsloth/Llama-3.2-3B,qkv_only,identity,20260904,1,2.4441208839416504,2047,True,0.0
llama32_3b,unsloth/Llama-3.2-3B,qkv_only,identity,20260904,2,2.5131750106811523,2047,True,0.0
llama32_3b,unsloth/Llama-3.2-3B,qkv_only,identity,20260904,3,2.0250930786132812,2047,True,0.0
llama32_3b,unsloth/Llama-3.2-3B,qkv_only,identity,20260904,4,1.941643476486206,2047,True,0.0
llama32_3b,unsloth/Llama-3.2-3B,qkv_only,identity,20260904,5,1.5628947019577026,2047,True,0.0
llama32_3b,unsloth/Llama-3.2-3B,qkv_only,identity,20260904,6,1.6744329929351807,2047,True,0.0
llama32_3b,unsloth/Llama-3.2-3B,qkv_only,identity,20260904,7,1.9331763982772827,2047,True,0.0
llama32_3b,unsloth/Llama-3.2-3B,qkv_only,identity,20260904,8,2.264216184616089,2047,True,0.0
llama32_3b,unsloth/Llama-3.2-3B,qkv_only,identity,20260904,9,1.9831451177597046,2047,True,0.0
llama32_3b,unsloth/Llama-3.2-3B,qkv_only,identity,20260904,10,1.910391092300415,2047,True,0.0
llama32_3b,unsloth/Llama-3.2-3B,qkv_only,identity,20260904,11,2.255622625350952,2047,True,0.0
llama32_3b,unsloth/Llama-3.2-3B,qkv_only,identity,20260904,12,2.132784128189087,2047,True,0.0
llama32_3b,unsloth/Llama-3.2-3B,qkv_only,identity,20260904,13,2.270144462585449,2047,True,0.0
llama32_3b,unsloth/Llama-3.2-3B,qkv_only,identity,20260904,14,2.2016067504882812,2047,True,0.0
llama32_3b,unsloth/Llama-3.2-3B,qkv_only,identity,20260904,15,2.415034532546997,2047,True,0.0
llama32_3b,unsloth/Llama-3.2-3B,qkv_only,identity,20260904,16,2.1369340419769287,2047,True,0.0
llama32_3b,unsloth/Llama-3.2-3B,qkv_only,identity,20260904,17,2.157489538192749,2047,True,0.0
llama32_3b,unsloth/Llama-3.2-3B,qkv_only,identity,20260904,18,1.965590476989746,2047,True,0.0
llama32_3b,unsloth/Llama-3.2-3B,qkv_only,identity,20260904,19,2.122807741165161,2047,True,0.0
llama32_3b,unsloth/Llama-3.2-3B,qkv_only,identity,20260904,20,2.232614755630493,2047,True,0.0
llama32_3b,unsloth/Llama-3.2-3B,qkv_only,identity,20260904,21,2.165695905685425,2047,True,0.0
llama32_3b,unsloth/Llama-3.2-3B,qkv_only,identity,20260904,22,2.211625337600708,2047,True,0.0
llama32_3b,unsloth/Llama-3.2-3B,qkv_only,identity,20260904,23,2.2584452629089355,2047,True,0.0
llama32_3b,unsloth/Llama-3.2-3B,qkv_only,identity,20260904,24,2.285599946975708,2047,True,0.0
llama32_3b,unsloth/Llama-3.2-3B,qkv_only,identity,20260904,25,2.362661361694336,2047,True,0.0
llama32_3b,unsloth/Llama-3.2-3B,qkv_only,identity,20260904,26,2.4422607421875,2047,True,0.0
llama32_3b,unsloth/Llama-3.2-3B,qkv_only,identity,20260904,27,2.23695969581604,2047,True,0.0
llama32_3b,unsloth/Llama-3.2-3B,qkv_only,identity,20260904,28,2.014350652694702,2047,True,0.0
llama32_3b,unsloth/Llama-3.2-3B,qkv_only,identity,20260904,29,1.8350991010665894,2047,True,0.0
llama32_3b,unsloth/Llama-3.2-3B,qkv_only,identity,20260904,30,1.7039499282836914,2047,True,0.0
llama32_3b,unsloth/Llama-3.2-3B,qkv_only,identity,20260904,31,1.7423155307769775,2047,True,0.0
llama32_3b,unsloth/Llama-3.2-3B,qkv_only,identity,20260904,32,2.0328967571258545,2047,True,0.0
llama32_3b,unsloth/Llama-3.2-3B,qkv_only,identity,20260904,33,1.9957715272903442,2047,True,0.0
llama32_3b,unsloth/Llama-3.2-3B,qkv_only,identity,20260904,34,2.16286039352417,2047,True,0.0
llama32_3b,unsloth/Llama-3.2-3B,qkv_only,identity,20260904,35,1.490698218345642,2047,True,0.0
llama32_3b,unsloth/Llama-3.2-3B,qkv_only,identity,20260904,36,1.4530811309814453,2047,True,0.0
llama32_3b,unsloth/Llama-3.2-3B,qkv_only,identity,20260904,37,1.4836026430130005,2047,True,0.0
llama32_3b,unsloth/Llama-3.2-3B,qkv_only,identity,20260904,38,1.4840353727340698,2047,True,0.0
llama32_3b,unsloth/Llama-3.2-3B,qkv_only,identity,20260904,39,1.6713709831237793,2047,True,0.0
llama32_3b,unsloth/Llama-3.2-3B,qkv_only,identity,20260904,40,2.290116310119629,2047,True,0.0
llama32_3b,unsloth/Llama-3.2-3B,qkv_only,identity,20260904,41,2.7028398513793945,2047,True,0.0
llama32_3b,unsloth/Llama-3.2-3B,qkv_only,identity,20260904,42,2.714160442352295,2047,True,0.0
llama32_3b,unsloth/Llama-3.2-3B,qkv_only,identity,20260904,43,2.3336217403411865,2047,True,0.0
llama32_3b,unsloth/Llama-3.2-3B,qkv_only,identity,20260904,44,2.3224940299987793,2047,True,0.0
llama32_3b,unsloth/Llama-3.2-3B,qkv_only,identity,20260904,45,2.294257879257202,2047,True,0.0
llama32_3b,unsloth/Llama-3.2-3B,qkv_only,identity,20260904,46,2.373849868774414,2047,True,0.0
llama32_3b,unsloth/Llama-3.2-3B,qkv_only,identity,20260904,47,2.168752908706665,2047,True,0.0
llama32_3b,unsloth/Llama-3.2-3B,qkv_only,identity,20260904,48,2.0563113689422607,2047,True,0.0
llama32_3b,unsloth/Llama-3.2-3B,qkv_only,identity,20260904,49,2.037294864654541,2047,True,0.0
llama32_3b,unsloth/Llama-3.2-3B,qkv_only,identity,20260904,50,1.7737281322479248,2047,True,0.0
llama32_3b,unsloth/Llama-3.2-3B,qkv_only,identity,20260904,51,1.852644681930542,2047,True,0.0
llama32_3b,unsloth/Llama-3.2-3B,qkv_only,identity,20260904,52,1.683374047279358,2047,True,0.0
llama32_3b,unsloth/Llama-3.2-3B,qkv_only,identity,20260904,53,1.9031020402908325,2047,True,0.0
llama32_3b,unsloth/Llama-3.2-3B,qkv_only,identity,20260904,54,1.6327061653137207,2047,True,0.0
llama32_3b,unsloth/Llama-3.2-3B,qkv_only,identity,20260904,55,1.618031620979309,2047,True,0.0
llama32_3b,unsloth/Llama-3.2-3B,qkv_only,identity,20260904,56,1.8511545658111572,2047,True,0.0
llama32_3b,unsloth/Llama-3.2-3B,qkv_only,identity,20260904,57,1.8201340436935425,2047,True,0.0
llama32_3b,unsloth/Llama-3.2-3B,qkv_only,identity,20260904,58,2.1873295307159424,2047,True,0.0
llama32_3b,unsloth/Llama-3.2-3B,qkv_only,identity,20260904,59,2.362114667892456,2047,True,0.0
llama32_3b,unsloth/Llama-3.2-3B,qkv_only,identity,20260904,60,2.363764762878418,2047,True,0.0
llama32_3b,unsloth/Llama-3.2-3B,qkv_only,identity,20260904,61,2.4887444972991943,2047,True,0.0
llama32_3b,unsloth/Llama-3.2-3B,qkv_only,identity,20260904,62,1.5252152681350708,2047,True,0.0
llama32_3b,unsloth/Llama-3.2-3B,qkv_only,identity,20260904,63,1.9109567403793335,2047,True,0.0
llama32_3b,unsloth/Llama-3.2-3B,both,identity,20260903,0,1.8849650621414185,2047,True,0.0
llama32_3b,unsloth/Llama-3.2-3B,both,identity,20260903,1,2.492713689804077,2047,True,0.0
llama32_3b,unsloth/Llama-3.2-3B,both,identity,20260903,2,2.5720572471618652,2047,True,0.0
llama32_3b,unsloth/Llama-3.2-3B,both,identity,20260903,3,2.0689990520477295,2047,True,0.0
llama32_3b,unsloth/Llama-3.2-3B,both,identity,20260903,4,1.9910955429077148,2047,True,0.0
llama32_3b,unsloth/Llama-3.2-3B,both,identity,20260903,5,1.6162424087524414,2047,True,0.0
llama32_3b,unsloth/Llama-3.2-3B,both,identity,20260903,6,1.721075177192688,2047,True,0.0
llama32_3b,unsloth/Llama-3.2-3B,both,identity,20260903,7,1.9830470085144043,2047,True,0.0
llama32_3b,unsloth/Llama-3.2-3B,both,identity,20260903,8,2.3280200958251953,2047,True,0.0
llama32_3b,unsloth/Llama-3.2-3B,both,identity,20260903,9,2.0244736671447754,2047,True,0.0
llama32_3b,unsloth/Llama-3.2-3B,both,identity,20260903,10,1.9627519845962524,2047,True,0.0
llama32_3b,unsloth/Llama-3.2-3B,both,identity,20260903,11,2.3230161666870117,2047,True,0.0
llama32_3b,unsloth/Llama-3.2-3B,both,identity,20260903,12,2.1701743602752686,2047,True,0.0
llama32_3b,unsloth/Llama-3.2-3B,both,identity,20260903,13,2.318408489227295,2047,True,0.0
llama32_3b,unsloth/Llama-3.2-3B,both,identity,20260903,14,2.2543230056762695,2047,True,0.0
llama32_3b,unsloth/Llama-3.2-3B,both,identity,20260903,15,2.4516916275024414,2047,True,0.0
llama32_3b,unsloth/Llama-3.2-3B,both,identity,20260903,16,2.173799753189087,2047,True,0.0
llama32_3b,unsloth/Llama-3.2-3B,both,identity,20260903,17,2.2111172676086426,2047,True,0.0
llama32_3b,unsloth/Llama-3.2-3B,both,identity,20260903,18,2.022097587585449,2047,True,0.0
llama32_3b,unsloth/Llama-3.2-3B,both,identity,20260903,19,2.1666505336761475,2047,True,0.0
llama32_3b,unsloth/Llama-3.2-3B,both,identity,20260903,20,2.289104700088501,2047,True,0.0
llama32_3b,unsloth/Llama-3.2-3B,both,identity,20260903,21,2.205195426940918,2047,True,0.0
llama32_3b,unsloth/Llama-3.2-3B,both,identity,20260903,22,2.2617604732513428,2047,True,0.0
llama32_3b,unsloth/Llama-3.2-3B,both,identity,20260903,23,2.290083408355713,2047,True,0.0
llama32_3b,unsloth/Llama-3.2-3B,both,identity,20260903,24,2.3444106578826904,2047,True,0.0
llama32_3b,unsloth/Llama-3.2-3B,both,identity,20260903,25,2.393436908721924,2047,True,0.0
llama32_3b,unsloth/Llama-3.2-3B,both,identity,20260903,26,2.4876091480255127,2047,True,0.0
llama32_3b,unsloth/Llama-3.2-3B,both,identity,20260903,27,2.2875468730926514,2047,True,0.0
llama32_3b,unsloth/Llama-3.2-3B,both,identity,20260903,28,2.058523654937744,2047,True,0.0
llama32_3b,unsloth/Llama-3.2-3B,both,identity,20260903,29,1.8796530961990356,2047,True,0.0
llama32_3b,unsloth/Llama-3.2-3B,both,identity,20260903,30,1.7621581554412842,2047,True,0.0
llama32_3b,unsloth/Llama-3.2-3B,both,identity,20260903,31,1.7997695207595825,2047,True,0.0
llama32_3b,unsloth/Llama-3.2-3B,both,identity,20260903,32,2.087265729904175,2047,True,0.0
llama32_3b,unsloth/Llama-3.2-3B,both,identity,20260903,33,2.0475621223449707,2047,True,0.0
llama32_3b,unsloth/Llama-3.2-3B,both,identity,20260903,34,2.1990818977355957,2047,True,0.0
llama32_3b,unsloth/Llama-3.2-3B,both,identity,20260903,35,1.5327200889587402,2047,True,0.0
llama32_3b,unsloth/Llama-3.2-3B,both,identity,20260903,36,1.4821473360061646,2047,True,0.0
llama32_3b,unsloth/Llama-3.2-3B,both,identity,20260903,37,1.5259920358657837,2047,True,0.0
llama32_3b,unsloth/Llama-3.2-3B,both,identity,20260903,38,1.5300946235656738,2047,True,0.0
llama32_3b,unsloth/Llama-3.2-3B,both,identity,20260903,39,1.7148010730743408,2047,True,0.0
llama32_3b,unsloth/Llama-3.2-3B,both,identity,20260903,40,2.3431060314178467,2047,True,0.0
llama32_3b,unsloth/Llama-3.2-3B,both,identity,20260903,41,2.7390618324279785,2047,True,0.0
llama32_3b,unsloth/Llama-3.2-3B,both,identity,20260903,42,2.752553701400757,2047,True,0.0
llama32_3b,unsloth/Llama-3.2-3B,both,identity,20260903,43,2.4008753299713135,2047,True,0.0
llama32_3b,unsloth/Llama-3.2-3B,both,identity,20260903,44,2.363121509552002,2047,True,0.0
llama32_3b,unsloth/Llama-3.2-3B,both,identity,20260903,45,2.3352229595184326,2047,True,0.0
llama32_3b,unsloth/Llama-3.2-3B,both,identity,20260903,46,2.416121006011963,2047,True,0.0
llama32_3b,unsloth/Llama-3.2-3B,both,identity,20260903,47,2.2051806449890137,2047,True,0.0
llama32_3b,unsloth/Llama-3.2-3B,both,identity,20260903,48,2.0994815826416016,2047,True,0.0
llama32_3b,unsloth/Llama-3.2-3B,both,identity,20260903,49,2.0764319896698,2047,True,0.0
llama32_3b,unsloth/Llama-3.2-3B,both,identity,20260903,50,1.833975911140442,2047,True,0.0
llama32_3b,unsloth/Llama-3.2-3B,both,identity,20260903,51,1.8802528381347656,2047,True,0.0
llama32_3b,unsloth/Llama-3.2-3B,both,identity,20260903,52,1.7236506938934326,2047,True,0.0
llama32_3b,unsloth/Llama-3.2-3B,both,identity,20260903,53,1.9395105838775635,2047,True,0.0
llama32_3b,unsloth/Llama-3.2-3B,both,identity,20260903,54,1.6868094205856323,2047,True,0.0
llama32_3b,unsloth/Llama-3.2-3B,both,identity,20260903,55,1.6542537212371826,2047,True,0.0
llama32_3b,unsloth/Llama-3.2-3B,both,identity,20260903,56,1.9207806587219238,2047,True,0.0
llama32_3b,unsloth/Llama-3.2-3B,both,identity,20260903,57,1.860627293586731,2047,True,0.0
llama32_3b,unsloth/Llama-3.2-3B,both,identity,20260903,58,2.238269329071045,2047,True,0.0
llama32_3b,unsloth/Llama-3.2-3B,both,identity,20260903,59,2.4029996395111084,2047,True,0.0
llama32_3b,unsloth/Llama-3.2-3B,both,identity,20260903,60,2.4060897827148438,2047,True,0.0
llama32_3b,unsloth/Llama-3.2-3B,both,identity,20260903,61,2.5329172611236572,2047,True,0.0
llama32_3b,unsloth/Llama-3.2-3B,both,identity,20260903,62,1.5898106098175049,2047,True,0.0
llama32_3b,unsloth/Llama-3.2-3B,both,identity,20260903,63,1.9547514915466309,2047,True,0.0
llama32_3b,unsloth/Llama-3.2-3B,both,identity,20260904,0,1.8849650621414185,2047,True,0.0
llama32_3b,unsloth/Llama-3.2-3B,both,identity,20260904,1,2.492713689804077,2047,True,0.0
llama32_3b,unsloth/Llama-3.2-3B,both,identity,20260904,2,2.5720572471618652,2047,True,0.0
llama32_3b,unsloth/Llama-3.2-3B,both,identity,20260904,3,2.0689990520477295,2047,True,0.0
llama32_3b,unsloth/Llama-3.2-3B,both,identity,20260904,4,1.9910955429077148,2047,True,0.0
llama32_3b,unsloth/Llama-3.2-3B,both,identity,20260904,5,1.6162424087524414,2047,True,0.0
llama32_3b,unsloth/Llama-3.2-3B,both,identity,20260904,6,1.721075177192688,2047,True,0.0
llama32_3b,unsloth/Llama-3.2-3B,both,identity,20260904,7,1.9830470085144043,2047,True,0.0
llama32_3b,unsloth/Llama-3.2-3B,both,identity,20260904,8,2.3280200958251953,2047,True,0.0
llama32_3b,unsloth/Llama-3.2-3B,both,identity,20260904,9,2.0244736671447754,2047,True,0.0
llama32_3b,unsloth/Llama-3.2-3B,both,identity,20260904,10,1.9627519845962524,2047,True,0.0
llama32_3b,unsloth/Llama-3.2-3B,both,identity,20260904,11,2.3230161666870117,2047,True,0.0
llama32_3b,unsloth/Llama-3.2-3B,both,identity,20260904,12,2.1701743602752686,2047,True,0.0
llama32_3b,unsloth/Llama-3.2-3B,both,identity,20260904,13,2.318408489227295,2047,True,0.0
llama32_3b,unsloth/Llama-3.2-3B,both,identity,20260904,14,2.2543230056762695,2047,True,0.0
llama32_3b,unsloth/Llama-3.2-3B,both,identity,20260904,15,2.4516916275024414,2047,True,0.0
llama32_3b,unsloth/Llama-3.2-3B,both,identity,20260904,16,2.173799753189087,2047,True,0.0
llama32_3b,unsloth/Llama-3.2-3B,both,identity,20260904,17,2.2111172676086426,2047,True,0.0
llama32_3b,unsloth/Llama-3.2-3B,both,identity,20260904,18,2.022097587585449,2047,True,0.0
llama32_3b,unsloth/Llama-3.2-3B,both,identity,20260904,19,2.1666505336761475,2047,True,0.0
llama32_3b,unsloth/Llama-3.2-3B,both,identity,20260904,20,2.289104700088501,2047,True,0.0
llama32_3b,unsloth/Llama-3.2-3B,both,identity,20260904,21,2.205195426940918,2047,True,0.0
llama32_3b,unsloth/Llama-3.2-3B,both,identity,20260904,22,2.2617604732513428,2047,True,0.0
llama32_3b,unsloth/Llama-3.2-3B,both,identity,20260904,23,2.290083408355713,2047,True,0.0
llama32_3b,unsloth/Llama-3.2-3B,both,identity,20260904,24,2.3444106578826904,2047,True,0.0
llama32_3b,unsloth/Llama-3.2-3B,both,identity,20260904,25,2.393436908721924,2047,True,0.0
llama32_3b,unsloth/Llama-3.2-3B,both,identity,20260904,26,2.4876091480255127,2047,True,0.0
llama32_3b,unsloth/Llama-3.2-3B,both,identity,20260904,27,2.2875468730926514,2047,True,0.0
llama32_3b,unsloth/Llama-3.2-3B,both,identity,20260904,28,2.058523654937744,2047,True,0.0
llama32_3b,unsloth/Llama-3.2-3B,both,identity,20260904,29,1.8796530961990356,2047,True,0.0
llama32_3b,unsloth/Llama-3.2-3B,both,identity,20260904,30,1.7621581554412842,2047,True,0.0
llama32_3b,unsloth/Llama-3.2-3B,both,identity,20260904,31,1.7997695207595825,2047,True,0.0
llama32_3b,unsloth/Llama-3.2-3B,both,identity,20260904,32,2.087265729904175,2047,True,0.0
llama32_3b,unsloth/Llama-3.2-3B,both,identity,20260904,33,2.0475621223449707,2047,True,0.0
llama32_3b,unsloth/Llama-3.2-3B,both,identity,20260904,34,2.1990818977355957,2047,True,0.0
llama32_3b,unsloth/Llama-3.2-3B,both,identity,20260904,35,1.5327200889587402,2047,True,0.0
llama32_3b,unsloth/Llama-3.2-3B,both,identity,20260904,36,1.4821473360061646,2047,True,0.0
llama32_3b,unsloth/Llama-3.2-3B,both,identity,20260904,37,1.5259920358657837,2047,True,0.0
llama32_3b,unsloth/Llama-3.2-3B,both,identity,20260904,38,1.5300946235656738,2047,True,0.0
llama32_3b,unsloth/Llama-3.2-3B,both,identity,20260904,39,1.7148010730743408,2047,True,0.0
llama32_3b,unsloth/Llama-3.2-3B,both,identity,20260904,40,2.3431060314178467,2047,True,0.0
llama32_3b,unsloth/Llama-3.2-3B,both,identity,20260904,41,2.7390618324279785,2047,True,0.0
llama32_3b,unsloth/Llama-3.2-3B,both,identity,20260904,42,2.752553701400757,2047,True,0.0
llama32_3b,unsloth/Llama-3.2-3B,both,identity,20260904,43,2.4008753299713135,2047,True,0.0
llama32_3b,unsloth/Llama-3.2-3B,both,identity,20260904,44,2.363121509552002,2047,True,0.0
llama32_3b,unsloth/Llama-3.2-3B,both,identity,20260904,45,2.3352229595184326,2047,True,0.0
llama32_3b,unsloth/Llama-3.2-3B,both,identity,20260904,46,2.416121006011963,2047,True,0.0
llama32_3b,unsloth/Llama-3.2-3B,both,identity,20260904,47,2.2051806449890137,2047,True,0.0
llama32_3b,unsloth/Llama-3.2-3B,both,identity,20260904,48,2.0994815826416016,2047,True,0.0
llama32_3b,unsloth/Llama-3.2-3B,both,identity,20260904,49,2.0764319896698,2047,True,0.0
llama32_3b,unsloth/Llama-3.2-3B,both,identity,20260904,50,1.833975911140442,2047,True,0.0
llama32_3b,unsloth/Llama-3.2-3B,both,identity,20260904,51,1.8802528381347656,2047,True,0.0
llama32_3b,unsloth/Llama-3.2-3B,both,identity,20260904,52,1.7236506938934326,2047,True,0.0
llama32_3b,unsloth/Llama-3.2-3B,both,identity,20260904,53,1.9395105838775635,2047,True,0.0
llama32_3b,unsloth/Llama-3.2-3B,both,identity,20260904,54,1.6868094205856323,2047,True,0.0
llama32_3b,unsloth/Llama-3.2-3B,both,identity,20260904,55,1.6542537212371826,2047,True,0.0
llama32_3b,unsloth/Llama-3.2-3B,both,identity,20260904,56,1.9207806587219238,2047,True,0.0
llama32_3b,unsloth/Llama-3.2-3B,both,identity,20260904,57,1.860627293586731,2047,True,0.0
llama32_3b,unsloth/Llama-3.2-3B,both,identity,20260904,58,2.238269329071045,2047,True,0.0
llama32_3b,unsloth/Llama-3.2-3B,both,identity,20260904,59,2.4029996395111084,2047,True,0.0
llama32_3b,unsloth/Llama-3.2-3B,both,identity,20260904,60,2.4060897827148438,2047,True,0.0
llama32_3b,unsloth/Llama-3.2-3B,both,identity,20260904,61,2.5329172611236572,2047,True,0.0
llama32_3b,unsloth/Llama-3.2-3B,both,identity,20260904,62,1.5898106098175049,2047,True,0.0
llama32_3b,unsloth/Llama-3.2-3B,both,identity,20260904,63,1.9547514915466309,2047,True,0.0
llama32_3b,unsloth/Llama-3.2-3B,down_only,identity,20260903,0,1.872257113456726,2047,True,0.0
llama32_3b,unsloth/Llama-3.2-3B,down_only,identity,20260903,1,2.4609272480010986,2047,True,0.0
llama32_3b,unsloth/Llama-3.2-3B,down_only,identity,20260903,2,2.537996768951416,2047,True,0.0
llama32_3b,unsloth/Llama-3.2-3B,down_only,identity,20260903,3,2.0521161556243896,2047,True,0.0
llama32_3b,unsloth/Llama-3.2-3B,down_only,identity,20260903,4,1.9807990789413452,2047,True,0.0
llama32_3b,unsloth/Llama-3.2-3B,down_only,identity,20260903,5,1.5872882604599,2047,True,0.0
llama32_3b,unsloth/Llama-3.2-3B,down_only,identity,20260903,6,1.7027665376663208,2047,True,0.0
llama32_3b,unsloth/Llama-3.2-3B,down_only,identity,20260903,7,1.948431134223938,2047,True,0.0
llama32_3b,unsloth/Llama-3.2-3B,down_only,identity,20260903,8,2.293532133102417,2047,True,0.0
llama32_3b,unsloth/Llama-3.2-3B,down_only,identity,20260903,9,2.0049855709075928,2047,True,0.0
llama32_3b,unsloth/Llama-3.2-3B,down_only,identity,20260903,10,1.9288249015808105,2047,True,0.0
llama32_3b,unsloth/Llama-3.2-3B,down_only,identity,20260903,11,2.2779884338378906,2047,True,0.0
llama32_3b,unsloth/Llama-3.2-3B,down_only,identity,20260903,12,2.157172679901123,2047,True,0.0
llama32_3b,unsloth/Llama-3.2-3B,down_only,identity,20260903,13,2.2935516834259033,2047,True,0.0
llama32_3b,unsloth/Llama-3.2-3B,down_only,identity,20260903,14,2.230865716934204,2047,True,0.0
llama32_3b,unsloth/Llama-3.2-3B,down_only,identity,20260903,15,2.4251084327697754,2047,True,0.0
llama32_3b,unsloth/Llama-3.2-3B,down_only,identity,20260903,16,2.1732401847839355,2047,True,0.0
llama32_3b,unsloth/Llama-3.2-3B,down_only,identity,20260903,17,2.181666851043701,2047,True,0.0
llama32_3b,unsloth/Llama-3.2-3B,down_only,identity,20260903,18,1.9847967624664307,2047,True,0.0
llama32_3b,unsloth/Llama-3.2-3B,down_only,identity,20260903,19,2.1433258056640625,2047,True,0.0
llama32_3b,unsloth/Llama-3.2-3B,down_only,identity,20260903,20,2.268878936767578,2047,True,0.0
llama32_3b,unsloth/Llama-3.2-3B,down_only,identity,20260903,21,2.1971678733825684,2047,True,0.0
llama32_3b,unsloth/Llama-3.2-3B,down_only,identity,20260903,22,2.2442467212677,2047,True,0.0
llama32_3b,unsloth/Llama-3.2-3B,down_only,identity,20260903,23,2.272864580154419,2047,True,0.0
llama32_3b,unsloth/Llama-3.2-3B,down_only,identity,20260903,24,2.30611515045166,2047,True,0.0
llama32_3b,unsloth/Llama-3.2-3B,down_only,identity,20260903,25,2.3787121772766113,2047,True,0.0
llama32_3b,unsloth/Llama-3.2-3B,down_only,identity,20260903,26,2.4489264488220215,2047,True,0.0
llama32_3b,unsloth/Llama-3.2-3B,down_only,identity,20260903,27,2.2584729194641113,2047,True,0.0
llama32_3b,unsloth/Llama-3.2-3B,down_only,identity,20260903,28,2.0335328578948975,2047,True,0.0
llama32_3b,unsloth/Llama-3.2-3B,down_only,identity,20260903,29,1.8323609828948975,2047,True,0.0
llama32_3b,unsloth/Llama-3.2-3B,down_only,identity,20260903,30,1.7437098026275635,2047,True,0.0
llama32_3b,unsloth/Llama-3.2-3B,down_only,identity,20260903,31,1.7594984769821167,2047,True,0.0
llama32_3b,unsloth/Llama-3.2-3B,down_only,identity,20260903,32,2.045285701751709,2047,True,0.0
llama32_3b,unsloth/Llama-3.2-3B,down_only,identity,20260903,33,2.0074217319488525,2047,True,0.0
llama32_3b,unsloth/Llama-3.2-3B,down_only,identity,20260903,34,2.1845481395721436,2047,True,0.0
llama32_3b,unsloth/Llama-3.2-3B,down_only,identity,20260903,35,1.487674355506897,2047,True,0.0
llama32_3b,unsloth/Llama-3.2-3B,down_only,identity,20260903,36,1.4765715599060059,2047,True,0.0
llama32_3b,unsloth/Llama-3.2-3B,down_only,identity,20260903,37,1.5015292167663574,2047,True,0.0
llama32_3b,unsloth/Llama-3.2-3B,down_only,identity,20260903,38,1.5076731443405151,2047,True,0.0
llama32_3b,unsloth/Llama-3.2-3B,down_only,identity,20260903,39,1.7072795629501343,2047,True,0.0
llama32_3b,unsloth/Llama-3.2-3B,down_only,identity,20260903,40,2.30700421333313,2047,True,0.0
llama32_3b,unsloth/Llama-3.2-3B,down_only,identity,20260903,41,2.7313385009765625,2047,True,0.0
llama32_3b,unsloth/Llama-3.2-3B,down_only,identity,20260903,42,2.723811149597168,2047,True,0.0
llama32_3b,unsloth/Llama-3.2-3B,down_only,identity,20260903,43,2.3552331924438477,2047,True,0.0
llama32_3b,unsloth/Llama-3.2-3B,down_only,identity,20260903,44,2.3256146907806396,2047,True,0.0
llama32_3b,unsloth/Llama-3.2-3B,down_only,identity,20260903,45,2.308516025543213,2047,True,0.0
llama32_3b,unsloth/Llama-3.2-3B,down_only,identity,20260903,46,2.4002461433410645,2047,True,0.0
llama32_3b,unsloth/Llama-3.2-3B,down_only,identity,20260903,47,2.1782848834991455,2047,True,0.0
llama32_3b,unsloth/Llama-3.2-3B,down_only,identity,20260903,48,2.070402145385742,2047,True,0.0
llama32_3b,unsloth/Llama-3.2-3B,down_only,identity,20260903,49,2.060713529586792,2047,True,0.0
llama32_3b,unsloth/Llama-3.2-3B,down_only,identity,20260903,50,1.7900604009628296,2047,True,0.0
llama32_3b,unsloth/Llama-3.2-3B,down_only,identity,20260903,51,1.8686649799346924,2047,True,0.0
llama32_3b,unsloth/Llama-3.2-3B,down_only,identity,20260903,52,1.719264030456543,2047,True,0.0
llama32_3b,unsloth/Llama-3.2-3B,down_only,identity,20260903,53,1.915850281715393,2047,True,0.0
llama32_3b,unsloth/Llama-3.2-3B,down_only,identity,20260903,54,1.6636340618133545,2047,True,0.0
llama32_3b,unsloth/Llama-3.2-3B,down_only,identity,20260903,55,1.628230094909668,2047,True,0.0
llama32_3b,unsloth/Llama-3.2-3B,down_only,identity,20260903,56,1.8860559463500977,2047,True,0.0
llama32_3b,unsloth/Llama-3.2-3B,down_only,identity,20260903,57,1.8302116394042969,2047,True,0.0
llama32_3b,unsloth/Llama-3.2-3B,down_only,identity,20260903,58,2.1984376907348633,2047,True,0.0
llama32_3b,unsloth/Llama-3.2-3B,down_only,identity,20260903,59,2.3881032466888428,2047,True,0.0
llama32_3b,unsloth/Llama-3.2-3B,down_only,identity,20260903,60,2.3889658451080322,2047,True,0.0
llama32_3b,unsloth/Llama-3.2-3B,down_only,identity,20260903,61,2.5053632259368896,2047,True,0.0
llama32_3b,unsloth/Llama-3.2-3B,down_only,identity,20260903,62,1.54433012008667,2047,True,0.0
llama32_3b,unsloth/Llama-3.2-3B,down_only,identity,20260903,63,1.934669017791748,2047,True,0.0
llama32_3b,unsloth/Llama-3.2-3B,down_only,identity,20260904,0,1.872257113456726,2047,True,0.0
llama32_3b,unsloth/Llama-3.2-3B,down_only,identity,20260904,1,2.4609272480010986,2047,True,0.0
llama32_3b,unsloth/Llama-3.2-3B,down_only,identity,20260904,2,2.537996768951416,2047,True,0.0
llama32_3b,unsloth/Llama-3.2-3B,down_only,identity,20260904,3,2.0521161556243896,2047,True,0.0
llama32_3b,unsloth/Llama-3.2-3B,down_only,identity,20260904,4,1.9807990789413452,2047,True,0.0
llama32_3b,unsloth/Llama-3.2-3B,down_only,identity,20260904,5,1.5872882604599,2047,True,0.0
llama32_3b,unsloth/Llama-3.2-3B,down_only,identity,20260904,6,1.7027665376663208,2047,True,0.0
llama32_3b,unsloth/Llama-3.2-3B,down_only,identity,20260904,7,1.948431134223938,2047,True,0.0
llama32_3b,unsloth/Llama-3.2-3B,down_only,identity,20260904,8,2.293532133102417,2047,True,0.0
llama32_3b,unsloth/Llama-3.2-3B,down_only,identity,20260904,9,2.0049855709075928,2047,True,0.0
llama32_3b,unsloth/Llama-3.2-3B,down_only,identity,20260904,10,1.9288249015808105,2047,True,0.0
llama32_3b,unsloth/Llama-3.2-3B,down_only,identity,20260904,11,2.2779884338378906,2047,True,0.0
llama32_3b,unsloth/Llama-3.2-3B,down_only,identity,20260904,12,2.157172679901123,2047,True,0.0
llama32_3b,unsloth/Llama-3.2-3B,down_only,identity,20260904,13,2.2935516834259033,2047,True,0.0
llama32_3b,unsloth/Llama-3.2-3B,down_only,identity,20260904,14,2.230865716934204,2047,True,0.0
llama32_3b,unsloth/Llama-3.2-3B,down_only,identity,20260904,15,2.4251084327697754,2047,True,0.0
llama32_3b,unsloth/Llama-3.2-3B,down_only,identity,20260904,16,2.1732401847839355,2047,True,0.0
llama32_3b,unsloth/Llama-3.2-3B,down_only,identity,20260904,17,2.181666851043701,2047,True,0.0
llama32_3b,unsloth/Llama-3.2-3B,down_only,identity,20260904,18,1.9847967624664307,2047,True,0.0
llama32_3b,unsloth/Llama-3.2-3B,down_only,identity,20260904,19,2.1433258056640625,2047,True,0.0
llama32_3b,unsloth/Llama-3.2-3B,down_only,identity,20260904,20,2.268878936767578,2047,True,0.0
llama32_3b,unsloth/Llama-3.2-3B,down_only,identity,20260904,21,2.1971678733825684,2047,True,0.0
llama32_3b,unsloth/Llama-3.2-3B,down_only,identity,20260904,22,2.2442467212677,2047,True,0.0
llama32_3b,unsloth/Llama-3.2-3B,down_only,identity,20260904,23,2.272864580154419,2047,True,0.0
llama32_3b,unsloth/Llama-3.2-3B,down_only,identity,20260904,24,2.30611515045166,2047,True,0.0
llama32_3b,unsloth/Llama-3.2-3B,down_only,identity,20260904,25,2.3787121772766113,2047,True,0.0
llama32_3b,unsloth/Llama-3.2-3B,down_only,identity,20260904,26,2.4489264488220215,2047,True,0.0
llama32_3b,unsloth/Llama-3.2-3B,down_only,identity,20260904,27,2.2584729194641113,2047,True,0.0
llama32_3b,unsloth/Llama-3.2-3B,down_only,identity,20260904,28,2.0335328578948975,2047,True,0.0
llama32_3b,unsloth/Llama-3.2-3B,down_only,identity,20260904,29,1.8323609828948975,2047,True,0.0
llama32_3b,unsloth/Llama-3.2-3B,down_only,identity,20260904,30,1.7437098026275635,2047,True,0.0
llama32_3b,unsloth/Llama-3.2-3B,down_only,identity,20260904,31,1.7594984769821167,2047,True,0.0
llama32_3b,unsloth/Llama-3.2-3B,down_only,identity,20260904,32,2.045285701751709,2047,True,0.0
llama32_3b,unsloth/Llama-3.2-3B,down_only,identity,20260904,33,2.0074217319488525,2047,True,0.0
llama32_3b,unsloth/Llama-3.2-3B,down_only,identity,20260904,34,2.1845481395721436,2047,True,0.0
llama32_3b,unsloth/Llama-3.2-3B,down_only,identity,20260904,35,1.487674355506897,2047,True,0.0
llama32_3b,unsloth/Llama-3.2-3B,down_only,identity,20260904,36,1.4765715599060059,2047,True,0.0
llama32_3b,unsloth/Llama-3.2-3B,down_only,identity,20260904,37,1.5015292167663574,2047,True,0.0
llama32_3b,unsloth/Llama-3.2-3B,down_only,identity,20260904,38,1.5076731443405151,2047,True,0.0
llama32_3b,unsloth/Llama-3.2-3B,down_only,identity,20260904,39,1.7072795629501343,2047,True,0.0
llama32_3b,unsloth/Llama-3.2-3B,down_only,identity,20260904,40,2.30700421333313,2047,True,0.0
llama32_3b,unsloth/Llama-3.2-3B,down_only,identity,20260904,41,2.7313385009765625,2047,True,0.0
llama32_3b,unsloth/Llama-3.2-3B,down_only,identity,20260904,42,2.723811149597168,2047,True,0.0
llama32_3b,unsloth/Llama-3.2-3B,down_only,identity,20260904,43,2.3552331924438477,2047,True,0.0
llama32_3b,unsloth/Llama-3.2-3B,down_only,identity,20260904,44,2.3256146907806396,2047,True,0.0
llama32_3b,unsloth/Llama-3.2-3B,down_only,identity,20260904,45,2.308516025543213,2047,True,0.0
llama32_3b,unsloth/Llama-3.2-3B,down_only,identity,20260904,46,2.4002461433410645,2047,True,0.0
llama32_3b,unsloth/Llama-3.2-3B,down_only,identity,20260904,47,2.1782848834991455,2047,True,0.0
llama32_3b,unsloth/Llama-3.2-3B,down_only,identity,20260904,48,2.070402145385742,2047,True,0.0
llama32_3b,unsloth/Llama-3.2-3B,down_only,identity,20260904,49,2.060713529586792,2047,True,0.0
llama32_3b,unsloth/Llama-3.2-3B,down_only,identity,20260904,50,1.7900604009628296,2047,True,0.0
llama32_3b,unsloth/Llama-3.2-3B,down_only,identity,20260904,51,1.8686649799346924,2047,True,0.0
llama32_3b,unsloth/Llama-3.2-3B,down_only,identity,20260904,52,1.719264030456543,2047,True,0.0
llama32_3b,unsloth/Llama-3.2-3B,down_only,identity,20260904,53,1.915850281715393,2047,True,0.0
llama32_3b,unsloth/Llama-3.2-3B,down_only,identity,20260904,54,1.6636340618133545,2047,True,0.0
llama32_3b,unsloth/Llama-3.2-3B,down_only,identity,20260904,55,1.628230094909668,2047,True,0.0
llama32_3b,unsloth/Llama-3.2-3B,down_only,identity,20260904,56,1.8860559463500977,2047,True,0.0
llama32_3b,unsloth/Llama-3.2-3B,down_only,identity,20260904,57,1.8302116394042969,2047,True,0.0
llama32_3b,unsloth/Llama-3.2-3B,down_only,identity,20260904,58,2.1984376907348633,2047,True,0.0
llama32_3b,unsloth/Llama-3.2-3B,down_only,identity,20260904,59,2.3881032466888428,2047,True,0.0
llama32_3b,unsloth/Llama-3.2-3B,down_only,identity,20260904,60,2.3889658451080322,2047,True,0.0
llama32_3b,unsloth/Llama-3.2-3B,down_only,identity,20260904,61,2.5053632259368896,2047,True,0.0
llama32_3b,unsloth/Llama-3.2-3B,down_only,identity,20260904,62,1.54433012008667,2047,True,0.0
llama32_3b,unsloth/Llama-3.2-3B,down_only,identity,20260904,63,1.934669017791748,2047,True,0.0
