layer,expert,module,routed_tokens,pooled_hessian,relative_weight_error,hessian_diag_max_over_median
38,0,gate_up,975,False,0.1432010978460312,13.047416374588229
38,1,gate_up,8987,False,0.11969613283872604,15.597542497606133
38,2,gate_up,396,True,0.11340569704771042,12.816645517473644
38,3,gate_up,143961,False,0.11412858963012695,13.805504515499146
38,4,gate_up,12729,False,0.11819563806056976,11.502628276897875
38,5,gate_up,5,True,0.11333964020013809,12.816645517473644
38,6,gate_up,1428,False,0.14330117404460907,11.770102471230283
38,7,gate_up,15017,False,0.11800730228424072,16.41028375823888
38,8,gate_up,16799,False,0.11794453859329224,14.030739884432675
38,9,gate_up,21,True,0.11342968791723251,12.816645517473644
38,10,gate_up,27508,False,0.11451965570449829,16.927202970897948
38,11,gate_up,6998,False,0.1221732422709465,16.339906696507995
38,12,gate_up,4927,False,0.12472488731145859,13.841308033607705
38,13,gate_up,3,True,0.11352130025625229,12.816645517473644
38,14,gate_up,12725,False,0.11934318393468857,13.030369557962818
38,15,gate_up,46007,False,0.11579938977956772,15.360008919427079
38,16,gate_up,33463,False,0.11550398916006088,13.248244957392124
38,17,gate_up,19271,False,0.11557973921298981,13.322182421595853
38,18,gate_up,35585,False,0.11588854342699051,14.700163790722664
38,19,gate_up,524,False,0.12606702744960785,10.712293275207195
38,20,gate_up,20225,False,0.11508390307426453,16.892225968520837
38,21,gate_up,6688,False,0.12292109429836273,13.625245948534605
38,22,gate_up,46674,False,0.11558087915182114,12.512145849437267
38,23,gate_up,84875,False,0.11478375643491745,14.565178816462291
38,24,gate_up,5760,False,0.12492601573467255,10.83324888998972
38,25,gate_up,95,True,0.11346200853586197,12.816645517473644
38,26,gate_up,16512,False,0.11863301694393158,11.854365212551583
38,27,gate_up,876,False,0.14322705566883087,9.97183345021509
38,28,gate_up,34527,False,0.11550942808389664,15.191157479668444
38,29,gate_up,553,False,0.1342218667268753,8.198027322269496
38,30,gate_up,12359,False,0.11891341954469681,15.220679548360593
38,31,gate_up,1185,False,0.14409413933753967,9.484188636049895
38,32,gate_up,9219,False,0.11763318628072739,13.957116643681218
38,33,gate_up,14503,False,0.11850398033857346,13.47317021174427
38,34,gate_up,47388,False,0.11585031449794769,14.148480665320408
38,35,gate_up,5,True,0.11339399963617325,12.816645517473644
38,36,gate_up,4129,False,0.1286202222108841,12.709358272948405
38,37,gate_up,3406,False,0.1320093423128128,11.984718532668026
38,38,gate_up,72815,False,0.11517174541950226,14.160237781031709
38,39,gate_up,52440,False,0.1156749501824379,13.756961100970331
38,40,gate_up,11874,False,0.11941461265087128,14.811835470853177
38,41,gate_up,6,True,0.11335115879774094,12.816645517473644
38,42,gate_up,318,True,0.1133965253829956,12.816645517473644
38,43,gate_up,72,True,0.11340636759996414,12.816645517473644
38,44,gate_up,45802,False,0.11576095223426819,14.445239690986046
38,45,gate_up,4,True,0.11349821090698242,12.816645517473644
38,46,gate_up,3259,False,0.13126014173030853,14.784759351146274
38,47,gate_up,20872,False,0.1170775294303894,13.670210080217002
38,48,gate_up,26883,False,0.11438807100057602,16.16262395814049
38,49,gate_up,13264,False,0.11911959946155548,13.797061061531343
38,50,gate_up,4740,False,0.12774139642715454,12.505618395098535
38,51,gate_up,15030,False,0.11827652901411057,14.896931006378782
38,52,gate_up,3671,False,0.12944208085536957,14.096330836283391
38,53,gate_up,57015,False,0.11515486240386963,13.544612926021244
38,54,gate_up,0,True,0.11341570317745209,12.816645517473644
38,55,gate_up,117697,False,0.11392716318368912,12.817614762124013
38,56,gate_up,3,True,0.11345402896404266,12.816645517473644
38,57,gate_up,70342,False,0.11484984308481216,13.418308997302908
38,58,gate_up,15087,False,0.1180213987827301,13.55726608649674
38,59,gate_up,1148,False,0.14883647859096527,8.106741347903535
38,60,gate_up,38715,False,0.11594614386558533,14.992993709562386
38,61,gate_up,3646,False,0.12678363919258118,12.669448190665845
38,62,gate_up,23580,False,0.11725940555334091,13.954745958726601
38,63,gate_up,3442,False,0.1270487904548645,16.2129281264783
38,64,gate_up,21918,False,0.11756113171577454,11.836999338062585
38,65,gate_up,4,True,0.11335679143667221,12.816645517473644
38,66,gate_up,27409,False,0.11788424849510193,14.503814640795678
38,67,gate_up,17621,False,0.11743152141571045,15.106726170609052
38,68,gate_up,34842,False,0.1154121458530426,13.13464103950756
38,69,gate_up,57433,False,0.11483871191740036,13.530693762345857
38,70,gate_up,123,True,0.11366834491491318,12.816645517473644
38,71,gate_up,28046,False,0.11670485138893127,15.144184310738307
38,72,gate_up,57,True,0.11348964273929596,12.816645517473644
38,73,gate_up,19638,False,0.11912785470485687,13.88695630781743
38,74,gate_up,2717,False,0.13533300161361694,13.980002949218951
38,75,gate_up,1738,False,0.13898460566997528,14.081724961006834
38,76,gate_up,14652,False,0.1192813515663147,12.890758775252674
38,77,gate_up,260,True,0.11340995877981186,12.816645517473644
38,78,gate_up,396,True,0.1134384348988533,12.816645517473644
38,79,gate_up,26257,False,0.11530989408493042,16.629149757815053
38,80,gate_up,28351,False,0.11559014022350311,16.662893289387508
38,81,gate_up,8196,False,0.11834084242582321,12.590750846767133
38,82,gate_up,16931,False,0.11812011152505875,11.480271075463131
38,83,gate_up,393,True,0.1134214922785759,12.816645517473644
38,84,gate_up,29324,False,0.11497632414102554,14.08600154147613
38,85,gate_up,3885,False,0.1272878497838974,13.365221730472946
38,86,gate_up,26174,False,0.11534999310970306,12.96285304163525
38,87,gate_up,11396,False,0.12073776125907898,12.278232599003909
38,88,gate_up,2004,False,0.13726726174354553,13.169622709669548
38,89,gate_up,854,False,0.13682207465171814,10.825607475760204
38,90,gate_up,13460,False,0.1170266717672348,14.49262960296875
38,91,gate_up,35,True,0.11352531611919403,12.816645517473644
38,92,gate_up,30161,False,0.11720864474773407,12.531971080638789
38,93,gate_up,1573,False,0.13188499212265015,10.275676670120287
38,94,gate_up,222,True,0.11333926022052765,12.816645517473644
38,95,gate_up,12969,False,0.11913769692182541,14.848056177839664
38,96,gate_up,10718,False,0.11890216916799545,13.127873106383797
38,97,gate_up,309,True,0.11329103261232376,12.816645517473644
38,98,gate_up,19674,False,0.11647546291351318,15.062211485391582
38,99,gate_up,18262,False,0.11832310259342194,12.854936182785432
38,100,gate_up,13648,False,0.11649894714355469,12.756078569992368
38,101,gate_up,38176,False,0.11527065187692642,13.96035110272182
38,102,gate_up,18362,False,0.11754784733057022,14.992026612179949
38,103,gate_up,1,True,0.11328073590993881,12.816645517473644
38,104,gate_up,140,True,0.1136007234454155,12.816645517473644
38,105,gate_up,24267,False,0.11452021449804306,14.182295546249483
38,106,gate_up,28,True,0.11331039667129517,12.816645517473644
38,107,gate_up,527,False,0.1259818822145462,10.54336070060208
38,108,gate_up,15022,False,0.11873369663953781,13.932721413932668
38,109,gate_up,13520,False,0.11898986995220184,13.435823589336644
38,110,gate_up,22184,False,0.11688003689050674,12.13283785113206
38,111,gate_up,32890,False,0.11555784940719604,14.672885078304803
38,112,gate_up,214,True,0.11330316960811615,12.816645517473644
38,113,gate_up,20,True,0.11341271549463272,12.816645517473644
38,114,gate_up,7706,False,0.12174419313669205,12.739208335708753
38,115,gate_up,81838,False,0.11434640735387802,14.444717486798078
38,116,gate_up,183,True,0.11339560896158218,12.816645517473644
38,117,gate_up,1879,False,0.1179019957780838,15.60905244676457
38,118,gate_up,2557,False,0.1352885663509369,13.499642263834607
38,119,gate_up,16258,False,0.11766745895147324,13.690896626119514
38,120,gate_up,5,True,0.11335401237010956,12.816645517473644
38,121,gate_up,2542,False,0.13496367633342743,13.466793248134032
38,122,gate_up,10,True,0.11328411847352982,12.816645517473644
38,123,gate_up,11,True,0.11331668496131897,12.816645517473644
38,124,gate_up,7,True,0.11331252753734589,12.816645517473644
38,125,gate_up,12180,False,0.11720504611730576,15.74832960209917
38,126,gate_up,6918,False,0.1218281015753746,14.2372688760324
38,127,gate_up,24,True,0.11318480968475342,12.816645517473644
38,0,down,975,False,0.1439688354730606,2.065997961933514
38,1,down,8987,False,0.11581582576036453,2.6087946540155182
38,2,down,396,True,0.0965595617890358,1.079220788566758
38,3,down,143961,False,0.10534287989139557,1.4090026061574619
38,4,down,12729,False,0.11946119368076324,2.2117916810236533
38,5,down,5,True,0.09680938720703125,1.0787591171336106
38,6,down,1428,False,0.1276336908340454,1.562424668415942
38,7,down,15017,False,0.10641609877347946,1.2780899933717607
38,8,down,16799,False,0.10710824280977249,1.350371668920332
38,9,down,21,True,0.09667409211397171,1.0808003397318438
38,10,down,27508,False,0.10637309402227402,1.314233002169741
38,11,down,6998,False,0.11912521719932556,1.5591313221943712
38,12,down,4927,False,0.11498961597681046,2.0295409846745205
38,13,down,3,True,0.0966363400220871,1.0788069564158995
38,14,down,12725,False,0.11581873148679733,1.538774692760564
38,15,down,46007,False,0.10869011282920837,1.3339769522448977
38,16,down,33463,False,0.11097937822341919,1.6342771629789588
38,17,down,19271,False,0.12123364210128784,2.4570722889068755
38,18,down,35585,False,0.11402632296085358,2.191353833606738
38,19,down,524,False,0.14813536405563354,1.94994752829056
38,20,down,20225,False,0.11833946406841278,3.5616885078551497
38,21,down,6688,False,0.11485752463340759,1.4848326324767978
38,22,down,46674,False,0.10407668352127075,1.2578109789741163
38,23,down,84875,False,0.10242181271314621,1.6705204176934498
38,24,down,5760,False,0.10952360928058624,1.1801465593379246
38,25,down,95,True,0.09658351540565491,1.0855551790042515
38,26,down,16512,False,0.11040262132883072,1.3037843025697982
38,27,down,876,False,0.1510358303785324,1.2785060776767543
38,28,down,34527,False,0.10749324411153793,1.6771655072340526
38,29,down,553,False,0.16119153797626495,1.4195888569093045
38,30,down,12359,False,0.10608384758234024,1.268588441508551
38,31,down,1185,False,0.13788750767707825,1.7646709427407585
38,32,down,9219,False,0.1234956830739975,2.788930972735869
38,33,down,14503,False,0.11720532923936844,1.476653377836038
38,34,down,47388,False,0.10484582185745239,1.5830671472001678
38,35,down,5,True,0.09663332253694534,1.079637363967754
38,36,down,4129,False,0.1162942573428154,1.603169050493217
38,37,down,3406,False,0.11523151397705078,1.68365324789266
38,38,down,72815,False,0.10879521816968918,1.35735245153604
38,39,down,52440,False,0.10403154045343399,1.4291642862831515
38,40,down,11874,False,0.10745442658662796,1.5401541599414532
38,41,down,6,True,0.09662672132253647,1.0793401991869367
38,42,down,318,True,0.09663273394107819,1.09147571339031
38,43,down,72,True,0.096413254737854,1.0788144372948194
38,44,down,45802,False,0.10337867587804794,1.3477327730433102
38,45,down,4,True,0.09666422754526138,1.0779778970498373
38,46,down,3259,False,0.11879340559244156,2.1766696591737427
38,47,down,20872,False,0.10773627460002899,1.2757032071948726
38,48,down,26883,False,0.11478207260370255,1.8353653390608884
38,49,down,13264,False,0.11421502381563187,2.176133731785963
38,50,down,4740,False,0.11368557065725327,1.7248838146720529
38,51,down,15030,False,0.10671818256378174,1.2957451970548926
38,52,down,3671,False,0.11057070642709732,1.2399061921248027
38,53,down,57015,False,0.10535929352045059,1.2887518466294565
38,54,down,0,True,0.09661570936441422,1.080008216170917
38,55,down,117697,False,0.11163513362407684,2.817373816209107
38,56,down,3,True,0.09667593985795975,1.0789814677931207
38,57,down,70342,False,0.10427738726139069,1.4925283417006803
38,58,down,15087,False,0.10890129208564758,1.9436302247406125
38,59,down,1148,False,0.1304585039615631,1.2147198835994357
38,60,down,38715,False,0.10724222660064697,1.4832504662613193
38,61,down,3646,False,0.12141666561365128,2.592781365803825
38,62,down,23580,False,0.11088147759437561,1.4255109235899293
38,63,down,3442,False,0.12054189294576645,1.6605238519445713
38,64,down,21918,False,0.10926380753517151,1.2490755444993873
38,65,down,4,True,0.0967475175857544,1.0769013274714678
38,66,down,27409,False,0.11434395611286163,1.5685327684053
38,67,down,17621,False,0.11666698753833771,1.596255060108754
38,68,down,34842,False,0.11217004805803299,1.4310443736121168
38,69,down,57433,False,0.11101651191711426,1.4800682898167732
38,70,down,123,True,0.0966268852353096,1.0775429135984573
38,71,down,28046,False,0.10887351632118225,1.4032463988645545
38,72,down,57,True,0.09643149375915527,1.0779331479894325
38,73,down,19638,False,0.11233668774366379,1.5862065435847845
38,74,down,2717,False,0.12224806845188141,1.6158618921459704
38,75,down,1738,False,0.12591488659381866,1.3984899233184651
38,76,down,14652,False,0.10680855810642242,1.3838505520293627
38,77,down,260,True,0.096657894551754,1.078400777281926
38,78,down,396,True,0.09643575549125671,1.0807404561042293
38,79,down,26257,False,0.1103435754776001,1.5672407275707267
38,80,down,28351,False,0.11112818866968155,1.5656852183460834
38,81,down,8196,False,0.1205180287361145,2.424617997130666
38,82,down,16931,False,0.10959090292453766,1.2403345569753577
38,83,down,393,True,0.09663169831037521,1.0821858762209606
38,84,down,29324,False,0.10849238932132721,1.4064466345868558
38,85,down,3885,False,0.127318874001503,3.206815691838505
38,86,down,26174,False,0.11231886595487595,2.147703073101436
38,87,down,11396,False,0.10802226513624191,1.2679874446704564
38,88,down,2004,False,0.1239020973443985,1.6649919489426788
38,89,down,854,False,0.15012632310390472,1.5107845927351156
38,90,down,13460,False,0.12213737517595291,1.982112217841807
38,91,down,35,True,0.09675276279449463,1.0760936600498165
38,92,down,30161,False,0.10559909045696259,1.2332364357950052
38,93,down,1573,False,0.13391271233558655,2.220379542946538
38,94,down,222,True,0.09651339799165726,1.0817705407044669
38,95,down,12969,False,0.10750748217105865,1.4293531808091497
38,96,down,10718,False,0.107290118932724,1.3137632910014188
38,97,down,309,True,0.09670695662498474,1.0790067637432452
38,98,down,19674,False,0.11511804908514023,1.5335428726651839
38,99,down,18262,False,0.10319088399410248,1.220665155136957
38,100,down,13648,False,0.12351825833320618,2.1886549963784288
38,101,down,38176,False,0.10751911252737045,1.2275212851964459
38,102,down,18362,False,0.11087018251419067,1.2549601930814225
38,103,down,1,True,0.0966637134552002,1.0785352793709269
38,104,down,140,True,0.09661758691072464,1.077890932893784
38,105,down,24267,False,0.11394303292036057,1.4862988849239358
38,106,down,28,True,0.09651835262775421,1.0794382872748756
38,107,down,527,False,0.15239644050598145,3.2060427304742958
38,108,down,15022,False,0.10858248919248581,1.286935348443527
38,109,down,13520,False,0.11153003573417664,1.5266359687902655
38,110,down,22184,False,0.1097615584731102,1.3774350288645656
38,111,down,32890,False,0.10359331220388412,1.2409082382688954
38,112,down,214,True,0.09654652327299118,1.081460989762517
38,113,down,20,True,0.09662384539842606,1.0807486828967794
38,114,down,7706,False,0.10663890093564987,1.234644089953078
38,115,down,81838,False,0.10570992529392242,1.4003828734829467
38,116,down,183,True,0.09654063731431961,1.0759737096501434
38,117,down,1879,False,0.13142530620098114,3.3458574872998117
38,118,down,2557,False,0.11539426445960999,1.4662556222174392
38,119,down,16258,False,0.11894280463457108,1.486713283249343
38,120,down,5,True,0.09649777412414551,1.0984691667660447
38,121,down,2542,False,0.1292964071035385,1.9352206012634996
38,122,down,10,True,0.09650730341672897,1.0822661637245325
38,123,down,11,True,0.0965537428855896,1.077818304670732
38,124,down,7,True,0.09658956527709961,1.0773180086056473
38,125,down,12180,False,0.11717012524604797,1.9050178902280563
38,126,down,6918,False,0.1276637613773346,1.4577828762882843
38,127,down,24,True,0.0964835062623024,1.0780525546217914
39,0,gate_up,24496,False,0.11500276625156403,10.740460726402294
39,1,gate_up,43716,False,0.11376967281103134,12.918180491448606
39,2,gate_up,7975,False,0.11993101984262466,13.41487858722655
39,3,gate_up,60261,False,0.11229103058576584,12.894613662950391
39,4,gate_up,35265,False,0.11322946846485138,14.507823435719452
39,5,gate_up,82,True,0.11104097217321396,11.266706043892823
39,6,gate_up,64150,False,0.11241607367992401,12.532868634993816
39,7,gate_up,42509,False,0.11347278207540512,12.460464800110396
39,8,gate_up,22666,False,0.11510559171438217,13.10245276019585
39,9,gate_up,12687,False,0.11738363653421402,12.243486892366086
39,10,gate_up,387,True,0.11119989305734634,11.266706043892823
39,11,gate_up,5715,False,0.12234613299369812,15.47987284150602
39,12,gate_up,483,True,0.1111445426940918,11.266706043892823
39,13,gate_up,487,True,0.11105388402938843,11.266706043892823
39,14,gate_up,878,False,0.1422855108976364,9.834752340249509
39,15,gate_up,44,True,0.11100265383720398,11.266706043892823
39,16,gate_up,85110,False,0.11259619146585464,12.016672849750906
39,17,gate_up,131880,False,0.11191350966691971,12.5839426870412
39,18,gate_up,4267,False,0.12715275585651398,12.525382544974951
39,19,gate_up,170,True,0.11099660396575928,11.266706043892823
39,20,gate_up,45399,False,0.11371327936649323,13.347530711340317
39,21,gate_up,119,True,0.11103039234876633,11.266706043892823
39,22,gate_up,25,True,0.11100175231695175,11.266706043892823
39,23,gate_up,27674,False,0.11334935575723648,15.167194682105471
39,24,gate_up,1179,False,0.14202982187271118,16.627139246417645
39,25,gate_up,27944,False,0.11452832818031311,10.954997466058602
39,26,gate_up,883,False,0.12550629675388336,15.746185124176488
39,27,gate_up,2051,False,0.14315049350261688,10.933122810453614
39,28,gate_up,8162,False,0.12047476321458817,11.380877842413321
39,29,gate_up,21396,False,0.11588072776794434,12.949239847943932
39,30,gate_up,36156,False,0.11386905610561371,10.715308228678476
39,31,gate_up,5609,False,0.1227865144610405,10.432987184429814
39,32,gate_up,55674,False,0.11336676776409149,13.518400677767472
39,33,gate_up,5244,False,0.12353834509849548,10.650402379771803
39,34,gate_up,32577,False,0.11279045790433884,12.411525315345756
39,35,gate_up,7511,False,0.11999858915805817,13.014169913624754
39,36,gate_up,876,False,0.13300056755542755,16.478453787673438
39,37,gate_up,21694,False,0.11465323716402054,11.058144809973037
39,38,gate_up,64,True,0.11088714748620987,11.266706043892823
39,39,gate_up,5760,False,0.12197864800691605,11.207516192147617
39,40,gate_up,146681,False,0.1119379922747612,12.431168409137994
39,41,gate_up,10456,False,0.11540932953357697,12.378060971676062
39,42,gate_up,7,True,0.11098147183656693,11.266706043892823
39,43,gate_up,2,True,0.11082052439451218,11.266706043892823
39,44,gate_up,3,True,0.11104034632444382,11.266706043892823
39,45,gate_up,21493,False,0.11562252044677734,13.287975299923586
39,46,gate_up,5426,False,0.12421507388353348,10.059761921706393
39,47,gate_up,49,True,0.1111295074224472,11.266706043892823
39,48,gate_up,2313,False,0.13589966297149658,15.064157247150506
39,49,gate_up,10144,False,0.11858875304460526,10.77101056742221
39,50,gate_up,5109,False,0.12316126376390457,9.407635034741451
39,51,gate_up,33486,False,0.11385081708431244,11.745445577581458
39,52,gate_up,19782,False,0.11429202556610107,11.702208809731045
39,53,gate_up,300,True,0.11095473915338516,11.266706043892823
39,54,gate_up,23754,False,0.1151266098022461,11.527297370533871
39,55,gate_up,13427,False,0.11708959192037582,11.065791296462216
39,56,gate_up,16088,False,0.11599370092153549,10.899813840783942
39,57,gate_up,22107,False,0.11468063294887543,14.658926448150346
39,58,gate_up,11097,False,0.11748887598514557,13.542420668685516
39,59,gate_up,2055,False,0.12460892647504807,12.893994614045056
39,60,gate_up,31161,False,0.11393320560455322,14.581245552887461
39,61,gate_up,17767,False,0.11459029465913773,12.984609333335513
39,62,gate_up,2,True,0.11109896004199982,11.266706043892823
39,63,gate_up,3454,False,0.12712572515010834,14.694923761216408
39,64,gate_up,700,False,0.13183508813381195,11.11092974276201
39,65,gate_up,86,True,0.11097642779350281,11.266706043892823
39,66,gate_up,45,True,0.11096678674221039,11.266706043892823
39,67,gate_up,17,True,0.11113239824771881,11.266706043892823
39,68,gate_up,103,True,0.11097995191812515,11.266706043892823
39,69,gate_up,17061,False,0.1157999187707901,11.919274141475535
39,70,gate_up,17779,False,0.11558310687541962,12.142830774852174
39,71,gate_up,33612,False,0.1137685626745224,12.55919686879374
39,72,gate_up,12177,False,0.1166551411151886,11.947924760958188
39,73,gate_up,222,True,0.11097035557031631,11.266706043892823
39,74,gate_up,5,True,0.11096962541341782,11.266706043892823
39,75,gate_up,5592,False,0.12138216197490692,16.327393942932083
39,76,gate_up,795,False,0.13777317106723785,12.800106937280024
39,77,gate_up,42235,False,0.113914355635643,10.498115751061308
39,78,gate_up,17224,False,0.11549199372529984,15.33722464279629
39,79,gate_up,250,True,0.1110084280371666,11.266706043892823
39,80,gate_up,11364,False,0.11825156956911087,12.579052139469882
39,81,gate_up,522,False,0.131199911236763,9.072938675450525
39,82,gate_up,16775,False,0.11631989479064941,11.581434580806722
39,83,gate_up,18200,False,0.11559295654296875,12.536946912156921
39,84,gate_up,73,True,0.11093947291374207,11.266706043892823
39,85,gate_up,27679,False,0.1131756380200386,14.90614151422841
39,86,gate_up,5790,False,0.12335933744907379,13.107100031555696
39,87,gate_up,28163,False,0.11415739357471466,10.758362496981432
39,88,gate_up,86,True,0.11109033226966858,11.266706043892823
39,89,gate_up,63726,False,0.11304081976413727,12.143700481664231
39,90,gate_up,19799,False,0.11481118202209473,14.0123606187765
39,91,gate_up,17115,False,0.11592309921979904,11.754025557038476
39,92,gate_up,0,True,0.11085483431816101,11.266706043892823
39,93,gate_up,805,False,0.12461227178573608,13.581331487547873
39,94,gate_up,37098,False,0.11378097534179688,13.145085169256243
39,95,gate_up,39367,False,0.11394620686769485,12.908473611035031
39,96,gate_up,11235,False,0.11657753586769104,12.497699882714322
39,97,gate_up,4,True,0.11092081665992737,11.266706043892823
39,98,gate_up,33523,False,0.11394795030355453,11.290885315132229
39,99,gate_up,19,True,0.11101292073726654,11.266706043892823
39,100,gate_up,33893,False,0.11328941583633423,12.039379622269205
39,101,gate_up,23250,False,0.11387594044208527,13.470949848349262
39,102,gate_up,2048,False,0.1386452168226242,12.162810364230756
39,103,gate_up,21388,False,0.1146751269698143,14.213814247593294
39,104,gate_up,1922,False,0.14124421775341034,11.398263101412205
39,105,gate_up,76,True,0.11096253246068954,11.266706043892823
39,106,gate_up,31105,False,0.11431613564491272,11.044413842363124
39,107,gate_up,33943,False,0.11397459357976913,13.556657335232126
39,108,gate_up,28,True,0.11100656539201736,11.266706043892823
39,109,gate_up,16070,False,0.11591865122318268,13.627984057381141
39,110,gate_up,12762,False,0.11712205410003662,10.665086481689277
39,111,gate_up,54,True,0.11104755848646164,11.266706043892823
39,112,gate_up,308,True,0.11098605394363403,11.266706043892823
39,113,gate_up,70,True,0.11089148372411728,11.266706043892823
39,114,gate_up,1,True,0.11107087880373001,11.266706043892823
39,115,gate_up,2356,False,0.1369403451681137,11.554465803308988
39,116,gate_up,19169,False,0.11567983776330948,13.056285761308429
39,117,gate_up,4770,False,0.12595802545547485,12.68236095745206
39,118,gate_up,1209,False,0.14299793541431427,11.322431330499931
39,119,gate_up,254,True,0.11089710891246796,11.266706043892823
39,120,gate_up,29722,False,0.11435175687074661,12.055155819644007
39,121,gate_up,59663,False,0.1126474142074585,14.168856960334981
39,122,gate_up,493,True,0.11105596274137497,11.266706043892823
39,123,gate_up,102,True,0.1109284982085228,11.266706043892823
39,124,gate_up,97,True,0.11103165149688721,11.266706043892823
39,125,gate_up,27420,False,0.11480316519737244,12.188786797585704
39,126,gate_up,25697,False,0.11565554141998291,13.830951336026892
39,127,gate_up,24648,False,0.11433789134025574,11.29084437160467
39,0,down,24496,False,0.11378326267004013,1.412457905099132
39,1,down,43716,False,0.1034475564956665,1.5170598388315184
39,2,down,7975,False,0.12753508985042572,3.043000475518932
39,3,down,60261,False,0.10610834509134293,1.5248459069660854
39,4,down,35265,False,0.11347542703151703,1.4737866071503025
39,5,down,82,True,0.09669643640518188,1.1195622061729544
39,6,down,64150,False,0.10502521693706512,1.3407056400171626
39,7,down,42509,False,0.10545795410871506,1.3661347579943148
39,8,down,22666,False,0.10561428219079971,1.3536299426928722
39,9,down,12687,False,0.11254709959030151,1.349878679535073
39,10,down,387,True,0.09664390236139297,1.143917583999005
39,11,down,5715,False,0.11703957617282867,1.6443397897720562
39,12,down,483,True,0.09695715457201004,1.127881631259687
39,13,down,487,True,0.09692803770303726,1.1153185918688122
39,14,down,878,False,0.14928217232227325,1.6966411936905283
39,15,down,44,True,0.09689834713935852,1.1178317200707182
39,16,down,85110,False,0.11031872779130936,1.5135713411827918
39,17,down,131880,False,0.10344277322292328,1.3231264157398237
39,18,down,4267,False,0.11508804559707642,1.4197585672677697
39,19,down,170,True,0.09680311381816864,1.1174106319218973
39,20,down,45399,False,0.1105811819434166,1.845853480395771
39,21,down,119,True,0.09684246778488159,1.114878913065095
39,22,down,25,True,0.09689193218946457,1.1157655554247907
39,23,down,27674,False,0.10551510751247406,1.3925796402695005
39,24,down,1179,False,0.13759900629520416,1.865070606939119
39,25,down,27944,False,0.11025208234786987,1.3731496522202067
39,26,down,883,False,0.14379803836345673,2.6860617154239548
39,27,down,2051,False,0.11784982681274414,1.219075822599841
39,28,down,8162,False,0.12004956603050232,1.4973498550568825
39,29,down,21396,False,0.12309646606445312,1.3051119234427926
39,30,down,36156,False,0.11068866401910782,1.2728865360363126
39,31,down,5609,False,0.12100499123334885,2.1518508559621434
39,32,down,55674,False,0.10861575603485107,1.9577042497768136
39,33,down,5244,False,0.12440603971481323,1.5745496508726327
39,34,down,32577,False,0.10835503041744232,1.3749746107260221
39,35,down,7511,False,0.10860444605350494,1.4095969257363679
39,36,down,876,False,0.15385505557060242,2.103032818825843
39,37,down,21694,False,0.10946387052536011,1.2775025468935264
39,38,down,64,True,0.09696685522794724,1.1165779957641773
39,39,down,5760,False,0.10998190939426422,1.5084273575706924
39,40,down,146681,False,0.10511119663715363,1.4002797750737463
39,41,down,10456,False,0.12353793531656265,3.6092441947437885
39,42,down,7,True,0.0968790203332901,1.119809234875559
39,43,down,2,True,0.09675478935241699,1.1168717023621502
39,44,down,3,True,0.09682083129882812,1.1102755072647477
39,45,down,21493,False,0.1209438219666481,1.3996465391110624
39,46,down,5426,False,0.11361359804868698,1.1528360860792972
39,47,down,49,True,0.09696852415800095,1.1154527519717912
39,48,down,2313,False,0.12315265834331512,1.6433010477285603
39,49,down,10144,False,0.11835575848817825,1.9293042040989066
39,50,down,5109,False,0.10596166551113129,1.1379740630641628
39,51,down,33486,False,0.10701842606067657,1.17929658083879
39,52,down,19782,False,0.12412859499454498,2.5352440690136135
39,53,down,300,True,0.09670660644769669,1.1138566280947764
39,54,down,23754,False,0.11325400322675705,1.4215243463243585
39,55,down,13427,False,0.10432909429073334,1.2907318261742087
39,56,down,16088,False,0.10695632547140121,1.1977595351838368
39,57,down,22107,False,0.10694423317909241,1.3946356324584
39,58,down,11097,False,0.10979621112346649,1.2560872791297586
39,59,down,2055,False,0.13063813745975494,4.122293281880427
39,60,down,31161,False,0.10756926983594894,1.6643944973078595
39,61,down,17767,False,0.10885798186063766,1.2634685265057086
39,62,down,2,True,0.09673355519771576,1.1199003116054012
39,63,down,3454,False,0.1189906969666481,1.6319984849187954
39,64,down,700,False,0.1556001603603363,1.530748242594063
39,65,down,86,True,0.09694205224514008,1.1159240537383357
39,66,down,45,True,0.09687110036611557,1.114407725695088
39,67,down,17,True,0.09683909267187119,1.1237914822221147
39,68,down,103,True,0.09694091975688934,1.118117373487686
39,69,down,17061,False,0.10646660625934601,1.4759034357538954
39,70,down,17779,False,0.12252674996852875,2.446286689024501
39,71,down,33612,False,0.1085284873843193,1.4614693831100427
39,72,down,12177,False,0.11099342256784439,1.446220950876667
39,73,down,222,True,0.09715388715267181,1.1112834010522246
39,74,down,5,True,0.09687437117099762,1.1195539093980218
39,75,down,5592,False,0.12099435925483704,3.1777871682601835
39,76,down,795,False,0.15068602561950684,1.553296035695002
39,77,down,42235,False,0.10263577103614807,1.1707657355394951
39,78,down,17224,False,0.10651440173387527,1.392894126753013
39,79,down,250,True,0.09676382690668106,1.1085136597149288
39,80,down,11364,False,0.11936073005199432,1.4257194566550055
39,81,down,522,False,0.1601572036743164,3.343445386225306
39,82,down,16775,False,0.10618079453706741,1.3176269283596709
39,83,down,18200,False,0.10992898792028427,1.2860410514406213
39,84,down,73,True,0.0967932641506195,1.1150651060566157
39,85,down,27679,False,0.11519888043403625,1.5566654398576478
39,86,down,5790,False,0.11113642901182175,1.5694010368380802
39,87,down,28163,False,0.10876832902431488,1.3057097440089278
39,88,down,86,True,0.09676966816186905,1.1215169006795052
39,89,down,63726,False,0.10777388513088226,1.439224685486183
39,90,down,19799,False,0.10894037783145905,1.2787376915546342
39,91,down,17115,False,0.10365686565637589,1.2667740963710346
39,92,down,0,True,0.09673465043306351,1.1183724892433273
39,93,down,805,False,0.14536945521831512,3.463638558662711
39,94,down,37098,False,0.10585784912109375,1.351827630713964
39,95,down,39367,False,0.10624049603939056,1.548349826391204
39,96,down,11235,False,0.10451240092515945,1.2460377985181288
39,97,down,4,True,0.09698782116174698,1.1145401339342427
39,98,down,33523,False,0.1074838861823082,1.2579487967807297
39,99,down,19,True,0.09689335525035858,1.1171822577426334
39,100,down,33893,False,0.11156609654426575,1.1944460089165025
39,101,down,23250,False,0.12271848320960999,3.587932657204844
39,102,down,2048,False,0.12993702292442322,1.8517459778215641
39,103,down,21388,False,0.11412087827920914,1.7547238383663655
39,104,down,1922,False,0.12406846880912781,1.3910385326936587
39,105,down,76,True,0.09689849615097046,1.1136440460609496
39,106,down,31105,False,0.10468210279941559,1.204217948535558
39,107,down,33943,False,0.11072579026222229,1.3717299189739194
39,108,down,28,True,0.09683285653591156,1.1148991757881987
39,109,down,16070,False,0.10865003615617752,1.194269318551705
39,110,down,12762,False,0.10302700102329254,1.151693920535807
39,111,down,54,True,0.09700357913970947,1.1127221585785323
39,112,down,308,True,0.09683412313461304,1.1325955939462495
39,113,down,70,True,0.09690118581056595,1.117932712684979
39,114,down,1,True,0.09679961204528809,1.1170727874937303
39,115,down,2356,False,0.11630844324827194,1.3870008811990855
39,116,down,19169,False,0.10835891962051392,1.530622404171758
39,117,down,4770,False,0.12123532593250275,1.7048579889589295
39,118,down,1209,False,0.13048654794692993,1.4842216999414302
39,119,down,254,True,0.0967954695224762,1.1150638198029519
39,120,down,29722,False,0.11101211607456207,1.639133378383758
39,121,down,59663,False,0.10387510061264038,1.2342024856723572
39,122,down,493,True,0.09682539105415344,1.1174872573777428
39,123,down,102,True,0.09682288765907288,1.11630836045811
39,124,down,97,True,0.09681421518325806,1.1176367355862158
39,125,down,27420,False,0.10543700307607651,1.2750925529092005
39,126,down,25697,False,0.10837820917367935,1.8803976202124737
39,127,down,24648,False,0.11831255257129669,2.018127864977121
40,0,gate_up,19372,False,0.11637108772993088,11.65648293140146
40,1,gate_up,923,False,0.13585026562213898,14.058679698275773
40,2,gate_up,51,True,0.11092106997966766,10.752265617417011
40,3,gate_up,18,True,0.11091122031211853,10.752265617417011
40,4,gate_up,12726,False,0.11647755652666092,13.06340436856781
40,5,gate_up,3752,False,0.1221553310751915,17.7496225527959
40,6,gate_up,6713,False,0.12073437124490738,11.40612938603264
40,7,gate_up,19866,False,0.11544836312532425,12.975184628107966
40,8,gate_up,26622,False,0.11360079795122147,15.009450197915159
40,9,gate_up,4430,False,0.1267232894897461,11.130525922778261
40,10,gate_up,818,False,0.13061973452568054,11.531164578996497
40,11,gate_up,16596,False,0.11559494584798813,14.158220640308077
40,12,gate_up,15481,False,0.11529119312763214,14.396457352287706
40,13,gate_up,30234,False,0.1149313822388649,10.605771795572275
40,14,gate_up,100913,False,0.1123894676566124,11.343324051062952
40,15,gate_up,29088,False,0.11431138962507248,14.789952985746122
40,16,gate_up,51839,False,0.1136387437582016,12.387374663572382
40,17,gate_up,2335,False,0.1318720132112503,11.110665334438528
40,18,gate_up,2878,False,0.1323833465576172,12.279993615299055
40,19,gate_up,4928,False,0.12349032610654831,12.672459920835689
40,20,gate_up,34372,False,0.11366889625787735,12.612947705919265
40,21,gate_up,3,True,0.11101163178682327,10.752265617417011
40,22,gate_up,4869,False,0.1261512190103531,11.675885927018578
40,23,gate_up,7476,False,0.12005485594272614,10.944428431551454
40,24,gate_up,3427,False,0.13132083415985107,12.781575884758762
40,25,gate_up,268,True,0.11102037876844406,10.752265617417011
40,26,gate_up,77773,False,0.11195872724056244,10.675866539173223
40,27,gate_up,15089,False,0.11617191135883331,10.061271795613532
40,28,gate_up,19191,False,0.11505750566720963,10.369573944440175
40,29,gate_up,37818,False,0.11400523036718369,12.247224176435477
40,30,gate_up,116984,False,0.11214613914489746,10.741193453868123
40,31,gate_up,4,True,0.11083227396011353,10.752265617417011
40,32,gate_up,2444,False,0.13663946092128754,12.411141061448317
40,33,gate_up,6626,False,0.12167135626077652,11.40336099104165
40,34,gate_up,343,True,0.11097579449415207,10.752265617417011
40,35,gate_up,25463,False,0.1147151067852974,11.06141981063224
40,36,gate_up,2037,False,0.1394362598657608,13.069588603227245
40,37,gate_up,19561,False,0.11582624912261963,13.47885043845884
40,38,gate_up,4,True,0.11093328893184662,10.752265617417011
40,39,gate_up,24513,False,0.11470954120159149,10.672324450643421
40,40,gate_up,18860,False,0.11530306190252304,12.68013090908858
40,41,gate_up,1987,False,0.1408265382051468,12.923359259672187
40,42,gate_up,7360,False,0.11809062957763672,14.535841389361549
40,43,gate_up,51315,False,0.11345965415239334,11.805044414344984
40,44,gate_up,45989,False,0.11394038796424866,12.698485897745623
40,45,gate_up,19654,False,0.1159040555357933,13.02135817755864
40,46,gate_up,307,True,0.11108987778425217,10.752265617417011
40,47,gate_up,8,True,0.11089541763067245,10.752265617417011
40,48,gate_up,18141,False,0.1159578263759613,13.914016509347864
40,49,gate_up,247,True,0.11104802042245865,10.752265617417011
40,50,gate_up,10634,False,0.11974227428436279,10.21147335406338
40,51,gate_up,26870,False,0.11469472199678421,10.403140926405632
40,52,gate_up,17848,False,0.11465725302696228,13.657476568025864
40,53,gate_up,1234,False,0.14819002151489258,8.484883046816305
40,54,gate_up,34660,False,0.11359091848134995,11.62311427387623
40,55,gate_up,25800,False,0.11439275741577148,14.451499139034992
40,56,gate_up,4,True,0.11091298609972,10.752265617417011
40,57,gate_up,4541,False,0.12655961513519287,9.369954997577356
40,58,gate_up,1657,False,0.11959168314933777,17.936742951055308
40,59,gate_up,64,True,0.11102602630853653,10.752265617417011
40,60,gate_up,20255,False,0.1151624470949173,13.513493226703648
40,61,gate_up,4,True,0.11093223094940186,10.752265617417011
40,62,gate_up,4651,False,0.1274654120206833,10.965078077319728
40,63,gate_up,2026,False,0.13956715166568756,15.34432324526395
40,64,gate_up,156,True,0.111198291182518,10.752265617417011
40,65,gate_up,14834,False,0.11666268110275269,11.755253563723162
40,66,gate_up,12,True,0.11109761893749237,10.752265617417011
40,67,gate_up,101,True,0.1108802929520607,10.752265617417011
40,68,gate_up,209,True,0.1110934317111969,10.752265617417011
40,69,gate_up,39,True,0.11111890524625778,10.752265617417011
40,70,gate_up,1395,False,0.12966176867485046,12.115829608446605
40,71,gate_up,72,True,0.11113022267818451,10.752265617417011
40,72,gate_up,8597,False,0.11858055740594864,13.042221281724471
40,73,gate_up,16506,False,0.11650970578193665,15.26592029710175
40,74,gate_up,4125,False,0.1277121752500534,11.49819066738537
40,75,gate_up,45655,False,0.11363700777292252,13.33528467108325
40,76,gate_up,2077,False,0.13046875596046448,14.525414224690556
40,77,gate_up,40271,False,0.11391784250736237,12.544385830249213
40,78,gate_up,28604,False,0.1145186573266983,12.742335232775847
40,79,gate_up,20993,False,0.11538221687078476,11.15606210238824
40,80,gate_up,93277,False,0.11225675791501999,11.589088979977484
40,81,gate_up,15441,False,0.1163119226694107,13.940747267719976
40,82,gate_up,18835,False,0.1156405359506607,10.593153730016697
40,83,gate_up,36511,False,0.11413232982158661,12.125947365647049
40,84,gate_up,2908,False,0.13194893300533295,11.62892486680634
40,85,gate_up,2231,False,0.13728778064250946,12.722670388393825
40,86,gate_up,0,True,0.1108674705028534,10.752265617417011
40,87,gate_up,136,True,0.11108488589525223,10.752265617417011
40,88,gate_up,0,True,0.11088398098945618,10.752265617417011
40,89,gate_up,8900,False,0.11923109740018845,12.060902746746292
40,90,gate_up,27643,False,0.11578910797834396,10.337736242099709
40,91,gate_up,1666,False,0.14039023220539093,10.841613338550896
40,92,gate_up,764,False,0.12929533421993256,11.324818492496508
40,93,gate_up,12834,False,0.11802729219198227,12.432218145785075
40,94,gate_up,13883,False,0.1175772100687027,10.264402336705993
40,95,gate_up,155,True,0.1110779196023941,10.752265617417011
40,96,gate_up,1,True,0.11097027361392975,10.752265617417011
40,97,gate_up,5632,False,0.12458895891904831,9.55535453176002
40,98,gate_up,74,True,0.1110420897603035,10.752265617417011
40,99,gate_up,1981,False,0.120188869535923,12.299724917088506
40,100,gate_up,23203,False,0.11662153154611588,11.365451119956143
40,101,gate_up,28528,False,0.11474115401506424,10.667886843974255
40,102,gate_up,45785,False,0.11352988332509995,12.184500488808109
40,103,gate_up,3995,False,0.12284678220748901,12.179672485703819
40,104,gate_up,8,True,0.1110277995467186,10.752265617417011
40,105,gate_up,44673,False,0.11357876658439636,11.878787309063773
40,106,gate_up,11300,False,0.11974508315324783,12.115797410459983
40,107,gate_up,5047,False,0.12290424853563309,13.255951665846371
40,108,gate_up,53673,False,0.11281483620405197,13.228074250540336
40,109,gate_up,19366,False,0.11498155444860458,10.423652114055983
40,110,gate_up,29177,False,0.1142687052488327,13.314102411621246
40,111,gate_up,11231,False,0.11708664149045944,11.73451690535369
40,112,gate_up,20451,False,0.11704213917255402,11.103738957435272
40,113,gate_up,5019,False,0.12410792708396912,11.337165018011701
40,114,gate_up,57074,False,0.11313597112894058,11.404229827148143
40,115,gate_up,42963,False,0.11263148486614227,11.493219775349823
40,116,gate_up,19,True,0.11104878783226013,10.752265617417011
40,117,gate_up,6550,False,0.12233971059322357,11.821992211671114
40,118,gate_up,60,True,0.11109355092048645,10.752265617417011
40,119,gate_up,22328,False,0.11417023837566376,12.56604442295236
40,120,gate_up,3,True,0.11106369644403458,10.752265617417011
40,121,gate_up,35482,False,0.11346310377120972,12.380965022897724
40,122,gate_up,72,True,0.11107928305864334,10.752265617417011
40,123,gate_up,24455,False,0.11495333909988403,11.32405001574407
40,124,gate_up,30643,False,0.11355017125606537,14.426995778416321
40,125,gate_up,4,True,0.1111292839050293,10.752265617417011
40,126,gate_up,1425,False,0.13798531889915466,10.85435146787562
40,127,gate_up,86136,False,0.11227916181087494,11.93131217425984
40,0,down,19372,False,0.1270763874053955,1.4577190793797488
40,1,down,923,False,0.1412714570760727,2.179011518631325
40,2,down,51,True,0.09683846682310104,1.083511367155786
40,3,down,18,True,0.09681708365678787,1.080392209483383
40,4,down,12726,False,0.11423689872026443,1.4488940421976018
40,5,down,3752,False,0.12769758701324463,3.8113048449650906
40,6,down,6713,False,0.12464481592178345,1.2029809908753335
40,7,down,19866,False,0.11691728979349136,1.2343339197769803
40,8,down,26622,False,0.11164833605289459,1.4510056703122347
40,9,down,4430,False,0.1151098683476448,1.3950700052706058
40,10,down,818,False,0.14996877312660217,2.337516584474888
40,11,down,16596,False,0.11490759253501892,1.4928208134123533
40,12,down,15481,False,0.11930285394191742,1.8918408119666346
40,13,down,30234,False,0.10809066146612167,1.5419810670113363
40,14,down,100913,False,0.10674531012773514,1.659389991496899
40,15,down,29088,False,0.11000825464725494,1.652192006162969
40,16,down,51839,False,0.11434002220630646,1.3829407883312586
40,17,down,2335,False,0.13450974225997925,1.99366760558421
40,18,down,2878,False,0.11829192191362381,1.5634913487882731
40,19,down,4928,False,0.11324792355298996,1.5612807518885845
40,20,down,34372,False,0.1107824519276619,1.733866411917305
40,21,down,3,True,0.09676577895879745,1.0854862674942816
40,22,down,4869,False,0.12411914020776749,1.4582097514355392
40,23,down,7476,False,0.11603954434394836,1.2423172062202852
40,24,down,3427,False,0.1216600313782692,1.3760491359442708
40,25,down,268,True,0.09684276580810547,1.0830363902650944
40,26,down,77773,False,0.1105385422706604,1.4937638272300808
40,27,down,15089,False,0.1067332848906517,1.2066650525435232
40,28,down,19191,False,0.10609972476959229,1.09938177876887
40,29,down,37818,False,0.10767452418804169,1.3695479666673918
40,30,down,116984,False,0.11081570386886597,1.8430710791761917
40,31,down,4,True,0.09674231708049774,1.083178689039392
40,32,down,2444,False,0.13255970180034637,1.768136016860819
40,33,down,6626,False,0.11410051584243774,1.4629087814830604
40,34,down,343,True,0.09673914313316345,1.0831092938604956
40,35,down,25463,False,0.11305879056453705,1.4019811765814563
40,36,down,2037,False,0.12111963331699371,1.3370204183913807
40,37,down,19561,False,0.11136776953935623,1.5836620093987668
40,38,down,4,True,0.09660759568214417,1.085089734239894
40,39,down,24513,False,0.11001309007406235,1.5788011344538084
40,40,down,18860,False,0.1101766899228096,1.3801048124037565
40,41,down,1987,False,0.13272295892238617,2.249323200447278
40,42,down,7360,False,0.11773745715618134,3.4434973933398045
40,43,down,51315,False,0.10538118332624435,1.3202543934644961
40,44,down,45989,False,0.11482636630535126,1.668429982592647
40,45,down,19654,False,0.10924253612756729,1.4178281193220572
40,46,down,307,True,0.09672302007675171,1.084494540968552
40,47,down,8,True,0.09691824018955231,1.0836088537303636
40,48,down,18141,False,0.12014361470937729,2.1042347538018125
40,49,down,247,True,0.09674342721700668,1.08464067512959
40,50,down,10634,False,0.11747418344020844,2.3047857286542897
40,51,down,26870,False,0.10871890932321548,1.5211465306461662
40,52,down,17848,False,0.10765321552753448,1.7451701775636286
40,53,down,1234,False,0.13229551911354065,1.335692891263207
40,54,down,34660,False,0.11402498930692673,1.4046483921008348
40,55,down,25800,False,0.1113678514957428,1.3393465107072808
40,56,down,4,True,0.09657324850559235,1.0850742008014622
40,57,down,4541,False,0.11671007424592972,1.7905851234434504
40,58,down,1657,False,0.12925460934638977,7.6168898184616465
40,59,down,64,True,0.09681101143360138,1.0847580795292804
40,60,down,20255,False,0.1108160987496376,1.6581230178807462
40,61,down,4,True,0.09664454311132431,1.0856706084219185
40,62,down,4651,False,0.11395757645368576,1.3663141501958038
40,63,down,2026,False,0.12695980072021484,1.4972316739846874
40,64,down,156,True,0.09680105745792389,1.077455598027019
40,65,down,14834,False,0.11154564470052719,1.504984964351898
40,66,down,12,True,0.09682291001081467,1.0818969190214234
40,67,down,101,True,0.09674309194087982,1.0831099674655742
40,68,down,209,True,0.09666744619607925,1.0836113089703814
40,69,down,39,True,0.09676442295312881,1.08322461006089
40,70,down,1395,False,0.1423502415418625,2.7484528203437106
40,71,down,72,True,0.09684430807828903,1.0831663323190195
40,72,down,8597,False,0.11563493311405182,2.2490753995204673
40,73,down,16506,False,0.11847783625125885,1.9790495032294937
40,74,down,4125,False,0.11927930265665054,1.5345131502593656
40,75,down,45655,False,0.10813482105731964,1.4785013009047534
40,76,down,2077,False,0.13372114300727844,2.829851794695427
40,77,down,40271,False,0.1096484437584877,1.504187849044958
40,78,down,28604,False,0.10962662845849991,1.5270446851999375
40,79,down,20993,False,0.10658471286296844,1.483334497653736
40,80,down,93277,False,0.10872269421815872,1.7114000472416808
40,81,down,15441,False,0.12467504292726517,2.0804822387346933
40,82,down,18835,False,0.11520609259605408,1.5224433447871364
40,83,down,36511,False,0.10683245956897736,1.6253739949937802
40,84,down,2908,False,0.12919855117797852,2.615171951423466
40,85,down,2231,False,0.12290100753307343,1.5332228732519744
40,86,down,0,True,0.09663456678390503,1.0847187240805987
40,87,down,136,True,0.09687608480453491,1.0814951399477206
40,88,down,0,True,0.09671085327863693,1.0830703957222085
40,89,down,8900,False,0.12633755803108215,1.6408058819363862
40,90,down,27643,False,0.11700721085071564,1.387633880812473
40,91,down,1666,False,0.13537149131298065,2.109059858835472
40,92,down,764,False,0.1544831395149231,2.595628041190505
40,93,down,12834,False,0.11422526836395264,1.3937950859401975
40,94,down,13883,False,0.108162522315979,1.283050916248673
40,95,down,155,True,0.0967901349067688,1.0851769735609513
40,96,down,1,True,0.09674078226089478,1.0853129468282383
40,97,down,5632,False,0.11647507548332214,1.588486537911397
40,98,down,74,True,0.09675613790750504,1.0840802428430312
40,99,down,1981,False,0.13199728727340698,3.2976806362711346
40,100,down,23203,False,0.12188776582479477,1.5883344172347986
40,101,down,28528,False,0.11294739693403244,1.2683540423861215
40,102,down,45785,False,0.10564351081848145,1.426258943304278
40,103,down,3995,False,0.12398570775985718,2.2336948785806254
40,104,down,8,True,0.09676060825586319,1.079578596601232
40,105,down,44673,False,0.11086928099393845,1.624168724321688
40,106,down,11300,False,0.11391370743513107,1.5300952884355679
40,107,down,5047,False,0.12374917417764664,2.1106441995967247
40,108,down,53673,False,0.11168089509010315,1.370476775351852
40,109,down,19366,False,0.11023035645484924,1.242883572355066
40,110,down,29177,False,0.11049562692642212,1.4724677747100026
40,111,down,11231,False,0.11864196509122849,1.2985116781014665
40,112,down,20451,False,0.12026148289442062,1.390704476699908
40,113,down,5019,False,0.12707406282424927,1.4991717919792795
40,114,down,57074,False,0.10845174640417099,1.2889808634060473
40,115,down,42963,False,0.10965482890605927,1.6917575554577116
40,116,down,19,True,0.09674471616744995,1.0838376618621708
40,117,down,6550,False,0.11207861453294754,1.8679101483477254
40,118,down,60,True,0.09693708270788193,1.083666153666641
40,119,down,22328,False,0.11457224935293198,1.734909381845599
40,120,down,3,True,0.09679876267910004,1.0836869486171732
40,121,down,35482,False,0.10955614596605301,1.732883108235235
40,122,down,72,True,0.09694691747426987,1.0831406407103583
40,123,down,24455,False,0.11016061156988144,1.5138620307650048
40,124,down,30643,False,0.11514439433813095,1.583815777011534
40,125,down,4,True,0.09669086337089539,1.0835994786983494
40,126,down,1425,False,0.14050567150115967,3.0642782528427026
40,127,down,86136,False,0.10756821185350418,1.348654102621712
41,0,gate_up,40232,False,0.11322366446256638,13.144455164927939
41,1,gate_up,73972,False,0.11185322701931,12.13383118499808
41,2,gate_up,36602,False,0.11331004649400711,12.320091293595183
41,3,gate_up,207,True,0.11017060279846191,10.880079424557177
41,4,gate_up,0,True,0.10984037071466446,10.880079424557177
41,5,gate_up,29891,False,0.11478307843208313,9.857692619034191
41,6,gate_up,28030,False,0.1131846085190773,10.815801544394436
41,7,gate_up,20475,False,0.1169746145606041,11.991603082398354
41,8,gate_up,2,True,0.11021846532821655,10.880079424557177
41,9,gate_up,83540,False,0.11198627948760986,11.722288252234291
41,10,gate_up,7276,False,0.1204485073685646,15.448783687815812
41,11,gate_up,32880,False,0.11318369954824448,10.910795978265407
41,12,gate_up,126,True,0.10998519510030746,10.880079424557177
41,13,gate_up,2271,False,0.13944292068481445,12.146056131908846
41,14,gate_up,35650,False,0.1133459061384201,11.901886767682821
41,15,gate_up,36419,False,0.11337669938802719,14.594478930611473
41,16,gate_up,13,True,0.11018338799476624,10.880079424557177
41,17,gate_up,22767,False,0.11462467908859253,14.720239516788803
41,18,gate_up,32273,False,0.11218196153640747,11.82340803324774
41,19,gate_up,27158,False,0.11356324702501297,14.222947489868638
41,20,gate_up,32874,False,0.1139729768037796,12.767765931697909
41,21,gate_up,17729,False,0.11584259569644928,12.93140183669978
41,22,gate_up,432,True,0.11007959395647049,10.880079424557177
41,23,gate_up,31,True,0.11004259437322617,10.880079424557177
41,24,gate_up,1,True,0.1099267527461052,10.880079424557177
41,25,gate_up,4286,False,0.12618817389011383,10.07257305078084
41,26,gate_up,7375,False,0.11972329765558243,13.27213956886428
41,27,gate_up,44,True,0.1100928783416748,10.880079424557177
41,28,gate_up,93,True,0.11004500836133957,10.880079424557177
41,29,gate_up,48,True,0.1100897416472435,10.880079424557177
41,30,gate_up,13027,False,0.11563859134912491,11.16761397273216
41,31,gate_up,8,True,0.1100521832704544,10.880079424557177
41,32,gate_up,7,True,0.11003363877534866,10.880079424557177
41,33,gate_up,415,True,0.11003439873456955,10.880079424557177
41,34,gate_up,6290,False,0.12120089679956436,14.295530194164403
41,35,gate_up,36950,False,0.11325482279062271,12.410332560710545
41,36,gate_up,37332,False,0.11280183494091034,13.27334138698132
41,37,gate_up,1729,False,0.13796687126159668,14.788291318614887
41,38,gate_up,1643,False,0.1274004578590393,19.76582104854568
41,39,gate_up,5015,False,0.12275945395231247,14.864634821724657
41,40,gate_up,226,True,0.11009315401315689,10.880079424557177
41,41,gate_up,988,False,0.11766651272773743,13.865958301631181
41,42,gate_up,23773,False,0.11399119347333908,13.890889906200616
41,43,gate_up,1,True,0.11003442108631134,10.880079424557177
41,44,gate_up,11542,False,0.1190555989742279,10.396979762749853
41,45,gate_up,35818,False,0.11276842653751373,12.363720711195274
41,46,gate_up,25353,False,0.11395654082298279,14.356791377203125
41,47,gate_up,8024,False,0.11867286264896393,12.768523146567839
41,48,gate_up,22072,False,0.1150517538189888,13.878355558467865
41,49,gate_up,26487,False,0.11251187324523926,11.586949607754011
41,50,gate_up,18156,False,0.11623158305883408,11.331378069072947
41,51,gate_up,1196,False,0.1368551403284073,14.01122419141665
41,52,gate_up,26110,False,0.11441285163164139,14.464734946436002
41,53,gate_up,30715,False,0.112832210958004,13.192919118073576
41,54,gate_up,19192,False,0.11348656564950943,11.245405352064717
41,55,gate_up,13516,False,0.11708678305149078,10.871606377307776
41,56,gate_up,39,True,0.11012879014015198,10.880079424557177
41,57,gate_up,23525,False,0.11568824201822281,11.011080948400801
41,58,gate_up,7583,False,0.12022329121828079,14.548803260656396
41,59,gate_up,6295,False,0.12023330479860306,13.396588854876672
41,60,gate_up,4,True,0.11014795303344727,10.880079424557177
41,61,gate_up,24548,False,0.11330420523881912,11.860615667119335
41,62,gate_up,16852,False,0.11590161174535751,11.961109394561856
41,63,gate_up,36966,False,0.11348427087068558,13.361732326389287
41,64,gate_up,31818,False,0.1134447231888771,13.325286444437147
41,65,gate_up,42585,False,0.1130518987774849,13.134800798706856
41,66,gate_up,41018,False,0.11293880641460419,11.905594848938426
41,67,gate_up,3,True,0.10995575785636902,10.880079424557177
41,68,gate_up,37618,False,0.11222410947084427,10.847076985746064
41,69,gate_up,32091,False,0.11334791034460068,13.419602136969136
41,70,gate_up,2,True,0.10992275178432465,10.880079424557177
41,71,gate_up,75,True,0.1099659651517868,10.880079424557177
41,72,gate_up,18293,False,0.11405759304761887,14.00308296315408
41,73,gate_up,22277,False,0.11346141248941422,11.780487718877833
41,74,gate_up,476,True,0.11007077991962433,10.880079424557177
41,75,gate_up,5994,False,0.1212315559387207,11.444495169817934
41,76,gate_up,72,True,0.11006533354520798,10.880079424557177
41,77,gate_up,67418,False,0.11229150742292404,10.697642136822374
41,78,gate_up,5542,False,0.12205047160387039,10.643691457309505
41,79,gate_up,29526,False,0.11349943280220032,12.947679779079408
41,80,gate_up,37138,False,0.11285849660634995,11.74193561102257
41,81,gate_up,23321,False,0.1138993352651596,10.30091608414048
41,82,gate_up,45921,False,0.1126847043633461,12.058416067974118
41,83,gate_up,4176,False,0.12562255561351776,10.603852620293464
41,84,gate_up,27033,False,0.11376600712537766,12.2864626543722
41,85,gate_up,31709,False,0.11333125084638596,12.692221290745925
41,86,gate_up,702,False,0.13249725103378296,11.139228646618143
41,87,gate_up,8053,False,0.1178051233291626,13.603961506063726
41,88,gate_up,10849,False,0.11644116789102554,13.89731272114087
41,89,gate_up,2840,False,0.13456062972545624,12.016137904595656
41,90,gate_up,9357,False,0.11898797750473022,14.739197090410228
41,91,gate_up,18,True,0.11011172086000443,10.880079424557177
41,92,gate_up,35627,False,0.11393795162439346,10.990373448258627
41,93,gate_up,16170,False,0.11475245654582977,11.342866571591665
41,94,gate_up,47,True,0.11008249223232269,10.880079424557177
41,95,gate_up,480,True,0.11013014614582062,10.880079424557177
41,96,gate_up,5,True,0.11014235019683838,10.880079424557177
41,97,gate_up,36834,False,0.11331053823232651,12.391091411441531
41,98,gate_up,5,True,0.1099974662065506,10.880079424557177
41,99,gate_up,18492,False,0.115275539457798,11.86600353434629
41,100,gate_up,30713,False,0.11377083510160446,12.721636223108018
41,101,gate_up,7,True,0.11003579944372177,10.880079424557177
41,102,gate_up,5947,False,0.12204387784004211,11.638132018176131
41,103,gate_up,73463,False,0.1118624210357666,12.773116857766642
41,104,gate_up,5,True,0.11004737764596939,10.880079424557177
41,105,gate_up,2203,False,0.13397349417209625,12.339370942460567
41,106,gate_up,48168,False,0.11287833750247955,12.112356941041002
41,107,gate_up,2,True,0.11017372459173203,10.880079424557177
41,108,gate_up,934,False,0.11959559470415115,18.41420332150241
41,109,gate_up,2540,False,0.13216759264469147,13.929549200398233
41,110,gate_up,10,True,0.11003168672323227,10.880079424557177
41,111,gate_up,73,True,0.11006274074316025,10.880079424557177
41,112,gate_up,54083,False,0.11225790530443192,12.100990838163865
41,113,gate_up,1156,False,0.13834379613399506,12.432387444709194
41,114,gate_up,111,True,0.11006240546703339,10.880079424557177
41,115,gate_up,10598,False,0.11655636876821518,11.341539047859573
41,116,gate_up,753,False,0.13895900547504425,9.815495993564713
41,117,gate_up,19105,False,0.11521048098802567,12.236474434899003
41,118,gate_up,6843,False,0.12081003934144974,10.535109003044385
41,119,gate_up,76,True,0.10999200493097305,10.880079424557177
41,120,gate_up,2686,False,0.13495078682899475,9.616170549716038
41,121,gate_up,92486,False,0.11178676038980484,12.02826642038878
41,122,gate_up,22896,False,0.11396203935146332,11.92042250091137
41,123,gate_up,5815,False,0.11920365691184998,15.76537047420311
41,124,gate_up,2102,False,0.1358664631843567,14.984203970949714
41,125,gate_up,0,True,0.10994111746549606,10.880079424557177
41,126,gate_up,16388,False,0.1151786670088768,10.509314830982781
41,127,gate_up,310,True,0.11005938053131104,10.880079424557177
41,0,down,40232,False,0.12114541232585907,3.144091119804322
41,1,down,73972,False,0.11323056370019913,1.4162999594156933
41,2,down,36602,False,0.10988748073577881,1.7845091152031123
41,3,down,207,True,0.09711647778749466,1.1173828424402372
41,4,down,0,True,0.09714136272668839,1.1132842405160133
41,5,down,29891,False,0.11519299447536469,1.8811774222351518
41,6,down,28030,False,0.10631827265024185,1.3493533541253946
41,7,down,20475,False,0.11984457820653915,1.4863701287849511
41,8,down,2,True,0.097112737596035,1.117870642391481
41,9,down,83540,False,0.10717282444238663,1.4323707530117014
41,10,down,7276,False,0.1183091551065445,1.5177657246238447
41,11,down,32880,False,0.11268308013677597,1.3136442974010634
41,12,down,126,True,0.09684722870588303,1.1323449277602966
41,13,down,2271,False,0.12904047966003418,2.6670574411257264
41,14,down,35650,False,0.10865090042352676,1.5374968079521032
41,15,down,36419,False,0.10892277956008911,1.416355506243692
41,16,down,13,True,0.09691767394542694,1.1348064264350133
41,17,down,22767,False,0.10920627415180206,1.522063331901673
41,18,down,32273,False,0.11293032020330429,1.2942830880789735
41,19,down,27158,False,0.11662369966506958,1.7046438883093022
41,20,down,32874,False,0.10713797062635422,1.414331753248206
41,21,down,17729,False,0.12542885541915894,2.3411806021699104
41,22,down,432,True,0.09689106792211533,1.1178588214264515
41,23,down,31,True,0.09708869457244873,1.1243285187017533
41,24,down,1,True,0.0968007743358612,1.1262720088011495
41,25,down,4286,False,0.11387382447719574,1.1648606023703314
41,26,down,7375,False,0.12124785780906677,1.4127421327758303
41,27,down,44,True,0.09690365940332413,1.1121141324895418
41,28,down,93,True,0.09716854989528656,1.1149222432425978
41,29,down,48,True,0.09684908390045166,1.1178386082507015
41,30,down,13027,False,0.11583854258060455,1.293922425580844
41,31,down,8,True,0.09703594446182251,1.1167209566535234
41,32,down,7,True,0.0971621423959732,1.1210003675284912
41,33,down,415,True,0.09695549309253693,1.1161795294104455
41,34,down,6290,False,0.11597239226102829,1.648587396659833
41,35,down,36950,False,0.11034871637821198,1.5957527869826023
41,36,down,37332,False,0.11362751573324203,1.6850209396916647
41,37,down,1729,False,0.13626733422279358,3.414373140767238
41,38,down,1643,False,0.1398288607597351,3.12543632136873
41,39,down,5015,False,0.1283280849456787,1.5413999780911096
41,40,down,226,True,0.0969465896487236,1.118369343627094
41,41,down,988,False,0.13704611361026764,4.967474381072983
41,42,down,23773,False,0.12402177602052689,3.907518087718157
41,43,down,1,True,0.09695218503475189,1.1193427409047685
41,44,down,11542,False,0.11600788682699203,1.5995284311971176
41,45,down,35818,False,0.11541169881820679,1.5098759880190207
41,46,down,25353,False,0.11606962233781815,1.772266577518708
41,47,down,8024,False,0.11504728347063065,1.8635179764661192
41,48,down,22072,False,0.11895313858985901,1.8456916373875594
41,49,down,26487,False,0.10646606236696243,1.2983254555495785
41,50,down,18156,False,0.12364410609006882,1.4034760883323447
41,51,down,1196,False,0.14580684900283813,2.0402255553929365
41,52,down,26110,False,0.1103905662894249,1.629653331097368
41,53,down,30715,False,0.11050254106521606,1.4153652741503564
41,54,down,19192,False,0.10818883776664734,1.218337699966125
41,55,down,13516,False,0.12576520442962646,1.4074543326096953
41,56,down,39,True,0.09707692265510559,1.1245995996924
41,57,down,23525,False,0.11808716505765915,1.4641275219054661
41,58,down,7583,False,0.12138912826776505,1.4844079118669025
41,59,down,6295,False,0.12663720548152924,3.0374770786056127
41,60,down,4,True,0.09708885103464127,1.1158360172357282
41,61,down,24548,False,0.11307305097579956,1.2753839987741693
41,62,down,16852,False,0.11163070052862167,1.3490914924604727
41,63,down,36966,False,0.11383003741502762,1.7877904100664497
41,64,down,31818,False,0.10983293503522873,1.56528088657423
41,65,down,42585,False,0.11247923970222473,1.4908751658482406
41,66,down,41018,False,0.11024526506662369,1.2182264216838796
41,67,down,3,True,0.09695342183113098,1.123168475900849
41,68,down,37618,False,0.11094385385513306,2.038676621420993
41,69,down,32091,False,0.11556436866521835,1.8226427107946226
41,70,down,2,True,0.09692507982254028,1.1161014469236856
41,71,down,75,True,0.09690236300230026,1.1217570251706965
41,72,down,18293,False,0.1266823410987854,1.9358408168495338
41,73,down,22277,False,0.11146634072065353,1.3011637634698956
41,74,down,476,True,0.09691287577152252,1.1126077148002138
41,75,down,5994,False,0.10802112519741058,1.2305406118193116
41,76,down,72,True,0.0971948578953743,1.1203883032991948
41,77,down,67418,False,0.11583114415407181,1.2882422523507482
41,78,down,5542,False,0.1206759363412857,1.6159317584486754
41,79,down,29526,False,0.11477874964475632,1.44569129333244
41,80,down,37138,False,0.12115905433893204,1.9501112408105596
41,81,down,23321,False,0.11412554979324341,1.6295447880408152
41,82,down,45921,False,0.11155635118484497,1.3964804925868806
41,83,down,4176,False,0.12361650168895721,2.454452501902474
41,84,down,27033,False,0.11096762120723724,1.3233125523292188
41,85,down,31709,False,0.10599645227193832,1.3631449336174544
41,86,down,702,False,0.15497739613056183,3.574156735235859
41,87,down,8053,False,0.11170423775911331,1.3606970982993023
41,88,down,10849,False,0.13156470656394958,2.033049450602363
41,89,down,2840,False,0.12650342285633087,1.6622810048438204
41,90,down,9357,False,0.11732427030801773,1.4559261199752251
41,91,down,18,True,0.09702417254447937,1.1173229652605416
41,92,down,35627,False,0.11026640236377716,1.5418736631708152
41,93,down,16170,False,0.11093681305646896,1.3655563642511714
41,94,down,47,True,0.09699968248605728,1.1181229516953328
41,95,down,480,True,0.09698695689439774,1.1195353604502654
41,96,down,5,True,0.09707929193973541,1.1049316684495187
41,97,down,36834,False,0.11229707300662994,2.020603496237037
41,98,down,5,True,0.09702340513467789,1.1136556163133244
41,99,down,18492,False,0.11923425644636154,1.8453323082175983
41,100,down,30713,False,0.11117759346961975,1.2680371255398624
41,101,down,7,True,0.09702189266681671,1.1219716579750019
41,102,down,5947,False,0.1122274175286293,1.4571155878419026
41,103,down,73463,False,0.1090349480509758,1.6241529317885433
41,104,down,5,True,0.09690919518470764,1.1132842405160133
41,105,down,2203,False,0.1288558840751648,2.3886371441651004
41,106,down,48168,False,0.10560531169176102,1.339672280903355
41,107,down,2,True,0.09694989025592804,1.118593370355196
41,108,down,934,False,0.13875624537467957,5.047734812123413
41,109,down,2540,False,0.1271270364522934,1.6627771027761502
41,110,down,10,True,0.09699308127164841,1.1140066710956695
41,111,down,73,True,0.09709551185369492,1.1196783048049899
41,112,down,54083,False,0.10632658749818802,1.425301007270693
41,113,down,1156,False,0.14464302361011505,2.696865466677174
41,114,down,111,True,0.09704210609197617,1.1182415281988938
41,115,down,10598,False,0.11559034883975983,1.2969698500391507
41,116,down,753,False,0.15769092738628387,1.471578530452025
41,117,down,19105,False,0.10719393193721771,1.451328303605644
41,118,down,6843,False,0.10946434736251831,1.2570131089863597
41,119,down,76,True,0.09687773138284683,1.1198984649783432
41,120,down,2686,False,0.11847265064716339,1.4602019401883761
41,121,down,92486,False,0.10951157659292221,1.6895500982057703
41,122,down,22896,False,0.11384904384613037,1.2015991125792858
41,123,down,5815,False,0.12176502496004105,2.066840519176295
41,124,down,2102,False,0.13544759154319763,1.9875976898638343
41,125,down,0,True,0.09693305194377899,1.1163344738665455
41,126,down,16388,False,0.11129989475011826,1.2573880782439695
41,127,down,310,True,0.09704968333244324,1.1224964414019825
42,0,gate_up,15,True,0.10985589027404785,10.14485798698185
42,1,gate_up,49,True,0.10982377827167511,10.14485798698185
42,2,gate_up,22997,False,0.11382133513689041,11.960783460257467
42,3,gate_up,59895,False,0.11182369291782379,10.865297518647449
42,4,gate_up,23595,False,0.11312341690063477,10.229804659704765
42,5,gate_up,17858,False,0.11441872268915176,11.891624542181946
42,6,gate_up,4222,False,0.12008000910282135,12.935704811034038
42,7,gate_up,10062,False,0.11701316386461258,13.428639481577314
42,8,gate_up,31456,False,0.11320213973522186,10.034503342308037
42,9,gate_up,6398,False,0.12047776579856873,15.707533981452157
42,10,gate_up,3877,False,0.12955006957054138,10.36957484851018
42,11,gate_up,0,True,0.1095833107829094,10.14485798698185
42,12,gate_up,33226,False,0.11312206834554672,10.12312943533394
42,13,gate_up,6,True,0.10978040844202042,10.14485798698185
42,14,gate_up,37773,False,0.11271082609891891,10.348821791034323
42,15,gate_up,1,True,0.10972226411104202,10.14485798698185
42,16,gate_up,96761,False,0.1109851524233818,11.032437824183608
42,17,gate_up,26787,False,0.11279456317424774,10.472496307418883
42,18,gate_up,46671,False,0.11263425648212433,11.487887151457862
42,19,gate_up,4638,False,0.12409228086471558,12.21071754526153
42,20,gate_up,8537,False,0.11861097067594528,12.47923467068627
42,21,gate_up,23061,False,0.11326666921377182,12.697988812351097
42,22,gate_up,36984,False,0.11323630064725876,10.868171476615524
42,23,gate_up,92777,False,0.11161399632692337,10.51772837913387
42,24,gate_up,77420,False,0.11240874975919724,12.420699509147841
42,25,gate_up,17665,False,0.11431955546140671,11.229997874968177
42,26,gate_up,1,True,0.10964060574769974,10.14485798698185
42,27,gate_up,24106,False,0.11352730542421341,13.511563356274584
42,28,gate_up,21678,False,0.11441066116094589,10.750140907880732
42,29,gate_up,189,True,0.10974880307912827,10.14485798698185
42,30,gate_up,8549,False,0.12037454545497894,11.911621188108189
42,31,gate_up,34380,False,0.11350417137145996,13.644022627556055
42,32,gate_up,9312,False,0.11882658302783966,12.845979131770628
42,33,gate_up,12125,False,0.11565234512090683,9.899736493724099
42,34,gate_up,47,True,0.10985356569290161,10.14485798698185
42,35,gate_up,1604,False,0.13450242578983307,9.244332290720514
42,36,gate_up,3727,False,0.12772588431835175,12.721654585868773
42,37,gate_up,26554,False,0.1135748103260994,12.388568006841142
42,38,gate_up,4173,False,0.1261504888534546,9.15149503755379
42,39,gate_up,17270,False,0.1147538274526596,13.733217807285287
42,40,gate_up,3,True,0.10963545739650726,10.14485798698185
42,41,gate_up,8635,False,0.11769549548625946,11.507518008495175
42,42,gate_up,40,True,0.10966001451015472,10.14485798698185
42,43,gate_up,28891,False,0.11337459087371826,11.492805381255721
42,44,gate_up,2,True,0.10974366217851639,10.14485798698185
42,45,gate_up,10,True,0.10980869829654694,10.14485798698185
42,46,gate_up,17,True,0.10979015380144119,10.14485798698185
42,47,gate_up,2896,False,0.12449242174625397,15.117159415023828
42,48,gate_up,5,True,0.1097552701830864,10.14485798698185
42,49,gate_up,48519,False,0.11381714791059494,12.637371870220303
42,50,gate_up,8976,False,0.11851958930492401,12.131861584632453
42,51,gate_up,0,True,0.10962650924921036,10.14485798698185
42,52,gate_up,11423,False,0.11826526373624802,9.591712443046042
42,53,gate_up,284,True,0.10985499620437622,10.14485798698185
42,54,gate_up,11,True,0.1097390279173851,10.14485798698185
42,55,gate_up,70648,False,0.11178092658519745,11.478143251372535
42,56,gate_up,10679,False,0.11841265857219696,11.022734032035006
42,57,gate_up,9,True,0.10976169258356094,10.14485798698185
42,58,gate_up,8812,False,0.1193949282169342,13.666147936116472
42,59,gate_up,23100,False,0.11418836563825607,12.336400390053772
42,60,gate_up,39,True,0.10978619009256363,10.14485798698185
42,61,gate_up,4782,False,0.12612417340278625,11.327344011682275
42,62,gate_up,41,True,0.1100480780005455,10.14485798698185
42,63,gate_up,1400,False,0.1383863389492035,9.389962458502188
42,64,gate_up,24655,False,0.11472146213054657,13.541682934527861
42,65,gate_up,34786,False,0.11283940076828003,11.508810484201586
42,66,gate_up,16468,False,0.11424142867326736,10.131369651499405
42,67,gate_up,61,True,0.10977239906787872,10.14485798698185
42,68,gate_up,9481,False,0.11738777160644531,12.511998342926587
42,69,gate_up,37830,False,0.11190210282802582,11.040470474234557
42,70,gate_up,24250,False,0.11272113770246506,9.694711566954846
42,71,gate_up,54791,False,0.11156783252954483,11.248864345543225
42,72,gate_up,7,True,0.10972185432910919,10.14485798698185
42,73,gate_up,35079,False,0.11326846480369568,11.838806218510022
42,74,gate_up,36627,False,0.11349038034677505,13.518733929171589
42,75,gate_up,45503,False,0.11300709843635559,11.486960449461774
42,76,gate_up,2939,False,0.1318686604499817,11.551005109890541
42,77,gate_up,15128,False,0.11540043354034424,10.898669420737905
42,78,gate_up,476,True,0.10969531536102295,10.14485798698185
42,79,gate_up,7476,False,0.11877323687076569,12.44318743966688
42,80,gate_up,29214,False,0.11373475193977356,9.59572459237256
42,81,gate_up,1808,False,0.1233089342713356,19.283161395341182
42,82,gate_up,61,True,0.1098390445113182,10.14485798698185
42,83,gate_up,317,True,0.10973270237445831,10.14485798698185
42,84,gate_up,5823,False,0.12113126367330551,12.368397001300549
42,85,gate_up,4,True,0.10973681509494781,10.14485798698185
42,86,gate_up,41627,False,0.11263979971408844,9.585432295875194
42,87,gate_up,1299,False,0.133692666888237,11.967016472873361
42,88,gate_up,816,False,0.13261722028255463,11.725900792722802
42,89,gate_up,143,True,0.10981494188308716,10.14485798698185
42,90,gate_up,25468,False,0.11530935019254684,11.913925995699646
42,91,gate_up,1986,False,0.13240674138069153,10.802654513733424
42,92,gate_up,8919,False,0.12027833610773087,12.860878440296233
42,93,gate_up,33058,False,0.11337804049253464,14.43154568790915
42,94,gate_up,448,True,0.1097487211227417,10.14485798698185
42,95,gate_up,230,True,0.10983551293611526,10.14485798698185
42,96,gate_up,1313,False,0.1433953046798706,8.742984704115063
42,97,gate_up,1598,False,0.14542624354362488,10.014193141958236
42,98,gate_up,30372,False,0.11338657885789871,9.949260341881121
42,99,gate_up,15179,False,0.11781749874353409,11.463323725035254
42,100,gate_up,4975,False,0.1249845027923584,11.516500267027833
42,101,gate_up,41155,False,0.11245439201593399,12.083242246424431
42,102,gate_up,32213,False,0.1131308525800705,12.882272922910857
42,103,gate_up,16,True,0.10966320335865021,10.14485798698185
42,104,gate_up,1705,False,0.13068418204784393,15.385869925264648
42,105,gate_up,12,True,0.1096450611948967,10.14485798698185
42,106,gate_up,26569,False,0.11335930973291397,11.236114558903619
42,107,gate_up,0,True,0.10948102176189423,10.14485798698185
42,108,gate_up,22120,False,0.11584266275167465,11.242338405747448
42,109,gate_up,8122,False,0.11879796534776688,9.964223566845128
42,110,gate_up,980,False,0.13497892022132874,11.753996221292944
42,111,gate_up,12794,False,0.11671702563762665,11.712645390383173
42,112,gate_up,1416,False,0.13982339203357697,11.059760644613227
42,113,gate_up,11029,False,0.11626479029655457,12.646802332323649
42,114,gate_up,18402,False,0.1152256578207016,11.749175635752048
42,115,gate_up,105701,False,0.11088722944259644,11.244439109939037
42,116,gate_up,15474,False,0.11518415808677673,9.479694915591514
42,117,gate_up,30717,False,0.11438503861427307,11.02763795191184
42,118,gate_up,154,True,0.10982310771942139,10.14485798698185
42,119,gate_up,13335,False,0.11480919271707535,13.214498249655454
42,120,gate_up,38,True,0.10978400707244873,10.14485798698185
42,121,gate_up,872,False,0.13493093848228455,14.375789131530372
42,122,gate_up,2,True,0.10956446081399918,10.14485798698185
42,123,gate_up,44699,False,0.1123863086104393,11.045074800615621
42,124,gate_up,29,True,0.10976464301347733,10.14485798698185
42,125,gate_up,33475,False,0.1141432449221611,13.144027405394851
42,126,gate_up,50193,False,0.11335650086402893,12.548138181243718
42,127,gate_up,47,True,0.1098514273762703,10.14485798698185
42,0,down,15,True,0.09697773307561874,1.094874892719446
42,1,down,49,True,0.09687353670597076,1.097693105678813
42,2,down,22997,False,0.10612863302230835,1.2902517645010632
42,3,down,59895,False,0.11180898547172546,1.3016465856987947
42,4,down,23595,False,0.11482706665992737,1.4330307642173437
42,5,down,17858,False,0.10779866576194763,1.2628442141011205
42,6,down,4222,False,0.12872830033302307,4.343386586286584
42,7,down,10062,False,0.11230083554983139,1.3119923866393512
42,8,down,31456,False,0.10925880819559097,1.134016097287702
42,9,down,6398,False,0.126916766166687,1.9064881923487786
42,10,down,3877,False,0.12501391768455505,2.3263011418183908
42,11,down,0,True,0.09690640866756439,1.0889012690935544
42,12,down,33226,False,0.1156657412648201,1.3665068420120625
42,13,down,6,True,0.09679672122001648,1.1090165309250737
42,14,down,37773,False,0.10798798501491547,1.3740534793014643
42,15,down,1,True,0.09677056223154068,1.0889012690935544
42,16,down,96761,False,0.1086992397904396,1.472234001694865
42,17,down,26787,False,0.11255812644958496,1.3822095367139267
42,18,down,46671,False,0.11035384982824326,1.4142141376416097
42,19,down,4638,False,0.11805890500545502,1.509465440492073
42,20,down,8537,False,0.11493203788995743,1.3916366594090779
42,21,down,23061,False,0.11377015709877014,1.3765908545813932
42,22,down,36984,False,0.1085658147931099,1.499285032471598
42,23,down,92777,False,0.1122613400220871,1.5569912974719027
42,24,down,77420,False,0.11532648652791977,1.492114903299997
42,25,down,17665,False,0.11138953268527985,1.3953507745842955
42,26,down,1,True,0.09696809202432632,1.0889012690935544
42,27,down,24106,False,0.11719410121440887,1.5261663568094839
42,28,down,21678,False,0.1146012470126152,1.4148163533352698
42,29,down,189,True,0.09683201462030411,1.0919665877257227
42,30,down,8549,False,0.12100633978843689,1.6027994252250435
42,31,down,34380,False,0.11771547794342041,1.8607480945236035
42,32,down,9312,False,0.1196351870894432,1.472931499414701
42,33,down,12125,False,0.10824763029813766,1.2912666000997022
42,34,down,47,True,0.09689074754714966,1.077404535615441
42,35,down,1604,False,0.13350540399551392,1.7378430048749458
42,36,down,3727,False,0.12375472486019135,1.4696090552509795
42,37,down,26554,False,0.11386705189943314,1.5499200899940588
42,38,down,4173,False,0.11659915745258331,1.3977698500698266
42,39,down,17270,False,0.12565062940120697,2.4723975522152575
42,40,down,3,True,0.09678949415683746,1.092192776115862
42,41,down,8635,False,0.12024186551570892,1.3235399562003103
42,42,down,40,True,0.09694299846887589,1.091399475147379
42,43,down,28891,False,0.10689431428909302,1.279093438458736
42,44,down,2,True,0.09683775901794434,1.0915459073111955
42,45,down,10,True,0.09696948528289795,1.0995841830053261
42,46,down,17,True,0.09691572189331055,1.1106240921516422
42,47,down,2896,False,0.13009457290172577,2.2255724732548745
42,48,down,5,True,0.09687510132789612,1.0811351421531719
42,49,down,48519,False,0.11534547805786133,1.63046561653723
42,50,down,8976,False,0.11434371769428253,1.2707361287357635
42,51,down,0,True,0.09700595587491989,1.0889012690935544
42,52,down,11423,False,0.12199129909276962,2.0803601927437376
42,53,down,284,True,0.09686892479658127,1.0979371206185637
42,54,down,11,True,0.09684301167726517,1.0967097164844977
42,55,down,70648,False,0.10995027422904968,1.2967929600983386
42,56,down,10679,False,0.1262940913438797,2.182440299840556
42,57,down,9,True,0.09684398770332336,1.0838815853993409
42,58,down,8812,False,0.11322450637817383,2.004519894614855
42,59,down,23100,False,0.1121339499950409,1.344273731114983
42,60,down,39,True,0.09668007493019104,1.0863021317487591
42,61,down,4782,False,0.12574246525764465,1.6396632524541341
42,62,down,41,True,0.09693930298089981,1.1108589330588614
42,63,down,1400,False,0.14415542781352997,2.197553998300179
42,64,down,24655,False,0.12347600609064102,2.1819862509564287
42,65,down,34786,False,0.10885415226221085,1.363879111506568
42,66,down,16468,False,0.11060246080160141,1.285620250411387
42,67,down,61,True,0.09690792113542557,1.0969504070804528
42,68,down,9481,False,0.12214210629463196,1.4461700965169741
42,69,down,37830,False,0.10673841089010239,1.7404680572558007
42,70,down,24250,False,0.1067487820982933,1.1791968934916566
42,71,down,54791,False,0.11282499134540558,1.743232183991948
42,72,down,7,True,0.09692280739545822,1.096480107220645
42,73,down,35079,False,0.11320064961910248,1.3629693113642445
42,74,down,36627,False,0.1128568947315216,1.3744951256372882
42,75,down,45503,False,0.11247608810663223,1.3677738641208297
42,76,down,2939,False,0.1195957213640213,1.3245176119957582
42,77,down,15128,False,0.11507529020309448,1.4025951627551587
42,78,down,476,True,0.09688401222229004,1.083914556754427
42,79,down,7476,False,0.11620006710290909,1.9261171909012555
42,80,down,29214,False,0.12015977501869202,1.4688971878936703
42,81,down,1808,False,0.1371910125017166,3.061347537097603
42,82,down,61,True,0.09691719710826874,1.0952029777203558
42,83,down,317,True,0.0968332514166832,1.0922693930148564
42,84,down,5823,False,0.11290426552295685,1.4792843716032726
42,85,down,4,True,0.09685365110635757,1.0918442940426247
42,86,down,41627,False,0.11115356534719467,1.561139778194156
42,87,down,1299,False,0.13976426422595978,2.2294788566829404
42,88,down,816,False,0.1512959748506546,2.4333322043765317
42,89,down,143,True,0.0968557745218277,1.0970283728322665
42,90,down,25468,False,0.11060968041419983,1.4791683255301256
42,91,down,1986,False,0.14244557917118073,1.7716425535922042
42,92,down,8919,False,0.11802063882350922,1.4182019179678305
42,93,down,33058,False,0.10854341834783554,1.5519459634669033
42,94,down,448,True,0.09700075536966324,1.0792761235734345
42,95,down,230,True,0.0970233827829361,1.084902569787602
42,96,down,1313,False,0.1425858587026596,1.8837718326763793
42,97,down,1598,False,0.13272207975387573,2.4555438614472793
42,98,down,30372,False,0.11071567982435226,1.3519623901251951
42,99,down,15179,False,0.1145423874258995,1.4559053579769177
42,100,down,4975,False,0.12310206145048141,1.652279496070881
42,101,down,41155,False,0.11655812710523605,1.9029757052808838
42,102,down,32213,False,0.11650555580854416,1.7978757589877485
42,103,down,16,True,0.09690402448177338,1.086584960974588
42,104,down,1705,False,0.13966892659664154,3.71968427426158
42,105,down,12,True,0.09680511802434921,1.1003641129662025
42,106,down,26569,False,0.10475162416696548,1.1370784459513203
42,107,down,0,True,0.09696270525455475,1.099142062480864
42,108,down,22120,False,0.1216515377163887,1.2781590998944072
42,109,down,8122,False,0.11110882461071014,1.3495847161043832
42,110,down,980,False,0.15087983012199402,1.5978365136756039
42,111,down,12794,False,0.11670020967721939,2.0473289766184353
42,112,down,1416,False,0.14025796949863434,2.7657036911082455
42,113,down,11029,False,0.12398801743984222,2.266967757619816
42,114,down,18402,False,0.11513382196426392,1.7282214934356988
42,115,down,105701,False,0.11106663942337036,1.3540454376298257
42,116,down,15474,False,0.1078428328037262,1.2571386039326728
42,117,down,30717,False,0.12047559767961502,1.3816238979118147
42,118,down,154,True,0.09695864468812943,1.1037482989683955
42,119,down,13335,False,0.1147286519408226,1.9252677668683245
42,120,down,38,True,0.09680523723363876,1.0953067163067942
42,121,down,872,False,0.1481928676366806,3.3553574138448696
42,122,down,2,True,0.0968271791934967,1.0947775379701044
42,123,down,44699,False,0.10821603983640671,1.4638967463212544
42,124,down,29,True,0.09702351689338684,1.0922652019068497
42,125,down,33475,False,0.11526022851467133,1.6613613807938652
42,126,down,50193,False,0.11534089595079422,2.4308535667951263
42,127,down,47,True,0.09693697839975357,1.089859664923538
43,0,gate_up,12418,False,0.11741124093532562,10.372897865616032
43,1,gate_up,6,True,0.10872697085142136,9.661425181323018
43,2,gate_up,22953,False,0.11215531080961227,10.515128290034378
43,3,gate_up,493,True,0.10875923931598663,9.661425181323018
43,4,gate_up,42742,False,0.11203453689813614,11.38828282175103
43,5,gate_up,66782,False,0.11044731736183167,9.83589916075257
43,6,gate_up,27845,False,0.11208409070968628,11.918682266266883
43,7,gate_up,9716,False,0.11750919371843338,10.11552528766233
43,8,gate_up,70510,False,0.11192891001701355,11.832184098513364
43,9,gate_up,50,True,0.10875240713357925,9.661425181323018
43,10,gate_up,3232,False,0.13148857653141022,8.797030699366742
43,11,gate_up,50,True,0.10883255302906036,9.661425181323018
43,12,gate_up,30870,False,0.1136854887008667,12.26038817959232
43,13,gate_up,173,True,0.10880200564861298,9.661425181323018
43,14,gate_up,13,True,0.10880158096551895,9.661425181323018
43,15,gate_up,1633,False,0.13252532482147217,14.519960213123687
43,16,gate_up,34783,False,0.11202135682106018,9.307595976896913
43,17,gate_up,88,True,0.10870396345853806,9.661425181323018
43,18,gate_up,8939,False,0.11727377772331238,9.034701996063129
43,19,gate_up,33331,False,0.11353994160890579,12.52124594036449
43,20,gate_up,940,False,0.13735516369342804,9.772752487841753
43,21,gate_up,89,True,0.1087881550192833,9.661425181323018
43,22,gate_up,3,True,0.10869460552930832,9.661425181323018
43,23,gate_up,13,True,0.10882970690727234,9.661425181323018
43,24,gate_up,24258,False,0.11136766523122787,8.967084987258154
43,25,gate_up,103,True,0.10856439173221588,9.661425181323018
43,26,gate_up,38324,False,0.11151950806379318,9.92729033143448
43,27,gate_up,2725,False,0.13575495779514313,10.079814001158555
43,28,gate_up,608,False,0.123177669942379,18.887480977569563
43,29,gate_up,23355,False,0.1135084480047226,13.444405856694358
43,30,gate_up,11925,False,0.11642514914274216,11.98352642742238
43,31,gate_up,20081,False,0.11546239256858826,11.851266024961152
43,32,gate_up,7074,False,0.12030184268951416,10.943720725537553
43,33,gate_up,2154,False,0.13534557819366455,13.48266036034489
43,34,gate_up,2922,False,0.1314164400100708,11.357170621278573
43,35,gate_up,2429,False,0.13331851363182068,13.712635116830846
43,36,gate_up,92864,False,0.11097418516874313,10.588530212203448
43,37,gate_up,28246,False,0.11388308554887772,11.04893169519185
43,38,gate_up,2845,False,0.13270170986652374,11.163165188906563
43,39,gate_up,6693,False,0.11891192942857742,13.242853876791223
43,40,gate_up,82,True,0.10878860950469971,9.661425181323018
43,41,gate_up,20405,False,0.11487959325313568,10.68977076544648
43,42,gate_up,11003,False,0.11673208326101303,10.358930406795961
43,43,gate_up,35473,False,0.11323747038841248,11.95784006003548
43,44,gate_up,66663,False,0.11094930768013,11.165415521918376
43,45,gate_up,6789,False,0.11943072080612183,10.892959818321287
43,46,gate_up,67115,False,0.11104781925678253,9.750491520957523
43,47,gate_up,30856,False,0.11408083140850067,12.33878934504904
43,48,gate_up,319,True,0.1087157353758812,9.661425181323018
43,49,gate_up,40137,False,0.11328891664743423,11.862036199019323
43,50,gate_up,4775,False,0.1238081306219101,11.599728425810618
43,51,gate_up,5,True,0.10877837985754013,9.661425181323018
43,52,gate_up,7465,False,0.1197345033288002,9.502242995612635
43,53,gate_up,9667,False,0.11787989735603333,10.858787742959397
43,54,gate_up,17,True,0.108730249106884,9.661425181323018
43,55,gate_up,4144,False,0.12817144393920898,10.627214318049026
43,56,gate_up,58632,False,0.1115436851978302,11.79785075501075
43,57,gate_up,93,True,0.10879675298929214,9.661425181323018
43,58,gate_up,54273,False,0.11096931993961334,9.320175579790726
43,59,gate_up,21567,False,0.11301939189434052,12.075153261790097
43,60,gate_up,6457,False,0.11990442126989365,12.670508911094135
43,61,gate_up,15587,False,0.11363837867975235,9.03999021902583
43,62,gate_up,12877,False,0.1168755441904068,11.65182152620093
43,63,gate_up,5235,False,0.12428677827119827,11.122832736896605
43,64,gate_up,48,True,0.10883655399084091,9.661425181323018
43,65,gate_up,35394,False,0.11167233437299728,10.682932288422728
43,66,gate_up,25898,False,0.11418594419956207,9.676123875628502
43,67,gate_up,15,True,0.10874053835868835,9.661425181323018
43,68,gate_up,81660,False,0.11028212308883667,9.892095151794894
43,69,gate_up,8105,False,0.1177462562918663,10.033391679009021
43,70,gate_up,12677,False,0.11556554585695267,11.74757872251708
43,71,gate_up,9234,False,0.1174386590719223,11.710438927283876
43,72,gate_up,7799,False,0.11853968352079391,9.054947356993855
43,73,gate_up,0,True,0.10864298045635223,9.661425181323018
43,74,gate_up,19518,False,0.11458338052034378,10.686261154195464
43,75,gate_up,44220,False,0.1100115031003952,10.737329579936084
43,76,gate_up,16,True,0.10852809250354767,9.661425181323018
43,77,gate_up,32291,False,0.113600954413414,13.09524632957209
43,78,gate_up,2176,False,0.13117122650146484,11.323168592273229
43,79,gate_up,477,True,0.1087016612291336,9.661425181323018
43,80,gate_up,28222,False,0.11220260709524155,8.873454180096319
43,81,gate_up,46463,False,0.11193963140249252,10.816366221436134
43,82,gate_up,5976,False,0.12254387140274048,8.714436817505291
43,83,gate_up,21254,False,0.11263085901737213,9.636824588168155
43,84,gate_up,1263,False,0.11616409569978714,19.6456175864049
43,85,gate_up,6394,False,0.11992700397968292,12.03371435155137
43,86,gate_up,31,True,0.10878413915634155,9.661425181323018
43,87,gate_up,51927,False,0.11204207688570023,11.7512892475312
43,88,gate_up,33891,False,0.1134718656539917,12.58676669587867
43,89,gate_up,76,True,0.1086217537522316,9.661425181323018
43,90,gate_up,1288,False,0.12049423158168793,18.97811284943005
43,91,gate_up,11106,False,0.11553735285997391,10.770550336425572
43,92,gate_up,223,True,0.10885130614042282,9.661425181323018
43,93,gate_up,24,True,0.10868211090564728,9.661425181323018
43,94,gate_up,17287,False,0.11346624791622162,10.272779698928074
43,95,gate_up,3,True,0.10868389159440994,9.661425181323018
43,96,gate_up,7783,False,0.11931440234184265,12.090474289066513
43,97,gate_up,40949,False,0.11201184242963791,11.065572910279927
43,98,gate_up,16037,False,0.11343824118375778,9.581726785232586
43,99,gate_up,6905,False,0.12008778750896454,9.13941537209109
43,100,gate_up,44297,False,0.1119939461350441,9.2893556427384
43,101,gate_up,61,True,0.1088661476969719,9.661425181323018
43,102,gate_up,90,True,0.10874222218990326,9.661425181323018
43,103,gate_up,21,True,0.10865724831819534,9.661425181323018
43,104,gate_up,125014,False,0.10996370017528534,10.644299527026249
43,105,gate_up,8,True,0.10868427902460098,9.661425181323018
43,106,gate_up,265,True,0.10878616571426392,9.661425181323018
43,107,gate_up,22,True,0.10872532427310944,9.661425181323018
43,108,gate_up,1413,False,0.13771812617778778,10.742073185831298
43,109,gate_up,23,True,0.10886908322572708,9.661425181323018
43,110,gate_up,111,True,0.108807772397995,9.661425181323018
43,111,gate_up,7302,False,0.11991063505411148,12.02264277255081
43,112,gate_up,16825,False,0.11501044780015945,12.16449802985192
43,113,gate_up,281,True,0.10877896845340729,9.661425181323018
43,114,gate_up,23998,False,0.11385289579629898,11.746860867091046
43,115,gate_up,13259,False,0.11747488379478455,11.265650266820934
43,116,gate_up,0,True,0.10871532559394836,9.661425181323018
43,117,gate_up,315,True,0.10877880454063416,9.661425181323018
43,118,gate_up,306,True,0.1086234301328659,9.661425181323018
43,119,gate_up,5838,False,0.12039041519165039,12.36356795402074
43,120,gate_up,43751,False,0.11214610189199448,10.179495015576686
43,121,gate_up,66479,False,0.11206356436014175,11.02785194593372
43,122,gate_up,13652,False,0.11607138812541962,12.520511615704088
43,123,gate_up,2856,False,0.13291816413402557,9.739111726736574
43,124,gate_up,3727,False,0.12895607948303223,8.527291397028103
43,125,gate_up,31433,False,0.11429926753044128,11.43318979658061
43,126,gate_up,3,True,0.10869266092777252,9.661425181323018
43,127,gate_up,5258,False,0.12386393547058105,10.698632019614475
43,0,down,12418,False,0.12535125017166138,1.478543174216139
43,1,down,6,True,0.09706290066242218,1.0719255889493131
43,2,down,22953,False,0.11264020949602127,2.143659859148981
43,3,down,493,True,0.09698504954576492,1.0747283305789423
43,4,down,42742,False,0.11724995821714401,2.2136231397098114
43,5,down,66782,False,0.11071386188268661,1.5224081057837648
43,6,down,27845,False,0.10618116706609726,1.2072845481730259
43,7,down,9716,False,0.12081261724233627,2.280230945551259
43,8,down,70510,False,0.10972648859024048,1.3870315741380088
43,9,down,50,True,0.09695009142160416,1.0713133863808058
43,10,down,3232,False,0.12024633586406708,1.6651723980925652
43,11,down,50,True,0.09674683958292007,1.0731979907241813
43,12,down,30870,False,0.11807955801486969,1.7352235479192974
43,13,down,173,True,0.09679200500249863,1.072976531642485
43,14,down,13,True,0.09686799347400665,1.0735632078043438
43,15,down,1633,False,0.14115749299526215,2.5528839123290292
43,16,down,34783,False,0.10774816572666168,1.2541354856121527
43,17,down,88,True,0.09686563163995743,1.0720321837818074
43,18,down,8939,False,0.11045966297388077,1.2233232912720422
43,19,down,33331,False,0.11611126363277435,1.663104197257884
43,20,down,940,False,0.1545100063085556,2.4576816636834247
43,21,down,89,True,0.09715282171964645,1.0738840386533008
43,22,down,3,True,0.09690621495246887,1.0753348158353757
43,23,down,13,True,0.09693682193756104,1.0739424495319267
43,24,down,24258,False,0.10120254009962082,1.1707427873367255
43,25,down,103,True,0.09717366844415665,1.0753855961950005
43,26,down,38324,False,0.11419770121574402,1.3965482691816176
43,27,down,2725,False,0.1277003288269043,1.5344096901041246
43,28,down,608,False,0.14455951750278473,4.496677152749528
43,29,down,23355,False,0.11607475578784943,1.6379715350354314
43,30,down,11925,False,0.12210628390312195,1.9771270950275552
43,31,down,20081,False,0.12168107181787491,3.6080927766692743
43,32,down,7074,False,0.1108568087220192,1.574387251123609
43,33,down,2154,False,0.13588754832744598,3.2553381519167868
43,34,down,2922,False,0.12830519676208496,3.451323512221806
43,35,down,2429,False,0.13270533084869385,4.578995634798426
43,36,down,92864,False,0.11121290922164917,1.3105715314930162
43,37,down,28246,False,0.11640667170286179,1.5339236658040127
43,38,down,2845,False,0.12612932920455933,1.4160446264566477
43,39,down,6693,False,0.11333063244819641,1.649405607483351
43,40,down,82,True,0.09698368608951569,1.0725870609355461
43,41,down,20405,False,0.11982017755508423,1.535035747874436
43,42,down,11003,False,0.11611591279506683,1.519090555746238
43,43,down,35473,False,0.11199473589658737,1.4617421453986588
43,44,down,66663,False,0.112369105219841,1.399118997055436
43,45,down,6789,False,0.12441304326057434,2.9002653001191367
43,46,down,67115,False,0.11256081610918045,1.438313845636176
43,47,down,30856,False,0.12154310941696167,2.6623989599809086
43,48,down,319,True,0.09687818586826324,1.0724696392096589
43,49,down,40137,False,0.1140519231557846,1.4996161162412622
43,50,down,4775,False,0.11938980221748352,2.926421558351305
43,51,down,5,True,0.09690386801958084,1.0715847904293472
43,52,down,7465,False,0.11545377224683762,1.6351900238219774
43,53,down,9667,False,0.11862015724182129,1.5616230291630786
43,54,down,17,True,0.09692978113889694,1.0730802414239349
43,55,down,4144,False,0.12594488263130188,1.7200879734686714
43,56,down,58632,False,0.1117963045835495,1.3909628783837844
43,57,down,93,True,0.09691672772169113,1.0730019118490481
43,58,down,54273,False,0.10996167361736298,1.3844562128461941
43,59,down,21567,False,0.11548260599374771,1.5130883920032443
43,60,down,6457,False,0.11969497799873352,1.8314028332072363
43,61,down,15587,False,0.10432669520378113,1.140068850674038
43,62,down,12877,False,0.11592075973749161,1.4995423221674387
43,63,down,5235,False,0.11968544870615005,2.0917580840291334
43,64,down,48,True,0.09675805270671844,1.0745113618937507
43,65,down,35394,False,0.11279238760471344,1.1814298548469404
43,66,down,25898,False,0.11829129606485367,1.521958961608051
43,67,down,15,True,0.09699937701225281,1.074112427064218
43,68,down,81660,False,0.1069817990064621,1.329750465173149
43,69,down,8105,False,0.1101158931851387,1.4333671609559733
43,70,down,12677,False,0.11922712624073029,2.0694869322382075
43,71,down,9234,False,0.12676820158958435,4.20106014926512
43,72,down,7799,False,0.11264097690582275,1.2288739202899297
43,73,down,0,True,0.09697703272104263,1.0702888404977198
43,74,down,19518,False,0.10894539207220078,1.146634528166573
43,75,down,44220,False,0.10904759913682938,1.4624766366314161
43,76,down,16,True,0.09685568511486053,1.071415755438137
43,77,down,32291,False,0.11955922096967697,2.34269122190462
43,78,down,2176,False,0.1346118152141571,3.7474545812129882
43,79,down,477,True,0.09698273986577988,1.0719066673609663
43,80,down,28222,False,0.10592447221279144,1.1619262213628132
43,81,down,46463,False,0.10960164666175842,1.4269662385733886
43,82,down,5976,False,0.1146898865699768,1.5569295583276026
43,83,down,21254,False,0.11199640482664108,1.338734637057496
43,84,down,1263,False,0.12789754569530487,5.955546382250892
43,85,down,6394,False,0.12004393339157104,1.9932807433313986
43,86,down,31,True,0.09682708978652954,1.0739671849962762
43,87,down,51927,False,0.11146148294210434,1.2747966449105526
43,88,down,33891,False,0.11792253702878952,2.0676166432111107
43,89,down,76,True,0.09691934287548065,1.0729730830533803
43,90,down,1288,False,0.13694427907466888,4.683207493646736
43,91,down,11106,False,0.11335396021604538,1.7002052939929249
43,92,down,223,True,0.09686897695064545,1.0720571425836352
43,93,down,24,True,0.09695044904947281,1.0728986448203308
43,94,down,17287,False,0.11233754456043243,1.3784424095228098
43,95,down,3,True,0.09695132076740265,1.0724249713755278
43,96,down,7783,False,0.12268714606761932,2.1905104735613836
43,97,down,40949,False,0.11064916104078293,1.6604081491382103
43,98,down,16037,False,0.10635934770107269,1.178465598135996
43,99,down,6905,False,0.11466740816831589,1.2635093953263001
43,100,down,44297,False,0.11829213052988052,1.640949244760938
43,101,down,61,True,0.09695608913898468,1.0715634479271992
43,102,down,90,True,0.0969509407877922,1.0730914979207358
43,103,down,21,True,0.09687256813049316,1.0724851388713006
43,104,down,125014,False,0.111472487449646,1.427649552968552
43,105,down,8,True,0.09691260755062103,1.0725599723509154
43,106,down,265,True,0.09702212363481522,1.0733562839843778
43,107,down,22,True,0.09691233932971954,1.0732538119737525
43,108,down,1413,False,0.13828220963478088,3.530701901868609
43,109,down,23,True,0.09695177525281906,1.076856087746345
43,110,down,111,True,0.09697992354631424,1.0789134446124908
43,111,down,7302,False,0.11260496824979782,1.2466339516755052
43,112,down,16825,False,0.111827053129673,1.2987369485581928
43,113,down,281,True,0.09698986262083054,1.0741545328353017
43,114,down,23998,False,0.11435390263795853,1.5802114180481162
43,115,down,13259,False,0.11416681855916977,2.2202085934317553
43,116,down,0,True,0.09679495543241501,1.0724249713755278
43,117,down,315,True,0.09701080620288849,1.0746310305273243
43,118,down,306,True,0.09692755341529846,1.072675839938976
43,119,down,5838,False,0.11552229523658752,1.434006405788548
43,120,down,43751,False,0.11144058406352997,1.4804963427079354
43,121,down,66479,False,0.11311850696802139,1.4641829620182567
43,122,down,13652,False,0.12151721864938736,2.6140659061528875
43,123,down,2856,False,0.12281299382448196,1.4904220415146283
43,124,down,3727,False,0.1113702729344368,1.4436171019370947
43,125,down,31433,False,0.11605595797300339,1.5659222093216123
43,126,down,3,True,0.09685683995485306,1.0728633010419943
43,127,down,5258,False,0.11756996810436249,1.4403968734200392
44,0,gate_up,24035,False,0.11239426583051682,13.130288001454817
44,1,gate_up,16757,False,0.11326934397220612,11.737092681181618
44,2,gate_up,5016,False,0.12338275462388992,9.534795894945484
44,3,gate_up,47071,False,0.11018611490726471,12.451730295534293
44,4,gate_up,858,False,0.1375216692686081,10.434465109150265
44,5,gate_up,10083,False,0.11530560255050659,12.072437586221824
44,6,gate_up,89826,False,0.10840824991464615,11.777368148369234
44,7,gate_up,399,True,0.10656700283288956,10.865859190331925
44,8,gate_up,10852,False,0.11473824083805084,15.213561870706968
44,9,gate_up,52856,False,0.10775815695524216,9.920856252172564
44,10,gate_up,613,False,0.1318456530570984,10.740834748696864
44,11,gate_up,75219,False,0.10750535130500793,12.223006152184409
44,12,gate_up,15140,False,0.11289215832948685,11.393807585587261
44,13,gate_up,33899,False,0.1109369769692421,14.36332189346457
44,14,gate_up,1560,False,0.14061051607131958,11.075197835569327
44,15,gate_up,8172,False,0.11675692349672318,9.48303431633348
44,16,gate_up,21378,False,0.11247725039720535,15.038106606071173
44,17,gate_up,1855,False,0.13920775055885315,11.887589096306701
44,18,gate_up,38,True,0.10639509558677673,10.865859190331925
44,19,gate_up,6977,False,0.11725473403930664,9.333135437865563
44,20,gate_up,46521,False,0.11035612970590591,12.290487782469757
44,21,gate_up,41,True,0.10637886822223663,10.865859190331925
44,22,gate_up,62311,False,0.10913050174713135,11.489716424068934
44,23,gate_up,28814,False,0.11025069653987885,11.119682299487092
44,24,gate_up,6597,False,0.11739315092563629,12.802397674737339
44,25,gate_up,22800,False,0.11141948401927948,13.012130935497785
44,26,gate_up,1718,False,0.1413602977991104,9.814219819732484
44,27,gate_up,121408,False,0.10771389305591583,11.987933371089511
44,28,gate_up,7,True,0.10643494874238968,10.865859190331925
44,29,gate_up,23625,False,0.11189950257539749,12.096629325049204
44,30,gate_up,430,True,0.10651631653308868,10.865859190331925
44,31,gate_up,5280,False,0.11802031844854355,13.126784687457127
44,32,gate_up,1640,False,0.13493944704532623,17.177400941127768
44,33,gate_up,19629,False,0.11212179809808731,12.029845654195139
44,34,gate_up,3712,False,0.12660016119480133,11.376264943787481
44,35,gate_up,13,True,0.10654578357934952,10.865859190331925
44,36,gate_up,197,True,0.106376513838768,10.865859190331925
44,37,gate_up,38784,False,0.11121874302625656,14.613097338189597
44,38,gate_up,10141,False,0.11595115065574646,12.420541278088386
44,39,gate_up,57442,False,0.1091422587633133,10.43171632736779
44,40,gate_up,7831,False,0.11746171116828918,12.06939130122066
44,41,gate_up,3246,False,0.12796500325202942,13.449842361708226
44,42,gate_up,26355,False,0.10902390629053116,9.714775354925374
44,43,gate_up,37,True,0.106511689722538,10.865859190331925
44,44,gate_up,26028,False,0.11132383346557617,12.883069029707881
44,45,gate_up,40291,False,0.11165143549442291,12.858893155565038
44,46,gate_up,21164,False,0.11267181485891342,10.195108880645147
44,47,gate_up,9319,False,0.11723843216896057,10.341589898070557
44,48,gate_up,36292,False,0.11082255095243454,12.55304659202789
44,49,gate_up,5312,False,0.12048938125371933,12.98607178914383
44,50,gate_up,1040,False,0.14369480311870575,9.985997208873249
44,51,gate_up,5753,False,0.11592858284711838,17.774259517043276
44,52,gate_up,15193,False,0.11181310564279556,9.564233310149998
44,53,gate_up,30390,False,0.11249933391809464,14.387414378376832
44,54,gate_up,52789,False,0.10943009704351425,11.564916092169922
44,55,gate_up,2,True,0.10630213469266891,10.865859190331925
44,56,gate_up,68739,False,0.10868370532989502,10.859530867465208
44,57,gate_up,4879,False,0.12338627129793167,9.246006858827197
44,58,gate_up,21368,False,0.1124042347073555,10.4970576867941
44,59,gate_up,4703,False,0.12306281924247742,13.805309893820446
44,60,gate_up,12401,False,0.11345776170492172,10.733442155163434
44,61,gate_up,2,True,0.10662008821964264,10.865859190331925
44,62,gate_up,27454,False,0.10851900279521942,9.022261633725705
44,63,gate_up,17,True,0.10668610036373138,10.865859190331925
44,64,gate_up,6343,False,0.1201963871717453,13.459852172395228
44,65,gate_up,6,True,0.1065869852900505,10.865859190331925
44,66,gate_up,9809,False,0.11447494477033615,9.44712646750279
44,67,gate_up,3577,False,0.1258539855480194,14.281194949724739
44,68,gate_up,2915,False,0.1308249831199646,14.161407688801095
44,69,gate_up,127899,False,0.10791954398155212,11.396512406429496
44,70,gate_up,335,True,0.10643595457077026,10.865859190331925
44,71,gate_up,35596,False,0.1106070950627327,11.704508565876747
44,72,gate_up,14379,False,0.11259781569242477,10.5731236975241
44,73,gate_up,28254,False,0.11239109933376312,15.555513628719554
44,74,gate_up,1,True,0.10638149827718735,10.865859190331925
44,75,gate_up,19,True,0.10634548962116241,10.865859190331925
44,76,gate_up,50,True,0.10644350200891495,10.865859190331925
44,77,gate_up,23,True,0.10644111037254333,10.865859190331925
44,78,gate_up,3235,False,0.128579244017601,14.347360607126317
44,79,gate_up,2354,False,0.13676248490810394,13.107835770710231
44,80,gate_up,65489,False,0.11046299338340759,15.72480012236056
44,81,gate_up,43837,False,0.11002563685178757,12.644071980615283
44,82,gate_up,5837,False,0.1204928308725357,8.526222058041935
44,83,gate_up,27220,False,0.11087332665920258,11.635458413292014
44,84,gate_up,3371,False,0.1284915655851364,14.245099989769033
44,85,gate_up,23,True,0.10658356547355652,10.865859190331925
44,86,gate_up,25,True,0.10657292604446411,10.865859190331925
44,87,gate_up,13,True,0.10630602389574051,10.865859190331925
44,88,gate_up,35748,False,0.11137209832668304,13.193063686628673
44,89,gate_up,4701,False,0.12356293946504593,11.457453854148696
44,90,gate_up,15319,False,0.11622795462608337,15.42154253218688
44,91,gate_up,13,True,0.106532022356987,10.865859190331925
44,92,gate_up,7032,False,0.11891543120145798,12.519155607943105
44,93,gate_up,21,True,0.10621362924575806,10.865859190331925
44,94,gate_up,16251,False,0.11337373405694962,14.874318302517043
44,95,gate_up,2737,False,0.13219507038593292,10.666582735725198
44,96,gate_up,5228,False,0.12104592472314835,7.867467479142707
44,97,gate_up,10,True,0.10655626654624939,10.865859190331925
44,98,gate_up,6924,False,0.1199425756931305,11.76285009900419
44,99,gate_up,24566,False,0.11262788623571396,13.471989361240157
44,100,gate_up,4556,False,0.12447617948055267,9.268749106014573
44,101,gate_up,2474,False,0.1380077600479126,8.855901461492023
44,102,gate_up,2488,False,0.12261250615119934,13.775172149453294
44,103,gate_up,1345,False,0.14435996115207672,9.203782548926714
44,104,gate_up,17049,False,0.1117623895406723,10.26512196082422
44,105,gate_up,20202,False,0.11285394430160522,10.22921507657319
44,106,gate_up,9,True,0.10637470334768295,10.865859190331925
44,107,gate_up,45097,False,0.1098991259932518,12.814189964381775
44,108,gate_up,3689,False,0.12905475497245789,10.929422993341634
44,109,gate_up,224,True,0.10646386444568634,10.865859190331925
44,110,gate_up,42018,False,0.11168970912694931,17.804325390465895
44,111,gate_up,12460,False,0.1153227835893631,9.775050254715838
44,112,gate_up,6,True,0.10657145082950592,10.865859190331925
44,113,gate_up,18732,False,0.11041753739118576,9.939685771511947
44,114,gate_up,1357,False,0.14582952857017517,8.554097848976374
44,115,gate_up,12,True,0.10649777203798294,10.865859190331925
44,116,gate_up,50238,False,0.10927402228116989,12.269702899345427
44,117,gate_up,2,True,0.10645246505737305,10.865859190331925
44,118,gate_up,12351,False,0.1136615052819252,13.823441479605139
44,119,gate_up,16898,False,0.11207327991724014,12.254356851776327
44,120,gate_up,29,True,0.10640432685613632,10.865859190331925
44,121,gate_up,11080,False,0.11569026112556458,11.421525810088273
44,122,gate_up,39559,False,0.10973392426967621,11.635173104284599
44,123,gate_up,2,True,0.10672853887081146,10.865859190331925
44,124,gate_up,17,True,0.10642406344413757,10.865859190331925
44,125,gate_up,43,True,0.10641206055879593,10.865859190331925
44,126,gate_up,1118,False,0.13696891069412231,12.58989714170966
44,127,gate_up,618,False,0.12304896861314774,22.877643421638766
44,0,down,24035,False,0.11442473530769348,1.5100840287690562
44,1,down,16757,False,0.11440443992614746,1.35085816091869
44,2,down,5016,False,0.11088545620441437,1.2107002095128625
44,3,down,47071,False,0.11083537340164185,1.3824180028070292
44,4,down,858,False,0.15274830162525177,1.798044197163265
44,5,down,10083,False,0.11333957314491272,2.089133798974398
44,6,down,89826,False,0.11078805476427078,1.2492949522103793
44,7,down,399,True,0.0973246768116951,1.1954957344420352
44,8,down,10852,False,0.12903428077697754,5.8768257483979225
44,9,down,52856,False,0.106846384704113,1.3977740094062434
44,10,down,613,False,0.15564407408237457,1.9543776218322562
44,11,down,75219,False,0.10492662340402603,3.5195257072035937
44,12,down,15140,False,0.11531976610422134,1.448488803241835
44,13,down,33899,False,0.1178637221455574,1.396718697952684
44,14,down,1560,False,0.13804486393928528,1.8566279052475707
44,15,down,8172,False,0.11056813597679138,1.3085341096317242
44,16,down,21378,False,0.12987156212329865,2.020671009676545
44,17,down,1855,False,0.1330389827489853,1.753348981357989
44,18,down,38,True,0.09747867286205292,1.1989990935535528
44,19,down,6977,False,0.1073034480214119,1.2266881646776924
44,20,down,46521,False,0.11084721237421036,1.4172963944073265
44,21,down,41,True,0.09746335446834564,1.181734253422215
44,22,down,62311,False,0.1136808842420578,1.4902564676772567
44,23,down,28814,False,0.1079629510641098,1.430715661896402
44,24,down,6597,False,0.11457625031471252,1.556487104660313
44,25,down,22800,False,0.10824057459831238,1.6648359107498367
44,26,down,1718,False,0.13570408523082733,2.4851455945283445
44,27,down,121408,False,0.11116740852594376,1.484414452198753
44,28,down,7,True,0.09738992154598236,1.1997289580795227
44,29,down,23625,False,0.11798171699047089,1.5867916545156946
44,30,down,430,True,0.09753859788179398,1.1812411709307802
44,31,down,5280,False,0.12958599627017975,3.29510093317348
44,32,down,1640,False,0.1359061300754547,3.404507412921176
44,33,down,19629,False,0.11601408571004868,1.4153641458738926
44,34,down,3712,False,0.12374673783779144,1.8120133690220184
44,35,down,13,True,0.0972493588924408,1.1994681100774376
44,36,down,197,True,0.09753049165010452,1.1940612897465157
44,37,down,38784,False,0.11157268285751343,1.4611424264842687
44,38,down,10141,False,0.11751612275838852,1.4403792879576935
44,39,down,57442,False,0.11060222238302231,1.4105792253972764
44,40,down,7831,False,0.1181059256196022,1.9675535441645746
44,41,down,3246,False,0.1267606019973755,2.1303159596558237
44,42,down,26355,False,0.10340921580791473,1.1512804435275166
44,43,down,37,True,0.09747063368558884,1.2263991611484673
44,44,down,26028,False,0.11631830036640167,1.4415603874147755
44,45,down,40291,False,0.11481106281280518,1.7779277564234386
44,46,down,21164,False,0.1167878583073616,1.4805446125652104
44,47,down,9319,False,0.1108771339058876,1.6442978549438616
44,48,down,36292,False,0.11467903107404709,1.766749710678873
44,49,down,5312,False,0.12300416827201843,2.139411075104268
44,50,down,1040,False,0.14427053928375244,1.8283650330263892
44,51,down,5753,False,0.12410186976194382,3.789716034304998
44,52,down,15193,False,0.11601442098617554,1.4612099359699484
44,53,down,30390,False,0.12052084505558014,2.3082282653547033
44,54,down,52789,False,0.11318827420473099,1.517748170249035
44,55,down,2,True,0.09738205373287201,1.1948497763331034
44,56,down,68739,False,0.10406741499900818,1.2117448434697438
44,57,down,4879,False,0.12138445675373077,1.5325771484287136
44,58,down,21368,False,0.11805424839258194,2.0260360055241127
44,59,down,4703,False,0.1261788010597229,2.6350684840285883
44,60,down,12401,False,0.12031523883342743,2.4580004357858303
44,61,down,2,True,0.09746304154396057,1.191862487561796
44,62,down,27454,False,0.1135249137878418,1.4363275712784689
44,63,down,17,True,0.09735776484012604,1.2010823139168907
44,64,down,6343,False,0.12350200861692429,1.4313110492561831
44,65,down,6,True,0.09720533341169357,1.1977268403012435
44,66,down,9809,False,0.12136572599411011,1.4276233247591472
44,67,down,3577,False,0.13160523772239685,3.1315743372660245
44,68,down,2915,False,0.11911239475011826,1.549263056004037
44,69,down,127899,False,0.11216788738965988,1.3313298544065744
44,70,down,335,True,0.09748874604701996,1.2026888601189016
44,71,down,35596,False,0.11981900781393051,1.8870134987591807
44,72,down,14379,False,0.10914310067892075,1.436233917860983
44,73,down,28254,False,0.12556031346321106,2.0038177519062312
44,74,down,1,True,0.09735226631164551,1.194743918234085
44,75,down,19,True,0.09720829129219055,1.191862487561796
44,76,down,50,True,0.09735612571239471,1.2030302504538914
44,77,down,23,True,0.09749073535203934,1.1954980005990514
44,78,down,3235,False,0.12764985859394073,2.611680903086514
44,79,down,2354,False,0.123171865940094,1.4809629549952281
44,80,down,65489,False,0.11404149234294891,1.5968307386593914
44,81,down,43837,False,0.10916197299957275,1.295108850383471
44,82,down,5837,False,0.10729455947875977,1.3057781349556339
44,83,down,27220,False,0.11235357820987701,1.4344561282927655
44,84,down,3371,False,0.11800709366798401,1.4272212862153575
44,85,down,23,True,0.09744447469711304,1.1911763584581432
44,86,down,25,True,0.09752585738897324,1.196439842510782
44,87,down,13,True,0.09737206995487213,1.1976792949174726
44,88,down,35748,False,0.11889205127954483,1.6973873341171706
44,89,down,4701,False,0.12084294110536575,1.9369210005309305
44,90,down,15319,False,0.12979921698570251,3.6763094106280887
44,91,down,13,True,0.09746618568897247,1.2055081178711662
44,92,down,7032,False,0.12329128384590149,1.6350347784076347
44,93,down,21,True,0.09741558879613876,1.1865965051558276
44,94,down,16251,False,0.12062673270702362,3.3959364197767727
44,95,down,2737,False,0.1321309357881546,1.9724861298925198
44,96,down,5228,False,0.10796543955802917,1.1639393205744573
44,97,down,10,True,0.09753557294607162,1.2101934671426116
44,98,down,6924,False,0.12698234617710114,1.9724399588724784
44,99,down,24566,False,0.11735214293003082,1.6538039323294802
44,100,down,4556,False,0.11344139277935028,1.5582441751677898
44,101,down,2474,False,0.13102330267429352,1.6573394291869463
44,102,down,2488,False,0.13049395382404327,5.000439733125427
44,103,down,1345,False,0.13440728187561035,1.6286631448612596
44,104,down,17049,False,0.10847506672143936,1.6848459289767632
44,105,down,20202,False,0.10909999161958694,2.0584424008875715
44,106,down,9,True,0.09738707542419434,1.1987859837900732
44,107,down,45097,False,0.11183197796344757,1.2963660794353045
44,108,down,3689,False,0.1280280500650406,1.9834620467181658
44,109,down,224,True,0.09737879037857056,1.1989797430265319
44,110,down,42018,False,0.12240926176309586,4.268891971209217
44,111,down,12460,False,0.11021161824464798,1.5287966874451413
44,112,down,6,True,0.09744864702224731,1.1839493684853901
44,113,down,18732,False,0.10505613684654236,1.3003894904501225
44,114,down,1357,False,0.13708212971687317,1.3857236601281173
44,115,down,12,True,0.09750092774629593,1.205500376469741
44,116,down,50238,False,0.11366985738277435,1.2760940390672078
44,117,down,2,True,0.09767124801874161,1.1989058787778428
44,118,down,12351,False,0.11610828340053558,1.581401658212755
44,119,down,16898,False,0.10785514861345291,1.31108097594049
44,120,down,29,True,0.09740470349788666,1.1981204744814196
44,121,down,11080,False,0.12154385447502136,1.8789463073656794
44,122,down,39559,False,0.10742675513029099,1.3194269500874463
44,123,down,2,True,0.09737549722194672,1.1959543832162516
44,124,down,17,True,0.0972389355301857,1.191862487561796
44,125,down,43,True,0.09727072715759277,1.1974210462293629
44,126,down,1118,False,0.14710190892219543,2.100348142466359
44,127,down,618,False,0.14939971268177032,3.2598990725976424
45,0,gate_up,8543,False,0.11678406596183777,14.340198723333872
45,1,gate_up,290,True,0.10537576675415039,10.206301964112061
45,2,gate_up,76191,False,0.10785455256700516,10.805308770526153
45,3,gate_up,11334,False,0.11299309134483337,12.574631720496818
45,4,gate_up,35239,False,0.1093253418803215,11.152268395053648
45,5,gate_up,62500,False,0.1095004677772522,14.903549536148654
45,6,gate_up,121,True,0.10523846000432968,10.206301964112061
45,7,gate_up,4570,False,0.1213906854391098,9.97368298384184
45,8,gate_up,6525,False,0.1185268759727478,9.581371976223068
45,9,gate_up,316,True,0.10530754923820496,10.206301964112061
45,10,gate_up,10366,False,0.11420705169439316,11.516689279451677
45,11,gate_up,17,True,0.10521712154150009,10.206301964112061
45,12,gate_up,132539,False,0.10654235631227493,10.943021032236151
45,13,gate_up,6533,False,0.11718011647462845,12.746135143964914
45,14,gate_up,6,True,0.10530755668878555,10.206301964112061
45,15,gate_up,35,True,0.10530245304107666,10.206301964112061
45,16,gate_up,55634,False,0.10721977800130844,10.763422511557552
45,17,gate_up,35230,False,0.1104964017868042,12.902880871909197
45,18,gate_up,4619,False,0.12390971928834915,11.652021282580641
45,19,gate_up,1994,False,0.1354071944952011,14.82926132491693
45,20,gate_up,63809,False,0.10771150887012482,9.73095653941763
45,21,gate_up,2167,False,0.13889335095882416,11.844454958404922
45,22,gate_up,76221,False,0.10849843174219131,11.636808120548995
45,23,gate_up,3311,False,0.12721103429794312,15.339359194127159
45,24,gate_up,56658,False,0.10827463120222092,11.655255438998067
45,25,gate_up,0,True,0.10535962879657745,10.206301964112061
45,26,gate_up,29151,False,0.109564408659935,10.343991289778913
45,27,gate_up,96401,False,0.10779041051864624,11.407370148326388
45,28,gate_up,10403,False,0.11329475045204163,13.45217458335122
45,29,gate_up,15421,False,0.11287879198789597,15.905218370518774
45,30,gate_up,3297,False,0.1304710954427719,9.597632965896592
45,31,gate_up,1392,False,0.14481736719608307,8.523576590166861
45,32,gate_up,72838,False,0.10788258910179138,11.758391843481036
45,33,gate_up,3628,False,0.12831732630729675,8.60705034001978
45,34,gate_up,427,True,0.10533254593610764,10.206301964112061
45,35,gate_up,639,False,0.13054509460926056,11.01885715487273
45,36,gate_up,5618,False,0.12043428421020508,10.699374186887967
45,37,gate_up,72957,False,0.10779089480638504,10.998439935359528
45,38,gate_up,6067,False,0.1162181869149208,17.304113807680366
45,39,gate_up,27,True,0.10543669015169144,10.206301964112061
45,40,gate_up,80,True,0.10535801202058792,10.206301964112061
45,41,gate_up,2441,False,0.13410037755966187,11.88769287849025
45,42,gate_up,31932,False,0.10926368087530136,11.3888393448272
45,43,gate_up,5198,False,0.1190246194601059,11.74165506893099
45,44,gate_up,1360,False,0.11619704961776733,15.657645019931888
45,45,gate_up,32975,False,0.10897395759820938,9.314147449382519
45,46,gate_up,42203,False,0.11034364253282547,12.779185307177984
45,47,gate_up,45870,False,0.11019546538591385,14.745395594511379
45,48,gate_up,26427,False,0.1080632284283638,9.227723055084306
45,49,gate_up,45,True,0.10525885969400406,10.206301964112061
45,50,gate_up,23018,False,0.11122331768274307,10.788618660266334
45,51,gate_up,12796,False,0.1119183599948883,10.104203584066513
45,52,gate_up,8342,False,0.11515869945287704,18.990069646612746
45,53,gate_up,4327,False,0.12524816393852234,11.41421108978831
45,54,gate_up,5509,False,0.12147364020347595,10.996041157592545
45,55,gate_up,197,True,0.10544529557228088,10.206301964112061
45,56,gate_up,10,True,0.10548948496580124,10.206301964112061
45,57,gate_up,148,True,0.10519275814294815,10.206301964112061
45,58,gate_up,5923,False,0.11889398097991943,12.25595857247166
45,59,gate_up,9,True,0.10512591153383255,10.206301964112061
45,60,gate_up,3576,False,0.12674805521965027,12.622486774411852
45,61,gate_up,1430,False,0.13810911774635315,13.950379142122312
45,62,gate_up,12,True,0.10530030727386475,10.206301964112061
45,63,gate_up,7028,False,0.11725722253322601,11.771744356739912
45,64,gate_up,9431,False,0.1159995049238205,11.883135265986835
45,65,gate_up,24534,False,0.11028656363487244,10.325897245821919
45,66,gate_up,2636,False,0.1324453055858612,10.203712012667241
45,67,gate_up,13121,False,0.11180020868778229,9.50592472729333
45,68,gate_up,3,True,0.10513073951005936,10.206301964112061
45,69,gate_up,515,False,0.1302892118692398,8.109579836842604
45,70,gate_up,51469,False,0.10928866267204285,12.684702136602745
45,71,gate_up,20931,False,0.11077607423067093,10.645488509036268
45,72,gate_up,1712,False,0.1408185362815857,15.48782118269949
45,73,gate_up,736,False,0.1360328495502472,10.943491311097674
45,74,gate_up,150,True,0.1053435355424881,10.206301964112061
45,75,gate_up,13,True,0.10533405095338821,10.206301964112061
45,76,gate_up,33716,False,0.10882196575403214,10.52482055862407
45,77,gate_up,11706,False,0.11217878758907318,9.4045332129685
45,78,gate_up,19,True,0.10534968227148056,10.206301964112061
45,79,gate_up,46,True,0.10530581325292587,10.206301964112061
45,80,gate_up,55195,False,0.10887742042541504,12.105285113705717
45,81,gate_up,7532,False,0.11675786226987839,12.315604046064632
45,82,gate_up,11550,False,0.11458936333656311,14.894231272293936
45,83,gate_up,40310,False,0.11065607517957687,15.43908201553957
45,84,gate_up,758,False,0.13328972458839417,11.798467965522594
45,85,gate_up,1942,False,0.13953012228012085,9.40607834538823
45,86,gate_up,9968,False,0.11379856616258621,12.477731832713518
45,87,gate_up,49656,False,0.10984842479228973,16.175839356544035
45,88,gate_up,25663,False,0.10798081755638123,9.698415735002936
45,89,gate_up,6779,False,0.1180499866604805,11.943399924269022
45,90,gate_up,2209,False,0.1305502951145172,13.887211103281166
45,91,gate_up,8700,False,0.11680986732244492,11.093534481757645
45,92,gate_up,27221,False,0.10846850275993347,9.952420518623462
45,93,gate_up,6126,False,0.11904654651880264,11.323868950069668
45,94,gate_up,6977,False,0.11742934584617615,11.84189139473126
45,95,gate_up,30987,False,0.11001773923635483,13.159709144532647
45,96,gate_up,33,True,0.1051953062415123,10.206301964112061
45,97,gate_up,5,True,0.1054476723074913,10.206301964112061
45,98,gate_up,7934,False,0.11570778489112854,10.461912509986075
45,99,gate_up,21620,False,0.11150139570236206,10.905937628699904
45,100,gate_up,30,True,0.105244942009449,10.206301964112061
45,101,gate_up,22209,False,0.11099737137556076,12.03222917456739
45,102,gate_up,14,True,0.10535422712564468,10.206301964112061
45,103,gate_up,19049,False,0.11096426099538803,11.577005831737827
45,104,gate_up,1364,False,0.14235471189022064,8.812416417406224
45,105,gate_up,33,True,0.10541824251413345,10.206301964112061
45,106,gate_up,42,True,0.10528896749019623,10.206301964112061
45,107,gate_up,606,False,0.12473275512456894,11.497648920468913
45,108,gate_up,3,True,0.10542459785938263,10.206301964112061
45,109,gate_up,3953,False,0.12363427132368088,12.062239014268139
45,110,gate_up,686,False,0.13367629051208496,12.021790505768974
45,111,gate_up,4953,False,0.12091246247291565,14.395383684709172
45,112,gate_up,44155,False,0.11023277044296265,12.653601689168791
45,113,gate_up,1819,False,0.13802428543567657,11.789348628393679
45,114,gate_up,57113,False,0.10784124583005905,10.164302227404617
45,115,gate_up,1546,False,0.14061065018177032,11.533785336246762
45,116,gate_up,14431,False,0.11092157661914825,9.015008890268176
45,117,gate_up,70262,False,0.10668552666902542,10.165572593138043
45,118,gate_up,9,True,0.10505743324756622,10.206301964112061
45,119,gate_up,20263,False,0.11028266698122025,11.869565732646352
45,120,gate_up,2584,False,0.13704407215118408,8.668031903949263
45,121,gate_up,1488,False,0.13903911411762238,13.062738116755847
45,122,gate_up,43,True,0.10515481233596802,10.206301964112061
45,123,gate_up,83559,False,0.10805859416723251,10.666049864689766
45,124,gate_up,23,True,0.10533514618873596,10.206301964112061
45,125,gate_up,317,True,0.10533805191516876,10.206301964112061
45,126,gate_up,968,False,0.1408577263355255,11.126389385072885
45,127,gate_up,19837,False,0.10954893380403519,11.024272438005823
45,0,down,8543,False,0.1289311647415161,2.3503636775476306
45,1,down,290,True,0.09770867228507996,2.416049795280258
45,2,down,76191,False,0.10405757278203964,1.226792901156524
45,3,down,11334,False,0.1124357134103775,2.0744272133627173
45,4,down,35239,False,0.11272655427455902,1.4561516952934228
45,5,down,62500,False,0.11751244962215424,1.914004331724137
45,6,down,121,True,0.09759964048862457,2.2351967576382226
45,7,down,4570,False,0.11762306839227676,1.4279116102832228
45,8,down,6525,False,0.12118678539991379,1.5498823896083567
45,9,down,316,True,0.09755771607160568,2.2996097449097377
45,10,down,10366,False,0.11731726676225662,1.581404770677184
45,11,down,17,True,0.09755617380142212,2.3765692129235574
45,12,down,132539,False,0.1089518815279007,1.5119136777576567
45,13,down,6533,False,0.11593058705329895,1.5351834890992269
45,14,down,6,True,0.09764385968446732,2.330841861751616
45,15,down,35,True,0.09770173579454422,2.2610840860256523
45,16,down,55634,False,0.10615438967943192,1.3250501914691346
45,17,down,35230,False,0.11701731383800507,1.7650399300529573
45,18,down,4619,False,0.11718665063381195,1.4114391652275353
45,19,down,1994,False,0.14506223797798157,2.177986246532855
45,20,down,63809,False,0.10620198398828506,1.2656523337639887
45,21,down,2167,False,0.12762121856212616,1.641981963820096
45,22,down,76221,False,0.11822409182786942,1.5656419310337026
45,23,down,3311,False,0.12898707389831543,7.69018190643367
45,24,down,56658,False,0.1078694686293602,1.4185140606129925
45,25,down,0,True,0.09775083512067795,2.31126603938364
45,26,down,29151,False,0.10594623535871506,1.296292481032885
45,27,down,96401,False,0.11284399032592773,1.802646185197994
45,28,down,10403,False,0.11017539352178574,1.3984458956976602
45,29,down,15421,False,0.1201750636100769,2.2569323368739203
45,30,down,3297,False,0.12177907675504684,1.7249887590749462
45,31,down,1392,False,0.1356687843799591,1.365172515389398
45,32,down,72838,False,0.10909844934940338,1.3884203177552772
45,33,down,3628,False,0.12681259214878082,1.4563462412412402
45,34,down,427,True,0.09771645814180374,2.400690137928995
45,35,down,639,False,0.15615054965019226,2.4266159230213926
45,36,down,5618,False,0.11940299719572067,1.8306560936320553
45,37,down,72957,False,0.10846368968486786,1.4169495160583208
45,38,down,6067,False,0.12720148265361786,2.1286408465836097
45,39,down,27,True,0.09764766693115234,2.3000929651274458
45,40,down,80,True,0.09751344472169876,2.3514675681517403
45,41,down,2441,False,0.13375069200992584,1.892386780721399
45,42,down,31932,False,0.11500895768404007,2.1404793740122305
45,43,down,5198,False,0.11074873805046082,1.2513176702453528
45,44,down,1360,False,0.1332361400127411,3.9622787560627164
45,45,down,32975,False,0.11026404052972794,1.3864302445974104
45,46,down,42203,False,0.11262699961662292,1.4606077030990945
45,47,down,45870,False,0.115781269967556,1.6987210189275008
45,48,down,26427,False,0.10657809674739838,1.2921906170859718
45,49,down,45,True,0.09765509516000748,2.3181031025017256
45,50,down,23018,False,0.12018004059791565,1.707770546406362
45,51,down,12796,False,0.10865563899278641,1.1668377905953087
45,52,down,8342,False,0.1275583654642105,3.0063855520560776
45,53,down,4327,False,0.12012366950511932,1.7462794448147623
45,54,down,5509,False,0.12112116813659668,1.697793628296583
45,55,down,197,True,0.09759601205587387,2.3167949471681935
45,56,down,10,True,0.09768791496753693,2.286305806319889
45,57,down,148,True,0.09761285781860352,2.312324354455894
45,58,down,5923,False,0.11249226331710815,1.261691313797422
45,59,down,9,True,0.09759928286075592,2.246088825088401
45,60,down,3576,False,0.12126348912715912,1.6939328932016584
45,61,down,1430,False,0.14525069296360016,2.0036281951235293
45,62,down,12,True,0.09769243746995926,2.3191733115983744
45,63,down,7028,False,0.11805293709039688,1.5343862878326648
45,64,down,9431,False,0.11072979122400284,1.5354776087496607
45,65,down,24534,False,0.10702329128980637,1.4483389037880225
45,66,down,2636,False,0.12257440388202667,3.628100257536104
45,67,down,13121,False,0.1033678948879242,1.1202082680869827
45,68,down,3,True,0.09762512147426605,2.278511969246655
45,69,down,515,False,0.1545117199420929,3.9390548613333967
45,70,down,51469,False,0.11269901692867279,2.4272025455925315
45,71,down,20931,False,0.12061180174350739,2.009584375463048
45,72,down,1712,False,0.13380174338817596,2.604667412585748
45,73,down,736,False,0.15214557945728302,1.7682240514606404
45,74,down,150,True,0.09745331853628159,2.326294929226073
45,75,down,13,True,0.09756742417812347,2.243787955496431
45,76,down,33716,False,0.10524843633174896,1.428373296776804
45,77,down,11706,False,0.10898122936487198,1.325260919659252
45,78,down,19,True,0.0975494235754013,2.2152468250131414
45,79,down,46,True,0.09765194356441498,2.3507669122770793
45,80,down,55195,False,0.11006370931863785,1.4450683254788215
45,81,down,7532,False,0.1150708943605423,1.5788839120241747
45,82,down,11550,False,0.1258513182401657,6.280581983772003
45,83,down,40310,False,0.11777611076831818,1.8670595095434748
45,84,down,758,False,0.15724140405654907,2.0973358131380344
45,85,down,1942,False,0.13366647064685822,1.9946492204174902
45,86,down,9968,False,0.11359433084726334,2.418271607175261
45,87,down,49656,False,0.1225869208574295,15.891369629849303
45,88,down,25663,False,0.11649961769580841,1.6450687937090571
45,89,down,6779,False,0.1181209608912468,1.4778687962495403
45,90,down,2209,False,0.13178089261054993,2.5723933275516306
45,91,down,8700,False,0.11834457516670227,1.8032497180001292
45,92,down,27221,False,0.1027894839644432,1.1795418180296942
45,93,down,6126,False,0.11445487290620804,1.4218368454759625
45,94,down,6977,False,0.11719212681055069,1.8080257665005912
45,95,down,30987,False,0.1272391378879547,2.4285326727676155
45,96,down,33,True,0.09745262563228607,2.1952692267819716
45,97,down,5,True,0.09767743200063705,2.3015946695312612
45,98,down,7934,False,0.10669638961553574,1.1563456427496663
45,99,down,21620,False,0.11689558625221252,1.501494054325331
45,100,down,30,True,0.09756964445114136,2.2675242342373636
45,101,down,22209,False,0.12431395053863525,2.235789665555853
45,102,down,14,True,0.0976581946015358,2.247252070305397
45,103,down,19049,False,0.11619707196950912,1.4270592967404583
45,104,down,1364,False,0.13644617795944214,1.7038037510575166
45,105,down,33,True,0.09756673127412796,2.315120971186511
45,106,down,42,True,0.09760767221450806,2.3111685662457107
45,107,down,606,False,0.14591240882873535,5.293789353552889
45,108,down,3,True,0.09762012958526611,2.1811009225040383
45,109,down,3953,False,0.11232636123895645,1.4483787880269163
45,110,down,686,False,0.14979253709316254,1.553748168228759
45,111,down,4953,False,0.12202375382184982,1.9449274804479442
45,112,down,44155,False,0.11152420938014984,1.5162550671493662
45,113,down,1819,False,0.1381649374961853,1.4436380381709915
45,114,down,57113,False,0.10907024145126343,1.3817943540441062
45,115,down,1546,False,0.13277919590473175,1.7262942359242464
45,116,down,14431,False,0.1026642695069313,1.1522295863979004
45,117,down,70262,False,0.10759810358285904,1.3705991969883926
45,118,down,9,True,0.09764505922794342,2.3633845767227415
45,119,down,20263,False,0.10819537937641144,1.6154494994841908
45,120,down,2584,False,0.1282901167869568,2.457176779482609
45,121,down,1488,False,0.13721336424350739,1.6355886814866925
45,122,down,43,True,0.09770280122756958,2.29206845682473
45,123,down,83559,False,0.10819043964147568,1.4473554126924701
45,124,down,23,True,0.09770169854164124,2.292935994619794
45,125,down,317,True,0.09743627905845642,2.3538480272940703
45,126,down,968,False,0.1459275484085083,1.8639138963385893
45,127,down,19837,False,0.10794510692358017,1.1531327808778344
46,0,gate_up,4292,False,0.12424056231975555,10.692315190054765
46,1,gate_up,30665,False,0.10986211895942688,15.886071350186072
46,2,gate_up,19,True,0.10473733395338058,11.2941966628034
46,3,gate_up,2796,False,0.13088643550872803,11.045720975715914
46,4,gate_up,39,True,0.10457602888345718,11.2941966628034
46,5,gate_up,51893,False,0.1080649271607399,13.011850791088943
46,6,gate_up,28,True,0.10444283485412598,11.2941966628034
46,7,gate_up,28615,False,0.10885223001241684,13.336298808054831
46,8,gate_up,8082,False,0.11517226696014404,14.621948389823894
46,9,gate_up,4475,False,0.12110471725463867,14.580727315374082
46,10,gate_up,43651,False,0.10979565978050232,15.60222125968144
46,11,gate_up,14253,False,0.11420806497335434,15.843753957799503
46,12,gate_up,34,True,0.10457251965999603,11.2941966628034
46,13,gate_up,461,True,0.10470061749219894,11.2941966628034
46,14,gate_up,1361,False,0.14341874420642853,8.591851818122887
46,15,gate_up,1820,False,0.13130362331867218,16.164445902199542
46,16,gate_up,14610,False,0.11270702630281448,11.359390137046658
46,17,gate_up,5869,False,0.11939321458339691,12.780817739939572
46,18,gate_up,7180,False,0.1153276264667511,8.422090788131287
46,19,gate_up,55325,False,0.10767437517642975,12.280745295789362
46,20,gate_up,4060,False,0.12674061954021454,10.47128764934029
46,21,gate_up,2034,False,0.13906851410865784,9.612228480931472
46,22,gate_up,63783,False,0.10761085897684097,13.018949966776852
46,23,gate_up,5,True,0.10444587469100952,11.2941966628034
46,24,gate_up,249,True,0.10462820529937744,11.2941966628034
46,25,gate_up,11,True,0.10445795953273773,11.2941966628034
46,26,gate_up,9690,False,0.11331453919410706,8.916474541192963
46,27,gate_up,24130,False,0.11091772466897964,10.997654193925424
46,28,gate_up,4269,False,0.12102357298135757,12.088740483508284
46,29,gate_up,23344,False,0.11104337126016617,14.644998913817503
46,30,gate_up,30538,False,0.11008013039827347,14.087755773263181
46,31,gate_up,2216,False,0.13227146863937378,17.239374558512626
46,32,gate_up,22662,False,0.1110149547457695,10.572897954822722
46,33,gate_up,25500,False,0.10730770975351334,9.688837410580073
46,34,gate_up,11748,False,0.11657070368528366,19.126065283634407
46,35,gate_up,15502,False,0.10961094498634338,8.245125031278072
46,36,gate_up,12724,False,0.11237277090549469,12.098537421798158
46,37,gate_up,6758,False,0.11893554776906967,12.189579490125775
46,38,gate_up,4120,False,0.12225759029388428,13.695484668796427
46,39,gate_up,40739,False,0.11002669483423233,13.934097120215203
46,40,gate_up,76,True,0.1046108826994896,11.2941966628034
46,41,gate_up,14,True,0.10461888462305069,11.2941966628034
46,42,gate_up,85,True,0.10468322783708572,11.2941966628034
46,43,gate_up,18266,False,0.10915721207857132,9.032997913333372
46,44,gate_up,12930,False,0.11174880713224411,12.887299509506297
46,45,gate_up,34024,False,0.1095210537314415,14.982713879312513
46,46,gate_up,28494,False,0.1072516143321991,10.2713764157234
46,47,gate_up,2,True,0.10455404967069626,11.2941966628034
46,48,gate_up,20,True,0.10472578555345535,11.2941966628034
46,49,gate_up,8980,False,0.11464603245258331,10.301328989371454
46,50,gate_up,4,True,0.10472404956817627,11.2941966628034
46,51,gate_up,43129,False,0.10533872991800308,9.91134506188256
46,52,gate_up,82155,False,0.10707182437181473,11.20849025018355
46,53,gate_up,1187,False,0.13857945799827576,11.862500206255984
46,54,gate_up,24168,False,0.10755753517150879,9.492859055079546
46,55,gate_up,112415,False,0.10631554573774338,11.816874863509712
46,56,gate_up,97,True,0.10437554866075516,11.2941966628034
46,57,gate_up,1699,False,0.14237043261528015,7.622221501378892
46,58,gate_up,142,True,0.10452371090650558,11.2941966628034
46,59,gate_up,70,True,0.10464325547218323,11.2941966628034
46,60,gate_up,60890,False,0.1074281856417656,11.65361521675357
46,61,gate_up,46316,False,0.10712228715419769,12.023693490664854
46,62,gate_up,578,False,0.12966427206993103,10.297221450973149
46,63,gate_up,1024,False,0.13990835845470428,9.904466287664698
46,64,gate_up,15975,False,0.11101045459508896,10.482545483407842
46,65,gate_up,0,True,0.10462654381990433,11.2941966628034
46,66,gate_up,2565,False,0.13618996739387512,9.93424451961671
46,67,gate_up,22012,False,0.10878171771764755,12.218242265691364
46,68,gate_up,57374,False,0.10739117860794067,10.942924832168805
46,69,gate_up,33,True,0.10472247749567032,11.2941966628034
46,70,gate_up,127,True,0.10457346588373184,11.2941966628034
46,71,gate_up,10378,False,0.1137942522764206,15.768921753539214
46,72,gate_up,3,True,0.10449640452861786,11.2941966628034
46,73,gate_up,0,True,0.10435955971479416,11.2941966628034
46,74,gate_up,11746,False,0.11147982627153397,12.526715397957267
46,75,gate_up,7539,False,0.11664246022701263,11.99216650012192
46,76,gate_up,24498,False,0.11027553677558899,11.810582875061842
46,77,gate_up,20909,False,0.11010542511940002,11.73892485536923
46,78,gate_up,31,True,0.10461794584989548,11.2941966628034
46,79,gate_up,6091,False,0.11771583557128906,8.567892155318377
46,80,gate_up,55846,False,0.1081547886133194,12.962951910873464
46,81,gate_up,10710,False,0.11341216415166855,13.583023228899528
46,82,gate_up,39203,False,0.10931522399187088,13.932048838594916
46,83,gate_up,6619,False,0.11874452233314514,14.656938124997229
46,84,gate_up,19292,False,0.11105125397443771,13.888205290852154
46,85,gate_up,826,False,0.1137588694691658,22.165549905410845
46,86,gate_up,2,True,0.104777492582798,11.2941966628034
46,87,gate_up,0,True,0.10450479388237,11.2941966628034
46,88,gate_up,111,True,0.10480053722858429,11.2941966628034
46,89,gate_up,581,False,0.1208585798740387,23.101479153174353
46,90,gate_up,13330,False,0.11044153571128845,9.489621270182974
46,91,gate_up,47,True,0.1044185608625412,11.2941966628034
46,92,gate_up,12193,False,0.1130334660410881,10.102648721733534
46,93,gate_up,1759,False,0.1347038745880127,12.030532632504812
46,94,gate_up,23189,False,0.1107596829533577,10.767949970908019
46,95,gate_up,75,True,0.10453291237354279,11.2941966628034
46,96,gate_up,19571,False,0.11013385653495789,12.758233814268198
46,97,gate_up,67278,False,0.10795294493436813,13.23053768987484
46,98,gate_up,32448,False,0.10889751464128494,12.320695789348171
46,99,gate_up,3251,False,0.1295160949230194,10.805543973534032
46,100,gate_up,1314,False,0.1321210265159607,14.688192157331727
46,101,gate_up,70940,False,0.10731993615627289,12.362397225103779
46,102,gate_up,2524,False,0.13697177171707153,8.256106597894295
46,103,gate_up,3264,False,0.1296444833278656,10.317733168585228
46,104,gate_up,55648,False,0.105461485683918,10.962238666491988
46,105,gate_up,41974,False,0.10990404337644577,13.820172793654764
46,106,gate_up,5672,False,0.1168200746178627,17.01393006566222
46,107,gate_up,6641,False,0.11552707105875015,13.092298075156052
46,108,gate_up,40,True,0.10434933751821518,11.2941966628034
46,109,gate_up,5438,False,0.11996409296989441,8.95681234433826
46,110,gate_up,1638,False,0.13888970017433167,8.929307741629204
46,111,gate_up,13080,False,0.11178303509950638,13.5702047410994
46,112,gate_up,5061,False,0.11890865117311478,12.424498943987516
46,113,gate_up,8826,False,0.11559966206550598,11.791006529829898
46,114,gate_up,5169,False,0.11941267549991608,15.128387753519954
46,115,gate_up,56931,False,0.10817792266607285,12.66197395365947
46,116,gate_up,5339,False,0.1192888543009758,9.511951121630641
46,117,gate_up,110557,False,0.10632947832345963,11.81400787562849
46,118,gate_up,10672,False,0.11517775803804398,16.913429485707795
46,119,gate_up,2844,False,0.13014361262321472,11.2281963250476
46,120,gate_up,195,True,0.10455428808927536,11.2941966628034
46,121,gate_up,1,True,0.10433877259492874,11.2941966628034
46,122,gate_up,20430,False,0.1093335896730423,12.298577013642609
46,123,gate_up,20693,False,0.11066453158855438,15.976193682067812
46,124,gate_up,40634,False,0.10932281613349915,14.16962353344989
46,125,gate_up,929,False,0.13453124463558197,11.461589654402273
46,126,gate_up,5480,False,0.12041593343019485,12.274667380773831
46,127,gate_up,53291,False,0.10752470791339874,11.918503885369791
46,0,down,4292,False,0.126081645488739,1.4539965119094018
46,1,down,30665,False,0.11811046302318573,7.766680231746048
46,2,down,19,True,0.0981982946395874,1.2058159573512686
46,3,down,2796,False,0.13657590746879578,1.5705473316158671
46,4,down,39,True,0.09800253063440323,1.2525914763010983
46,5,down,51893,False,0.12751241028308868,4.511630292698839
46,6,down,28,True,0.09797995537519455,1.255205137996089
46,7,down,28615,False,0.10961274802684784,1.3924784878953955
46,8,down,8082,False,0.12980622053146362,1.686509008450898
46,9,down,4475,False,0.12793366611003876,6.553629198642184
46,10,down,43651,False,0.12438753247261047,3.22840281886482
46,11,down,14253,False,0.12428471446037292,2.5048424335884687
46,12,down,34,True,0.09812451153993607,1.2417170256991685
46,13,down,461,True,0.0978204533457756,1.2342594633291009
46,14,down,1361,False,0.13348613679409027,1.5982587779438184
46,15,down,1820,False,0.13628455996513367,2.609133942947228
46,16,down,14610,False,0.11177236586809158,2.1777511750394747
46,17,down,5869,False,0.11985793709754944,1.751334524402486
46,18,down,7180,False,0.10581371933221817,1.1603229510714945
46,19,down,55325,False,0.11347590386867523,1.5430004200357903
46,20,down,4060,False,0.12255483120679855,1.5282833265526734
46,21,down,2034,False,0.13060851395130157,2.583975393143886
46,22,down,63783,False,0.11008553206920624,1.5491607148217272
46,23,down,5,True,0.09792456030845642,1.2710290591705837
46,24,down,249,True,0.09799348562955856,1.2234640854764895
46,25,down,11,True,0.09805506467819214,1.2505608215984445
46,26,down,9690,False,0.10738326609134674,1.1579933121470658
46,27,down,24130,False,0.13001395761966705,1.6328521091902881
46,28,down,4269,False,0.1278739720582962,1.7795142829772326
46,29,down,23344,False,0.11910683661699295,1.3581670721627672
46,30,down,30538,False,0.12254057079553604,1.8184939156735165
46,31,down,2216,False,0.14434659481048584,2.6741206071287658
46,32,down,22662,False,0.12374947220087051,1.5222098820064873
46,33,down,25500,False,0.10258366912603378,1.1723574156277012
46,34,down,11748,False,0.12812143564224243,3.6759761420795094
46,35,down,15502,False,0.10388317704200745,1.291890421106807
46,36,down,12724,False,0.11729398369789124,1.897770783331537
46,37,down,6758,False,0.11511842161417007,1.7651370086427796
46,38,down,4120,False,0.12660634517669678,1.8865551533969822
46,39,down,40739,False,0.11546966433525085,2.21719581114634
46,40,down,76,True,0.09826158732175827,1.2743562140570555
46,41,down,14,True,0.0981903001666069,1.2520744033889144
46,42,down,85,True,0.09796708077192307,1.2549428540735976
46,43,down,18266,False,0.10435542464256287,1.1987768031064927
46,44,down,12930,False,0.11413443088531494,4.883944674332639
46,45,down,34024,False,0.11421302706003189,1.4530620715929614
46,46,down,28494,False,0.10137365013360977,1.1981081499079425
46,47,down,2,True,0.0978926420211792,1.2454433353460639
46,48,down,20,True,0.09794377535581589,1.2538792644537051
46,49,down,8980,False,0.1165965124964714,1.6579063349387537
46,50,down,4,True,0.09799423068761826,1.2237711615900118
46,51,down,43129,False,0.10686209797859192,2.2376162619242037
46,52,down,82155,False,0.1145954504609108,1.5756315710722073
46,53,down,1187,False,0.14398154616355896,2.0174628898600355
46,54,down,24168,False,0.11142618209123611,2.2505546394822518
46,55,down,112415,False,0.11385777592658997,1.604613070630265
46,56,down,97,True,0.09803871065378189,1.2514433467694939
46,57,down,1699,False,0.13634370267391205,4.219303398527919
46,58,down,142,True,0.09796267002820969,1.1932292369908686
46,59,down,70,True,0.09795914590358734,1.2542849875277897
46,60,down,60890,False,0.11373694241046906,1.4342064889151187
46,61,down,46316,False,0.11279059946537018,1.4461629885084901
46,62,down,578,False,0.15340052545070648,1.9653073536580874
46,63,down,1024,False,0.1418321430683136,2.899984899150781
46,64,down,15975,False,0.10786021500825882,1.4507331062187048
46,65,down,0,True,0.09797820448875427,1.203903102034624
46,66,down,2565,False,0.12411545217037201,2.0896069565394217
46,67,down,22012,False,0.11472541838884354,1.4566188881453261
46,68,down,57374,False,0.11078029125928879,1.3861958912933765
46,69,down,33,True,0.09812119603157043,1.2586720925259745
46,70,down,127,True,0.09812159091234207,1.261533129278748
46,71,down,10378,False,0.12387385964393616,2.772347889524856
46,72,down,3,True,0.09806425124406815,1.2300965806259343
46,73,down,0,True,0.09802766144275665,1.245678785823412
46,74,down,11746,False,0.11013086885213852,1.7139551436143396
46,75,down,7539,False,0.1194007396697998,1.7611027782474926
46,76,down,24498,False,0.1212892085313797,1.5080054315537483
46,77,down,20909,False,0.11550784856081009,1.9008249204113372
46,78,down,31,True,0.09795910120010376,1.24639104296082
46,79,down,6091,False,0.10667064785957336,1.1638258845707214
46,80,down,55846,False,0.11218586564064026,1.5432863338232343
46,81,down,10710,False,0.12903566658496857,1.654926923639065
46,82,down,39203,False,0.11550139635801315,1.6094302646345258
46,83,down,6619,False,0.12861190736293793,3.265464009569003
46,84,down,19292,False,0.11336962878704071,2.735070824703739
46,85,down,826,False,0.11705205589532852,50.99048593433513
46,86,down,2,True,0.09805945307016373,1.2464071134885348
46,87,down,0,True,0.09791053086519241,1.2544696513110465
46,88,down,111,True,0.09807921200990677,1.2385790571495807
46,89,down,581,False,0.1499396562576294,3.922273513922954
46,90,down,13330,False,0.1038920134305954,1.207372277998982
46,91,down,47,True,0.09799455851316452,1.2349489908812301
46,92,down,12193,False,0.11000791937112808,1.765862519413233
46,93,down,1759,False,0.13501417636871338,3.441301246916621
46,94,down,23189,False,0.11268973350524902,1.7628737158165717
46,95,down,75,True,0.09796969592571259,1.2255218401806183
46,96,down,19571,False,0.10952336341142654,2.7317120292703847
46,97,down,67278,False,0.10936174541711807,1.6874102389866483
46,98,down,32448,False,0.11527559906244278,1.8665920773835216
46,99,down,3251,False,0.12846504151821136,2.5326302398267515
46,100,down,1314,False,0.13555005192756653,4.600429533539072
46,101,down,70940,False,0.11702515184879303,1.4272611121442251
46,102,down,2524,False,0.12223317474126816,2.1925481302845276
46,103,down,3264,False,0.12462054938077927,1.7255980874545591
46,104,down,55648,False,0.11843612045049667,1.6005174936911117
46,105,down,41974,False,0.11350778490304947,1.5159079697562317
46,106,down,5672,False,0.12526364624500275,3.3219654478452987
46,107,down,6641,False,0.11501956731081009,1.675494817414553
46,108,down,40,True,0.09803822636604309,1.2617146209462602
46,109,down,5438,False,0.11523185670375824,1.35584195391697
46,110,down,1638,False,0.13995257019996643,1.7502260138121555
46,111,down,13080,False,0.11794906854629517,2.1168665506649704
46,112,down,5061,False,0.11446795612573624,1.3668181947364078
46,113,down,8826,False,0.11440236866474152,1.4735314137828366
46,114,down,5169,False,0.13573041558265686,2.362152956301117
46,115,down,56931,False,0.11403903365135193,2.0793307655260818
46,116,down,5339,False,0.1087188646197319,1.2198373348281042
46,117,down,110557,False,0.1127280592918396,1.5140776483848164
46,118,down,10672,False,0.12875774502754211,5.0900786890236756
46,119,down,2844,False,0.1313629299402237,1.5734706356359562
46,120,down,195,True,0.09803514927625656,1.2388143285427244
46,121,down,1,True,0.0980980396270752,1.2266926325576548
46,122,down,20430,False,0.10887368768453598,5.868706953251109
46,123,down,20693,False,0.1207156628370285,1.9347017280855705
46,124,down,40634,False,0.11475531756877899,1.6483737163560186
46,125,down,929,False,0.15024925768375397,1.847681316913291
46,126,down,5480,False,0.1306445300579071,2.1739219784409882
46,127,down,53291,False,0.11009920388460159,1.617743933618363
47,0,gate_up,10506,False,0.11266372352838516,10.330038143001506
47,1,gate_up,4,True,0.10431105643510818,16.838956994435343
47,2,gate_up,1718,False,0.12174723297357559,16.212433248345437
47,3,gate_up,14695,False,0.11183199286460876,15.126368281282023
47,4,gate_up,17869,False,0.1112208440899849,15.243743998034706
47,5,gate_up,0,True,0.10439193248748779,16.838956994435343
47,6,gate_up,25222,False,0.10751287639141083,12.53015085765888
47,7,gate_up,534,False,0.1338590383529663,8.037532458352217
47,8,gate_up,6062,False,0.11750354617834091,14.637512287413005
47,9,gate_up,167,True,0.1045117899775505,16.838956994435343
47,10,gate_up,5771,False,0.11821451783180237,13.182161467947514
47,11,gate_up,21250,False,0.11059755086898804,22.767484033815645
47,12,gate_up,2679,False,0.1305650770664215,9.65406766550586
47,13,gate_up,28,True,0.10408216714859009,16.838956994435343
47,14,gate_up,4219,False,0.1218610405921936,17.493187935620625
47,15,gate_up,67186,False,0.1065668985247612,19.047008251309787
47,16,gate_up,4,True,0.10403858870267868,16.838956994435343
47,17,gate_up,18787,False,0.10907638818025589,10.76443615446122
47,18,gate_up,11621,False,0.11014424264431,10.536527915540322
47,19,gate_up,558,False,0.13578222692012787,7.616161745229286
47,20,gate_up,23542,False,0.11008746176958084,15.223877098635382
47,21,gate_up,33279,False,0.10780883580446243,17.80726822344257
47,22,gate_up,538,False,0.13433216512203217,7.106359587921724
47,23,gate_up,23411,False,0.10736142098903656,11.70916436369796
47,24,gate_up,1221,False,0.1442527025938034,9.88690811328692
47,25,gate_up,1858,False,0.11635521799325943,19.469831748327675
47,26,gate_up,30147,False,0.10781804472208023,18.076251371036086
47,27,gate_up,35339,False,0.10815606266260147,20.313347969060032
47,28,gate_up,96,True,0.104336678981781,16.838956994435343
47,29,gate_up,31,True,0.10383907705545425,16.838956994435343
47,30,gate_up,2900,False,0.1299794316291809,11.205138080662678
47,31,gate_up,50356,False,0.10884295403957367,22.12543271900642
47,32,gate_up,65109,False,0.10760139673948288,19.96339694638277
47,33,gate_up,821,False,0.13248373568058014,15.098836828191327
47,34,gate_up,46954,False,0.10699296742677689,18.770918861355845
47,35,gate_up,41461,False,0.1093422919511795,19.741153941214556
47,36,gate_up,30184,False,0.10890065133571625,20.206150778977708
47,37,gate_up,3150,False,0.12092164903879166,16.917952653661114
47,38,gate_up,2418,False,0.1351446658372879,13.637323686465939
47,39,gate_up,18310,False,0.11009225994348526,10.842259362678373
47,40,gate_up,18,True,0.10376104712486267,16.838956994435343
47,41,gate_up,36,True,0.10454203933477402,16.838956994435343
47,42,gate_up,6634,False,0.11683537065982819,9.619356987053566
47,43,gate_up,14,True,0.10396211594343185,16.838956994435343
47,44,gate_up,45104,False,0.10841161757707596,21.427588329293517
47,45,gate_up,844,False,0.1331893801689148,14.225859845149316
47,46,gate_up,2816,False,0.11959052830934525,17.662559389001114
47,47,gate_up,57066,False,0.10816416889429092,20.744690064428593
47,48,gate_up,5434,False,0.11743657290935516,17.942835289242552
47,49,gate_up,3030,False,0.12919697165489197,15.988567744035658
47,50,gate_up,0,True,0.10424104332923889,16.838956994435343
47,51,gate_up,41,True,0.10447858273983002,16.838956994435343
47,52,gate_up,30865,False,0.11027391999959946,19.288945332957198
47,53,gate_up,38570,False,0.1050909012556076,11.889547456673835
47,54,gate_up,8662,False,0.11337216198444366,19.87876180348996
47,55,gate_up,9767,False,0.11237546801567078,14.218669792547242
47,56,gate_up,46,True,0.103654645383358,16.838956994435343
47,57,gate_up,29930,False,0.1087268814444542,15.591152072303935
47,58,gate_up,42973,False,0.10611142218112946,15.312064958094986
47,59,gate_up,2,True,0.10438038408756256,16.838956994435343
47,60,gate_up,15,True,0.10445508360862732,16.838956994435343
47,61,gate_up,3746,False,0.1267712116241455,8.514620304201166
47,62,gate_up,5,True,0.10423262417316437,16.838956994435343
47,63,gate_up,16273,False,0.11096148937940598,18.925409996857347
47,64,gate_up,127,True,0.10450612753629684,16.838956994435343
47,65,gate_up,3912,False,0.11907191574573517,19.125641566004578
47,66,gate_up,32424,False,0.10920228809118271,21.04903666526451
47,67,gate_up,7884,False,0.11478734016418457,12.109550350442648
47,68,gate_up,9,True,0.10381630808115005,16.838956994435343
47,69,gate_up,68,True,0.10482057183980942,16.838956994435343
47,70,gate_up,48,True,0.10456574708223343,16.838956994435343
47,71,gate_up,100279,False,0.10559646785259247,18.3374493852126
47,72,gate_up,10958,False,0.11373893171548843,14.586411893486247
47,73,gate_up,36439,False,0.10892969369888306,17.32045385698512
47,74,gate_up,30542,False,0.10775911062955856,19.280765950498974
47,75,gate_up,2,True,0.10453381389379501,16.838956994435343
47,76,gate_up,12220,False,0.1134316548705101,15.927547050172361
47,77,gate_up,7583,False,0.11482514441013336,19.009275030691803
47,78,gate_up,32603,False,0.10924990475177765,20.416399271812452
47,79,gate_up,1881,False,0.14039160311222076,10.05007284108536
47,80,gate_up,18162,False,0.10860484838485718,10.129576437715373
47,81,gate_up,28,True,0.10396476835012436,16.838956994435343
47,82,gate_up,38413,False,0.10770503431558609,18.299087117146648
47,83,gate_up,102,True,0.104493148624897,16.838956994435343
47,84,gate_up,133,True,0.10452258586883545,16.838956994435343
47,85,gate_up,95651,False,0.10707151144742966,19.268465207077767
47,86,gate_up,112214,False,0.10633905977010727,18.544086786838008
47,87,gate_up,17969,False,0.11145925521850586,14.924733994791206
47,88,gate_up,42347,False,0.10928747802972794,21.314100258475857
47,89,gate_up,800,False,0.13691313564777374,18.334225234180906
47,90,gate_up,55303,False,0.10818369686603546,21.272407378520562
47,91,gate_up,10,True,0.1043175682425499,16.838956994435343
47,92,gate_up,13537,False,0.11190041899681091,16.97132975194271
47,93,gate_up,3307,False,0.12791527807712555,8.425884397745442
47,94,gate_up,4264,False,0.12125806510448456,15.356590889862764
47,95,gate_up,46594,False,0.10922466963529587,19.994070226439543
47,96,gate_up,11927,False,0.11063569039106369,10.053980165763965
47,97,gate_up,817,False,0.1300264596939087,16.16589649589016
47,98,gate_up,1941,False,0.1334180235862732,16.34730324048543
47,99,gate_up,4219,False,0.120904840528965,14.582913047873232
47,100,gate_up,245,True,0.10407805442810059,16.838956994435343
47,101,gate_up,1551,False,0.12290767580270767,15.750376285753191
47,102,gate_up,16701,False,0.11198099702596664,14.992346433831269
47,103,gate_up,1700,False,0.1390557885169983,11.592387923086735
47,104,gate_up,6875,False,0.11642090231180191,15.824878961437074
47,105,gate_up,14531,False,0.1150481253862381,16.282017525864582
47,106,gate_up,563,False,0.13445772230625153,9.41700078738653
47,107,gate_up,28767,False,0.10972440242767334,14.915751799257444
47,108,gate_up,12773,False,0.11360644549131393,19.550367893750142
47,109,gate_up,29450,False,0.1081448346376419,15.86209383026296
47,110,gate_up,3859,False,0.1193622276186943,15.23962810839126
47,111,gate_up,33837,False,0.1091793030500412,20.065446179965402
47,112,gate_up,20333,False,0.1098698228597641,16.310872517231736
47,113,gate_up,1534,False,0.13298135995864868,14.184279695981456
47,114,gate_up,20093,False,0.10865657776594162,16.332857482076697
47,115,gate_up,3,True,0.10448043048381805,16.838956994435343
47,116,gate_up,215,True,0.10460424423217773,16.838956994435343
47,117,gate_up,50193,False,0.10768277198076248,19.295178581556936
47,118,gate_up,532,False,0.12069050967693329,15.184059147242502
47,119,gate_up,4692,False,0.12221775949001312,9.94633848157249
47,120,gate_up,34363,False,0.10819115489721298,20.66407975523297
47,121,gate_up,16241,False,0.11015422642230988,17.602501407579116
47,122,gate_up,1254,False,0.11233942210674286,24.75990167663083
47,123,gate_up,49038,False,0.10879001766443253,21.13365517604705
47,124,gate_up,8399,False,0.11500786244869232,18.096275251873912
47,125,gate_up,1467,False,0.12316498905420303,15.174768175373963
47,126,gate_up,203,True,0.1042209193110466,16.838956994435343
47,127,gate_up,71127,False,0.10734010487794876,20.241561126321052
47,0,down,10506,False,0.1139063686132431,1.3969231516836444
47,1,down,4,True,0.10682819038629532,5.904476202638433
47,2,down,1718,False,0.13240717351436615,4.278421093565986
47,3,down,14695,False,0.1211925819516182,11.210127213629752
47,4,down,17869,False,0.1218675896525383,5.7628477719288025
47,5,down,0,True,0.1070147380232811,5.9904388520544725
47,6,down,25222,False,0.10524986684322357,4.399184081594598
47,7,down,534,False,0.15901902318000793,1.9244180887818305
47,8,down,6062,False,0.12414524704217911,10.001412661219833
47,9,down,167,True,0.10697851330041885,5.944400518014923
47,10,down,5771,False,0.1100795716047287,2.8466934294658452
47,11,down,21250,False,0.10533679276704788,244.2915789716961
47,12,down,2679,False,0.12134504318237305,5.245530027369608
47,13,down,28,True,0.10671576857566833,5.964742479710229
47,14,down,4219,False,0.13103926181793213,6.045856013821091
47,15,down,67186,False,0.10679461807012558,200.63633298007818
47,16,down,4,True,0.10664104670286179,5.974870005336366
47,17,down,18787,False,0.11613474786281586,2.3479804713012524
47,18,down,11621,False,0.12448598444461823,2.2452239770973863
47,19,down,558,False,0.1584591567516327,2.232637276719351
47,20,down,23542,False,0.11963308602571487,12.686712808244653
47,21,down,33279,False,0.11470992863178253,9.068697409815194
47,22,down,538,False,0.1602134108543396,1.4845924090619456
47,23,down,23411,False,0.11663669347763062,2.5938128743037088
47,24,down,1221,False,0.1367814838886261,2.8989765674477517
47,25,down,1858,False,0.12491245567798615,10.015174978585673
47,26,down,30147,False,0.11458691954612732,6.382057880097751
47,27,down,35339,False,0.111956387758255,18.777224424427416
47,28,down,96,True,0.10668887197971344,6.036310650407933
47,29,down,31,True,0.10709009319543839,5.966395780012887
47,30,down,2900,False,0.11590329557657242,5.607475188935367
47,31,down,50356,False,0.1153789535164833,40.25541035644182
47,32,down,65109,False,0.11118663102388382,90.35916123646737
47,33,down,821,False,0.15564711391925812,2.9606380135243944
47,34,down,46954,False,0.11081422865390778,72.79051877059958
47,35,down,41461,False,0.1180652305483818,16.29142122130864
47,36,down,30184,False,0.11303991079330444,6.938636945858104
47,37,down,3150,False,0.13296058773994446,6.629562041917654
47,38,down,2418,False,0.11869482696056366,2.1094665158040815
47,39,down,18310,False,0.11539936065673828,2.174800057041941
47,40,down,18,True,0.10688966512680054,5.966462179717435
47,41,down,36,True,0.10699129104614258,5.929734511134379
47,42,down,6634,False,0.11313183605670929,2.7280795770199733
47,43,down,14,True,0.10670400410890579,6.013559071891782
47,44,down,45104,False,0.11013764888048172,81.36804237199826
47,45,down,844,False,0.15372587740421295,6.2436963658533156
47,46,down,2816,False,0.1279757022857666,3.447380273071898
47,47,down,57066,False,0.10633455216884613,173.18226961289798
47,48,down,5434,False,0.12383845448493958,3.1061443191711615
47,49,down,3030,False,0.13453300297260284,5.766234905259111
47,50,down,0,True,0.10661186277866364,5.991417754519122
47,51,down,41,True,0.1068013608455658,5.945333653896954
47,52,down,30865,False,0.11639184504747391,14.597608331478348
47,53,down,38570,False,0.11750639230012894,11.925372255336754
47,54,down,8662,False,0.11873286962509155,9.741216575060877
47,55,down,9767,False,0.11491624265909195,8.814505322709635
47,56,down,46,True,0.10644873231649399,5.948172563951244
47,57,down,29930,False,0.12261273711919785,5.871976015011058
47,58,down,42973,False,0.10898717492818832,5.24879349661443
47,59,down,2,True,0.10670534521341324,5.948901150969467
47,60,down,15,True,0.10685166716575623,5.942156234804364
47,61,down,3746,False,0.12085359543561935,1.5613004841947649
47,62,down,5,True,0.106462262570858,5.978278593273299
47,63,down,16273,False,0.1282379925251007,5.437205207348137
47,64,down,127,True,0.1069556176662445,5.966269609690809
47,65,down,3912,False,0.123959980905056,8.307744522985796
47,66,down,32424,False,0.12018897384405136,8.079115155601645
47,67,down,7884,False,0.10769864916801453,2.5899666578322726
47,68,down,9,True,0.10656692087650299,5.946216651079261
47,69,down,68,True,0.10659177601337433,5.922758895712823
47,70,down,48,True,0.10676233470439911,5.971158627934727
47,71,down,100279,False,0.11815328150987625,17.786478276507765
47,72,down,10958,False,0.11233525723218918,20.79913486008683
47,73,down,36439,False,0.11044088006019592,40.46155374585068
47,74,down,30542,False,0.12072557210922241,20.416664574082763
47,75,down,2,True,0.10660667717456818,5.948901150969467
47,76,down,12220,False,0.11322049051523209,49.81193872145211
47,77,down,7583,False,0.11992517113685608,13.726319231991093
47,78,down,32603,False,0.123625747859478,9.654863027551384
47,79,down,1881,False,0.13084416091442108,2.7767940933344
47,80,down,18162,False,0.1101849153637886,1.690618255756692
47,81,down,28,True,0.1067061498761177,5.988903453792479
47,82,down,38413,False,0.1107557862997055,23.42997033551458
47,83,down,102,True,0.10649678856134415,5.958146772105924
47,84,down,133,True,0.10676681995391846,5.932268975351042
47,85,down,95651,False,0.11565007269382477,8.889156153668644
47,86,down,112214,False,0.1234976053237915,4.734326545553092
47,87,down,17969,False,0.11740094423294067,22.41134495072793
47,88,down,42347,False,0.11717969179153442,8.426275612106263
47,89,down,800,False,0.150726318359375,3.230735688494382
47,90,down,55303,False,0.11598868668079376,22.277103014076904
47,91,down,10,True,0.10651830583810806,6.01118000158004
47,92,down,13537,False,0.11568029969930649,49.98332869245561
47,93,down,3307,False,0.11208625882863998,1.7190927021496547
47,94,down,4264,False,0.11894028633832932,6.814928620371211
47,95,down,46594,False,0.11662402004003525,8.548498873262696
47,96,down,11927,False,0.12184274941682816,1.9386208864695802
47,97,down,817,False,0.12980160117149353,19.782498103368628
47,98,down,1941,False,0.13574954867362976,5.443230103184787
47,99,down,4219,False,0.11675462871789932,4.94194135610024
47,100,down,245,True,0.10694409161806107,6.330376025435807
47,101,down,1551,False,0.13363055884838104,8.692459186711945
47,102,down,16701,False,0.11760737001895905,9.553614223367243
47,103,down,1700,False,0.1279120147228241,3.708882126509372
47,104,down,6875,False,0.11360765993595123,49.96217326064046
47,105,down,14531,False,0.12068254500627518,9.144281337953513
47,106,down,563,False,0.15434719622135162,5.6644306205866695
47,107,down,28767,False,0.11928654462099075,4.992852601873677
47,108,down,12773,False,0.1157316118478775,27.936356574071542
47,109,down,29450,False,0.1158611848950386,15.935911199412132
47,110,down,3859,False,0.13545258343219757,2.6664434764517813
47,111,down,33837,False,0.11906204372644424,18.34914290803974
47,112,down,20333,False,0.11302780359983444,10.297389112217411
47,113,down,1534,False,0.13687478005886078,6.272431649382737
47,114,down,20093,False,0.11201950162649155,7.680916522840533
47,115,down,3,True,0.10650819540023804,5.948972832776167
47,116,down,215,True,0.1068250834941864,5.983988041031166
47,117,down,50193,False,0.1201295405626297,13.572103539150424
47,118,down,532,False,0.13649970293045044,5.1386187860244465
47,119,down,4692,False,0.11790912598371506,1.4667497039319968
47,120,down,34363,False,0.11462343484163284,3.489026615546609
47,121,down,16241,False,0.11005949229001999,10.557239417165986
47,122,down,1254,False,0.11493580788373947,31.289445839962678
47,123,down,49038,False,0.11601964384317398,13.691179279417662
47,124,down,8399,False,0.13128797709941864,7.579678994012047
47,125,down,1467,False,0.13270625472068787,7.661525812924811
47,126,down,203,True,0.10682396590709686,6.532527671351797
47,127,down,71127,False,0.10675760358572006,158.31608626758782
