model,site,layer,rank,eigenvalue,fraction_total_energy,cumulative_fraction_total_energy,relative_ritz_residual
qwen3_1.7b_base,down,0,1,0.9649106840432408,0.02447692358962268,0.02447692358962268,0.00759591066850269
qwen3_1.7b_base,down,0,2,0.7959235455844669,0.020190220846989314,0.044667144436611995,0.010287762103993982
qwen3_1.7b_base,down,0,3,0.6279881725052677,0.015930198274091648,0.06059734271070364,0.014148597796995246
qwen3_1.7b_base,down,0,4,0.5933534733756051,0.015051618631265003,0.07564896134196863,0.018279090094217142
qwen3_1.7b_base,down,0,5,0.4378875791630817,0.011107909771614974,0.08675687111358361,0.02962926795572764
qwen3_1.7b_base,down,0,6,0.3337297653461655,0.008465734809497388,0.095222605923081,0.03915577226388713
qwen3_1.7b_base,down,0,7,0.2985037449475683,0.007572155099041707,0.1027947610221227,0.051793192686221914
qwen3_1.7b_base,down,0,8,0.28701481620817537,0.007280715035695762,0.11007547605781848,0.053700736356566414
qwen3_1.7b_base,down,0,9,0.2791488453540601,0.007081178673690104,0.11715665473150859,0.06757967000594069
qwen3_1.7b_base,down,0,10,0.2690074015304167,0.006823920308056082,0.12398057503956468,0.05924829077269101
qwen3_1.7b_base,down,0,11,0.25962721164377545,0.006585972698076898,0.13056654773764156,0.07556762718412557
qwen3_1.7b_base,down,0,12,0.24479523340062925,0.006209729379245363,0.13677627711688695,0.07864349612942186
qwen3_1.7b_base,down,0,13,0.23845563220770805,0.006048912490642169,0.14282518960752907,0.0707529386586868
qwen3_1.7b_base,down,0,14,0.23372858880132477,0.0059290014126778924,0.14875419102020698,0.06358628675898427
qwen3_1.7b_base,down,0,15,0.2227374463061814,0.005650188710668031,0.154404379730875,0.09235062593858843
qwen3_1.7b_base,down,0,16,0.21780858883106663,0.005525158208055088,0.1599295379389301,0.10225255171319535
qwen3_1.7b_base,down,0,17,0.19402094498441136,0.004921736201810988,0.1648512741407411,0.092399237893825
qwen3_1.7b_base,down,0,18,0.1827840605633625,0.004636689755639491,0.1694879638963806,0.11178731737258622
qwen3_1.7b_base,down,0,19,0.17870030956462607,0.004533097099025651,0.17402106099540623,0.14726554730905742
qwen3_1.7b_base,down,0,20,0.169787496859292,0.004307005462602954,0.1783280664580092,0.1145513226746235
qwen3_1.7b_base,down,0,21,0.1659066118825465,0.004208558915573471,0.18253662537358264,0.13475865119280908
qwen3_1.7b_base,down,0,22,0.1638445756239366,0.004156251168570884,0.18669287654215352,0.1272738935241104
qwen3_1.7b_base,down,0,23,0.1570910122637239,0.003984933286968702,0.19067780982912222,0.16444326823390418
qwen3_1.7b_base,down,0,24,0.15451749018084027,0.003919650660897036,0.19459746049001928,0.13281038599499803
qwen3_1.7b_base,down,0,25,0.14815127596420993,0.003758158678776288,0.19835561916879557,0.1452574077548126
qwen3_1.7b_base,down,0,26,0.14333250820524912,0.00363592082590271,0.2019915399946983,0.14569800318833614
qwen3_1.7b_base,down,0,27,0.13864956721161964,0.0035171284954089955,0.20550866849010727,0.17141812693708236
qwen3_1.7b_base,down,0,28,0.1347858306758109,0.0034191169534897583,0.20892778544359705,0.18492549501464048
qwen3_1.7b_base,down,0,29,0.12779012453961194,0.0032416566274897584,0.2121694420710868,0.19442756529281321
qwen3_1.7b_base,down,0,30,0.12189345113502548,0.0030920755038232337,0.21526151757491005,0.20102667666311233
qwen3_1.7b_base,down,0,31,0.11500146928090325,0.002917246355370302,0.21817876393028035,0.2187181475417062
qwen3_1.7b_base,down,0,32,0.11314619497753131,0.0028701835462291085,0.22104894747650947,0.18472918303636274
qwen3_1.7b_base,down,0,33,0.10966741939296956,0.002781937322431521,0.22383088479894095,0.20500748030168894
qwen3_1.7b_base,down,0,34,0.10419973986293159,0.002643238501615805,0.22647412330055675,0.23506439587815825
qwen3_1.7b_base,down,0,35,0.09921002134522729,0.002516664134774096,0.22899078743533088,0.20525618340316684
qwen3_1.7b_base,down,0,36,0.09827601883424411,0.0024929712599081498,0.23148375869523902,0.23422894827692856
qwen3_1.7b_base,down,0,37,0.09374898485735107,0.0023781338282448158,0.23386189252348383,0.23282698532091697
qwen3_1.7b_base,down,0,38,0.09332744989615974,0.0023674407359140313,0.23622933325939785,0.19615954252583387
qwen3_1.7b_base,down,0,39,0.09138457998531924,0.002318155885887343,0.2385474891452852,0.23090800222796679
qwen3_1.7b_base,down,0,40,0.08856236212941165,0.002246564585309286,0.2407940537305945,0.258269006671873
qwen3_1.7b_base,down,0,41,0.08290717251912207,0.00210310918962866,0.24289716292022315,0.244532633639535
qwen3_1.7b_base,down,0,42,0.08120328678758411,0.00205988665976554,0.2449570495799887,0.25905694590045764
qwen3_1.7b_base,down,0,43,0.07843851740913736,0.001989752656755436,0.24694680223674415,0.26395888042116655
qwen3_1.7b_base,down,0,44,0.07815205264062568,0.0019824858947991917,0.24892928813154333,0.2557460847958074
qwen3_1.7b_base,down,0,45,0.0746915411958566,0.001894702978084351,0.2508239911096277,0.24014471521819736
qwen3_1.7b_base,down,0,46,0.07407674112888946,0.0018791073229518028,0.2527030984325795,0.25213791942285346
qwen3_1.7b_base,down,0,47,0.0723227569058804,0.0018346139428763548,0.2545377123754558,0.2272621072145163
qwen3_1.7b_base,down,0,48,0.07004809040272499,0.0017769123969091074,0.256314624772365,0.24279881566162576
qwen3_1.7b_base,down,1,1,7.259576789333048,0.10587560225036675,0.10587560225036675,0.00029566111421489206
qwen3_1.7b_base,down,1,2,3.999338591449209,0.058327419663773555,0.16420302191414032,0.001405038527071492
qwen3_1.7b_base,down,1,3,1.1996707578979218,0.017496317992149183,0.1816993399062895,0.013497896963265251
qwen3_1.7b_base,down,1,4,0.8711285101112538,0.012704770308513698,0.1944041102148032,0.018332352143359418
qwen3_1.7b_base,down,1,5,0.7970405962987437,0.01162425243233411,0.2060283626471373,0.020102076974073513
qwen3_1.7b_base,down,1,6,0.7905913851438819,0.011530195418423317,0.2175585580655606,0.02465025622529265
qwen3_1.7b_base,down,1,7,0.6165154310976066,0.008991425321103388,0.226549983386664,0.04134693384315354
qwen3_1.7b_base,down,1,8,0.5988980662554999,0.00873448897800096,0.23528447236466496,0.034925034875041845
qwen3_1.7b_base,down,1,9,0.5708388297426458,0.008325265596157396,0.24360973796082241,0.03675675288524348
qwen3_1.7b_base,down,1,10,0.5231871888968753,0.007630301369017148,0.2512400393298395,0.04031296519440429
qwen3_1.7b_base,down,1,11,0.513905627944643,0.007494936610966099,0.2587349759408056,0.06402108502768473
qwen3_1.7b_base,down,1,12,0.5000267544477661,0.007292523421784379,0.26602749936258996,0.05738933785561451
qwen3_1.7b_base,down,1,13,0.4611147116090178,0.006725019820693185,0.27275251918328314,0.06264229838844755
qwen3_1.7b_base,down,1,14,0.4322975087173331,0.0063047420552163865,0.27905726123849955,0.06590228472387825
qwen3_1.7b_base,down,1,15,0.38820484807016065,0.00566168294360262,0.2847189441821022,0.09160715276955142
qwen3_1.7b_base,down,1,16,0.35522363841774596,0.005180676194004504,0.28989962037610667,0.09327862944282383
qwen3_1.7b_base,down,1,17,0.34085736839742325,0.004971154684055327,0.294870775060162,0.08679276031657092
qwen3_1.7b_base,down,1,18,0.29840782731434884,0.004352059265982741,0.29922283432614477,0.11937347342596175
qwen3_1.7b_base,down,1,19,0.28913310508545925,0.004216794245695137,0.3034396285718399,0.11561061756636289
qwen3_1.7b_base,down,1,20,0.2806654920810924,0.00409330032139673,0.3075329288932366,0.13474218147217476
qwen3_1.7b_base,down,1,21,0.26779011818698845,0.003905522437809917,0.3114384513310466,0.13972574997876122
qwen3_1.7b_base,down,1,22,0.2523579915041791,0.0036804561902915815,0.31511890752133814,0.15216950797997603
qwen3_1.7b_base,down,1,23,0.2391643106780939,0.003488036033594097,0.3186069435549322,0.12760555845114238
qwen3_1.7b_base,down,1,24,0.23229350407171895,0.003387830359281975,0.3219947739142142,0.15775536796483755
qwen3_1.7b_base,down,1,25,0.2228304797775874,0.0032498190915007472,0.32524459300571495,0.1625639027505766
qwen3_1.7b_base,down,1,26,0.22091782575681845,0.0032219244356245192,0.32846651744133953,0.17277440472762656
qwen3_1.7b_base,down,1,27,0.20043082377772603,0.00292313653988547,0.33138965398122494,0.17250411404380836
qwen3_1.7b_base,down,1,28,0.1961920885778226,0.0028613176962954383,0.3342509716775203,0.17899654174505714
qwen3_1.7b_base,down,1,29,0.19289748896861653,0.0028132683777303317,0.3370642400552507,0.18115806644850474
qwen3_1.7b_base,down,1,30,0.1918848920038376,0.0027985003937838855,0.3398627404490346,0.16738488415596325
qwen3_1.7b_base,down,1,31,0.18507649316546818,0.0026992048909892544,0.3425619453400238,0.17942363795114763
qwen3_1.7b_base,down,1,32,0.18157033641935247,0.0026480701667688784,0.34521001550679276,0.1979632315374398
qwen3_1.7b_base,down,1,33,0.17513994927511883,0.0025542876872448484,0.34776430319403756,0.20989753063752356
qwen3_1.7b_base,down,1,34,0.16956364260901963,0.0024729613449884385,0.35023726453902604,0.2127014911224347
qwen3_1.7b_base,down,1,35,0.1641160615768565,0.0023935123716770155,0.35263077691070305,0.21285948610896635
qwen3_1.7b_base,down,1,36,0.15982676882350527,0.002330956183256159,0.3549617330939592,0.21453799629025855
qwen3_1.7b_base,down,1,37,0.15354490741056082,0.0022393398425727597,0.3572010729365319,0.21237857644894428
qwen3_1.7b_base,down,1,38,0.1505500373765886,0.002195661859997481,0.3593967347965294,0.20633662193979785
qwen3_1.7b_base,down,1,39,0.14607004302113122,0.002130324428598003,0.36152705922512746,0.19166166749877536
qwen3_1.7b_base,down,1,40,0.14531286431055646,0.002119281532528489,0.36364634075765595,0.21191973613052742
qwen3_1.7b_base,down,1,41,0.14194470845383808,0.002070159450050191,0.36571650020770613,0.2057986800635085
qwen3_1.7b_base,down,1,42,0.1383306897038521,0.002017451637624938,0.3677339518453311,0.20096934227456764
qwen3_1.7b_base,down,1,43,0.1343597066889416,0.001959537763244907,0.36969348960857595,0.22829479529204602
qwen3_1.7b_base,down,1,44,0.13129107485080382,0.0019147840188634337,0.3716082736274394,0.22716859824608407
qwen3_1.7b_base,down,1,45,0.12942039523924775,0.0018875015289554816,0.3734957751563948,0.229485789421839
qwen3_1.7b_base,down,1,46,0.12627267529530325,0.0018415943425654563,0.3753373694989603,0.21969882906456215
qwen3_1.7b_base,down,1,47,0.12430825186560344,0.0018129446678351328,0.37715031416679545,0.20130879129219392
qwen3_1.7b_base,down,1,48,0.1216689864084191,0.0017744529171605519,0.378924767083956,0.25508332520183763
qwen3_1.7b_base,down,2,1,90902.36673107419,0.999101248127793,0.999101248127793,4.8694898653759247e-08
qwen3_1.7b_base,down,2,2,2.8313950139107646,3.111965501085283e-05,0.9991323677828039,0.0028910688092032275
qwen3_1.7b_base,down,2,3,1.1367366652986577,1.2493789347118063e-05,0.999144861572151,0.01589073944794682
qwen3_1.7b_base,down,2,4,0.9452181292145846,1.0388823158423715e-05,0.9991552503953094,0.01807091378677129
qwen3_1.7b_base,down,2,5,0.7777543168568334,8.548240674605137e-06,0.9991637986359841,0.025593968366990426
qwen3_1.7b_base,down,2,6,0.7379445125926573,8.110694034639985e-06,0.9991719093300186,0.0377334749891187
qwen3_1.7b_base,down,2,7,0.644434327678231,7.0829304480542125e-06,0.9991789922604667,0.04204412173946819
qwen3_1.7b_base,down,2,8,0.5516846383188753,6.0635254123575994e-06,0.9991850557858791,0.04583474494223527
qwen3_1.7b_base,down,2,9,0.5133876500707242,5.642606022310702e-06,0.9991906983919016,0.055000049597746764
qwen3_1.7b_base,down,2,10,0.5009514288535372,5.505920426688718e-06,0.9991962043123283,0.06095037430155873
qwen3_1.7b_base,down,2,11,0.4673095213302272,5.136164687595855e-06,0.9992013404770157,0.058982472263198804
qwen3_1.7b_base,down,2,12,0.4335648116137898,4.765279057135392e-06,0.9992061057560728,0.07851398600805559
qwen3_1.7b_base,down,2,13,0.4184054440228843,4.598663559370533e-06,0.9992107044196322,0.07670886133566472
qwen3_1.7b_base,down,2,14,0.40159561891106443,4.4139080039985296e-06,0.9992151183276362,0.0883100607932826
qwen3_1.7b_base,down,2,15,0.35215187851316637,3.8704754783109465e-06,0.9992189888031145,0.08336359126784483
qwen3_1.7b_base,down,2,16,0.33218485628061056,3.6510194008585377e-06,0.9992226398225154,0.09285547454918516
qwen3_1.7b_base,down,2,17,0.3210439112769512,3.5285700911347443e-06,0.9992261683926065,0.1087613470997427
qwen3_1.7b_base,down,2,18,0.29894999743590905,3.28573750394901e-06,0.9992294541301104,0.12696171716998417
qwen3_1.7b_base,down,2,19,0.29036358892441766,3.1913649175218013e-06,0.9992326454950279,0.1304695803997044
qwen3_1.7b_base,down,2,20,0.27495969817763233,3.022061883678168e-06,0.9992356675569115,0.1207445056838011
qwen3_1.7b_base,down,2,21,0.25707742899938885,2.825519174199595e-06,0.9992384930760857,0.1502421482818558
qwen3_1.7b_base,down,2,22,0.25106005890786987,2.759382700694243e-06,0.9992412524587865,0.14041812612142043
qwen3_1.7b_base,down,2,23,0.22885520527592443,2.515330782400372e-06,0.9992437677895689,0.17460468418870032
qwen3_1.7b_base,down,2,24,0.22473650669330802,2.4700624682460437e-06,0.9992462378520373,0.17532356924661788
qwen3_1.7b_base,down,2,25,0.21200162819744492,2.330094352370539e-06,0.9992485679463896,0.17827874999170285
qwen3_1.7b_base,down,2,26,0.21074690952357095,2.316303831417159e-06,0.999250884250221,0.1729079615764153
qwen3_1.7b_base,down,2,27,0.2050281583213553,2.253449456230546e-06,0.9992531376996773,0.19798291802667306
qwen3_1.7b_base,down,2,28,0.19861993405076303,2.1830171330989316e-06,0.9992553207168102,0.18827938357246848
qwen3_1.7b_base,down,2,29,0.1967825089546318,2.1628221285803256e-06,0.9992574835389388,0.22275053328175773
qwen3_1.7b_base,down,2,30,0.18985129397753808,2.086641652937229e-06,0.9992595701805917,0.22231278254530354
qwen3_1.7b_base,down,2,31,0.18433090936269095,2.0259675103689056e-06,0.9992615961481022,0.25530806106801096
qwen3_1.7b_base,down,2,32,0.18085039743457912,1.9877134589448356e-06,0.999263583861561,0.19714816008981634
qwen3_1.7b_base,down,2,33,0.17117051383612486,1.8813225680062238e-06,0.999265465184129,0.294407503595996
qwen3_1.7b_base,down,2,34,0.16208679679058577,1.7814840999420538e-06,0.999267246668229,0.22312886362863493
qwen3_1.7b_base,down,2,35,0.15600562590725434,1.714646396611521e-06,0.9992689613146255,0.208441915053147
qwen3_1.7b_base,down,2,36,0.15420446468941454,1.6948499657204872e-06,0.9992706561645911,0.24034865223846008
qwen3_1.7b_base,down,2,37,0.14814623110848177,1.628264364598943e-06,0.9992722844289557,0.23088304885320435
qwen3_1.7b_base,down,2,38,0.1457649851365364,1.6020922647051278e-06,0.9992738865212204,0.255979427575253
qwen3_1.7b_base,down,2,39,0.14418146757639339,1.5846879392990397e-06,0.9992754712091597,0.22058580336390501
qwen3_1.7b_base,down,2,40,0.14107947455708963,1.5505941614501223e-06,0.9992770218033212,0.2672243154326526
qwen3_1.7b_base,down,2,41,0.13940843077944462,1.5322278418045568e-06,0.9992785540311631,0.2609715173193983
qwen3_1.7b_base,down,2,42,0.13214413419245422,1.4523864906073546e-06,0.9992800064176536,0.26431527638441593
qwen3_1.7b_base,down,2,43,0.13162021150132555,1.4466280947211648e-06,0.9992814530457483,0.26890255653639805
qwen3_1.7b_base,down,2,44,0.13023197105314432,1.4313700457356789e-06,0.9992828844157942,0.30189629157023967
qwen3_1.7b_base,down,2,45,0.12373615263294384,1.359974981727788e-06,0.9992842443907759,0.27192302808114704
qwen3_1.7b_base,down,2,46,0.12078008847733764,1.3274850973208246e-06,0.9992855718758733,0.25154252966644863
qwen3_1.7b_base,down,2,47,0.11844201023942316,1.30178745082685e-06,0.999286873663324,0.3060555209325171
qwen3_1.7b_base,down,2,48,0.11624006924725493,1.2775860788198107e-06,0.9992881512494026,0.2577629407335717
qwen3_1.7b_base,down,3,1,8.433913584779061,0.06199477633625592,0.06199477633625592,0.0007535148811642535
qwen3_1.7b_base,down,3,2,2.7765816222940374,0.020409689395458366,0.08240446573171428,0.006420173791817927
qwen3_1.7b_base,down,3,3,1.8880602416685155,0.01387847660697643,0.09628294233869072,0.018895107993228407
qwen3_1.7b_base,down,3,4,1.5509801450040073,0.011400717617622598,0.10768365995631332,0.016466454630002153
qwen3_1.7b_base,down,3,5,1.1685994119501573,0.008589969347240834,0.11627362930355416,0.03493040073849426
qwen3_1.7b_base,down,3,6,0.9952207158403248,0.007315522629385078,0.12358915193293922,0.044472806708671424
qwen3_1.7b_base,down,3,7,0.8763354620458423,0.006441638323530997,0.13003079025647024,0.04925614865475205
qwen3_1.7b_base,down,3,8,0.8621413235482883,0.006337302129829676,0.13636809238629988,0.05364950316347533
qwen3_1.7b_base,down,3,9,0.7877422487604969,0.00579042031100033,0.14215851269730023,0.05233729645180224
qwen3_1.7b_base,down,3,10,0.6989972170126536,0.005138086333558278,0.1472965990308585,0.07082801905296668
qwen3_1.7b_base,down,3,11,0.675318733780688,0.004964034008123413,0.15226063303898194,0.08447933745615063
qwen3_1.7b_base,down,3,12,0.6158184831554406,0.004526668283138929,0.15678730132212085,0.1029090148226947
qwen3_1.7b_base,down,3,13,0.5996985308390663,0.004408176099366938,0.16119547742148782,0.08900829684297182
qwen3_1.7b_base,down,3,14,0.5742945952383276,0.004221440571453688,0.16541691799294145,0.09593663192769987
qwen3_1.7b_base,down,3,15,0.5462178284163559,0.004015057987392751,0.16943197598033424,0.09106024142206
qwen3_1.7b_base,down,3,16,0.5342498082814223,0.003927085218405404,0.17335906119873964,0.09662107386973748
qwen3_1.7b_base,down,3,17,0.48763868608144273,0.003584463010278366,0.176943524209018,0.13061735315630243
qwen3_1.7b_base,down,3,18,0.4515084390282089,0.0033188820836393624,0.18026240629265736,0.16625008141753742
qwen3_1.7b_base,down,3,19,0.445909931936077,0.003277729397937194,0.18354013569059457,0.13105873860216855
qwen3_1.7b_base,down,3,20,0.4333908101793814,0.003185705671889848,0.1867258413624844,0.1381322447244731
qwen3_1.7b_base,down,3,21,0.4292965600089467,0.003155610257580783,0.18988145162006517,0.1293658338341456
qwen3_1.7b_base,down,3,22,0.41550340084905424,0.003054221524047736,0.19293567314411292,0.12567238075029957
qwen3_1.7b_base,down,3,23,0.3853331047647267,0.0028324501318055775,0.1957681232759185,0.14470282477654284
qwen3_1.7b_base,down,3,24,0.368707715587137,0.0027102426568051227,0.19847836593272358,0.15705404370804846
qwen3_1.7b_base,down,3,25,0.3663710116385976,0.0026930663557679403,0.20117143228849155,0.1962342680804818
qwen3_1.7b_base,down,3,26,0.3602045188491188,0.00264773860401663,0.2038191708925082,0.17452728760217107
qwen3_1.7b_base,down,3,27,0.35146827768612793,0.0025835215224121115,0.2064026924149203,0.18251481401020136
qwen3_1.7b_base,down,3,28,0.34508265886298034,0.002536583051116405,0.2089392754660367,0.16935601214571322
qwen3_1.7b_base,down,3,29,0.333735116779678,0.002453171201285481,0.21139244666732218,0.20604503279703815
qwen3_1.7b_base,down,3,30,0.3282951974500855,0.0024131842392736817,0.21380563090659585,0.2129341639728732
qwen3_1.7b_base,down,3,31,0.31054780112075425,0.00228272927848615,0.216088360185082,0.23544868624740467
qwen3_1.7b_base,down,3,32,0.29971082642275926,0.0022030704325885176,0.21829143061767056,0.21639308219736114
qwen3_1.7b_base,down,3,33,0.2922366403384651,0.002148130280554281,0.22043956089822486,0.22096206702361126
qwen3_1.7b_base,down,3,34,0.28941656639137503,0.0021274008941497215,0.22256696179237456,0.22912337978344863
qwen3_1.7b_base,down,3,35,0.278965260605116,0.00205057696678458,0.22461753875915913,0.25865231262159244
qwen3_1.7b_base,down,3,36,0.2718477032786655,0.0019982582691742416,0.2266157970283334,0.2574871233737109
qwen3_1.7b_base,down,3,37,0.262456914285582,0.00192922983327731,0.2285450268616107,0.21784461691348794
qwen3_1.7b_base,down,3,38,0.2545234810957625,0.0018709139149035302,0.23041594077651426,0.27901659675920404
qwen3_1.7b_base,down,3,39,0.2500083846970895,0.001837725005797616,0.23225366578231185,0.22887761673164597
qwen3_1.7b_base,down,3,40,0.24423721669771828,0.001795303149594859,0.2340489689319067,0.23611212212562363
qwen3_1.7b_base,down,3,41,0.2359536694138278,0.0017344136638331852,0.2357833825957399,0.2424913366879592
qwen3_1.7b_base,down,3,42,0.22850757013905756,0.001679679968203432,0.23746306256394334,0.2618326483622075
qwen3_1.7b_base,down,3,43,0.22375538292760846,0.0016447482866868586,0.23910781085063018,0.251965379530933
qwen3_1.7b_base,down,3,44,0.22206807008764531,0.001632345434669073,0.24074015628529924,0.25251613672463846
qwen3_1.7b_base,down,3,45,0.2131603397732851,0.0015668677957353424,0.2423070240810346,0.28627102945193517
qwen3_1.7b_base,down,3,46,0.20525808634989232,0.0015087810690205012,0.24381580515005508,0.2657507278173659
qwen3_1.7b_base,down,3,47,0.20314522761207407,0.00149325017656299,0.24530905532661806,0.258019238251841
qwen3_1.7b_base,down,3,48,0.19779255061146714,0.0014539045026813265,0.24676295982929938,0.29139566207299494
qwen3_1.7b_base,down,4,1,8.290639618488534,0.04459292082271288,0.04459292082271288,0.0022209620818552734
qwen3_1.7b_base,down,4,2,3.3444656606205756,0.01798890064715237,0.06258182146986524,0.009759911972334515
qwen3_1.7b_base,down,4,3,2.411784703275097,0.012972283112480006,0.07555410458234525,0.0162840525975866
qwen3_1.7b_base,down,4,4,2.020070722659395,0.010865368407878453,0.0864194729902237,0.021997416289269427
qwen3_1.7b_base,down,4,5,1.5623615769602208,0.008403485051077101,0.09482295804130081,0.03970978963661831
qwen3_1.7b_base,down,4,6,1.3871847685557084,0.007461260336624719,0.10228421837792552,0.037418375829082015
qwen3_1.7b_base,down,4,7,1.2676907040374539,0.006818536782948155,0.10910275516087367,0.07134162104395428
qwen3_1.7b_base,down,4,8,1.0541329571974847,0.005669872248709496,0.11477262740958319,0.0716665279212306
qwen3_1.7b_base,down,4,9,0.9834727107647296,0.005289811491097688,0.12006243890068087,0.0898121174752801
qwen3_1.7b_base,down,4,10,0.9308903937944455,0.005006986618080453,0.12506942551876132,0.0908551704365921
qwen3_1.7b_base,down,4,11,0.8811475001502151,0.004739434171002288,0.12980885968976363,0.086715969628103
qwen3_1.7b_base,down,4,12,0.872071931235484,0.0046906193455293335,0.13449947903529294,0.09458726090101666
qwen3_1.7b_base,down,4,13,0.833192062577127,0.00448149592629239,0.13898097496158532,0.11741201126437598
qwen3_1.7b_base,down,4,14,0.7862809405843021,0.004229174749037789,0.14321014971062312,0.09973926770323538
qwen3_1.7b_base,down,4,15,0.7385824877571819,0.003972618749963564,0.1471827684605867,0.10253387689541191
qwen3_1.7b_base,down,4,16,0.7282177732606979,0.003916869988208075,0.1510996384487948,0.11901328823552892
qwen3_1.7b_base,down,4,17,0.7030228048825932,0.0037813536370317337,0.1548809920858265,0.12097729088470258
qwen3_1.7b_base,down,4,18,0.6929297362530905,0.0037270659787852073,0.15860805806461173,0.1259203423601785
qwen3_1.7b_base,down,4,19,0.6669101833553889,0.003587114429133706,0.1621951724937454,0.12931441378843528
qwen3_1.7b_base,down,4,20,0.6238322400819678,0.003355410796845418,0.16555058329059083,0.12976874793899382
qwen3_1.7b_base,down,4,21,0.6018664336604881,0.003237263161483762,0.16878784645207462,0.13325393276907224
qwen3_1.7b_base,down,4,22,0.596717682939664,0.0032095695402681464,0.17199741599234275,0.16750134546085424
qwen3_1.7b_base,down,4,23,0.5828067589338493,0.0031347467568270827,0.17513216274916982,0.1152443634497952
qwen3_1.7b_base,down,4,24,0.5497217202178591,0.002956792029596096,0.1780889547787659,0.18490641519694806
qwen3_1.7b_base,down,4,25,0.5301843247634138,0.0028517061051471274,0.18094066088391306,0.17627448751887945
qwen3_1.7b_base,down,4,26,0.5120364577519031,0.002754094046972422,0.1836947549308855,0.20091122910914402
qwen3_1.7b_base,down,4,27,0.4943999698017884,0.00265923254690235,0.1863539874777878,0.1887322890540492
qwen3_1.7b_base,down,4,28,0.48465746617057304,0.0026068304750437514,0.1889608179528316,0.1839404887208852
qwen3_1.7b_base,down,4,29,0.4730786508692421,0.0025445514208678084,0.1915053693736994,0.20471391385032972
qwen3_1.7b_base,down,4,30,0.4666094383882683,0.0025097554228236956,0.1940151247965231,0.19296011147505784
qwen3_1.7b_base,down,4,31,0.4458955580175326,0.002398341530794969,0.19641346632731807,0.23432726856220584
qwen3_1.7b_base,down,4,32,0.43713093382424567,0.002351199185852067,0.19876466551317012,0.21104146282768058
qwen3_1.7b_base,down,4,33,0.4208977549111382,0.002263885673833183,0.2010285511870033,0.2186324705719868
qwen3_1.7b_base,down,4,34,0.4107301865268959,0.0022091973032390823,0.20323774849024234,0.19729357775171227
qwen3_1.7b_base,down,4,35,0.40671173393840887,0.0021875832244280078,0.20542533171467037,0.2094903864958402
qwen3_1.7b_base,down,4,36,0.3889057638874685,0.0020918101298066376,0.20751714184447706,0.197371648180078
qwen3_1.7b_base,down,4,37,0.37817990906263715,0.0020341189000620723,0.20955126074453914,0.261863214675481
qwen3_1.7b_base,down,4,38,0.3625883399031993,0.0019502564188756785,0.2115015171634148,0.23947916485864668
qwen3_1.7b_base,down,4,39,0.3611482803655562,0.0019425107606518058,0.2134440279240666,0.26480412119667845
qwen3_1.7b_base,down,4,40,0.35693438676718137,0.0019198454619252013,0.21536387338599178,0.2248689981592342
qwen3_1.7b_base,down,4,41,0.3509100625984272,0.001887442387731924,0.2172513157737237,0.2715325110380844
qwen3_1.7b_base,down,4,42,0.34273532027203985,0.0018434728444781394,0.21909478861820184,0.23120626703616942
qwen3_1.7b_base,down,4,43,0.32992053208318695,0.0017745458543589458,0.22086933447256082,0.24394509891074334
qwen3_1.7b_base,down,4,44,0.3246396683936525,0.0017461416362021468,0.22261547610876295,0.2694845421517389
qwen3_1.7b_base,down,4,45,0.31236076815045843,0.001680097030293373,0.22429557313905632,0.25663193777906423
qwen3_1.7b_base,down,4,46,0.3074390558847417,0.001653624582391061,0.22594919772144736,0.2681733903086994
qwen3_1.7b_base,down,4,47,0.30186245985099486,0.001623629706623145,0.22757282742807053,0.26219370011536813
qwen3_1.7b_base,down,4,48,0.29183503054344095,0.001569695103052881,0.22914252253112338,0.2538668102085863
qwen3_1.7b_base,down,5,1,5.801027484522548,0.032318650012530745,0.032318650012530745,0.00246720949089847
qwen3_1.7b_base,down,5,2,2.0076528737601325,0.01118502381635339,0.043503673828884135,0.02717188927281546
qwen3_1.7b_base,down,5,3,1.7940543682062318,0.009995025085505403,0.053498698914389534,0.030216581806206934
qwen3_1.7b_base,down,5,4,1.4726375625134334,0.008204349678597532,0.06170304859298707,0.04182179442534409
qwen3_1.7b_base,down,5,5,1.270088060448301,0.007075907090638623,0.0687789556836257,0.03365169523448212
qwen3_1.7b_base,down,5,6,1.0476736378323102,0.0058367931747946395,0.07461574885842034,0.05204681837749925
qwen3_1.7b_base,down,5,7,0.9335643403979721,0.0052010681318094875,0.07981681699022983,0.06864263852025415
qwen3_1.7b_base,down,5,8,0.9045744418662931,0.005039559780565876,0.0848563767707957,0.08320588041631048
qwen3_1.7b_base,down,5,9,0.8693243714860295,0.004843174796944206,0.0896995515677399,0.08202154080013406
qwen3_1.7b_base,down,5,10,0.7992817074496412,0.0044529535213207174,0.09415250508906062,0.10429941498454544
qwen3_1.7b_base,down,5,11,0.7717418394265515,0.0042995235714705865,0.0984520286605312,0.1067471132558521
qwen3_1.7b_base,down,5,12,0.7478577014326196,0.004166460403137675,0.10261848906366888,0.10835696776503187
qwen3_1.7b_base,down,5,13,0.7146449968671269,0.003981425979893585,0.10659991504356246,0.11393231665110477
qwen3_1.7b_base,down,5,14,0.6409910713398678,0.0035710856656103805,0.11017100070917285,0.11416760829133367
qwen3_1.7b_base,down,5,15,0.6241026420249577,0.0034769969480950443,0.1136479976572679,0.15453631154465503
qwen3_1.7b_base,down,5,16,0.5950145429855939,0.00331494150276381,0.1169629391600317,0.12686195515997647
qwen3_1.7b_base,down,5,17,0.5869105699141941,0.003269792695918069,0.12023273185594975,0.16385460181236028
qwen3_1.7b_base,down,5,18,0.5620719215602901,0.003131411765112978,0.12336414362106274,0.13403230373838348
qwen3_1.7b_base,down,5,19,0.5608349749761201,0.003124520495618971,0.12648866411668172,0.17522917208136898
qwen3_1.7b_base,down,5,20,0.5204218731841392,0.0028993712619322584,0.12938803537861399,0.16198009513241157
qwen3_1.7b_base,down,5,21,0.5050640437885096,0.0028138098136347312,0.1322018451922487,0.16572616192398917
qwen3_1.7b_base,down,5,22,0.5005766704400803,0.0027888097857758074,0.13499065497802454,0.18497472099593423
qwen3_1.7b_base,down,5,23,0.4958061151966862,0.00276223209661849,0.137752887074643,0.17139034735366127
qwen3_1.7b_base,down,5,24,0.48094038091076247,0.002679412205685739,0.14043229928032874,0.16545070045511173
qwen3_1.7b_base,down,5,25,0.4662155885499417,0.0025973775295725435,0.14302967680990128,0.19354160512266763
qwen3_1.7b_base,down,5,26,0.44804803078035976,0.0024961625391757385,0.14552583934907704,0.18682308424738753
qwen3_1.7b_base,down,5,27,0.43369881492475054,0.002416220272667091,0.14794205962174414,0.19414403462145438
qwen3_1.7b_base,down,5,28,0.42352020285158953,0.0023595132492848555,0.15030157287102897,0.20692523620187592
qwen3_1.7b_base,down,5,29,0.4136241358417954,0.0023043803392885824,0.15260595321031756,0.17344984505432062
qwen3_1.7b_base,down,5,30,0.40732012060957623,0.002269259446910924,0.15487521265722848,0.22565914612926208
qwen3_1.7b_base,down,5,31,0.39971330674850275,0.002226880410517385,0.15710209306774586,0.20826831846215751
qwen3_1.7b_base,down,5,32,0.3941680365351609,0.002195986633901421,0.15929807970164728,0.24000902321691556
qwen3_1.7b_base,down,5,33,0.38487719884236055,0.0021442255738964525,0.16144230527554373,0.22967618619088045
qwen3_1.7b_base,down,5,34,0.3797701374929212,0.0021157731439113464,0.16355807841945508,0.2066992413969131
qwen3_1.7b_base,down,5,35,0.3664610545437569,0.0020416256596993863,0.1655997040791545,0.3055858529461069
qwen3_1.7b_base,down,5,36,0.35904840456607223,0.002000328347984632,0.1676000324271391,0.20280962364592406
qwen3_1.7b_base,down,5,37,0.3537711566994365,0.0019709277758814623,0.16957096020302057,0.23998400215118043
qwen3_1.7b_base,down,5,38,0.34649959326713525,0.0019304164846939147,0.17150137668771448,0.27112182373978866
qwen3_1.7b_base,down,5,39,0.33437094922332433,0.001862845454729944,0.17336422214244443,0.2522283784202372
qwen3_1.7b_base,down,5,40,0.32347742968363785,0.0018021555430984067,0.17516637768554283,0.29082404869524553
qwen3_1.7b_base,down,5,41,0.31361021759525837,0.001747183389469661,0.1769135610750125,0.24319727051079282
qwen3_1.7b_base,down,5,42,0.30415921581339056,0.0016945300242389445,0.1786080910992514,0.2577991556121719
qwen3_1.7b_base,down,5,43,0.2946768904666702,0.0016417021493489799,0.1802497932486004,0.2871821371144713
qwen3_1.7b_base,down,5,44,0.2920191788262809,0.0016268955219766498,0.18187668877057706,0.2400552652962191
qwen3_1.7b_base,down,5,45,0.27865622651762806,0.0015524479211077088,0.18342913669168476,0.29640830637706617
qwen3_1.7b_base,down,5,46,0.27640593355515436,0.00153991110226417,0.18496904779394896,0.29091615427136064
qwen3_1.7b_base,down,5,47,0.2757191604605935,0.0015360849560615614,0.1865051327500105,0.2815045194364047
qwen3_1.7b_base,down,5,48,0.27088240202906994,0.0015091384360940846,0.18801427118610461,0.2881703379229791
qwen3_1.7b_base,down,6,1,8.327111658301254,0.035873264438237844,0.035873264438237844,0.0024357336788348766
qwen3_1.7b_base,down,6,2,2.670780868203617,0.011505745602215229,0.04737901004045307,0.02321577957156749
qwen3_1.7b_base,down,6,3,2.253051611817384,0.009706164583868608,0.05708517462432168,0.026335655710568163
qwen3_1.7b_base,down,6,4,1.9070289521420967,0.008215496164671952,0.06530067078899363,0.03470061728591063
qwen3_1.7b_base,down,6,5,1.7490189556158424,0.007534787820426247,0.07283545860941987,0.04967720449548871
qwen3_1.7b_base,down,6,6,1.6464514634469203,0.0070929262338009945,0.07992838484322087,0.05110231319742604
qwen3_1.7b_base,down,6,7,1.36190366797147,0.0058670920272628265,0.0857954768704837,0.071208536836564
qwen3_1.7b_base,down,6,8,1.294435214998034,0.005576437385645035,0.09137191425612873,0.07713849315277278
qwen3_1.7b_base,down,6,9,1.1861680048786742,0.005110021367945763,0.09648193562407449,0.07502148282704607
qwen3_1.7b_base,down,6,10,1.1344924091955528,0.004887402483389788,0.10136933810746429,0.08633684194075682
qwen3_1.7b_base,down,6,11,1.0792537721193223,0.0046494339876667805,0.10601877209513108,0.08782762812393424
qwen3_1.7b_base,down,6,12,1.0419370518706426,0.004488673254728353,0.11050744534985943,0.10653789659836707
qwen3_1.7b_base,down,6,13,1.0281265383375442,0.004429177450621198,0.1149366228004806,0.09051810306194905
qwen3_1.7b_base,down,6,14,0.9949975909585738,0.004286457677108672,0.11922308047758928,0.09960301850899082
qwen3_1.7b_base,down,6,15,0.9599612669911199,0.0041355209098113,0.1233586013874006,0.11353074695785158
qwen3_1.7b_base,down,6,16,0.8199731126776939,0.003532450807718921,0.1268910521951195,0.1550609701410172
qwen3_1.7b_base,down,6,17,0.786248476268801,0.003387164801042935,0.13027821699616243,0.1547956019227563
qwen3_1.7b_base,down,6,18,0.7572263241451965,0.0032621371347381434,0.1335403541309006,0.14708656419423283
qwen3_1.7b_base,down,6,19,0.7445078430461518,0.003207345815197721,0.1367476999460983,0.17472012267267298
qwen3_1.7b_base,down,6,20,0.7042402952377713,0.003033872893242919,0.13978157283934123,0.1599765408115651
qwen3_1.7b_base,down,6,21,0.6960303868481978,0.002998504541435209,0.14278007738077644,0.14637462948351862
qwen3_1.7b_base,down,6,22,0.6823075081744635,0.002939386269011665,0.1457194636497881,0.14689992972143803
qwen3_1.7b_base,down,6,23,0.6605260334988711,0.002845551499771677,0.14856501514955975,0.18082417428440628
qwen3_1.7b_base,down,6,24,0.6216197960895494,0.0026779431140368593,0.15124295826359663,0.17423619670674392
qwen3_1.7b_base,down,6,25,0.6155060268387915,0.0026516049466090014,0.15389456321020564,0.1747540611646328
qwen3_1.7b_base,down,6,26,0.5927230299086441,0.00255345561138831,0.15644801882159395,0.23059484220753976
qwen3_1.7b_base,down,6,27,0.581871908942032,0.002506708894416102,0.15895472771601005,0.18740471293762692
qwen3_1.7b_base,down,6,28,0.5592778952157063,0.0024093737003674357,0.1613641014163775,0.17584698339391816
qwen3_1.7b_base,down,6,29,0.5459396210640041,0.002351912307338471,0.16371601372371597,0.2027700227221658
qwen3_1.7b_base,down,6,30,0.5349812384735305,0.0023047035064223034,0.16602071723013828,0.19474212170733846
qwen3_1.7b_base,down,6,31,0.5151240436195136,0.002219158550232166,0.16823987578037042,0.22057111357547213
qwen3_1.7b_base,down,6,32,0.5027440403301396,0.0021658253958360394,0.17040570117620646,0.18763216157445806
qwen3_1.7b_base,down,6,33,0.4911411099953238,0.002115839878019143,0.17252154105422562,0.24345178949781668
qwen3_1.7b_base,down,6,34,0.49056073862187694,0.0021133396334437884,0.1746348806876694,0.2446275773049103
qwen3_1.7b_base,down,6,35,0.47210550674573404,0.0020338343451122842,0.1766687150327817,0.24540599213312023
qwen3_1.7b_base,down,6,36,0.46046999664645405,0.0019837084734063187,0.178652423506188,0.2206252287075176
qwen3_1.7b_base,down,6,37,0.44311136759885283,0.0019089273589380027,0.18056135086512604,0.25313512046858694
qwen3_1.7b_base,down,6,38,0.4396765651428075,0.001894130202150032,0.18245548106727605,0.25536446945545266
qwen3_1.7b_base,down,6,39,0.427563624488742,0.0018419475557488886,0.18429742862302492,0.251152252907697
qwen3_1.7b_base,down,6,40,0.4116541767866791,0.001773409526249372,0.18607083814927428,0.2597174499864485
qwen3_1.7b_base,down,6,41,0.40026951312191955,0.0017243643030141126,0.1877952024522884,0.2671600162533843
qwen3_1.7b_base,down,6,42,0.3919159781743784,0.0016883772068319127,0.18948357965912033,0.25080992901402094
qwen3_1.7b_base,down,6,43,0.3820937922279036,0.0016460631502564645,0.19112964280937678,0.2747645605648897
qwen3_1.7b_base,down,6,44,0.3771979180576878,0.0016249716846953653,0.19275461449407214,0.276602385330599
qwen3_1.7b_base,down,6,45,0.3696477489685158,0.0015924454951348748,0.194347059989207,0.2918522903014103
qwen3_1.7b_base,down,6,46,0.36023948626368774,0.0015519146232354627,0.1958989746124425,0.2976203849677962
qwen3_1.7b_base,down,6,47,0.3500167996238211,0.001507875206430526,0.19740684981887302,0.31666170951359396
qwen3_1.7b_base,down,6,48,0.3420224580527821,0.0014734355182222398,0.19888028533709526,0.2759339339943344
qwen3_1.7b_base,down,7,1,14.013702835660688,0.05220178402798149,0.05220178402798149,0.0010255360221133084
qwen3_1.7b_base,down,7,2,4.425349355605563,0.016484660337012028,0.0686864443649935,0.010511831580004643
qwen3_1.7b_base,down,7,3,2.688880846696584,0.010016223326717453,0.07870266769171097,0.023572491101157157
qwen3_1.7b_base,down,7,4,2.524910343207273,0.009405424531389291,0.08810809222310026,0.023850145478522683
qwen3_1.7b_base,down,7,5,2.3606254767803114,0.00879345471749665,0.09690154694059692,0.027493368820140748
qwen3_1.7b_base,down,7,6,1.9393650281500328,0.00722423727248497,0.10412578421308187,0.05981059080577499
qwen3_1.7b_base,down,7,7,1.7883314368024488,0.006661629158915301,0.11078741337199718,0.06294351856701967
qwen3_1.7b_base,down,7,8,1.6980100466079324,0.006325177204757754,0.11711259057675492,0.05474353956286675
qwen3_1.7b_base,down,7,9,1.609290377601991,0.0059946917467175835,0.12310728232347251,0.06300088628282793
qwen3_1.7b_base,down,7,10,1.4345285886807584,0.005343694842573529,0.12845097716604606,0.07492918235082821
qwen3_1.7b_base,down,7,11,1.3064290926523427,0.00486651744669268,0.13331749461273873,0.08559321901140389
qwen3_1.7b_base,down,7,12,1.2115881698703919,0.004513229994679684,0.13783072460741838,0.10579109584316472
qwen3_1.7b_base,down,7,13,1.1342121604185922,0.004225000268267088,0.1420557248756855,0.09919573389777225
qwen3_1.7b_base,down,7,14,1.0983200532008057,0.004091300271109719,0.14614702514679523,0.13339856159216815
qwen3_1.7b_base,down,7,15,1.064612385467964,0.003965737426534543,0.15011276257332973,0.133315570784522
qwen3_1.7b_base,down,7,16,1.0066089276359074,0.003749671479216173,0.15386243405254593,0.14308504005031228
qwen3_1.7b_base,down,7,17,0.9805061426900166,0.00365243722512547,0.15751487127767141,0.15491997460829843
qwen3_1.7b_base,down,7,18,0.9540978675639349,0.0035540650039609673,0.16106893628163238,0.1361104906093416
qwen3_1.7b_base,down,7,19,0.8870137117624408,0.0033041729765706236,0.164373109258203,0.14795582735569268
qwen3_1.7b_base,down,7,20,0.8399981030471991,0.0031290373481875477,0.16750214660639054,0.17264448525842135
qwen3_1.7b_base,down,7,21,0.826623793579026,0.003079217338260953,0.17058136394465148,0.15835151795483665
qwen3_1.7b_base,down,7,22,0.7869951998270069,0.0029315987311993464,0.17351296267585087,0.15931896485710142
qwen3_1.7b_base,down,7,23,0.7729087051758345,0.0028791257938097655,0.17639208846966062,0.19322665370197045
qwen3_1.7b_base,down,7,24,0.7652539337037965,0.002850611365335512,0.1792426998349961,0.16060598986050678
qwen3_1.7b_base,down,7,25,0.7312689900311535,0.0027240156532237973,0.1819667154882199,0.17704563277199467
qwen3_1.7b_base,down,7,26,0.6944515555451591,0.002586868763066295,0.1845535842512862,0.16054139504787684
qwen3_1.7b_base,down,7,27,0.6676752551013528,0.002487125628134176,0.18704070987942037,0.1887054238631172
qwen3_1.7b_base,down,7,28,0.6525292934736499,0.002430706120238412,0.18947141599965878,0.21081914414376482
qwen3_1.7b_base,down,7,29,0.6365865262050284,0.002371318469199663,0.19184273446885847,0.1895007052222637
qwen3_1.7b_base,down,7,30,0.6291770032094375,0.002343717604267524,0.194186452073126,0.1802785308135232
qwen3_1.7b_base,down,7,31,0.6010780941977726,0.00223904768248809,0.19642549975561407,0.21357824769136272
qwen3_1.7b_base,down,7,32,0.5871501214652792,0.002187165247627329,0.1986126650032414,0.2161895343903858
qwen3_1.7b_base,down,7,33,0.5682575689246909,0.0021167894904825834,0.20072945449372398,0.22405253216201193
qwen3_1.7b_base,down,7,34,0.5580936522321035,0.0020789283633924124,0.20280838285711641,0.19383693101265895
qwen3_1.7b_base,down,7,35,0.5418723596094288,0.002018503190682973,0.2048268860477994,0.2464806697588035
qwen3_1.7b_base,down,7,36,0.5307028984219584,0.0019768963571818714,0.20680378240498123,0.22544659696455005
qwen3_1.7b_base,down,7,37,0.5113309481320579,0.0019047348180731036,0.20870851722305434,0.2369370261611435
qwen3_1.7b_base,down,7,38,0.506487745937505,0.0018866936338173238,0.21059521085687166,0.23978876708754604
qwen3_1.7b_base,down,7,39,0.48300639723479344,0.0017992243683391477,0.2123944352252108,0.24281066268526796
qwen3_1.7b_base,down,7,40,0.47991411776718423,0.0017877054638200992,0.21418214068903094,0.2545763499673727
qwen3_1.7b_base,down,7,41,0.4624296164259635,0.0017225747718427615,0.2159047154608737,0.25420774949257974
qwen3_1.7b_base,down,7,42,0.4569025116132753,0.0017019860141735353,0.21760670147504724,0.22446154563229231
qwen3_1.7b_base,down,7,43,0.4523356722479681,0.0016849742960691953,0.2192916757711164,0.2476989903448917
qwen3_1.7b_base,down,7,44,0.4444672631413708,0.0016556640561102623,0.2209473398272267,0.2831465988207218
qwen3_1.7b_base,down,7,45,0.42563222901248116,0.001585502558090342,0.22253284238531704,0.25811093300695875
qwen3_1.7b_base,down,7,46,0.4157768960752885,0.0015487909218051754,0.2240816333071222,0.24851247370030807
qwen3_1.7b_base,down,7,47,0.41140082925442434,0.001532489841515856,0.22561412314863807,0.27869479361587385
qwen3_1.7b_base,down,7,48,0.4097420705057307,0.0015263108774712152,0.22714043402610928,0.2654011638380891
qwen3_1.7b_base,down,8,1,15.145710791488536,0.0470293762654857,0.0470293762654857,0.001344712930998583
qwen3_1.7b_base,down,8,2,4.619637369679715,0.014344567056625646,0.061373943322111345,0.011246725799740743
qwen3_1.7b_base,down,8,3,3.6679381205007924,0.011389418718102739,0.0727633620402141,0.016978265447171244
qwen3_1.7b_base,down,8,4,3.405628328967827,0.010574913142632647,0.08333827518284673,0.01990984209508197
qwen3_1.7b_base,down,8,5,2.792144851865076,0.008669968193232345,0.09200824337607907,0.03500797579413258
qwen3_1.7b_base,down,8,6,2.2814035749402075,0.007084050964421087,0.09909229434050017,0.044869468746175915
qwen3_1.7b_base,down,8,7,1.9889300990382959,0.006175883276867241,0.10526817761736741,0.06662598641607513
qwen3_1.7b_base,down,8,8,1.9294666123092548,0.005991241517233922,0.11125941913460133,0.06903374092696843
qwen3_1.7b_base,down,8,9,1.8506459312116939,0.005746493184199449,0.11700591231880078,0.08346483532722627
qwen3_1.7b_base,down,8,10,1.6241672162570937,0.005043247701147626,0.12204916001994841,0.07501588010734264
qwen3_1.7b_base,down,8,11,1.562548925914061,0.004851914999680293,0.1269010750196287,0.08589651722714692
qwen3_1.7b_base,down,8,12,1.4652863389673583,0.004549902181593104,0.13145097720122179,0.1064484416162095
qwen3_1.7b_base,down,8,13,1.36859410154975,0.004249660372009636,0.13570063757323142,0.09424136359756369
qwen3_1.7b_base,down,8,14,1.3450685129532036,0.004176610399432862,0.1398772479726643,0.10132847165129846
qwen3_1.7b_base,down,8,15,1.2895932616729469,0.004004352622838598,0.1438816005955029,0.11961199678226894
qwen3_1.7b_base,down,8,16,1.2319793692540353,0.0038254540909710218,0.14770705468647394,0.11096745013657369
qwen3_1.7b_base,down,8,17,1.1728743173218086,0.0036419253173941577,0.15134898000386807,0.11941087278909981
qwen3_1.7b_base,down,8,18,1.1314541057470904,0.0035133102433338404,0.1548622902472019,0.12057154461037463
qwen3_1.7b_base,down,8,19,1.0701642652111287,0.003322997420680631,0.15818528766788256,0.14260924268088285
qwen3_1.7b_base,down,8,20,1.0511278773571797,0.0032638869926892152,0.16144917466057176,0.1794760607973108
qwen3_1.7b_base,down,8,21,1.037480165228692,0.003221509094570734,0.1646706837551425,0.15473657677393785
qwen3_1.7b_base,down,8,22,1.0248232528597616,0.0031822077568948413,0.16785289151203733,0.1444507840893853
qwen3_1.7b_base,down,8,23,0.9371722319955568,0.0029100400853324625,0.1707629315973698,0.17640361519910167
qwen3_1.7b_base,down,8,24,0.9100390148991375,0.0028257879631515925,0.1735887195605214,0.18792103695122936
qwen3_1.7b_base,down,8,25,0.8945396172917827,0.002777660343919995,0.1763663799044414,0.16764770665272063
qwen3_1.7b_base,down,8,26,0.8722387077081843,0.002708413156890713,0.1790747930613321,0.17882787818662252
qwen3_1.7b_base,down,8,27,0.860584098656234,0.0026722240996799197,0.181747017161012,0.1763160405643508
qwen3_1.7b_base,down,8,28,0.8405138637132412,0.002609903443761866,0.18435692060477388,0.18709383181745404
qwen3_1.7b_base,down,8,29,0.8049130094630707,0.002499358221226329,0.18685627882600023,0.20894134723946792
qwen3_1.7b_base,down,8,30,0.7906440004023864,0.0024550511163773663,0.18931132994237757,0.209954006243319
qwen3_1.7b_base,down,8,31,0.7666090734072456,0.0023804195826890844,0.19169174952506662,0.20664014870652048
qwen3_1.7b_base,down,8,32,0.7539828872120927,0.0023412136537270954,0.1940329631787938,0.20918942301684082
qwen3_1.7b_base,down,8,33,0.7151669478548198,0.0022206851792128893,0.19625364835800665,0.19484191174129936
qwen3_1.7b_base,down,8,34,0.6921277150597436,0.0021491454038332705,0.19840279376183992,0.2587589935066051
qwen3_1.7b_base,down,8,35,0.6666269400198899,0.002069962223794949,0.2004727559856349,0.20475021940602434
qwen3_1.7b_base,down,8,36,0.658249645988319,0.0020439496504320166,0.2025167056360669,0.22283287981989358
qwen3_1.7b_base,down,8,37,0.6384756570611883,0.001982548876422375,0.20449925451248926,0.24409804157492018
qwen3_1.7b_base,down,8,38,0.6088127302252343,0.001890441680760906,0.20638969619325018,0.24807975095608062
qwen3_1.7b_base,down,8,39,0.6020163579943653,0.0018693380725323995,0.20825903426578257,0.24066537738545007
qwen3_1.7b_base,down,8,40,0.5929371297042602,0.0018411459031892775,0.21010018016897186,0.2375292184561292
qwen3_1.7b_base,down,8,41,0.5787473533898442,0.0017970848261886015,0.21189726499516046,0.26651245586912514
qwen3_1.7b_base,down,8,42,0.57112552196973,0.001773418061213128,0.2136706830563736,0.23950599131760195
qwen3_1.7b_base,down,8,43,0.5525352297600092,0.001715692817462428,0.215386375873836,0.249804319473971
qwen3_1.7b_base,down,8,44,0.5437828222663704,0.0016885154686463845,0.2170748913424824,0.23536879184540793
qwen3_1.7b_base,down,8,45,0.5348145009652034,0.0016606676797410677,0.21873555902222344,0.25501157754158815
qwen3_1.7b_base,down,8,46,0.5175467584881258,0.0016070491226861973,0.22034260814490964,0.2727288234076907
qwen3_1.7b_base,down,8,47,0.5043475366878822,0.0015660638446097072,0.22190867198951936,0.2839336288307745
qwen3_1.7b_base,down,8,48,0.49891714284867705,0.0015492017746382353,0.22345787376415763,0.2757094030154472
qwen3_1.7b_base,down,9,1,34.71871662052792,0.07535901850736916,0.07535901850736916,0.0006250518892214756
qwen3_1.7b_base,down,9,2,9.799248016931234,0.02126984475657708,0.09662886326394624,0.005958147694752594
qwen3_1.7b_base,down,9,3,6.29304089907265,0.01365941577749586,0.1102882790414421,0.01839784960266237
qwen3_1.7b_base,down,9,4,5.815448788299481,0.012622773982578573,0.12291105302402067,0.01990222852540473
qwen3_1.7b_base,down,9,5,5.123606979363104,0.01112109060373554,0.1340321436277562,0.025039291924320393
qwen3_1.7b_base,down,9,6,4.800339783723617,0.010419420123075616,0.14445156375083182,0.0328529545840677
qwen3_1.7b_base,down,9,7,4.014148004101776,0.008712944577956147,0.15316450832878795,0.0318650687543676
qwen3_1.7b_base,down,9,8,3.559499639918655,0.0077261035358375816,0.16089061186462553,0.04224247571455985
qwen3_1.7b_base,down,9,9,3.2994588733752512,0.007161669742019633,0.16805228160664518,0.04185520578886626
qwen3_1.7b_base,down,9,10,3.1999578889927283,0.0069456969972451175,0.1749979786038903,0.04762283971594301
qwen3_1.7b_base,down,9,11,3.023869807485277,0.006563487449055736,0.181561466052946,0.05705094157508104
qwen3_1.7b_base,down,9,12,2.5954769627572487,0.005633635557721824,0.18719510161066785,0.07903825592342169
qwen3_1.7b_base,down,9,13,2.396405823884598,0.005201539930381811,0.19239664154104968,0.09072983622294044
qwen3_1.7b_base,down,9,14,2.324761710319277,0.005046032163803803,0.19744267370485344,0.1033263704310893
qwen3_1.7b_base,down,9,15,2.1706183729058637,0.0047114549746787625,0.2021541286795322,0.1084602420667935
qwen3_1.7b_base,down,9,16,2.0704190851115944,0.0044939665212360745,0.20664809520076832,0.09314992873391514
qwen3_1.7b_base,down,9,17,1.8890647680204868,0.004100326298660006,0.21074842149942832,0.13104013838737696
qwen3_1.7b_base,down,9,18,1.815824760361344,0.003941354549992262,0.2146897760494206,0.15522986186143942
qwen3_1.7b_base,down,9,19,1.7760465344778011,0.0038550135687482772,0.21854478961816884,0.14199910923520356
qwen3_1.7b_base,down,9,20,1.6742883633306482,0.003634141467208087,0.22217893108537692,0.11808428821048704
qwen3_1.7b_base,down,9,21,1.58640616230715,0.0034433879757762528,0.22562231906115318,0.16602806613066143
qwen3_1.7b_base,down,9,22,1.5822872776550911,0.003434447694137481,0.22905676675529069,0.15406834796940633
qwen3_1.7b_base,down,9,23,1.5580139491896283,0.0033817610055983456,0.232438527760889,0.14785978670108665
qwen3_1.7b_base,down,9,24,1.5107780367739305,0.0032792326766611425,0.23571776043755016,0.14166979503459637
qwen3_1.7b_base,down,9,25,1.4432540454520155,0.0031326678779867883,0.238850428315537,0.16955806297209305
qwen3_1.7b_base,down,9,26,1.4134053963415576,0.0030678796277377857,0.24191830794327476,0.16129254451076935
qwen3_1.7b_base,down,9,27,1.3405917955289124,0.0029098334202352894,0.24482814136351005,0.1694224132882725
qwen3_1.7b_base,down,9,28,1.2738631621740382,0.0027649949928555116,0.24759313635636557,0.18461247952316004
qwen3_1.7b_base,down,9,29,1.246227967602957,0.002705011176002515,0.25029814753236806,0.2059713850841623
qwen3_1.7b_base,down,9,30,1.2121858727553996,0.002631120804889837,0.2529292683372579,0.20349986038781342
qwen3_1.7b_base,down,9,31,1.1818314659349367,0.0025652347777545205,0.25549450311501243,0.16393352975421224
qwen3_1.7b_base,down,9,32,1.1390246823282968,0.002472320133664641,0.2579668232486771,0.2066258633110958
qwen3_1.7b_base,down,9,33,1.107595389749716,0.002404101003706871,0.26037092425238395,0.22554453246495162
qwen3_1.7b_base,down,9,34,1.0899920689356803,0.0023658919594753305,0.2627368162118593,0.2076984397779495
qwen3_1.7b_base,down,9,35,1.0697704220251836,0.0023219996842961093,0.2650588158961554,0.22208962179337938
qwen3_1.7b_base,down,9,36,1.0463725840375206,0.002271213299383996,0.2673300291955394,0.23340711838159425
qwen3_1.7b_base,down,9,37,1.0389019936137516,0.0022549979430343055,0.2695850271385737,0.19354783011908536
qwen3_1.7b_base,down,9,38,1.0019027432880703,0.002174688891852292,0.271759716030426,0.253123029706265
qwen3_1.7b_base,down,9,39,0.9821811067194323,0.0021318819185584446,0.27389159794898443,0.2462412093803935
qwen3_1.7b_base,down,9,40,0.9636707478145788,0.002091704094748444,0.27598330204373284,0.22195148044520863
qwen3_1.7b_base,down,9,41,0.9335467131366666,0.0020263181039118132,0.2780096201476447,0.22719971896110658
qwen3_1.7b_base,down,9,42,0.9293155610397946,0.0020171341391742705,0.28002675428681895,0.23949997958988664
qwen3_1.7b_base,down,9,43,0.9066554343073672,0.0019679489999747802,0.28199470328679377,0.2311992914859219
qwen3_1.7b_base,down,9,44,0.8735654397046484,0.0018961252184989223,0.2838908285052926,0.23577190008073157
qwen3_1.7b_base,down,9,45,0.8205710163534949,0.0017810977025409837,0.28567192620783366,0.2681243238502459
qwen3_1.7b_base,down,9,46,0.8112496582473487,0.0017608651459717828,0.2874327913538054,0.26465143568939953
qwen3_1.7b_base,down,9,47,0.7978453738530351,0.0017317703575097038,0.28916456171131516,0.30819849804458377
qwen3_1.7b_base,down,9,48,0.7886625739025511,0.0017118385495750513,0.2908764002608902,0.231224743971595
qwen3_1.7b_base,down,10,1,53.35041782702911,0.07893284052867211,0.07893284052867211,0.0006196017653416984
qwen3_1.7b_base,down,10,2,10.498393014510182,0.015532549047850688,0.0944653895765228,0.018266784893772786
qwen3_1.7b_base,down,10,3,9.629987357140218,0.01424772827119592,0.10871311784771873,0.014649536148398114
qwen3_1.7b_base,down,10,4,7.354491390411887,0.010881093714598188,0.11959421156231692,0.030009798271118607
qwen3_1.7b_base,down,10,5,6.623190886181381,0.009799122318120775,0.12939333388043772,0.03352721781577923
qwen3_1.7b_base,down,10,6,5.936924543811222,0.008783779721589976,0.13817711360202767,0.03561473092061688
qwen3_1.7b_base,down,10,7,5.250608531701574,0.007768363637844156,0.14594547723987183,0.06522974890206755
qwen3_1.7b_base,down,10,8,4.780741619301813,0.007073187637791165,0.153018664877663,0.0614081082300662
qwen3_1.7b_base,down,10,9,4.039838666744788,0.005977009257501568,0.15899567413516455,0.08551259656348427
qwen3_1.7b_base,down,10,10,4.008888298430249,0.005931217666995271,0.16492689180215983,0.09190628756638124
qwen3_1.7b_base,down,10,11,3.8920026566173824,0.005758283393917616,0.17068517519607743,0.0878383895757584
qwen3_1.7b_base,down,10,12,3.692998181193302,0.005463852925274073,0.17614902812135153,0.07727769699423345
qwen3_1.7b_base,down,10,13,3.542052496186985,0.005240526245402065,0.18138955436675358,0.11295250098410009
qwen3_1.7b_base,down,10,14,3.183498121161582,0.004710039016670386,0.18609959338342397,0.11980483020741169
qwen3_1.7b_base,down,10,15,3.081391739943244,0.004558970908229375,0.19065856429165334,0.10962987013297838
qwen3_1.7b_base,down,10,16,2.913348581343687,0.004310348228596806,0.19496891252025014,0.10479953950040599
qwen3_1.7b_base,down,10,17,2.827770563660426,0.004183734112012878,0.199152646632263,0.12086500465974974
qwen3_1.7b_base,down,10,18,2.738445719430282,0.004051576502531246,0.20320422313479428,0.15807733145075314
qwen3_1.7b_base,down,10,19,2.6525391234859685,0.0039244762488834075,0.20712869938367764,0.14505517795581405
qwen3_1.7b_base,down,10,20,2.590613915021673,0.0038328568613789924,0.21096155624505666,0.1332113995007332
qwen3_1.7b_base,down,10,21,2.486911119424866,0.00367942683101336,0.21464098307607002,0.1827139440944981
qwen3_1.7b_base,down,10,22,2.4589842139368354,0.0036381085046135017,0.21827909158068354,0.1230016937984554
qwen3_1.7b_base,down,10,23,2.403857528832096,0.003556547646770656,0.22183563922745422,0.14186825200373535
qwen3_1.7b_base,down,10,24,2.3323474422265114,0.003450747270838634,0.2252863864982928,0.1742194066129652
qwen3_1.7b_base,down,10,25,2.2282698749756724,0.0032967627595072053,0.2285831492578,0.17439070727251685
qwen3_1.7b_base,down,10,26,2.1321750884250332,0.003154588906492027,0.23173773816429205,0.16594168253791658
qwen3_1.7b_base,down,10,27,2.0946861854708683,0.003099123444008305,0.23483686160830033,0.16133532667745115
qwen3_1.7b_base,down,10,28,2.0711042912735125,0.0030642336348960537,0.2379010952431964,0.17389350876204926
qwen3_1.7b_base,down,10,29,2.0210229429295907,0.0029901374376533605,0.24089123268084975,0.17264445219152755
qwen3_1.7b_base,down,10,30,1.9686682425401203,0.0029126777778215153,0.24380391045867128,0.1913016076735509
qwen3_1.7b_base,down,10,31,1.9182925837011162,0.0028381461432510475,0.24664205660192234,0.1611264029003068
qwen3_1.7b_base,down,10,32,1.8861470733312193,0.002790586319971569,0.2494326429218939,0.1669180056737697
qwen3_1.7b_base,down,10,33,1.8683730429394008,0.0027642893430478307,0.2521969322649417,0.1651143532195361
qwen3_1.7b_base,down,10,34,1.810706184441467,0.002678970255944059,0.25487590252088577,0.1948113252040067
qwen3_1.7b_base,down,10,35,1.7460855305118295,0.0025833629115363005,0.2574592654324221,0.20898180272431674
qwen3_1.7b_base,down,10,36,1.7039524391321599,0.002521026294161834,0.25998029172658393,0.21606899314217687
qwen3_1.7b_base,down,10,37,1.6829459284776804,0.002489946808319198,0.2624702385349031,0.23487328328941362
qwen3_1.7b_base,down,10,38,1.6612771543783216,0.002457887492570597,0.26492812602747373,0.2066621054320095
qwen3_1.7b_base,down,10,39,1.6026336427668688,0.002371123430758077,0.2672992494582318,0.19339210732667936
qwen3_1.7b_base,down,10,40,1.5567239877614663,0.0023031993239775697,0.2696024487822094,0.19420057379549704
qwen3_1.7b_base,down,10,41,1.5383266523620605,0.002275980156811121,0.2718784289390205,0.22675987935665506
qwen3_1.7b_base,down,10,42,1.5284826550121164,0.0022614157971559256,0.2741398447361764,0.24841192463210438
qwen3_1.7b_base,down,10,43,1.4857203290807326,0.0021981482166784777,0.2763379929528549,0.26496485503500833
qwen3_1.7b_base,down,10,44,1.4588610907680952,0.002158409521822767,0.27849640247467766,0.22127143414955308
qwen3_1.7b_base,down,10,45,1.4127587005660442,0.0020902002600770137,0.28058660273475466,0.2786672555762075
qwen3_1.7b_base,down,10,46,1.3621264047947796,0.0020152889268486357,0.2826018916616033,0.24971006128333653
qwen3_1.7b_base,down,10,47,1.3450925835143217,0.0019900871017554662,0.28459197876335873,0.2683289521847748
qwen3_1.7b_base,down,10,48,1.3274279177831718,0.0019639519316867,0.2865559306950455,0.24682488376937162
qwen3_1.7b_base,down,11,1,37.1120351782825,0.055133906483254,0.055133906483254,0.0010560146671811977
qwen3_1.7b_base,down,11,2,10.123952686411029,0.015040216953127641,0.07017412343638164,0.01374260864606475
qwen3_1.7b_base,down,11,3,7.175665862182308,0.010660220834026127,0.08083434427040777,0.027097205126066587
qwen3_1.7b_base,down,11,4,6.727800230133617,0.009994868428645628,0.0908292126990534,0.03072495859476222
qwen3_1.7b_base,down,11,5,5.972375415504492,0.008872603888724505,0.0997018165877779,0.04487994262595087
qwen3_1.7b_base,down,11,6,5.656477800486054,0.008403304118958671,0.1081051207067366,0.04827457463775964
qwen3_1.7b_base,down,11,7,4.887037982142748,0.007260218788681318,0.11536533949541791,0.049269889762819444
qwen3_1.7b_base,down,11,8,4.23818522664598,0.006296278466596938,0.12166161796201483,0.06432386381844334
qwen3_1.7b_base,down,11,9,4.053184439942098,0.006021439966782488,0.12768305792879733,0.07286209826137537
qwen3_1.7b_base,down,11,10,4.006851336196531,0.005952607174489764,0.13363566510328706,0.07085216206664467
qwen3_1.7b_base,down,11,11,3.808340064287567,0.005657697400646229,0.13929336250393332,0.08599967538033262
qwen3_1.7b_base,down,11,12,3.466192172248632,0.005149400030467078,0.1444427625344004,0.08843381415456351
qwen3_1.7b_base,down,11,13,3.1968485072111874,0.004749261143750313,0.1491920236781507,0.09779542454493662
qwen3_1.7b_base,down,11,14,3.01667423001191,0.004481592941182809,0.15367361661933351,0.10828807260022622
qwen3_1.7b_base,down,11,15,2.982291761534385,0.004430514098629528,0.15810413071796306,0.12727387788559494
qwen3_1.7b_base,down,11,16,2.807712659949286,0.004171158129211933,0.162275288847175,0.1137881520822172
qwen3_1.7b_base,down,11,17,2.7544430599581666,0.004092020428188482,0.16636730927536347,0.1604969835875852
qwen3_1.7b_base,down,11,18,2.5734355278621055,0.0038231143361510183,0.17019042361151449,0.15264924055696721
qwen3_1.7b_base,down,11,19,2.5410887731148115,0.003775059764562401,0.17396548337607687,0.17458256942000197
qwen3_1.7b_base,down,11,20,2.411879021356693,0.003583104827681835,0.1775485882037587,0.13312157598304802
qwen3_1.7b_base,down,11,21,2.368416515315856,0.003518536615993309,0.181067124819752,0.1632553032709627
qwen3_1.7b_base,down,11,22,2.296669870717911,0.0034119492845589724,0.184479074104311,0.1797972978473176
qwen3_1.7b_base,down,11,23,2.144803157996309,0.0031863350034534244,0.1876654091077644,0.1686019339277063
qwen3_1.7b_base,down,11,24,2.0353301748305883,0.003023701152000468,0.1906891102597649,0.1729079397527762
qwen3_1.7b_base,down,11,25,2.0338821226686274,0.0030215499152898726,0.19371066017505476,0.19257650481838404
qwen3_1.7b_base,down,11,26,1.9290084691209755,0.0028657488610098576,0.19657640903606463,0.16459769167211658
qwen3_1.7b_base,down,11,27,1.8393713706336934,0.002732583342555077,0.19930899237861965,0.18322307488589376
qwen3_1.7b_base,down,11,28,1.7995936184123376,0.0026734892276527055,0.2019824816062724,0.1847816788408848
qwen3_1.7b_base,down,11,29,1.7818132018496746,0.0026470745128764914,0.20462955611914888,0.16712814272096557
qwen3_1.7b_base,down,11,30,1.7282671536941427,0.0025675261184709345,0.20719708223761982,0.20146449173349346
qwen3_1.7b_base,down,11,31,1.7029604534434815,0.0025299303024959546,0.20972701254011578,0.2321809645948123
qwen3_1.7b_base,down,11,32,1.6266131195716123,0.002416508153974155,0.21214352069408993,0.2233060307553952
qwen3_1.7b_base,down,11,33,1.5969849984895155,0.0023724924041192193,0.21451601309820914,0.15939735149591489
qwen3_1.7b_base,down,11,34,1.5539847331394925,0.0023086109005268046,0.21682462399873595,0.22071194915291678
qwen3_1.7b_base,down,11,35,1.5311892710990664,0.002274745798105397,0.21909936979684133,0.2179034870730129
qwen3_1.7b_base,down,11,36,1.4709109825319968,0.0021851959389057535,0.22128456573574712,0.23698535738947246
qwen3_1.7b_base,down,11,37,1.4440943730240559,0.0021453569908743086,0.2234299227266214,0.21368540499391964
qwen3_1.7b_base,down,11,38,1.4064706978331003,0.0020894629883069595,0.22551938571492838,0.2219090790867271
qwen3_1.7b_base,down,11,39,1.3885808352203257,0.0020628856796912312,0.2275822713946196,0.20005200762393943
qwen3_1.7b_base,down,11,40,1.3276665975395148,0.0019723910499125376,0.22955466244453218,0.27721293792977975
qwen3_1.7b_base,down,11,41,1.3067319264769288,0.0019412903519562656,0.2314959527964884,0.24500259938577468
qwen3_1.7b_base,down,11,42,1.2855056592392944,0.001909756456624297,0.23340570925311271,0.2233551450679974
qwen3_1.7b_base,down,11,43,1.2706683191057613,0.0018877139973667366,0.23529342325047947,0.24316939070723625
qwen3_1.7b_base,down,11,44,1.2524967976485306,0.001860718254345139,0.23715414150482456,0.24574558704451074
qwen3_1.7b_base,down,11,45,1.2208400430991901,0.0018136887520151773,0.23896783025683974,0.26602441803590543
qwen3_1.7b_base,down,11,46,1.1904473764755172,0.0017685371878027442,0.24073636744464247,0.2317622443817247
qwen3_1.7b_base,down,11,47,1.1607673006431536,0.001724444253596996,0.24246081169823946,0.2676399961818049
qwen3_1.7b_base,down,11,48,1.1456565789946307,0.001701995656793777,0.24416280735503326,0.280931723698147
qwen3_1.7b_base,down,12,1,38.350602656047016,0.047506607187233194,0.047506607187233194,0.001984873582543824
qwen3_1.7b_base,down,12,2,9.749000605905085,0.01207652318808618,0.05958313037531937,0.02203072252075428
qwen3_1.7b_base,down,12,3,9.347961570462669,0.011579738193743838,0.07116286856906322,0.024329826912698842
qwen3_1.7b_base,down,12,4,8.389788025883341,0.010392805758606431,0.08155567432766965,0.04032308070218592
qwen3_1.7b_base,down,12,5,7.377388830686617,0.009138701584175728,0.09069437591184538,0.03333840569803288
qwen3_1.7b_base,down,12,6,6.3744559799067115,0.007896323794066601,0.09859069970591199,0.05345045571281141
qwen3_1.7b_base,down,12,7,6.289904400462739,0.007791585970055598,0.10638228567596758,0.046591285220514214
qwen3_1.7b_base,down,12,8,5.724389455767043,0.0070910573088213205,0.1134733429847889,0.06860678046022403
qwen3_1.7b_base,down,12,9,5.25851326589436,0.006513955630689628,0.11998729861547852,0.06868536990901129
qwen3_1.7b_base,down,12,10,4.976067407505522,0.006164077310224079,0.1261513759257026,0.06790690650014537
qwen3_1.7b_base,down,12,11,4.459189562521535,0.0055237976002632215,0.1316751735259658,0.1033419243471145
qwen3_1.7b_base,down,12,12,4.310438360773145,0.005339532832028206,0.13701470635799404,0.09419783833489523
qwen3_1.7b_base,down,12,13,3.9582049674488324,0.004903205569978105,0.14191791192797212,0.12391653120487577
qwen3_1.7b_base,down,12,14,3.799807526951687,0.004706991574264676,0.14662490350223678,0.12722284449881313
qwen3_1.7b_base,down,12,15,3.755957404035066,0.004652672465300599,0.15127757596753738,0.0971297767454461
qwen3_1.7b_base,down,12,16,3.647046466098062,0.004517759614168375,0.15579533558170577,0.12500357442038687
qwen3_1.7b_base,down,12,17,3.4356930315140644,0.004255946659506204,0.16005128224121198,0.1459450810695197
qwen3_1.7b_base,down,12,18,3.377581912670072,0.004183961816897822,0.16423524405810982,0.15196921487161713
qwen3_1.7b_base,down,12,19,3.2453514549243248,0.004020162033341493,0.1682554060914513,0.11517489868965455
qwen3_1.7b_base,down,12,20,3.1377496484789864,0.0038868708619541415,0.17214227695340545,0.13530474376045776
qwen3_1.7b_base,down,12,21,2.9661599238436955,0.0036743149937002967,0.17581659194710575,0.16298720033516487
qwen3_1.7b_base,down,12,22,2.8959307893802624,0.003587319023024784,0.1794039109701305,0.13827008399739077
qwen3_1.7b_base,down,12,23,2.8588879833430227,0.0035414324420156972,0.1829453434121462,0.12790371470331202
qwen3_1.7b_base,down,12,24,2.73411229857113,0.0033868672192435933,0.1863322106313898,0.1321810300692664
qwen3_1.7b_base,down,12,25,2.5366532594167106,0.0031422658737886374,0.18947447650517846,0.19140354016262634
qwen3_1.7b_base,down,12,26,2.521412929115915,0.003123386994843839,0.19259786350002228,0.18885774804729138
qwen3_1.7b_base,down,12,27,2.4501095748122217,0.0030350603399952073,0.1956329238400175,0.18947947482382096
qwen3_1.7b_base,down,12,28,2.377858542635074,0.002945559754168802,0.19857848359418628,0.16580994789651557
qwen3_1.7b_base,down,12,29,2.3352906142351726,0.002892828956913664,0.20147131255109993,0.1740293503983828
qwen3_1.7b_base,down,12,30,2.2687509474608696,0.0028104032949190726,0.20428171584601904,0.17042925409646673
qwen3_1.7b_base,down,12,31,2.2379884024635843,0.0027722963542179675,0.20705401220023698,0.19959374245782485
qwen3_1.7b_base,down,12,32,2.1726488050099886,0.002691357271778008,0.209745369472015,0.22220492069064443
qwen3_1.7b_base,down,12,33,2.1043396289241887,0.002606739639437361,0.21235210911145236,0.2235857343308397
qwen3_1.7b_base,down,12,34,1.9524184380546197,0.002418548063863273,0.21477065717531563,0.2020372354948271
qwen3_1.7b_base,down,12,35,1.8875857967442378,0.0023382369706774282,0.21710889414599308,0.23400055860772553
qwen3_1.7b_base,down,12,36,1.8085559780628597,0.0022403391987480866,0.21934923334474116,0.20678965545763273
qwen3_1.7b_base,down,12,37,1.796927258517226,0.002225934183617045,0.22157516752835818,0.22751482863179043
qwen3_1.7b_base,down,12,38,1.7499088919165968,0.002167690429465004,0.2237428579578232,0.20899527950585456
qwen3_1.7b_base,down,12,39,1.7111779224926325,0.0021197126449460195,0.2258625706027692,0.23130023896752516
qwen3_1.7b_base,down,12,40,1.703899558897615,0.0021106966103513237,0.22797326721312053,0.23971263474432924
qwen3_1.7b_base,down,12,41,1.6534329463332436,0.0020481813596610493,0.23002144857278156,0.23303318533746897
qwen3_1.7b_base,down,12,42,1.6128556187064753,0.0019979164086363853,0.23201936498141795,0.23170881200569202
qwen3_1.7b_base,down,12,43,1.5602356064151905,0.0019327336453685106,0.23395209862678645,0.28170468428239115
qwen3_1.7b_base,down,12,44,1.527715058572668,0.0018924489878958662,0.23584454761468232,0.2331623623467909
qwen3_1.7b_base,down,12,45,1.4947144706365683,0.0018515696832839257,0.23769611729796628,0.2595143911432398
qwen3_1.7b_base,down,12,46,1.4530355521567202,0.0017999401423880762,0.23949605744035432,0.2684449807689287
qwen3_1.7b_base,down,12,47,1.4277946212538992,0.0017686730720842582,0.24126473051243857,0.2615583356577902
qwen3_1.7b_base,down,12,48,1.3999462626983308,0.001734176064499424,0.24299890657693804,0.2571596486642448
qwen3_1.7b_base,down,13,1,36.12886518208741,0.036288795712880996,0.036288795712880996,0.0026953268700845696
qwen3_1.7b_base,down,13,2,10.895375271204145,0.01094360549215177,0.04723240120503277,0.03546788499741022
qwen3_1.7b_base,down,13,3,8.853284889311555,0.008892475451884676,0.05612487665691744,0.03753403647908598
qwen3_1.7b_base,down,13,4,8.517883269545033,0.00855558912013487,0.06468046577705232,0.054023742573673365
qwen3_1.7b_base,down,13,5,8.050034571744112,0.00808566941096414,0.07276613518801645,0.04885575583305146
qwen3_1.7b_base,down,13,6,7.30456716310715,0.007336902064791035,0.08010303725280749,0.045211592312044586
qwen3_1.7b_base,down,13,7,6.472275238644038,0.006500925859391233,0.08660396311219873,0.07245739001982754
qwen3_1.7b_base,down,13,8,6.146769012030486,0.00617397872442541,0.09277794183662413,0.06937613537155969
qwen3_1.7b_base,down,13,9,5.827586129414635,0.005853382924808716,0.09863132476143285,0.06787685740486314
qwen3_1.7b_base,down,13,10,5.417148807798256,0.005441128732986954,0.1040724534944198,0.07347095385565015
qwen3_1.7b_base,down,13,11,5.120072193192079,0.005142737058513249,0.10921519055293306,0.10517100310161234
qwen3_1.7b_base,down,13,12,4.729258325695946,0.004750193187349546,0.1139653837402826,0.11668733070956276
qwen3_1.7b_base,down,13,13,4.672728601052445,0.004693413224321244,0.11865879696460384,0.100721953679949
qwen3_1.7b_base,down,13,14,4.282987068001019,0.00430194643447199,0.12296074339907583,0.15387486908011233
qwen3_1.7b_base,down,13,15,4.188378183382699,0.004206918747628398,0.12716766214670425,0.14259694839444806
qwen3_1.7b_base,down,13,16,4.0941889442085015,0.004112312563860445,0.13127997471056468,0.10296095469920362
qwen3_1.7b_base,down,13,17,3.829372362795964,0.003846323727072191,0.13512629843763688,0.1317854904910443
qwen3_1.7b_base,down,13,18,3.679273173373874,0.003695560098207706,0.13882185853584458,0.17846538501996215
qwen3_1.7b_base,down,13,19,3.6412588288008956,0.0036573774767105923,0.14247923601255516,0.14651062085089556
qwen3_1.7b_base,down,13,20,3.5067151959339946,0.0035222382637026916,0.14600147427625787,0.14347121341694866
qwen3_1.7b_base,down,13,21,3.477456204913046,0.003492849752810558,0.1494943240290684,0.1501943541541261
qwen3_1.7b_base,down,13,22,3.3502215280192282,0.0033650518501052336,0.15285937587917364,0.1661854158839375
qwen3_1.7b_base,down,13,23,3.323980867095985,0.0033386950304593547,0.15619807090963297,0.1392634722079554
qwen3_1.7b_base,down,13,24,3.125955525749827,0.0031397930964554297,0.15933786400608846,0.1481362098318071
qwen3_1.7b_base,down,13,25,3.007382907589016,0.00302069559655077,0.16235855960263923,0.1722794885428597
qwen3_1.7b_base,down,13,26,2.976790163726416,0.002989967428734505,0.1653485270313737,0.1628066018026736
qwen3_1.7b_base,down,13,27,2.923565635870746,0.002936507293506495,0.16828503432488023,0.19531701059619583
qwen3_1.7b_base,down,13,28,2.892155730812429,0.0029049583471923057,0.1711899926720725,0.19838384495454495
qwen3_1.7b_base,down,13,29,2.834429288137707,0.0028469763686580635,0.17403696904073057,0.2234241753102023
qwen3_1.7b_base,down,13,30,2.741155854680133,0.0027532900445755935,0.17679025908530616,0.17688247850775282
qwen3_1.7b_base,down,13,31,2.5840089648086964,0.00259544751742402,0.1793857066027302,0.17889371355715186
qwen3_1.7b_base,down,13,32,2.492002144913223,0.0025030334137827563,0.18188874001651292,0.18375851866787005
qwen3_1.7b_base,down,13,33,2.4473599141861984,0.0024581935666728202,0.18434693358318574,0.2196005745606749
qwen3_1.7b_base,down,13,34,2.3772519691299996,0.0023877752769432092,0.18673470886012894,0.21093456708043376
qwen3_1.7b_base,down,13,35,2.29795144919837,0.0023081237198511,0.18904283257998006,0.21291475897171533
qwen3_1.7b_base,down,13,36,2.2506427243865796,0.002260605574969452,0.19130343815494952,0.2086477741662484
qwen3_1.7b_base,down,13,37,2.2131518709458105,0.002222948761926562,0.19352638691687607,0.22463653739933476
qwen3_1.7b_base,down,13,38,2.1670843917684444,0.0021766773572630222,0.19570306427413908,0.2594513515108563
qwen3_1.7b_base,down,13,39,2.120024710685236,0.002129409358544132,0.19783247363268322,0.20445460907500557
qwen3_1.7b_base,down,13,40,2.0941461957806644,0.0021034162880175116,0.19993588992070074,0.21902469692574617
qwen3_1.7b_base,down,13,41,2.0292468653844464,0.002038229669761404,0.20197411959046213,0.22127171318464486
qwen3_1.7b_base,down,13,42,1.974818519107865,0.001983560387206687,0.2039576799776688,0.24371873461803614
qwen3_1.7b_base,down,13,43,1.9655116955355725,0.001974212365406152,0.205931892343075,0.2652509617192687
qwen3_1.7b_base,down,13,44,1.9005063989419886,0.0019089193118753873,0.20784081165495036,0.2724453579294201
qwen3_1.7b_base,down,13,45,1.8679836705336157,0.001876252616110415,0.2097170642710608,0.25147872747106714
qwen3_1.7b_base,down,13,46,1.8397976381400256,0.001847941813478431,0.2115650060845392,0.28098688524183185
qwen3_1.7b_base,down,13,47,1.8079540222788535,0.0018159572364671811,0.2133809633210064,0.27900889621719654
qwen3_1.7b_base,down,13,48,1.783818172303338,0.0017917145450705946,0.215172677866077,0.24566089475118436
qwen3_1.7b_base,down,14,1,40.29082433797317,0.029629076578730335,0.029629076578730335,0.005042399289121649
qwen3_1.7b_base,down,14,2,18.531688647557832,0.013627837878565974,0.04325691445729631,0.017393244510898697
qwen3_1.7b_base,down,14,3,17.085130005703338,0.012564067219132327,0.055820981676428634,0.019484880564008492
qwen3_1.7b_base,down,14,4,15.500417848779058,0.011398701192890423,0.06721968286931906,0.028345984152158204
qwen3_1.7b_base,down,14,5,13.870493378802065,0.010200086924455622,0.07741976979377467,0.03161097422784459
qwen3_1.7b_base,down,14,6,10.449212777749812,0.007684144731871504,0.08510391452564618,0.06729336302115023
qwen3_1.7b_base,down,14,7,10.338217548170118,0.007602521031906869,0.09270643555755305,0.04501596837076255
qwen3_1.7b_base,down,14,8,9.756286642507034,0.007174580535510245,0.0998810160930633,0.06664245766628224
qwen3_1.7b_base,down,14,9,8.386107917235229,0.006166978158426003,0.10604799425148931,0.06472014472018305
qwen3_1.7b_base,down,14,10,7.89678053573749,0.005807136465020842,0.11185513071651015,0.09285738986184212
qwen3_1.7b_base,down,14,11,7.394241431956182,0.005437579131945639,0.11729270984845579,0.10242538531626878
qwen3_1.7b_base,down,14,12,7.068318349513214,0.005197901733253718,0.12249061158170951,0.09289366393050204
qwen3_1.7b_base,down,14,13,6.805760902497218,0.0050048221715476284,0.12749543375325714,0.10867017290962974
qwen3_1.7b_base,down,14,14,6.3818060499733145,0.004693054145011716,0.13218848789826884,0.11679496019497744
qwen3_1.7b_base,down,14,15,5.99848686298632,0.004411168784462509,0.13659965668273136,0.13927319989037829
qwen3_1.7b_base,down,14,16,5.896975823209835,0.004336519570390973,0.14093617625312232,0.1572084342611058
qwen3_1.7b_base,down,14,17,5.830040280534561,0.00428729649411116,0.14522347274723346,0.15405745145438357
qwen3_1.7b_base,down,14,18,5.462388024273888,0.004016932285036791,0.14924040503227026,0.12440300115151554
qwen3_1.7b_base,down,14,19,5.185851906880112,0.0038135730851774135,0.1530539781174477,0.12359314648383687
qwen3_1.7b_base,down,14,20,5.131381425284985,0.003773516568663274,0.15682749468611096,0.14803241272240322
qwen3_1.7b_base,down,14,21,4.858357624921314,0.003572740257388672,0.16040023494349961,0.17421735381123601
qwen3_1.7b_base,down,14,22,4.559910087208058,0.0033532678317201433,0.1637535027752198,0.14576363545912657
qwen3_1.7b_base,down,14,23,4.422621967733271,0.0032523088597431263,0.1670058116349629,0.18208609282574936
qwen3_1.7b_base,down,14,24,4.321290096019684,0.0031777914023269405,0.17018360303728985,0.1901265668316828
qwen3_1.7b_base,down,14,25,4.256918105752183,0.0031304535118642845,0.1733140565491541,0.19979456943991517
qwen3_1.7b_base,down,14,26,4.124651300821837,0.003033187115445294,0.1763472436645994,0.15601648813497423
qwen3_1.7b_base,down,14,27,4.098723329892129,0.003014120197633852,0.17936136386223325,0.1540173853519585
qwen3_1.7b_base,down,14,28,4.02849795340161,0.0029624778425320045,0.18232384170476532,0.17394421495981166
qwen3_1.7b_base,down,14,29,3.822413458671956,0.002810927374742766,0.18513476907950807,0.17970818746316244
qwen3_1.7b_base,down,14,30,3.7328663858177777,0.0027450762256885377,0.1878798453051966,0.21005655512155746
qwen3_1.7b_base,down,14,31,3.64696322318544,0.002681904736253663,0.19056175004145026,0.18548025746596847
qwen3_1.7b_base,down,14,32,3.6220538147654406,0.002663586849197889,0.19322533689064814,0.19270806661789544
qwen3_1.7b_base,down,14,33,3.4963162789093847,0.00257112194831998,0.19579645883896815,0.19320312852828636
qwen3_1.7b_base,down,14,34,3.4172286020509377,0.002512962432535035,0.19830942127150317,0.18686061763622472
qwen3_1.7b_base,down,14,35,3.325938731225585,0.0024458296642685504,0.20075525093577173,0.19556151779759448
qwen3_1.7b_base,down,14,36,3.276043125796467,0.00240913742134494,0.20316438835711664,0.19814681515436872
qwen3_1.7b_base,down,14,37,3.1532703790227536,0.002318852767811281,0.2054832411249279,0.2095793132679663
qwen3_1.7b_base,down,14,38,3.041232403863707,0.0022364622533391143,0.20771970337826703,0.2035346882531948
qwen3_1.7b_base,down,14,39,2.9516076868756116,0.0021705540063220743,0.2098902573845891,0.24071409771997937
qwen3_1.7b_base,down,14,40,2.8910871806786798,0.0021260484211880815,0.2120163058057772,0.24490115884201136
qwen3_1.7b_base,down,14,41,2.8667089595769455,0.002108121158796586,0.21412442696457382,0.22402377837720067
qwen3_1.7b_base,down,14,42,2.7488255107738486,0.0020214319984395482,0.21614585896301333,0.2585654194418839
qwen3_1.7b_base,down,14,43,2.738351092470259,0.002013729318061718,0.21815958828107507,0.24336085657019538
qwen3_1.7b_base,down,14,44,2.627243250778775,0.0019320228053738707,0.22009161108644892,0.2522984347572462
qwen3_1.7b_base,down,14,45,2.5953069552552113,0.0019085374843049536,0.2220001485707539,0.2649305507173363
qwen3_1.7b_base,down,14,46,2.5699278776928343,0.001889874211836624,0.2238900227825905,0.21739427951862017
qwen3_1.7b_base,down,14,47,2.493986389061197,0.001834028340744607,0.2257240511233351,0.2561526785761608
qwen3_1.7b_base,down,14,48,2.4521557340009896,0.0018032669030604135,0.22752731802639548,0.21482446203907707
qwen3_1.7b_base,down,15,1,90.48019058339523,0.04190560199678579,0.04190560199678579,0.0028250407539958168
qwen3_1.7b_base,down,15,2,38.402193171633144,0.01778584917292906,0.05969145116971485,0.012605338864755263
qwen3_1.7b_base,down,15,3,28.751423125442432,0.013316126840222249,0.07300757800993711,0.0205716768404718
qwen3_1.7b_base,down,15,4,25.582046817519043,0.011848240651195434,0.08485581866113255,0.0228346220696177
qwen3_1.7b_base,down,15,5,22.760033239880116,0.010541234365603403,0.09539705302673594,0.032412933333871255
qwen3_1.7b_base,down,15,6,19.33209055723011,0.008953594012497342,0.10435064703923329,0.04663676087568458
qwen3_1.7b_base,down,15,7,16.222387892457593,0.007513345474579073,0.11186399251381235,0.05425241393181763
qwen3_1.7b_base,down,15,8,14.823221343935625,0.006865326100044971,0.11872931861385733,0.07099618847746161
qwen3_1.7b_base,down,15,9,14.422461334947998,0.0066797154230052854,0.1254090340368626,0.07047515933810997
qwen3_1.7b_base,down,15,10,12.962390056039979,0.006003488223367997,0.13141252226023062,0.08420076209149953
qwen3_1.7b_base,down,15,11,12.277090778002332,0.005686094121863966,0.13709861638209458,0.0867984274837812
qwen3_1.7b_base,down,15,12,11.057297196229001,0.00512115074556865,0.1422197671276632,0.10920434699323509
qwen3_1.7b_base,down,15,13,10.829704058098665,0.005015741733914339,0.14723550886157755,0.09619816854002734
qwen3_1.7b_base,down,15,14,10.469918028100231,0.004849108020170981,0.1520846168817485,0.09455860034700565
qwen3_1.7b_base,down,15,15,10.18903044067417,0.004719015860012842,0.15680363274176137,0.107259660079218
qwen3_1.7b_base,down,15,16,9.679048265167694,0.004482819296605611,0.161286452038367,0.10401623308659773
qwen3_1.7b_base,down,15,17,9.082196454110496,0.004206389347862623,0.16549284138622963,0.10928694078969979
qwen3_1.7b_base,down,15,18,8.981167933278554,0.0041595983214842555,0.16965243970771388,0.16025968212711375
qwen3_1.7b_base,down,15,19,8.764865283798583,0.00405941846242877,0.17371185817014265,0.11777757296659072
qwen3_1.7b_base,down,15,20,8.6000404803111,0.003983080398045731,0.17769493856818838,0.12468662944863076
qwen3_1.7b_base,down,15,21,8.308873267317354,0.003848227263193156,0.1815431658313815,0.16467769528298307
qwen3_1.7b_base,down,15,22,7.835294865575934,0.003628890987598574,0.18517205681898008,0.14694996688248357
qwen3_1.7b_base,down,15,23,7.773643932115256,0.0036003375610012653,0.1887723943799814,0.1393869128680455
qwen3_1.7b_base,down,15,24,7.52059607567028,0.003483139280472124,0.1922555336604535,0.15725220283120095
qwen3_1.7b_base,down,15,25,7.15883057072607,0.003315588779433055,0.19557112243988656,0.17064613243416454
qwen3_1.7b_base,down,15,26,7.020533701907076,0.003251537040541227,0.19882265948042777,0.15486139682005037
qwen3_1.7b_base,down,15,27,6.834640446168435,0.00316544119195114,0.20198810067237888,0.15009010582635546
qwen3_1.7b_base,down,15,28,6.702968064956337,0.003104457562656532,0.20509255823503544,0.1799497432647057
qwen3_1.7b_base,down,15,29,6.413563046669408,0.0029704205824732676,0.20806297881750868,0.17833007858293998
qwen3_1.7b_base,down,15,30,6.211383798068887,0.00287678192997669,0.2109397607474854,0.1683805157825157
qwen3_1.7b_base,down,15,31,6.135223281200924,0.002841508437655775,0.21378126918514118,0.19174216730264954
qwen3_1.7b_base,down,15,32,5.888743321529105,0.0027273520568657614,0.21650862124200693,0.19850622540387322
qwen3_1.7b_base,down,15,33,5.64529223845018,0.002614598490284922,0.21912321973229187,0.1896276374732831
qwen3_1.7b_base,down,15,34,5.568020347345242,0.002578810268649846,0.2217020300009417,0.1751371185087974
qwen3_1.7b_base,down,15,35,5.344144607381263,0.002475122957701717,0.2241771529586434,0.22043473238258848
qwen3_1.7b_base,down,15,36,5.340058028583281,0.002473230272203018,0.22665038323084646,0.21952410173673978
qwen3_1.7b_base,down,15,37,5.110851446943756,0.002367073999506214,0.2290174572303527,0.22256833114432265
qwen3_1.7b_base,down,15,38,4.9490399727025975,0.002292131548630038,0.2313095887789827,0.2603044877951067
qwen3_1.7b_base,down,15,39,4.759078185905622,0.002204151373292374,0.23351374015227508,0.21668183827779183
qwen3_1.7b_base,down,15,40,4.688117794738948,0.0021712863020475685,0.23568502645432263,0.23284618842147983
qwen3_1.7b_base,down,15,41,4.525443626749049,0.0020959442974055713,0.23778097075172822,0.23773528192696813
qwen3_1.7b_base,down,15,42,4.429910747339608,0.0020516985592354126,0.23983266931096361,0.24577960749281347
qwen3_1.7b_base,down,15,43,4.3804096674349955,0.0020287722972600706,0.2418614416082237,0.21760807200868446
qwen3_1.7b_base,down,15,44,4.2602940420151585,0.0019731411413132964,0.243834582749537,0.21824812290697584
qwen3_1.7b_base,down,15,45,4.202203633228351,0.0019462367599812653,0.24578081950951827,0.2646852828937803
qwen3_1.7b_base,down,15,46,4.116669253854371,0.0019066217941420367,0.24768744130366033,0.23044777304698047
qwen3_1.7b_base,down,15,47,3.9320444138420183,0.001821113408114192,0.24950855471177455,0.28914227060905856
qwen3_1.7b_base,down,15,48,3.8855150815438466,0.0017995635012462768,0.2513081182130208,0.2687725165867199
qwen3_1.7b_base,down,16,1,194.27233104875353,0.03323431239002489,0.03323431239002489,0.005481645982477849
qwen3_1.7b_base,down,16,2,104.2499454450777,0.017834115825249908,0.0510684282152748,0.017330651833334796
qwen3_1.7b_base,down,16,3,97.41252871467324,0.016664433851845174,0.06773286206711997,0.029401230715088447
qwen3_1.7b_base,down,16,4,67.20715066334309,0.011497177327987508,0.07923003939510748,0.04344186049559465
qwen3_1.7b_base,down,16,5,59.49413068264971,0.010177705254300708,0.08940774464940819,0.06056406197825852
qwen3_1.7b_base,down,16,6,48.19512471889374,0.008244775887215576,0.09765252053662375,0.08112455698481333
qwen3_1.7b_base,down,16,7,44.31979450038575,0.007581820259921041,0.1052343407965448,0.09926612610568886
qwen3_1.7b_base,down,16,8,43.416553549197495,0.007427302157558228,0.11266164295410303,0.07818394039581616
qwen3_1.7b_base,down,16,9,38.12129437536407,0.006521438226141453,0.11918308118024448,0.09726347919692407
qwen3_1.7b_base,down,16,10,35.52754311432438,0.006077723265775937,0.12526080444602042,0.12678552953386396
qwen3_1.7b_base,down,16,11,33.926326723816665,0.0058038019850722685,0.1310646064310927,0.11037571734136924
qwen3_1.7b_base,down,16,12,32.73958229065531,0.005600784730860655,0.13666539116195334,0.13749072012152713
qwen3_1.7b_base,down,16,13,31.72533340211985,0.005427276417963726,0.14209266757991706,0.12499145485206013
qwen3_1.7b_base,down,16,14,30.106720213741617,0.005150379054089111,0.14724304663400617,0.12696659340505476
qwen3_1.7b_base,down,16,15,28.780254205665354,0.004923459525975287,0.15216650615998145,0.13459018477581888
qwen3_1.7b_base,down,16,16,28.683978438569056,0.004906989558780294,0.15707349571876175,0.13735490993538155
qwen3_1.7b_base,down,16,17,26.952994046296272,0.004610868769347783,0.16168436448810955,0.1273361700125075
qwen3_1.7b_base,down,16,18,26.28694893656503,0.004496927936275154,0.1661812924243847,0.1649741945414882
qwen3_1.7b_base,down,16,19,25.237287816201878,0.004317361626500151,0.17049865405088485,0.14697145471579134
qwen3_1.7b_base,down,16,20,24.545197095729847,0.004198965151396176,0.17469761920228105,0.15055818731424483
qwen3_1.7b_base,down,16,21,24.36591471629443,0.004168295181194972,0.17886591438347602,0.1707768564834332
qwen3_1.7b_base,down,16,22,23.50414098695391,0.00402087090736345,0.18288678529083943,0.17177694739885094
qwen3_1.7b_base,down,16,23,22.509661891770648,0.0038507446277422125,0.1867375299185817,0.15421378966655278
qwen3_1.7b_base,down,16,24,21.65765636488285,0.0037049914075808154,0.19044252132616246,0.16481780708493488
qwen3_1.7b_base,down,16,25,20.868846916279168,0.0035700491876075597,0.19401257051377002,0.17371281096544552
qwen3_1.7b_base,down,16,26,20.774444979200748,0.003553899777909581,0.1975664702916796,0.19463402997145632
qwen3_1.7b_base,down,16,27,20.42413098739505,0.003493971302375175,0.20106044159405478,0.16902208041462644
qwen3_1.7b_base,down,16,28,20.05564925056403,0.0034309348571657555,0.20449137645122054,0.18461735131069612
qwen3_1.7b_base,down,16,29,19.532339006786938,0.003341411783938084,0.20783278823515863,0.18804474791743556
qwen3_1.7b_base,down,16,30,18.820108748481363,0.003219570023094563,0.2110523582582532,0.18103982887567457
qwen3_1.7b_base,down,16,31,18.723032004185384,0.003202963032133357,0.21425532129038655,0.1916948810932824
qwen3_1.7b_base,down,16,32,18.37371195907359,0.0031432045918002886,0.2173985258821868,0.17609638888624968
qwen3_1.7b_base,down,16,33,18.073901850350865,0.003091915853166284,0.2204904417353531,0.19672159993967495
qwen3_1.7b_base,down,16,34,17.812092589348907,0.0030471279478594955,0.2235375696832126,0.19117471025371294
qwen3_1.7b_base,down,16,35,17.507294412092655,0.002994985896625744,0.22653255557983834,0.18202112409512003
qwen3_1.7b_base,down,16,36,17.143182191202627,0.002932696947763293,0.22946525252760164,0.1898036300342429
qwen3_1.7b_base,down,16,37,16.907152465682163,0.002892319166795038,0.2323575716943967,0.20305549264354886
qwen3_1.7b_base,down,16,38,16.41040861030044,0.0028073408254200194,0.23516491251981672,0.17042909681345192
qwen3_1.7b_base,down,16,39,16.321452163423917,0.0027921229797873387,0.23795703549960406,0.19161943093846195
qwen3_1.7b_base,down,16,40,16.123838435197545,0.002758317052093062,0.2407153525516971,0.19452845800125557
qwen3_1.7b_base,down,16,41,15.929178229698538,0.0027250163857318963,0.243440368937429,0.18810542868003297
qwen3_1.7b_base,down,16,42,15.748025070914567,0.002694026379913953,0.24613439531734296,0.2319043695576415
qwen3_1.7b_base,down,16,43,15.456522175228043,0.002644158762402268,0.24877855407974522,0.2402750105192424
qwen3_1.7b_base,down,16,44,15.255663443126895,0.0026097977094778624,0.2513883517892231,0.21263542781068012
qwen3_1.7b_base,down,16,45,14.97656715470181,0.0025620524995123317,0.2539504042887354,0.2041954421444845
qwen3_1.7b_base,down,16,46,14.848126162947375,0.0025400800033745247,0.2564904842921099,0.20965371281093417
qwen3_1.7b_base,down,16,47,14.735218999789005,0.0025207648908661196,0.2590112491829761,0.2182682148426153
qwen3_1.7b_base,down,16,48,14.488109299293708,0.0024784916503252153,0.2614897408333013,0.21162114017070513
qwen3_1.7b_base,down,17,1,329.0610327257899,0.04101703060278517,0.04101703060278517,0.0025757337709053623
qwen3_1.7b_base,down,17,2,157.45778477269278,0.019626908489192633,0.0606439390919778,0.009355767940962715
qwen3_1.7b_base,down,17,3,137.22707088762877,0.017105176263209662,0.07774911535518747,0.017588546227950023
qwen3_1.7b_base,down,17,4,123.26829398175238,0.015365232840607895,0.09311434819579537,0.02175815568203387
qwen3_1.7b_base,down,17,5,101.75429327102621,0.012683540577532966,0.10579788877332832,0.027156561714532852
qwen3_1.7b_base,down,17,6,87.80444036451696,0.010944709519868819,0.11674259829319715,0.03504638281390022
qwen3_1.7b_base,down,17,7,80.82233936961772,0.010074399693733414,0.12681699798693055,0.04802612855455155
qwen3_1.7b_base,down,17,8,75.47581686191893,0.009407962603020504,0.13622496058995104,0.04749811067473677
qwen3_1.7b_base,down,17,9,70.92308042623279,0.008840469915836952,0.14506543050578802,0.042170451568766115
qwen3_1.7b_base,down,17,10,62.110229182451484,0.007741959447521507,0.1528073899533095,0.0727057471236146
qwen3_1.7b_base,down,17,11,57.249807990382564,0.007136114254834577,0.15994350420814407,0.06899470935066479
qwen3_1.7b_base,down,17,12,52.96591186204319,0.00660213216300278,0.16654563637114686,0.07785141155377599
qwen3_1.7b_base,down,17,13,50.078161062921545,0.006242177774238999,0.17278781414538588,0.07296032930466964
qwen3_1.7b_base,down,17,14,48.97116956269129,0.0061041927206279736,0.17889200686601384,0.09362242267691456
qwen3_1.7b_base,down,17,15,47.53383292275386,0.005925030574145725,0.18481703744015957,0.08367748235935452
qwen3_1.7b_base,down,17,16,44.2818065247119,0.0055196697048120824,0.19033670714497167,0.10908755371351311
qwen3_1.7b_base,down,17,17,41.81596905130623,0.005212306264448554,0.1955490134094202,0.09121826659151394
qwen3_1.7b_base,down,17,18,40.494037277029015,0.0050475291846734886,0.20059654259409374,0.10076416882394762
qwen3_1.7b_base,down,17,19,40.2759426984577,0.005020343978544826,0.20561688657263855,0.1127976507385167
qwen3_1.7b_base,down,17,20,38.226577066591716,0.004764893212642105,0.21038177978528064,0.10343624307067677
qwen3_1.7b_base,down,17,21,36.29050053555293,0.00452356378610643,0.21490534357138708,0.12844821279811097
qwen3_1.7b_base,down,17,22,34.968173050981015,0.004358737381556769,0.21926408095294384,0.14123401115940248
qwen3_1.7b_base,down,17,23,34.3883654436866,0.004286465115907071,0.22355054606885089,0.11923142373307816
qwen3_1.7b_base,down,17,24,33.51386588098387,0.004177459880530597,0.22772800594938153,0.13294468271595256
qwen3_1.7b_base,down,17,25,32.88457377815003,0.004099019436743575,0.2318270253861251,0.13680465613477027
qwen3_1.7b_base,down,17,26,31.861273262137203,0.003971466355683016,0.23579849174180811,0.17519889434502897
qwen3_1.7b_base,down,17,27,31.048450945710755,0.003870149108996829,0.23966864085080491,0.13885775390905958
qwen3_1.7b_base,down,17,28,30.32181230979151,0.003779574546218069,0.243448215397023,0.15615665101136497
qwen3_1.7b_base,down,17,29,28.725815768683052,0.0035806356489979413,0.24702885104602093,0.15533835859857267
qwen3_1.7b_base,down,17,30,27.628917083873368,0.0034439086517284545,0.2504727596977494,0.16823085772397564
qwen3_1.7b_base,down,17,31,26.90507658872981,0.0033536828735653518,0.25382644257131476,0.17629020593942993
qwen3_1.7b_base,down,17,32,26.584286861084742,0.0033136968504045928,0.2571401394217193,0.22222863014369254
qwen3_1.7b_base,down,17,33,26.071861649500658,0.0032498237129167584,0.2603899631346361,0.18591049667912216
qwen3_1.7b_base,down,17,34,25.03296875648511,0.0031203270623019652,0.26351029019693806,0.19121323704207072
qwen3_1.7b_base,down,17,35,23.903181243922717,0.0029795005153433274,0.26648979071228135,0.1959539244870475
qwen3_1.7b_base,down,17,36,23.668669958739677,0.002950268988044661,0.26944005970032603,0.21456125079515684
qwen3_1.7b_base,down,17,37,22.882315221454647,0.0028522508907431105,0.2722923105910692,0.23812471875322735
qwen3_1.7b_base,down,17,38,22.283184574578954,0.0027775700332912196,0.27506988062436033,0.24143498228677857
qwen3_1.7b_base,down,17,39,22.142098862031933,0.0027599838823537453,0.2778298645067141,0.24223317515719237
qwen3_1.7b_base,down,17,40,21.32135468891955,0.002657679186514353,0.2804875436932284,0.28004275541347334
qwen3_1.7b_base,down,17,41,20.336640211743966,0.0025349358051095605,0.28302247949833803,0.2639923761796487
qwen3_1.7b_base,down,17,42,19.954925764848873,0.0024873555947755458,0.28550983509311356,0.26116096649681303
qwen3_1.7b_base,down,17,43,19.400934895381187,0.00241830135198541,0.287928136445099,0.256157433204233
qwen3_1.7b_base,down,17,44,18.957791421455372,0.002363064093167875,0.29029120053826685,0.2514294519336732
qwen3_1.7b_base,down,17,45,18.633502009395517,0.0023226418388874585,0.2926138423771543,0.2615939884173882
qwen3_1.7b_base,down,17,46,17.414110300045355,0.0021706462451069066,0.2947844886222612,0.26656589186574625
qwen3_1.7b_base,down,17,47,17.222516803575537,0.0021467643644633673,0.29693125298672457,0.23783360390865493
qwen3_1.7b_base,down,17,48,17.10324075685877,0.002131896760062339,0.29906314974678694,0.2422973141423506
qwen3_1.7b_base,down,18,1,454.6977751818864,0.03637369093128823,0.03637369093128823,0.003767896600172441
qwen3_1.7b_base,down,18,2,276.38373205325104,0.022109403205501792,0.05848309413679002,0.010007082845363755
qwen3_1.7b_base,down,18,3,235.0716208572084,0.018804627931941736,0.07728772206873176,0.010421983194981556
qwen3_1.7b_base,down,18,4,174.85790751947434,0.01398781307531348,0.09127553514404524,0.01897001146103659
qwen3_1.7b_base,down,18,5,134.2973916741735,0.010743161907226207,0.10201869705127145,0.02664964234060073
qwen3_1.7b_base,down,18,6,127.83724220178522,0.0102263802269451,0.11224507727821653,0.03769579834351074
qwen3_1.7b_base,down,18,7,112.30366904832925,0.008983767177615029,0.12122884445583158,0.048537883220794914
qwen3_1.7b_base,down,18,8,96.89308622486836,0.0077509927782519325,0.1289798372340835,0.07051605272828163
qwen3_1.7b_base,down,18,9,89.924561392778,0.007193543451854702,0.1361733806859382,0.053945715980174704
qwen3_1.7b_base,down,18,10,80.50559346430533,0.0064400701625144715,0.14261345084845264,0.07953266900751559
qwen3_1.7b_base,down,18,11,75.71952754509357,0.006057207320371593,0.14867065816882424,0.08945982372838565
qwen3_1.7b_base,down,18,12,70.83490640225953,0.005666460522248797,0.15433711869107306,0.07799442339737643
qwen3_1.7b_base,down,18,13,67.74752423432528,0.005419484418795708,0.15975660310986875,0.08785349821988721
qwen3_1.7b_base,down,18,14,63.20273111750497,0.005055922270043734,0.16481252537991253,0.11571928168147566
qwen3_1.7b_base,down,18,15,62.47588911480402,0.004997778316399916,0.16981030369631245,0.10739456078411572
qwen3_1.7b_base,down,18,16,58.52748934206643,0.004681924839990721,0.17449222853630317,0.11392719487228803
qwen3_1.7b_base,down,18,17,56.933990253810066,0.004554452381361819,0.17904668091766499,0.11643115865389807
qwen3_1.7b_base,down,18,18,54.80270097482624,0.004383959227996563,0.18343064014566154,0.1114165389606755
qwen3_1.7b_base,down,18,19,52.13989752878468,0.004170947432373985,0.18760158757803552,0.1393504550845501
qwen3_1.7b_base,down,18,20,50.89255717246212,0.004071166049918681,0.19167275362795422,0.12685565064484078
qwen3_1.7b_base,down,18,21,48.58233714014531,0.0038863592749016967,0.1955591129028559,0.1305017361497914
qwen3_1.7b_base,down,18,22,46.55146055554293,0.0037238986664714755,0.1992830115693274,0.15501450004771858
qwen3_1.7b_base,down,18,23,45.701465280801045,0.0036559030282606896,0.2029389145975881,0.16930086599132926
qwen3_1.7b_base,down,18,24,44.11876513934069,0.0035292944347628287,0.20646820903235089,0.17970246489373987
qwen3_1.7b_base,down,18,25,43.074139312338886,0.0034457292645681745,0.20991393829691907,0.16205754817381107
qwen3_1.7b_base,down,18,26,42.27916154947947,0.003382134769451218,0.2132960730663703,0.1567931972497182
qwen3_1.7b_base,down,18,27,39.53837995090796,0.0031628850870952323,0.21645895815346547,0.17697051589135607
qwen3_1.7b_base,down,18,28,38.28285254084054,0.0030624487787115256,0.21952140693217703,0.20817333873759303
qwen3_1.7b_base,down,18,29,37.87204057002473,0.003029585746444983,0.22255099267862205,0.17918686056283373
qwen3_1.7b_base,down,18,30,36.03060061832084,0.0028822791807926428,0.2254332718594147,0.20579052026247238
qwen3_1.7b_base,down,18,31,35.44408831710351,0.0028353609455685005,0.22826863280498316,0.21771752446899711
qwen3_1.7b_base,down,18,32,34.12581707364054,0.0027299054245817395,0.2309985382295649,0.2342057675692157
qwen3_1.7b_base,down,18,33,33.57809901074533,0.002686090546602042,0.23368462877616697,0.2179977356107592
qwen3_1.7b_base,down,18,34,32.561089856722276,0.0026047345808115165,0.23628936335697845,0.2434169865333317
qwen3_1.7b_base,down,18,35,31.945877438514348,0.0025555204707401967,0.23884488382771865,0.2393521508507095
qwen3_1.7b_base,down,18,36,30.70552756962622,0.0024562982945165427,0.2413011821222352,0.22517229142639822
qwen3_1.7b_base,down,18,37,29.943802456722555,0.0023953638555471077,0.24369654597778231,0.2299271444220004
qwen3_1.7b_base,down,18,38,28.321002341785658,0.0022655474521121846,0.24596209342989447,0.23923424931859347
qwen3_1.7b_base,down,18,39,27.721594988846412,0.00221759767318698,0.24817969110308144,0.22275445161560356
qwen3_1.7b_base,down,18,40,27.013921825211384,0.002160987136827679,0.25034067823990913,0.23235081973362287
qwen3_1.7b_base,down,18,41,26.287475766225512,0.002102874856825353,0.2524435530967345,0.2529770825900492
qwen3_1.7b_base,down,18,42,25.30513465082513,0.0020242921716420413,0.25446784526837657,0.26297570135302456
qwen3_1.7b_base,down,18,43,24.936339839323658,0.0019947903151940937,0.25646263558357063,0.22157199277065553
qwen3_1.7b_base,down,18,44,24.606654438882007,0.001968417028332451,0.2584310526119031,0.2443568016603496
qwen3_1.7b_base,down,18,45,24.447119179266146,0.0019556549552750472,0.26038670756717813,0.2761694469784382
qwen3_1.7b_base,down,18,46,24.08802462114556,0.0019269290736343004,0.2623136366408124,0.2303598301472693
qwen3_1.7b_base,down,18,47,22.843139451742843,0.0018273440946255828,0.264140980735438,0.266900055956492
qwen3_1.7b_base,down,18,48,22.76538340287827,0.0018211239751444468,0.26596210471058246,0.2466178347013356
qwen3_1.7b_base,down,19,1,1797.5490342277653,0.06504934701754825,0.06504934701754825,0.0010560164804159524
qwen3_1.7b_base,down,19,2,581.0947667840417,0.02102854187277031,0.08607788889031856,0.011963424752954397
qwen3_1.7b_base,down,19,3,526.0779285604277,0.01903760347094048,0.10511549236125904,0.011114165331226101
qwen3_1.7b_base,down,19,4,477.3344087503599,0.017273682668443986,0.12238917502970303,0.01699662370435399
qwen3_1.7b_base,down,19,5,335.69461208452503,0.012148049871022661,0.1345372249007257,0.020625377193823555
qwen3_1.7b_base,down,19,6,304.99766604014894,0.011037194891493596,0.1455744197922193,0.03425129478546785
qwen3_1.7b_base,down,19,7,257.64701470630564,0.00932367893645021,0.1548980987286695,0.03578646276299381
qwen3_1.7b_base,down,19,8,235.20406335630355,0.008511517875658108,0.16340961660432757,0.058641281696411904
qwen3_1.7b_base,down,19,9,211.81143505968433,0.007664990094360047,0.17107460669868763,0.05924388931800116
qwen3_1.7b_base,down,19,10,201.19918073964453,0.007280955945216901,0.1783555626439045,0.05383940907288839
qwen3_1.7b_base,down,19,11,188.8097000934312,0.006832607883174209,0.18518817052707875,0.05850026393382954
qwen3_1.7b_base,down,19,12,172.51851128654152,0.006243065582046925,0.19143123610912566,0.1019009875113215
qwen3_1.7b_base,down,19,13,165.3532167053364,0.005983769326523077,0.19741500543564874,0.08817805860100175
qwen3_1.7b_base,down,19,14,150.17111100789134,0.005434362304425084,0.20284936774007384,0.11535772757033347
qwen3_1.7b_base,down,19,15,141.49239511431054,0.005120298659384781,0.20796966639945863,0.1163347871528466
qwen3_1.7b_base,down,19,16,136.88880756738436,0.004953704948635569,0.2129233713480942,0.10477087510765501
qwen3_1.7b_base,down,19,17,134.9120742930436,0.004882171317966646,0.21780554266606084,0.10302555738409164
qwen3_1.7b_base,down,19,18,130.78071234931718,0.004732666413446473,0.22253820907950728,0.09641737074864187
qwen3_1.7b_base,down,19,19,125.53333911638656,0.004542775514305501,0.22708098459381282,0.11241328143782688
qwen3_1.7b_base,down,19,20,117.75287838571502,0.0042612177484872855,0.23134220234230007,0.15407298129848962
qwen3_1.7b_base,down,19,21,112.05996285402337,0.00405520365323247,0.23539740599553258,0.1444744870623614
qwen3_1.7b_base,down,19,22,106.25297303252809,0.0038450614602613077,0.23924246745579386,0.12281632499112577
qwen3_1.7b_base,down,19,23,104.40715150471097,0.003778265237844477,0.24302073269363833,0.15647794380453073
qwen3_1.7b_base,down,19,24,100.03782738171869,0.0036201490052985468,0.2466408816989369,0.1497376165059974
qwen3_1.7b_base,down,19,25,96.0680940675986,0.0034764930854875717,0.2501173747844245,0.17513289695766954
qwen3_1.7b_base,down,19,26,92.5189793139367,0.0033480584265046893,0.2534654332109291,0.17864799487933117
qwen3_1.7b_base,down,19,27,92.18190260469107,0.0033358603615764233,0.25680129357250553,0.16798077742095988
qwen3_1.7b_base,down,19,28,89.51813194215163,0.003239464358517106,0.26004075793102266,0.20084266518019303
qwen3_1.7b_base,down,19,29,85.71150538850466,0.0031017109137212186,0.26314246884474385,0.18508724450045178
qwen3_1.7b_base,down,19,30,82.22106964367842,0.002975399719042071,0.266117868563786,0.18904884991316204
qwen3_1.7b_base,down,19,31,79.93514221491728,0.002892677031794601,0.2690105455955805,0.18789047102223538
qwen3_1.7b_base,down,19,32,78.59235680248432,0.0028440845802952305,0.2718546301758758,0.2233744481311769
qwen3_1.7b_base,down,19,33,76.37080719283375,0.0027636915847645462,0.2746183217606403,0.1680067438723145
qwen3_1.7b_base,down,19,34,74.40525311857719,0.0026925625047653466,0.2773108842654057,0.18885069357428283
qwen3_1.7b_base,down,19,35,72.72699454077656,0.002631830017064709,0.2799427142824704,0.2056396906339231
qwen3_1.7b_base,down,19,36,69.81717518157743,0.0025265300526961486,0.2824692443351665,0.2481268819824808
qwen3_1.7b_base,down,19,37,68.63454869777979,0.00248373340065948,0.284952977735826,0.23731741742989906
qwen3_1.7b_base,down,19,38,66.65649542970175,0.002412152002319667,0.2873651297381457,0.21913146298257558
qwen3_1.7b_base,down,19,39,65.18382340951327,0.002358859240086102,0.28972398897823176,0.2102981075590954
qwen3_1.7b_base,down,19,40,63.293350331715004,0.0022904471762572776,0.2920144361544891,0.20848306160316762
qwen3_1.7b_base,down,19,41,62.48645266995057,0.0022612473241206644,0.2942756834786098,0.23817142364850763
qwen3_1.7b_base,down,19,42,60.62625361293141,0.0021939308105359654,0.2964696142891457,0.27480184138984826
qwen3_1.7b_base,down,19,43,58.028950612722895,0.002099940126024338,0.29856955441517,0.21954268690502154
qwen3_1.7b_base,down,19,44,57.49842767742759,0.0020807416675335416,0.3006502960827036,0.24310504259961882
qwen3_1.7b_base,down,19,45,55.950991420300056,0.002024743351960098,0.3026750394346637,0.2592392303644953
qwen3_1.7b_base,down,19,46,53.21375607348242,0.0019256888235141842,0.3046007282581779,0.22174373218534954
qwen3_1.7b_base,down,19,47,51.99358972702618,0.0018815336863922285,0.3064822619445702,0.2540732715118823
qwen3_1.7b_base,down,19,48,50.06910780863686,0.0018118909174025721,0.3082941528619727,0.2654177535083786
qwen3_1.7b_base,down,20,1,3842.006080975192,0.09133468723920445,0.09133468723920445,0.00040420954281841494
qwen3_1.7b_base,down,20,2,790.8721703680978,0.018801131701599576,0.11013581894080401,0.007785039997883682
qwen3_1.7b_base,down,20,3,534.1727386604543,0.012698704528046507,0.12283452346885053,0.018833542352935637
qwen3_1.7b_base,down,20,4,454.2883619793622,0.010799640756233218,0.13363416422508373,0.029262015878743473
qwen3_1.7b_base,down,20,5,428.1285478106493,0.01017775250437271,0.14381191672945645,0.02706678042482699
qwen3_1.7b_base,down,20,6,392.6990895775594,0.009335500196965543,0.153147416926422,0.03214649865592863
qwen3_1.7b_base,down,20,7,369.1773886857423,0.008776326903376448,0.16192374382979843,0.027397774710215976
qwen3_1.7b_base,down,20,8,333.00989461899405,0.007916529524301564,0.1698402733541,0.04111360571719098
qwen3_1.7b_base,down,20,9,290.36755322928525,0.006902807829986113,0.17674308118408613,0.05720583269939709
qwen3_1.7b_base,down,20,10,281.4029591439916,0.006689695622522118,0.18343277680660824,0.0638722051408126
qwen3_1.7b_base,down,20,11,264.7438493119934,0.006293664342477162,0.18972644114908543,0.06902186157247173
qwen3_1.7b_base,down,20,12,248.54848921817165,0.0059086576252259364,0.19563509877431132,0.07971363775001873
qwen3_1.7b_base,down,20,13,226.49171965085304,0.0053843096394395875,0.20101940841375093,0.08402332270121177
qwen3_1.7b_base,down,20,14,223.51929912818306,0.005313647310161715,0.20633305572391267,0.08289168992790735
qwen3_1.7b_base,down,20,15,197.11246118311792,0.004685886647149778,0.21101894237106245,0.10597362407655303
qwen3_1.7b_base,down,20,16,192.8054628173829,0.004583497858484893,0.2156024402295473,0.10227505027139477
qwen3_1.7b_base,down,20,17,174.47518806878026,0.0041477385504862544,0.21975017878003356,0.12066778068100413
qwen3_1.7b_base,down,20,18,166.61333651915083,0.0039608414614987755,0.22371102024153233,0.1369482599459365
qwen3_1.7b_base,down,20,19,164.1723171520908,0.0039028119488597225,0.22761383219039208,0.12676654966436315
qwen3_1.7b_base,down,20,20,162.55624457390053,0.0038643936120913956,0.2314782258024835,0.12618188854329457
qwen3_1.7b_base,down,20,21,158.05213741674487,0.00375731902401936,0.23523554482650283,0.1430781635492473
qwen3_1.7b_base,down,20,22,145.4802285061126,0.0034584513637003758,0.23869399619020323,0.16047303804775448
qwen3_1.7b_base,down,20,23,142.6145912875098,0.003390327557130117,0.24208432374733335,0.17120050620204236
qwen3_1.7b_base,down,20,24,135.52747228217788,0.0032218479180727237,0.24530617166540605,0.14321700596277762
qwen3_1.7b_base,down,20,25,132.1691071745346,0.0031420106611093506,0.2484481823265154,0.20333044377382073
qwen3_1.7b_base,down,20,26,130.7573365757811,0.003108449124929292,0.2515566314514447,0.16391916388234187
qwen3_1.7b_base,down,20,27,125.91109074650628,0.0029932409920497196,0.2545498724434944,0.1952595235259259
qwen3_1.7b_base,down,20,28,121.89541145489693,0.002897777631393353,0.25744765007488774,0.18885863274035264
qwen3_1.7b_base,down,20,29,119.78610769978451,0.0028476338797424517,0.26029528395463025,0.19618938202014047
qwen3_1.7b_base,down,20,30,114.56050948335562,0.0027234075332255472,0.2630186914878558,0.19763348859009544
qwen3_1.7b_base,down,20,31,111.13973004401711,0.0026420865218525044,0.2656607780097082,0.1784576311628174
qwen3_1.7b_base,down,20,32,107.17185599260723,0.002547759618705571,0.26820853762841385,0.20955272314607232
qwen3_1.7b_base,down,20,33,105.42195656762273,0.0025061598624031406,0.270714697490817,0.205227390895452
qwen3_1.7b_base,down,20,34,103.82920336533748,0.00246829588912618,0.2731829933799432,0.20289637760168303
qwen3_1.7b_base,down,20,35,101.78699723116847,0.0024197472261071546,0.2756027406060503,0.23339858783326137
qwen3_1.7b_base,down,20,36,97.60736925221362,0.0023203863697762936,0.2779231269758266,0.21639820884701497
qwen3_1.7b_base,down,20,37,97.30172289738178,0.002313120344258374,0.28023624732008495,0.20450001733263462
qwen3_1.7b_base,down,20,38,93.50991693421457,0.002222979047129109,0.28245922636721404,0.23948828481712375
qwen3_1.7b_base,down,20,39,91.2549888167959,0.0021693734176713216,0.28462859978488536,0.2526586990821025
qwen3_1.7b_base,down,20,40,88.80791871599571,0.002111200063023152,0.2867397998479086,0.21834312464692449
qwen3_1.7b_base,down,20,41,86.82227863369863,0.0020639961252719137,0.28880379597318045,0.2549467840599829
qwen3_1.7b_base,down,20,42,83.43995251556659,0.001983589251459218,0.2907873852246397,0.26559466072112997
qwen3_1.7b_base,down,20,43,78.48638167845824,0.0018658297181349769,0.2926532149427747,0.22976321842708963
qwen3_1.7b_base,down,20,44,77.398917313481,0.001839977802347856,0.29449319274512253,0.2812125803377086
qwen3_1.7b_base,down,20,45,76.22840626721478,0.0018121516464106892,0.2963053443915332,0.27813849178101546
qwen3_1.7b_base,down,20,46,74.69443734369523,0.0017756851315454249,0.2980810295230787,0.26634219248082525
qwen3_1.7b_base,down,20,47,73.70174443568379,0.001752086184962085,0.2998331157080407,0.27591212338529275
qwen3_1.7b_base,down,20,48,69.4838996278064,0.0016518168131204865,0.3014849325211612,0.25170544303855025
qwen3_1.7b_base,down,21,1,3572.423981256333,0.05923930655714647,0.05923930655714647,0.0013666783864936564
qwen3_1.7b_base,down,21,2,1460.070011554664,0.024211441716659145,0.08345074827380562,0.006893618209905033
qwen3_1.7b_base,down,21,3,968.6287081153396,0.01606217326979143,0.09951292154359705,0.014895273926707493
qwen3_1.7b_base,down,21,4,790.4254023438195,0.013107137608995234,0.1126200591525923,0.023426200628482035
qwen3_1.7b_base,down,21,5,726.9202223592068,0.012054070323361284,0.12467412947595356,0.026782079724029757
qwen3_1.7b_base,down,21,6,627.4977207568216,0.010405408215502851,0.13507953769145642,0.03935495334260342
qwen3_1.7b_base,down,21,7,567.7990176242046,0.009415461391023894,0.1444949990824803,0.04552273226522879
qwen3_1.7b_base,down,21,8,524.9678729027866,0.008705218898627095,0.1532002179811074,0.04377295481908647
qwen3_1.7b_base,down,21,9,505.9999740192093,0.00839068591413122,0.1615909038952386,0.05111804887728933
qwen3_1.7b_base,down,21,10,477.32952674946966,0.007915261545732116,0.16950616544097075,0.04913073190726591
qwen3_1.7b_base,down,21,11,466.346591898453,0.007733138301696638,0.1772393037426674,0.05959725036428634
qwen3_1.7b_base,down,21,12,412.7023402464455,0.006843588717068551,0.18408289245973594,0.09279897534490934
qwen3_1.7b_base,down,21,13,385.5918403679967,0.0063940319954578885,0.19047692445519382,0.06792299941727312
qwen3_1.7b_base,down,21,14,354.3007951726148,0.005875151865734073,0.19635207632092788,0.07721873985349044
qwen3_1.7b_base,down,21,15,335.6774351102533,0.005566332156302392,0.20191840847723028,0.07922236330174268
qwen3_1.7b_base,down,21,16,316.46418362333725,0.005247730640702695,0.20716613911793297,0.09853904076384358
qwen3_1.7b_base,down,21,17,306.8121724844296,0.005087677284843836,0.21225381640277677,0.09793876242892774
qwen3_1.7b_base,down,21,18,298.49070239359645,0.004949687471679601,0.21720350387445642,0.12858119713951485
qwen3_1.7b_base,down,21,19,281.8391569584877,0.004673565149733437,0.22187706902418983,0.13543077960438882
qwen3_1.7b_base,down,21,20,266.33421183300766,0.004416456194508858,0.22629352521869872,0.11534955564943078
qwen3_1.7b_base,down,21,21,250.91855915729573,0.004160827920981862,0.23045435313968057,0.11438772992787853
qwen3_1.7b_base,down,21,22,246.35352752421073,0.004085128813100415,0.23453948195278096,0.14720275724996537
qwen3_1.7b_base,down,21,23,235.65653102966812,0.003907747108715461,0.23844722906149643,0.14665836699342197
qwen3_1.7b_base,down,21,24,225.58761630290238,0.0037407804974380174,0.24218800955893446,0.16424469040391543
qwen3_1.7b_base,down,21,25,218.92000398734947,0.003630215589118726,0.24581822514805318,0.1878640343252766
qwen3_1.7b_base,down,21,26,213.04954121620392,0.003532869320714742,0.24935109446876796,0.1346445644126777
qwen3_1.7b_base,down,21,27,206.75766679297107,0.0034285350424396645,0.25277962951120764,0.1761745334865925
qwen3_1.7b_base,down,21,28,201.1461088814251,0.0033354820338579827,0.25611511154506555,0.1482290468405653
qwen3_1.7b_base,down,21,29,192.25857737325828,0.0031881055728581213,0.2593032171179237,0.18411150832612166
qwen3_1.7b_base,down,21,30,186.84561331332603,0.0030983457238000106,0.2624015628417237,0.17855045876777234
qwen3_1.7b_base,down,21,31,180.42593699587172,0.0029918921854286814,0.2653934550271524,0.16452232455683086
qwen3_1.7b_base,down,21,32,177.3274733927002,0.0029405122719000838,0.2683339672990525,0.2150129286554807
qwen3_1.7b_base,down,21,33,171.71924795398957,0.0028475145236628967,0.2711814818227154,0.16760019294707756
qwen3_1.7b_base,down,21,34,166.04183844082777,0.002753369538530876,0.27393485136124623,0.18040860926127822
qwen3_1.7b_base,down,21,35,157.75803036321787,0.0026160042513351713,0.27655085561258136,0.19490228794329278
qwen3_1.7b_base,down,21,36,156.71063453828123,0.0025986359314813007,0.2791494915440627,0.2092691451177689
qwen3_1.7b_base,down,21,37,152.3965444742962,0.0025270980330805424,0.28167658957714325,0.18447357029948921
qwen3_1.7b_base,down,21,38,147.9968240705098,0.002454140179496216,0.28413072975663944,0.204227255839618
qwen3_1.7b_base,down,21,39,144.83672319181173,0.002401738172991135,0.2865324679296306,0.1917988834826259
qwen3_1.7b_base,down,21,40,141.6506754708011,0.002348905905981139,0.2888813738356118,0.23618502555480556
qwen3_1.7b_base,down,21,41,137.11251552401268,0.002273652394722764,0.2911550262303345,0.21226336310286878
qwen3_1.7b_base,down,21,42,129.684859674529,0.0021504841526055994,0.2933055103829401,0.22372267386395633
qwen3_1.7b_base,down,21,43,126.52836667196915,0.0020981419732883583,0.2954036523562285,0.2827986019835575
qwen3_1.7b_base,down,21,44,126.21756744761294,0.0020929881811780258,0.29749664053740654,0.27786671990116035
qwen3_1.7b_base,down,21,45,123.29726895666118,0.00204456266997008,0.2995412032073766,0.24289198304302853
qwen3_1.7b_base,down,21,46,118.05545748987069,0.0019576409389478948,0.30149884414632444,0.23423789993767918
qwen3_1.7b_base,down,21,47,116.7630571911532,0.001936209860808242,0.3034350540071327,0.2391729895770996
qwen3_1.7b_base,down,21,48,115.22060183340349,0.0019106322736383357,0.30534568628077113,0.25529488600123873
qwen3_1.7b_base,down,22,1,9708.474501840506,0.12435530668040519,0.12435530668040519,0.0002456624090938404
qwen3_1.7b_base,down,22,2,1525.8373101848058,0.019544364731705743,0.14389967141211094,0.01254715086879149
qwen3_1.7b_base,down,22,3,970.7693328048184,0.012434530066900798,0.15633420147901175,0.02377078990384952
qwen3_1.7b_base,down,22,4,892.7351311770494,0.011434994344461383,0.16776919582347313,0.03507811359692984
qwen3_1.7b_base,down,22,5,888.0072195612012,0.01137443478911258,0.1791436306125857,0.03268186060485403
qwen3_1.7b_base,down,22,6,730.876524946916,0.009361756513657442,0.18850538712624315,0.04082240562221093
qwen3_1.7b_base,down,22,7,609.673582765859,0.007809274808871031,0.19631466193511418,0.04464022208650533
qwen3_1.7b_base,down,22,8,555.1502582974568,0.007110888596472985,0.20342555053158715,0.06144482164926371
qwen3_1.7b_base,down,22,9,548.4352205994377,0.0070248760543223775,0.21045042658590954,0.07589377455903197
qwen3_1.7b_base,down,22,10,534.8583865853766,0.006850971147094424,0.217301397733004,0.0625144593082647
qwen3_1.7b_base,down,22,11,503.35940019088025,0.006447502392815169,0.22374890012581913,0.06184870873280151
qwen3_1.7b_base,down,22,12,457.0596550675295,0.0058544515481178516,0.229603351673937,0.10212202433816156
qwen3_1.7b_base,down,22,13,442.65431683266723,0.00566993437668256,0.23527328605061956,0.08200068981172515
qwen3_1.7b_base,down,22,14,419.7427084165778,0.005376460866443231,0.2406497469170628,0.08784010913459883
qwen3_1.7b_base,down,22,15,396.1005386045789,0.005073629636160453,0.24572337655322324,0.0993902002943765
qwen3_1.7b_base,down,22,16,381.2837480731678,0.004883842195280463,0.2506072187485037,0.08960682000588283
qwen3_1.7b_base,down,22,17,366.1891716347973,0.0046904966102610515,0.2552977153587647,0.1284368343503692
qwen3_1.7b_base,down,22,18,358.30336014131154,0.0045894876920720635,0.2598872030508368,0.09822081840641332
qwen3_1.7b_base,down,22,19,336.1053636362422,0.004305154796872602,0.2641923578477094,0.1304536203596366
qwen3_1.7b_base,down,22,20,330.8055102272777,0.004237269271097361,0.2684296271188068,0.12625017935591554
qwen3_1.7b_base,down,22,21,317.9115592715402,0.0040721113747544425,0.27250173849356124,0.16142955705510412
qwen3_1.7b_base,down,22,22,304.6618018585794,0.0039023959734092203,0.27640413446697043,0.12361946942354664
qwen3_1.7b_base,down,22,23,280.4173401356477,0.0035918500197390578,0.2799959844867095,0.1677353353519514
qwen3_1.7b_base,down,22,24,275.7371761951346,0.0035319020616920195,0.2835278865484015,0.17714557852718457
qwen3_1.7b_base,down,22,25,263.3628370701116,0.0033733998442151284,0.2869012863926167,0.12606820709704375
qwen3_1.7b_base,down,22,26,253.09562255545566,0.0032418876679734857,0.29014317406059015,0.17804331569165174
qwen3_1.7b_base,down,22,27,247.9053161049697,0.0031754053230599664,0.2933185793836501,0.17545819547005587
qwen3_1.7b_base,down,22,28,239.90349895555036,0.0030729104949149344,0.29639148987856506,0.15663723192626755
qwen3_1.7b_base,down,22,29,235.01405639481058,0.003010281898731079,0.2994017717772961,0.18698015872053703
qwen3_1.7b_base,down,22,30,223.42364375756907,0.0028618209517735148,0.30226359272906966,0.19270058232975198
qwen3_1.7b_base,down,22,31,220.46767493461243,0.002823958112514185,0.30508755084158384,0.16429876094077733
qwen3_1.7b_base,down,22,32,216.0344667387369,0.002767173396782411,0.30785472423836624,0.22202432670825198
qwen3_1.7b_base,down,22,33,207.09667165351445,0.002652689679628007,0.31050741391799425,0.19717080621415967
qwen3_1.7b_base,down,22,34,203.19439603178841,0.0026027056495314953,0.31311011956752577,0.19706650087723152
qwen3_1.7b_base,down,22,35,202.62253010253897,0.0025953806508410824,0.3157055002183668,0.2082346402263665
qwen3_1.7b_base,down,22,36,199.4346875506324,0.0025545477539615537,0.3182600479723283,0.2207619483291852
qwen3_1.7b_base,down,22,37,191.9660721475936,0.0024588826771519256,0.3207189306494803,0.2103042532509612
qwen3_1.7b_base,down,22,38,188.55187168190483,0.0024151503744200575,0.3231340810239003,0.1856766780052969
qwen3_1.7b_base,down,22,39,182.17516632231576,0.0023334715122618525,0.32546755253616216,0.17506231716627121
qwen3_1.7b_base,down,22,40,180.00089194373186,0.002305621353402714,0.32777317388956495,0.27553831100764387
qwen3_1.7b_base,down,22,41,170.97267987356756,0.002189979490147248,0.32996315337971216,0.22103595069278745
qwen3_1.7b_base,down,22,42,168.59941519594054,0.002159580475681677,0.3321227338553938,0.24072375006539143
qwen3_1.7b_base,down,22,43,165.55646914160633,0.0021206035499322278,0.3342433374053261,0.28346201194482784
qwen3_1.7b_base,down,22,44,162.6940246110145,0.002083938658100878,0.336327276063427,0.2522995723989268
qwen3_1.7b_base,down,22,45,158.03495061224493,0.002024260839937597,0.33835153690336456,0.250698767539646
qwen3_1.7b_base,down,22,46,153.53595531964808,0.001966633460964874,0.34031817036432943,0.23265088403258
qwen3_1.7b_base,down,22,47,152.46547233154746,0.0019529217042665201,0.342271092068596,0.2441676823894973
qwen3_1.7b_base,down,22,48,148.53783361074537,0.0019026127996530728,0.344173704868249,0.25106580365013487
qwen3_1.7b_base,down,23,1,7375.56469388524,0.0852706288437708,0.0852706288437708,0.0006118278806159571
qwen3_1.7b_base,down,23,2,1409.9351950233056,0.01630059062572878,0.10157121946949958,0.014607680384676755
qwen3_1.7b_base,down,23,3,1350.4151323346102,0.015612465257037562,0.11718368472653716,0.016409803266785095
qwen3_1.7b_base,down,23,4,1245.820685381189,0.014403224387293868,0.13158690911383103,0.01766341138004853
qwen3_1.7b_base,down,23,5,1184.5917496887237,0.013695342338037377,0.1452822514518684,0.01905313133951254
qwen3_1.7b_base,down,23,6,835.1305684390496,0.009655139869695998,0.1549373913215644,0.033088357391249344
qwen3_1.7b_base,down,23,7,785.9392725478756,0.009086427790232042,0.16402381911179645,0.0476160209616031
qwen3_1.7b_base,down,23,8,643.8380957871814,0.0074435628429731625,0.1714673819547696,0.04775662302397438
qwen3_1.7b_base,down,23,9,612.0039698849727,0.0070755210662365835,0.1785429030210062,0.07833240311155718
qwen3_1.7b_base,down,23,10,577.253321434976,0.006673760690042379,0.18521666371104856,0.0635402680001527
qwen3_1.7b_base,down,23,11,523.3344191881747,0.006050391647538785,0.19126705535858737,0.07090975928326976
qwen3_1.7b_base,down,23,12,506.47781440348075,0.005855508496238732,0.19712256385482607,0.08972981224668544
qwen3_1.7b_base,down,23,13,480.02827634057445,0.005549719199166862,0.20267228305399293,0.10745769319729662
qwen3_1.7b_base,down,23,14,445.4187905107271,0.005149590837047369,0.20782187389104032,0.09564407079676755
qwen3_1.7b_base,down,23,15,438.25831344390656,0.005066806886577056,0.21288868077761738,0.08825137609401923
qwen3_1.7b_base,down,23,16,401.1187148012708,0.004637427298341817,0.21752610807595918,0.13041051991076402
qwen3_1.7b_base,down,23,17,387.1480685905817,0.004475909389248437,0.22200201746520762,0.1092860576325473
qwen3_1.7b_base,down,23,18,384.6660271050539,0.004447213926992814,0.2264492313922004,0.11766324266435961
qwen3_1.7b_base,down,23,19,374.9112605880476,0.004334436789288512,0.23078366818148893,0.139962753852061
qwen3_1.7b_base,down,23,20,363.1826615021444,0.004198839711502646,0.23498250789299158,0.14934387346394642
qwen3_1.7b_base,down,23,21,351.76547407502795,0.004066842936754736,0.2390493508297463,0.13237908081159067
qwen3_1.7b_base,down,23,22,336.72798816847074,0.0038929910443641046,0.24294234187411043,0.13398103167321906
qwen3_1.7b_base,down,23,23,333.0895434130599,0.0038509261333798082,0.2467932680074902,0.14578411550757917
qwen3_1.7b_base,down,23,24,329.2601278230593,0.0038066533639016676,0.25059992137139186,0.132776532053024
qwen3_1.7b_base,down,23,25,319.17171962445593,0.0036900189166652747,0.2542899402880572,0.1381977313630382
qwen3_1.7b_base,down,23,26,309.8326012520235,0.0035820471843958867,0.25787198747245305,0.15027443496572895
qwen3_1.7b_base,down,23,27,304.40662010289066,0.0035193161469927996,0.26139130361944585,0.12224740820882819
qwen3_1.7b_base,down,23,28,291.8298969716712,0.003373913708711405,0.2647652173281572,0.16920584452798648
qwen3_1.7b_base,down,23,29,278.6168397270464,0.003221154462882813,0.26798637179104007,0.1832585222364225
qwen3_1.7b_base,down,23,30,263.0148479424526,0.003040776185977368,0.27102714797701744,0.1753929029028674
qwen3_1.7b_base,down,23,31,256.5419475645094,0.0029659414704568204,0.27399308944747425,0.19172325779677674
qwen3_1.7b_base,down,23,32,249.89319768890982,0.002889073717756156,0.2768821631652304,0.17592496426233922
qwen3_1.7b_base,down,23,33,244.13470374191152,0.002822498422109887,0.2797046615873403,0.18365293493149315
qwen3_1.7b_base,down,23,34,232.08643438971094,0.002683205561592642,0.28238786714893294,0.21235159390748484
qwen3_1.7b_base,down,23,35,228.7784143714653,0.0026449607682932966,0.28503282791722623,0.23379282797898354
qwen3_1.7b_base,down,23,36,222.53164610610935,0.002572740419027047,0.2876055683362533,0.20325290469990392
qwen3_1.7b_base,down,23,37,220.77973668612375,0.0025524861843860915,0.29015805452063936,0.226277467076559
qwen3_1.7b_base,down,23,38,210.06997134703505,0.002428668081890098,0.2925867226025295,0.20901729417872444
qwen3_1.7b_base,down,23,39,205.40430718316964,0.002374727247019992,0.29496144984954953,0.2433667314516464
qwen3_1.7b_base,down,23,40,201.37410726048583,0.0023281331629008088,0.2972895830124503,0.25366182812595217
qwen3_1.7b_base,down,23,41,196.0588318361684,0.002266682020280482,0.29955626503273075,0.23875765367222865
qwen3_1.7b_base,down,23,42,192.21954076617527,0.0022222950780679076,0.3017785601107987,0.2550264113359704
qwen3_1.7b_base,down,23,43,191.5844390437106,0.0022149525184806777,0.30399351262927937,0.22510675727316434
qwen3_1.7b_base,down,23,44,189.46410435875228,0.002190438833163057,0.30618395146244237,0.2209235310381857
qwen3_1.7b_base,down,23,45,189.15938898651433,0.0021869159474604024,0.3083708674099028,0.2512268808477492
qwen3_1.7b_base,down,23,46,182.1321272440251,0.0021056721305186816,0.3104765395404215,0.23368435556569428
qwen3_1.7b_base,down,23,47,178.59052376081002,0.002064726824137001,0.3125412663645585,0.2346754520695237
qwen3_1.7b_base,down,23,48,177.26519936980154,0.0020494044388100884,0.3145906708033686,0.27550953238073195
qwen3_1.7b_base,down,24,1,22377.5877255792,0.17517835709063215,0.17517835709063215,0.00011095941938072213
qwen3_1.7b_base,down,24,2,3322.624546811452,0.026010484976184852,0.20118884206681698,0.004432603219993055
qwen3_1.7b_base,down,24,3,2584.605068215958,0.020233050815421337,0.22142189288223832,0.009068224442595361
qwen3_1.7b_base,down,24,4,1720.3477998232092,0.013467390001694795,0.2348892828839331,0.012986226366128832
qwen3_1.7b_base,down,24,5,1259.6511199069487,0.009860920506656741,0.24475020339058987,0.030653898194538034
qwen3_1.7b_base,down,24,6,1094.5483906117158,0.008568447643906758,0.25331865103449663,0.040096715539780094
qwen3_1.7b_base,down,24,7,1053.8351758022498,0.008249732589823972,0.26156838362432056,0.03900308871707204
qwen3_1.7b_base,down,24,8,968.8643892186657,0.0075845562099143395,0.2691529398342349,0.04891914960182711
qwen3_1.7b_base,down,24,9,886.1726387081773,0.006937220796597314,0.2760901606308323,0.06623212080376409
qwen3_1.7b_base,down,24,10,858.4094889597566,0.006719882671495018,0.28281004330232723,0.04478497288734041
qwen3_1.7b_base,down,24,11,768.1237398869479,0.00601309919754654,0.28882314249987384,0.05626987466452525
qwen3_1.7b_base,down,24,12,637.4385868175782,0.004990057273118673,0.2938131997729925,0.08173035123331837
qwen3_1.7b_base,down,24,13,608.2206030466638,0.004761330278178155,0.29857453005117063,0.08668984510141
qwen3_1.7b_base,down,24,14,597.1073229290508,0.0046743322435032165,0.30324886229467385,0.09019253982596502
qwen3_1.7b_base,down,24,15,587.4653745888586,0.004598852227958158,0.307847714522632,0.10652811669037551
qwen3_1.7b_base,down,24,16,553.5707508232051,0.004333515115741851,0.31218122963837386,0.09375583985179697
qwen3_1.7b_base,down,24,17,530.5447262677793,0.004153260603887685,0.31633449024226157,0.10731154001441334
qwen3_1.7b_base,down,24,18,507.7391360804459,0.0039747317172851016,0.32030922195954664,0.12391776723644227
qwen3_1.7b_base,down,24,19,484.28006370034535,0.003791087179329888,0.3241003091388765,0.1050991643429521
qwen3_1.7b_base,down,24,20,459.60181647932666,0.0035978985811186115,0.32769820771999514,0.11837064251354922
qwen3_1.7b_base,down,24,21,451.997248974848,0.0035383677836905835,0.33123657550368574,0.1401042995975948
qwen3_1.7b_base,down,24,22,433.10769292851813,0.0033904947673964723,0.3346270702710822,0.1531522588752389
qwen3_1.7b_base,down,24,23,421.65030215483415,0.003300802933008752,0.337927873204091,0.10666052497470609
qwen3_1.7b_base,down,24,24,417.14003260905577,0.003265495212679173,0.34119336841677017,0.1167957656707666
qwen3_1.7b_base,down,24,25,396.0425837887459,0.003100338160521983,0.34429370657729214,0.15836296304067057
qwen3_1.7b_base,down,24,26,383.2516673844347,0.0030002070941680535,0.3472939136714602,0.1640353113045965
qwen3_1.7b_base,down,24,27,370.6888580971583,0.0029018617176075397,0.3501957753890677,0.14528406087694443
qwen3_1.7b_base,down,24,28,368.4033935672954,0.0028839704271592555,0.353079745816227,0.17745432494932956
qwen3_1.7b_base,down,24,29,355.0785041673739,0.002779659262697841,0.3558594050789248,0.14556825346047045
qwen3_1.7b_base,down,24,30,341.42282150385563,0.0026727585509999613,0.3585321636299248,0.17187454791771029
qwen3_1.7b_base,down,24,31,334.8098282981338,0.002620990089652107,0.36115315371957685,0.20205813111536844
qwen3_1.7b_base,down,24,32,328.33113214490345,0.0025702729452427037,0.3637234266648196,0.18524866500825043
qwen3_1.7b_base,down,24,33,314.91489121756865,0.0024652466540801346,0.36618867331889976,0.21101789777479965
qwen3_1.7b_base,down,24,34,304.10589965532114,0.0023806306799679378,0.36856930399886767,0.2270944014119846
qwen3_1.7b_base,down,24,35,294.302535192313,0.0023038870514030317,0.3708731910502707,0.19040099458502685
qwen3_1.7b_base,down,24,36,287.26932938505604,0.0022488290418666763,0.37312202009213735,0.2269417040662842
qwen3_1.7b_base,down,24,37,284.0030569847759,0.0022232596981148697,0.37534527979025223,0.19853872158074484
qwen3_1.7b_base,down,24,38,279.60429755772384,0.0021888249118851145,0.3775341047021374,0.20373502785272687
qwen3_1.7b_base,down,24,39,262.48627066066035,0.0020548199482923186,0.37958892465042976,0.20349022335978165
qwen3_1.7b_base,down,24,40,255.09785674709602,0.001996981264929487,0.3815859059153592,0.19990633230067584
qwen3_1.7b_base,down,24,41,251.41029748381612,0.0019681139633535754,0.38355401987871274,0.23618820872287175
qwen3_1.7b_base,down,24,42,244.91695764181918,0.001917282183829282,0.38547130206254204,0.22256125597070459
qwen3_1.7b_base,down,24,43,242.4230298004628,0.0018977589810913924,0.3873690610436334,0.24217966705146224
qwen3_1.7b_base,down,24,44,238.6525509173348,0.0018682425602737775,0.38923730360390724,0.21684301789952243
qwen3_1.7b_base,down,24,45,237.549630703784,0.0018596085755305952,0.3910969121794378,0.22303711742156088
qwen3_1.7b_base,down,24,46,229.74737761315762,0.0017985302370259089,0.39289544241646374,0.24246665622665745
qwen3_1.7b_base,down,24,47,219.75505061139938,0.001720307353972277,0.394615749770436,0.2565196962568011
qwen3_1.7b_base,down,24,48,218.15424715727627,0.00170777579236889,0.39632352556280487,0.2598950911684691
qwen3_1.7b_base,down,25,1,22429.52033558794,0.13312799804015096,0.13312799804015096,0.00013688907544555972
qwen3_1.7b_base,down,25,2,8280.288228829939,0.04914675742532601,0.18227475546547697,0.0009565662576651525
qwen3_1.7b_base,down,25,3,3918.502092895136,0.023257846406798646,0.20553260187227562,0.006204838889548914
qwen3_1.7b_base,down,25,4,2822.6088143231946,0.01675329008731034,0.22228589195958598,0.008617325663870457
qwen3_1.7b_base,down,25,5,1744.8914488652892,0.010356614939118597,0.23264250689870455,0.02402284409282951
qwen3_1.7b_base,down,25,6,1575.0199304522162,0.009348360868946111,0.2419908677676507,0.02820791212831308
qwen3_1.7b_base,down,25,7,1441.3058476038916,0.008554715356557328,0.250545583124208,0.03162384036466735
qwen3_1.7b_base,down,25,8,1398.4652384286085,0.008300439542853153,0.2588460226670612,0.0416135233719072
qwen3_1.7b_base,down,25,9,1352.8952556272122,0.008029963826462183,0.26687598649352334,0.03797957801990735
qwen3_1.7b_base,down,25,10,1152.157942818041,0.006838509163749529,0.2737144956572729,0.050293609045889656
qwen3_1.7b_base,down,25,11,1135.7972740448158,0.006741402179391881,0.2804558978366648,0.05231844450242131
qwen3_1.7b_base,down,25,12,979.4899957770931,0.005813657193161828,0.2862695550298266,0.07276391851386071
qwen3_1.7b_base,down,25,13,951.5217063379498,0.005647654428683047,0.29191720945850963,0.07030941966045448
qwen3_1.7b_base,down,25,14,881.8312948428966,0.005234014510124015,0.29715122396863364,0.09610827371896806
qwen3_1.7b_base,down,25,15,804.3324975151938,0.004774028759898829,0.3019252527285325,0.09536238152755493
qwen3_1.7b_base,down,25,16,791.9074223692669,0.004700281066906431,0.3066255337954389,0.09127093376295668
qwen3_1.7b_base,down,25,17,741.3252468078222,0.004400056021151609,0.31102558981659045,0.12738746786166175
qwen3_1.7b_base,down,25,18,704.8292487720491,0.004183437962348508,0.315209027778939,0.11528262826238952
qwen3_1.7b_base,down,25,19,692.8857985942259,0.00411254890239197,0.31932157668133093,0.12138847409183086
qwen3_1.7b_base,down,25,20,681.6143176898586,0.00404564824355954,0.3233672249248904,0.09649283518943405
qwen3_1.7b_base,down,25,21,632.3927286126204,0.0037534988120886104,0.3271207237369791,0.12665015245404584
qwen3_1.7b_base,down,25,22,590.7516384660454,0.003506342614163717,0.33062706635114275,0.12492803376317661
qwen3_1.7b_base,down,25,23,583.650517550603,0.003464194677107126,0.3340912610282499,0.12288263917976994
qwen3_1.7b_base,down,25,24,580.9877818439571,0.0034483902966017904,0.33753965132485175,0.14853918905016975
qwen3_1.7b_base,down,25,25,546.8780976393757,0.0032459359460853083,0.34078558727093705,0.14375243586693703
qwen3_1.7b_base,down,25,26,529.3796599791185,0.0031420758572520994,0.3439276631281892,0.14063749150727864
qwen3_1.7b_base,down,25,27,526.5076625771827,0.003125029426531529,0.3470526925547207,0.1707650101726222
qwen3_1.7b_base,down,25,28,504.3262397595414,0.002993373984542011,0.3500460665392627,0.18682735831624206
qwen3_1.7b_base,down,25,29,501.26429024464704,0.0029752001135488304,0.35302126665281147,0.1509750018754497
qwen3_1.7b_base,down,25,30,480.2498612793204,0.0028504712376632387,0.35587173789047477,0.14790031166907544
qwen3_1.7b_base,down,25,31,472.9363502257755,0.0028070626818566253,0.35867880057233137,0.1677870761452881
qwen3_1.7b_base,down,25,32,452.5476980792189,0.0026860480367640396,0.3613648486090954,0.17188619859831644
qwen3_1.7b_base,down,25,33,437.1536928408987,0.002594678579524889,0.36395952718862035,0.1673709839901918
qwen3_1.7b_base,down,25,34,431.0477906277691,0.002558437655702138,0.3665179648443224,0.18224849595808387
qwen3_1.7b_base,down,25,35,416.0085356018322,0.0024691737800747343,0.36898713862439714,0.14712792507721456
qwen3_1.7b_base,down,25,36,406.76799240335663,0.0024143275328785906,0.3714014661572757,0.19070539456928193
qwen3_1.7b_base,down,25,37,395.807089036328,0.002349270273510952,0.3737507364307867,0.18572459367801256
qwen3_1.7b_base,down,25,38,389.3021399111684,0.0023106608497948547,0.3760613972805816,0.17679482066465377
qwen3_1.7b_base,down,25,39,371.0732800039755,0.0022024654185199156,0.37826386269910145,0.22802254737937008
qwen3_1.7b_base,down,25,40,360.7037358446047,0.0021409181079278276,0.3804047808070293,0.1742781943076984
qwen3_1.7b_base,down,25,41,347.3605424504612,0.0020617210231285406,0.38246650183015785,0.2112832015205344
qwen3_1.7b_base,down,25,42,338.30685027179044,0.0020079838100011686,0.384474485640159,0.206826873899559
qwen3_1.7b_base,down,25,43,335.01530547339013,0.0019884472009736795,0.38646293284113264,0.21116517291498318
qwen3_1.7b_base,down,25,44,328.02201499193677,0.001946939279824249,0.38840987212095696,0.21918258901512655
qwen3_1.7b_base,down,25,45,320.6297647227449,0.001903063375898304,0.39031293549685525,0.20875094367969557
qwen3_1.7b_base,down,25,46,313.3076830814595,0.001859603950292834,0.3921725394471481,0.21054684024508866
qwen3_1.7b_base,down,25,47,300.06094528643956,0.0017809793672955898,0.3939535188144437,0.2133124457737624
qwen3_1.7b_base,down,25,48,297.8321882970158,0.0017677508206445408,0.39572126963508825,0.24623109118968306
qwen3_1.7b_base,down,26,1,137091.84629263828,0.4091125572010114,0.4091125572010114,6.492677119993055e-06
qwen3_1.7b_base,down,26,2,9386.257028545304,0.0280106783834331,0.4371232355844445,0.0018167752989814167
qwen3_1.7b_base,down,26,3,7211.4445530873545,0.021520554299991952,0.45864378988443644,0.0032350035631245307
qwen3_1.7b_base,down,26,4,6945.730411364042,0.020727604208905945,0.47937139409334245,0.004034028108073881
qwen3_1.7b_base,down,26,5,3749.6999123371156,0.011189938434398508,0.490561332527741,0.010546965024768892
qwen3_1.7b_base,down,26,6,3121.186304162544,0.009314314052427212,0.4998756465801682,0.012300671426437619
qwen3_1.7b_base,down,26,7,2234.6070294239785,0.006668564330190158,0.5065442109103582,0.028980841310410448
qwen3_1.7b_base,down,26,8,2084.6561908981184,0.006221077680453172,0.5127652885908115,0.030382853250683593
qwen3_1.7b_base,down,26,9,1772.8262347834875,0.005290507743524791,0.5180557963343363,0.04393236853923603
qwen3_1.7b_base,down,26,10,1637.8009353631776,0.004887562221770288,0.5229433585561066,0.0549012956816747
qwen3_1.7b_base,down,26,11,1453.9883122459644,0.004339024476288433,0.527282383032395,0.05297656522572755
qwen3_1.7b_base,down,26,12,1373.8167591640672,0.004099774732535635,0.5313821577649306,0.056103174561195936
qwen3_1.7b_base,down,26,13,1343.5818585890931,0.004009547065278591,0.5353917048302091,0.06962271824536352
qwen3_1.7b_base,down,26,14,1183.0712766174088,0.0035305477927172983,0.5389222526229264,0.07664713548310449
qwen3_1.7b_base,down,26,15,1156.9898001093666,0.003452714866556202,0.5423749674894827,0.08020380050005825
qwen3_1.7b_base,down,26,16,1089.1646865747634,0.0032503096441379494,0.5456252771336205,0.09004240074397758
qwen3_1.7b_base,down,26,17,1007.7105113669462,0.003007232270718996,0.5486325094043396,0.10439343317633921
qwen3_1.7b_base,down,26,18,976.6232560926501,0.0029144609874839638,0.5515469703918234,0.12751007970242662
qwen3_1.7b_base,down,26,19,954.6686537845897,0.0028489435717114096,0.5543959139635349,0.09096393069744707
qwen3_1.7b_base,down,26,20,885.3603109513969,0.002642112063210714,0.5570380260267458,0.1484605484515529
qwen3_1.7b_base,down,26,21,831.8022577134792,0.0024822829215701506,0.559520308948316,0.1652154721694804
qwen3_1.7b_base,down,26,22,791.6828680086679,0.0023625577405375522,0.5618828666888535,0.13259902668065943
qwen3_1.7b_base,down,26,23,772.9543561388173,0.0023066676960830593,0.5641895343849365,0.1750149230122494
qwen3_1.7b_base,down,26,24,747.6151829900556,0.002231049968226944,0.5664205843531633,0.14410777738741506
qwen3_1.7b_base,down,26,25,710.884434622916,0.002121437246546105,0.5685420215997095,0.1289400677095449
qwen3_1.7b_base,down,26,26,701.5629375129246,0.0020936198261615985,0.5706356414258711,0.17973201783429615
qwen3_1.7b_base,down,26,27,682.1499577461348,0.002035687177283783,0.5726713286031548,0.1647183117460837
qwen3_1.7b_base,down,26,28,657.6107927459573,0.001962456851656902,0.5746337854548118,0.16621378274573914
qwen3_1.7b_base,down,26,29,642.6381015161119,0.0019177750112493585,0.5765515604660612,0.20866213674703118
qwen3_1.7b_base,down,26,30,610.710133924312,0.0018224948554928326,0.578374055321554,0.19546922607569917
qwen3_1.7b_base,down,26,31,604.5764491131721,0.0018041905759458644,0.5801782458974998,0.18726750903051836
qwen3_1.7b_base,down,26,32,585.1377503893843,0.0017461811759807266,0.5819244270734806,0.18860068848569694
qwen3_1.7b_base,down,26,33,562.170804469185,0.0016776427017343946,0.583602069775215,0.18862282968185998
qwen3_1.7b_base,down,26,34,550.1527762846832,0.001641778232941845,0.5852438480081569,0.19197709632226537
qwen3_1.7b_base,down,26,35,537.3940941512882,0.0016037034880517225,0.5868475514962085,0.18902056004062004
qwen3_1.7b_base,down,26,36,521.0254887917669,0.0015548559294437999,0.5884024074256523,0.20159494577507314
qwen3_1.7b_base,down,26,37,494.20755322095556,0.0014748252456582263,0.5898772326713105,0.21220762585885514
qwen3_1.7b_base,down,26,38,488.4767367778387,0.0014577232149153591,0.5913349558862259,0.18918537226751136
qwen3_1.7b_base,down,26,39,473.40964994484557,0.0014127596770353785,0.5927477155632613,0.1930782136216943
qwen3_1.7b_base,down,26,40,457.8877654203584,0.0013664389217014944,0.5941141544849627,0.22517195521493072
qwen3_1.7b_base,down,26,41,451.2566366796342,0.001346650158842062,0.5954608046438048,0.18656126076431523
qwen3_1.7b_base,down,26,42,441.8866285610429,0.0013186879708195277,0.5967794926146244,0.2231649765031663
qwen3_1.7b_base,down,26,43,433.6550863955683,0.001294123218384604,0.5980736158330089,0.23409864802637703
qwen3_1.7b_base,down,26,44,423.79524712626807,0.0012646992652747757,0.5993383150982837,0.21301172374640914
qwen3_1.7b_base,down,26,45,403.268253489181,0.0012034421512623827,0.6005417572495462,0.23568567191711873
qwen3_1.7b_base,down,26,46,387.5943074609085,0.0011566676105842365,0.6016984248601304,0.23475033303726153
qwen3_1.7b_base,down,26,47,377.10667039528505,0.0011253701692341908,0.6028237950293646,0.24285037864376557
qwen3_1.7b_base,down,26,48,371.0170397939416,0.0011071973572464734,0.6039309923866111,0.2804647354301018
qwen3_1.7b_base,down,27,1,10390167.081641138,0.9486649803262384,0.9486649803262384,3.0523104666323955e-08
qwen3_1.7b_base,down,27,2,157360.58766410052,0.014367668741753275,0.9630326490679917,1.544431249058386e-05
qwen3_1.7b_base,down,27,3,77059.13567833473,0.007035815965020805,0.9700684650330125,5.3902850578409735e-05
qwen3_1.7b_base,down,27,4,42077.69971152735,0.003841867012855045,0.9739103320458675,0.00022087572667536971
qwen3_1.7b_base,down,27,5,18598.362734495047,0.0016981069966425565,0.97560843904251,0.001854378987416603
qwen3_1.7b_base,down,27,6,15083.460324774389,0.0013771819528809299,0.9769856209953911,0.0016404219047736939
qwen3_1.7b_base,down,27,7,12795.303704628848,0.0011682638442521262,0.9781538848396432,0.0020599544358333322
qwen3_1.7b_base,down,27,8,10530.064219746831,0.0009614381643112425,0.9791153230039543,0.0024076473791209904
qwen3_1.7b_base,down,27,9,9496.721698548306,0.0008670897428816011,0.979982412746836,0.0029366452439272433
qwen3_1.7b_base,down,27,10,8374.777091660537,0.0007646515866847713,0.9807470643335205,0.004537156447355687
qwen3_1.7b_base,down,27,11,6862.721614865849,0.0006265947038767767,0.9813736590373974,0.006167465150102005
qwen3_1.7b_base,down,27,12,6079.049007686342,0.0005550421722735282,0.9819287012096711,0.005815902855492992
qwen3_1.7b_base,down,27,13,5096.555093737888,0.00046533643778216914,0.9823940376474533,0.014627037013216621
qwen3_1.7b_base,down,27,14,4427.312118510096,0.0004042318021262366,0.9827982694495795,0.015824348282906523
qwen3_1.7b_base,down,27,15,3932.3513885841326,0.00035903985213852675,0.9831573093017181,0.022530305408309467
qwen3_1.7b_base,down,27,16,3882.4730775377507,0.0003544857572336306,0.9835117950589515,0.014196102535938138
qwen3_1.7b_base,down,27,17,3233.5563327896584,0.0002952369900047036,0.9838070320489561,0.029671784346749254
qwen3_1.7b_base,down,27,18,3219.786859602257,0.00029397978048075764,0.9841010118294369,0.03144386181400631
qwen3_1.7b_base,down,27,19,2954.2859686005645,0.00026973845735672795,0.9843707502867938,0.03797548506849547
qwen3_1.7b_base,down,27,20,2791.9024967591067,0.00025491217863480285,0.9846256624654285,0.04125782416638776
qwen3_1.7b_base,down,27,21,2561.267968220016,0.00023385429777880712,0.9848595167632074,0.04207043273832817
qwen3_1.7b_base,down,27,22,2366.26243654381,0.00021604949084764704,0.9850755662540549,0.0545275856749699
qwen3_1.7b_base,down,27,23,2278.8121162676402,0.00020806491699888732,0.9852836311710539,0.05449397152717785
qwen3_1.7b_base,down,27,24,2012.9856573740205,0.00018379386818754548,0.9854674250392416,0.036849051152579824
qwen3_1.7b_base,down,27,25,1943.9282401364078,0.0001774886420203111,0.985644913681262,0.0745822704827691
qwen3_1.7b_base,down,27,26,1758.5517863262917,0.00016056300949439563,0.9858054766907564,0.058689982280146054
qwen3_1.7b_base,down,27,27,1724.755818169413,0.00015747729862808032,0.9859629539893844,0.08332425453109997
qwen3_1.7b_base,down,27,28,1594.3083401612134,0.00014556690746825795,0.9861085208968526,0.09141692154706434
qwen3_1.7b_base,down,27,29,1551.0028922610722,0.00014161294199711586,0.9862501338388497,0.07757038482790023
qwen3_1.7b_base,down,27,30,1506.396776580254,0.00013754022020907609,0.9863876740590587,0.10015776929444899
qwen3_1.7b_base,down,27,31,1387.1639379783849,0.0001266537717431658,0.986514327830802,0.11762022312866727
qwen3_1.7b_base,down,27,32,1377.896895390716,0.00012580765264757907,0.9866401354834494,0.11161221732865075
qwen3_1.7b_base,down,27,33,1321.7441465760153,0.0001206806757730986,0.9867608161592225,0.09303440245922218
qwen3_1.7b_base,down,27,34,1183.3648902714053,0.00010804608063826876,0.9868688622398608,0.12464802044686234
qwen3_1.7b_base,down,27,35,1120.8219153695745,0.00010233564984455932,0.9869711978897053,0.1741595860299957
qwen3_1.7b_base,down,27,36,1034.8035003709297,9.448181483582581e-05,0.9870656797045412,0.16895281413002936
qwen3_1.7b_base,down,27,37,1017.6826627140314,9.29186119545508e-05,0.9871585983164958,0.12404270398503335
qwen3_1.7b_base,down,27,38,974.4397205881229,8.897035351762835e-05,0.9872475686700134,0.17218829552999326
qwen3_1.7b_base,down,27,39,931.1115550117179,8.501431382922519e-05,0.9873325829838426,0.14173432542022635
qwen3_1.7b_base,down,27,40,906.9923402612256,8.281213034103186e-05,0.9874153951141836,0.17916184494679555
qwen3_1.7b_base,down,27,41,885.3661822051315,8.083757318082341e-05,0.9874962326873644,0.19460918630585033
qwen3_1.7b_base,down,27,42,863.8665372704476,7.887456718883877e-05,0.9875751072545533,0.1709968367459286
qwen3_1.7b_base,down,27,43,788.4346864528029,7.198732902321442e-05,0.9876470945835765,0.23042495049217054
qwen3_1.7b_base,down,27,44,762.8278900979637,6.964932321740745e-05,0.9877167439067939,0.20016659127804345
qwen3_1.7b_base,down,27,45,751.6373797596757,6.862758360662962e-05,0.9877853714904006,0.18839587293843021
qwen3_1.7b_base,down,27,46,721.4843857577061,6.587449126106e-05,0.9878512459816615,0.2585960438364686
qwen3_1.7b_base,down,27,47,690.0187026072215,6.300154499827562e-05,0.9879142475266598,0.17542201091422838
qwen3_1.7b_base,down,27,48,670.8671157761609,6.125292636668432e-05,0.9879755004530266,0.20593122707935138
qwen3_1.7b_base,qkv,0,1,5.536507656015426,0.23758707016573632,0.23758707016573632,0.00020660896211645326
qwen3_1.7b_base,qkv,0,2,2.598361360987268,0.11150297287462112,0.34909004304035746,0.0007555162509733027
qwen3_1.7b_base,qkv,0,3,0.9342815703833453,0.04009264229519268,0.38918268533555006,0.006421699744753345
qwen3_1.7b_base,qkv,0,4,0.7585112822519077,0.03254984629924343,0.4217325316347935,0.008949164616903756
qwen3_1.7b_base,qkv,0,5,0.5325430057781061,0.022852913847704156,0.44458544548249773,0.01557483990283147
qwen3_1.7b_base,qkv,0,6,0.36019869572180074,0.01545713617881137,0.460042581661309,0.0320871022033842
qwen3_1.7b_base,qkv,0,7,0.33772936151541005,0.014492914034754383,0.4745354956960634,0.04823247921115491
qwen3_1.7b_base,qkv,0,8,0.28856871553223645,0.012383292848932139,0.48691878854499554,0.05891320816408677
qwen3_1.7b_base,qkv,0,9,0.27567271008639815,0.01182988908954437,0.49874867763453995,0.07838096089892499
qwen3_1.7b_base,qkv,0,10,0.23618788242669247,0.010135484402958967,0.5088841620374989,0.07126906995229061
qwen3_1.7b_base,qkv,0,11,0.22690309324145755,0.009737048060650344,0.5186212100981492,0.08585068175440012
qwen3_1.7b_base,qkv,0,12,0.20927609238475214,0.00898062402052401,0.5276018341186733,0.10996930934459018
qwen3_1.7b_base,qkv,0,13,0.20585337897391542,0.008833745789367926,0.5364355799080411,0.0747509241157515
qwen3_1.7b_base,qkv,0,14,0.19220723159357372,0.008248151335863896,0.5446837312439051,0.08123425064502943
qwen3_1.7b_base,qkv,0,15,0.16171044956062203,0.006939448893301633,0.5516231801372067,0.10511087612714654
qwen3_1.7b_base,qkv,0,16,0.156087831588988,0.006698166588003938,0.5583213467252107,0.10242985932531676
qwen3_1.7b_base,qkv,1,1,5.800366649857822,0.3621412950014893,0.3621412950014893,5.343051238946131e-05
qwen3_1.7b_base,qkv,1,2,0.6565875543488376,0.04099352361105951,0.40313481861254885,0.00520689860184621
qwen3_1.7b_base,qkv,1,3,0.4631059209213862,0.028913651161938007,0.4320484697744868,0.012817217730226342
qwen3_1.7b_base,qkv,1,4,0.3195833271173116,0.01995293175923364,0.4520014015337205,0.020025635258089713
qwen3_1.7b_base,qkv,1,5,0.20089986246652014,0.012543023700239714,0.46454442523396017,0.05703849420248846
qwen3_1.7b_base,qkv,1,6,0.19414585413748756,0.012121342542758633,0.4766657677767188,0.07965900385865089
qwen3_1.7b_base,qkv,1,7,0.16619884116514677,0.010376492935798875,0.4870422607125177,0.06090779669772884
qwen3_1.7b_base,qkv,1,8,0.1510405340648888,0.009430096044931252,0.49647235675744894,0.10067158242748417
qwen3_1.7b_base,qkv,1,9,0.11997501387272347,0.0074905449111143186,0.5039629016685633,0.10332366115780858
qwen3_1.7b_base,qkv,1,10,0.11568487145525709,0.007222693269211617,0.5111855949377748,0.11014784097349015
qwen3_1.7b_base,qkv,1,11,0.09981418502011523,0.006231819539130136,0.5174174144769049,0.15309821655112132
qwen3_1.7b_base,qkv,1,12,0.09634757001492632,0.006015384178568665,0.5234327986554737,0.1145952528454936
qwen3_1.7b_base,qkv,1,13,0.09201282044339286,0.0057447475243528915,0.5291775461798265,0.14292868008053314
qwen3_1.7b_base,qkv,1,14,0.08337809415677201,0.0052056452316561145,0.5343831914114827,0.15330801003984207
qwen3_1.7b_base,qkv,1,15,0.0804966037416658,0.005025741661166046,0.5394089330726487,0.1514881274926366
qwen3_1.7b_base,qkv,1,16,0.07596742893487744,0.004742966221468857,0.5441518992941176,0.18198097666966512
qwen3_1.7b_base,qkv,2,1,12.980104584447199,0.3728130241849869,0.3728130241849869,7.297713429197823e-05
qwen3_1.7b_base,qkv,2,2,2.1190555613736266,0.060863262473116825,0.4336762866581037,0.0022964801688079824
qwen3_1.7b_base,qkv,2,3,1.1418035656128651,0.03279474657171742,0.4664710332298211,0.009033378208552566
qwen3_1.7b_base,qkv,2,4,0.7141884796462641,0.020512836795940285,0.4869838700257614,0.026449070994168825
qwen3_1.7b_base,qkv,2,5,0.5099424840255451,0.014646507537216769,0.5016303775629782,0.03407739129108717
qwen3_1.7b_base,qkv,2,6,0.4656579589113076,0.013374572659880185,0.5150049502228584,0.04551551120182174
qwen3_1.7b_base,qkv,2,7,0.3783618037816387,0.010867262847245138,0.5258722130701035,0.07447128177724088
qwen3_1.7b_base,qkv,2,8,0.32792381389991127,0.00941858888477572,0.5352908019548792,0.07373961955227017
qwen3_1.7b_base,qkv,2,9,0.2663205869296314,0.007649228307060291,0.5429400302619395,0.07558511718972091
qwen3_1.7b_base,qkv,2,10,0.2459228248353542,0.0070633662037545,0.5500033964656941,0.12006645677918479
qwen3_1.7b_base,qkv,2,11,0.225789296740961,0.006485093398050154,0.5564884898637442,0.10848000352380473
qwen3_1.7b_base,qkv,2,12,0.20619294974061564,0.005922249444009064,0.5624107393077531,0.11852225900216765
qwen3_1.7b_base,qkv,2,13,0.18871561962003797,0.005420267641432592,0.5678310069491858,0.14890305431925982
qwen3_1.7b_base,qkv,2,14,0.18315983390670765,0.005260695023197126,0.5730917019723829,0.13021215231523667
qwen3_1.7b_base,qkv,2,15,0.16581349168717657,0.004762475439576836,0.5778541774119597,0.19173982893728353
qwen3_1.7b_base,qkv,2,16,0.15418362108812378,0.004428443675756685,0.5822826210877166,0.1479545919510385
qwen3_1.7b_base,qkv,3,1,81.33017426052412,0.38602317582623835,0.38602317582623835,4.1257040921288576e-05
qwen3_1.7b_base,qkv,3,2,10.977189621911787,0.05210181384738503,0.4381249896736234,0.0024109952043625004
qwen3_1.7b_base,qkv,3,3,7.9085231758858905,0.037536784596964495,0.47566177427058787,0.005414287654768233
qwen3_1.7b_base,qkv,3,4,4.60986432905242,0.021880126098446636,0.49754190036903445,0.007713791338156383
qwen3_1.7b_base,qkv,3,5,3.611716516835445,0.017142546326617367,0.5146844466956518,0.019496355160943758
qwen3_1.7b_base,qkv,3,6,2.7758866032492806,0.013175387512232427,0.5278598342078842,0.026443308117423788
qwen3_1.7b_base,qkv,3,7,2.184704389989128,0.01036941743372693,0.5382292516416112,0.03947664313003562
qwen3_1.7b_base,qkv,3,8,1.86152270393635,0.008835477270026513,0.5470647289116377,0.05645402700656178
qwen3_1.7b_base,qkv,3,9,1.7228283626526215,0.008177182478723457,0.5552419113903612,0.05868437300439908
qwen3_1.7b_base,qkv,3,10,1.271923032481899,0.006037018521962261,0.5612789299123234,0.08813589800331505
qwen3_1.7b_base,qkv,3,11,1.1884219300048853,0.005640691315531886,0.5669196212278553,0.09504040337732741
qwen3_1.7b_base,qkv,3,12,1.0579930468884144,0.005021627454697059,0.5719412486825524,0.12965600758945675
qwen3_1.7b_base,qkv,3,13,0.9652444094763354,0.004581408017164819,0.5765226566997173,0.10042042756903048
qwen3_1.7b_base,qkv,3,14,0.9304595572571126,0.00441630620536619,0.5809389629050834,0.16511477665367402
qwen3_1.7b_base,qkv,3,15,0.8712963268391679,0.004135495567669577,0.585074458472753,0.1960561595434962
qwen3_1.7b_base,qkv,3,16,0.8314614003229541,0.0039464242299722535,0.5890208827027252,0.19449450084847472
qwen3_1.7b_base,qkv,4,1,100.22497730216729,0.4238533268407795,0.4238533268407795,3.0186717278160395e-05
qwen3_1.7b_base,qkv,4,2,13.697991437812124,0.057929065171538154,0.4817823920123176,0.0018599053527337997
qwen3_1.7b_base,qkv,4,3,10.559756242093714,0.04465740910417071,0.5264398011164882,0.0017727727714331543
qwen3_1.7b_base,qkv,4,4,5.264576293256313,0.022263992832608354,0.5487037939490967,0.0063588334996233665
qwen3_1.7b_base,qkv,4,5,4.266690573087783,0.018043915226352885,0.5667477091754495,0.014141059748994371
qwen3_1.7b_base,qkv,4,6,3.487837932628222,0.014750132661730924,0.5814978418371805,0.016819526798849366
qwen3_1.7b_base,qkv,4,7,2.7201045518889164,0.011503373657016869,0.5930012154941973,0.027671970849573704
qwen3_1.7b_base,qkv,4,8,2.4997656042113707,0.010571556075016732,0.6035727715692141,0.044588397141519846
qwen3_1.7b_base,qkv,4,9,1.8871725946768008,0.007980888637818737,0.6115536602070328,0.0444905092936717
qwen3_1.7b_base,qkv,4,10,1.408196596853602,0.005955290073279531,0.6175089502803123,0.11757762666358103
qwen3_1.7b_base,qkv,4,11,1.2541436772745675,0.005303797359280215,0.6228127476395926,0.100316199551603
qwen3_1.7b_base,qkv,4,12,1.048002388895748,0.00443202194729698,0.6272447695868896,0.10935101613857891
qwen3_1.7b_base,qkv,4,13,0.9948329386641873,0.004207167335467051,0.6314519369223567,0.11675440426369045
qwen3_1.7b_base,qkv,4,14,0.9550178360977841,0.00403878851278697,0.6354907254351435,0.1574275730386305
qwen3_1.7b_base,qkv,4,15,0.9057797857570303,0.0038305598655390648,0.6393212853006827,0.18536453152606927
qwen3_1.7b_base,qkv,4,16,0.8661924785264173,0.0036631443936475036,0.6429844296943301,0.13495792443110663
qwen3_1.7b_base,qkv,5,1,145.67592299131127,0.4180953344893196,0.4180953344893196,2.930374768891328e-05
qwen3_1.7b_base,qkv,5,2,22.442742793252542,0.06441150920706604,0.48250684369638563,0.0013608510341624966
qwen3_1.7b_base,qkv,5,3,15.356821449837065,0.04407465055941563,0.5265814942558013,0.0022927733147250383
qwen3_1.7b_base,qkv,5,4,8.44085417352684,0.024225566425735045,0.5508070606815363,0.008792015864380415
qwen3_1.7b_base,qkv,5,5,5.995035655006547,0.01720597601845885,0.5680130366999951,0.012091144594453644
qwen3_1.7b_base,qkv,5,6,4.259552577321413,0.012225074830631141,0.5802381115306263,0.040519377590422914
qwen3_1.7b_base,qkv,5,7,3.562666163216621,0.010224984819712976,0.5904630963503393,0.048515567814628784
qwen3_1.7b_base,qkv,5,8,3.3662950022323908,0.009661392260627871,0.6001244886109671,0.028075305579725828
qwen3_1.7b_base,qkv,5,9,2.8541767154313193,0.008191593669195833,0.608316082280163,0.047783012065463086
qwen3_1.7b_base,qkv,5,10,2.2242283272708887,0.006383618290349927,0.6146997005705129,0.06788491406311825
qwen3_1.7b_base,qkv,5,11,1.9621149695592288,0.0056313431736642995,0.6203310437441772,0.11267177030217423
qwen3_1.7b_base,qkv,5,12,1.662811148109238,0.004772330038387791,0.6251033737825651,0.09737007132998526
qwen3_1.7b_base,qkv,5,13,1.5013577140316567,0.004308952658385594,0.6294123264409506,0.14016703976422532
qwen3_1.7b_base,qkv,5,14,1.4903671412200736,0.0042774093043327615,0.6336897357452834,0.1405512486016107
qwen3_1.7b_base,qkv,5,15,1.4090576551534675,0.004044048045477378,0.6377337837907608,0.14557429528826382
qwen3_1.7b_base,qkv,5,16,1.2693090819820811,0.0036429644261343186,0.641376748216895,0.18019711505762073
qwen3_1.7b_base,qkv,6,1,96.02146052965539,0.3822400708519619,0.3822400708519619,5.029202404249012e-05
qwen3_1.7b_base,qkv,6,2,11.930936129700106,0.047494402255403474,0.42973447310736534,0.002671318052906479
qwen3_1.7b_base,qkv,6,3,9.615202434919512,0.038275981636881076,0.4680104547442464,0.006007908494957118
qwen3_1.7b_base,qkv,6,4,5.415365863912162,0.02155736665629855,0.48956782140054494,0.028855469527562533
qwen3_1.7b_base,qkv,6,5,4.413165645108793,0.01756783056165708,0.507135651962202,0.016692883458915328
qwen3_1.7b_base,qkv,6,6,2.9837681082727987,0.011877716989732525,0.5190133689519346,0.036405997318740196
qwen3_1.7b_base,qkv,6,7,2.8228842408346932,0.01123727410801353,0.5302506430599481,0.040305640346573794
qwen3_1.7b_base,qkv,6,8,2.423161853513832,0.009646068217081956,0.53989671127703,0.048803953885328315
qwen3_1.7b_base,qkv,6,9,1.952442663832008,0.007772239851809494,0.5476689511288394,0.06513851062843748
qwen3_1.7b_base,qkv,6,10,1.9047335986879836,0.007582320678112895,0.5552512718069523,0.06796529510740834
qwen3_1.7b_base,qkv,6,11,1.6156870743633636,0.006431690773840259,0.5616829625807925,0.1113534346179224
qwen3_1.7b_base,qkv,6,12,1.485236558827324,0.005912396295021423,0.567595358875814,0.10754007234283909
qwen3_1.7b_base,qkv,6,13,1.2018371533522778,0.0047842463144790025,0.572379605190293,0.19106714439088468
qwen3_1.7b_base,qkv,6,14,1.1393955692525672,0.0045356802606122135,0.5769152854509052,0.1358286853506738
qwen3_1.7b_base,qkv,6,15,1.087355950289962,0.0043285221156553165,0.5812438075665606,0.2010049234783606
qwen3_1.7b_base,qkv,6,16,0.9888284696174584,0.003936306136171316,0.5851801137027319,0.16122589604936302
qwen3_1.7b_base,qkv,7,1,209.62041280207785,0.3627816314835387,0.3627816314835387,5.649981407715595e-05
qwen3_1.7b_base,qkv,7,2,29.44057291300892,0.05095161740414999,0.4137332488876887,0.0032272270240879196
qwen3_1.7b_base,qkv,7,3,25.186611143568264,0.043589456580416575,0.4573227054681053,0.003983341727849759
qwen3_1.7b_base,qkv,7,4,14.28680968848852,0.02472560786519602,0.4820483133333013,0.006877673687516446
qwen3_1.7b_base,qkv,7,5,11.166814140514044,0.019325956848459076,0.5013742701817604,0.017457123058003593
qwen3_1.7b_base,qkv,7,6,9.575195033934378,0.016571405569474,0.5179456757512343,0.02457419796734076
qwen3_1.7b_base,qkv,7,7,7.132658994314145,0.012344206521605384,0.5302898822728398,0.04527114672445459
qwen3_1.7b_base,qkv,7,8,6.440851071936769,0.011146922328723505,0.5414368046015633,0.046252234385803
qwen3_1.7b_base,qkv,7,9,5.09763221745486,0.008822267391952165,0.5502590719935155,0.06400678382925605
qwen3_1.7b_base,qkv,7,10,4.609672792044397,0.00797777560757942,0.5582368476010949,0.07837631345361698
qwen3_1.7b_base,qkv,7,11,3.93292380331602,0.006806553306497863,0.5650434009075928,0.0845196410295898
qwen3_1.7b_base,qkv,7,12,3.7237667444260576,0.00644457358302483,0.5714879744906175,0.08439301430492929
qwen3_1.7b_base,qkv,7,13,3.6549449981376765,0.00632546655014431,0.5778134410407618,0.12689005946492504
qwen3_1.7b_base,qkv,7,14,3.1879190800544195,0.005517203546353193,0.583330644587115,0.1052322952519799
qwen3_1.7b_base,qkv,7,15,3.032102124164024,0.005247537397359921,0.588578181984475,0.12983177664767737
qwen3_1.7b_base,qkv,7,16,2.4496040118589835,0.004239431303619754,0.5928176132880948,0.16723739190165687
qwen3_1.7b_base,qkv,8,1,205.46578045262274,0.3328293594300865,0.3328293594300865,5.1551876718788315e-05
qwen3_1.7b_base,qkv,8,2,31.429583352012063,0.050912069499654516,0.383741428929741,0.0025573967444936334
qwen3_1.7b_base,qkv,8,3,23.840664223234814,0.0386189514591053,0.4223603803888463,0.006822053113371365
qwen3_1.7b_base,qkv,8,4,14.29872656832058,0.023162182986949782,0.44552256337579615,0.012675365658253652
qwen3_1.7b_base,qkv,8,5,11.175684704731529,0.018103238277802136,0.46362580165359824,0.014101824415611084
qwen3_1.7b_base,qkv,8,6,8.64997513028422,0.014011898601103173,0.4776377002547015,0.03495741210177397
qwen3_1.7b_base,qkv,8,7,6.8657759048500955,0.011121714727230192,0.48875941498193165,0.05892190354925274
qwen3_1.7b_base,qkv,8,8,6.654947346065046,0.010780198324764447,0.4995396133066961,0.05218625331472088
qwen3_1.7b_base,qkv,8,9,5.878953352502502,0.009523183247946971,0.509062796554643,0.05672187334163915
qwen3_1.7b_base,qkv,8,10,5.339523622697882,0.008649373258600278,0.5177121698132433,0.07790566102336048
qwen3_1.7b_base,qkv,8,11,4.472746546261205,0.007245300724071234,0.5249574705373146,0.08651212313138726
qwen3_1.7b_base,qkv,8,12,4.28746487903051,0.0069451671520346465,0.5319026376893492,0.06721806615885126
qwen3_1.7b_base,qkv,8,13,3.838629520311756,0.0062181089304521875,0.5381207466198015,0.12681296285076038
qwen3_1.7b_base,qkv,8,14,3.5961672056861116,0.005825349724101536,0.5439460963439029,0.10953776418777002
qwen3_1.7b_base,qkv,8,15,3.07227815205735,0.004976713723753532,0.5489228100676565,0.1431861430321301
qwen3_1.7b_base,qkv,8,16,2.9496535804785484,0.004778076960400268,0.5537008870280569,0.1191616849976559
qwen3_1.7b_base,qkv,9,1,602.2076140749101,0.42200356938350336,0.42200356938350336,5.648003106730906e-05
qwen3_1.7b_base,qkv,9,2,80.275867603696,0.05625419186397608,0.4782577612474795,0.0022042791791457785
qwen3_1.7b_base,qkv,9,3,57.43685631242313,0.04024950500708029,0.5185072662545598,0.0034685332116689217
qwen3_1.7b_base,qkv,9,4,35.13623172716745,0.024622098520504787,0.5431293647750646,0.006617413124149119
qwen3_1.7b_base,qkv,9,5,24.587542642584495,0.0172299893176858,0.5603593540927504,0.012095326093070485
qwen3_1.7b_base,qkv,9,6,19.83266139816665,0.013897954301454003,0.5742573083942044,0.022811713589889076
qwen3_1.7b_base,qkv,9,7,17.015675247201784,0.011923920458595293,0.5861812288527998,0.020416912258603283
qwen3_1.7b_base,qkv,9,8,14.477427327678022,0.010145215478810636,0.5963264443316103,0.046085759361900375
qwen3_1.7b_base,qkv,9,9,12.049457718539204,0.008443789230679876,0.6047702335622901,0.050763504477565155
qwen3_1.7b_base,qkv,9,10,10.381931601034855,0.007275252073095026,0.6120454856353852,0.07774550568952943
qwen3_1.7b_base,qkv,9,11,9.448425211052895,0.00662108726446859,0.6186665728998537,0.07953969642623755
qwen3_1.7b_base,qkv,9,12,8.103972397048102,0.005678947256409605,0.6243455201562633,0.09229526563650248
qwen3_1.7b_base,qkv,9,13,7.83035702871312,0.005487208295664447,0.6298327284519278,0.15288010257273396
qwen3_1.7b_base,qkv,9,14,6.8122816421858765,0.0047737808381322615,0.6346065092900601,0.16791545874834649
qwen3_1.7b_base,qkv,9,15,6.369960240786935,0.004463819280286785,0.6390703285703468,0.16402235722456604
qwen3_1.7b_base,qkv,9,16,5.5855465268125695,0.003914132794374344,0.6429844613647212,0.19508562752537342
qwen3_1.7b_base,qkv,10,1,571.6250543969387,0.4469351150683571,0.4469351150683571,1.879775121318252e-05
qwen3_1.7b_base,qkv,10,2,64.07470138170936,0.05009793362751921,0.4970330486958763,0.001502512248881423
qwen3_1.7b_base,qkv,10,3,46.04382508539722,0.03600017547243381,0.5330332241683101,0.004268999968473997
qwen3_1.7b_base,qkv,10,4,31.80637283778882,0.024868372711831826,0.5579015968801418,0.006562853567999457
qwen3_1.7b_base,qkv,10,5,24.47680400284914,0.01913762024490015,0.577039217125042,0.011159720066905554
qwen3_1.7b_base,qkv,10,6,17.123630143191576,0.013388411773709512,0.5904276288987516,0.028696623312647274
qwen3_1.7b_base,qkv,10,7,14.12463960552003,0.011043598209760305,0.6014712271085119,0.03031764612178652
qwen3_1.7b_base,qkv,10,8,13.656743230208743,0.010677765189091823,0.6121489922976038,0.026442772645483614
qwen3_1.7b_base,qkv,10,9,11.3672226071619,0.008887663171621018,0.6210366554692248,0.04618131221500106
qwen3_1.7b_base,qkv,10,10,9.791644096532243,0.007655769367227851,0.6286924248364526,0.06027282215529519
qwen3_1.7b_base,qkv,10,11,8.16283541143331,0.006382256613545217,0.6350746814499978,0.07958469630258289
qwen3_1.7b_base,qkv,10,12,7.8078618261401145,0.006104714264816964,0.6411793957148147,0.07455364261354801
qwen3_1.7b_base,qkv,10,13,7.341904433468016,0.0057403972718703174,0.6469197929866851,0.09227564796858799
qwen3_1.7b_base,qkv,10,14,7.235185651191274,0.005656957312634923,0.6525767502993199,0.1327970011232744
qwen3_1.7b_base,qkv,10,15,5.689617950492078,0.004448527988474721,0.6570252782877948,0.08840352589839563
qwen3_1.7b_base,qkv,10,16,5.236490811907323,0.004094242555626385,0.661119520843421,0.14699330851685422
qwen3_1.7b_base,qkv,11,1,1361.6798025784212,0.4952518168084356,0.4952518168084356,2.9934796289521132e-05
qwen3_1.7b_base,qkv,11,2,96.23536849869035,0.035001430585925745,0.5302532473943614,0.005202748205658908
qwen3_1.7b_base,qkv,11,3,76.52881834549882,0.027834029888703038,0.5580872772830644,0.007742860458779161
qwen3_1.7b_base,qkv,11,4,65.0725751709533,0.023667319598038982,0.5817545968811034,0.011835653677619322
qwen3_1.7b_base,qkv,11,5,45.68474022669969,0.016615837699033072,0.5983704345801365,0.01869021911092586
qwen3_1.7b_base,qkv,11,6,36.627250108142874,0.013321569524939791,0.6116920041050763,0.030880026917617903
qwen3_1.7b_base,qkv,11,7,32.30294886039578,0.011748792984288712,0.623440797089365,0.04374575370913941
qwen3_1.7b_base,qkv,11,8,28.410547535804575,0.01033310125991922,0.6337738983492842,0.060005975657872315
qwen3_1.7b_base,qkv,11,9,22.931128131877017,0.00834020071919593,0.6421140990684802,0.05600952692940439
qwen3_1.7b_base,qkv,11,10,18.453537786463304,0.006711671934902428,0.6488257710033825,0.0930076032838629
qwen3_1.7b_base,qkv,11,11,16.5955190237823,0.006035898404194621,0.6548616694075771,0.08308748067350046
qwen3_1.7b_base,qkv,11,12,15.50193395975891,0.005638154390685277,0.6604998237982623,0.08699770562172116
qwen3_1.7b_base,qkv,11,13,14.655421361878435,0.005330272243019075,0.6658300960412814,0.1285361589825396
qwen3_1.7b_base,qkv,11,14,13.292146105417952,0.0048344401492378675,0.6706645361905194,0.12455980767323824
qwen3_1.7b_base,qkv,11,15,12.057417577685019,0.004385361338296393,0.6750498975288157,0.16089427776000348
qwen3_1.7b_base,qkv,11,16,11.58638027005076,0.004214042000263554,0.6792639395290793,0.15902063745358122
qwen3_1.7b_base,qkv,12,1,1251.0782063315442,0.49096125675056396,0.49096125675056396,3.215489914908875e-05
qwen3_1.7b_base,qkv,12,2,84.23788949391246,0.03305751781354775,0.5240187745641117,0.0037308001940068577
qwen3_1.7b_base,qkv,12,3,63.34493503296239,0.02485848506925742,0.5488772596333692,0.0062217451834869235
qwen3_1.7b_base,qkv,12,4,54.28602626382998,0.021303492894049376,0.5701807525274186,0.021056928645085748
qwen3_1.7b_base,qkv,12,5,46.13995663737418,0.01810672664782922,0.5882874791752478,0.01617929493655261
qwen3_1.7b_base,qkv,12,6,34.30034929598811,0.013460503517778404,0.6017479826930262,0.023461499400124496
qwen3_1.7b_base,qkv,12,7,28.099353298669037,0.01102704350501387,0.61277502619804,0.033683546864695664
qwen3_1.7b_base,qkv,12,8,24.04950035086997,0.00943775765314324,0.6222127838511833,0.05916256329231737
qwen3_1.7b_base,qkv,12,9,22.031592058011867,0.008645868875563133,0.6308586527267465,0.03567744386256362
qwen3_1.7b_base,qkv,12,10,18.171681134305214,0.007131122068802723,0.6379897747955491,0.08919448812998688
qwen3_1.7b_base,qkv,12,11,16.33650277880784,0.00641094209346899,0.6444007168890181,0.08701007748173169
qwen3_1.7b_base,qkv,12,12,15.18666466571686,0.005959710537994797,0.6503604274270129,0.08306827226632668
qwen3_1.7b_base,qkv,12,13,14.888598503488458,0.005842740282368993,0.6562031677093819,0.08646962293790343
qwen3_1.7b_base,qkv,12,14,13.794654270760248,0.0054134431907905765,0.6616166109001724,0.119552741730679
qwen3_1.7b_base,qkv,12,15,13.428545375393105,0.0052697708907957835,0.6668863817909683,0.07557821651405651
qwen3_1.7b_base,qkv,12,16,12.436482616568028,0.004880455197833328,0.6717668369888016,0.13700629025426528
qwen3_1.7b_base,qkv,13,1,1987.1444667776232,0.5106628711988007,0.5106628711988007,1.7329359505894356e-05
qwen3_1.7b_base,qkv,13,2,141.477398441735,0.036357323639961685,0.5470201948387624,0.002850276805850816
qwen3_1.7b_base,qkv,13,3,110.54372949321184,0.028407888424724363,0.5754280832634868,0.005871782824528882
qwen3_1.7b_base,qkv,13,4,90.98077234611495,0.023380535842717265,0.598808619106204,0.009625355401460728
qwen3_1.7b_base,qkv,13,5,83.81829939177106,0.02153990016428558,0.6203485192704896,0.012028029796697514
qwen3_1.7b_base,qkv,13,6,58.53712564464893,0.015043061615895388,0.635391580886385,0.02040121455155674
qwen3_1.7b_base,qkv,13,7,50.215399359485204,0.012904517232656138,0.6482960981190411,0.019460236359776752
qwen3_1.7b_base,qkv,13,8,40.85490658230108,0.010499027245718313,0.6587951253647595,0.0238527635279616
qwen3_1.7b_base,qkv,13,9,36.19496381204769,0.009301499942361966,0.6680966253071214,0.06881305839448347
qwen3_1.7b_base,qkv,13,10,28.903430358230523,0.00742769787551653,0.6755243231826381,0.09599278502275949
qwen3_1.7b_base,qkv,13,11,28.427365170494948,0.007305357089674687,0.6828296802723127,0.07193934630112493
qwen3_1.7b_base,qkv,13,12,25.745712956899887,0.0066162173507951375,0.6894458976231079,0.06485462671836804
qwen3_1.7b_base,qkv,13,13,23.470781931446524,0.006031598150399955,0.6954774957735078,0.11666459058860543
qwen3_1.7b_base,qkv,13,14,22.71208036796708,0.005836624546181983,0.7013141203196899,0.11818339474746083
qwen3_1.7b_base,qkv,13,15,21.4514826544482,0.005512672031115933,0.7068267923508058,0.07901819098600207
qwen3_1.7b_base,qkv,13,16,20.387255967237113,0.0052391835833540635,0.7120659759341599,0.07863922207888632
qwen3_1.7b_base,qkv,14,1,2970.68968834565,0.4899687291412692,0.4899687291412692,3.121471629385926e-05
qwen3_1.7b_base,qkv,14,2,214.91955183541225,0.03544761342577347,0.5254163425670427,0.004974376085766958
qwen3_1.7b_base,qkv,14,3,170.6509379769898,0.028146199024212087,0.5535625415912548,0.006848407829459864
qwen3_1.7b_base,qkv,14,4,144.58869653033116,0.023847640554679188,0.577410182145934,0.005301017938737641
qwen3_1.7b_base,qkv,14,5,125.80264077235053,0.020749174935255726,0.5981593570811897,0.015111945792509142
qwen3_1.7b_base,qkv,14,6,85.27073956385733,0.014064072750831885,0.6122234298320216,0.019291073676317317
qwen3_1.7b_base,qkv,14,7,70.64765577645619,0.011652224146264479,0.623875653978286,0.03760277253245957
qwen3_1.7b_base,qkv,14,8,67.93238956512447,0.011204383518525499,0.6350800374968115,0.0213219116424561
qwen3_1.7b_base,qkv,14,9,55.65437950134674,0.009179318089802428,0.644259355586614,0.06144396739732407
qwen3_1.7b_base,qkv,14,10,45.52944440956423,0.007509368650444729,0.6517687242370587,0.06590032878876413
qwen3_1.7b_base,qkv,14,11,44.335765477995615,0.007312490009300259,0.659081214246359,0.06765529736745134
qwen3_1.7b_base,qkv,14,12,41.081329953659626,0.00677572184930469,0.6658569360956637,0.0707849506089616
qwen3_1.7b_base,qkv,14,13,37.232732586671844,0.006140956000728442,0.671997892096392,0.07617640574630392
qwen3_1.7b_base,qkv,14,14,35.07330233628157,0.005784791807745312,0.6777826839041374,0.10949585996328717
qwen3_1.7b_base,qkv,14,15,33.768550901309986,0.0055695934970815385,0.683352277401219,0.08718434409550076
qwen3_1.7b_base,qkv,14,16,31.7820972914175,0.005241959091322002,0.688594236492541,0.09664775024904637
qwen3_1.7b_base,qkv,15,1,5239.458181625648,0.4300081602813944,0.4300081602813944,3.64415588973312e-05
qwen3_1.7b_base,qkv,15,2,495.75502275997104,0.04068716609569979,0.4706953263770942,0.0020020580781245816
qwen3_1.7b_base,qkv,15,3,427.81198302049637,0.035111005258162145,0.5058063316352563,0.003473713973447842
qwen3_1.7b_base,qkv,15,4,360.3725603997121,0.02957617683767741,0.5353825084729337,0.007080395719843712
qwen3_1.7b_base,qkv,15,5,312.2727573680868,0.025628572506362902,0.5610110809792966,0.009462007231413412
qwen3_1.7b_base,qkv,15,6,203.83667313410507,0.01672910247087435,0.577740183450171,0.023906536092751205
qwen3_1.7b_base,qkv,15,7,185.55219923884158,0.01522847536233315,0.5929686588125042,0.024553259432448345
qwen3_1.7b_base,qkv,15,8,153.98987643695952,0.01263812042642758,0.6056067792389318,0.029769124126894895
qwen3_1.7b_base,qkv,15,9,123.81247127917072,0.010161427221875503,0.6157682064608072,0.05219633156931457
qwen3_1.7b_base,qkv,15,10,103.46917883229979,0.008491830584989821,0.624260037045797,0.048864323779949134
qwen3_1.7b_base,qkv,15,11,98.57152763011612,0.0080898749036683,0.6323499119494653,0.0816682213418334
qwen3_1.7b_base,qkv,15,12,88.53856510342239,0.007266458510460794,0.6396163704599261,0.08444628871725769
qwen3_1.7b_base,qkv,15,13,77.73134767110312,0.0063794981560237754,0.6459958686159499,0.11775695633811942
qwen3_1.7b_base,qkv,15,14,75.0352789681824,0.006158228799012612,0.6521540974149626,0.0921446016755502
qwen3_1.7b_base,qkv,15,15,73.27350839481021,0.006013638328618092,0.6581677357435806,0.11792937845213892
qwen3_1.7b_base,qkv,15,16,67.53238548201843,0.005542457985899338,0.6637101937294799,0.10672780900789772
qwen3_1.7b_base,qkv,16,1,5976.551134954905,0.4029161432289377,0.4029161432289377,6.104872671747216e-05
qwen3_1.7b_base,qkv,16,2,653.7583176672274,0.044073877058914426,0.4469900202878521,0.0027735752953037267
qwen3_1.7b_base,qkv,16,3,549.0846053773433,0.03701717704899913,0.4840071973368512,0.006606047918490542
qwen3_1.7b_base,qkv,16,4,440.3216304160692,0.02968479464182798,0.5136919919786792,0.010971107306340374
qwen3_1.7b_base,qkv,16,5,432.42720847674025,0.029152583008564624,0.5428445749872438,0.009668299451648424
qwen3_1.7b_base,qkv,16,6,283.0586034424864,0.01908272484105107,0.5619272998282949,0.028336336378914636
qwen3_1.7b_base,qkv,16,7,246.95018827041113,0.016648434051811198,0.5785757338801062,0.02862294321848448
qwen3_1.7b_base,qkv,16,8,216.77751681650335,0.014614308326353966,0.5931900422064601,0.038511551683150555
qwen3_1.7b_base,qkv,16,9,184.43719320243096,0.012434047810360555,0.6056240900168207,0.06555641047006398
qwen3_1.7b_base,qkv,16,10,152.1441831962878,0.010256976996253504,0.6158810670130741,0.049948301898453895
qwen3_1.7b_base,qkv,16,11,149.4306727029833,0.010074042531562145,0.6259551095446363,0.055698165971724
qwen3_1.7b_base,qkv,16,12,139.2114633470331,0.00938510265175978,0.635340212196396,0.06255534796997546
qwen3_1.7b_base,qkv,16,13,118.85479244787923,0.008012734015993107,0.643352946212389,0.044608828514509015
qwen3_1.7b_base,qkv,16,14,111.11267435019523,0.007490790123285939,0.650843736335675,0.1013707007508538
qwen3_1.7b_base,qkv,16,15,105.49609655988155,0.007112142001598686,0.6579558783372736,0.0907173316633382
qwen3_1.7b_base,qkv,16,16,98.32019458318916,0.00662837022698312,0.6645842485642568,0.102683984667652
qwen3_1.7b_base,qkv,17,1,16590.03871652114,0.38389258849806185,0.38389258849806185,7.336427289373656e-05
qwen3_1.7b_base,qkv,17,2,1973.9325640142854,0.04567669156585085,0.4295692800639127,0.0045064552808883355
qwen3_1.7b_base,qkv,17,3,1600.2184626842643,0.03702896770159377,0.46659824776550646,0.008018129592615728
qwen3_1.7b_base,qkv,17,4,1383.979855518356,0.032025218159076524,0.49862346592458295,0.014273042676395196
qwen3_1.7b_base,qkv,17,5,1343.2679033007075,0.031083145811525072,0.5297066117361081,0.00864316563429726
qwen3_1.7b_base,qkv,17,6,873.0886340415952,0.020203223237609733,0.5499098349737177,0.026720987102582135
qwen3_1.7b_base,qkv,17,7,759.2140450027073,0.01756817147568963,0.5674780064494074,0.02097796366007921
qwen3_1.7b_base,qkv,17,8,668.1822773554749,0.01546170135137046,0.5829397078007779,0.041370469644004544
qwen3_1.7b_base,qkv,17,9,518.5104374720653,0.01199830316286049,0.5949380109636384,0.04578027433047054
qwen3_1.7b_base,qkv,17,10,450.7105971196767,0.01042941856545964,0.6053674295290981,0.04385214879648446
qwen3_1.7b_base,qkv,17,11,412.17531201442546,0.009537714175834934,0.614905143704933,0.07727126807028316
qwen3_1.7b_base,qkv,17,12,394.0813473150132,0.009119020822350917,0.6240241645272839,0.06732470249444218
qwen3_1.7b_base,qkv,17,13,356.3665121817806,0.008246301600203714,0.6322704661274876,0.085192629367708
qwen3_1.7b_base,qkv,17,14,314.9150530783736,0.0072871171037635915,0.6395575832312511,0.10572828191449278
qwen3_1.7b_base,qkv,17,15,297.1605391395824,0.00687627862231388,0.646433861853565,0.16199943052053506
qwen3_1.7b_base,qkv,17,16,288.26637726812936,0.006670468203080039,0.653104330056645,0.15831379845510082
qwen3_1.7b_base,qkv,18,1,16102.87099769759,0.30795048743689074,0.30795048743689074,6.943959411070003e-05
qwen3_1.7b_base,qkv,18,2,2586.2736929014236,0.049459766801092646,0.3574102542379834,0.0031993005690027112
qwen3_1.7b_base,qkv,18,3,2542.681592114317,0.048626113678757694,0.4060363679167411,0.004467994393818576
qwen3_1.7b_base,qkv,18,4,2062.9657200435163,0.03945205169586417,0.44548841961260527,0.008763391267727773
qwen3_1.7b_base,qkv,18,5,1546.1894330701264,0.02956924821988549,0.4750576678324908,0.014393434064167907
qwen3_1.7b_base,qkv,18,6,1311.7105813462254,0.025085086563722308,0.5001427543962131,0.01507814467614973
qwen3_1.7b_base,qkv,18,7,964.1922659495024,0.018439163943155475,0.5185819183393685,0.03390058283624103
qwen3_1.7b_base,qkv,18,8,890.8865221346878,0.017037268620083975,0.5356191869594525,0.03937465634306604
qwen3_1.7b_base,qkv,18,9,774.8776240713555,0.014818720343150764,0.5504379073026033,0.043229226025856125
qwen3_1.7b_base,qkv,18,10,661.610439041953,0.012652604447085007,0.5630905117496883,0.051248589641433674
qwen3_1.7b_base,qkv,18,11,594.2451369631617,0.011364313830184249,0.5744548255798725,0.04973382578562184
qwen3_1.7b_base,qkv,18,12,570.9867993458043,0.010919522562387278,0.5853743481422597,0.04013356168665095
qwen3_1.7b_base,qkv,18,13,518.6017094031131,0.009917712761850236,0.59529206090411,0.1201873595498154
qwen3_1.7b_base,qkv,18,14,448.9164870578573,0.008585056107553127,0.6038771170116632,0.08913966128699995
qwen3_1.7b_base,qkv,18,15,439.453154318214,0.008404079812682024,0.6122811968243452,0.07957215409111998
qwen3_1.7b_base,qkv,18,16,397.1045535484202,0.007594207321547186,0.6198754041458924,0.12892239753406837
qwen3_1.7b_base,qkv,19,1,23900.936318206386,0.2837705889782442,0.2837705889782442,0.00011672729632803
qwen3_1.7b_base,qkv,19,2,4690.146395373479,0.055685082261630776,0.33945567123987497,0.003869857374407462
qwen3_1.7b_base,qkv,19,3,4357.376908280642,0.051734182929105844,0.39118985416898083,0.006218607146486948
qwen3_1.7b_base,qkv,19,4,2937.4400934275686,0.034875583713651064,0.4260654378826319,0.015558955130771284
qwen3_1.7b_base,qkv,19,5,2258.3759659354114,0.02681320386179312,0.45287864174442505,0.024692912242705287
qwen3_1.7b_base,qkv,19,6,2068.9120544596854,0.024563740282885792,0.47744238202731076,0.01991712915703473
qwen3_1.7b_base,qkv,19,7,1512.8113524728708,0.017961278285871622,0.49540366031318245,0.02825195125865794
qwen3_1.7b_base,qkv,19,8,1400.3231922233474,0.0166257309641221,0.5120293912773045,0.038214777015244394
qwen3_1.7b_base,qkv,19,9,1189.3906285586552,0.014121374773681753,0.5261507660509863,0.030466359433168493
qwen3_1.7b_base,qkv,19,10,1064.3636348416067,0.012636956624831231,0.5387877226758175,0.07133813293434214
qwen3_1.7b_base,qkv,19,11,973.2810579557812,0.011555553112247565,0.5503432757880651,0.06809362024095465
qwen3_1.7b_base,qkv,19,12,886.4089785354141,0.010524139915095784,0.5608674157031609,0.09882903942202712
qwen3_1.7b_base,qkv,19,13,849.0161521259713,0.010080183066188322,0.5709475987693492,0.08658606387628001
qwen3_1.7b_base,qkv,19,14,746.7954011346526,0.008866538448738383,0.5798141372180876,0.06562136850686699
qwen3_1.7b_base,qkv,19,15,717.617907255509,0.008520120445997348,0.588334257664085,0.1440050425283562
qwen3_1.7b_base,qkv,19,16,636.9627944846611,0.00756251993401842,0.5958967775981034,0.14694026507404923
qwen3_1.7b_base,qkv,20,1,40382.86554900547,0.2995173459082277,0.2995173459082277,0.00016393257409208153
qwen3_1.7b_base,qkv,20,2,7670.416071973646,0.05689102624729263,0.3564083721555203,0.002540441076246589
qwen3_1.7b_base,qkv,20,3,6343.4766319466535,0.04704919422634476,0.40345756638186503,0.0048424317067323926
qwen3_1.7b_base,qkv,20,4,4308.534396289331,0.03195614698429121,0.43541371336615625,0.012661305100674947
qwen3_1.7b_base,qkv,20,5,3547.268634377871,0.02630988346537803,0.4617235968315343,0.015719318953953544
qwen3_1.7b_base,qkv,20,6,3001.556141441199,0.02226236590338125,0.48398596273491556,0.02502212314279988
qwen3_1.7b_base,qkv,20,7,2484.9507585327588,0.018430734069754467,0.50241669680467,0.03376373363804653
qwen3_1.7b_base,qkv,20,8,2317.2207502486012,0.017186690433240583,0.5196033872379107,0.0328525547171794
qwen3_1.7b_base,qkv,20,9,1874.942650496834,0.013906339700570845,0.5335097269384814,0.04775382059261566
qwen3_1.7b_base,qkv,20,10,1688.2169599143158,0.012521406202270992,0.5460311331407525,0.07971111787324572
qwen3_1.7b_base,qkv,20,11,1533.2249114652263,0.011371839266957407,0.5574029724077099,0.12544667296148218
qwen3_1.7b_base,qkv,20,12,1434.4139842038246,0.01063896441328584,0.5680419368209957,0.09128355837244642
qwen3_1.7b_base,qkv,20,13,1306.7010559709656,0.009691725113091703,0.5777336619340875,0.0783508872609935
qwen3_1.7b_base,qkv,20,14,1151.8636924092352,0.008543305466517638,0.5862769674006051,0.10176028977671554
qwen3_1.7b_base,qkv,20,15,1090.1360759808178,0.008085475354896548,0.5943624427555017,0.13110078020824675
qwen3_1.7b_base,qkv,20,16,984.6252783151614,0.007302907955286746,0.6016653507107883,0.130407230120425
qwen3_1.7b_base,qkv,21,1,47002.43763912724,0.25809925166989806,0.25809925166989806,0.00018266506450986085
qwen3_1.7b_base,qkv,21,2,10880.341828697412,0.0597460094614709,0.31784526113136896,0.003613489194365725
qwen3_1.7b_base,qkv,21,3,8377.974497714735,0.04600503839761733,0.3638502995289863,0.004603082810564581
qwen3_1.7b_base,qkv,21,4,5601.122766786954,0.03075682171461491,0.3946071212436012,0.009718793191068624
qwen3_1.7b_base,qkv,21,5,4509.144984165824,0.024760565718307787,0.41936768696190896,0.013119753639462191
qwen3_1.7b_base,qkv,21,6,3709.6643399330974,0.020370466685885213,0.43973815364779417,0.021516998978382808
qwen3_1.7b_base,qkv,21,7,3430.6584034776715,0.018838392456810366,0.4585765461046045,0.03384531094239566
qwen3_1.7b_base,qkv,21,8,3025.4541531901027,0.016613339480289348,0.4751898855848939,0.04972457662996486
qwen3_1.7b_base,qkv,21,9,2609.121257185848,0.014327177010817586,0.4895170625957115,0.038206879311136206
qwen3_1.7b_base,qkv,21,10,2251.2787279455165,0.01236219617893603,0.5018792587746476,0.0779363476571912
qwen3_1.7b_base,qkv,21,11,2143.1010115773856,0.011768171931590812,0.5136474307062383,0.07586201916683259
qwen3_1.7b_base,qkv,21,12,2082.4654989672194,0.011435210893496127,0.5250826415997344,0.045222957369377356
qwen3_1.7b_base,qkv,21,13,1856.4367848551824,0.010194044585992478,0.5352766861857269,0.08726846268482383
qwen3_1.7b_base,qkv,21,14,1566.8501465814306,0.00860386972727754,0.5438805559130044,0.09862589312746264
qwen3_1.7b_base,qkv,21,15,1542.7745132449247,0.008471665882971852,0.5523522217959763,0.1300016873733626
qwen3_1.7b_base,qkv,21,16,1421.699967078776,0.007806822710333034,0.5601590445063093,0.11025989027605278
qwen3_1.7b_base,qkv,22,1,84332.77483965576,0.30617439715934247,0.30617439715934247,0.00012894408282718725
qwen3_1.7b_base,qkv,22,2,15909.165495304453,0.057759028611288794,0.3639334257706312,0.0026679450113773475
qwen3_1.7b_base,qkv,22,3,11455.700851349564,0.04159050035847292,0.40552392612910415,0.010239297286244967
qwen3_1.7b_base,qkv,22,4,7626.00305753372,0.027686589150126673,0.4332105152792308,0.01901045630569572
qwen3_1.7b_base,qkv,22,5,6636.372145552824,0.02409368415604694,0.4573041994352778,0.03119500648974759
qwen3_1.7b_base,qkv,22,6,5539.774465870903,0.020112430910896203,0.477416630346174,0.024045477882202595
qwen3_1.7b_base,qkv,22,7,4822.678893540771,0.017508979228187314,0.49492560957436127,0.036785068459234474
qwen3_1.7b_base,qkv,22,8,4346.71701866603,0.01578097560933711,0.5107065851836984,0.05570909745777853
qwen3_1.7b_base,qkv,22,9,3702.9107455469307,0.013443604427914145,0.5241501896116126,0.0767433965270135
qwen3_1.7b_base,qkv,22,10,3561.155430930055,0.012928954600732769,0.5370791442123453,0.05827732455924826
qwen3_1.7b_base,qkv,22,11,3190.935933439934,0.01158485402208833,0.5486639982344336,0.08178690336959205
qwen3_1.7b_base,qkv,22,12,3158.5525379388573,0.011467284469629439,0.5601312827040631,0.06841457508262973
qwen3_1.7b_base,qkv,22,13,2482.2857786879867,0.009012063854320409,0.5691433465583835,0.10059737042007987
qwen3_1.7b_base,qkv,22,14,2397.46711738687,0.008704125421829505,0.5778474719802129,0.09117873701686084
qwen3_1.7b_base,qkv,22,15,2251.445851135484,0.00817398784184395,0.5860214598220569,0.12170604028046594
qwen3_1.7b_base,qkv,22,16,2051.9778561495796,0.007449809214572288,0.5934712690366293,0.14244924023545635
qwen3_1.7b_base,qkv,23,1,111492.00693739815,0.34173592022272414,0.34173592022272414,7.707447919478779e-05
qwen3_1.7b_base,qkv,23,2,20529.267773315474,0.06292458452157806,0.4046605047443022,0.002477522974697313
qwen3_1.7b_base,qkv,23,3,12640.62091813733,0.038744967826005526,0.44340547257030777,0.004690965259887524
qwen3_1.7b_base,qkv,23,4,7658.733807652196,0.02347490656409552,0.4668803791344033,0.018920768829980453
qwen3_1.7b_base,qkv,23,5,6506.798740540647,0.019944092104748436,0.48682447123915173,0.01618238136464975
qwen3_1.7b_base,qkv,23,6,5699.0149043429665,0.017468141046130793,0.5042926122852825,0.020485691730119104
qwen3_1.7b_base,qkv,23,7,5188.943126864339,0.015904711944400005,0.5201973242296826,0.035093115677114296
qwen3_1.7b_base,qkv,23,8,4477.586618140684,0.013724321817853989,0.5339216460475364,0.05149382753730857
qwen3_1.7b_base,qkv,23,9,3729.1260704559227,0.011430203512520479,0.545351849560057,0.08295265309311806
qwen3_1.7b_base,qkv,23,10,3668.376207233025,0.01124399814244818,0.5565958477025051,0.05096799590986819
qwen3_1.7b_base,qkv,23,11,3265.214001798824,0.010008259267010775,0.5666041069695158,0.06529315851541763
qwen3_1.7b_base,qkv,23,12,3033.7822091066323,0.009298894005617028,0.5759030009751329,0.10767304340674277
qwen3_1.7b_base,qkv,23,13,2564.916923684621,0.007861767576776726,0.5837647685519097,0.08108411868264327
qwen3_1.7b_base,qkv,23,14,2319.3575663935726,0.0071090996928783266,0.5908738682447879,0.11508965851711873
qwen3_1.7b_base,qkv,23,15,2175.410232610835,0.006667884435165078,0.597541752679953,0.11224891625029941
qwen3_1.7b_base,qkv,23,16,2127.990392602922,0.00652253713084202,0.6040642898107951,0.1277070191199782
qwen3_1.7b_base,qkv,24,1,135920.96283845248,0.2813346663376687,0.2813346663376687,0.00020696817086952987
qwen3_1.7b_base,qkv,24,2,29306.92855487716,0.06066065744522306,0.34199532378289177,0.003930851918571162
qwen3_1.7b_base,qkv,24,3,18905.585799693046,0.039131540579185074,0.3811268643620768,0.008286972654858216
qwen3_1.7b_base,qkv,24,4,11888.432450126267,0.02460715482577482,0.4057340191878517,0.02229629815623854
qwen3_1.7b_base,qkv,24,5,10327.125712323175,0.02137549945078566,0.42710951863863733,0.024066750313594253
qwen3_1.7b_base,qkv,24,6,8610.131021114086,0.0178215948987043,0.4449311135373416,0.026023569576378292
qwen3_1.7b_base,qkv,24,7,7807.936374511718,0.016161180209706128,0.46109229374704774,0.0407483765876756
qwen3_1.7b_base,qkv,24,8,6645.047973676361,0.013754187105737288,0.47484648085278497,0.0490502073290601
qwen3_1.7b_base,qkv,24,9,5654.040390891259,0.011702959820272009,0.486549440673057,0.07691957637403145
qwen3_1.7b_base,qkv,24,10,5243.525520603254,0.010853259658889293,0.4974027003319463,0.09349967638323634
qwen3_1.7b_base,qkv,24,11,4987.2725084485255,0.01032285688534318,0.5077255572172894,0.13339000882566318
qwen3_1.7b_base,qkv,24,12,4377.567998630063,0.009060866010262193,0.5167864232275516,0.1332955699747277
qwen3_1.7b_base,qkv,24,13,3812.917233697702,0.007892129185329886,0.5246785524128815,0.12263667110185603
qwen3_1.7b_base,qkv,24,14,3740.4149649377464,0.00774206107836283,0.5324206134912444,0.13106552660464738
qwen3_1.7b_base,qkv,24,15,3505.1735343368496,0.007255148919967081,0.5396757624112114,0.16489357951353076
qwen3_1.7b_base,qkv,24,16,3307.547112116019,0.006846093816222074,0.5465218562274335,0.1422820240059789
qwen3_1.7b_base,qkv,25,1,162066.6130125106,0.28153744617831783,0.28153744617831783,0.0002708805141893564
qwen3_1.7b_base,qkv,25,2,34301.12187376891,0.05958691968620747,0.3411243658645253,0.004762057375155669
qwen3_1.7b_base,qkv,25,3,18898.192085624512,0.03282939427359605,0.37395376013812137,0.010540820886598176
qwen3_1.7b_base,qkv,25,4,13084.772086303376,0.022730488707867424,0.39668424884598885,0.019989533008567997
qwen3_1.7b_base,qkv,25,5,11770.806136640758,0.020447904954452863,0.4171321538004416,0.036511500529798596
qwen3_1.7b_base,qkv,25,6,9413.299724289047,0.016352512804613382,0.433484666605055,0.050388886249935184
qwen3_1.7b_base,qkv,25,7,9123.712941296335,0.01584945099678459,0.4493341176018396,0.04987164692692136
qwen3_1.7b_base,qkv,25,8,7627.19301923442,0.013249739747313591,0.46258385734915314,0.050434312789340116
qwen3_1.7b_base,qkv,25,9,6866.622171921799,0.011928498005971438,0.47451235535512465,0.10287582733236159
qwen3_1.7b_base,qkv,25,10,5974.498272177669,0.01037872609589138,0.484891081451016,0.08164600361031049
qwen3_1.7b_base,qkv,25,11,5580.2235203968075,0.009693803367849885,0.49458488481886587,0.09546448165503264
qwen3_1.7b_base,qkv,25,12,5221.7490488539115,0.009071071854169653,0.5036559566730355,0.0761394758602796
qwen3_1.7b_base,qkv,25,13,4529.797219717879,0.007869033092254292,0.5115249897652898,0.10172351101686113
qwen3_1.7b_base,qkv,25,14,4220.401483381887,0.007331559741961156,0.518856549507251,0.12504478040423175
qwen3_1.7b_base,qkv,25,15,3819.1347442073316,0.0066344907350659186,0.525491040242317,0.2023439474026065
qwen3_1.7b_base,qkv,25,16,3690.752819306859,0.006411469357620672,0.5319025095999376,0.1376430801902342
qwen3_1.7b_base,qkv,26,1,172962.36363593923,0.280245130646793,0.280245130646793,0.0002187889729758523
qwen3_1.7b_base,qkv,26,2,31722.781660358334,0.051399361710847705,0.33164449235764076,0.00692787500677539
qwen3_1.7b_base,qkv,26,3,17196.98907453257,0.027863706002930987,0.35950819836057174,0.01266892604033431
qwen3_1.7b_base,qkv,26,4,12463.989799508594,0.02019498563916358,0.37970318399973535,0.030048100221552545
qwen3_1.7b_base,qkv,26,5,11163.805972737431,0.018088341287532964,0.3977915252872683,0.047797213621226145
qwen3_1.7b_base,qkv,26,6,9403.402906833217,0.015236019101223346,0.41302754438849165,0.056899919254641045
qwen3_1.7b_base,qkv,26,7,8830.154628006174,0.01430720409536994,0.42733474848386155,0.04465320617513869
qwen3_1.7b_base,qkv,26,8,7648.038516089278,0.01239186091168675,0.4397266093955483,0.07466476985360133
qwen3_1.7b_base,qkv,26,9,6709.368805874088,0.010870965787200931,0.4505975751827492,0.13085223684207803
qwen3_1.7b_base,qkv,26,10,6125.834510023711,0.009925484692124745,0.4605230598748739,0.10845297012643376
qwen3_1.7b_base,qkv,26,11,5880.727823204097,0.009528346528502353,0.47005140640337634,0.10893244646374284
qwen3_1.7b_base,qkv,26,12,5257.449168020095,0.008518468977805515,0.47856987538118184,0.17957075358048433
qwen3_1.7b_base,qkv,26,13,4449.9924406908685,0.0072101738592309905,0.48578004924041285,0.18494648235310743
qwen3_1.7b_base,qkv,26,14,4130.076371598539,0.006691824556561312,0.49247187379697416,0.1645018488105895
qwen3_1.7b_base,qkv,26,15,3682.7654355521067,0.005967061613474287,0.4984389354104484,0.20215258998924815
qwen3_1.7b_base,qkv,26,16,3435.8536563460666,0.0055669987190548045,0.5040059341295032,0.20354158916939658
qwen3_1.7b_base,qkv,27,1,115663.49786351559,0.34065870118570823,0.34065870118570823,0.00010855589417620643
qwen3_1.7b_base,qkv,27,2,14866.951853892295,0.04378699073335693,0.3844456919190652,0.004013338276661594
qwen3_1.7b_base,qkv,27,3,11402.071186942001,0.03358202745998631,0.4180277193790515,0.0045453077883897625
qwen3_1.7b_base,qkv,27,4,8239.022806356308,0.024266037774205176,0.4422937571532567,0.017770883115559268
qwen3_1.7b_base,qkv,27,5,5879.598400552766,0.017316927048059393,0.45961068420131607,0.02110938627413826
qwen3_1.7b_base,qkv,27,6,5021.381827103746,0.014789258867107616,0.4743999430684236,0.034958634319852494
qwen3_1.7b_base,qkv,27,7,4583.732207285832,0.013500268357435181,0.4879002114258589,0.033616754541993796
qwen3_1.7b_base,qkv,27,8,4119.089600217551,0.012131776569073396,0.5000319879949323,0.03464769360522157
qwen3_1.7b_base,qkv,27,9,3632.077661523565,0.01069740135509537,0.5107293893500277,0.03969149471196899
qwen3_1.7b_base,qkv,27,10,3331.921132473575,0.009813363303097001,0.5205427526531247,0.06769681101609845
qwen3_1.7b_base,qkv,27,11,2721.287470058189,0.00801489036927512,0.5285576430223997,0.07769149801709695
qwen3_1.7b_base,qkv,27,12,2397.7574325185324,0.007062011332944436,0.5356196543553442,0.09861751891750355
qwen3_1.7b_base,qkv,27,13,2295.8836932246713,0.006761967011669201,0.5423816213670134,0.11070236982547466
qwen3_1.7b_base,qkv,27,14,2045.014265798892,0.006023092129855466,0.5484047134968689,0.12425141018188618
qwen3_1.7b_base,qkv,27,15,1946.5665206917556,0.005733138241184098,0.5541378517380531,0.11179556679985815
qwen3_1.7b_base,qkv,27,16,1778.545710965003,0.005238273812293769,0.5593761255503468,0.16480493047329137
