/projects/nar/nar-validation/e28-env/lib/python3.11/site-packages/transformers/utils/generic.py:441: FutureWarning: `torch.utils._pytree._register_pytree_node` is deprecated. Please use `torch.utils._pytree.register_pytree_node` instead.
  _torch_pytree._register_pytree_node(
/projects/nar/nar-validation/e28-env/lib/python3.11/site-packages/transformers/utils/generic.py:309: FutureWarning: `torch.utils._pytree._register_pytree_node` is deprecated. Please use `torch.utils._pytree.register_pytree_node` instead.
  _torch_pytree._register_pytree_node(
/projects/nar/nar-validation/e28-env/lib/python3.11/site-packages/transformers/utils/generic.py:309: FutureWarning: `torch.utils._pytree._register_pytree_node` is deprecated. Please use `torch.utils._pytree.register_pytree_node` instead.
  _torch_pytree._register_pytree_node(
/projects/nar/nar-validation/e28-env/lib/python3.11/site-packages/transformers/utils/generic.py:441: FutureWarning: `torch.utils._pytree._register_pytree_node` is deprecated. Please use `torch.utils._pytree.register_pytree_node` instead.
  _torch_pytree._register_pytree_node(
/projects/nar/nar-validation/e28-env/lib/python3.11/site-packages/transformers/utils/generic.py:309: FutureWarning: `torch.utils._pytree._register_pytree_node` is deprecated. Please use `torch.utils._pytree.register_pytree_node` instead.
  _torch_pytree._register_pytree_node(
/projects/nar/nar-validation/e28-env/lib/python3.11/site-packages/transformers/utils/generic.py:309: FutureWarning: `torch.utils._pytree._register_pytree_node` is deprecated. Please use `torch.utils._pytree.register_pytree_node` instead.
  _torch_pytree._register_pytree_node(
CACHE PAIR 0 1 [6680, 820]
CACHE PAIR 1 2 [0, 0]
CACHE PAIR 2 3 [0, 0]
CACHE PAIR 0 3 [6680, 820]
EXISTS /home/yanlongc/e28-v2-work/results/e28_v2/20260912_a40_v2_full_int4/correctness/operators_all.json
EXISTS /home/yanlongc/e28-v2-work/results/e28_v2/20260912_a40_v2_full_int4/correctness/r4_3b.json
EXISTS /home/yanlongc/e28-v2-work/results/e28_v2/20260912_a40_v2_full_int4/correctness/r4_8b.json
EXISTS /home/yanlongc/e28-v2-work/results/e28_v2/20260912_a40_v2_full_int4/correctness/model_3b_fp16.json
/projects/nar/nar-validation/e28-env/lib/python3.11/site-packages/transformers/utils/generic.py:441: FutureWarning: `torch.utils._pytree._register_pytree_node` is deprecated. Please use `torch.utils._pytree.register_pytree_node` instead.
  _torch_pytree._register_pytree_node(
/projects/nar/nar-validation/e28-env/lib/python3.11/site-packages/transformers/utils/generic.py:309: FutureWarning: `torch.utils._pytree._register_pytree_node` is deprecated. Please use `torch.utils._pytree.register_pytree_node` instead.
  _torch_pytree._register_pytree_node(
/projects/nar/nar-validation/e28-env/lib/python3.11/site-packages/transformers/utils/generic.py:309: FutureWarning: `torch.utils._pytree._register_pytree_node` is deprecated. Please use `torch.utils._pytree.register_pytree_node` instead.
  _torch_pytree._register_pytree_node(
/projects/nar/nar-validation/e28-env/lib/python3.11/site-packages/transformers/utils/generic.py:441: FutureWarning: `torch.utils._pytree._register_pytree_node` is deprecated. Please use `torch.utils._pytree.register_pytree_node` instead.
  _torch_pytree._register_pytree_node(
/projects/nar/nar-validation/e28-env/lib/python3.11/site-packages/transformers/utils/generic.py:309: FutureWarning: `torch.utils._pytree._register_pytree_node` is deprecated. Please use `torch.utils._pytree.register_pytree_node` instead.
  _torch_pytree._register_pytree_node(
/projects/nar/nar-validation/e28-env/lib/python3.11/site-packages/transformers/utils/generic.py:309: FutureWarning: `torch.utils._pytree._register_pytree_node` is deprecated. Please use `torch.utils._pytree.register_pytree_node` instead.
  _torch_pytree._register_pytree_node(
EXISTS /home/yanlongc/e28-v2-work/results/e28_v2/20260912_a40_v2_full_int4/correctness/model_8b_fp16.json
/projects/nar/nar-validation/e28-env/lib/python3.11/site-packages/transformers/utils/generic.py:441: FutureWarning: `torch.utils._pytree._register_pytree_node` is deprecated. Please use `torch.utils._pytree.register_pytree_node` instead.
  _torch_pytree._register_pytree_node(
/projects/nar/nar-validation/e28-env/lib/python3.11/site-packages/transformers/utils/generic.py:309: FutureWarning: `torch.utils._pytree._register_pytree_node` is deprecated. Please use `torch.utils._pytree.register_pytree_node` instead.
  _torch_pytree._register_pytree_node(
/projects/nar/nar-validation/e28-env/lib/python3.11/site-packages/transformers/utils/generic.py:309: FutureWarning: `torch.utils._pytree._register_pytree_node` is deprecated. Please use `torch.utils._pytree.register_pytree_node` instead.
  _torch_pytree._register_pytree_node(
EXISTS /home/yanlongc/e28-v2-work/results/e28_v2/20260912_a40_v2_full_int4/correctness/model_8b_nar.json
/projects/nar/nar-validation/e28-env/lib/python3.11/site-packages/transformers/utils/generic.py:441: FutureWarning: `torch.utils._pytree._register_pytree_node` is deprecated. Please use `torch.utils._pytree.register_pytree_node` instead.
  _torch_pytree._register_pytree_node(
/projects/nar/nar-validation/e28-env/lib/python3.11/site-packages/transformers/utils/generic.py:309: FutureWarning: `torch.utils._pytree._register_pytree_node` is deprecated. Please use `torch.utils._pytree.register_pytree_node` instead.
  _torch_pytree._register_pytree_node(
/projects/nar/nar-validation/e28-env/lib/python3.11/site-packages/transformers/utils/generic.py:309: FutureWarning: `torch.utils._pytree._register_pytree_node` is deprecated. Please use `torch.utils._pytree.register_pytree_node` instead.
  _torch_pytree._register_pytree_node(
3b_fp16_eager_sequence_prefill1_s1 run 0 0.20135
3b_fp16_eager_sequence_prefill1_s1 run 10 0.20134
3b_fp16_eager_sequence_prefill1_s1 run 20 0.20146
3b_fp16_eager_sequence_prefill1_s1 run 30 0.2016
3b_fp16_eager_sequence_prefill1_s1 run 40 0.20147
/projects/nar/nar-validation/e28-env/lib/python3.11/site-packages/transformers/utils/generic.py:441: FutureWarning: `torch.utils._pytree._register_pytree_node` is deprecated. Please use `torch.utils._pytree.register_pytree_node` instead.
  _torch_pytree._register_pytree_node(
/projects/nar/nar-validation/e28-env/lib/python3.11/site-packages/transformers/utils/generic.py:309: FutureWarning: `torch.utils._pytree._register_pytree_node` is deprecated. Please use `torch.utils._pytree.register_pytree_node` instead.
  _torch_pytree._register_pytree_node(
/projects/nar/nar-validation/e28-env/lib/python3.11/site-packages/transformers/utils/generic.py:309: FutureWarning: `torch.utils._pytree._register_pytree_node` is deprecated. Please use `torch.utils._pytree.register_pytree_node` instead.
  _torch_pytree._register_pytree_node(
3b_fp16_eager_sequence_prefill16_s1 run 0 2.31868
3b_fp16_eager_sequence_prefill16_s1 run 10 2.33284
3b_fp16_eager_sequence_prefill16_s1 run 20 2.33864
3b_fp16_eager_sequence_prefill16_s1 run 30 2.3489
3b_fp16_eager_sequence_prefill16_s1 run 40 2.35301
/projects/nar/nar-validation/e28-env/lib/python3.11/site-packages/transformers/utils/generic.py:441: FutureWarning: `torch.utils._pytree._register_pytree_node` is deprecated. Please use `torch.utils._pytree.register_pytree_node` instead.
  _torch_pytree._register_pytree_node(
/projects/nar/nar-validation/e28-env/lib/python3.11/site-packages/transformers/utils/generic.py:309: FutureWarning: `torch.utils._pytree._register_pytree_node` is deprecated. Please use `torch.utils._pytree.register_pytree_node` instead.
  _torch_pytree._register_pytree_node(
/projects/nar/nar-validation/e28-env/lib/python3.11/site-packages/transformers/utils/generic.py:309: FutureWarning: `torch.utils._pytree._register_pytree_node` is deprecated. Please use `torch.utils._pytree.register_pytree_node` instead.
  _torch_pytree._register_pytree_node(
3b_fp16_eager_sequence_decode_s1 run 0 2.51997
3b_fp16_eager_sequence_decode_s1 run 10 2.5523
3b_fp16_eager_sequence_decode_s1 run 20 2.53282
3b_fp16_eager_sequence_decode_s1 run 30 2.51835
3b_fp16_eager_sequence_decode_s1 run 40 2.52888
/projects/nar/nar-validation/e28-env/lib/python3.11/site-packages/transformers/utils/generic.py:441: FutureWarning: `torch.utils._pytree._register_pytree_node` is deprecated. Please use `torch.utils._pytree.register_pytree_node` instead.
  _torch_pytree._register_pytree_node(
/projects/nar/nar-validation/e28-env/lib/python3.11/site-packages/transformers/utils/generic.py:309: FutureWarning: `torch.utils._pytree._register_pytree_node` is deprecated. Please use `torch.utils._pytree.register_pytree_node` instead.
  _torch_pytree._register_pytree_node(
/projects/nar/nar-validation/e28-env/lib/python3.11/site-packages/transformers/utils/generic.py:309: FutureWarning: `torch.utils._pytree._register_pytree_node` is deprecated. Please use `torch.utils._pytree.register_pytree_node` instead.
  _torch_pytree._register_pytree_node(
3b_fp16_eager_step_sync_decode_s1 run 0 2.79035
3b_fp16_eager_step_sync_decode_s1 run 10 2.74613
3b_fp16_eager_step_sync_decode_s1 run 20 2.78402
3b_fp16_eager_step_sync_decode_s1 run 30 2.78321
3b_fp16_eager_step_sync_decode_s1 run 40 2.78241
/projects/nar/nar-validation/e28-env/lib/python3.11/site-packages/transformers/utils/generic.py:441: FutureWarning: `torch.utils._pytree._register_pytree_node` is deprecated. Please use `torch.utils._pytree.register_pytree_node` instead.
  _torch_pytree._register_pytree_node(
/projects/nar/nar-validation/e28-env/lib/python3.11/site-packages/transformers/utils/generic.py:309: FutureWarning: `torch.utils._pytree._register_pytree_node` is deprecated. Please use `torch.utils._pytree.register_pytree_node` instead.
  _torch_pytree._register_pytree_node(
/projects/nar/nar-validation/e28-env/lib/python3.11/site-packages/transformers/utils/generic.py:309: FutureWarning: `torch.utils._pytree._register_pytree_node` is deprecated. Please use `torch.utils._pytree.register_pytree_node` instead.
  _torch_pytree._register_pytree_node(
3b_hadamard_eager_sequence_prefill1_s1 run 0 0.15973
3b_hadamard_eager_sequence_prefill1_s1 run 10 0.15964
3b_hadamard_eager_sequence_prefill1_s1 run 20 0.15962
3b_hadamard_eager_sequence_prefill1_s1 run 30 0.16031
3b_hadamard_eager_sequence_prefill1_s1 run 40 0.16031
/projects/nar/nar-validation/e28-env/lib/python3.11/site-packages/transformers/utils/generic.py:441: FutureWarning: `torch.utils._pytree._register_pytree_node` is deprecated. Please use `torch.utils._pytree.register_pytree_node` instead.
  _torch_pytree._register_pytree_node(
/projects/nar/nar-validation/e28-env/lib/python3.11/site-packages/transformers/utils/generic.py:309: FutureWarning: `torch.utils._pytree._register_pytree_node` is deprecated. Please use `torch.utils._pytree.register_pytree_node` instead.
  _torch_pytree._register_pytree_node(
/projects/nar/nar-validation/e28-env/lib/python3.11/site-packages/transformers/utils/generic.py:309: FutureWarning: `torch.utils._pytree._register_pytree_node` is deprecated. Please use `torch.utils._pytree.register_pytree_node` instead.
  _torch_pytree._register_pytree_node(
3b_hadamard_eager_sequence_prefill16_s1 run 0 1.82844
3b_hadamard_eager_sequence_prefill16_s1 run 10 1.8292
3b_hadamard_eager_sequence_prefill16_s1 run 20 1.83097
3b_hadamard_eager_sequence_prefill16_s1 run 30 1.83157
3b_hadamard_eager_sequence_prefill16_s1 run 40 1.83173
/projects/nar/nar-validation/e28-env/lib/python3.11/site-packages/transformers/utils/generic.py:441: FutureWarning: `torch.utils._pytree._register_pytree_node` is deprecated. Please use `torch.utils._pytree.register_pytree_node` instead.
  _torch_pytree._register_pytree_node(
/projects/nar/nar-validation/e28-env/lib/python3.11/site-packages/transformers/utils/generic.py:309: FutureWarning: `torch.utils._pytree._register_pytree_node` is deprecated. Please use `torch.utils._pytree.register_pytree_node` instead.
  _torch_pytree._register_pytree_node(
/projects/nar/nar-validation/e28-env/lib/python3.11/site-packages/transformers/utils/generic.py:309: FutureWarning: `torch.utils._pytree._register_pytree_node` is deprecated. Please use `torch.utils._pytree.register_pytree_node` instead.
  _torch_pytree._register_pytree_node(
3b_hadamard_eager_sequence_decode_s1 run 0 5.2445
3b_hadamard_eager_sequence_decode_s1 run 10 5.21216
3b_hadamard_eager_sequence_decode_s1 run 20 5.31228
3b_hadamard_eager_sequence_decode_s1 run 30 5.16799
3b_hadamard_eager_sequence_decode_s1 run 40 5.22288
/projects/nar/nar-validation/e28-env/lib/python3.11/site-packages/transformers/utils/generic.py:441: FutureWarning: `torch.utils._pytree._register_pytree_node` is deprecated. Please use `torch.utils._pytree.register_pytree_node` instead.
  _torch_pytree._register_pytree_node(
/projects/nar/nar-validation/e28-env/lib/python3.11/site-packages/transformers/utils/generic.py:309: FutureWarning: `torch.utils._pytree._register_pytree_node` is deprecated. Please use `torch.utils._pytree.register_pytree_node` instead.
  _torch_pytree._register_pytree_node(
/projects/nar/nar-validation/e28-env/lib/python3.11/site-packages/transformers/utils/generic.py:309: FutureWarning: `torch.utils._pytree._register_pytree_node` is deprecated. Please use `torch.utils._pytree.register_pytree_node` instead.
  _torch_pytree._register_pytree_node(
3b_hadamard_eager_step_sync_decode_s1 run 0 5.20286
3b_hadamard_eager_step_sync_decode_s1 run 10 5.16527
3b_hadamard_eager_step_sync_decode_s1 run 20 5.16426
3b_hadamard_eager_step_sync_decode_s1 run 30 5.27849
3b_hadamard_eager_step_sync_decode_s1 run 40 5.26629
/projects/nar/nar-validation/e28-env/lib/python3.11/site-packages/transformers/utils/generic.py:441: FutureWarning: `torch.utils._pytree._register_pytree_node` is deprecated. Please use `torch.utils._pytree.register_pytree_node` instead.
  _torch_pytree._register_pytree_node(
/projects/nar/nar-validation/e28-env/lib/python3.11/site-packages/transformers/utils/generic.py:309: FutureWarning: `torch.utils._pytree._register_pytree_node` is deprecated. Please use `torch.utils._pytree.register_pytree_node` instead.
  _torch_pytree._register_pytree_node(
/projects/nar/nar-validation/e28-env/lib/python3.11/site-packages/transformers/utils/generic.py:309: FutureWarning: `torch.utils._pytree._register_pytree_node` is deprecated. Please use `torch.utils._pytree.register_pytree_node` instead.
  _torch_pytree._register_pytree_node(
3b_nar_eager_sequence_prefill1_s1 run 0 0.16155
3b_nar_eager_sequence_prefill1_s1 run 10 0.16242
3b_nar_eager_sequence_prefill1_s1 run 20 0.16156
3b_nar_eager_sequence_prefill1_s1 run 30 0.16155
3b_nar_eager_sequence_prefill1_s1 run 40 0.16159
/projects/nar/nar-validation/e28-env/lib/python3.11/site-packages/transformers/utils/generic.py:441: FutureWarning: `torch.utils._pytree._register_pytree_node` is deprecated. Please use `torch.utils._pytree.register_pytree_node` instead.
  _torch_pytree._register_pytree_node(
/projects/nar/nar-validation/e28-env/lib/python3.11/site-packages/transformers/utils/generic.py:309: FutureWarning: `torch.utils._pytree._register_pytree_node` is deprecated. Please use `torch.utils._pytree.register_pytree_node` instead.
  _torch_pytree._register_pytree_node(
/projects/nar/nar-validation/e28-env/lib/python3.11/site-packages/transformers/utils/generic.py:309: FutureWarning: `torch.utils._pytree._register_pytree_node` is deprecated. Please use `torch.utils._pytree.register_pytree_node` instead.
  _torch_pytree._register_pytree_node(
3b_nar_eager_sequence_prefill16_s1 run 0 1.85393
3b_nar_eager_sequence_prefill16_s1 run 10 1.85608
3b_nar_eager_sequence_prefill16_s1 run 20 1.85774
3b_nar_eager_sequence_prefill16_s1 run 30 1.85863
3b_nar_eager_sequence_prefill16_s1 run 40 1.86017
/projects/nar/nar-validation/e28-env/lib/python3.11/site-packages/transformers/utils/generic.py:441: FutureWarning: `torch.utils._pytree._register_pytree_node` is deprecated. Please use `torch.utils._pytree.register_pytree_node` instead.
  _torch_pytree._register_pytree_node(
/projects/nar/nar-validation/e28-env/lib/python3.11/site-packages/transformers/utils/generic.py:309: FutureWarning: `torch.utils._pytree._register_pytree_node` is deprecated. Please use `torch.utils._pytree.register_pytree_node` instead.
  _torch_pytree._register_pytree_node(
/projects/nar/nar-validation/e28-env/lib/python3.11/site-packages/transformers/utils/generic.py:309: FutureWarning: `torch.utils._pytree._register_pytree_node` is deprecated. Please use `torch.utils._pytree.register_pytree_node` instead.
  _torch_pytree._register_pytree_node(
3b_nar_eager_sequence_decode_s1 run 0 4.97362
3b_nar_eager_sequence_decode_s1 run 10 4.96282
3b_nar_eager_sequence_decode_s1 run 20 4.94842
3b_nar_eager_sequence_decode_s1 run 30 4.9304
3b_nar_eager_sequence_decode_s1 run 40 4.94835
/projects/nar/nar-validation/e28-env/lib/python3.11/site-packages/transformers/utils/generic.py:441: FutureWarning: `torch.utils._pytree._register_pytree_node` is deprecated. Please use `torch.utils._pytree.register_pytree_node` instead.
  _torch_pytree._register_pytree_node(
/projects/nar/nar-validation/e28-env/lib/python3.11/site-packages/transformers/utils/generic.py:309: FutureWarning: `torch.utils._pytree._register_pytree_node` is deprecated. Please use `torch.utils._pytree.register_pytree_node` instead.
  _torch_pytree._register_pytree_node(
/projects/nar/nar-validation/e28-env/lib/python3.11/site-packages/transformers/utils/generic.py:309: FutureWarning: `torch.utils._pytree._register_pytree_node` is deprecated. Please use `torch.utils._pytree.register_pytree_node` instead.
  _torch_pytree._register_pytree_node(
3b_nar_eager_step_sync_decode_s1 run 0 5.3079
3b_nar_eager_step_sync_decode_s1 run 10 5.33199
3b_nar_eager_step_sync_decode_s1 run 20 5.26303
3b_nar_eager_step_sync_decode_s1 run 30 5.27454
3b_nar_eager_step_sync_decode_s1 run 40 5.20993
/projects/nar/nar-validation/e28-env/lib/python3.11/site-packages/transformers/utils/generic.py:441: FutureWarning: `torch.utils._pytree._register_pytree_node` is deprecated. Please use `torch.utils._pytree.register_pytree_node` instead.
  _torch_pytree._register_pytree_node(
/projects/nar/nar-validation/e28-env/lib/python3.11/site-packages/transformers/utils/generic.py:309: FutureWarning: `torch.utils._pytree._register_pytree_node` is deprecated. Please use `torch.utils._pytree.register_pytree_node` instead.
  _torch_pytree._register_pytree_node(
/projects/nar/nar-validation/e28-env/lib/python3.11/site-packages/transformers/utils/generic.py:309: FutureWarning: `torch.utils._pytree._register_pytree_node` is deprecated. Please use `torch.utils._pytree.register_pytree_node` instead.
  _torch_pytree._register_pytree_node(
8b_fp16_eager_sequence_prefill1_s1 run 0 0.38873
8b_fp16_eager_sequence_prefill1_s1 run 10 0.39066
8b_fp16_eager_sequence_prefill1_s1 run 20 0.39102
8b_fp16_eager_sequence_prefill1_s1 run 30 0.3921
8b_fp16_eager_sequence_prefill1_s1 run 40 0.38906
/projects/nar/nar-validation/e28-env/lib/python3.11/site-packages/transformers/utils/generic.py:441: FutureWarning: `torch.utils._pytree._register_pytree_node` is deprecated. Please use `torch.utils._pytree.register_pytree_node` instead.
  _torch_pytree._register_pytree_node(
/projects/nar/nar-validation/e28-env/lib/python3.11/site-packages/transformers/utils/generic.py:309: FutureWarning: `torch.utils._pytree._register_pytree_node` is deprecated. Please use `torch.utils._pytree.register_pytree_node` instead.
  _torch_pytree._register_pytree_node(
/projects/nar/nar-validation/e28-env/lib/python3.11/site-packages/transformers/utils/generic.py:309: FutureWarning: `torch.utils._pytree._register_pytree_node` is deprecated. Please use `torch.utils._pytree.register_pytree_node` instead.
  _torch_pytree._register_pytree_node(
8b_fp16_eager_sequence_prefill16_s1 run 0 5.05624
8b_fp16_eager_sequence_prefill16_s1 run 10 5.07373
8b_fp16_eager_sequence_prefill16_s1 run 20 5.09362
8b_fp16_eager_sequence_prefill16_s1 run 30 5.10806
8b_fp16_eager_sequence_prefill16_s1 run 40 5.11781
/projects/nar/nar-validation/e28-env/lib/python3.11/site-packages/transformers/utils/generic.py:441: FutureWarning: `torch.utils._pytree._register_pytree_node` is deprecated. Please use `torch.utils._pytree.register_pytree_node` instead.
  _torch_pytree._register_pytree_node(
/projects/nar/nar-validation/e28-env/lib/python3.11/site-packages/transformers/utils/generic.py:309: FutureWarning: `torch.utils._pytree._register_pytree_node` is deprecated. Please use `torch.utils._pytree.register_pytree_node` instead.
  _torch_pytree._register_pytree_node(
/projects/nar/nar-validation/e28-env/lib/python3.11/site-packages/transformers/utils/generic.py:309: FutureWarning: `torch.utils._pytree._register_pytree_node` is deprecated. Please use `torch.utils._pytree.register_pytree_node` instead.
  _torch_pytree._register_pytree_node(
8b_fp16_eager_sequence_decode_s1 run 0 3.62377
8b_fp16_eager_sequence_decode_s1 run 10 3.62434
8b_fp16_eager_sequence_decode_s1 run 20 3.62511
8b_fp16_eager_sequence_decode_s1 run 30 3.62462
8b_fp16_eager_sequence_decode_s1 run 40 3.62487
/projects/nar/nar-validation/e28-env/lib/python3.11/site-packages/transformers/utils/generic.py:441: FutureWarning: `torch.utils._pytree._register_pytree_node` is deprecated. Please use `torch.utils._pytree.register_pytree_node` instead.
  _torch_pytree._register_pytree_node(
/projects/nar/nar-validation/e28-env/lib/python3.11/site-packages/transformers/utils/generic.py:309: FutureWarning: `torch.utils._pytree._register_pytree_node` is deprecated. Please use `torch.utils._pytree.register_pytree_node` instead.
  _torch_pytree._register_pytree_node(
/projects/nar/nar-validation/e28-env/lib/python3.11/site-packages/transformers/utils/generic.py:309: FutureWarning: `torch.utils._pytree._register_pytree_node` is deprecated. Please use `torch.utils._pytree.register_pytree_node` instead.
  _torch_pytree._register_pytree_node(
8b_fp16_eager_step_sync_decode_s1 run 0 3.7223
8b_fp16_eager_step_sync_decode_s1 run 10 3.73935
8b_fp16_eager_step_sync_decode_s1 run 20 3.72191
8b_fp16_eager_step_sync_decode_s1 run 30 3.7226
8b_fp16_eager_step_sync_decode_s1 run 40 3.726
/projects/nar/nar-validation/e28-env/lib/python3.11/site-packages/transformers/utils/generic.py:441: FutureWarning: `torch.utils._pytree._register_pytree_node` is deprecated. Please use `torch.utils._pytree.register_pytree_node` instead.
  _torch_pytree._register_pytree_node(
/projects/nar/nar-validation/e28-env/lib/python3.11/site-packages/transformers/utils/generic.py:309: FutureWarning: `torch.utils._pytree._register_pytree_node` is deprecated. Please use `torch.utils._pytree.register_pytree_node` instead.
  _torch_pytree._register_pytree_node(
/projects/nar/nar-validation/e28-env/lib/python3.11/site-packages/transformers/utils/generic.py:309: FutureWarning: `torch.utils._pytree._register_pytree_node` is deprecated. Please use `torch.utils._pytree.register_pytree_node` instead.
  _torch_pytree._register_pytree_node(
8b_hadamard_eager_sequence_prefill1_s1 run 0 0.2691
8b_hadamard_eager_sequence_prefill1_s1 run 10 0.26923
8b_hadamard_eager_sequence_prefill1_s1 run 20 0.26922
8b_hadamard_eager_sequence_prefill1_s1 run 30 0.26921
8b_hadamard_eager_sequence_prefill1_s1 run 40 0.26922
/projects/nar/nar-validation/e28-env/lib/python3.11/site-packages/transformers/utils/generic.py:441: FutureWarning: `torch.utils._pytree._register_pytree_node` is deprecated. Please use `torch.utils._pytree.register_pytree_node` instead.
  _torch_pytree._register_pytree_node(
/projects/nar/nar-validation/e28-env/lib/python3.11/site-packages/transformers/utils/generic.py:309: FutureWarning: `torch.utils._pytree._register_pytree_node` is deprecated. Please use `torch.utils._pytree.register_pytree_node` instead.
  _torch_pytree._register_pytree_node(
/projects/nar/nar-validation/e28-env/lib/python3.11/site-packages/transformers/utils/generic.py:309: FutureWarning: `torch.utils._pytree._register_pytree_node` is deprecated. Please use `torch.utils._pytree.register_pytree_node` instead.
  _torch_pytree._register_pytree_node(
8b_hadamard_eager_sequence_prefill16_s1 run 0 3.41609
8b_hadamard_eager_sequence_prefill16_s1 run 10 3.42313
8b_hadamard_eager_sequence_prefill16_s1 run 20 3.42587
8b_hadamard_eager_sequence_prefill16_s1 run 30 3.42836
8b_hadamard_eager_sequence_prefill16_s1 run 40 3.42833
/projects/nar/nar-validation/e28-env/lib/python3.11/site-packages/transformers/utils/generic.py:441: FutureWarning: `torch.utils._pytree._register_pytree_node` is deprecated. Please use `torch.utils._pytree.register_pytree_node` instead.
  _torch_pytree._register_pytree_node(
/projects/nar/nar-validation/e28-env/lib/python3.11/site-packages/transformers/utils/generic.py:309: FutureWarning: `torch.utils._pytree._register_pytree_node` is deprecated. Please use `torch.utils._pytree.register_pytree_node` instead.
  _torch_pytree._register_pytree_node(
/projects/nar/nar-validation/e28-env/lib/python3.11/site-packages/transformers/utils/generic.py:309: FutureWarning: `torch.utils._pytree._register_pytree_node` is deprecated. Please use `torch.utils._pytree.register_pytree_node` instead.
  _torch_pytree._register_pytree_node(
8b_hadamard_eager_sequence_decode_s1 run 0 6.32937
8b_hadamard_eager_sequence_decode_s1 run 10 6.41944
8b_hadamard_eager_sequence_decode_s1 run 20 6.62153
8b_hadamard_eager_sequence_decode_s1 run 30 6.34088
8b_hadamard_eager_sequence_decode_s1 run 40 6.31932
/projects/nar/nar-validation/e28-env/lib/python3.11/site-packages/transformers/utils/generic.py:441: FutureWarning: `torch.utils._pytree._register_pytree_node` is deprecated. Please use `torch.utils._pytree.register_pytree_node` instead.
  _torch_pytree._register_pytree_node(
/projects/nar/nar-validation/e28-env/lib/python3.11/site-packages/transformers/utils/generic.py:309: FutureWarning: `torch.utils._pytree._register_pytree_node` is deprecated. Please use `torch.utils._pytree.register_pytree_node` instead.
  _torch_pytree._register_pytree_node(
/projects/nar/nar-validation/e28-env/lib/python3.11/site-packages/transformers/utils/generic.py:309: FutureWarning: `torch.utils._pytree._register_pytree_node` is deprecated. Please use `torch.utils._pytree.register_pytree_node` instead.
  _torch_pytree._register_pytree_node(
8b_hadamard_eager_step_sync_decode_s1 run 0 6.37907
8b_hadamard_eager_step_sync_decode_s1 run 10 6.45074
8b_hadamard_eager_step_sync_decode_s1 run 20 6.35166
8b_hadamard_eager_step_sync_decode_s1 run 30 6.34381
8b_hadamard_eager_step_sync_decode_s1 run 40 6.37655
/projects/nar/nar-validation/e28-env/lib/python3.11/site-packages/transformers/utils/generic.py:441: FutureWarning: `torch.utils._pytree._register_pytree_node` is deprecated. Please use `torch.utils._pytree.register_pytree_node` instead.
  _torch_pytree._register_pytree_node(
/projects/nar/nar-validation/e28-env/lib/python3.11/site-packages/transformers/utils/generic.py:309: FutureWarning: `torch.utils._pytree._register_pytree_node` is deprecated. Please use `torch.utils._pytree.register_pytree_node` instead.
  _torch_pytree._register_pytree_node(
/projects/nar/nar-validation/e28-env/lib/python3.11/site-packages/transformers/utils/generic.py:309: FutureWarning: `torch.utils._pytree._register_pytree_node` is deprecated. Please use `torch.utils._pytree.register_pytree_node` instead.
  _torch_pytree._register_pytree_node(
8b_nar_eager_sequence_prefill1_s1 run 0 0.26722
8b_nar_eager_sequence_prefill1_s1 run 10 0.26676
8b_nar_eager_sequence_prefill1_s1 run 20 0.26679
8b_nar_eager_sequence_prefill1_s1 run 30 0.26667
8b_nar_eager_sequence_prefill1_s1 run 40 0.26718
/projects/nar/nar-validation/e28-env/lib/python3.11/site-packages/transformers/utils/generic.py:441: FutureWarning: `torch.utils._pytree._register_pytree_node` is deprecated. Please use `torch.utils._pytree.register_pytree_node` instead.
  _torch_pytree._register_pytree_node(
/projects/nar/nar-validation/e28-env/lib/python3.11/site-packages/transformers/utils/generic.py:309: FutureWarning: `torch.utils._pytree._register_pytree_node` is deprecated. Please use `torch.utils._pytree.register_pytree_node` instead.
  _torch_pytree._register_pytree_node(
/projects/nar/nar-validation/e28-env/lib/python3.11/site-packages/transformers/utils/generic.py:309: FutureWarning: `torch.utils._pytree._register_pytree_node` is deprecated. Please use `torch.utils._pytree.register_pytree_node` instead.
  _torch_pytree._register_pytree_node(
8b_nar_eager_sequence_prefill16_s1 run 0 3.37897
8b_nar_eager_sequence_prefill16_s1 run 10 3.38875
8b_nar_eager_sequence_prefill16_s1 run 20 3.39173
8b_nar_eager_sequence_prefill16_s1 run 30 3.39694
8b_nar_eager_sequence_prefill16_s1 run 40 3.39991
/projects/nar/nar-validation/e28-env/lib/python3.11/site-packages/transformers/utils/generic.py:441: FutureWarning: `torch.utils._pytree._register_pytree_node` is deprecated. Please use `torch.utils._pytree.register_pytree_node` instead.
  _torch_pytree._register_pytree_node(
/projects/nar/nar-validation/e28-env/lib/python3.11/site-packages/transformers/utils/generic.py:309: FutureWarning: `torch.utils._pytree._register_pytree_node` is deprecated. Please use `torch.utils._pytree.register_pytree_node` instead.
  _torch_pytree._register_pytree_node(
/projects/nar/nar-validation/e28-env/lib/python3.11/site-packages/transformers/utils/generic.py:309: FutureWarning: `torch.utils._pytree._register_pytree_node` is deprecated. Please use `torch.utils._pytree.register_pytree_node` instead.
  _torch_pytree._register_pytree_node(
8b_nar_eager_sequence_decode_s1 run 0 6.24478
8b_nar_eager_sequence_decode_s1 run 10 5.97974
8b_nar_eager_sequence_decode_s1 run 20 6.01186
8b_nar_eager_sequence_decode_s1 run 30 6.06123
8b_nar_eager_sequence_decode_s1 run 40 6.06324
/projects/nar/nar-validation/e28-env/lib/python3.11/site-packages/transformers/utils/generic.py:441: FutureWarning: `torch.utils._pytree._register_pytree_node` is deprecated. Please use `torch.utils._pytree.register_pytree_node` instead.
  _torch_pytree._register_pytree_node(
/projects/nar/nar-validation/e28-env/lib/python3.11/site-packages/transformers/utils/generic.py:309: FutureWarning: `torch.utils._pytree._register_pytree_node` is deprecated. Please use `torch.utils._pytree.register_pytree_node` instead.
  _torch_pytree._register_pytree_node(
/projects/nar/nar-validation/e28-env/lib/python3.11/site-packages/transformers/utils/generic.py:309: FutureWarning: `torch.utils._pytree._register_pytree_node` is deprecated. Please use `torch.utils._pytree.register_pytree_node` instead.
  _torch_pytree._register_pytree_node(
8b_nar_eager_step_sync_decode_s1 run 0 6.45825
8b_nar_eager_step_sync_decode_s1 run 10 6.50484
8b_nar_eager_step_sync_decode_s1 run 20 6.40799
8b_nar_eager_step_sync_decode_s1 run 30 6.40748
8b_nar_eager_step_sync_decode_s1 run 40 6.62112
COLLECT 24 groups 0 kernel rows
/projects/nar/nar-validation/e28-env/lib/python3.11/site-packages/transformers/utils/generic.py:441: FutureWarning: `torch.utils._pytree._register_pytree_node` is deprecated. Please use `torch.utils._pytree.register_pytree_node` instead.
  _torch_pytree._register_pytree_node(
/projects/nar/nar-validation/e28-env/lib/python3.11/site-packages/transformers/utils/generic.py:309: FutureWarning: `torch.utils._pytree._register_pytree_node` is deprecated. Please use `torch.utils._pytree.register_pytree_node` instead.
  _torch_pytree._register_pytree_node(
/projects/nar/nar-validation/e28-env/lib/python3.11/site-packages/transformers/utils/generic.py:309: FutureWarning: `torch.utils._pytree._register_pytree_node` is deprecated. Please use `torch.utils._pytree.register_pytree_node` instead.
  _torch_pytree._register_pytree_node(
3b_hadamard_eager_sequence_prefill1_s2 run 0 0.15989
3b_hadamard_eager_sequence_prefill1_s2 run 10 0.15986
3b_hadamard_eager_sequence_prefill1_s2 run 20 0.15994
3b_hadamard_eager_sequence_prefill1_s2 run 30 0.15978
3b_hadamard_eager_sequence_prefill1_s2 run 40 0.15982
/projects/nar/nar-validation/e28-env/lib/python3.11/site-packages/transformers/utils/generic.py:441: FutureWarning: `torch.utils._pytree._register_pytree_node` is deprecated. Please use `torch.utils._pytree.register_pytree_node` instead.
  _torch_pytree._register_pytree_node(
/projects/nar/nar-validation/e28-env/lib/python3.11/site-packages/transformers/utils/generic.py:309: FutureWarning: `torch.utils._pytree._register_pytree_node` is deprecated. Please use `torch.utils._pytree.register_pytree_node` instead.
  _torch_pytree._register_pytree_node(
/projects/nar/nar-validation/e28-env/lib/python3.11/site-packages/transformers/utils/generic.py:309: FutureWarning: `torch.utils._pytree._register_pytree_node` is deprecated. Please use `torch.utils._pytree.register_pytree_node` instead.
  _torch_pytree._register_pytree_node(
3b_hadamard_eager_sequence_prefill16_s2 run 0 1.82795
3b_hadamard_eager_sequence_prefill16_s2 run 10 1.82928
3b_hadamard_eager_sequence_prefill16_s2 run 20 1.82983
3b_hadamard_eager_sequence_prefill16_s2 run 30 1.83064
3b_hadamard_eager_sequence_prefill16_s2 run 40 1.83163
/projects/nar/nar-validation/e28-env/lib/python3.11/site-packages/transformers/utils/generic.py:441: FutureWarning: `torch.utils._pytree._register_pytree_node` is deprecated. Please use `torch.utils._pytree.register_pytree_node` instead.
  _torch_pytree._register_pytree_node(
/projects/nar/nar-validation/e28-env/lib/python3.11/site-packages/transformers/utils/generic.py:309: FutureWarning: `torch.utils._pytree._register_pytree_node` is deprecated. Please use `torch.utils._pytree.register_pytree_node` instead.
  _torch_pytree._register_pytree_node(
/projects/nar/nar-validation/e28-env/lib/python3.11/site-packages/transformers/utils/generic.py:309: FutureWarning: `torch.utils._pytree._register_pytree_node` is deprecated. Please use `torch.utils._pytree.register_pytree_node` instead.
  _torch_pytree._register_pytree_node(
3b_hadamard_eager_sequence_decode_s2 run 0 5.27242
3b_hadamard_eager_sequence_decode_s2 run 10 5.19738
3b_hadamard_eager_sequence_decode_s2 run 20 5.22491
3b_hadamard_eager_sequence_decode_s2 run 30 5.22729
3b_hadamard_eager_sequence_decode_s2 run 40 5.28584
/projects/nar/nar-validation/e28-env/lib/python3.11/site-packages/transformers/utils/generic.py:441: FutureWarning: `torch.utils._pytree._register_pytree_node` is deprecated. Please use `torch.utils._pytree.register_pytree_node` instead.
  _torch_pytree._register_pytree_node(
/projects/nar/nar-validation/e28-env/lib/python3.11/site-packages/transformers/utils/generic.py:309: FutureWarning: `torch.utils._pytree._register_pytree_node` is deprecated. Please use `torch.utils._pytree.register_pytree_node` instead.
  _torch_pytree._register_pytree_node(
/projects/nar/nar-validation/e28-env/lib/python3.11/site-packages/transformers/utils/generic.py:309: FutureWarning: `torch.utils._pytree._register_pytree_node` is deprecated. Please use `torch.utils._pytree.register_pytree_node` instead.
  _torch_pytree._register_pytree_node(
3b_hadamard_eager_step_sync_decode_s2 run 0 5.4936
3b_hadamard_eager_step_sync_decode_s2 run 10 5.45145
3b_hadamard_eager_step_sync_decode_s2 run 20 5.43641
3b_hadamard_eager_step_sync_decode_s2 run 30 5.42496
3b_hadamard_eager_step_sync_decode_s2 run 40 5.54616
/projects/nar/nar-validation/e28-env/lib/python3.11/site-packages/transformers/utils/generic.py:441: FutureWarning: `torch.utils._pytree._register_pytree_node` is deprecated. Please use `torch.utils._pytree.register_pytree_node` instead.
  _torch_pytree._register_pytree_node(
/projects/nar/nar-validation/e28-env/lib/python3.11/site-packages/transformers/utils/generic.py:309: FutureWarning: `torch.utils._pytree._register_pytree_node` is deprecated. Please use `torch.utils._pytree.register_pytree_node` instead.
  _torch_pytree._register_pytree_node(
/projects/nar/nar-validation/e28-env/lib/python3.11/site-packages/transformers/utils/generic.py:309: FutureWarning: `torch.utils._pytree._register_pytree_node` is deprecated. Please use `torch.utils._pytree.register_pytree_node` instead.
  _torch_pytree._register_pytree_node(
3b_nar_eager_sequence_prefill1_s2 run 0 0.16164
3b_nar_eager_sequence_prefill1_s2 run 10 0.16156
3b_nar_eager_sequence_prefill1_s2 run 20 0.16157
3b_nar_eager_sequence_prefill1_s2 run 30 0.16154
3b_nar_eager_sequence_prefill1_s2 run 40 0.16154
/projects/nar/nar-validation/e28-env/lib/python3.11/site-packages/transformers/utils/generic.py:441: FutureWarning: `torch.utils._pytree._register_pytree_node` is deprecated. Please use `torch.utils._pytree.register_pytree_node` instead.
  _torch_pytree._register_pytree_node(
/projects/nar/nar-validation/e28-env/lib/python3.11/site-packages/transformers/utils/generic.py:309: FutureWarning: `torch.utils._pytree._register_pytree_node` is deprecated. Please use `torch.utils._pytree.register_pytree_node` instead.
  _torch_pytree._register_pytree_node(
/projects/nar/nar-validation/e28-env/lib/python3.11/site-packages/transformers/utils/generic.py:309: FutureWarning: `torch.utils._pytree._register_pytree_node` is deprecated. Please use `torch.utils._pytree.register_pytree_node` instead.
  _torch_pytree._register_pytree_node(
srun: forcing job termination
srun: Job step aborted: Waiting up to 302 seconds for job step to finish.
slurmstepd-gpu-a40-1: error: *** STEP 150777.7 ON gpu-a40-1 CANCELLED AT 2026-09-12T05:48:00 ***
srun: error: gpu-a40-1: task 0: Killed
srun: Terminating StepId=150777.7
srun: Job step's --cpus-per-task value exceeds that of job (4 > 1). Job step may never run.
/projects/nar/nar-validation/e28-env/lib/python3.11/site-packages/transformers/utils/generic.py:441: FutureWarning: `torch.utils._pytree._register_pytree_node` is deprecated. Please use `torch.utils._pytree.register_pytree_node` instead.
  _torch_pytree._register_pytree_node(
/projects/nar/nar-validation/e28-env/lib/python3.11/site-packages/transformers/utils/generic.py:309: FutureWarning: `torch.utils._pytree._register_pytree_node` is deprecated. Please use `torch.utils._pytree.register_pytree_node` instead.
  _torch_pytree._register_pytree_node(
/projects/nar/nar-validation/e28-env/lib/python3.11/site-packages/transformers/utils/generic.py:309: FutureWarning: `torch.utils._pytree._register_pytree_node` is deprecated. Please use `torch.utils._pytree.register_pytree_node` instead.
  _torch_pytree._register_pytree_node(
CACHE PAIR 0 1 [6680, 820]
CACHE PAIR 1 2 [0, 0]
CACHE PAIR 2 3 [0, 0]
CACHE PAIR 0 3 [6680, 820]
EXISTS /home/yanlongc/e28-v2-work/results/e28_v2/20260912_a40_v2_full_int4/correctness/operators_all.json
EXISTS /home/yanlongc/e28-v2-work/results/e28_v2/20260912_a40_v2_full_int4/correctness/r4_3b.json
EXISTS /home/yanlongc/e28-v2-work/results/e28_v2/20260912_a40_v2_full_int4/correctness/r4_8b.json
EXISTS /home/yanlongc/e28-v2-work/results/e28_v2/20260912_a40_v2_full_int4/correctness/model_3b_fp16.json
EXISTS /home/yanlongc/e28-v2-work/results/e28_v2/20260912_a40_v2_full_int4/correctness/model_3b_hadamard.json
EXISTS /home/yanlongc/e28-v2-work/results/e28_v2/20260912_a40_v2_full_int4/correctness/model_3b_nar.json
EXISTS /home/yanlongc/e28-v2-work/results/e28_v2/20260912_a40_v2_full_int4/correctness/model_8b_fp16.json
EXISTS /home/yanlongc/e28-v2-work/results/e28_v2/20260912_a40_v2_full_int4/correctness/model_8b_hadamard.json
EXISTS /home/yanlongc/e28-v2-work/results/e28_v2/20260912_a40_v2_full_int4/correctness/model_8b_nar.json
EXISTS /home/yanlongc/e28-v2-work/results/e28_v2/20260912_a40_v2_full_int4/raw_runs/3b_fp16_eager_sequence_prefill1_s1.json
EXISTS /home/yanlongc/e28-v2-work/results/e28_v2/20260912_a40_v2_full_int4/raw_runs/3b_fp16_eager_sequence_prefill16_s1.json
EXISTS /home/yanlongc/e28-v2-work/results/e28_v2/20260912_a40_v2_full_int4/raw_runs/3b_fp16_eager_sequence_decode_s1.json
EXISTS /home/yanlongc/e28-v2-work/results/e28_v2/20260912_a40_v2_full_int4/raw_runs/3b_fp16_eager_step_sync_decode_s1.json
EXISTS /home/yanlongc/e28-v2-work/results/e28_v2/20260912_a40_v2_full_int4/raw_runs/3b_hadamard_eager_sequence_prefill1_s1.json
EXISTS /home/yanlongc/e28-v2-work/results/e28_v2/20260912_a40_v2_full_int4/raw_runs/3b_hadamard_eager_sequence_prefill16_s1.json
EXISTS /home/yanlongc/e28-v2-work/results/e28_v2/20260912_a40_v2_full_int4/raw_runs/3b_hadamard_eager_sequence_decode_s1.json
EXISTS /home/yanlongc/e28-v2-work/results/e28_v2/20260912_a40_v2_full_int4/raw_runs/3b_hadamard_eager_step_sync_decode_s1.json
EXISTS /home/yanlongc/e28-v2-work/results/e28_v2/20260912_a40_v2_full_int4/raw_runs/3b_nar_eager_sequence_prefill1_s1.json
EXISTS /home/yanlongc/e28-v2-work/results/e28_v2/20260912_a40_v2_full_int4/raw_runs/3b_nar_eager_sequence_prefill16_s1.json
EXISTS /home/yanlongc/e28-v2-work/results/e28_v2/20260912_a40_v2_full_int4/raw_runs/3b_nar_eager_sequence_decode_s1.json
EXISTS /home/yanlongc/e28-v2-work/results/e28_v2/20260912_a40_v2_full_int4/raw_runs/3b_nar_eager_step_sync_decode_s1.json
EXISTS /home/yanlongc/e28-v2-work/results/e28_v2/20260912_a40_v2_full_int4/raw_runs/8b_fp16_eager_sequence_prefill1_s1.json
EXISTS /home/yanlongc/e28-v2-work/results/e28_v2/20260912_a40_v2_full_int4/raw_runs/8b_fp16_eager_sequence_prefill16_s1.json
EXISTS /home/yanlongc/e28-v2-work/results/e28_v2/20260912_a40_v2_full_int4/raw_runs/8b_fp16_eager_sequence_decode_s1.json
EXISTS /home/yanlongc/e28-v2-work/results/e28_v2/20260912_a40_v2_full_int4/raw_runs/8b_fp16_eager_step_sync_decode_s1.json
EXISTS /home/yanlongc/e28-v2-work/results/e28_v2/20260912_a40_v2_full_int4/raw_runs/8b_hadamard_eager_sequence_prefill1_s1.json
EXISTS /home/yanlongc/e28-v2-work/results/e28_v2/20260912_a40_v2_full_int4/raw_runs/8b_hadamard_eager_sequence_prefill16_s1.json
EXISTS /home/yanlongc/e28-v2-work/results/e28_v2/20260912_a40_v2_full_int4/raw_runs/8b_hadamard_eager_sequence_decode_s1.json
EXISTS /home/yanlongc/e28-v2-work/results/e28_v2/20260912_a40_v2_full_int4/raw_runs/8b_hadamard_eager_step_sync_decode_s1.json
EXISTS /home/yanlongc/e28-v2-work/results/e28_v2/20260912_a40_v2_full_int4/raw_runs/8b_nar_eager_sequence_prefill1_s1.json
EXISTS /home/yanlongc/e28-v2-work/results/e28_v2/20260912_a40_v2_full_int4/raw_runs/8b_nar_eager_sequence_prefill16_s1.json
EXISTS /home/yanlongc/e28-v2-work/results/e28_v2/20260912_a40_v2_full_int4/raw_runs/8b_nar_eager_sequence_decode_s1.json
EXISTS /home/yanlongc/e28-v2-work/results/e28_v2/20260912_a40_v2_full_int4/raw_runs/8b_nar_eager_step_sync_decode_s1.json
COLLECT 24 groups 0 kernel rows
EXISTS /home/yanlongc/e28-v2-work/results/e28_v2/20260912_a40_v2_full_int4/raw_runs/3b_hadamard_eager_sequence_prefill1_s2.json
EXISTS /home/yanlongc/e28-v2-work/results/e28_v2/20260912_a40_v2_full_int4/raw_runs/3b_hadamard_eager_sequence_prefill16_s2.json
EXISTS /home/yanlongc/e28-v2-work/results/e28_v2/20260912_a40_v2_full_int4/raw_runs/3b_hadamard_eager_sequence_decode_s2.json
EXISTS /home/yanlongc/e28-v2-work/results/e28_v2/20260912_a40_v2_full_int4/raw_runs/3b_hadamard_eager_step_sync_decode_s2.json
EXISTS /home/yanlongc/e28-v2-work/results/e28_v2/20260912_a40_v2_full_int4/raw_runs/3b_nar_eager_sequence_prefill1_s2.json
/projects/nar/nar-validation/e28-env/lib/python3.11/site-packages/transformers/utils/generic.py:441: FutureWarning: `torch.utils._pytree._register_pytree_node` is deprecated. Please use `torch.utils._pytree.register_pytree_node` instead.
  _torch_pytree._register_pytree_node(
/projects/nar/nar-validation/e28-env/lib/python3.11/site-packages/transformers/utils/generic.py:309: FutureWarning: `torch.utils._pytree._register_pytree_node` is deprecated. Please use `torch.utils._pytree.register_pytree_node` instead.
  _torch_pytree._register_pytree_node(
/projects/nar/nar-validation/e28-env/lib/python3.11/site-packages/transformers/utils/generic.py:309: FutureWarning: `torch.utils._pytree._register_pytree_node` is deprecated. Please use `torch.utils._pytree.register_pytree_node` instead.
  _torch_pytree._register_pytree_node(
3b_nar_eager_sequence_prefill16_s2 run 0 1.85366
3b_nar_eager_sequence_prefill16_s2 run 10 1.8561
3b_nar_eager_sequence_prefill16_s2 run 20 1.85764
3b_nar_eager_sequence_prefill16_s2 run 30 1.85835
3b_nar_eager_sequence_prefill16_s2 run 40 1.85935
/projects/nar/nar-validation/e28-env/lib/python3.11/site-packages/transformers/utils/generic.py:441: FutureWarning: `torch.utils._pytree._register_pytree_node` is deprecated. Please use `torch.utils._pytree.register_pytree_node` instead.
  _torch_pytree._register_pytree_node(
/projects/nar/nar-validation/e28-env/lib/python3.11/site-packages/transformers/utils/generic.py:309: FutureWarning: `torch.utils._pytree._register_pytree_node` is deprecated. Please use `torch.utils._pytree.register_pytree_node` instead.
  _torch_pytree._register_pytree_node(
/projects/nar/nar-validation/e28-env/lib/python3.11/site-packages/transformers/utils/generic.py:309: FutureWarning: `torch.utils._pytree._register_pytree_node` is deprecated. Please use `torch.utils._pytree.register_pytree_node` instead.
  _torch_pytree._register_pytree_node(
3b_nar_eager_sequence_decode_s2 run 0 5.14186
3b_nar_eager_sequence_decode_s2 run 10 5.04137
3b_nar_eager_sequence_decode_s2 run 20 4.97592
3b_nar_eager_sequence_decode_s2 run 30 5.17577
3b_nar_eager_sequence_decode_s2 run 40 4.98794
/projects/nar/nar-validation/e28-env/lib/python3.11/site-packages/transformers/utils/generic.py:441: FutureWarning: `torch.utils._pytree._register_pytree_node` is deprecated. Please use `torch.utils._pytree.register_pytree_node` instead.
  _torch_pytree._register_pytree_node(
/projects/nar/nar-validation/e28-env/lib/python3.11/site-packages/transformers/utils/generic.py:309: FutureWarning: `torch.utils._pytree._register_pytree_node` is deprecated. Please use `torch.utils._pytree.register_pytree_node` instead.
  _torch_pytree._register_pytree_node(
/projects/nar/nar-validation/e28-env/lib/python3.11/site-packages/transformers/utils/generic.py:309: FutureWarning: `torch.utils._pytree._register_pytree_node` is deprecated. Please use `torch.utils._pytree.register_pytree_node` instead.
  _torch_pytree._register_pytree_node(
3b_nar_eager_step_sync_decode_s2 run 0 5.39817
3b_nar_eager_step_sync_decode_s2 run 10 5.47381
3b_nar_eager_step_sync_decode_s2 run 20 5.34191
3b_nar_eager_step_sync_decode_s2 run 30 5.54497
3b_nar_eager_step_sync_decode_s2 run 40 5.57702
/projects/nar/nar-validation/e28-env/lib/python3.11/site-packages/transformers/utils/generic.py:441: FutureWarning: `torch.utils._pytree._register_pytree_node` is deprecated. Please use `torch.utils._pytree.register_pytree_node` instead.
  _torch_pytree._register_pytree_node(
/projects/nar/nar-validation/e28-env/lib/python3.11/site-packages/transformers/utils/generic.py:309: FutureWarning: `torch.utils._pytree._register_pytree_node` is deprecated. Please use `torch.utils._pytree.register_pytree_node` instead.
  _torch_pytree._register_pytree_node(
/projects/nar/nar-validation/e28-env/lib/python3.11/site-packages/transformers/utils/generic.py:309: FutureWarning: `torch.utils._pytree._register_pytree_node` is deprecated. Please use `torch.utils._pytree.register_pytree_node` instead.
  _torch_pytree._register_pytree_node(
3b_fp16_eager_sequence_prefill1_s2 run 0 0.20108
3b_fp16_eager_sequence_prefill1_s2 run 10 0.2012
3b_fp16_eager_sequence_prefill1_s2 run 20 0.20129
3b_fp16_eager_sequence_prefill1_s2 run 30 0.20163
3b_fp16_eager_sequence_prefill1_s2 run 40 0.20209
/projects/nar/nar-validation/e28-env/lib/python3.11/site-packages/transformers/utils/generic.py:441: FutureWarning: `torch.utils._pytree._register_pytree_node` is deprecated. Please use `torch.utils._pytree.register_pytree_node` instead.
  _torch_pytree._register_pytree_node(
/projects/nar/nar-validation/e28-env/lib/python3.11/site-packages/transformers/utils/generic.py:309: FutureWarning: `torch.utils._pytree._register_pytree_node` is deprecated. Please use `torch.utils._pytree.register_pytree_node` instead.
  _torch_pytree._register_pytree_node(
/projects/nar/nar-validation/e28-env/lib/python3.11/site-packages/transformers/utils/generic.py:309: FutureWarning: `torch.utils._pytree._register_pytree_node` is deprecated. Please use `torch.utils._pytree.register_pytree_node` instead.
  _torch_pytree._register_pytree_node(
3b_fp16_eager_sequence_prefill16_s2 run 0 2.31905
3b_fp16_eager_sequence_prefill16_s2 run 10 2.33532
3b_fp16_eager_sequence_prefill16_s2 run 20 2.33549
3b_fp16_eager_sequence_prefill16_s2 run 30 2.34181
3b_fp16_eager_sequence_prefill16_s2 run 40 2.34928
/projects/nar/nar-validation/e28-env/lib/python3.11/site-packages/transformers/utils/generic.py:441: FutureWarning: `torch.utils._pytree._register_pytree_node` is deprecated. Please use `torch.utils._pytree.register_pytree_node` instead.
  _torch_pytree._register_pytree_node(
/projects/nar/nar-validation/e28-env/lib/python3.11/site-packages/transformers/utils/generic.py:309: FutureWarning: `torch.utils._pytree._register_pytree_node` is deprecated. Please use `torch.utils._pytree.register_pytree_node` instead.
  _torch_pytree._register_pytree_node(
/projects/nar/nar-validation/e28-env/lib/python3.11/site-packages/transformers/utils/generic.py:309: FutureWarning: `torch.utils._pytree._register_pytree_node` is deprecated. Please use `torch.utils._pytree.register_pytree_node` instead.
  _torch_pytree._register_pytree_node(
3b_fp16_eager_sequence_decode_s2 run 0 2.74548
3b_fp16_eager_sequence_decode_s2 run 10 2.74833
3b_fp16_eager_sequence_decode_s2 run 20 2.66352
3b_fp16_eager_sequence_decode_s2 run 30 2.71347
3b_fp16_eager_sequence_decode_s2 run 40 2.68664
/projects/nar/nar-validation/e28-env/lib/python3.11/site-packages/transformers/utils/generic.py:441: FutureWarning: `torch.utils._pytree._register_pytree_node` is deprecated. Please use `torch.utils._pytree.register_pytree_node` instead.
  _torch_pytree._register_pytree_node(
/projects/nar/nar-validation/e28-env/lib/python3.11/site-packages/transformers/utils/generic.py:309: FutureWarning: `torch.utils._pytree._register_pytree_node` is deprecated. Please use `torch.utils._pytree.register_pytree_node` instead.
  _torch_pytree._register_pytree_node(
/projects/nar/nar-validation/e28-env/lib/python3.11/site-packages/transformers/utils/generic.py:309: FutureWarning: `torch.utils._pytree._register_pytree_node` is deprecated. Please use `torch.utils._pytree.register_pytree_node` instead.
  _torch_pytree._register_pytree_node(
3b_fp16_eager_step_sync_decode_s2 run 0 2.78367
3b_fp16_eager_step_sync_decode_s2 run 10 2.76329
3b_fp16_eager_step_sync_decode_s2 run 20 2.78098
3b_fp16_eager_step_sync_decode_s2 run 30 2.77259
3b_fp16_eager_step_sync_decode_s2 run 40 2.70392
/projects/nar/nar-validation/e28-env/lib/python3.11/site-packages/transformers/utils/generic.py:441: FutureWarning: `torch.utils._pytree._register_pytree_node` is deprecated. Please use `torch.utils._pytree.register_pytree_node` instead.
  _torch_pytree._register_pytree_node(
/projects/nar/nar-validation/e28-env/lib/python3.11/site-packages/transformers/utils/generic.py:309: FutureWarning: `torch.utils._pytree._register_pytree_node` is deprecated. Please use `torch.utils._pytree.register_pytree_node` instead.
  _torch_pytree._register_pytree_node(
/projects/nar/nar-validation/e28-env/lib/python3.11/site-packages/transformers/utils/generic.py:309: FutureWarning: `torch.utils._pytree._register_pytree_node` is deprecated. Please use `torch.utils._pytree.register_pytree_node` instead.
  _torch_pytree._register_pytree_node(
8b_hadamard_eager_sequence_prefill1_s2 run 0 0.2691
8b_hadamard_eager_sequence_prefill1_s2 run 10 0.26908
8b_hadamard_eager_sequence_prefill1_s2 run 20 0.26913
8b_hadamard_eager_sequence_prefill1_s2 run 30 0.26911
8b_hadamard_eager_sequence_prefill1_s2 run 40 0.26921
/projects/nar/nar-validation/e28-env/lib/python3.11/site-packages/transformers/utils/generic.py:441: FutureWarning: `torch.utils._pytree._register_pytree_node` is deprecated. Please use `torch.utils._pytree.register_pytree_node` instead.
  _torch_pytree._register_pytree_node(
/projects/nar/nar-validation/e28-env/lib/python3.11/site-packages/transformers/utils/generic.py:309: FutureWarning: `torch.utils._pytree._register_pytree_node` is deprecated. Please use `torch.utils._pytree.register_pytree_node` instead.
  _torch_pytree._register_pytree_node(
/projects/nar/nar-validation/e28-env/lib/python3.11/site-packages/transformers/utils/generic.py:309: FutureWarning: `torch.utils._pytree._register_pytree_node` is deprecated. Please use `torch.utils._pytree.register_pytree_node` instead.
  _torch_pytree._register_pytree_node(
8b_hadamard_eager_sequence_prefill16_s2 run 0 3.42441
8b_hadamard_eager_sequence_prefill16_s2 run 10 3.43061
8b_hadamard_eager_sequence_prefill16_s2 run 20 3.43564
8b_hadamard_eager_sequence_prefill16_s2 run 30 3.43558
8b_hadamard_eager_sequence_prefill16_s2 run 40 3.43509
/projects/nar/nar-validation/e28-env/lib/python3.11/site-packages/transformers/utils/generic.py:441: FutureWarning: `torch.utils._pytree._register_pytree_node` is deprecated. Please use `torch.utils._pytree.register_pytree_node` instead.
  _torch_pytree._register_pytree_node(
/projects/nar/nar-validation/e28-env/lib/python3.11/site-packages/transformers/utils/generic.py:309: FutureWarning: `torch.utils._pytree._register_pytree_node` is deprecated. Please use `torch.utils._pytree.register_pytree_node` instead.
  _torch_pytree._register_pytree_node(
/projects/nar/nar-validation/e28-env/lib/python3.11/site-packages/transformers/utils/generic.py:309: FutureWarning: `torch.utils._pytree._register_pytree_node` is deprecated. Please use `torch.utils._pytree.register_pytree_node` instead.
  _torch_pytree._register_pytree_node(
8b_hadamard_eager_sequence_decode_s2 run 0 6.38797
8b_hadamard_eager_sequence_decode_s2 run 10 6.28507
8b_hadamard_eager_sequence_decode_s2 run 20 6.49434
8b_hadamard_eager_sequence_decode_s2 run 30 6.33257
8b_hadamard_eager_sequence_decode_s2 run 40 6.51809
/projects/nar/nar-validation/e28-env/lib/python3.11/site-packages/transformers/utils/generic.py:441: FutureWarning: `torch.utils._pytree._register_pytree_node` is deprecated. Please use `torch.utils._pytree.register_pytree_node` instead.
  _torch_pytree._register_pytree_node(
/projects/nar/nar-validation/e28-env/lib/python3.11/site-packages/transformers/utils/generic.py:309: FutureWarning: `torch.utils._pytree._register_pytree_node` is deprecated. Please use `torch.utils._pytree.register_pytree_node` instead.
  _torch_pytree._register_pytree_node(
/projects/nar/nar-validation/e28-env/lib/python3.11/site-packages/transformers/utils/generic.py:309: FutureWarning: `torch.utils._pytree._register_pytree_node` is deprecated. Please use `torch.utils._pytree.register_pytree_node` instead.
  _torch_pytree._register_pytree_node(
8b_hadamard_eager_step_sync_decode_s2 run 0 6.74766
8b_hadamard_eager_step_sync_decode_s2 run 10 6.47596
8b_hadamard_eager_step_sync_decode_s2 run 20 6.77784
8b_hadamard_eager_step_sync_decode_s2 run 30 6.64057
8b_hadamard_eager_step_sync_decode_s2 run 40 6.71588
/projects/nar/nar-validation/e28-env/lib/python3.11/site-packages/transformers/utils/generic.py:441: FutureWarning: `torch.utils._pytree._register_pytree_node` is deprecated. Please use `torch.utils._pytree.register_pytree_node` instead.
  _torch_pytree._register_pytree_node(
/projects/nar/nar-validation/e28-env/lib/python3.11/site-packages/transformers/utils/generic.py:309: FutureWarning: `torch.utils._pytree._register_pytree_node` is deprecated. Please use `torch.utils._pytree.register_pytree_node` instead.
  _torch_pytree._register_pytree_node(
/projects/nar/nar-validation/e28-env/lib/python3.11/site-packages/transformers/utils/generic.py:309: FutureWarning: `torch.utils._pytree._register_pytree_node` is deprecated. Please use `torch.utils._pytree.register_pytree_node` instead.
  _torch_pytree._register_pytree_node(
8b_nar_eager_sequence_prefill1_s2 run 0 0.26678
8b_nar_eager_sequence_prefill1_s2 run 10 0.26677
8b_nar_eager_sequence_prefill1_s2 run 20 0.2668
8b_nar_eager_sequence_prefill1_s2 run 30 0.2667
8b_nar_eager_sequence_prefill1_s2 run 40 0.26681
/projects/nar/nar-validation/e28-env/lib/python3.11/site-packages/transformers/utils/generic.py:441: FutureWarning: `torch.utils._pytree._register_pytree_node` is deprecated. Please use `torch.utils._pytree.register_pytree_node` instead.
  _torch_pytree._register_pytree_node(
/projects/nar/nar-validation/e28-env/lib/python3.11/site-packages/transformers/utils/generic.py:309: FutureWarning: `torch.utils._pytree._register_pytree_node` is deprecated. Please use `torch.utils._pytree.register_pytree_node` instead.
  _torch_pytree._register_pytree_node(
/projects/nar/nar-validation/e28-env/lib/python3.11/site-packages/transformers/utils/generic.py:309: FutureWarning: `torch.utils._pytree._register_pytree_node` is deprecated. Please use `torch.utils._pytree.register_pytree_node` instead.
  _torch_pytree._register_pytree_node(
8b_nar_eager_sequence_prefill16_s2 run 0 3.38014
8b_nar_eager_sequence_prefill16_s2 run 10 3.38608
8b_nar_eager_sequence_prefill16_s2 run 20 3.38848
8b_nar_eager_sequence_prefill16_s2 run 30 3.38872
8b_nar_eager_sequence_prefill16_s2 run 40 3.3925
/projects/nar/nar-validation/e28-env/lib/python3.11/site-packages/transformers/utils/generic.py:441: FutureWarning: `torch.utils._pytree._register_pytree_node` is deprecated. Please use `torch.utils._pytree.register_pytree_node` instead.
  _torch_pytree._register_pytree_node(
/projects/nar/nar-validation/e28-env/lib/python3.11/site-packages/transformers/utils/generic.py:309: FutureWarning: `torch.utils._pytree._register_pytree_node` is deprecated. Please use `torch.utils._pytree.register_pytree_node` instead.
  _torch_pytree._register_pytree_node(
/projects/nar/nar-validation/e28-env/lib/python3.11/site-packages/transformers/utils/generic.py:309: FutureWarning: `torch.utils._pytree._register_pytree_node` is deprecated. Please use `torch.utils._pytree.register_pytree_node` instead.
  _torch_pytree._register_pytree_node(
8b_nar_eager_sequence_decode_s2 run 0 5.95426
8b_nar_eager_sequence_decode_s2 run 10 6.12093
8b_nar_eager_sequence_decode_s2 run 20 6.16989
8b_nar_eager_sequence_decode_s2 run 30 6.12446
8b_nar_eager_sequence_decode_s2 run 40 6.1273
/projects/nar/nar-validation/e28-env/lib/python3.11/site-packages/transformers/utils/generic.py:441: FutureWarning: `torch.utils._pytree._register_pytree_node` is deprecated. Please use `torch.utils._pytree.register_pytree_node` instead.
  _torch_pytree._register_pytree_node(
/projects/nar/nar-validation/e28-env/lib/python3.11/site-packages/transformers/utils/generic.py:309: FutureWarning: `torch.utils._pytree._register_pytree_node` is deprecated. Please use `torch.utils._pytree.register_pytree_node` instead.
  _torch_pytree._register_pytree_node(
/projects/nar/nar-validation/e28-env/lib/python3.11/site-packages/transformers/utils/generic.py:309: FutureWarning: `torch.utils._pytree._register_pytree_node` is deprecated. Please use `torch.utils._pytree.register_pytree_node` instead.
  _torch_pytree._register_pytree_node(
8b_nar_eager_step_sync_decode_s2 run 0 6.23574
8b_nar_eager_step_sync_decode_s2 run 10 6.12613
8b_nar_eager_step_sync_decode_s2 run 20 6.01323
8b_nar_eager_step_sync_decode_s2 run 30 6.24096
8b_nar_eager_step_sync_decode_s2 run 40 6.15888
/projects/nar/nar-validation/e28-env/lib/python3.11/site-packages/transformers/utils/generic.py:441: FutureWarning: `torch.utils._pytree._register_pytree_node` is deprecated. Please use `torch.utils._pytree.register_pytree_node` instead.
  _torch_pytree._register_pytree_node(
/projects/nar/nar-validation/e28-env/lib/python3.11/site-packages/transformers/utils/generic.py:309: FutureWarning: `torch.utils._pytree._register_pytree_node` is deprecated. Please use `torch.utils._pytree.register_pytree_node` instead.
  _torch_pytree._register_pytree_node(
/projects/nar/nar-validation/e28-env/lib/python3.11/site-packages/transformers/utils/generic.py:309: FutureWarning: `torch.utils._pytree._register_pytree_node` is deprecated. Please use `torch.utils._pytree.register_pytree_node` instead.
  _torch_pytree._register_pytree_node(
8b_fp16_eager_sequence_prefill1_s2 run 0 0.39086
8b_fp16_eager_sequence_prefill1_s2 run 10 0.39303
8b_fp16_eager_sequence_prefill1_s2 run 20 0.38946
8b_fp16_eager_sequence_prefill1_s2 run 30 0.38994
8b_fp16_eager_sequence_prefill1_s2 run 40 0.39005
/projects/nar/nar-validation/e28-env/lib/python3.11/site-packages/transformers/utils/generic.py:441: FutureWarning: `torch.utils._pytree._register_pytree_node` is deprecated. Please use `torch.utils._pytree.register_pytree_node` instead.
  _torch_pytree._register_pytree_node(
/projects/nar/nar-validation/e28-env/lib/python3.11/site-packages/transformers/utils/generic.py:309: FutureWarning: `torch.utils._pytree._register_pytree_node` is deprecated. Please use `torch.utils._pytree.register_pytree_node` instead.
  _torch_pytree._register_pytree_node(
/projects/nar/nar-validation/e28-env/lib/python3.11/site-packages/transformers/utils/generic.py:309: FutureWarning: `torch.utils._pytree._register_pytree_node` is deprecated. Please use `torch.utils._pytree.register_pytree_node` instead.
  _torch_pytree._register_pytree_node(
8b_fp16_eager_sequence_prefill16_s2 run 0 5.07163
8b_fp16_eager_sequence_prefill16_s2 run 10 5.08171
8b_fp16_eager_sequence_prefill16_s2 run 20 5.10497
8b_fp16_eager_sequence_prefill16_s2 run 30 5.10315
8b_fp16_eager_sequence_prefill16_s2 run 40 5.11195
/projects/nar/nar-validation/e28-env/lib/python3.11/site-packages/transformers/utils/generic.py:441: FutureWarning: `torch.utils._pytree._register_pytree_node` is deprecated. Please use `torch.utils._pytree.register_pytree_node` instead.
  _torch_pytree._register_pytree_node(
/projects/nar/nar-validation/e28-env/lib/python3.11/site-packages/transformers/utils/generic.py:309: FutureWarning: `torch.utils._pytree._register_pytree_node` is deprecated. Please use `torch.utils._pytree.register_pytree_node` instead.
  _torch_pytree._register_pytree_node(
/projects/nar/nar-validation/e28-env/lib/python3.11/site-packages/transformers/utils/generic.py:309: FutureWarning: `torch.utils._pytree._register_pytree_node` is deprecated. Please use `torch.utils._pytree.register_pytree_node` instead.
  _torch_pytree._register_pytree_node(
8b_fp16_eager_sequence_decode_s2 run 0 3.62634
8b_fp16_eager_sequence_decode_s2 run 10 3.62474
8b_fp16_eager_sequence_decode_s2 run 20 3.62528
8b_fp16_eager_sequence_decode_s2 run 30 3.62463
8b_fp16_eager_sequence_decode_s2 run 40 3.62455
/projects/nar/nar-validation/e28-env/lib/python3.11/site-packages/transformers/utils/generic.py:441: FutureWarning: `torch.utils._pytree._register_pytree_node` is deprecated. Please use `torch.utils._pytree.register_pytree_node` instead.
  _torch_pytree._register_pytree_node(
/projects/nar/nar-validation/e28-env/lib/python3.11/site-packages/transformers/utils/generic.py:309: FutureWarning: `torch.utils._pytree._register_pytree_node` is deprecated. Please use `torch.utils._pytree.register_pytree_node` instead.
  _torch_pytree._register_pytree_node(
/projects/nar/nar-validation/e28-env/lib/python3.11/site-packages/transformers/utils/generic.py:309: FutureWarning: `torch.utils._pytree._register_pytree_node` is deprecated. Please use `torch.utils._pytree.register_pytree_node` instead.
  _torch_pytree._register_pytree_node(
8b_fp16_eager_step_sync_decode_s2 run 0 3.77198
8b_fp16_eager_step_sync_decode_s2 run 10 3.76538
8b_fp16_eager_step_sync_decode_s2 run 20 3.75877
8b_fp16_eager_step_sync_decode_s2 run 30 3.76213
8b_fp16_eager_step_sync_decode_s2 run 40 3.78268
COLLECT 24 groups 0 kernel rows
/projects/nar/nar-validation/e28-env/lib/python3.11/site-packages/transformers/utils/generic.py:441: FutureWarning: `torch.utils._pytree._register_pytree_node` is deprecated. Please use `torch.utils._pytree.register_pytree_node` instead.
  _torch_pytree._register_pytree_node(
/projects/nar/nar-validation/e28-env/lib/python3.11/site-packages/transformers/utils/generic.py:309: FutureWarning: `torch.utils._pytree._register_pytree_node` is deprecated. Please use `torch.utils._pytree.register_pytree_node` instead.
  _torch_pytree._register_pytree_node(
/projects/nar/nar-validation/e28-env/lib/python3.11/site-packages/transformers/utils/generic.py:309: FutureWarning: `torch.utils._pytree._register_pytree_node` is deprecated. Please use `torch.utils._pytree.register_pytree_node` instead.
  _torch_pytree._register_pytree_node(
3b_nar_eager_sequence_prefill1_s3 run 0 0.16161
3b_nar_eager_sequence_prefill1_s3 run 10 0.16152
3b_nar_eager_sequence_prefill1_s3 run 20 0.16157
3b_nar_eager_sequence_prefill1_s3 run 30 0.16162
3b_nar_eager_sequence_prefill1_s3 run 40 0.16247
/projects/nar/nar-validation/e28-env/lib/python3.11/site-packages/transformers/utils/generic.py:441: FutureWarning: `torch.utils._pytree._register_pytree_node` is deprecated. Please use `torch.utils._pytree.register_pytree_node` instead.
  _torch_pytree._register_pytree_node(
/projects/nar/nar-validation/e28-env/lib/python3.11/site-packages/transformers/utils/generic.py:309: FutureWarning: `torch.utils._pytree._register_pytree_node` is deprecated. Please use `torch.utils._pytree.register_pytree_node` instead.
  _torch_pytree._register_pytree_node(
/projects/nar/nar-validation/e28-env/lib/python3.11/site-packages/transformers/utils/generic.py:309: FutureWarning: `torch.utils._pytree._register_pytree_node` is deprecated. Please use `torch.utils._pytree.register_pytree_node` instead.
  _torch_pytree._register_pytree_node(
3b_nar_eager_sequence_prefill16_s3 run 0 1.8559
3b_nar_eager_sequence_prefill16_s3 run 10 1.85862
3b_nar_eager_sequence_prefill16_s3 run 20 1.86014
3b_nar_eager_sequence_prefill16_s3 run 30 1.8615
3b_nar_eager_sequence_prefill16_s3 run 40 1.86433
/projects/nar/nar-validation/e28-env/lib/python3.11/site-packages/transformers/utils/generic.py:441: FutureWarning: `torch.utils._pytree._register_pytree_node` is deprecated. Please use `torch.utils._pytree.register_pytree_node` instead.
  _torch_pytree._register_pytree_node(
/projects/nar/nar-validation/e28-env/lib/python3.11/site-packages/transformers/utils/generic.py:309: FutureWarning: `torch.utils._pytree._register_pytree_node` is deprecated. Please use `torch.utils._pytree.register_pytree_node` instead.
  _torch_pytree._register_pytree_node(
/projects/nar/nar-validation/e28-env/lib/python3.11/site-packages/transformers/utils/generic.py:309: FutureWarning: `torch.utils._pytree._register_pytree_node` is deprecated. Please use `torch.utils._pytree.register_pytree_node` instead.
  _torch_pytree._register_pytree_node(
3b_nar_eager_sequence_decode_s3 run 0 5.28382
3b_nar_eager_sequence_decode_s3 run 10 5.44386
3b_nar_eager_sequence_decode_s3 run 20 5.26611
3b_nar_eager_sequence_decode_s3 run 30 5.26264
3b_nar_eager_sequence_decode_s3 run 40 5.23664
/projects/nar/nar-validation/e28-env/lib/python3.11/site-packages/transformers/utils/generic.py:441: FutureWarning: `torch.utils._pytree._register_pytree_node` is deprecated. Please use `torch.utils._pytree.register_pytree_node` instead.
  _torch_pytree._register_pytree_node(
/projects/nar/nar-validation/e28-env/lib/python3.11/site-packages/transformers/utils/generic.py:309: FutureWarning: `torch.utils._pytree._register_pytree_node` is deprecated. Please use `torch.utils._pytree.register_pytree_node` instead.
  _torch_pytree._register_pytree_node(
/projects/nar/nar-validation/e28-env/lib/python3.11/site-packages/transformers/utils/generic.py:309: FutureWarning: `torch.utils._pytree._register_pytree_node` is deprecated. Please use `torch.utils._pytree.register_pytree_node` instead.
  _torch_pytree._register_pytree_node(
3b_nar_eager_step_sync_decode_s3 run 0 5.25727
3b_nar_eager_step_sync_decode_s3 run 10 5.37547
3b_nar_eager_step_sync_decode_s3 run 20 5.40399
3b_nar_eager_step_sync_decode_s3 run 30 5.4382
3b_nar_eager_step_sync_decode_s3 run 40 5.42046
/projects/nar/nar-validation/e28-env/lib/python3.11/site-packages/transformers/utils/generic.py:441: FutureWarning: `torch.utils._pytree._register_pytree_node` is deprecated. Please use `torch.utils._pytree.register_pytree_node` instead.
  _torch_pytree._register_pytree_node(
/projects/nar/nar-validation/e28-env/lib/python3.11/site-packages/transformers/utils/generic.py:309: FutureWarning: `torch.utils._pytree._register_pytree_node` is deprecated. Please use `torch.utils._pytree.register_pytree_node` instead.
  _torch_pytree._register_pytree_node(
/projects/nar/nar-validation/e28-env/lib/python3.11/site-packages/transformers/utils/generic.py:309: FutureWarning: `torch.utils._pytree._register_pytree_node` is deprecated. Please use `torch.utils._pytree.register_pytree_node` instead.
  _torch_pytree._register_pytree_node(
3b_fp16_eager_sequence_prefill1_s3 run 0 0.20087
3b_fp16_eager_sequence_prefill1_s3 run 10 0.20158
3b_fp16_eager_sequence_prefill1_s3 run 20 0.20166
3b_fp16_eager_sequence_prefill1_s3 run 30 0.20167
3b_fp16_eager_sequence_prefill1_s3 run 40 0.20169
/projects/nar/nar-validation/e28-env/lib/python3.11/site-packages/transformers/utils/generic.py:441: FutureWarning: `torch.utils._pytree._register_pytree_node` is deprecated. Please use `torch.utils._pytree.register_pytree_node` instead.
  _torch_pytree._register_pytree_node(
/projects/nar/nar-validation/e28-env/lib/python3.11/site-packages/transformers/utils/generic.py:309: FutureWarning: `torch.utils._pytree._register_pytree_node` is deprecated. Please use `torch.utils._pytree.register_pytree_node` instead.
  _torch_pytree._register_pytree_node(
/projects/nar/nar-validation/e28-env/lib/python3.11/site-packages/transformers/utils/generic.py:309: FutureWarning: `torch.utils._pytree._register_pytree_node` is deprecated. Please use `torch.utils._pytree.register_pytree_node` instead.
  _torch_pytree._register_pytree_node(
3b_fp16_eager_sequence_prefill16_s3 run 0 2.32368
3b_fp16_eager_sequence_prefill16_s3 run 10 2.3348
3b_fp16_eager_sequence_prefill16_s3 run 20 2.34142
3b_fp16_eager_sequence_prefill16_s3 run 30 2.34146
3b_fp16_eager_sequence_prefill16_s3 run 40 2.34712
/projects/nar/nar-validation/e28-env/lib/python3.11/site-packages/transformers/utils/generic.py:441: FutureWarning: `torch.utils._pytree._register_pytree_node` is deprecated. Please use `torch.utils._pytree.register_pytree_node` instead.
  _torch_pytree._register_pytree_node(
/projects/nar/nar-validation/e28-env/lib/python3.11/site-packages/transformers/utils/generic.py:309: FutureWarning: `torch.utils._pytree._register_pytree_node` is deprecated. Please use `torch.utils._pytree.register_pytree_node` instead.
  _torch_pytree._register_pytree_node(
/projects/nar/nar-validation/e28-env/lib/python3.11/site-packages/transformers/utils/generic.py:309: FutureWarning: `torch.utils._pytree._register_pytree_node` is deprecated. Please use `torch.utils._pytree.register_pytree_node` instead.
  _torch_pytree._register_pytree_node(
3b_fp16_eager_sequence_decode_s3 run 0 2.80787
3b_fp16_eager_sequence_decode_s3 run 10 2.62754
3b_fp16_eager_sequence_decode_s3 run 20 2.67502
3b_fp16_eager_sequence_decode_s3 run 30 2.6817
3b_fp16_eager_sequence_decode_s3 run 40 2.65293
/projects/nar/nar-validation/e28-env/lib/python3.11/site-packages/transformers/utils/generic.py:441: FutureWarning: `torch.utils._pytree._register_pytree_node` is deprecated. Please use `torch.utils._pytree.register_pytree_node` instead.
  _torch_pytree._register_pytree_node(
/projects/nar/nar-validation/e28-env/lib/python3.11/site-packages/transformers/utils/generic.py:309: FutureWarning: `torch.utils._pytree._register_pytree_node` is deprecated. Please use `torch.utils._pytree.register_pytree_node` instead.
  _torch_pytree._register_pytree_node(
/projects/nar/nar-validation/e28-env/lib/python3.11/site-packages/transformers/utils/generic.py:309: FutureWarning: `torch.utils._pytree._register_pytree_node` is deprecated. Please use `torch.utils._pytree.register_pytree_node` instead.
  _torch_pytree._register_pytree_node(
3b_fp16_eager_step_sync_decode_s3 run 0 2.81814
3b_fp16_eager_step_sync_decode_s3 run 10 2.77607
3b_fp16_eager_step_sync_decode_s3 run 20 2.8298
3b_fp16_eager_step_sync_decode_s3 run 30 2.83343
3b_fp16_eager_step_sync_decode_s3 run 40 2.8495
/projects/nar/nar-validation/e28-env/lib/python3.11/site-packages/transformers/utils/generic.py:441: FutureWarning: `torch.utils._pytree._register_pytree_node` is deprecated. Please use `torch.utils._pytree.register_pytree_node` instead.
  _torch_pytree._register_pytree_node(
/projects/nar/nar-validation/e28-env/lib/python3.11/site-packages/transformers/utils/generic.py:309: FutureWarning: `torch.utils._pytree._register_pytree_node` is deprecated. Please use `torch.utils._pytree.register_pytree_node` instead.
  _torch_pytree._register_pytree_node(
/projects/nar/nar-validation/e28-env/lib/python3.11/site-packages/transformers/utils/generic.py:309: FutureWarning: `torch.utils._pytree._register_pytree_node` is deprecated. Please use `torch.utils._pytree.register_pytree_node` instead.
  _torch_pytree._register_pytree_node(
3b_hadamard_eager_sequence_prefill1_s3 run 0 0.15965
3b_hadamard_eager_sequence_prefill1_s3 run 10 0.15957
3b_hadamard_eager_sequence_prefill1_s3 run 20 0.16034
3b_hadamard_eager_sequence_prefill1_s3 run 30 0.15969
3b_hadamard_eager_sequence_prefill1_s3 run 40 0.15963
/projects/nar/nar-validation/e28-env/lib/python3.11/site-packages/transformers/utils/generic.py:441: FutureWarning: `torch.utils._pytree._register_pytree_node` is deprecated. Please use `torch.utils._pytree.register_pytree_node` instead.
  _torch_pytree._register_pytree_node(
/projects/nar/nar-validation/e28-env/lib/python3.11/site-packages/transformers/utils/generic.py:309: FutureWarning: `torch.utils._pytree._register_pytree_node` is deprecated. Please use `torch.utils._pytree.register_pytree_node` instead.
  _torch_pytree._register_pytree_node(
/projects/nar/nar-validation/e28-env/lib/python3.11/site-packages/transformers/utils/generic.py:309: FutureWarning: `torch.utils._pytree._register_pytree_node` is deprecated. Please use `torch.utils._pytree.register_pytree_node` instead.
  _torch_pytree._register_pytree_node(
3b_hadamard_eager_sequence_prefill16_s3 run 0 1.82881
3b_hadamard_eager_sequence_prefill16_s3 run 10 1.83011
3b_hadamard_eager_sequence_prefill16_s3 run 20 1.83167
3b_hadamard_eager_sequence_prefill16_s3 run 30 1.83252
3b_hadamard_eager_sequence_prefill16_s3 run 40 1.83329
/projects/nar/nar-validation/e28-env/lib/python3.11/site-packages/transformers/utils/generic.py:441: FutureWarning: `torch.utils._pytree._register_pytree_node` is deprecated. Please use `torch.utils._pytree.register_pytree_node` instead.
  _torch_pytree._register_pytree_node(
/projects/nar/nar-validation/e28-env/lib/python3.11/site-packages/transformers/utils/generic.py:309: FutureWarning: `torch.utils._pytree._register_pytree_node` is deprecated. Please use `torch.utils._pytree.register_pytree_node` instead.
  _torch_pytree._register_pytree_node(
/projects/nar/nar-validation/e28-env/lib/python3.11/site-packages/transformers/utils/generic.py:309: FutureWarning: `torch.utils._pytree._register_pytree_node` is deprecated. Please use `torch.utils._pytree.register_pytree_node` instead.
  _torch_pytree._register_pytree_node(
3b_hadamard_eager_sequence_decode_s3 run 0 5.25965
3b_hadamard_eager_sequence_decode_s3 run 10 5.20619
3b_hadamard_eager_sequence_decode_s3 run 20 5.10837
3b_hadamard_eager_sequence_decode_s3 run 30 5.34289
3b_hadamard_eager_sequence_decode_s3 run 40 5.24734
/projects/nar/nar-validation/e28-env/lib/python3.11/site-packages/transformers/utils/generic.py:441: FutureWarning: `torch.utils._pytree._register_pytree_node` is deprecated. Please use `torch.utils._pytree.register_pytree_node` instead.
  _torch_pytree._register_pytree_node(
/projects/nar/nar-validation/e28-env/lib/python3.11/site-packages/transformers/utils/generic.py:309: FutureWarning: `torch.utils._pytree._register_pytree_node` is deprecated. Please use `torch.utils._pytree.register_pytree_node` instead.
  _torch_pytree._register_pytree_node(
/projects/nar/nar-validation/e28-env/lib/python3.11/site-packages/transformers/utils/generic.py:309: FutureWarning: `torch.utils._pytree._register_pytree_node` is deprecated. Please use `torch.utils._pytree.register_pytree_node` instead.
  _torch_pytree._register_pytree_node(
3b_hadamard_eager_step_sync_decode_s3 run 0 5.4069
3b_hadamard_eager_step_sync_decode_s3 run 10 5.41702
3b_hadamard_eager_step_sync_decode_s3 run 20 5.53119
3b_hadamard_eager_step_sync_decode_s3 run 30 5.51075
3b_hadamard_eager_step_sync_decode_s3 run 40 5.58653
/projects/nar/nar-validation/e28-env/lib/python3.11/site-packages/transformers/utils/generic.py:441: FutureWarning: `torch.utils._pytree._register_pytree_node` is deprecated. Please use `torch.utils._pytree.register_pytree_node` instead.
  _torch_pytree._register_pytree_node(
/projects/nar/nar-validation/e28-env/lib/python3.11/site-packages/transformers/utils/generic.py:309: FutureWarning: `torch.utils._pytree._register_pytree_node` is deprecated. Please use `torch.utils._pytree.register_pytree_node` instead.
  _torch_pytree._register_pytree_node(
/projects/nar/nar-validation/e28-env/lib/python3.11/site-packages/transformers/utils/generic.py:309: FutureWarning: `torch.utils._pytree._register_pytree_node` is deprecated. Please use `torch.utils._pytree.register_pytree_node` instead.
  _torch_pytree._register_pytree_node(
8b_nar_eager_sequence_prefill1_s3 run 0 0.26692
8b_nar_eager_sequence_prefill1_s3 run 10 0.26685
8b_nar_eager_sequence_prefill1_s3 run 20 0.26678
8b_nar_eager_sequence_prefill1_s3 run 30 0.26689
8b_nar_eager_sequence_prefill1_s3 run 40 0.26681
/projects/nar/nar-validation/e28-env/lib/python3.11/site-packages/transformers/utils/generic.py:441: FutureWarning: `torch.utils._pytree._register_pytree_node` is deprecated. Please use `torch.utils._pytree.register_pytree_node` instead.
  _torch_pytree._register_pytree_node(
/projects/nar/nar-validation/e28-env/lib/python3.11/site-packages/transformers/utils/generic.py:309: FutureWarning: `torch.utils._pytree._register_pytree_node` is deprecated. Please use `torch.utils._pytree.register_pytree_node` instead.
  _torch_pytree._register_pytree_node(
/projects/nar/nar-validation/e28-env/lib/python3.11/site-packages/transformers/utils/generic.py:309: FutureWarning: `torch.utils._pytree._register_pytree_node` is deprecated. Please use `torch.utils._pytree.register_pytree_node` instead.
  _torch_pytree._register_pytree_node(
8b_nar_eager_sequence_prefill16_s3 run 0 3.38042
8b_nar_eager_sequence_prefill16_s3 run 10 3.38789
8b_nar_eager_sequence_prefill16_s3 run 20 3.39224
8b_nar_eager_sequence_prefill16_s3 run 30 3.39452
8b_nar_eager_sequence_prefill16_s3 run 40 3.3974
/projects/nar/nar-validation/e28-env/lib/python3.11/site-packages/transformers/utils/generic.py:441: FutureWarning: `torch.utils._pytree._register_pytree_node` is deprecated. Please use `torch.utils._pytree.register_pytree_node` instead.
  _torch_pytree._register_pytree_node(
/projects/nar/nar-validation/e28-env/lib/python3.11/site-packages/transformers/utils/generic.py:309: FutureWarning: `torch.utils._pytree._register_pytree_node` is deprecated. Please use `torch.utils._pytree.register_pytree_node` instead.
  _torch_pytree._register_pytree_node(
/projects/nar/nar-validation/e28-env/lib/python3.11/site-packages/transformers/utils/generic.py:309: FutureWarning: `torch.utils._pytree._register_pytree_node` is deprecated. Please use `torch.utils._pytree.register_pytree_node` instead.
  _torch_pytree._register_pytree_node(
8b_nar_eager_sequence_decode_s3 run 0 6.14933
8b_nar_eager_sequence_decode_s3 run 10 6.18718
8b_nar_eager_sequence_decode_s3 run 20 5.9432
8b_nar_eager_sequence_decode_s3 run 30 5.99889
8b_nar_eager_sequence_decode_s3 run 40 5.99228
/projects/nar/nar-validation/e28-env/lib/python3.11/site-packages/transformers/utils/generic.py:441: FutureWarning: `torch.utils._pytree._register_pytree_node` is deprecated. Please use `torch.utils._pytree.register_pytree_node` instead.
  _torch_pytree._register_pytree_node(
/projects/nar/nar-validation/e28-env/lib/python3.11/site-packages/transformers/utils/generic.py:309: FutureWarning: `torch.utils._pytree._register_pytree_node` is deprecated. Please use `torch.utils._pytree.register_pytree_node` instead.
  _torch_pytree._register_pytree_node(
/projects/nar/nar-validation/e28-env/lib/python3.11/site-packages/transformers/utils/generic.py:309: FutureWarning: `torch.utils._pytree._register_pytree_node` is deprecated. Please use `torch.utils._pytree.register_pytree_node` instead.
  _torch_pytree._register_pytree_node(
8b_nar_eager_step_sync_decode_s3 run 0 6.05814
8b_nar_eager_step_sync_decode_s3 run 10 6.05306
8b_nar_eager_step_sync_decode_s3 run 20 5.99344
8b_nar_eager_step_sync_decode_s3 run 30 6.04564
8b_nar_eager_step_sync_decode_s3 run 40 6.01903
/projects/nar/nar-validation/e28-env/lib/python3.11/site-packages/transformers/utils/generic.py:441: FutureWarning: `torch.utils._pytree._register_pytree_node` is deprecated. Please use `torch.utils._pytree.register_pytree_node` instead.
  _torch_pytree._register_pytree_node(
/projects/nar/nar-validation/e28-env/lib/python3.11/site-packages/transformers/utils/generic.py:309: FutureWarning: `torch.utils._pytree._register_pytree_node` is deprecated. Please use `torch.utils._pytree.register_pytree_node` instead.
  _torch_pytree._register_pytree_node(
/projects/nar/nar-validation/e28-env/lib/python3.11/site-packages/transformers/utils/generic.py:309: FutureWarning: `torch.utils._pytree._register_pytree_node` is deprecated. Please use `torch.utils._pytree.register_pytree_node` instead.
  _torch_pytree._register_pytree_node(
8b_fp16_eager_sequence_prefill1_s3 run 0 0.38865
8b_fp16_eager_sequence_prefill1_s3 run 10 0.3904
8b_fp16_eager_sequence_prefill1_s3 run 20 0.3916
8b_fp16_eager_sequence_prefill1_s3 run 30 0.39205
8b_fp16_eager_sequence_prefill1_s3 run 40 0.39254
/projects/nar/nar-validation/e28-env/lib/python3.11/site-packages/transformers/utils/generic.py:441: FutureWarning: `torch.utils._pytree._register_pytree_node` is deprecated. Please use `torch.utils._pytree.register_pytree_node` instead.
  _torch_pytree._register_pytree_node(
/projects/nar/nar-validation/e28-env/lib/python3.11/site-packages/transformers/utils/generic.py:309: FutureWarning: `torch.utils._pytree._register_pytree_node` is deprecated. Please use `torch.utils._pytree.register_pytree_node` instead.
  _torch_pytree._register_pytree_node(
/projects/nar/nar-validation/e28-env/lib/python3.11/site-packages/transformers/utils/generic.py:309: FutureWarning: `torch.utils._pytree._register_pytree_node` is deprecated. Please use `torch.utils._pytree.register_pytree_node` instead.
  _torch_pytree._register_pytree_node(
8b_fp16_eager_sequence_prefill16_s3 run 0 5.03809
8b_fp16_eager_sequence_prefill16_s3 run 10 5.08887
8b_fp16_eager_sequence_prefill16_s3 run 20 5.11089
8b_fp16_eager_sequence_prefill16_s3 run 30 5.12835
8b_fp16_eager_sequence_prefill16_s3 run 40 5.13262
/projects/nar/nar-validation/e28-env/lib/python3.11/site-packages/transformers/utils/generic.py:441: FutureWarning: `torch.utils._pytree._register_pytree_node` is deprecated. Please use `torch.utils._pytree.register_pytree_node` instead.
  _torch_pytree._register_pytree_node(
/projects/nar/nar-validation/e28-env/lib/python3.11/site-packages/transformers/utils/generic.py:309: FutureWarning: `torch.utils._pytree._register_pytree_node` is deprecated. Please use `torch.utils._pytree.register_pytree_node` instead.
  _torch_pytree._register_pytree_node(
/projects/nar/nar-validation/e28-env/lib/python3.11/site-packages/transformers/utils/generic.py:309: FutureWarning: `torch.utils._pytree._register_pytree_node` is deprecated. Please use `torch.utils._pytree.register_pytree_node` instead.
  _torch_pytree._register_pytree_node(
8b_fp16_eager_sequence_decode_s3 run 0 3.63141
8b_fp16_eager_sequence_decode_s3 run 10 3.63056
8b_fp16_eager_sequence_decode_s3 run 20 3.63196
8b_fp16_eager_sequence_decode_s3 run 30 3.63125
8b_fp16_eager_sequence_decode_s3 run 40 3.63035
/projects/nar/nar-validation/e28-env/lib/python3.11/site-packages/transformers/utils/generic.py:441: FutureWarning: `torch.utils._pytree._register_pytree_node` is deprecated. Please use `torch.utils._pytree.register_pytree_node` instead.
  _torch_pytree._register_pytree_node(
/projects/nar/nar-validation/e28-env/lib/python3.11/site-packages/transformers/utils/generic.py:309: FutureWarning: `torch.utils._pytree._register_pytree_node` is deprecated. Please use `torch.utils._pytree.register_pytree_node` instead.
  _torch_pytree._register_pytree_node(
/projects/nar/nar-validation/e28-env/lib/python3.11/site-packages/transformers/utils/generic.py:309: FutureWarning: `torch.utils._pytree._register_pytree_node` is deprecated. Please use `torch.utils._pytree.register_pytree_node` instead.
  _torch_pytree._register_pytree_node(
8b_fp16_eager_step_sync_decode_s3 run 0 3.73778
8b_fp16_eager_step_sync_decode_s3 run 10 3.72922
8b_fp16_eager_step_sync_decode_s3 run 20 3.73293
8b_fp16_eager_step_sync_decode_s3 run 30 3.73648
8b_fp16_eager_step_sync_decode_s3 run 40 3.74123
/projects/nar/nar-validation/e28-env/lib/python3.11/site-packages/transformers/utils/generic.py:441: FutureWarning: `torch.utils._pytree._register_pytree_node` is deprecated. Please use `torch.utils._pytree.register_pytree_node` instead.
  _torch_pytree._register_pytree_node(
/projects/nar/nar-validation/e28-env/lib/python3.11/site-packages/transformers/utils/generic.py:309: FutureWarning: `torch.utils._pytree._register_pytree_node` is deprecated. Please use `torch.utils._pytree.register_pytree_node` instead.
  _torch_pytree._register_pytree_node(
/projects/nar/nar-validation/e28-env/lib/python3.11/site-packages/transformers/utils/generic.py:309: FutureWarning: `torch.utils._pytree._register_pytree_node` is deprecated. Please use `torch.utils._pytree.register_pytree_node` instead.
  _torch_pytree._register_pytree_node(
8b_hadamard_eager_sequence_prefill1_s3 run 0 0.26907
8b_hadamard_eager_sequence_prefill1_s3 run 10 0.26905
8b_hadamard_eager_sequence_prefill1_s3 run 20 0.26916
8b_hadamard_eager_sequence_prefill1_s3 run 30 0.26926
8b_hadamard_eager_sequence_prefill1_s3 run 40 0.26917
/projects/nar/nar-validation/e28-env/lib/python3.11/site-packages/transformers/utils/generic.py:441: FutureWarning: `torch.utils._pytree._register_pytree_node` is deprecated. Please use `torch.utils._pytree.register_pytree_node` instead.
  _torch_pytree._register_pytree_node(
/projects/nar/nar-validation/e28-env/lib/python3.11/site-packages/transformers/utils/generic.py:309: FutureWarning: `torch.utils._pytree._register_pytree_node` is deprecated. Please use `torch.utils._pytree.register_pytree_node` instead.
  _torch_pytree._register_pytree_node(
/projects/nar/nar-validation/e28-env/lib/python3.11/site-packages/transformers/utils/generic.py:309: FutureWarning: `torch.utils._pytree._register_pytree_node` is deprecated. Please use `torch.utils._pytree.register_pytree_node` instead.
  _torch_pytree._register_pytree_node(
8b_hadamard_eager_sequence_prefill16_s3 run 0 3.41696
8b_hadamard_eager_sequence_prefill16_s3 run 10 3.42039
8b_hadamard_eager_sequence_prefill16_s3 run 20 3.42413
8b_hadamard_eager_sequence_prefill16_s3 run 30 3.42869
8b_hadamard_eager_sequence_prefill16_s3 run 40 3.43041
/projects/nar/nar-validation/e28-env/lib/python3.11/site-packages/transformers/utils/generic.py:441: FutureWarning: `torch.utils._pytree._register_pytree_node` is deprecated. Please use `torch.utils._pytree.register_pytree_node` instead.
  _torch_pytree._register_pytree_node(
/projects/nar/nar-validation/e28-env/lib/python3.11/site-packages/transformers/utils/generic.py:309: FutureWarning: `torch.utils._pytree._register_pytree_node` is deprecated. Please use `torch.utils._pytree.register_pytree_node` instead.
  _torch_pytree._register_pytree_node(
/projects/nar/nar-validation/e28-env/lib/python3.11/site-packages/transformers/utils/generic.py:309: FutureWarning: `torch.utils._pytree._register_pytree_node` is deprecated. Please use `torch.utils._pytree.register_pytree_node` instead.
  _torch_pytree._register_pytree_node(
8b_hadamard_eager_sequence_decode_s3 run 0 6.29897
8b_hadamard_eager_sequence_decode_s3 run 10 6.0955
8b_hadamard_eager_sequence_decode_s3 run 20 6.17474
8b_hadamard_eager_sequence_decode_s3 run 30 6.40092
8b_hadamard_eager_sequence_decode_s3 run 40 6.46119
/projects/nar/nar-validation/e28-env/lib/python3.11/site-packages/transformers/utils/generic.py:441: FutureWarning: `torch.utils._pytree._register_pytree_node` is deprecated. Please use `torch.utils._pytree.register_pytree_node` instead.
  _torch_pytree._register_pytree_node(
/projects/nar/nar-validation/e28-env/lib/python3.11/site-packages/transformers/utils/generic.py:309: FutureWarning: `torch.utils._pytree._register_pytree_node` is deprecated. Please use `torch.utils._pytree.register_pytree_node` instead.
  _torch_pytree._register_pytree_node(
/projects/nar/nar-validation/e28-env/lib/python3.11/site-packages/transformers/utils/generic.py:309: FutureWarning: `torch.utils._pytree._register_pytree_node` is deprecated. Please use `torch.utils._pytree.register_pytree_node` instead.
  _torch_pytree._register_pytree_node(
8b_hadamard_eager_step_sync_decode_s3 run 0 7.00085
8b_hadamard_eager_step_sync_decode_s3 run 10 6.9579
8b_hadamard_eager_step_sync_decode_s3 run 20 7.13003
8b_hadamard_eager_step_sync_decode_s3 run 30 6.71239
8b_hadamard_eager_step_sync_decode_s3 run 40 6.67455
COLLECT 24 groups 0 kernel rows
/projects/nar/nar-validation/e28-env/lib/python3.11/site-packages/transformers/utils/generic.py:441: FutureWarning: `torch.utils._pytree._register_pytree_node` is deprecated. Please use `torch.utils._pytree.register_pytree_node` instead.
  _torch_pytree._register_pytree_node(
/projects/nar/nar-validation/e28-env/lib/python3.11/site-packages/transformers/utils/generic.py:309: FutureWarning: `torch.utils._pytree._register_pytree_node` is deprecated. Please use `torch.utils._pytree.register_pytree_node` instead.
  _torch_pytree._register_pytree_node(
/projects/nar/nar-validation/e28-env/lib/python3.11/site-packages/transformers/utils/generic.py:309: FutureWarning: `torch.utils._pytree._register_pytree_node` is deprecated. Please use `torch.utils._pytree.register_pytree_node` instead.
  _torch_pytree._register_pytree_node(
3b_fp16_legacy_diagnostic_decode_s0 run 0 4.53308
/projects/nar/nar-validation/e28-env/lib/python3.11/site-packages/transformers/utils/generic.py:441: FutureWarning: `torch.utils._pytree._register_pytree_node` is deprecated. Please use `torch.utils._pytree.register_pytree_node` instead.
  _torch_pytree._register_pytree_node(
/projects/nar/nar-validation/e28-env/lib/python3.11/site-packages/transformers/utils/generic.py:309: FutureWarning: `torch.utils._pytree._register_pytree_node` is deprecated. Please use `torch.utils._pytree.register_pytree_node` instead.
  _torch_pytree._register_pytree_node(
/projects/nar/nar-validation/e28-env/lib/python3.11/site-packages/transformers/utils/generic.py:309: FutureWarning: `torch.utils._pytree._register_pytree_node` is deprecated. Please use `torch.utils._pytree.register_pytree_node` instead.
  _torch_pytree._register_pytree_node(
/projects/nar/nar-validation/e28-env/lib/python3.11/site-packages/transformers/utils/generic.py:441: FutureWarning: `torch.utils._pytree._register_pytree_node` is deprecated. Please use `torch.utils._pytree.register_pytree_node` instead.
  _torch_pytree._register_pytree_node(
/projects/nar/nar-validation/e28-env/lib/python3.11/site-packages/transformers/utils/generic.py:309: FutureWarning: `torch.utils._pytree._register_pytree_node` is deprecated. Please use `torch.utils._pytree.register_pytree_node` instead.
  _torch_pytree._register_pytree_node(
/projects/nar/nar-validation/e28-env/lib/python3.11/site-packages/transformers/utils/generic.py:309: FutureWarning: `torch.utils._pytree._register_pytree_node` is deprecated. Please use `torch.utils._pytree.register_pytree_node` instead.
  _torch_pytree._register_pytree_node(
/projects/nar/nar-validation/e28-env/lib/python3.11/site-packages/transformers/utils/generic.py:441: FutureWarning: `torch.utils._pytree._register_pytree_node` is deprecated. Please use `torch.utils._pytree.register_pytree_node` instead.
  _torch_pytree._register_pytree_node(
/projects/nar/nar-validation/e28-env/lib/python3.11/site-packages/transformers/utils/generic.py:309: FutureWarning: `torch.utils._pytree._register_pytree_node` is deprecated. Please use `torch.utils._pytree.register_pytree_node` instead.
  _torch_pytree._register_pytree_node(
/projects/nar/nar-validation/e28-env/lib/python3.11/site-packages/transformers/utils/generic.py:309: FutureWarning: `torch.utils._pytree._register_pytree_node` is deprecated. Please use `torch.utils._pytree.register_pytree_node` instead.
  _torch_pytree._register_pytree_node(
3b_hadamard_legacy_diagnostic_decode_s0 run 0 8.21766
/projects/nar/nar-validation/e28-env/lib/python3.11/site-packages/transformers/utils/generic.py:441: FutureWarning: `torch.utils._pytree._register_pytree_node` is deprecated. Please use `torch.utils._pytree.register_pytree_node` instead.
  _torch_pytree._register_pytree_node(
/projects/nar/nar-validation/e28-env/lib/python3.11/site-packages/transformers/utils/generic.py:309: FutureWarning: `torch.utils._pytree._register_pytree_node` is deprecated. Please use `torch.utils._pytree.register_pytree_node` instead.
  _torch_pytree._register_pytree_node(
/projects/nar/nar-validation/e28-env/lib/python3.11/site-packages/transformers/utils/generic.py:309: FutureWarning: `torch.utils._pytree._register_pytree_node` is deprecated. Please use `torch.utils._pytree.register_pytree_node` instead.
  _torch_pytree._register_pytree_node(
/projects/nar/nar-validation/e28-env/lib/python3.11/site-packages/transformers/utils/generic.py:441: FutureWarning: `torch.utils._pytree._register_pytree_node` is deprecated. Please use `torch.utils._pytree.register_pytree_node` instead.
  _torch_pytree._register_pytree_node(
/projects/nar/nar-validation/e28-env/lib/python3.11/site-packages/transformers/utils/generic.py:309: FutureWarning: `torch.utils._pytree._register_pytree_node` is deprecated. Please use `torch.utils._pytree.register_pytree_node` instead.
  _torch_pytree._register_pytree_node(
/projects/nar/nar-validation/e28-env/lib/python3.11/site-packages/transformers/utils/generic.py:309: FutureWarning: `torch.utils._pytree._register_pytree_node` is deprecated. Please use `torch.utils._pytree.register_pytree_node` instead.
  _torch_pytree._register_pytree_node(
/projects/nar/nar-validation/e28-env/lib/python3.11/site-packages/transformers/utils/generic.py:441: FutureWarning: `torch.utils._pytree._register_pytree_node` is deprecated. Please use `torch.utils._pytree.register_pytree_node` instead.
  _torch_pytree._register_pytree_node(
/projects/nar/nar-validation/e28-env/lib/python3.11/site-packages/transformers/utils/generic.py:309: FutureWarning: `torch.utils._pytree._register_pytree_node` is deprecated. Please use `torch.utils._pytree.register_pytree_node` instead.
  _torch_pytree._register_pytree_node(
/projects/nar/nar-validation/e28-env/lib/python3.11/site-packages/transformers/utils/generic.py:309: FutureWarning: `torch.utils._pytree._register_pytree_node` is deprecated. Please use `torch.utils._pytree.register_pytree_node` instead.
  _torch_pytree._register_pytree_node(
3b_nar_legacy_diagnostic_decode_s0 run 0 8.68938
/projects/nar/nar-validation/e28-env/lib/python3.11/site-packages/transformers/utils/generic.py:441: FutureWarning: `torch.utils._pytree._register_pytree_node` is deprecated. Please use `torch.utils._pytree.register_pytree_node` instead.
  _torch_pytree._register_pytree_node(
/projects/nar/nar-validation/e28-env/lib/python3.11/site-packages/transformers/utils/generic.py:309: FutureWarning: `torch.utils._pytree._register_pytree_node` is deprecated. Please use `torch.utils._pytree.register_pytree_node` instead.
  _torch_pytree._register_pytree_node(
/projects/nar/nar-validation/e28-env/lib/python3.11/site-packages/transformers/utils/generic.py:309: FutureWarning: `torch.utils._pytree._register_pytree_node` is deprecated. Please use `torch.utils._pytree.register_pytree_node` instead.
  _torch_pytree._register_pytree_node(
/projects/nar/nar-validation/e28-env/lib/python3.11/site-packages/transformers/utils/generic.py:441: FutureWarning: `torch.utils._pytree._register_pytree_node` is deprecated. Please use `torch.utils._pytree.register_pytree_node` instead.
  _torch_pytree._register_pytree_node(
/projects/nar/nar-validation/e28-env/lib/python3.11/site-packages/transformers/utils/generic.py:309: FutureWarning: `torch.utils._pytree._register_pytree_node` is deprecated. Please use `torch.utils._pytree.register_pytree_node` instead.
  _torch_pytree._register_pytree_node(
/projects/nar/nar-validation/e28-env/lib/python3.11/site-packages/transformers/utils/generic.py:309: FutureWarning: `torch.utils._pytree._register_pytree_node` is deprecated. Please use `torch.utils._pytree.register_pytree_node` instead.
  _torch_pytree._register_pytree_node(
KERNEL 3b 1 session 1
KERNEL 3b 2048 session 1
KERNEL 3b 32768 session 1
KERNEL 3b 1 session 2
KERNEL 3b 2048 session 2
KERNEL 3b 32768 session 2
KERNEL 3b 1 session 3
KERNEL 3b 2048 session 3
KERNEL 3b 32768 session 3
/projects/nar/nar-validation/e28-env/lib/python3.11/site-packages/transformers/utils/generic.py:441: FutureWarning: `torch.utils._pytree._register_pytree_node` is deprecated. Please use `torch.utils._pytree.register_pytree_node` instead.
  _torch_pytree._register_pytree_node(
/projects/nar/nar-validation/e28-env/lib/python3.11/site-packages/transformers/utils/generic.py:309: FutureWarning: `torch.utils._pytree._register_pytree_node` is deprecated. Please use `torch.utils._pytree.register_pytree_node` instead.
  _torch_pytree._register_pytree_node(
/projects/nar/nar-validation/e28-env/lib/python3.11/site-packages/transformers/utils/generic.py:309: FutureWarning: `torch.utils._pytree._register_pytree_node` is deprecated. Please use `torch.utils._pytree.register_pytree_node` instead.
  _torch_pytree._register_pytree_node(
8b_fp16_legacy_diagnostic_decode_s0 run 0 6.12714
/projects/nar/nar-validation/e28-env/lib/python3.11/site-packages/transformers/utils/generic.py:441: FutureWarning: `torch.utils._pytree._register_pytree_node` is deprecated. Please use `torch.utils._pytree.register_pytree_node` instead.
  _torch_pytree._register_pytree_node(
/projects/nar/nar-validation/e28-env/lib/python3.11/site-packages/transformers/utils/generic.py:309: FutureWarning: `torch.utils._pytree._register_pytree_node` is deprecated. Please use `torch.utils._pytree.register_pytree_node` instead.
  _torch_pytree._register_pytree_node(
/projects/nar/nar-validation/e28-env/lib/python3.11/site-packages/transformers/utils/generic.py:309: FutureWarning: `torch.utils._pytree._register_pytree_node` is deprecated. Please use `torch.utils._pytree.register_pytree_node` instead.
  _torch_pytree._register_pytree_node(
/projects/nar/nar-validation/e28-env/lib/python3.11/site-packages/transformers/utils/generic.py:441: FutureWarning: `torch.utils._pytree._register_pytree_node` is deprecated. Please use `torch.utils._pytree.register_pytree_node` instead.
  _torch_pytree._register_pytree_node(
/projects/nar/nar-validation/e28-env/lib/python3.11/site-packages/transformers/utils/generic.py:309: FutureWarning: `torch.utils._pytree._register_pytree_node` is deprecated. Please use `torch.utils._pytree.register_pytree_node` instead.
  _torch_pytree._register_pytree_node(
/projects/nar/nar-validation/e28-env/lib/python3.11/site-packages/transformers/utils/generic.py:309: FutureWarning: `torch.utils._pytree._register_pytree_node` is deprecated. Please use `torch.utils._pytree.register_pytree_node` instead.
  _torch_pytree._register_pytree_node(
/projects/nar/nar-validation/e28-env/lib/python3.11/site-packages/transformers/utils/generic.py:441: FutureWarning: `torch.utils._pytree._register_pytree_node` is deprecated. Please use `torch.utils._pytree.register_pytree_node` instead.
  _torch_pytree._register_pytree_node(
/projects/nar/nar-validation/e28-env/lib/python3.11/site-packages/transformers/utils/generic.py:309: FutureWarning: `torch.utils._pytree._register_pytree_node` is deprecated. Please use `torch.utils._pytree.register_pytree_node` instead.
  _torch_pytree._register_pytree_node(
/projects/nar/nar-validation/e28-env/lib/python3.11/site-packages/transformers/utils/generic.py:309: FutureWarning: `torch.utils._pytree._register_pytree_node` is deprecated. Please use `torch.utils._pytree.register_pytree_node` instead.
  _torch_pytree._register_pytree_node(
8b_hadamard_legacy_diagnostic_decode_s0 run 0 9.42313
/projects/nar/nar-validation/e28-env/lib/python3.11/site-packages/transformers/utils/generic.py:441: FutureWarning: `torch.utils._pytree._register_pytree_node` is deprecated. Please use `torch.utils._pytree.register_pytree_node` instead.
  _torch_pytree._register_pytree_node(
/projects/nar/nar-validation/e28-env/lib/python3.11/site-packages/transformers/utils/generic.py:309: FutureWarning: `torch.utils._pytree._register_pytree_node` is deprecated. Please use `torch.utils._pytree.register_pytree_node` instead.
  _torch_pytree._register_pytree_node(
/projects/nar/nar-validation/e28-env/lib/python3.11/site-packages/transformers/utils/generic.py:309: FutureWarning: `torch.utils._pytree._register_pytree_node` is deprecated. Please use `torch.utils._pytree.register_pytree_node` instead.
  _torch_pytree._register_pytree_node(
/projects/nar/nar-validation/e28-env/lib/python3.11/site-packages/transformers/utils/generic.py:441: FutureWarning: `torch.utils._pytree._register_pytree_node` is deprecated. Please use `torch.utils._pytree.register_pytree_node` instead.
  _torch_pytree._register_pytree_node(
/projects/nar/nar-validation/e28-env/lib/python3.11/site-packages/transformers/utils/generic.py:309: FutureWarning: `torch.utils._pytree._register_pytree_node` is deprecated. Please use `torch.utils._pytree.register_pytree_node` instead.
  _torch_pytree._register_pytree_node(
/projects/nar/nar-validation/e28-env/lib/python3.11/site-packages/transformers/utils/generic.py:309: FutureWarning: `torch.utils._pytree._register_pytree_node` is deprecated. Please use `torch.utils._pytree.register_pytree_node` instead.
  _torch_pytree._register_pytree_node(
/projects/nar/nar-validation/e28-env/lib/python3.11/site-packages/transformers/utils/generic.py:441: FutureWarning: `torch.utils._pytree._register_pytree_node` is deprecated. Please use `torch.utils._pytree.register_pytree_node` instead.
  _torch_pytree._register_pytree_node(
/projects/nar/nar-validation/e28-env/lib/python3.11/site-packages/transformers/utils/generic.py:309: FutureWarning: `torch.utils._pytree._register_pytree_node` is deprecated. Please use `torch.utils._pytree.register_pytree_node` instead.
  _torch_pytree._register_pytree_node(
/projects/nar/nar-validation/e28-env/lib/python3.11/site-packages/transformers/utils/generic.py:309: FutureWarning: `torch.utils._pytree._register_pytree_node` is deprecated. Please use `torch.utils._pytree.register_pytree_node` instead.
  _torch_pytree._register_pytree_node(
8b_nar_legacy_diagnostic_decode_s0 run 0 9.15444
/projects/nar/nar-validation/e28-env/lib/python3.11/site-packages/transformers/utils/generic.py:441: FutureWarning: `torch.utils._pytree._register_pytree_node` is deprecated. Please use `torch.utils._pytree.register_pytree_node` instead.
  _torch_pytree._register_pytree_node(
/projects/nar/nar-validation/e28-env/lib/python3.11/site-packages/transformers/utils/generic.py:309: FutureWarning: `torch.utils._pytree._register_pytree_node` is deprecated. Please use `torch.utils._pytree.register_pytree_node` instead.
  _torch_pytree._register_pytree_node(
/projects/nar/nar-validation/e28-env/lib/python3.11/site-packages/transformers/utils/generic.py:309: FutureWarning: `torch.utils._pytree._register_pytree_node` is deprecated. Please use `torch.utils._pytree.register_pytree_node` instead.
  _torch_pytree._register_pytree_node(
/projects/nar/nar-validation/e28-env/lib/python3.11/site-packages/transformers/utils/generic.py:441: FutureWarning: `torch.utils._pytree._register_pytree_node` is deprecated. Please use `torch.utils._pytree.register_pytree_node` instead.
  _torch_pytree._register_pytree_node(
/projects/nar/nar-validation/e28-env/lib/python3.11/site-packages/transformers/utils/generic.py:309: FutureWarning: `torch.utils._pytree._register_pytree_node` is deprecated. Please use `torch.utils._pytree.register_pytree_node` instead.
  _torch_pytree._register_pytree_node(
/projects/nar/nar-validation/e28-env/lib/python3.11/site-packages/transformers/utils/generic.py:309: FutureWarning: `torch.utils._pytree._register_pytree_node` is deprecated. Please use `torch.utils._pytree.register_pytree_node` instead.
  _torch_pytree._register_pytree_node(
KERNEL 8b 1 session 1
KERNEL 8b 2048 session 1
KERNEL 8b 32768 session 1
KERNEL 8b 1 session 2
KERNEL 8b 2048 session 2
KERNEL 8b 32768 session 2
KERNEL 8b 1 session 3
KERNEL 8b 2048 session 3
KERNEL 8b 32768 session 3
COLLECT 24 groups 234 kernel rows
R4 3b 0 failures 0
R4 3b 1 failures 0
R4 3b 2 failures 0
R4 3b 3 failures 0
R4 3b 4 failures 0
R4 3b 5 failures 0
R4 3b 6 failures 0
R4 3b 7 failures 0
R4 3b 8 failures 0
R4 3b 9 failures 0
R4 3b 10 failures 0
R4 3b 11 failures 0
R4 3b 12 failures 0
R4 3b 13 failures 0
R4 3b 14 failures 0
R4 3b 15 failures 0
R4 3b 16 failures 0
R4 3b 17 failures 0
R4 3b 18 failures 0
R4 3b 19 failures 0
R4 3b 20 failures 0
R4 3b 21 failures 0
R4 3b 22 failures 0
R4 3b 23 failures 0
R4 3b 24 failures 0
R4 3b 25 failures 0
R4 3b 26 failures 0
R4 3b 27 failures 0
/projects/nar/nar-validation/e28-env/lib/python3.11/site-packages/transformers/utils/generic.py:441: FutureWarning: `torch.utils._pytree._register_pytree_node` is deprecated. Please use `torch.utils._pytree.register_pytree_node` instead.
  _torch_pytree._register_pytree_node(
/projects/nar/nar-validation/e28-env/lib/python3.11/site-packages/transformers/utils/generic.py:309: FutureWarning: `torch.utils._pytree._register_pytree_node` is deprecated. Please use `torch.utils._pytree.register_pytree_node` instead.
  _torch_pytree._register_pytree_node(
/projects/nar/nar-validation/e28-env/lib/python3.11/site-packages/transformers/utils/generic.py:309: FutureWarning: `torch.utils._pytree._register_pytree_node` is deprecated. Please use `torch.utils._pytree.register_pytree_node` instead.
  _torch_pytree._register_pytree_node(
R4 8b 0 failures 0
R4 8b 1 failures 0
R4 8b 2 failures 0
R4 8b 3 failures 0
R4 8b 4 failures 0
R4 8b 5 failures 0
R4 8b 6 failures 0
R4 8b 7 failures 0
R4 8b 8 failures 0
R4 8b 9 failures 0
R4 8b 10 failures 0
R4 8b 11 failures 0
R4 8b 12 failures 0
R4 8b 13 failures 0
R4 8b 14 failures 0
R4 8b 15 failures 0
R4 8b 16 failures 0
R4 8b 17 failures 0
R4 8b 18 failures 0
R4 8b 19 failures 0
R4 8b 20 failures 0
R4 8b 21 failures 0
R4 8b 22 failures 0
R4 8b 23 failures 0
R4 8b 24 failures 0
R4 8b 25 failures 0
R4 8b 26 failures 0
R4 8b 27 failures 0
R4 8b 28 failures 0
R4 8b 29 failures 0
R4 8b 30 failures 0
R4 8b 31 failures 0
/projects/nar/nar-validation/e28-env/lib/python3.11/site-packages/transformers/utils/generic.py:441: FutureWarning: `torch.utils._pytree._register_pytree_node` is deprecated. Please use `torch.utils._pytree.register_pytree_node` instead.
  _torch_pytree._register_pytree_node(
/projects/nar/nar-validation/e28-env/lib/python3.11/site-packages/transformers/utils/generic.py:309: FutureWarning: `torch.utils._pytree._register_pytree_node` is deprecated. Please use `torch.utils._pytree.register_pytree_node` instead.
  _torch_pytree._register_pytree_node(
/projects/nar/nar-validation/e28-env/lib/python3.11/site-packages/transformers/utils/generic.py:309: FutureWarning: `torch.utils._pytree._register_pytree_node` is deprecated. Please use `torch.utils._pytree.register_pytree_node` instead.
  _torch_pytree._register_pytree_node(
/projects/nar/nar-validation/e28-env/lib/python3.11/site-packages/transformers/utils/generic.py:441: FutureWarning: `torch.utils._pytree._register_pytree_node` is deprecated. Please use `torch.utils._pytree.register_pytree_node` instead.
  _torch_pytree._register_pytree_node(
/projects/nar/nar-validation/e28-env/lib/python3.11/site-packages/transformers/utils/generic.py:309: FutureWarning: `torch.utils._pytree._register_pytree_node` is deprecated. Please use `torch.utils._pytree.register_pytree_node` instead.
  _torch_pytree._register_pytree_node(
/projects/nar/nar-validation/e28-env/lib/python3.11/site-packages/transformers/utils/generic.py:309: FutureWarning: `torch.utils._pytree._register_pytree_node` is deprecated. Please use `torch.utils._pytree.register_pytree_node` instead.
  _torch_pytree._register_pytree_node(
3b_fp16_eager_sequence_decode8_s1 run 0 2.74316
3b_fp16_eager_sequence_decode8_s1 run 10 2.55259
3b_fp16_eager_sequence_decode8_s1 run 20 2.64876
3b_fp16_eager_sequence_decode8_s1 run 30 2.72313
3b_fp16_eager_sequence_decode8_s1 run 40 2.69412
/projects/nar/nar-validation/e28-env/lib/python3.11/site-packages/transformers/utils/generic.py:441: FutureWarning: `torch.utils._pytree._register_pytree_node` is deprecated. Please use `torch.utils._pytree.register_pytree_node` instead.
  _torch_pytree._register_pytree_node(
/projects/nar/nar-validation/e28-env/lib/python3.11/site-packages/transformers/utils/generic.py:309: FutureWarning: `torch.utils._pytree._register_pytree_node` is deprecated. Please use `torch.utils._pytree.register_pytree_node` instead.
  _torch_pytree._register_pytree_node(
/projects/nar/nar-validation/e28-env/lib/python3.11/site-packages/transformers/utils/generic.py:309: FutureWarning: `torch.utils._pytree._register_pytree_node` is deprecated. Please use `torch.utils._pytree.register_pytree_node` instead.
  _torch_pytree._register_pytree_node(
3b_fp16_eager_sequence_decode8192_s1 run 0 2.89676
3b_fp16_eager_sequence_decode8192_s1 run 10 2.89426
3b_fp16_eager_sequence_decode8192_s1 run 20 2.89481
3b_fp16_eager_sequence_decode8192_s1 run 30 2.89771
3b_fp16_eager_sequence_decode8192_s1 run 40 2.8979
/projects/nar/nar-validation/e28-env/lib/python3.11/site-packages/transformers/utils/generic.py:441: FutureWarning: `torch.utils._pytree._register_pytree_node` is deprecated. Please use `torch.utils._pytree.register_pytree_node` instead.
  _torch_pytree._register_pytree_node(
/projects/nar/nar-validation/e28-env/lib/python3.11/site-packages/transformers/utils/generic.py:309: FutureWarning: `torch.utils._pytree._register_pytree_node` is deprecated. Please use `torch.utils._pytree.register_pytree_node` instead.
  _torch_pytree._register_pytree_node(
/projects/nar/nar-validation/e28-env/lib/python3.11/site-packages/transformers/utils/generic.py:309: FutureWarning: `torch.utils._pytree._register_pytree_node` is deprecated. Please use `torch.utils._pytree.register_pytree_node` instead.
  _torch_pytree._register_pytree_node(
3b_hadamard_eager_sequence_decode8_s1 run 0 5.32822
3b_hadamard_eager_sequence_decode8_s1 run 10 5.85045
3b_hadamard_eager_sequence_decode8_s1 run 20 6.46925
3b_hadamard_eager_sequence_decode8_s1 run 30 5.85106
3b_hadamard_eager_sequence_decode8_s1 run 40 6.09045
/projects/nar/nar-validation/e28-env/lib/python3.11/site-packages/transformers/utils/generic.py:441: FutureWarning: `torch.utils._pytree._register_pytree_node` is deprecated. Please use `torch.utils._pytree.register_pytree_node` instead.
  _torch_pytree._register_pytree_node(
/projects/nar/nar-validation/e28-env/lib/python3.11/site-packages/transformers/utils/generic.py:309: FutureWarning: `torch.utils._pytree._register_pytree_node` is deprecated. Please use `torch.utils._pytree.register_pytree_node` instead.
  _torch_pytree._register_pytree_node(
/projects/nar/nar-validation/e28-env/lib/python3.11/site-packages/transformers/utils/generic.py:309: FutureWarning: `torch.utils._pytree._register_pytree_node` is deprecated. Please use `torch.utils._pytree.register_pytree_node` instead.
  _torch_pytree._register_pytree_node(
3b_hadamard_eager_sequence_decode8192_s1 run 0 5.58142
3b_hadamard_eager_sequence_decode8192_s1 run 10 5.8327
3b_hadamard_eager_sequence_decode8192_s1 run 20 6.59015
3b_hadamard_eager_sequence_decode8192_s1 run 30 6.52325
3b_hadamard_eager_sequence_decode8192_s1 run 40 5.47116
/projects/nar/nar-validation/e28-env/lib/python3.11/site-packages/transformers/utils/generic.py:441: FutureWarning: `torch.utils._pytree._register_pytree_node` is deprecated. Please use `torch.utils._pytree.register_pytree_node` instead.
  _torch_pytree._register_pytree_node(
/projects/nar/nar-validation/e28-env/lib/python3.11/site-packages/transformers/utils/generic.py:309: FutureWarning: `torch.utils._pytree._register_pytree_node` is deprecated. Please use `torch.utils._pytree.register_pytree_node` instead.
  _torch_pytree._register_pytree_node(
/projects/nar/nar-validation/e28-env/lib/python3.11/site-packages/transformers/utils/generic.py:309: FutureWarning: `torch.utils._pytree._register_pytree_node` is deprecated. Please use `torch.utils._pytree.register_pytree_node` instead.
  _torch_pytree._register_pytree_node(
3b_nar_eager_sequence_decode8_s1 run 0 5.00748
3b_nar_eager_sequence_decode8_s1 run 10 5.0694
3b_nar_eager_sequence_decode8_s1 run 20 5.02839
3b_nar_eager_sequence_decode8_s1 run 30 5.23094
3b_nar_eager_sequence_decode8_s1 run 40 5.07864
/projects/nar/nar-validation/e28-env/lib/python3.11/site-packages/transformers/utils/generic.py:441: FutureWarning: `torch.utils._pytree._register_pytree_node` is deprecated. Please use `torch.utils._pytree.register_pytree_node` instead.
  _torch_pytree._register_pytree_node(
/projects/nar/nar-validation/e28-env/lib/python3.11/site-packages/transformers/utils/generic.py:309: FutureWarning: `torch.utils._pytree._register_pytree_node` is deprecated. Please use `torch.utils._pytree.register_pytree_node` instead.
  _torch_pytree._register_pytree_node(
/projects/nar/nar-validation/e28-env/lib/python3.11/site-packages/transformers/utils/generic.py:309: FutureWarning: `torch.utils._pytree._register_pytree_node` is deprecated. Please use `torch.utils._pytree.register_pytree_node` instead.
  _torch_pytree._register_pytree_node(
3b_nar_eager_sequence_decode8192_s1 run 0 5.15518
3b_nar_eager_sequence_decode8192_s1 run 10 5.21472
3b_nar_eager_sequence_decode8192_s1 run 20 5.06165
3b_nar_eager_sequence_decode8192_s1 run 30 5.12042
3b_nar_eager_sequence_decode8192_s1 run 40 5.68153
/projects/nar/nar-validation/e28-env/lib/python3.11/site-packages/transformers/utils/generic.py:441: FutureWarning: `torch.utils._pytree._register_pytree_node` is deprecated. Please use `torch.utils._pytree.register_pytree_node` instead.
  _torch_pytree._register_pytree_node(
/projects/nar/nar-validation/e28-env/lib/python3.11/site-packages/transformers/utils/generic.py:309: FutureWarning: `torch.utils._pytree._register_pytree_node` is deprecated. Please use `torch.utils._pytree.register_pytree_node` instead.
  _torch_pytree._register_pytree_node(
/projects/nar/nar-validation/e28-env/lib/python3.11/site-packages/transformers/utils/generic.py:309: FutureWarning: `torch.utils._pytree._register_pytree_node` is deprecated. Please use `torch.utils._pytree.register_pytree_node` instead.
  _torch_pytree._register_pytree_node(
8b_fp16_eager_sequence_decode8_s1 run 0 3.97387
8b_fp16_eager_sequence_decode8_s1 run 10 3.97455
8b_fp16_eager_sequence_decode8_s1 run 20 3.97678
8b_fp16_eager_sequence_decode8_s1 run 30 3.97481
8b_fp16_eager_sequence_decode8_s1 run 40 3.97529
/projects/nar/nar-validation/e28-env/lib/python3.11/site-packages/transformers/utils/generic.py:441: FutureWarning: `torch.utils._pytree._register_pytree_node` is deprecated. Please use `torch.utils._pytree.register_pytree_node` instead.
  _torch_pytree._register_pytree_node(
/projects/nar/nar-validation/e28-env/lib/python3.11/site-packages/transformers/utils/generic.py:309: FutureWarning: `torch.utils._pytree._register_pytree_node` is deprecated. Please use `torch.utils._pytree.register_pytree_node` instead.
  _torch_pytree._register_pytree_node(
/projects/nar/nar-validation/e28-env/lib/python3.11/site-packages/transformers/utils/generic.py:309: FutureWarning: `torch.utils._pytree._register_pytree_node` is deprecated. Please use `torch.utils._pytree.register_pytree_node` instead.
  _torch_pytree._register_pytree_node(
8b_fp16_eager_sequence_decode8192_s1 run 0 4.66944
8b_fp16_eager_sequence_decode8192_s1 run 10 4.66959
8b_fp16_eager_sequence_decode8192_s1 run 20 4.669
8b_fp16_eager_sequence_decode8192_s1 run 30 4.66919
8b_fp16_eager_sequence_decode8192_s1 run 40 4.66914
/projects/nar/nar-validation/e28-env/lib/python3.11/site-packages/transformers/utils/generic.py:441: FutureWarning: `torch.utils._pytree._register_pytree_node` is deprecated. Please use `torch.utils._pytree.register_pytree_node` instead.
  _torch_pytree._register_pytree_node(
/projects/nar/nar-validation/e28-env/lib/python3.11/site-packages/transformers/utils/generic.py:309: FutureWarning: `torch.utils._pytree._register_pytree_node` is deprecated. Please use `torch.utils._pytree.register_pytree_node` instead.
  _torch_pytree._register_pytree_node(
/projects/nar/nar-validation/e28-env/lib/python3.11/site-packages/transformers/utils/generic.py:309: FutureWarning: `torch.utils._pytree._register_pytree_node` is deprecated. Please use `torch.utils._pytree.register_pytree_node` instead.
  _torch_pytree._register_pytree_node(
8b_hadamard_eager_sequence_decode8_s1 run 0 7.20784
8b_hadamard_eager_sequence_decode8_s1 run 10 7.45022
8b_hadamard_eager_sequence_decode8_s1 run 20 7.12239
8b_hadamard_eager_sequence_decode8_s1 run 30 7.54942
8b_hadamard_eager_sequence_decode8_s1 run 40 7.10299
/projects/nar/nar-validation/e28-env/lib/python3.11/site-packages/transformers/utils/generic.py:441: FutureWarning: `torch.utils._pytree._register_pytree_node` is deprecated. Please use `torch.utils._pytree.register_pytree_node` instead.
  _torch_pytree._register_pytree_node(
/projects/nar/nar-validation/e28-env/lib/python3.11/site-packages/transformers/utils/generic.py:309: FutureWarning: `torch.utils._pytree._register_pytree_node` is deprecated. Please use `torch.utils._pytree.register_pytree_node` instead.
  _torch_pytree._register_pytree_node(
/projects/nar/nar-validation/e28-env/lib/python3.11/site-packages/transformers/utils/generic.py:309: FutureWarning: `torch.utils._pytree._register_pytree_node` is deprecated. Please use `torch.utils._pytree.register_pytree_node` instead.
  _torch_pytree._register_pytree_node(
8b_hadamard_eager_sequence_decode8192_s1 run 0 6.83641
8b_hadamard_eager_sequence_decode8192_s1 run 10 6.08325
8b_hadamard_eager_sequence_decode8192_s1 run 20 6.4104
8b_hadamard_eager_sequence_decode8192_s1 run 30 6.26911
8b_hadamard_eager_sequence_decode8192_s1 run 40 6.37389
/projects/nar/nar-validation/e28-env/lib/python3.11/site-packages/transformers/utils/generic.py:441: FutureWarning: `torch.utils._pytree._register_pytree_node` is deprecated. Please use `torch.utils._pytree.register_pytree_node` instead.
  _torch_pytree._register_pytree_node(
/projects/nar/nar-validation/e28-env/lib/python3.11/site-packages/transformers/utils/generic.py:309: FutureWarning: `torch.utils._pytree._register_pytree_node` is deprecated. Please use `torch.utils._pytree.register_pytree_node` instead.
  _torch_pytree._register_pytree_node(
/projects/nar/nar-validation/e28-env/lib/python3.11/site-packages/transformers/utils/generic.py:309: FutureWarning: `torch.utils._pytree._register_pytree_node` is deprecated. Please use `torch.utils._pytree.register_pytree_node` instead.
  _torch_pytree._register_pytree_node(
8b_nar_eager_sequence_decode8_s1 run 0 6.12337
8b_nar_eager_sequence_decode8_s1 run 10 6.25101
8b_nar_eager_sequence_decode8_s1 run 20 6.3743
8b_nar_eager_sequence_decode8_s1 run 30 6.08144
8b_nar_eager_sequence_decode8_s1 run 40 6.2044
/projects/nar/nar-validation/e28-env/lib/python3.11/site-packages/transformers/utils/generic.py:441: FutureWarning: `torch.utils._pytree._register_pytree_node` is deprecated. Please use `torch.utils._pytree.register_pytree_node` instead.
  _torch_pytree._register_pytree_node(
/projects/nar/nar-validation/e28-env/lib/python3.11/site-packages/transformers/utils/generic.py:309: FutureWarning: `torch.utils._pytree._register_pytree_node` is deprecated. Please use `torch.utils._pytree.register_pytree_node` instead.
  _torch_pytree._register_pytree_node(
/projects/nar/nar-validation/e28-env/lib/python3.11/site-packages/transformers/utils/generic.py:309: FutureWarning: `torch.utils._pytree._register_pytree_node` is deprecated. Please use `torch.utils._pytree.register_pytree_node` instead.
  _torch_pytree._register_pytree_node(
8b_nar_eager_sequence_decode8192_s1 run 0 6.09913
8b_nar_eager_sequence_decode8192_s1 run 10 6.05064
8b_nar_eager_sequence_decode8192_s1 run 20 6.02876
8b_nar_eager_sequence_decode8192_s1 run 30 6.34811
8b_nar_eager_sequence_decode8192_s1 run 40 6.19368
COLLECT 36 groups 234 kernel rows
