layer,expert,module,routed_tokens,pooled_hessian,relative_weight_error,hessian_diag_max_over_median
22,0,gate_up,78,True,0.11387652158737183,8.259756064307044
22,1,gate_up,1493,False,0.1496053785085678,7.167483561440895
22,2,gate_up,20506,False,0.11713740229606628,7.81510711453678
22,3,gate_up,15003,False,0.11941999197006226,7.268925750506797
22,4,gate_up,20595,False,0.11831557005643845,9.596917087489965
22,5,gate_up,4983,False,0.12691304087638855,10.102320190993437
22,6,gate_up,8236,False,0.12154977768659592,9.871982736819605
22,7,gate_up,845,False,0.13821350038051605,8.336234157154104
22,8,gate_up,1962,False,0.14168459177017212,9.21221050187104
22,9,gate_up,21967,False,0.11804376542568207,8.417091125543923
22,10,gate_up,13163,False,0.11978434026241302,7.912154344263497
22,11,gate_up,14,True,0.11359735578298569,8.259756064307044
22,12,gate_up,6778,False,0.1262117177248001,9.687644195107811
22,13,gate_up,24697,False,0.11575561761856079,9.13583844636805
22,14,gate_up,29627,False,0.11496400088071823,9.75160493694298
22,15,gate_up,4991,False,0.12816549837589264,7.661614610670427
22,16,gate_up,25386,False,0.11700274795293808,10.23363343092176
22,17,gate_up,2,True,0.11374012380838394,8.259756064307044
22,18,gate_up,161468,False,0.11404089629650116,9.108904218813379
22,19,gate_up,15206,False,0.11851811408996582,10.015315456115818
22,20,gate_up,2542,False,0.13792107999324799,7.742656366906653
22,21,gate_up,563,False,0.13205653429031372,8.184208926483311
22,22,gate_up,1957,False,0.1464432328939438,7.806465996467924
22,23,gate_up,9271,False,0.12233919650316238,9.096831292153688
22,24,gate_up,42,True,0.11370769143104553,8.259756064307044
22,25,gate_up,81185,False,0.11503030359745026,8.514099759335334
22,26,gate_up,14371,False,0.1201019212603569,8.828109148706679
22,27,gate_up,17749,False,0.11745630949735641,9.499237369517024
22,28,gate_up,258,True,0.11396269500255585,8.259756064307044
22,29,gate_up,944,False,0.1449265033006668,7.833439276672791
22,30,gate_up,74226,False,0.11534105241298676,8.839772787748567
22,31,gate_up,4094,False,0.12698295712471008,9.970391879118388
22,32,gate_up,3265,False,0.13719475269317627,7.5535600658740005
22,33,gate_up,7107,False,0.12352953851222992,7.200484357467426
22,34,gate_up,1530,False,0.14523209631443024,7.8856993053919116
22,35,gate_up,33212,False,0.11632517725229263,8.329844058533054
22,36,gate_up,5441,False,0.12591449916362762,8.92203847415048
22,37,gate_up,388,True,0.11386899650096893,8.259756064307044
22,38,gate_up,263,True,0.11391767859458923,8.259756064307044
22,39,gate_up,23250,False,0.11693767458200455,8.526041395750449
22,40,gate_up,51996,False,0.11492404341697693,8.739417922201252
22,41,gate_up,12556,False,0.11954144388437271,7.009976603271765
22,42,gate_up,383,True,0.11394941061735153,8.259756064307044
22,43,gate_up,14120,False,0.12054753303527832,7.988447921827323
22,44,gate_up,4,True,0.11362610012292862,8.259756064307044
22,45,gate_up,8567,False,0.1216958686709404,7.474321861488495
22,46,gate_up,299,True,0.11371463537216187,8.259756064307044
22,47,gate_up,756,False,0.12834478914737701,8.079618516074056
22,48,gate_up,2808,False,0.13924650847911835,7.303956996692886
22,49,gate_up,7,True,0.11353549361228943,8.259756064307044
22,50,gate_up,61831,False,0.11572204530239105,9.802638627897595
22,51,gate_up,7957,False,0.1241919994354248,7.461168655529701
22,52,gate_up,56400,False,0.11536190658807755,8.229810389006117
22,53,gate_up,13,True,0.11337434500455856,8.259756064307044
22,54,gate_up,1980,False,0.14269708096981049,8.210993989660023
22,55,gate_up,19228,False,0.1194106712937355,9.623398850274832
22,56,gate_up,15725,False,0.11589954793453217,13.266150979018041
22,57,gate_up,14608,False,0.11759939789772034,10.069327835887357
22,58,gate_up,7038,False,0.12487402558326721,8.758467820082979
22,59,gate_up,624,False,0.13254864513874054,10.00683270493216
22,60,gate_up,711,False,0.1373022496700287,8.907294237676142
22,61,gate_up,26100,False,0.11450152099132538,11.281090046796287
22,62,gate_up,14695,False,0.11869113147258759,8.24235109825301
22,63,gate_up,11513,False,0.11951930075883865,11.474829772831379
22,64,gate_up,36408,False,0.11668790876865387,7.901961821334264
22,65,gate_up,1365,False,0.14539098739624023,8.15030809213964
22,66,gate_up,7397,False,0.1250031739473343,8.201005344592492
22,67,gate_up,997,False,0.1475212126970291,7.445221447047022
22,68,gate_up,16286,False,0.11757943034172058,9.633224352206286
22,69,gate_up,19309,False,0.11735913157463074,8.863032584834198
22,70,gate_up,16002,False,0.1176086813211441,7.877112959577266
22,71,gate_up,19998,False,0.12010177969932556,7.987944908499231
22,72,gate_up,444,True,0.11375613510608673,8.259756064307044
22,73,gate_up,27356,False,0.11537334322929382,9.438779759376066
22,74,gate_up,13046,False,0.11845672875642776,8.25334277921601
22,75,gate_up,17022,False,0.11893147975206375,7.3800345571336035
22,76,gate_up,75554,False,0.1152811199426651,8.337287854049501
22,77,gate_up,249,True,0.11390718072652817,8.259756064307044
22,78,gate_up,16479,False,0.11608227342367172,12.742021986935777
22,79,gate_up,0,True,0.11394090950489044,8.259756064307044
22,80,gate_up,12629,False,0.12013933807611465,7.372109961677619
22,81,gate_up,839,False,0.13345329463481903,8.673922665152062
22,82,gate_up,42459,False,0.11615568399429321,7.688845196796048
22,83,gate_up,17759,False,0.11564729362726212,9.538896646946249
22,84,gate_up,1801,False,0.1479761302471161,7.105150534880898
22,85,gate_up,72138,False,0.11501473933458328,9.39294646658471
22,86,gate_up,4278,False,0.12915050983428955,7.359631309665475
22,87,gate_up,2825,False,0.13426797091960907,9.623852750669078
22,88,gate_up,26832,False,0.11615923047065735,8.254128698610085
22,89,gate_up,53,True,0.1140480786561966,8.259756064307044
22,90,gate_up,9788,False,0.11858169734477997,9.615181204620223
22,91,gate_up,76940,False,0.11548695713281631,9.796428869335292
22,92,gate_up,7039,False,0.12501637637615204,7.4559214447245115
22,93,gate_up,2,True,0.11368677020072937,8.259756064307044
22,94,gate_up,85561,False,0.11527545750141144,9.36767888322309
22,95,gate_up,31855,False,0.11551278829574585,7.6108000973876075
22,96,gate_up,13062,False,0.12049014866352081,7.192345623409408
22,97,gate_up,10480,False,0.12069699913263321,8.309368047983892
22,98,gate_up,20627,False,0.11712990701198578,10.56912287472616
22,99,gate_up,28258,False,0.11763475090265274,8.328107266433921
22,100,gate_up,1400,False,0.14475740492343903,9.293800055388987
22,101,gate_up,3891,False,0.12978331744670868,7.870298142570586
22,102,gate_up,332,True,0.11399684101343155,8.259756064307044
22,103,gate_up,30383,False,0.11584175378084183,11.05334965085307
22,104,gate_up,29,True,0.11386897414922714,8.259756064307044
22,105,gate_up,26593,False,0.11440680921077728,11.318330118294194
22,106,gate_up,1,True,0.11350364238023758,8.259756064307044
22,107,gate_up,46821,False,0.11505880951881409,8.273467498855233
22,108,gate_up,29884,False,0.11675257980823517,7.6905231315570575
22,109,gate_up,13551,False,0.11832714825868607,8.668103868819191
22,110,gate_up,18022,False,0.1175834909081459,7.962211655173466
22,111,gate_up,327,True,0.11368323862552643,8.259756064307044
22,112,gate_up,22376,False,0.11751263588666916,8.7219445691474
22,113,gate_up,43892,False,0.11576879769563675,9.100064535607578
22,114,gate_up,738,False,0.13361310958862305,8.526214580764238
22,115,gate_up,33,True,0.11391156166791916,8.259756064307044
22,116,gate_up,2981,False,0.12789906561374664,12.261140183713268
22,117,gate_up,3,True,0.11363642662763596,8.259756064307044
22,118,gate_up,649,False,0.1350284218788147,9.014785931273671
22,119,gate_up,16798,False,0.11757681518793106,8.25543267256073
22,120,gate_up,33948,False,0.1161423996090889,8.176098254109798
22,121,gate_up,1369,False,0.14837948977947235,7.321393872601852
22,122,gate_up,1088,False,0.12764015793800354,13.323704642122145
22,123,gate_up,28733,False,0.11454033106565475,9.35163537650168
22,124,gate_up,29616,False,0.11636454612016678,6.862009695986436
22,125,gate_up,0,True,0.11386599391698837,8.259756064307044
22,126,gate_up,19482,False,0.1197371780872345,9.084973053642898
22,127,gate_up,2498,False,0.13394609093666077,11.032886197395719
22,0,down,78,True,0.0956922173500061,1.045830175418095
22,1,down,1493,False,0.12059222906827927,1.209151987081995
22,2,down,20506,False,0.10210829228162766,1.163807465634461
22,3,down,15003,False,0.10174160450696945,1.171830338294041
22,4,down,20595,False,0.11056508123874664,1.228090752075869
22,5,down,4983,False,0.10813432931900024,2.5432350126055665
22,6,down,8236,False,0.1153067871928215,1.672037155166373
22,7,down,845,False,0.1479327231645584,1.8077818580114025
22,8,down,1962,False,0.11813236773014069,1.9306333828843072
22,9,down,21967,False,0.10371410101652145,1.179575201134283
22,10,down,13163,False,0.10214298963546753,1.1579573031881336
22,11,down,14,True,0.09565194696187973,1.045830175418095
22,12,down,6778,False,0.110273577272892,1.33635308983788
22,13,down,24697,False,0.10347139090299606,1.2009426156224239
22,14,down,29627,False,0.101103775203228,1.1516732327165016
22,15,down,4991,False,0.1092481017112732,1.2933308378829727
22,16,down,25386,False,0.10832676291465759,1.8899602532497148
22,17,down,2,True,0.09570571035146713,1.045830175418095
22,18,down,161468,False,0.10021042078733444,1.167950242847445
22,19,down,15206,False,0.10755881667137146,1.3598439764557255
22,20,down,2542,False,0.11275335401296616,1.2539416667653545
22,21,down,563,False,0.15949741005897522,2.530182463148238
22,22,down,1957,False,0.11379430443048477,1.1866411619836383
22,23,down,9271,False,0.10851612687110901,1.343437432734597
22,24,down,42,True,0.0956406518816948,1.045830175418095
22,25,down,81185,False,0.09908830374479294,1.227677540370107
22,26,down,14371,False,0.10712404549121857,1.7966911796844065
22,27,down,17749,False,0.1088845357298851,1.2521505942627913
22,28,down,258,True,0.09556087106466293,1.045830175418095
22,29,down,944,False,0.1405792385339737,1.4601724672478062
22,30,down,74226,False,0.10011401772499084,1.17176374663227
22,31,down,4094,False,0.11738758534193039,1.6102420012589778
22,32,down,3265,False,0.11243589222431183,1.6084203802778174
22,33,down,7107,False,0.10603521764278412,1.2091222534000095
22,34,down,1530,False,0.1236148476600647,1.3139400546505287
22,35,down,33212,False,0.10215091705322266,1.197551800071672
22,36,down,5441,False,0.11492285877466202,1.5427063437968116
22,37,down,388,True,0.09549015015363693,1.045830175418095
22,38,down,263,True,0.09567523747682571,1.045830175418095
22,39,down,23250,False,0.10213901847600937,1.1719631266204447
22,40,down,51996,False,0.10110250860452652,1.1724908365340359
22,41,down,12556,False,0.10147751122713089,1.2251639263501077
22,42,down,383,True,0.09545610100030899,1.045830175418095
22,43,down,14120,False,0.10549239814281464,1.3414038621900692
22,44,down,4,True,0.09551594406366348,1.045830175418095
22,45,down,8567,False,0.10467705130577087,1.2187883168645948
22,46,down,299,True,0.09562218189239502,1.045830175418095
22,47,down,756,False,0.14557786285877228,3.467128242839119
22,48,down,2808,False,0.11180782318115234,1.3650883637346352
22,49,down,7,True,0.09552650153636932,1.045830175418095
22,50,down,61831,False,0.10383293777704239,1.291509589215521
22,51,down,7957,False,0.10536257177591324,1.3028143176506328
22,52,down,56400,False,0.09959034621715546,1.146597041907922
22,53,down,13,True,0.09547737240791321,1.045830175418095
22,54,down,1980,False,0.1181701272726059,1.42388566569337
22,55,down,19228,False,0.10675787180662155,1.5968974810934633
22,56,down,15725,False,0.10810322314500809,1.560495857800478
22,57,down,14608,False,0.11305782198905945,2.561002659682659
22,58,down,7038,False,0.11008796840906143,1.333814518974754
22,59,down,624,False,0.154232919216156,1.9632137065282562
22,60,down,711,False,0.1534457504749298,1.909127207094998
22,61,down,26100,False,0.10364539176225662,1.2499070084731296
22,62,down,14695,False,0.10147622972726822,1.1964358771710442
22,63,down,11513,False,0.10887573659420013,1.4311493883200967
22,64,down,36408,False,0.09975790232419968,1.1567057461712258
22,65,down,1365,False,0.1258232444524765,1.324371864608143
22,66,down,7397,False,0.10580460727214813,1.3234989883608483
22,67,down,997,False,0.1385209858417511,1.2472277212100698
22,68,down,16286,False,0.11184801906347275,1.9209540989007583
22,69,down,19309,False,0.10614622384309769,1.4137704883774096
22,70,down,16002,False,0.10325337946414948,1.1717213752762603
22,71,down,19998,False,0.10463497042655945,1.461593841747575
22,72,down,444,True,0.09552015364170074,1.045830175418095
22,73,down,27356,False,0.10272609442472458,1.2222621907431495
22,74,down,13046,False,0.10233452171087265,1.168013788074901
22,75,down,17022,False,0.10254507511854172,1.1516609406504184
22,76,down,75554,False,0.09967046976089478,1.103207383287153
22,77,down,249,True,0.09555733948945999,1.045830175418095
22,78,down,16479,False,0.11154571175575256,1.727241127415924
22,79,down,0,True,0.09546776115894318,1.045830175418095
22,80,down,12629,False,0.10205098241567612,1.2108912200961792
22,81,down,839,False,0.14418645203113556,2.705817370117603
22,82,down,42459,False,0.1012364849448204,1.215269301440799
22,83,down,17759,False,0.1038878783583641,1.2347246261218716
22,84,down,1801,False,0.1160234808921814,1.2145230894607364
22,85,down,72138,False,0.09942951053380966,1.157910798468195
22,86,down,4278,False,0.10807916522026062,1.2189714431007985
22,87,down,2825,False,0.116427481174469,1.5323380261531208
22,88,down,26832,False,0.10287577658891678,1.2666120559448024
22,89,down,53,True,0.09560483694076538,1.045830175418095
22,90,down,9788,False,0.10867939889431,1.344958467553869
22,91,down,76940,False,0.09981238842010498,1.1925964036615233
22,92,down,7039,False,0.10465814918279648,1.2109780585302001
22,93,down,2,True,0.09564787894487381,1.045830175418095
22,94,down,85561,False,0.10083499550819397,1.2309510985340484
22,95,down,31855,False,0.10186471045017242,1.1963006242763152
22,96,down,13062,False,0.10168538987636566,1.1815935383456113
22,97,down,10480,False,0.10769958049058914,1.2632000523855698
22,98,down,20627,False,0.1110563650727272,2.127431085312154
22,99,down,28258,False,0.10607244819402695,1.296855585341222
22,100,down,1400,False,0.12728460133075714,1.5617966065075695
22,101,down,3891,False,0.10673405975103378,1.207666972237912
22,102,down,332,True,0.09572447091341019,1.045830175418095
22,103,down,30383,False,0.10415609180927277,1.230600047491935
22,104,down,29,True,0.0957409217953682,1.045830175418095
22,105,down,26593,False,0.1053101122379303,1.34281033822622
22,106,down,1,True,0.09560337662696838,1.045830175418095
22,107,down,46821,False,0.100630983710289,1.189084847441184
22,108,down,29884,False,0.1006336435675621,1.184952951872448
22,109,down,13551,False,0.1034628376364708,1.2022649066505684
22,110,down,18022,False,0.10164766013622284,1.2208884818889334
22,111,down,327,True,0.09554960578680038,1.045830175418095
22,112,down,22376,False,0.10143548995256424,1.1797051700696422
22,113,down,43892,False,0.10275444388389587,1.2966691999006028
22,114,down,738,False,0.15243211388587952,1.6876011250683285
22,115,down,33,True,0.09553968906402588,1.045830175418095
22,116,down,2981,False,0.11814041435718536,3.2460792492207333
22,117,down,3,True,0.09563238173723221,1.045830175418095
22,118,down,649,False,0.1555287390947342,1.792725029699884
22,119,down,16798,False,0.10269679874181747,1.1921443390589312
22,120,down,33948,False,0.10008016228675842,1.208522482480765
22,121,down,1369,False,0.12538953125476837,1.2630416256245933
22,122,down,1088,False,0.13499964773654938,3.5507546675603243
22,123,down,28733,False,0.1011163517832756,1.1917466262398333
22,124,down,29616,False,0.10291195660829544,1.2339949519430846
22,125,down,0,True,0.09569298475980759,1.045830175418095
22,126,down,19482,False,0.10618487745523453,1.3173856690222316
22,127,down,2498,False,0.12123362720012665,1.5299051735487108
23,0,gate_up,9324,False,0.12088973075151443,7.9959940134368015
23,1,gate_up,8455,False,0.12034182250499725,10.662049358610856
23,2,gate_up,5854,False,0.12546680867671967,7.283023472564684
23,3,gate_up,17784,False,0.11634831130504608,10.515129741418347
23,4,gate_up,1696,False,0.1340716928243637,14.145246186350152
23,5,gate_up,5347,False,0.11988680809736252,11.309058745383133
23,6,gate_up,433,True,0.1136418804526329,8.683124234066536
23,7,gate_up,13035,False,0.11763236671686172,11.410219457780903
23,8,gate_up,33451,False,0.11539154499769211,9.058070235865246
23,9,gate_up,9518,False,0.11973640322685242,11.480003176800281
23,10,gate_up,176,True,0.11313698440790176,8.683124234066536
23,11,gate_up,7969,False,0.12328239530324936,8.470869036575296
23,12,gate_up,17805,False,0.11794226616621017,7.581297821496008
23,13,gate_up,26575,False,0.11432068049907684,9.38057670298993
23,14,gate_up,3360,False,0.12524554133415222,10.020611671236063
23,15,gate_up,717,False,0.1362408697605133,7.988079501906412
23,16,gate_up,31962,False,0.11546402424573898,7.757918895422628
23,17,gate_up,767,False,0.14206545054912567,8.395815839245255
23,18,gate_up,26512,False,0.11671041697263718,7.8863829257809615
23,19,gate_up,571,False,0.13346928358078003,9.214569249157991
23,20,gate_up,15206,False,0.1182117760181427,9.177603546177169
23,21,gate_up,5727,False,0.12355377525091171,11.21938477603988
23,22,gate_up,20537,False,0.11680496484041214,10.793022738860735
23,23,gate_up,17547,False,0.11447738856077194,13.199709129953124
23,24,gate_up,26206,False,0.11345946788787842,11.078902302584497
23,25,gate_up,27789,False,0.11809860169887543,8.704368361306862
23,26,gate_up,19190,False,0.11479291319847107,9.478928224924012
23,27,gate_up,176,True,0.11307483166456223,8.683124234066536
23,28,gate_up,464,True,0.1132890060544014,8.683124234066536
23,29,gate_up,46868,False,0.11467432975769043,9.033251038011633
23,30,gate_up,16175,False,0.1189284548163414,9.767696810886399
23,31,gate_up,2805,False,0.13912132382392883,7.178139959790778
23,32,gate_up,2180,False,0.13147984445095062,10.851308687115583
23,33,gate_up,18751,False,0.11818728595972061,7.931396630778741
23,34,gate_up,7,True,0.11351625621318817,8.683124234066536
23,35,gate_up,32,True,0.11272994428873062,8.683124234066536
23,36,gate_up,2155,False,0.14252959191799164,9.989394762250852
23,37,gate_up,7954,False,0.1225205510854721,8.660180689618233
23,38,gate_up,409,True,0.11328847706317902,8.683124234066536
23,39,gate_up,2728,False,0.13593031466007233,10.089344242764323
23,40,gate_up,37845,False,0.11583346873521805,8.240517212827674
23,41,gate_up,12675,False,0.11981412768363953,9.028794446745401
23,42,gate_up,21383,False,0.11611124873161316,9.533995341149671
23,43,gate_up,73289,False,0.11441826075315475,9.489957750289733
23,44,gate_up,1,True,0.11332382261753082,8.683124234066536
23,45,gate_up,24821,False,0.11694725602865219,9.949720190714189
23,46,gate_up,54898,False,0.11474927514791489,9.819074348545945
23,47,gate_up,24163,False,0.11439700424671173,9.06527638229516
23,48,gate_up,9154,False,0.12377357482910156,9.088107785303459
23,49,gate_up,26544,False,0.1136452928185463,10.96222942446494
23,50,gate_up,25654,False,0.11603961884975433,8.646058662199769
23,51,gate_up,858,False,0.13970749080181122,7.1577702448615605
23,52,gate_up,12737,False,0.11893368512392044,11.25697744406602
23,53,gate_up,19942,False,0.11751196533441544,10.388321290417593
23,54,gate_up,14523,False,0.1180378869175911,9.97646084536257
23,55,gate_up,19600,False,0.11635687202215195,8.217356266235276
23,56,gate_up,19289,False,0.11732921004295349,10.789469970716405
23,57,gate_up,3,True,0.11296050995588303,8.683124234066536
23,58,gate_up,34574,False,0.11394946277141571,9.323327710359688
23,59,gate_up,27063,False,0.11638766527175903,9.404167250595608
23,60,gate_up,89852,False,0.11473273485898972,10.083102395309139
23,61,gate_up,29046,False,0.11333849281072617,10.710137515910416
23,62,gate_up,1424,False,0.1462068408727646,8.692853491688313
23,63,gate_up,4804,False,0.1215779259800911,9.750694880173056
23,64,gate_up,2933,False,0.13446135818958282,8.439112410467358
23,65,gate_up,1327,False,0.14715471863746643,7.709570035367767
23,66,gate_up,12,True,0.11350668221712112,8.683124234066536
23,67,gate_up,15334,False,0.11523975431919098,11.913895385229333
23,68,gate_up,10644,False,0.11971557140350342,7.5518029231779265
23,69,gate_up,47592,False,0.11437152326107025,9.387940528616925
23,70,gate_up,330,True,0.1134156584739685,8.683124234066536
23,71,gate_up,21220,False,0.11694582551717758,8.388582773973141
23,72,gate_up,17051,False,0.11673640459775925,12.134620658085325
23,73,gate_up,23946,False,0.117189422249794,7.255289715951415
23,74,gate_up,10,True,0.11315224319696426,8.683124234066536
23,75,gate_up,2245,False,0.14354948699474335,6.888054101528644
23,76,gate_up,1489,False,0.1514814794063568,7.251631051617546
23,77,gate_up,134,True,0.1134573370218277,8.683124234066536
23,78,gate_up,18413,False,0.11714110523462296,8.341477703823122
23,79,gate_up,43652,False,0.1147245243191719,8.839634025090993
23,80,gate_up,1,True,0.1130443885922432,8.683124234066536
23,81,gate_up,10534,False,0.12074406445026398,9.393726074529837
23,82,gate_up,1805,False,0.13910973072052002,8.34581141929915
23,83,gate_up,120,True,0.11315204948186874,8.683124234066536
23,84,gate_up,273,True,0.11347619444131851,8.683124234066536
23,85,gate_up,57933,False,0.1150592491030693,9.266173595085522
23,86,gate_up,34423,False,0.11520259082317352,8.735257348211988
23,87,gate_up,13641,False,0.11784544587135315,8.750223718728407
23,88,gate_up,13,True,0.11319632828235626,8.683124234066536
23,89,gate_up,23791,False,0.11630512773990631,10.239190486363976
23,90,gate_up,31990,False,0.11593156307935715,11.05678839274123
23,91,gate_up,5,True,0.11311450600624084,8.683124234066536
23,92,gate_up,20946,False,0.11587080359458923,9.012794336836778
23,93,gate_up,0,True,0.11309968680143356,8.683124234066536
23,94,gate_up,37217,False,0.11538362503051758,9.768912403231202
23,95,gate_up,17045,False,0.11848423629999161,10.135690527584451
23,96,gate_up,18449,False,0.11730096489191055,11.079811819917483
23,97,gate_up,38517,False,0.1150117963552475,7.641200088619827
23,98,gate_up,32050,False,0.11589673906564713,8.444996557939795
23,99,gate_up,53611,False,0.11533819139003754,10.064988033046303
23,100,gate_up,36821,False,0.11612224578857422,9.306586898695326
23,101,gate_up,21833,False,0.11728574335575104,7.345021059539663
23,102,gate_up,8750,False,0.11928912252187729,8.831327874498857
23,103,gate_up,4678,False,0.12401550263166428,9.81707152097003
23,104,gate_up,427,True,0.11346189677715302,8.683124234066536
23,105,gate_up,72219,False,0.11426570266485214,8.961134705501234
23,106,gate_up,1,True,0.11290798336267471,8.683124234066536
23,107,gate_up,38453,False,0.1159541979432106,8.618355810232288
23,108,gate_up,1038,False,0.14046217501163483,10.361226805902563
23,109,gate_up,14612,False,0.11440200358629227,10.54783866898046
23,110,gate_up,398,True,0.11358033120632172,8.683124234066536
23,111,gate_up,24548,False,0.1154709979891777,8.790049574070192
23,112,gate_up,113,True,0.11321520060300827,8.683124234066536
23,113,gate_up,207,True,0.11347263306379318,8.683124234066536
23,114,gate_up,4891,False,0.1274408996105194,6.544527140300837
23,115,gate_up,133500,False,0.11360548436641693,9.328071428449796
23,116,gate_up,27744,False,0.11597873270511627,8.728524189729827
23,117,gate_up,799,False,0.1376265436410904,11.171759864848978
23,118,gate_up,58,True,0.11312174052000046,8.683124234066536
23,119,gate_up,0,True,0.11318995803594589,8.683124234066536
23,120,gate_up,2131,False,0.1397608518600464,9.796158212942826
23,121,gate_up,10754,False,0.1217753067612648,10.349648236671433
23,122,gate_up,28674,False,0.11454510688781738,9.448047813047411
23,123,gate_up,23,True,0.1130623072385788,8.683124234066536
23,124,gate_up,5984,False,0.12683925032615662,10.603180860039952
23,125,gate_up,17544,False,0.11506389081478119,13.228096563104687
23,126,gate_up,3836,False,0.1292540729045868,8.366035185982351
23,127,gate_up,61,True,0.11297105252742767,8.683124234066536
23,0,down,9324,False,0.10155893117189407,1.1260811065215224
23,1,down,8455,False,0.10958653688430786,1.3380550545759422
23,2,down,5854,False,0.1051262840628624,1.2879504383872278
23,3,down,17784,False,0.11022951453924179,2.1560972328843215
23,4,down,1696,False,0.12848152220249176,2.8305527238194843
23,5,down,5347,False,0.11574779450893402,2.2082290952310757
23,6,down,433,True,0.0954914465546608,1.0308749007521698
23,7,down,13035,False,0.11010301858186722,2.237773437682749
23,8,down,33451,False,0.10192757099866867,1.1601074471588533
23,9,down,9518,False,0.11012187600135803,1.6186992904011026
23,10,down,176,True,0.0954771339893341,1.0308749007521698
23,11,down,7969,False,0.10340908914804459,1.7949854835926047
23,12,down,17805,False,0.10061945021152496,1.1213224971141547
23,13,down,26575,False,0.10204622149467468,1.1558177859825245
23,14,down,3360,False,0.11704230308532715,1.85245945965334
23,15,down,717,False,0.15431469678878784,1.397051033123565
23,16,down,31962,False,0.09969324618577957,1.1203153159770476
23,17,down,767,False,0.15241022408008575,1.3148980232369145
23,18,down,26512,False,0.10095349699258804,1.254361785276121
23,19,down,571,False,0.16046854853630066,1.3997226449762146
23,20,down,15206,False,0.10401541739702225,1.7790628701112978
23,21,down,5727,False,0.1101188138127327,1.4707757482909716
23,22,down,20537,False,0.10402660071849823,1.230136235920338
23,23,down,17547,False,0.10760585218667984,1.4768570754922827
23,24,down,26206,False,0.10372281819581985,1.2466894372139259
23,25,down,27789,False,0.10485659539699554,1.8958524355426338
23,26,down,19190,False,0.10239636152982712,1.1893764451276776
23,27,down,176,True,0.09555217623710632,1.0308749007521698
23,28,down,464,True,0.09550677239894867,1.0308749007521698
23,29,down,46868,False,0.099952332675457,1.180008652156069
23,30,down,16175,False,0.105552539229393,1.2627846406177274
23,31,down,2805,False,0.1103518009185791,1.2715122379573884
23,32,down,2180,False,0.12052461504936218,1.7651061324625532
23,33,down,18751,False,0.10128867626190186,1.2052459337174082
23,34,down,7,True,0.0957028716802597,1.0308749007521698
23,35,down,32,True,0.09561803191900253,1.0308749007521698
23,36,down,2155,False,0.11533374339342117,1.7766326703375117
23,37,down,7954,False,0.10616284608840942,1.3764084024303296
23,38,down,409,True,0.09554701298475266,1.0308749007521698
23,39,down,2728,False,0.11318618804216385,1.3293334133533383
23,40,down,37845,False,0.09979502111673355,1.1691610687501792
23,41,down,12675,False,0.10257524996995926,1.1720611435850061
23,42,down,21383,False,0.10086927562952042,1.176364641595241
23,43,down,73289,False,0.09903398156166077,1.1357983134742182
23,44,down,1,True,0.0956108421087265,1.0308749007521698
23,45,down,24821,False,0.10481743514537811,1.2043798776638062
23,46,down,54898,False,0.1009993627667427,1.1117350358499347
23,47,down,24163,False,0.10051703453063965,1.1808184184634933
23,48,down,9154,False,0.1055818423628807,1.2775553858934963
23,49,down,26544,False,0.10392119735479355,1.224501138391159
23,50,down,25654,False,0.10077619552612305,1.1765375223442611
23,51,down,858,False,0.14666099846363068,1.3502607412714163
23,52,down,12737,False,0.11203416436910629,2.2206620846012814
23,53,down,19942,False,0.10592277348041534,1.254422133636764
23,54,down,14523,False,0.1084018275141716,1.3225902435988255
23,55,down,19600,False,0.10113919526338577,1.1890647271140116
23,56,down,19289,False,0.11362426728010178,1.4005798546484618
23,57,down,3,True,0.0956135243177414,1.0308749007521698
23,58,down,34574,False,0.10077059268951416,1.2283228500732954
23,59,down,27063,False,0.10277500003576279,1.4423220439406441
23,60,down,89852,False,0.10058150440454483,1.1682596375376912
23,61,down,29046,False,0.10168571025133133,1.235757453885637
23,62,down,1424,False,0.12221348285675049,1.1790778565653037
23,63,down,4804,False,0.1173398494720459,1.717570704078781
23,64,down,2933,False,0.11152692884206772,1.2708498520409603
23,65,down,1327,False,0.12525086104869843,1.3170477274892205
23,66,down,12,True,0.09558430314064026,1.0308749007521698
23,67,down,15334,False,0.10387876629829407,1.3277717551524286
23,68,down,10644,False,0.10240260511636734,1.1468321356620743
23,69,down,47592,False,0.1021767258644104,1.241021377987635
23,70,down,330,True,0.09562834352254868,1.0308749007521698
23,71,down,21220,False,0.1003163605928421,1.1423824566490108
23,72,down,17051,False,0.11144109815359116,1.3493942025491465
23,73,down,23946,False,0.10388118773698807,1.3487710896228076
23,74,down,10,True,0.09550871700048447,1.0308749007521698
23,75,down,2245,False,0.11278198659420013,1.2356655969951997
23,76,down,1489,False,0.11869968473911285,1.3271163289796903
23,77,down,134,True,0.09544997662305832,1.0308749007521698
23,78,down,18413,False,0.1011432334780693,1.1558928266533748
23,79,down,43652,False,0.10041879862546921,1.1611840766264514
23,80,down,1,True,0.09542114287614822,1.0308749007521698
23,81,down,10534,False,0.10681187361478806,1.8114002602326107
23,82,down,1805,False,0.12460239976644516,1.7824296373384376
23,83,down,120,True,0.09559600055217743,1.0308749007521698
23,84,down,273,True,0.09557659924030304,1.0308749007521698
23,85,down,57933,False,0.1008095070719719,1.1696079367982997
23,86,down,34423,False,0.10026703029870987,1.2001412998291052
23,87,down,13641,False,0.1019531711935997,1.133107081905311
23,88,down,13,True,0.09558117389678955,1.0308749007521698
23,89,down,23791,False,0.10497954487800598,1.3093144245379664
23,90,down,31990,False,0.10416864603757858,1.2867517953137655
23,91,down,5,True,0.09536496549844742,1.0308749007521698
23,92,down,20946,False,0.10405562818050385,1.2334245307265492
23,93,down,0,True,0.09546499699354172,1.0308749007521698
23,94,down,37217,False,0.102929025888443,1.1298849958368522
23,95,down,17045,False,0.10868804901838303,1.3919630185526581
23,96,down,18449,False,0.10279424488544464,1.3363168882008412
23,97,down,38517,False,0.10174120217561722,1.1662097498384065
23,98,down,32050,False,0.09997726231813431,1.1629772604831614
23,99,down,53611,False,0.10173104703426361,1.2309985867539086
23,100,down,36821,False,0.10079973191022873,1.1638631679843934
23,101,down,21833,False,0.10045662522315979,1.150158408772584
23,102,down,8750,False,0.1045740395784378,1.1547467183510283
23,103,down,4678,False,0.11763928830623627,1.4048007632334327
23,104,down,427,True,0.09541890770196915,1.0308749007521698
23,105,down,72219,False,0.09922260046005249,1.1762733852976028
23,106,down,1,True,0.0955260619521141,1.0308749007521698
23,107,down,38453,False,0.09944045543670654,1.1620958998795203
23,108,down,1038,False,0.13802172243595123,1.6525278673018438
23,109,down,14612,False,0.10635583102703094,1.2956793646736244
23,110,down,398,True,0.09564083814620972,1.0308749007521698
23,111,down,24548,False,0.10231111943721771,1.2165450053254703
23,112,down,113,True,0.09547901153564453,1.0308749007521698
23,113,down,207,True,0.09549084305763245,1.0308749007521698
23,114,down,4891,False,0.10531079024076462,1.2051144105039648
23,115,down,133500,False,0.09993387758731842,1.1916651216233054
23,116,down,27744,False,0.10028253495693207,1.1970324565680597
23,117,down,799,False,0.151511549949646,6.222982311933449
23,118,down,58,True,0.09551707655191422,1.0308749007521698
23,119,down,0,True,0.09564850479364395,1.0308749007521698
23,120,down,2131,False,0.1151442676782608,1.240376686329914
23,121,down,10754,False,0.10681414604187012,1.2460137493839984
23,122,down,28674,False,0.10086589306592941,1.2344529208944859
23,123,down,23,True,0.09552959352731705,1.0308749007521698
23,124,down,5984,False,0.10817483067512512,1.3710562999653582
23,125,down,17544,False,0.11194626241922379,1.7459832294017492
23,126,down,3836,False,0.10701660811901093,1.2551275997886786
23,127,down,61,True,0.09545225650072098,1.0308749007521698
24,0,gate_up,22155,False,0.11541326344013214,9.38123035568493
24,1,gate_up,200,True,0.11304742097854614,8.817263600235714
24,2,gate_up,140961,False,0.11326799541711807,10.073741570488899
24,3,gate_up,56,True,0.11245477944612503,8.817263600235714
24,4,gate_up,58486,False,0.11483025550842285,10.418216275677604
24,5,gate_up,0,True,0.11244230717420578,8.817263600235714
24,6,gate_up,9654,False,0.12066192924976349,8.307503252374769
24,7,gate_up,8468,False,0.11903705447912216,9.80404320971757
24,8,gate_up,21307,False,0.11896245181560516,9.926392709638057
24,9,gate_up,13433,False,0.11751563102006912,8.55754765908425
24,10,gate_up,131,True,0.1129688248038292,8.817263600235714
24,11,gate_up,1223,False,0.1448228806257248,7.93374431530185
24,12,gate_up,12613,False,0.11805182695388794,8.14950954246429
24,13,gate_up,3,True,0.11272894591093063,8.817263600235714
24,14,gate_up,46715,False,0.11518097668886185,9.399753934535553
24,15,gate_up,26039,False,0.1132955476641655,10.620578063714087
24,16,gate_up,925,False,0.14008252322673798,8.799959559474823
24,17,gate_up,1160,False,0.14496473968029022,8.192723238592725
24,18,gate_up,2773,False,0.13464342057704926,10.697393244731947
24,19,gate_up,78,True,0.11304529756307602,8.817263600235714
24,20,gate_up,1307,False,0.1398056596517563,10.74769882621706
24,21,gate_up,16295,False,0.11691184341907501,10.545449411726242
24,22,gate_up,10496,False,0.12171763926744461,10.185892962837642
24,23,gate_up,7375,False,0.11928947269916534,10.157091638669446
24,24,gate_up,10254,False,0.12189072370529175,9.398289113655313
24,25,gate_up,25098,False,0.11540678888559341,9.026085351477345
24,26,gate_up,26791,False,0.11413281410932541,11.64118628694986
24,27,gate_up,45555,False,0.11616236716508865,10.278992735324495
24,28,gate_up,244,True,0.11293058097362518,8.817263600235714
24,29,gate_up,56,True,0.11252516508102417,8.817263600235714
24,30,gate_up,25472,False,0.11438975483179092,10.36321345021293
24,31,gate_up,1,True,0.11286579817533493,8.817263600235714
24,32,gate_up,46466,False,0.11534793674945831,8.625470803303754
24,33,gate_up,372,True,0.1131129339337349,8.817263600235714
24,34,gate_up,190679,False,0.11302659660577774,9.275644570466309
24,35,gate_up,4871,False,0.12582571804523468,10.974078692295869
24,36,gate_up,22182,False,0.11544167995452881,10.24923422384593
24,37,gate_up,1457,False,0.14987990260124207,7.262365666818194
24,38,gate_up,25565,False,0.11454641819000244,8.764492157044117
24,39,gate_up,8601,False,0.11999305337667465,10.57413494481146
24,40,gate_up,31589,False,0.11617879569530487,8.198658522956974
24,41,gate_up,1930,False,0.13352711498737335,10.55723981696078
24,42,gate_up,47142,False,0.11507996916770935,8.64021724853184
24,43,gate_up,20023,False,0.11584336310625076,8.559053004211314
24,44,gate_up,3993,False,0.13084690272808075,7.8427388015633435
24,45,gate_up,400,True,0.11313211917877197,8.817263600235714
24,46,gate_up,101879,False,0.11361527442932129,9.330427759322308
24,47,gate_up,1205,False,0.14979471266269684,6.518861996897094
24,48,gate_up,7,True,0.11252876371145248,8.817263600235714
24,49,gate_up,5622,False,0.12559881806373596,7.796376826355696
24,50,gate_up,1682,False,0.14202092587947845,11.153097824778742
24,51,gate_up,1135,False,0.14771132171154022,7.951462664307709
24,52,gate_up,29911,False,0.11499432474374771,8.875716616703981
24,53,gate_up,37433,False,0.11456286162137985,8.915840574657953
24,54,gate_up,550,False,0.13299153745174408,9.054475770596444
24,55,gate_up,135,True,0.11221539229154587,8.817263600235714
24,56,gate_up,4529,False,0.12061131745576859,12.505055909995198
24,57,gate_up,625,False,0.13895833492279053,7.673279910817199
24,58,gate_up,13048,False,0.11808880418539047,8.403400702274482
24,59,gate_up,299,True,0.11295748502016068,8.817263600235714
24,60,gate_up,2913,False,0.13334974646568298,10.082767276524416
24,61,gate_up,66777,False,0.11423787474632263,9.043894898595177
24,62,gate_up,2656,False,0.13927891850471497,7.340878219190613
24,63,gate_up,30680,False,0.11499866843223572,8.743687848145637
24,64,gate_up,18190,False,0.11704934388399124,10.763463321699854
24,65,gate_up,19071,False,0.11580400913953781,10.41563893273887
24,66,gate_up,6518,False,0.12270430475473404,10.721859978968858
24,67,gate_up,9955,False,0.11975077539682388,8.671553833111128
24,68,gate_up,34030,False,0.11356230080127716,9.406523173380082
24,69,gate_up,27243,False,0.11416102200746536,9.543555618832949
24,70,gate_up,94,True,0.11286909133195877,8.817263600235714
24,71,gate_up,11407,False,0.11905493587255478,10.408030841193337
24,72,gate_up,2,True,0.11266418546438217,8.817263600235714
24,73,gate_up,35923,False,0.11424154043197632,9.393076378456984
24,74,gate_up,12902,False,0.11742182075977325,9.39724350889893
24,75,gate_up,61441,False,0.11406559497117996,9.378818521728418
24,76,gate_up,12713,False,0.11886890977621078,7.738202338284495
24,77,gate_up,600,False,0.13074891269207,10.722326840787293
24,78,gate_up,416,True,0.1130140945315361,8.817263600235714
24,79,gate_up,18433,False,0.11495861411094666,10.62959750798157
24,80,gate_up,29146,False,0.11559659987688065,9.513883092091755
24,81,gate_up,8,True,0.11247263848781586,8.817263600235714
24,82,gate_up,13,True,0.11269154399633408,8.817263600235714
24,83,gate_up,839,False,0.1277536004781723,11.402582372998971
24,84,gate_up,69,True,0.11287764459848404,8.817263600235714
24,85,gate_up,3937,False,0.1280856430530548,8.868923191451774
24,86,gate_up,1,True,0.11247940361499786,8.817263600235714
24,87,gate_up,71963,False,0.11390209943056107,8.874893232922615
24,88,gate_up,4,True,0.11248091608285904,8.817263600235714
24,89,gate_up,3459,False,0.12753672897815704,10.179497642632615
24,90,gate_up,9991,False,0.12044969201087952,8.146667887743538
24,91,gate_up,2142,False,0.14284975826740265,7.810779987222703
24,92,gate_up,14930,False,0.12077917158603668,8.575349751947808
24,93,gate_up,888,False,0.142374649643898,8.803313296797011
24,94,gate_up,2470,False,0.1353999227285385,10.075713351922671
24,95,gate_up,7165,False,0.1224144771695137,9.13018184536257
24,96,gate_up,18623,False,0.11438252031803131,12.529916247722232
24,97,gate_up,25117,False,0.11574198305606842,9.127656827434885
24,98,gate_up,19,True,0.11287150532007217,8.817263600235714
24,99,gate_up,27362,False,0.11319079995155334,10.51570107567238
24,100,gate_up,24194,False,0.11576806753873825,8.839950108867692
24,101,gate_up,10934,False,0.11933422088623047,7.564678423876765
24,102,gate_up,34914,False,0.11489641666412354,9.653090308334873
24,103,gate_up,20900,False,0.1167205199599266,7.2646386614087435
24,104,gate_up,3,True,0.11228079348802567,8.817263600235714
24,105,gate_up,5059,False,0.12244316935539246,12.33742356414476
24,106,gate_up,259,True,0.11314550042152405,8.817263600235714
24,107,gate_up,18542,False,0.1145927682518959,9.628023645502282
24,108,gate_up,1832,False,0.14645835757255554,7.579748426184248
24,109,gate_up,568,False,0.13852068781852722,5.473422208053851
24,110,gate_up,3220,False,0.133980393409729,6.987065232174429
24,111,gate_up,3269,False,0.1362590193748474,7.929821441552106
24,112,gate_up,11176,False,0.12230969965457916,7.988939266333187
24,113,gate_up,160,True,0.11277119070291519,8.817263600235714
24,114,gate_up,28825,False,0.11516240984201431,9.957669861558783
24,115,gate_up,28409,False,0.11529038101434708,9.109643152775805
24,116,gate_up,5832,False,0.12384224683046341,9.208018208933339
24,117,gate_up,11509,False,0.1204146221280098,10.432595385209684
24,118,gate_up,24213,False,0.11591852456331253,8.418362555080797
24,119,gate_up,164,True,0.11299242824316025,8.817263600235714
24,120,gate_up,17870,False,0.11501944810152054,9.000321089182963
24,121,gate_up,30907,False,0.11583110690116882,9.618184026253628
24,122,gate_up,324,True,0.11303021758794785,8.817263600235714
24,123,gate_up,15613,False,0.11749984323978424,8.42409730996704
24,124,gate_up,9917,False,0.11905331909656525,8.175707517027945
24,125,gate_up,1738,False,0.14270727336406708,9.919051411188684
24,126,gate_up,4219,False,0.12731464207172394,8.370318419607612
24,127,gate_up,53818,False,0.11561925709247589,9.630237061573839
24,0,down,22155,False,0.10132797807455063,1.1784002425592286
24,1,down,200,True,0.09569576382637024,1.0283562155264028
24,2,down,140961,False,0.0996273085474968,1.2352989345045415
24,3,down,56,True,0.09577114135026932,1.0283562155264028
24,4,down,58486,False,0.10310880094766617,1.1688796181973862
24,5,down,0,True,0.0955347940325737,1.0283562155264028
24,6,down,9654,False,0.10344786196947098,1.1547548057591832
24,7,down,8468,False,0.10769062489271164,1.2744456506839776
24,8,down,21307,False,0.10554523766040802,1.5651637322341765
24,9,down,13433,False,0.10388372838497162,1.1396802982012686
24,10,down,131,True,0.0956762284040451,1.0283562155264028
24,11,down,1223,False,0.13182324171066284,1.3848187017211295
24,12,down,12613,False,0.10223320126533508,1.1676516441720843
24,13,down,3,True,0.09568508714437485,1.0283562155264028
24,14,down,46715,False,0.100586898624897,1.1320239361070736
24,15,down,26039,False,0.10426277667284012,1.3244804054085877
24,16,down,925,False,0.14240498840808868,2.4661888660727613
24,17,down,1160,False,0.1332169473171234,1.3328758897421267
24,18,down,2773,False,0.11461924761533737,1.41153336034553
24,19,down,78,True,0.09557753801345825,1.0283562155264028
24,20,down,1307,False,0.12943531572818756,1.5615324562591169
24,21,down,16295,False,0.11403140425682068,2.442288691988797
24,22,down,10496,False,0.10709759593009949,2.053144683707597
24,23,down,7375,False,0.11177802085876465,1.2984862970663509
24,24,down,10254,False,0.10616447776556015,1.290947438515907
24,25,down,25098,False,0.10367200523614883,1.2060272890164743
24,26,down,26791,False,0.10256320983171463,1.2026201843712532
24,27,down,45555,False,0.10023289918899536,1.1290215531015355
24,28,down,244,True,0.09560903906822205,1.0283562155264028
24,29,down,56,True,0.0957246720790863,1.0283562155264028
24,30,down,25472,False,0.10371097177267075,1.2812027324999178
24,31,down,1,True,0.09547005593776703,1.0283562155264028
24,32,down,46466,False,0.10037660598754883,1.1777386346321639
24,33,down,372,True,0.0954475924372673,1.0283562155264028
24,34,down,190679,False,0.09962353110313416,1.107973228769732
24,35,down,4871,False,0.11192815005779266,1.4990708707714127
24,36,down,22182,False,0.10344631224870682,1.1984477042753143
24,37,down,1457,False,0.12228850275278091,1.1769066898271265
24,38,down,25565,False,0.10119035840034485,1.466514370086652
24,39,down,8601,False,0.11143621802330017,1.415409232284383
24,40,down,31589,False,0.10028202831745148,1.1399625122162054
24,41,down,1930,False,0.12030051648616791,1.6343630118121018
24,42,down,47142,False,0.09993419796228409,1.1468063402614788
24,43,down,20023,False,0.10224288702011108,1.1643455702892178
24,44,down,3993,False,0.10740784555673599,1.2370306056166778
24,45,down,400,True,0.09568771719932556,1.0283562155264028
24,46,down,101879,False,0.09904131293296814,1.1366422048010045
24,47,down,1205,False,0.12699520587921143,1.2090387332293167
24,48,down,7,True,0.09548339247703552,1.0283562155264028
24,49,down,5622,False,0.10654614865779877,1.371825584834535
24,50,down,1682,False,0.12580950558185577,1.9547617104843937
24,51,down,1135,False,0.1317390501499176,1.56051213125987
24,52,down,29911,False,0.10207100957632065,1.2589068634568403
24,53,down,37433,False,0.10080093145370483,1.1727367502899602
24,54,down,550,False,0.16022872924804688,1.3322580863627587
24,55,down,135,True,0.09566332399845123,1.0283562155264028
24,56,down,4529,False,0.11720868200063705,3.1567110102728573
24,57,down,625,False,0.15971454977989197,1.3721102840257737
24,58,down,13048,False,0.10118936747312546,1.174034756171778
24,59,down,299,True,0.09568076580762863,1.0283562155264028
24,60,down,2913,False,0.11134766042232513,1.1960926214429155
24,61,down,66777,False,0.09962259232997894,1.1485957282733716
24,62,down,2656,False,0.10943454504013062,1.3188213919559035
24,63,down,30680,False,0.10102350264787674,1.185659867559435
24,64,down,18190,False,0.10725873708724976,1.5406502243499436
24,65,down,19071,False,0.11210823059082031,1.9331431306689593
24,66,down,6518,False,0.11198363453149796,1.437813081213746
24,67,down,9955,False,0.10524387657642365,1.2351335058431558
24,68,down,34030,False,0.10155279189348221,1.2258395444608268
24,69,down,27243,False,0.10103681683540344,1.1605687510671845
24,70,down,94,True,0.09559772908687592,1.0283562155264028
24,71,down,11407,False,0.10970831662416458,1.3758823194981031
24,72,down,2,True,0.0954764261841774,1.0283562155264028
24,73,down,35923,False,0.10742571949958801,1.4212311643617932
24,74,down,12902,False,0.10180074721574783,1.1450858549537482
24,75,down,61441,False,0.10048402100801468,1.1856363382178894
24,76,down,12713,False,0.10075608640909195,1.1178708046056585
24,77,down,600,False,0.15664269030094147,1.5265861185902443
24,78,down,416,True,0.09571396559476852,1.0283562155264028
24,79,down,18433,False,0.10597890615463257,1.293255415528141
24,80,down,29146,False,0.10432365536689758,1.1963367166547267
24,81,down,8,True,0.09563826769590378,1.0283562155264028
24,82,down,13,True,0.09547526389360428,1.0283562155264028
24,83,down,839,False,0.1426810473203659,2.7775443823064396
24,84,down,69,True,0.09546507894992828,1.0283562155264028
24,85,down,3937,False,0.11374855786561966,1.629373140998898
24,86,down,1,True,0.09561806917190552,1.0283562155264028
24,87,down,71963,False,0.09870614111423492,1.1338982884436466
24,88,down,4,True,0.09574730694293976,1.0283562155264028
24,89,down,3459,False,0.11639326810836792,1.5920347087515059
24,90,down,9991,False,0.10256326198577881,1.1473521451052677
24,91,down,2142,False,0.11373278498649597,1.2371677454052996
24,92,down,14930,False,0.10238591581583023,1.28644015326256
24,93,down,888,False,0.14638054370880127,1.4099124386884023
24,94,down,2470,False,0.11540407687425613,1.3825176187933614
24,95,down,7165,False,0.10489260405302048,1.2138770305497346
24,96,down,18623,False,0.10914739966392517,1.3497374232660635
24,97,down,25117,False,0.10684124380350113,1.407025360419813
24,98,down,19,True,0.0957007184624672,1.0283562155264028
24,99,down,27362,False,0.10380888730287552,1.3397863347008783
24,100,down,24194,False,0.1004820168018341,1.1270732732605415
24,101,down,10934,False,0.09978528320789337,1.11166851949818
24,102,down,34914,False,0.0998757854104042,1.1579902431921931
24,103,down,20900,False,0.1004868820309639,1.2322418358360463
24,104,down,3,True,0.09551931172609329,1.0283562155264028
24,105,down,5059,False,0.11908084899187088,2.4300817589781816
24,106,down,259,True,0.0955435037612915,1.0283562155264028
24,107,down,18542,False,0.10265013575553894,1.2285236651323037
24,108,down,1832,False,0.1165168434381485,1.2810541728227995
24,109,down,568,False,0.16330796480178833,1.3093943819340255
24,110,down,3220,False,0.10868696868419647,1.200051082608124
24,111,down,3269,False,0.11090497672557831,3.1132351833064935
24,112,down,11176,False,0.10573916882276535,1.482157009492672
24,113,down,160,True,0.0957517921924591,1.0283562155264028
24,114,down,28825,False,0.1035243570804596,1.218720145922142
24,115,down,28409,False,0.10295145958662033,1.1839524238289425
24,116,down,5832,False,0.10596414655447006,1.2886701569785945
24,117,down,11509,False,0.11032120883464813,1.3021948987562952
24,118,down,24213,False,0.10192917287349701,1.1899640968636835
24,119,down,164,True,0.0955730676651001,1.0283562155264028
24,120,down,17870,False,0.10161282867193222,1.178374330546609
24,121,down,30907,False,0.10153372585773468,1.200039146542359
24,122,down,324,True,0.0955381691455841,1.0283562155264028
24,123,down,15613,False,0.10328882932662964,1.1500879699700473
24,124,down,9917,False,0.10253378748893738,1.16187957966216
24,125,down,1738,False,0.12322787195444107,1.7694687092691035
24,126,down,4219,False,0.11359664797782898,1.454494622460846
24,127,down,53818,False,0.10129199922084808,1.1651676921453735
25,0,gate_up,9510,False,0.1198699027299881,9.325130283348654
25,1,gate_up,5787,False,0.12501154839992523,7.247587201675443
25,2,gate_up,47336,False,0.11390619724988937,10.36863659863925
25,3,gate_up,0,True,0.11308162659406662,9.177461669519683
25,4,gate_up,12243,False,0.12040715664625168,10.296613810606663
25,5,gate_up,17,True,0.11304911971092224,9.177461669519683
25,6,gate_up,33052,False,0.11347826570272446,10.14650659031654
25,7,gate_up,31,True,0.11346805095672607,9.177461669519683
25,8,gate_up,13460,False,0.1181984394788742,10.996692171930325
25,9,gate_up,2,True,0.11321575194597244,9.177461669519683
25,10,gate_up,104117,False,0.11377298831939697,9.63245726292214
25,11,gate_up,402,True,0.11347993463277817,9.177461669519683
25,12,gate_up,18237,False,0.11701977252960205,8.985677110937857
25,13,gate_up,1729,False,0.14245396852493286,11.085115541463828
25,14,gate_up,63,True,0.11350683867931366,9.177461669519683
25,15,gate_up,25967,False,0.1135316789150238,10.917835557756636
25,16,gate_up,19062,False,0.11538675427436829,10.663870355785296
25,17,gate_up,81,True,0.11318918317556381,9.177461669519683
25,18,gate_up,28757,False,0.11530454456806183,9.991736397911424
25,19,gate_up,6017,False,0.1184186264872551,10.504043449555496
25,20,gate_up,13529,False,0.1211080402135849,9.447762435042748
25,21,gate_up,29414,False,0.11497952044010162,9.587043044628347
25,22,gate_up,0,True,0.11321389675140381,9.177461669519683
25,23,gate_up,6711,False,0.11933495104312897,11.904381340975696
25,24,gate_up,26769,False,0.11617254465818405,8.890160019581293
25,25,gate_up,3361,False,0.13147245347499847,9.004402188066985
25,26,gate_up,14535,False,0.11717192828655243,9.767073088053209
25,27,gate_up,1659,False,0.1444452852010727,9.294431815160715
25,28,gate_up,26632,False,0.11369269341230392,10.751014624759737
25,29,gate_up,1034,False,0.14232897758483887,9.729130399418159
25,30,gate_up,64,True,0.11336682736873627,9.177461669519683
25,31,gate_up,5169,False,0.12448102235794067,11.170456880045062
25,32,gate_up,6005,False,0.12076754122972488,10.537341753925716
25,33,gate_up,9837,False,0.11831945180892944,9.905919009584393
25,34,gate_up,1981,False,0.13862380385398865,11.165449096756033
25,35,gate_up,2156,False,0.1405320167541504,11.08897178931168
25,36,gate_up,15344,False,0.11687016487121582,8.883894401414873
25,37,gate_up,132,True,0.11343834549188614,9.177461669519683
25,38,gate_up,5662,False,0.12402617931365967,12.102915669977243
25,39,gate_up,5,True,0.11320729553699493,9.177461669519683
25,40,gate_up,85620,False,0.1140637919306755,9.28466624912795
25,41,gate_up,23017,False,0.11577163636684418,9.016122376413989
25,42,gate_up,5468,False,0.1240464597940445,9.65586239279862
25,43,gate_up,245,True,0.11360304057598114,9.177461669519683
25,44,gate_up,36159,False,0.11501097679138184,9.479109112548034
25,45,gate_up,15789,False,0.11792165040969849,9.58894142547215
25,46,gate_up,0,True,0.11332893371582031,9.177461669519683
25,47,gate_up,43446,False,0.11525367200374603,10.69598641162053
25,48,gate_up,1,True,0.11300624907016754,9.177461669519683
25,49,gate_up,11519,False,0.11941338330507278,7.779248639699008
25,50,gate_up,28,True,0.11326277256011963,9.177461669519683
25,51,gate_up,499,True,0.11311939358711243,9.177461669519683
25,52,gate_up,12361,False,0.12126589566469193,9.386591763541606
25,53,gate_up,609,False,0.13688519597053528,8.781071881034965
25,54,gate_up,3,True,0.1130315288901329,9.177461669519683
25,55,gate_up,35827,False,0.11355353891849518,10.227049699029987
25,56,gate_up,100,True,0.11289966851472855,9.177461669519683
25,57,gate_up,32113,False,0.11491428315639496,9.397349473999212
25,58,gate_up,23902,False,0.11438167095184326,11.266835950855919
25,59,gate_up,15369,False,0.11821106821298599,10.040916686003126
25,60,gate_up,826,False,0.12964792549610138,12.120488112853296
25,61,gate_up,24425,False,0.11732427030801773,10.751733495531745
25,62,gate_up,27695,False,0.11708352714776993,8.44605203658077
25,63,gate_up,5249,False,0.12327659130096436,12.591519411005276
25,64,gate_up,3,True,0.11264028400182724,9.177461669519683
25,65,gate_up,25991,False,0.11535792797803879,9.139017794626238
25,66,gate_up,32421,False,0.11299150437116623,10.644897312973068
25,67,gate_up,13416,False,0.11782044917345047,12.020428130539639
25,68,gate_up,6378,False,0.12531884014606476,9.46854546885832
25,69,gate_up,1,True,0.11326496303081512,9.177461669519683
25,70,gate_up,18,True,0.11316091567277908,9.177461669519683
25,71,gate_up,37238,False,0.11569241434335709,8.51997227265407
25,72,gate_up,82,True,0.11372477561235428,9.177461669519683
25,73,gate_up,30114,False,0.11549660563468933,10.028987866950084
25,74,gate_up,826,False,0.13895189762115479,9.729919019219421
25,75,gate_up,36473,False,0.11571098119020462,9.043988400185754
25,76,gate_up,27015,False,0.11592093855142593,9.045738718415896
25,77,gate_up,6648,False,0.12304709851741791,8.665592618199685
25,78,gate_up,33836,False,0.11537173390388489,9.475270084205302
25,79,gate_up,45662,False,0.11408092826604843,9.63160386220131
25,80,gate_up,11452,False,0.11607693135738373,10.093642405680152
25,81,gate_up,9146,False,0.11972814053297043,11.36515479047821
25,82,gate_up,42090,False,0.11507925391197205,10.400231733614756
25,83,gate_up,14704,False,0.11774174124002457,10.664878367898476
25,84,gate_up,2083,False,0.14627739787101746,6.866120266068431
25,85,gate_up,4690,False,0.12821786105632782,7.177911645341853
25,86,gate_up,785,False,0.14311949908733368,7.303368503121637
25,87,gate_up,4178,False,0.1306944191455841,9.60861029313162
25,88,gate_up,233,True,0.11316197365522385,9.177461669519683
25,89,gate_up,10140,False,0.12147050350904465,7.511613750106445
25,90,gate_up,2,True,0.11315666139125824,9.177461669519683
25,91,gate_up,11803,False,0.11858665943145752,10.469502002360352
25,92,gate_up,43912,False,0.11661099642515182,10.446201594152791
25,93,gate_up,27831,False,0.11762629449367523,10.71709910336714
25,94,gate_up,1,True,0.11324089020490646,9.177461669519683
25,95,gate_up,20046,False,0.11623728275299072,9.243682854734233
25,96,gate_up,2,True,0.11336322873830795,9.177461669519683
25,97,gate_up,958,False,0.14499954879283905,9.181056802443022
25,98,gate_up,32936,False,0.1155032366514206,9.976329556323076
25,99,gate_up,5591,False,0.11994500458240509,16.337074052585464
25,100,gate_up,0,True,0.11316977441310883,9.177461669519683
25,101,gate_up,74775,False,0.11427366733551025,9.725461871241492
25,102,gate_up,30003,False,0.11596951633691788,8.912221131104035
25,103,gate_up,34244,False,0.11680512875318527,9.61342928073704
25,104,gate_up,6873,False,0.12217696011066437,13.093751395011461
25,105,gate_up,12997,False,0.1194688230752945,8.49492707843361
25,106,gate_up,166198,False,0.11341484636068344,10.138095748713972
25,107,gate_up,27355,False,0.11371693760156631,10.685062783261845
25,108,gate_up,142,True,0.11336389183998108,9.177461669519683
25,109,gate_up,32538,False,0.11473948508501053,9.11160021372352
25,110,gate_up,609,False,0.12484478950500488,16.713592812083903
25,111,gate_up,35,True,0.11288333684206009,9.177461669519683
25,112,gate_up,53049,False,0.11530289798974991,10.60238125126294
25,113,gate_up,25323,False,0.11475350707769394,9.5828164703665
25,114,gate_up,37,True,0.11306546628475189,9.177461669519683
25,115,gate_up,9490,False,0.11944305151700974,8.968072242160968
25,116,gate_up,114,True,0.11322887241840363,9.177461669519683
25,117,gate_up,19016,False,0.11565624177455902,12.560538166029897
25,118,gate_up,15945,False,0.11543412506580353,10.066444021591394
25,119,gate_up,1187,False,0.14796821773052216,10.212459105557746
25,120,gate_up,23917,False,0.11775124818086624,9.10956670968979
25,121,gate_up,24858,False,0.11471859365701675,9.444746616384512
25,122,gate_up,277,True,0.11352235823869705,9.177461669519683
25,123,gate_up,36164,False,0.11417075246572495,8.960146316467444
25,124,gate_up,14669,False,0.11941242963075638,9.693883877311796
25,125,gate_up,17130,False,0.11682263761758804,9.703202396517492
25,126,gate_up,241,True,0.1134910136461258,9.177461669519683
25,127,gate_up,35122,False,0.11634670943021774,8.688432088171604
25,0,down,9510,False,0.11229017376899719,2.424312897360579
25,1,down,5787,False,0.10428737103939056,1.2957941700226403
25,2,down,47336,False,0.10177543014287949,1.1933886721917077
25,3,down,0,True,0.09565430879592896,1.0349420655321662
25,4,down,12243,False,0.11011362820863724,1.5862750045185194
25,5,down,17,True,0.09560520201921463,1.0349420655321662
25,6,down,33052,False,0.10196744650602341,1.190293212848184
25,7,down,31,True,0.09585974365472794,1.0349420655321662
25,8,down,13460,False,0.11000368744134903,1.3378821558145892
25,9,down,2,True,0.09569413214921951,1.0349420655321662
25,10,down,104117,False,0.10004161298274994,1.2231009762350853
25,11,down,402,True,0.09564246237277985,1.0349420655321662
25,12,down,18237,False,0.10351865738630295,1.1767129094933733
25,13,down,1729,False,0.11778166890144348,1.227338389990151
25,14,down,63,True,0.09569289535284042,1.0349420655321662
25,15,down,25967,False,0.10720831900835037,1.4411618398843495
25,16,down,19062,False,0.10445912927389145,1.2064158045265356
25,17,down,81,True,0.09576409310102463,1.0349420655321662
25,18,down,28757,False,0.10409727692604065,1.2541217873431647
25,19,down,6017,False,0.12049178034067154,2.460146109113977
25,20,down,13529,False,0.10347405076026917,1.3560825245851214
25,21,down,29414,False,0.10206705331802368,1.2437907536741455
25,22,down,0,True,0.09569092094898224,1.0349420655321662
25,23,down,6711,False,0.10974729806184769,1.52831554769153
25,24,down,26769,False,0.102460578083992,1.1932209815882235
25,25,down,3361,False,0.11107420176267624,1.196148435375758
25,26,down,14535,False,0.1124289259314537,1.8800293402540227
25,27,down,1659,False,0.11840284615755081,1.3428704445054684
25,28,down,26632,False,0.10321681201457977,1.1563914500163655
25,29,down,1034,False,0.13884826004505157,1.5357562254164778
25,30,down,64,True,0.09562530368566513,1.0349420655321662
25,31,down,5169,False,0.10983812063932419,1.4802533472345842
25,32,down,6005,False,0.11103680729866028,1.404598632026107
25,33,down,9837,False,0.11380583792924881,1.6608918345111614
25,34,down,1981,False,0.11941338330507278,1.5014341784480538
25,35,down,2156,False,0.118257537484169,1.3753929352154683
25,36,down,15344,False,0.10307300835847855,1.1374948244252379
25,37,down,132,True,0.09569182246923447,1.0349420655321662
25,38,down,5662,False,0.11561667919158936,2.5477755749402218
25,39,down,5,True,0.09547216445207596,1.0349420655321662
25,40,down,85620,False,0.10036409646272659,1.231350767650253
25,41,down,23017,False,0.10228092223405838,1.2814841778886388
25,42,down,5468,False,0.10700856894254684,1.2370881299898813
25,43,down,245,True,0.09565269947052002,1.0349420655321662
25,44,down,36159,False,0.10130531340837479,1.2603045976124003
25,45,down,15789,False,0.10163918137550354,1.2962154142934335
25,46,down,0,True,0.09563657641410828,1.0349420655321662
25,47,down,43446,False,0.10496781021356583,1.4426274470746594
25,48,down,1,True,0.09569411724805832,1.0349420655321662
25,49,down,11519,False,0.10518722236156464,1.1366355497091065
25,50,down,28,True,0.09557973593473434,1.0349420655321662
25,51,down,499,True,0.09550300240516663,1.0349420655321662
25,52,down,12361,False,0.10428249835968018,1.4100142496221084
25,53,down,609,False,0.16076190769672394,1.57459796816647
25,54,down,3,True,0.09564580768346786,1.0349420655321662
25,55,down,35827,False,0.10116951912641525,1.1704224030023493
25,56,down,100,True,0.0955403745174408,1.0349420655321662
25,57,down,32113,False,0.10066424310207367,1.1365250359631165
25,58,down,23902,False,0.109267458319664,1.7053326918538152
25,59,down,15369,False,0.10291359573602676,1.4077381128242177
25,60,down,826,False,0.14756140112876892,1.9865419104321107
25,61,down,24425,False,0.10721907764673233,1.7034930813412015
25,62,down,27695,False,0.10340553522109985,1.638389534777706
25,63,down,5249,False,0.10916458815336227,1.4059400938282622
25,64,down,3,True,0.09560979902744293,1.0349420655321662
25,65,down,25991,False,0.10160369426012039,1.2985273936810093
25,66,down,32421,False,0.10390346497297287,1.310676253654824
25,67,down,13416,False,0.11095501482486725,1.4025668593108809
25,68,down,6378,False,0.10773593187332153,1.2500331422462145
25,69,down,1,True,0.09591782093048096,1.0349420655321662
25,70,down,18,True,0.0956023558974266,1.0349420655321662
25,71,down,37238,False,0.09991420805454254,1.1698257851019178
25,72,down,82,True,0.09559595584869385,1.0349420655321662
25,73,down,30114,False,0.10130834579467773,1.3307363407300716
25,74,down,826,False,0.14767293632030487,3.001933628171995
25,75,down,36473,False,0.10101069509983063,1.1988927823732014
25,76,down,27015,False,0.10176007449626923,1.2019395595152926
25,77,down,6648,False,0.10537733882665634,1.2504645232139344
25,78,down,33836,False,0.11088789999485016,1.888752939435412
25,79,down,45662,False,0.10074470937252045,1.203943561972737
25,80,down,11452,False,0.10769311338663101,1.2718142702499462
25,81,down,9146,False,0.11362270265817642,1.6967937278946164
25,82,down,42090,False,0.10446973890066147,1.4148095511796177
25,83,down,14704,False,0.10599234700202942,1.292506379151644
25,84,down,2083,False,0.11259670555591583,1.176878748624335
25,85,down,4690,False,0.10391319543123245,1.154123410292195
25,86,down,785,False,0.15394002199172974,1.2779686583424117
25,87,down,4178,False,0.10653521120548248,1.920336282641088
25,88,down,233,True,0.0955851823091507,1.0349420655321662
25,89,down,10140,False,0.10433712601661682,1.259550213675686
25,90,down,2,True,0.09561292827129364,1.0349420655321662
25,91,down,11803,False,0.11084632575511932,1.9044988081622143
25,92,down,43912,False,0.10342702269554138,1.3933738389353791
25,93,down,27831,False,0.10367250442504883,1.3569333865169957
25,94,down,1,True,0.09578216820955276,1.0349420655321662
25,95,down,20046,False,0.10092174261808395,1.1346897319965927
25,96,down,2,True,0.0956869050860405,1.0349420655321662
25,97,down,958,False,0.1408751755952835,1.329610148442851
25,98,down,32936,False,0.1028757318854332,1.2179775626490625
25,99,down,5591,False,0.11947546899318695,1.7570271385966
25,100,down,0,True,0.09555621445178986,1.0349420655321662
25,101,down,74775,False,0.09948421269655228,1.182376130735896
25,102,down,30003,False,0.10096360743045807,1.1331002637929415
25,103,down,34244,False,0.105584517121315,1.3880803404916435
25,104,down,6873,False,0.11682154983282089,1.5926881757152092
25,105,down,12997,False,0.1022658571600914,1.1343247824957805
25,106,down,166198,False,0.10009091347455978,1.1858402924825326
25,107,down,27355,False,0.10082323104143143,1.1949204570415115
25,108,down,142,True,0.09571974724531174,1.0349420655321662
25,109,down,32538,False,0.10061009228229523,1.1978835822172216
25,110,down,609,False,0.14755389094352722,9.701059686400994
25,111,down,35,True,0.09580901265144348,1.0349420655321662
25,112,down,53049,False,0.10204636305570602,1.2430343445135756
25,113,down,25323,False,0.10102374106645584,1.2601261313599428
25,114,down,37,True,0.09582572430372238,1.0349420655321662
25,115,down,9490,False,0.10179076343774796,1.1688279258340022
25,116,down,114,True,0.0955653190612793,1.0349420655321662
25,117,down,19016,False,0.1123412624001503,1.3912535548978828
25,118,down,15945,False,0.10660413652658463,1.2321340741236233
25,119,down,1187,False,0.12855598330497742,1.297603434298375
25,120,down,23917,False,0.10139545053243637,1.2559833843550892
25,121,down,24858,False,0.10250502079725266,1.1663084238817782
25,122,down,277,True,0.09566573798656464,1.0349420655321662
25,123,down,36164,False,0.10153454542160034,1.2194330265472642
25,124,down,14669,False,0.10543959587812424,1.2200600951722769
25,125,down,17130,False,0.10091343522071838,1.227777478610798
25,126,down,241,True,0.09575830399990082,1.0349420655321662
25,127,down,35122,False,0.10111238807439804,1.1943023671471242
26,0,gate_up,528,False,0.13432492315769196,9.656965898865332
26,1,gate_up,6236,False,0.12263761460781097,12.471594512286362
26,2,gate_up,613,False,0.12984856963157654,10.352536967823038
26,3,gate_up,164055,False,0.11329726129770279,10.372649883862168
26,4,gate_up,23149,False,0.11607562750577927,10.046589335167075
26,5,gate_up,14,True,0.11295611411333084,9.295685920549719
26,6,gate_up,13764,False,0.11932481825351715,8.612058156516152
26,7,gate_up,14421,False,0.11724457889795303,9.635638097118886
26,8,gate_up,23838,False,0.11644882708787918,9.299481367051232
26,9,gate_up,260,True,0.11301019787788391,9.295685920549719
26,10,gate_up,24201,False,0.11408761888742447,10.609662648961383
26,11,gate_up,9121,False,0.11924388259649277,11.703680969443827
26,12,gate_up,1356,False,0.13629010319709778,13.389386334636477
26,13,gate_up,98,True,0.11294595897197723,9.295685920549719
26,14,gate_up,13456,False,0.12015140801668167,9.77262436284024
26,15,gate_up,42305,False,0.11568157374858856,10.225253779783287
26,16,gate_up,32481,False,0.11455704271793365,10.009747528240963
26,17,gate_up,24576,False,0.11391756683588028,11.989178423851477
26,18,gate_up,26616,False,0.1144939735531807,9.850849430475332
26,19,gate_up,835,False,0.13972949981689453,8.314990788900582
26,20,gate_up,24744,False,0.11322163790464401,11.939618382396734
26,21,gate_up,3274,False,0.13207879662513733,10.521495217341593
26,22,gate_up,26769,False,0.11684645712375641,8.073593082690714
26,23,gate_up,122302,False,0.11343971639871597,9.723200215106285
26,24,gate_up,1633,False,0.14777053892612457,7.9918617687632905
26,25,gate_up,44,True,0.11268765479326248,9.295685920549719
26,26,gate_up,3801,False,0.13243529200553894,10.091438701055653
26,27,gate_up,1976,False,0.1437191516160965,7.931222317417217
26,28,gate_up,31443,False,0.11447357386350632,9.498063372637063
26,29,gate_up,1037,False,0.14610570669174194,8.72275227422461
26,30,gate_up,17798,False,0.11722981184720993,9.128446349630055
26,31,gate_up,2441,False,0.1398765593767166,7.972733691497458
26,32,gate_up,8028,False,0.11819426715373993,10.81892087474682
26,33,gate_up,14234,False,0.11914684623479843,10.574247899919925
26,34,gate_up,69806,False,0.11407080292701721,9.819740339695857
26,35,gate_up,91,True,0.11290623992681503,9.295685920549719
26,36,gate_up,2877,False,0.13515250384807587,9.649459131348639
26,37,gate_up,7657,False,0.12225274741649628,9.122475771002598
26,38,gate_up,78346,False,0.11502058804035187,10.697354579377507
26,39,gate_up,34106,False,0.11503200232982635,9.259218443427956
26,40,gate_up,15939,False,0.1180480495095253,8.468231671837023
26,41,gate_up,6,True,0.11284162849187851,9.295685920549719
26,42,gate_up,2667,False,0.13413938879966736,9.602777436775453
26,43,gate_up,9,True,0.11262410134077072,9.295685920549719
26,44,gate_up,88975,False,0.11407751590013504,10.062030946353467
26,45,gate_up,8,True,0.11288566142320633,9.295685920549719
26,46,gate_up,326,True,0.11279543489217758,9.295685920549719
26,47,gate_up,11855,False,0.11759591102600098,8.761786491571765
26,48,gate_up,27288,False,0.11333926022052765,11.331925298304302
26,49,gate_up,6740,False,0.12342138588428497,10.567877544451605
26,50,gate_up,6544,False,0.12375249713659286,8.632238178455065
26,51,gate_up,16813,False,0.11787129193544388,8.853349596817113
26,52,gate_up,1353,False,0.14602263271808624,8.92688942990698
26,53,gate_up,72653,False,0.11447083204984665,9.705337842313778
26,54,gate_up,62,True,0.11275497823953629,9.295685920549719
26,55,gate_up,2266,False,0.13827255368232727,10.395165753380383
26,56,gate_up,3,True,0.11282261461019516,9.295685920549719
26,57,gate_up,103801,False,0.11380162090063095,9.578794233524478
26,58,gate_up,3924,False,0.12839549779891968,8.293191463455903
26,59,gate_up,2686,False,0.13825325667858124,7.420609352329766
26,60,gate_up,34892,False,0.11480943858623505,9.877674942022425
26,61,gate_up,1427,False,0.13598525524139404,9.733535641721419
26,62,gate_up,21878,False,0.11592074483633041,9.12315745507268
26,63,gate_up,3524,False,0.12659397721290588,11.2987923595285
26,64,gate_up,16927,False,0.11749554425477982,8.551684074674451
26,65,gate_up,4,True,0.11259892582893372,9.295685920549719
26,66,gate_up,7491,False,0.12225860357284546,12.702986070869462
26,67,gate_up,10733,False,0.11883744597434998,12.381777733653816
26,68,gate_up,27050,False,0.11574652045965195,11.150280011441426
26,69,gate_up,60501,False,0.11482232809066772,10.785405941082153
26,70,gate_up,17,True,0.11293865740299225,9.295685920549719
26,71,gate_up,30472,False,0.11564455926418304,9.48740633035106
26,72,gate_up,597,False,0.13494956493377686,8.265363370645808
26,73,gate_up,16041,False,0.11769087612628937,10.873351910188573
26,74,gate_up,1835,False,0.1434890478849411,9.845164356680433
26,75,gate_up,3189,False,0.13392682373523712,9.657613989818019
26,76,gate_up,42051,False,0.1150069385766983,9.558286484444295
26,77,gate_up,1594,False,0.14464926719665527,10.208558620741316
26,78,gate_up,450,True,0.11277449131011963,9.295685920549719
26,79,gate_up,19981,False,0.11437011510133743,10.001530760984414
26,80,gate_up,16975,False,0.11494698375463486,10.686386140118406
26,81,gate_up,2648,False,0.13283170759677887,10.241022278819711
26,82,gate_up,17153,False,0.11743024736642838,8.984740697872885
26,83,gate_up,4841,False,0.12683334946632385,10.189455033848851
26,84,gate_up,16219,False,0.11574066430330276,9.790763201347676
26,85,gate_up,4403,False,0.12686464190483093,10.339024786572658
26,86,gate_up,17834,False,0.11605346947908401,10.919185180090757
26,87,gate_up,7358,False,0.12316850572824478,8.438151618099985
26,88,gate_up,1413,False,0.14564792811870575,10.24486927415084
26,89,gate_up,1718,False,0.14046503603458405,11.36789380158526
26,90,gate_up,1139,False,0.13831548392772675,10.490781075693569
26,91,gate_up,48,True,0.11283478140830994,9.295685920549719
26,92,gate_up,32666,False,0.11723323911428452,9.761815568473326
26,93,gate_up,3176,False,0.12823274731636047,9.13711676637795
26,94,gate_up,1116,False,0.1479049175977707,8.939013530241446
26,95,gate_up,26760,False,0.11603421717882156,9.295732291260421
26,96,gate_up,2595,False,0.13669580221176147,7.913065494759877
26,97,gate_up,2187,False,0.1436939686536789,7.46462815448649
26,98,gate_up,19323,False,0.11730942130088806,11.118496023463754
26,99,gate_up,28198,False,0.11657640337944031,8.966990377403416
26,100,gate_up,17544,False,0.11544783413410187,11.950381996692107
26,101,gate_up,45422,False,0.1144813746213913,10.021088831011202
26,102,gate_up,10427,False,0.1193065270781517,10.072732895120039
26,103,gate_up,5,True,0.11298912763595581,9.295685920549719
26,104,gate_up,89,True,0.11300069093704224,9.295685920549719
26,105,gate_up,21680,False,0.1132071241736412,10.644601070742358
26,106,gate_up,0,True,0.11265809834003448,9.295685920549719
26,107,gate_up,47,True,0.11278343945741653,9.295685920549719
26,108,gate_up,17287,False,0.11812476813793182,10.325926496826144
26,109,gate_up,25777,False,0.11647898703813553,11.068377692253627
26,110,gate_up,46908,False,0.11474588513374329,8.566181290079005
26,111,gate_up,37245,False,0.11402115970849991,9.858001185911782
26,112,gate_up,109,True,0.11283528804779053,9.295685920549719
26,113,gate_up,126,True,0.1129300445318222,9.295685920549719
26,114,gate_up,6243,False,0.12418416142463684,8.022596740209368
26,115,gate_up,91258,False,0.1139187440276146,10.348761534389405
26,116,gate_up,581,False,0.12627170979976654,14.294886674424694
26,117,gate_up,1525,False,0.11687886714935303,15.764016143817592
26,118,gate_up,709,False,0.13858667016029358,8.51073537196393
26,119,gate_up,10441,False,0.11993234604597092,11.537754105782746
26,120,gate_up,6,True,0.11266225576400757,9.295685920549719
26,121,gate_up,2827,False,0.1351184993982315,11.442574985405615
26,122,gate_up,6,True,0.11268525570631027,9.295685920549719
26,123,gate_up,11,True,0.11268756538629532,9.295685920549719
26,124,gate_up,133,True,0.11293733865022659,9.295685920549719
26,125,gate_up,9629,False,0.1201014295220375,12.241025265219069
26,126,gate_up,4438,False,0.12565568089485168,13.065138959595586
26,127,gate_up,7,True,0.11283062398433685,9.295685920549719
26,0,down,528,False,0.15898478031158447,1.8190489619908767
26,1,down,6236,False,0.1140628233551979,2.6391700066016512
26,2,down,613,False,0.15485955774784088,1.7062998006305183
26,3,down,164055,False,0.10117971152067184,1.2438527597421876
26,4,down,23149,False,0.10991872102022171,2.1023466348058886
26,5,down,14,True,0.09571341425180435,1.0400813390098271
26,6,down,13764,False,0.10282352566719055,1.249987070793822
26,7,down,14421,False,0.1030932143330574,1.1971049823449178
26,8,down,23838,False,0.10140550881624222,1.1855942972125169
26,9,down,260,True,0.09556832164525986,1.0400813390098271
26,10,down,24201,False,0.10316550731658936,1.2432915966533093
26,11,down,9121,False,0.1118544489145279,1.3723367202674974
26,12,down,1356,False,0.12662233412265778,2.109468257721454
26,13,down,98,True,0.09572415053844452,1.0400813390098271
26,14,down,13456,False,0.106491319835186,1.2890371207346425
26,15,down,42305,False,0.10374143719673157,1.2532132121888764
26,16,down,32481,False,0.10336928069591522,1.1941746503931494
26,17,down,24576,False,0.11088810116052628,2.1622071164986676
26,18,down,26616,False,0.1055031269788742,1.3286635110658223
26,19,down,835,False,0.1504819095134735,1.412423383376812
26,20,down,24744,False,0.10802058130502701,1.484903002862849
26,21,down,3274,False,0.1138148307800293,1.356845479187003
26,22,down,26769,False,0.1022677943110466,1.1601082661578388
26,23,down,122302,False,0.10033164918422699,1.2405436126842062
26,24,down,1633,False,0.11811228096485138,1.181471038025019
26,25,down,44,True,0.09581583738327026,1.0400813390098271
26,26,down,3801,False,0.11213108152151108,1.3854895285368163
26,27,down,1976,False,0.1164843887090683,1.2662722814953957
26,28,down,31443,False,0.1025926023721695,1.27215625369465
26,29,down,1037,False,0.1365889459848404,1.28156132035455
26,30,down,17798,False,0.10209963470697403,1.2878739744473888
26,31,down,2441,False,0.11433820426464081,1.417057762326975
26,32,down,8028,False,0.11693476885557175,1.9984329842328241
26,33,down,14234,False,0.11034761369228363,2.0347817091092786
26,34,down,69806,False,0.10126853734254837,1.275271677966121
26,35,down,91,True,0.09592550247907639,1.0400813390098271
26,36,down,2877,False,0.11423245817422867,1.3298651597424034
26,37,down,7657,False,0.10517049580812454,1.3928615491075798
26,38,down,78346,False,0.10269976407289505,1.289220739244432
26,39,down,34106,False,0.1022418662905693,1.2750138936790358
26,40,down,15939,False,0.10260748863220215,1.2058390177035163
26,41,down,6,True,0.09569031000137329,1.0400813390098271
26,42,down,2667,False,0.1165187880396843,1.847046385154024
26,43,down,9,True,0.0958242192864418,1.0400813390098271
26,44,down,88975,False,0.10053408890962601,1.2409711548229057
26,45,down,8,True,0.09574122726917267,1.0400813390098271
26,46,down,326,True,0.09565993398427963,1.0400813390098271
26,47,down,11855,False,0.10437822341918945,1.1964961497465445
26,48,down,27288,False,0.10630813986063004,1.3997462528557727
26,49,down,6740,False,0.11270519345998764,2.0934112923350328
26,50,down,6544,False,0.10711091011762619,1.2944976012273814
26,51,down,16813,False,0.10286960750818253,1.1511542347022925
26,52,down,1353,False,0.12464578449726105,1.417187356867667
26,53,down,72653,False,0.10137674957513809,1.155776978858643
26,54,down,62,True,0.09577514976263046,1.0400813390098271
26,55,down,2266,False,0.12072298675775528,2.805125578891616
26,56,down,3,True,0.0956554263830185,1.0400813390098271
26,57,down,103801,False,0.10056577622890472,1.1604580144645165
26,58,down,3924,False,0.10935420542955399,1.4467117429596632
26,59,down,2686,False,0.1078350618481636,1.1400105091519244
26,60,down,34892,False,0.10181808471679688,1.3919633400686984
26,61,down,1427,False,0.13173870742321014,2.5154633181047346
26,62,down,21878,False,0.10467346757650375,1.2692474026058769
26,63,down,3524,False,0.11754395812749863,1.6852143978420635
26,64,down,16927,False,0.10479762405157089,1.1429204725992101
26,65,down,4,True,0.09571929275989532,1.0400813390098271
26,66,down,7491,False,0.10935378819704056,1.3153719741689296
26,67,down,10733,False,0.1102374866604805,1.6485241876057954
26,68,down,27050,False,0.1067458987236023,1.2753867930094718
26,69,down,60501,False,0.10401452332735062,1.1925981972444415
26,70,down,17,True,0.09588418900966644,1.0400813390098271
26,71,down,30472,False,0.10245883464813232,1.2896392605558225
26,72,down,597,False,0.15710775554180145,1.4754753106791254
26,73,down,16041,False,0.10598626732826233,1.3126178328813576
26,74,down,1835,False,0.11908866465091705,1.338279047795634
26,75,down,3189,False,0.11198269575834274,1.3149995721504
26,76,down,42051,False,0.10140343010425568,1.2009522332548852
26,77,down,1594,False,0.1231326311826706,1.6043245269731738
26,78,down,450,True,0.09579618275165558,1.0400813390098271
26,79,down,19981,False,0.10421675443649292,1.4165643938437436
26,80,down,16975,False,0.10635468363761902,1.3939884638194722
26,81,down,2648,False,0.11899659037590027,2.0241848162141474
26,82,down,17153,False,0.10450233519077301,1.238724495901217
26,83,down,4841,False,0.10485978424549103,1.180068324343441
26,84,down,16219,False,0.10473307222127914,1.2078848471729045
26,85,down,4403,False,0.11551210284233093,2.0503759018099377
26,86,down,17834,False,0.10803251713514328,1.7915616445372895
26,87,down,7358,False,0.10304715484380722,1.2435358861219976
26,88,down,1413,False,0.12440496683120728,1.8333557497166542
26,89,down,1718,False,0.12207216024398804,1.4205807849871586
26,90,down,1139,False,0.13387331366539001,1.995563852252216
26,91,down,48,True,0.09580963104963303,1.0400813390098271
26,92,down,32666,False,0.10307729244232178,1.4539095165335754
26,93,down,3176,False,0.11719286441802979,1.8645605285931024
26,94,down,1116,False,0.13746847212314606,1.570488588252848
26,95,down,26760,False,0.10191234201192856,1.2826594629313337
26,96,down,2595,False,0.11149769276380539,1.185791939475201
26,97,down,2187,False,0.11179985105991364,1.1493027393594382
26,98,down,19323,False,0.10915752500295639,1.6080433334484119
26,99,down,28198,False,0.10094553977251053,1.2261431151278945
26,100,down,17544,False,0.11425397545099258,2.3171725829479644
26,101,down,45422,False,0.10190211981534958,1.270680460843752
26,102,down,10427,False,0.10810234397649765,1.2374705325691242
26,103,down,5,True,0.09568636119365692,1.0400813390098271
26,104,down,89,True,0.09578325599431992,1.0400813390098271
26,105,down,21680,False,0.10662964731454849,1.5561457086966417
26,106,down,0,True,0.09566730260848999,1.0400813390098271
26,107,down,47,True,0.09572939574718475,1.0400813390098271
26,108,down,17287,False,0.10453715920448303,1.1604260470738215
26,109,down,25777,False,0.10326632112264633,1.3436479159177197
26,110,down,46908,False,0.10222703963518143,1.3030973768180591
26,111,down,37245,False,0.10144089162349701,1.1517396092887597
26,112,down,109,True,0.09576483070850372,1.0400813390098271
26,113,down,126,True,0.09557993710041046,1.0400813390098271
26,114,down,6243,False,0.10477464646100998,1.2839858286875871
26,115,down,91258,False,0.1006247028708458,1.209889311790461
26,116,down,581,False,0.14240895211696625,8.400176709010305
26,117,down,1525,False,0.12930336594581604,5.046999687991023
26,118,down,709,False,0.15623781085014343,1.3769773797355558
26,119,down,10441,False,0.11356643587350845,1.3349959853142093
26,120,down,6,True,0.09585209935903549,1.0400813390098271
26,121,down,2827,False,0.11747398972511292,1.5895978498865373
26,122,down,6,True,0.09573747962713242,1.0400813390098271
26,123,down,11,True,0.09557000547647476,1.0400813390098271
26,124,down,133,True,0.0957709476351738,1.0400813390098271
26,125,down,9629,False,0.11012251675128937,2.252433929936269
26,126,down,4438,False,0.12035868316888809,1.3968109470904848
26,127,down,7,True,0.09572780132293701,1.0400813390098271
27,0,gate_up,29569,False,0.11545711755752563,9.689692461186244
27,1,gate_up,53724,False,0.11280425637960434,8.779897957023957
27,2,gate_up,4895,False,0.12380830198526382,10.095180217870661
27,3,gate_up,65985,False,0.11180655658245087,9.759642482307312
27,4,gate_up,7356,False,0.1180509626865387,10.240817075629558
27,5,gate_up,68,True,0.11089971661567688,9.248801301314165
27,6,gate_up,88016,False,0.11164824664592743,9.793526992729547
27,7,gate_up,51677,False,0.11272092163562775,9.060346604466694
27,8,gate_up,33048,False,0.1140035018324852,9.17579097111493
27,9,gate_up,10656,False,0.1180809959769249,9.241236053277975
27,10,gate_up,22,True,0.11087391525506973,9.248801301314165
27,11,gate_up,4010,False,0.12871509790420532,10.469675181620227
27,12,gate_up,76,True,0.11104907095432281,9.248801301314165
27,13,gate_up,465,True,0.11116721481084824,9.248801301314165
27,14,gate_up,470,True,0.11106014996767044,9.248801301314165
27,15,gate_up,347,True,0.11100870370864868,9.248801301314165
27,16,gate_up,85693,False,0.11220505088567734,11.21234239923219
27,17,gate_up,163320,False,0.11156975477933884,9.961323369682956
27,18,gate_up,5304,False,0.1246325820684433,8.511252413581346
27,19,gate_up,426,True,0.11104747653007507,9.248801301314165
27,20,gate_up,27120,False,0.11288559436798096,10.257714023425702
27,21,gate_up,176,True,0.11121828854084015,9.248801301314165
27,22,gate_up,16,True,0.11093337088823318,9.248801301314165
27,23,gate_up,29138,False,0.11226296424865723,9.990452796166638
27,24,gate_up,1982,False,0.140529602766037,11.064141191024422
27,25,gate_up,20634,False,0.11658827215433121,9.066659454323776
27,26,gate_up,144,True,0.11117145419120789,9.248801301314165
27,27,gate_up,1343,False,0.1506572961807251,6.731015577111651
27,28,gate_up,4569,False,0.12485580146312714,12.175266703467628
27,29,gate_up,14913,False,0.11687351018190384,11.64799330317842
27,30,gate_up,18398,False,0.1166311502456665,9.772888908282065
27,31,gate_up,1132,False,0.12192858755588531,15.46002392670979
27,32,gate_up,75844,False,0.11306712031364441,10.922289379259826
27,33,gate_up,3951,False,0.1269947588443756,9.217494265714084
27,34,gate_up,36801,False,0.11239486187696457,10.760345788941038
27,35,gate_up,8883,False,0.11855949461460114,8.748999348526423
27,36,gate_up,567,False,0.12679140269756317,12.869336609697099
27,37,gate_up,16048,False,0.11519670486450195,9.718023784083245
27,38,gate_up,372,True,0.11088170856237411,9.248801301314165
27,39,gate_up,5491,False,0.12377957999706268,7.918070919714668
27,40,gate_up,151388,False,0.11198917776346207,10.27332337626498
27,41,gate_up,10571,False,0.11657829582691193,10.14946991102912
27,42,gate_up,9,True,0.11089544743299484,9.248801301314165
27,43,gate_up,3,True,0.11087317764759064,9.248801301314165
27,44,gate_up,111,True,0.11108865588903427,9.248801301314165
27,45,gate_up,16429,False,0.11641252785921097,11.65320193527057
27,46,gate_up,604,False,0.13860291242599487,7.917919321951458
27,47,gate_up,17,True,0.11102017015218735,9.248801301314165
27,48,gate_up,3104,False,0.131501242518425,12.978205383083573
27,49,gate_up,17308,False,0.11762567609548569,10.035066890556466
27,50,gate_up,17079,False,0.11488854140043259,9.150618889163669
27,51,gate_up,14935,False,0.11658695340156555,8.177159668239815
27,52,gate_up,14288,False,0.11627929657697678,9.913236808156263
27,53,gate_up,97,True,0.11115643382072449,9.248801301314165
27,54,gate_up,16207,False,0.11558563262224197,9.927213725641286
27,55,gate_up,24419,False,0.11488327383995056,8.179526202772728
27,56,gate_up,9905,False,0.11836262047290802,8.101369565971801
27,57,gate_up,19617,False,0.11532702296972275,9.938315626061224
27,58,gate_up,11017,False,0.118341825902462,9.07737617650633
27,59,gate_up,1126,False,0.12874755263328552,13.616369076380028
27,60,gate_up,17543,False,0.11337051540613174,9.980986473974857
27,61,gate_up,14178,False,0.11631880700588226,9.20116130037346
27,62,gate_up,0,True,0.1109580546617508,9.248801301314165
27,63,gate_up,1476,False,0.14066144824028015,11.610326706387797
27,64,gate_up,1317,False,0.14438198506832123,12.896172771738783
27,65,gate_up,40,True,0.11096435785293579,9.248801301314165
27,66,gate_up,21,True,0.11104633659124374,9.248801301314165
27,67,gate_up,14,True,0.11107883602380753,9.248801301314165
27,68,gate_up,2484,False,0.13755057752132416,9.504963343154337
27,69,gate_up,20147,False,0.11452513188123703,9.365585452975363
27,70,gate_up,20274,False,0.11398967355489731,11.736224155023423
27,71,gate_up,17866,False,0.11584009975194931,9.494439213108496
27,72,gate_up,19921,False,0.11425910890102386,9.72629008869875
27,73,gate_up,574,False,0.12585002183914185,18.154467572190693
27,74,gate_up,6,True,0.1110059916973114,9.248801301314165
27,75,gate_up,1069,False,0.13837969303131104,9.996982446368365
27,76,gate_up,2319,False,0.13692766427993774,9.465993407482214
27,77,gate_up,36814,False,0.11348578333854675,8.065193183902286
27,78,gate_up,4223,False,0.12578368186950684,9.393182738286432
27,79,gate_up,952,False,0.1403759866952896,8.491382523846932
27,80,gate_up,7323,False,0.12130506336688995,10.156978477775159
27,81,gate_up,462,True,0.11102397739887238,9.248801301314165
27,82,gate_up,50799,False,0.11278444528579712,9.495975936623028
27,83,gate_up,12413,False,0.11796721071004868,10.047481933499173
27,84,gate_up,364,True,0.11101598292589188,9.248801301314165
27,85,gate_up,25705,False,0.11187627911567688,11.805583782939939
27,86,gate_up,9878,False,0.11892443895339966,9.800443654302006
27,87,gate_up,27038,False,0.11356595158576965,8.692412651557415
27,88,gate_up,259,True,0.11104270815849304,9.248801301314165
27,89,gate_up,68379,False,0.11350211501121521,9.783507563376345
27,90,gate_up,7494,False,0.11897426098585129,8.90116223450994
27,91,gate_up,40526,False,0.11365571618080139,9.032753456383801
27,92,gate_up,0,True,0.11105900257825851,9.248801301314165
27,93,gate_up,535,False,0.12035887688398361,9.059138548115238
27,94,gate_up,50967,False,0.11248056590557098,9.382725570723697
27,95,gate_up,40903,False,0.11347062885761261,9.385031082292315
27,96,gate_up,15145,False,0.1160501167178154,8.167901168153037
27,97,gate_up,1,True,0.1110462173819542,9.248801301314165
27,98,gate_up,46478,False,0.11284696310758591,8.758287144323969
27,99,gate_up,635,False,0.13118620216846466,13.294856396250324
27,100,gate_up,32615,False,0.11301351338624954,10.18733302212689
27,101,gate_up,23296,False,0.11304286867380142,11.812895407999765
27,102,gate_up,2563,False,0.1350371390581131,10.950107123737185
27,103,gate_up,7461,False,0.11703233420848846,10.794938027405
27,104,gate_up,957,False,0.1430157721042633,8.251887545700319
27,105,gate_up,13,True,0.11083407700061798,9.248801301314165
27,106,gate_up,17225,False,0.11688711494207382,9.032845095428318
27,107,gate_up,3954,False,0.12610049545764923,9.176584882963132
27,108,gate_up,10,True,0.11102927476167679,9.248801301314165
27,109,gate_up,16901,False,0.11604931950569153,8.186322597539842
27,110,gate_up,5099,False,0.1285569965839386,8.29311181996632
27,111,gate_up,182,True,0.11084630340337753,9.248801301314165
27,112,gate_up,300,True,0.1109394058585167,9.248801301314165
27,113,gate_up,53,True,0.11094620078802109,9.248801301314165
27,114,gate_up,1,True,0.11105409264564514,9.248801301314165
27,115,gate_up,1793,False,0.1443299949169159,7.995218074389207
27,116,gate_up,18178,False,0.11588478088378906,9.248494705092863
27,117,gate_up,1517,False,0.14188814163208008,10.172602403565064
27,118,gate_up,2765,False,0.1369096040725708,8.435642844550605
27,119,gate_up,1698,False,0.14207972586154938,10.43269122855891
27,120,gate_up,40508,False,0.11391929537057877,10.237751892518771
27,121,gate_up,89004,False,0.11225500702857971,9.723846026365871
27,122,gate_up,1106,False,0.14551766216754913,8.104725042287377
27,123,gate_up,70,True,0.11104225367307663,9.248801301314165
27,124,gate_up,15,True,0.11094120144844055,9.248801301314165
27,125,gate_up,13646,False,0.11882325261831284,9.478183582605508
27,126,gate_up,27558,False,0.11425727605819702,10.153232606471965
27,127,gate_up,21239,False,0.1145717203617096,10.481138327026287
27,0,down,29569,False,0.10588059574365616,1.6455296485861497
27,1,down,53724,False,0.10012935101985931,1.1857543429407038
27,2,down,4895,False,0.11968060582876205,2.1027599725273762
27,3,down,65985,False,0.10274089872837067,1.2300652237100014
27,4,down,7356,False,0.10739107429981232,1.31189474107373
27,5,down,68,True,0.09609026461839676,1.0553637949492045
27,6,down,88016,False,0.1000135987997055,1.1879084283102959
27,7,down,51677,False,0.10072073340415955,1.1608404378689585
27,8,down,33048,False,0.10047499090433121,1.1990539554217157
27,9,down,10656,False,0.10609100013971329,1.173953319335033
27,10,down,22,True,0.09592119604349136,1.0553637949492045
27,11,down,4010,False,0.11071491986513138,1.2415232049006852
27,12,down,76,True,0.09576784819364548,1.0553637949492045
27,13,down,465,True,0.09583456814289093,1.0553637949492045
27,14,down,470,True,0.09585834294557571,1.0553637949492045
27,15,down,347,True,0.09588462859392166,1.0553637949492045
27,16,down,85693,False,0.10333966463804245,1.303120735511297
27,17,down,163320,False,0.09997766464948654,1.2070448975705224
27,18,down,5304,False,0.10858098417520523,1.282747296771128
27,19,down,426,True,0.09589944034814835,1.0553637949492045
27,20,down,27120,False,0.10293082147836685,1.2367192512552068
27,21,down,176,True,0.09601182490587234,1.0553637949492045
27,22,down,16,True,0.09593431651592255,1.0553637949492045
27,23,down,29138,False,0.10242997854948044,1.211938860491477
27,24,down,1982,False,0.11866054683923721,3.5885337047613675
27,25,down,20634,False,0.10522375255823135,1.4722965312223126
27,26,down,144,True,0.09576775878667831,1.0553637949492045
27,27,down,1343,False,0.12124866992235184,1.200189977401021
27,28,down,4569,False,0.11626268923282623,1.4572643091913724
27,29,down,14913,False,0.1132391169667244,1.3881399491391782
27,30,down,18398,False,0.10596290975809097,1.2952877774155427
27,31,down,1132,False,0.1319006234407425,11.217543785858137
27,32,down,75844,False,0.1029047966003418,1.5344557229776576
27,33,down,3951,False,0.11478875577449799,1.3251308931145123
27,34,down,36801,False,0.10373694449663162,1.212728130653285
27,35,down,8883,False,0.10401644557714462,1.2243285207267762
27,36,down,567,False,0.15696005523204803,1.8618597423932934
27,37,down,16048,False,0.10436871647834778,1.265535629404305
27,38,down,372,True,0.09579312801361084,1.0553637949492045
27,39,down,5491,False,0.10712329298257828,1.399903298371049
27,40,down,151388,False,0.10070594400167465,1.2422901116314669
27,41,down,10571,False,0.11701305955648422,2.9204463227233117
27,42,down,9,True,0.09580858796834946,1.0553637949492045
27,43,down,3,True,0.09582511335611343,1.0553637949492045
27,44,down,111,True,0.09595572203397751,1.0553637949492045
27,45,down,16429,False,0.11264156550168991,1.33627283463646
27,46,down,604,False,0.16294999420642853,1.6284599827150354
27,47,down,17,True,0.09601210802793503,1.0553637949492045
27,48,down,3104,False,0.11237511038780212,3.5755492164308764
27,49,down,17308,False,0.1102011576294899,2.400498934619641
27,50,down,17079,False,0.09941337257623672,1.0765972024430672
27,51,down,14935,False,0.10566110163927078,1.1235648655260153
27,52,down,14288,False,0.11911723017692566,2.540854897367025
27,53,down,97,True,0.09568149596452713,1.0553637949492045
27,54,down,16207,False,0.10578077286481857,1.2387050359959015
27,55,down,24419,False,0.10033030807971954,1.174625036290007
27,56,down,9905,False,0.10396270453929901,1.2548240990809465
27,57,down,19617,False,0.10355222225189209,1.2402070505237373
27,58,down,11017,False,0.10484534502029419,1.3706592507207445
27,59,down,1126,False,0.13247713446617126,5.423529495514856
27,60,down,17543,False,0.10369566082954407,1.2329641023150157
27,61,down,14178,False,0.1049804538488388,1.2393603127058967
27,62,down,0,True,0.09584446251392365,1.0553637949492045
27,63,down,1476,False,0.1284191757440567,1.578966192350567
27,64,down,1317,False,0.12818138301372528,5.487716670708269
27,65,down,40,True,0.09582425653934479,1.0553637949492045
27,66,down,21,True,0.09578555077314377,1.0553637949492045
27,67,down,14,True,0.09581964462995529,1.0553637949492045
27,68,down,2484,False,0.11263341456651688,1.3927286478589327
27,69,down,20147,False,0.10302320122718811,1.2027613294888193
27,70,down,20274,False,0.11220097541809082,1.7627026800452605
27,71,down,17866,False,0.1041969433426857,1.268146379966773
27,72,down,19921,False,0.10539788752794266,1.2931295451192726
27,73,down,574,False,0.15829966962337494,1.7579885434894817
27,74,down,6,True,0.09596950560808182,1.0553637949492045
27,75,down,1069,False,0.13888220489025116,1.9068380843232602
27,76,down,2319,False,0.1147519052028656,1.4048166396609707
27,77,down,36814,False,0.10058561712503433,1.1639491122269396
27,78,down,4223,False,0.10819058865308762,1.2221849386989616
27,79,down,952,False,0.14216165244579315,1.3833783596573999
27,80,down,7323,False,0.11402564495801926,1.7726626063374582
27,81,down,462,True,0.09584587067365646,1.0553637949492045
27,82,down,50799,False,0.1012677475810051,1.2015040894200153
27,83,down,12413,False,0.10532166063785553,1.3773831426992396
27,84,down,364,True,0.09585638344287872,1.0553637949492045
27,85,down,25705,False,0.10588715225458145,1.3499970154192966
27,86,down,9878,False,0.1041482463479042,1.3287233206592635
27,87,down,27038,False,0.10240905731916428,1.3161052123798362
27,88,down,259,True,0.09579093754291534,1.0553637949492045
27,89,down,68379,False,0.10276545584201813,1.428361517769479
27,90,down,7494,False,0.10563137382268906,1.239868118872969
27,91,down,40526,False,0.10046938806772232,1.1413746283885673
27,92,down,0,True,0.09566321223974228,1.0553637949492045
27,93,down,535,False,0.14729583263397217,4.406591531149053
27,94,down,50967,False,0.10024394094944,1.138824296235087
27,95,down,40903,False,0.10104479640722275,1.2195361666112032
27,96,down,15145,False,0.10135862976312637,1.2046963181719386
27,97,down,1,True,0.09583564847707748,1.0553637949492045
27,98,down,46478,False,0.10171560943126678,1.1694254956325683
27,99,down,635,False,0.15691180527210236,1.6017953770724807
27,100,down,32615,False,0.10398919135332108,1.2288092049018362
27,101,down,23296,False,0.11241606622934341,1.512417180634948
27,102,down,2563,False,0.11750566959381104,1.638652197846061
27,103,down,7461,False,0.10826453566551208,1.361295328036252
27,104,down,957,False,0.14005684852600098,1.5908237043296267
27,105,down,13,True,0.09583273530006409,1.0553637949492045
27,106,down,17225,False,0.10257694870233536,1.186047756738795
27,107,down,3954,False,0.10617788881063461,1.1664403197830897
27,108,down,10,True,0.09584007412195206,1.0553637949492045
27,109,down,16901,False,0.10275425761938095,1.2263622827935106
27,110,down,5099,False,0.1034909337759018,1.1465102753862053
27,111,down,182,True,0.09582847356796265,1.0553637949492045
27,112,down,300,True,0.09591632336378098,1.0553637949492045
27,113,down,53,True,0.09587012976408005,1.0553637949492045
27,114,down,1,True,0.09594248980283737,1.0553637949492045
27,115,down,1793,False,0.1175893098115921,1.2723817934276698
27,116,down,18178,False,0.10344895720481873,1.2715349821703508
27,117,down,1517,False,0.12478746473789215,2.485183053033268
27,118,down,2765,False,0.11030404269695282,1.2895457630895815
27,119,down,1698,False,0.12215683609247208,1.6396264558592097
27,120,down,40508,False,0.10459919273853302,1.2605789884414373
27,121,down,89004,False,0.0994950532913208,1.2099568912505112
27,122,down,1106,False,0.1353616565465927,1.2840064260973971
27,123,down,70,True,0.09594083577394485,1.0553637949492045
27,124,down,15,True,0.0958934873342514,1.0553637949492045
27,125,down,13646,False,0.1025962382555008,1.132649386352109
27,126,down,27558,False,0.10296300798654556,1.3574190104077772
27,127,down,21239,False,0.1122400090098381,2.2732627837700203
28,0,gate_up,17360,False,0.115135557949543,13.352114986813902
28,1,gate_up,2214,False,0.13545657694339752,12.330013044147133
28,2,gate_up,16,True,0.1105492115020752,9.97389893650543
28,3,gate_up,15,True,0.11048386991024017,9.97389893650543
28,4,gate_up,12192,False,0.1151980310678482,10.70211463798119
28,5,gate_up,1359,False,0.1283680647611618,10.266585483966889
28,6,gate_up,3469,False,0.12849843502044678,9.853509676681902
28,7,gate_up,7822,False,0.11693469434976578,10.59150987594473
28,8,gate_up,25345,False,0.11145004630088806,12.269378454238856
28,9,gate_up,9045,False,0.11894694715738297,10.325211928155051
28,10,gate_up,1966,False,0.13687144219875336,12.261377256152329
28,11,gate_up,30837,False,0.11243093758821487,11.101042146674898
28,12,gate_up,5378,False,0.11927608400583267,11.311418860060494
28,13,gate_up,24710,False,0.11450684070587158,8.631069336551858
28,14,gate_up,155078,False,0.11102280020713806,10.53171776803965
28,15,gate_up,12283,False,0.1143757626414299,11.004149134447319
28,16,gate_up,69502,False,0.1126585379242897,10.961832634590793
28,17,gate_up,94,True,0.11048281192779541,9.97389893650543
28,18,gate_up,5064,False,0.1251678168773651,8.68791350019635
28,19,gate_up,7361,False,0.12027048319578171,9.08039691997357
28,20,gate_up,17149,False,0.11304416507482529,9.891081057452404
28,21,gate_up,2,True,0.11048975586891174,9.97389893650543
28,22,gate_up,3365,False,0.1297704428434372,11.430581340056971
28,23,gate_up,3882,False,0.12735775113105774,8.634770005709814
28,24,gate_up,16298,False,0.11668711155653,12.112351655797216
28,25,gate_up,2156,False,0.13927577435970306,10.705648245326445
28,26,gate_up,102351,False,0.11137546598911285,10.358162488554425
28,27,gate_up,7220,False,0.12304019927978516,10.006621928933402
28,28,gate_up,8101,False,0.12144213169813156,9.517382923641792
28,29,gate_up,22288,False,0.1132098063826561,9.949679064448505
28,30,gate_up,152316,False,0.11152738332748413,10.756042679281702
28,31,gate_up,2,True,0.11042927205562592,9.97389893650543
28,32,gate_up,4177,False,0.12794949114322662,12.298193921966027
28,33,gate_up,8656,False,0.11847738176584244,8.884523065247883
28,34,gate_up,675,False,0.1337115466594696,14.465585512352307
28,35,gate_up,27165,False,0.1151343435049057,9.804231903643126
28,36,gate_up,1285,False,0.1445792019367218,8.950052384618878
28,37,gate_up,28180,False,0.11362053453922272,9.196901338987358
28,38,gate_up,3,True,0.11056366562843323,9.97389893650543
28,39,gate_up,22382,False,0.11490099132061005,12.08490318981285
28,40,gate_up,14478,False,0.11433734744787216,10.485753689572524
28,41,gate_up,1633,False,0.14398053288459778,9.011905205051118
28,42,gate_up,3701,False,0.12289872020483017,13.246506188534799
28,43,gate_up,36051,False,0.11171381920576096,9.039521815055219
28,44,gate_up,35368,False,0.11229439824819565,11.088598937280949
28,45,gate_up,24796,False,0.1141747534275055,10.914567461662653
28,46,gate_up,1724,False,0.14724059402942657,9.95017896801785
28,47,gate_up,6,True,0.1104968711733818,9.97389893650543
28,48,gate_up,17394,False,0.11538233608007431,11.705358723606311
28,49,gate_up,566,False,0.130336731672287,11.187557875175868
28,50,gate_up,18052,False,0.11617069691419601,10.24963985765919
28,51,gate_up,21457,False,0.1132766380906105,9.72630449024492
28,52,gate_up,17643,False,0.11515025794506073,8.579100432855103
28,53,gate_up,2454,False,0.1391395777463913,9.79234503140156
28,54,gate_up,14155,False,0.11529134958982468,12.038973090901667
28,55,gate_up,13239,False,0.11385419219732285,11.567045297911108
28,56,gate_up,741,False,0.13774587213993073,10.56401645955027
28,57,gate_up,9268,False,0.11906058341264725,9.88308420700228
28,58,gate_up,178,True,0.11050327867269516,9.97389893650543
28,59,gate_up,67,True,0.11047470569610596,9.97389893650543
28,60,gate_up,17876,False,0.11374250799417496,11.064753742257608
28,61,gate_up,2,True,0.11052358150482178,9.97389893650543
28,62,gate_up,2944,False,0.1326868236064911,11.806905666350632
28,63,gate_up,2610,False,0.1351395845413208,10.179084459286232
28,64,gate_up,61,True,0.11068939417600632,9.97389893650543
28,65,gate_up,9996,False,0.11969943344593048,9.739837117467589
28,66,gate_up,27,True,0.11041101068258286,9.97389893650543
28,67,gate_up,84,True,0.11056167632341385,9.97389893650543
28,68,gate_up,249,True,0.1106828972697258,9.97389893650543
28,69,gate_up,37,True,0.11061664670705795,9.97389893650543
28,70,gate_up,1293,False,0.13963383436203003,12.754181912840108
28,71,gate_up,34,True,0.11045626550912857,9.97389893650543
28,72,gate_up,10184,False,0.11804347485303879,8.796144523757574
28,73,gate_up,9489,False,0.11685509234666824,13.05740031184785
28,74,gate_up,2990,False,0.13087384402751923,13.960286650000134
28,75,gate_up,69381,False,0.1120869517326355,10.235707323478639
28,76,gate_up,3120,False,0.12891104817390442,11.455691615516693
28,77,gate_up,23933,False,0.1126803532242775,10.347832032208197
28,78,gate_up,65707,False,0.11189694702625275,10.069497377992828
28,79,gate_up,29714,False,0.11327839642763138,9.20877485203955
28,80,gate_up,100246,False,0.1117713525891304,10.43571400629923
28,81,gate_up,19792,False,0.1142791286110878,12.458407649475221
28,82,gate_up,13805,False,0.11697421967983246,10.746020342866261
28,83,gate_up,40265,False,0.11283721029758453,10.559874959142386
28,84,gate_up,2816,False,0.1328984498977661,11.798064439250803
28,85,gate_up,1142,False,0.14364458620548248,9.273921104534667
28,86,gate_up,14,True,0.11036069691181183,9.97389893650543
28,87,gate_up,47,True,0.11053266376256943,9.97389893650543
28,88,gate_up,219,True,0.11044891923666,9.97389893650543
28,89,gate_up,13023,False,0.11673486977815628,11.171952599163328
28,90,gate_up,20659,False,0.11586344242095947,10.829857653504057
28,91,gate_up,1208,False,0.13577114045619965,10.621936628653382
28,92,gate_up,396,True,0.1104782447218895,9.97389893650543
28,93,gate_up,10203,False,0.11879848688840866,11.055287548104854
28,94,gate_up,19268,False,0.1157059520483017,9.43224187980794
28,95,gate_up,40,True,0.11051803827285767,9.97389893650543
28,96,gate_up,90,True,0.11052849143743515,9.97389893650543
28,97,gate_up,12397,False,0.11850208789110184,10.834641607968925
28,98,gate_up,517,False,0.13181893527507782,9.34432614301034
28,99,gate_up,2339,False,0.11861399561166763,15.491764885636423
28,100,gate_up,17045,False,0.11662007123231888,11.835700202468994
28,101,gate_up,24684,False,0.11442087590694427,9.50814741522871
28,102,gate_up,61712,False,0.11177320033311844,9.4687074085814
28,103,gate_up,6570,False,0.11907739192247391,11.722572968659554
28,104,gate_up,33,True,0.11062832921743393,9.97389893650543
28,105,gate_up,40085,False,0.11382569372653961,11.330128958257198
28,106,gate_up,4574,False,0.12432540953159332,12.62906610752741
28,107,gate_up,1050,False,0.1327347457408905,10.906028213514315
28,108,gate_up,45169,False,0.11141953617334366,11.547904908634376
28,109,gate_up,9074,False,0.1181742399930954,8.62483725204871
28,110,gate_up,24679,False,0.11284968256950378,10.480174086378572
28,111,gate_up,6102,False,0.12033252418041229,11.341486480594588
28,112,gate_up,10290,False,0.11903994530439377,11.51240799094368
28,113,gate_up,8028,False,0.12085811793804169,11.29224060759698
28,114,gate_up,62849,False,0.11190515011548996,10.659565270545293
28,115,gate_up,3029,False,0.12437459081411362,11.97043320347907
28,116,gate_up,47,True,0.11055277287960052,9.97389893650543
28,117,gate_up,15205,False,0.1158379390835762,9.37679028171412
28,118,gate_up,62,True,0.11056022346019745,9.97389893650543
28,119,gate_up,20693,False,0.11150132864713669,11.264182582304663
28,120,gate_up,2,True,0.11047139018774033,9.97389893650543
28,121,gate_up,22324,False,0.11197010427713394,10.561165430839328
28,122,gate_up,284,True,0.11058970540761948,9.97389893650543
28,123,gate_up,22745,False,0.11390940845012665,10.04530347095407
28,124,gate_up,24466,False,0.11204209178686142,13.04995196318026
28,125,gate_up,3,True,0.11043260246515274,9.97389893650543
28,126,gate_up,796,False,0.1359821856021881,10.520177661281718
28,127,gate_up,105601,False,0.11162314563989639,10.73175321672596
28,0,down,17360,False,0.11400847136974335,1.5250107283823775
28,1,down,2214,False,0.11952977627515793,1.7218147724674138
28,2,down,16,True,0.0958876758813858,1.0704962974997538
28,3,down,15,True,0.09589432179927826,1.0704962974997538
28,4,down,12192,False,0.10661741346120834,1.1759835484290249
28,5,down,1359,False,0.13448776304721832,2.8400016889495188
28,6,down,3469,False,0.11614900827407837,1.2599386200563538
28,7,down,7822,False,0.10877897590398788,1.251759264334473
28,8,down,25345,False,0.10480626672506332,1.215671024325666
28,9,down,9045,False,0.10470014810562134,1.3481119965007538
28,10,down,1966,False,0.11840716749429703,1.5870351257446673
28,11,down,30837,False,0.10457641631364822,1.2814603553161
28,12,down,5378,False,0.1069786548614502,1.2811944661524544
28,13,down,24710,False,0.10287262499332428,1.236332290407274
28,14,down,155078,False,0.10170895606279373,1.2640826687141924
28,15,down,12283,False,0.1055075079202652,1.371613231768445
28,16,down,69502,False,0.10527787357568741,1.258844200495488
28,17,down,94,True,0.09594475477933884,1.0704962974997538
28,18,down,5064,False,0.10690663754940033,1.2193559656311033
28,19,down,7361,False,0.10577387362718582,1.261409063354143
28,20,down,17149,False,0.10433442890644073,1.2357212686323746
28,21,down,2,True,0.09591317176818848,1.0704962974997538
28,22,down,3365,False,0.11827369779348373,2.236183013340425
28,23,down,3882,False,0.11153624206781387,1.1770445041136621
28,24,down,16298,False,0.10448773205280304,1.3374901813396982
28,25,down,2156,False,0.11633075773715973,1.846386804185728
28,26,down,102351,False,0.10324430465698242,1.305607803663886
28,27,down,7220,False,0.10349518060684204,1.132978157035723
28,28,down,8101,False,0.10478200018405914,1.128180461751897
28,29,down,22288,False,0.10287772864103317,1.2370034441500757
28,30,down,152316,False,0.1036371961236,1.4086378791826761
28,31,down,2,True,0.09585663676261902,1.0704962974997538
28,32,down,4177,False,0.11383692175149918,1.6514402872194163
28,33,down,8656,False,0.10616923123598099,1.216100584495941
28,34,down,675,False,0.15117770433425903,10.673598764582131
28,35,down,27165,False,0.10553057491779327,1.4320254822909477
28,36,down,1285,False,0.12845322489738464,1.4489144073833067
28,37,down,28180,False,0.10347995162010193,1.2627964314864304
28,38,down,3,True,0.09585734456777573,1.0704962974997538
28,39,down,22382,False,0.10652586817741394,2.060456584805247
28,40,down,14478,False,0.10599380731582642,1.2817582632598246
28,41,down,1633,False,0.1252904236316681,2.1607106659383497
28,42,down,3701,False,0.11528263241052628,3.477938396808791
28,43,down,36051,False,0.10082948207855225,1.1723235122372953
28,44,down,35368,False,0.10476106405258179,1.3051242853431468
28,45,down,24796,False,0.1025250256061554,1.224658218995122
28,46,down,1724,False,0.1193070188164711,3.7756668505095807
28,47,down,6,True,0.09583459049463272,1.0704962974997538
28,48,down,17394,False,0.11100909858942032,1.7468788703157887
28,49,down,566,False,0.15621045231819153,1.816523755968503
28,50,down,18052,False,0.10731229931116104,1.8939498428742532
28,51,down,21457,False,0.10476891696453094,1.2490984615286842
28,52,down,17643,False,0.10383689403533936,1.3092794536696664
28,53,down,2454,False,0.11462074518203735,1.8177977081388232
28,54,down,14155,False,0.10423320531845093,1.2161119768641642
28,55,down,13239,False,0.10689394176006317,1.322750240102076
28,56,down,741,False,0.1547287255525589,2.480946058598918
28,57,down,9268,False,0.10664418339729309,1.4001578521006657
28,58,down,178,True,0.09599639475345612,1.0704962974997538
28,59,down,67,True,0.0960075706243515,1.0704962974997538
28,60,down,17876,False,0.10513841360807419,1.2768087204052454
28,61,down,2,True,0.09590325504541397,1.0704962974997538
28,62,down,2944,False,0.11366582661867142,1.6707410154811657
28,63,down,2610,False,0.11437597870826721,1.2532344177809294
28,64,down,61,True,0.09592925012111664,1.0704962974997538
28,65,down,9996,False,0.1072537899017334,1.4319914987948017
28,66,down,27,True,0.09603346884250641,1.0704962974997538
28,67,down,84,True,0.09571897983551025,1.0704962974997538
28,68,down,249,True,0.09591875225305557,1.0704962974997538
28,69,down,37,True,0.09602642059326172,1.0704962974997538
28,70,down,1293,False,0.13657373189926147,3.9298589628569194
28,71,down,34,True,0.09597747772932053,1.0704962974997538
28,72,down,10184,False,0.10856005549430847,2.05480950626535
28,73,down,9489,False,0.10687457025051117,1.3806950307151502
28,74,down,2990,False,0.11614224314689636,1.4956101525165877
28,75,down,69381,False,0.10241646319627762,1.2903897256005126
28,76,down,3120,False,0.11869218200445175,2.715502763264902
28,77,down,23933,False,0.10278085619211197,1.1251905406313185
28,78,down,65707,False,0.10198060423135757,1.3009962422419497
28,79,down,29714,False,0.10141225904226303,1.2324283340423796
28,80,down,100246,False,0.1025947853922844,1.3930195090768271
28,81,down,19792,False,0.11256124824285507,1.8229066074302556
28,82,down,13805,False,0.10868228226900101,1.3402297390645397
28,83,down,40265,False,0.10159138590097427,1.1803262720139367
28,84,down,2816,False,0.12077420949935913,1.6937200665369705
28,85,down,1142,False,0.13346907496452332,1.9754240370843725
28,86,down,14,True,0.09578728675842285,1.0704962974997538
28,87,down,47,True,0.09590380638837814,1.0704962974997538
28,88,down,219,True,0.095857173204422,1.0704962974997538
28,89,down,13023,False,0.11518405377864838,1.4520461754474028
28,90,down,20659,False,0.10900532454252243,1.2460834376310614
28,91,down,1208,False,0.13966767489910126,3.1111425955103176
28,92,down,396,True,0.09615480154752731,1.0704962974997538
28,93,down,10203,False,0.10756183415651321,1.3427800876548281
28,94,down,19268,False,0.10329287499189377,1.1879954816625076
28,95,down,40,True,0.09591149538755417,1.0704962974997538
28,96,down,90,True,0.09601271897554398,1.0704962974997538
28,97,down,12397,False,0.10657794028520584,2.044520859764209
28,98,down,517,False,0.15856800973415375,1.7238586340252045
28,99,down,2339,False,0.12617582082748413,3.612755519510021
28,100,down,17045,False,0.10874057561159134,1.3304458230057927
28,101,down,24684,False,0.10535497218370438,1.2523895135197272
28,102,down,61712,False,0.10048598051071167,1.1960074925322952
28,103,down,6570,False,0.11501289159059525,3.2342494161440816
28,104,down,33,True,0.09592469781637192,1.0704962974997538
28,105,down,40085,False,0.1055832952260971,1.3438728618116043
28,106,down,4574,False,0.11187178641557693,1.3977952273667853
28,107,down,1050,False,0.14448177814483643,2.7880191511718793
28,108,down,45169,False,0.10405880212783813,1.1702730768298721
28,109,down,9074,False,0.10706756263971329,1.1756200319000585
28,110,down,24679,False,0.10426931828260422,1.3224107809588947
28,111,down,6102,False,0.10864202678203583,1.3370350702870328
28,112,down,10290,False,0.11306991428136826,1.5514830297601274
28,113,down,8028,False,0.10792909562587738,1.5889698750991468
28,114,down,62849,False,0.10277748107910156,1.254749687542252
28,115,down,3029,False,0.12130043655633926,7.6566128326768945
28,116,down,47,True,0.09584255516529083,1.0704962974997538
28,117,down,15205,False,0.10359443724155426,1.2138289607837134
28,118,down,62,True,0.09579363465309143,1.0704962974997538
28,119,down,20693,False,0.10824745893478394,1.8876199317535927
28,120,down,2,True,0.09604869037866592,1.0704962974997538
28,121,down,22324,False,0.10423479229211807,1.2912730091839526
28,122,down,284,True,0.09600075334310532,1.0704962974997538
28,123,down,22745,False,0.10437019169330597,1.263866319089167
28,124,down,24466,False,0.10629592835903168,1.2458707848719242
28,125,down,3,True,0.09587825834751129,1.0704962974997538
28,126,down,796,False,0.14667949080467224,2.0974793523338997
28,127,down,105601,False,0.10181104391813278,1.2863949608130119
29,0,gate_up,25648,False,0.11256348341703415,12.325590915528748
29,1,gate_up,89940,False,0.11137773841619492,13.020952188065806
29,2,gate_up,32395,False,0.11114156246185303,10.013812006732024
29,3,gate_up,1354,False,0.1417561173439026,11.643499209009388
29,4,gate_up,632,False,0.1341385692358017,13.192402643508657
29,5,gate_up,20563,False,0.11547071486711502,10.907407882479148
29,6,gate_up,44592,False,0.11212748289108276,9.733823905216187
29,7,gate_up,15092,False,0.11650518327951431,12.502201851194936
29,8,gate_up,0,True,0.11022306978702545,10.85175316118399
29,9,gate_up,100267,False,0.11126868426799774,11.800975745811535
29,10,gate_up,3493,False,0.1293507218360901,8.346211809315657
29,11,gate_up,14645,False,0.11600487679243088,10.6643622905389
29,12,gate_up,655,False,0.1368350088596344,11.67656486123051
29,13,gate_up,3914,False,0.12948018312454224,12.873361489360128
29,14,gate_up,21862,False,0.11225167661905289,10.818829797962383
29,15,gate_up,29849,False,0.11163392663002014,11.19834528538616
29,16,gate_up,23,True,0.1102195680141449,10.85175316118399
29,17,gate_up,49113,False,0.11157434433698654,11.377881378023066
29,18,gate_up,30718,False,0.1145799309015274,11.191249757767586
29,19,gate_up,26219,False,0.1111316904425621,13.672884394420464
29,20,gate_up,25208,False,0.11247125267982483,9.993084931988836
29,21,gate_up,19831,False,0.11366349458694458,13.799036254243344
29,22,gate_up,1779,False,0.139970600605011,12.595815919343172
29,23,gate_up,17,True,0.10995117574930191,10.85175316118399
29,24,gate_up,112,True,0.1100151315331459,10.85175316118399
29,25,gate_up,965,False,0.14192511141300201,10.777815933820559
29,26,gate_up,4264,False,0.12648271024227142,11.883709206033235
29,27,gate_up,582,False,0.13478580117225647,12.685968739495555
29,28,gate_up,168,True,0.11027641594409943,10.85175316118399
29,29,gate_up,155,True,0.11023116111755371,10.85175316118399
29,30,gate_up,17279,False,0.11401061713695526,12.811035398340396
29,31,gate_up,4,True,0.11016382277011871,10.85175316118399
29,32,gate_up,10,True,0.11020296812057495,10.85175316118399
29,33,gate_up,269,True,0.11026546359062195,10.85175316118399
29,34,gate_up,2386,False,0.1334160417318344,11.5790808098638
29,35,gate_up,25768,False,0.11140339076519012,10.06035763019168
29,36,gate_up,44498,False,0.11244916170835495,10.576813244095307
29,37,gate_up,10105,False,0.11848880350589752,11.257111864562045
29,38,gate_up,691,False,0.12415693700313568,16.276275453229765
29,39,gate_up,4932,False,0.1221357211470604,13.194030228057581
29,40,gate_up,500,True,0.11026643961668015,10.85175316118399
29,41,gate_up,442,True,0.11022280901670456,10.85175316118399
29,42,gate_up,13701,False,0.1144731193780899,13.334158477673967
29,43,gate_up,1,True,0.11022423952817917,10.85175316118399
29,44,gate_up,6473,False,0.12194277346134186,12.300077977642891
29,45,gate_up,36496,False,0.11116759479045868,11.328148992881001
29,46,gate_up,22445,False,0.11319039016962051,12.973153803029772
29,47,gate_up,11479,False,0.11648343503475189,9.132392216360882
29,48,gate_up,10220,False,0.1156790554523468,14.828068495777552
29,49,gate_up,7881,False,0.12068916857242584,11.215921915608801
29,50,gate_up,15156,False,0.11623339354991913,12.295649564108459
29,51,gate_up,776,False,0.1340862214565277,11.726775135198634
29,52,gate_up,8234,False,0.11664914339780807,11.272463480664648
29,53,gate_up,29868,False,0.11188607662916183,11.296921477455076
29,54,gate_up,9216,False,0.11895590275526047,10.456144375392457
29,55,gate_up,15849,False,0.11473540216684341,11.864889225868575
29,56,gate_up,34,True,0.11019930243492126,10.85175316118399
29,57,gate_up,18112,False,0.1156419888138771,12.326143383520852
29,58,gate_up,1676,False,0.1387241631746292,8.72206367564374
29,59,gate_up,2638,False,0.13029581308364868,14.639930303556508
29,60,gate_up,44,True,0.11009839922189713,10.85175316118399
29,61,gate_up,19421,False,0.11363248527050018,11.098575585110225
29,62,gate_up,32586,False,0.11303214728832245,10.625729674240194
29,63,gate_up,14689,False,0.11386007070541382,12.052679605373532
29,64,gate_up,26185,False,0.11266116797924042,11.49150135832808
29,65,gate_up,35848,False,0.1118665561079979,11.8859601398482
29,66,gate_up,47500,False,0.11139430850744247,9.853369850554582
29,67,gate_up,4,True,0.11025694012641907,10.85175316118399
29,68,gate_up,66004,False,0.11130466312170029,10.17171875976192
29,69,gate_up,22423,False,0.11231666803359985,13.650644418047145
29,70,gate_up,1,True,0.11026531457901001,10.85175316118399
29,71,gate_up,47,True,0.11010193079710007,10.85175316118399
29,72,gate_up,13922,False,0.11373104900121689,15.549463318305445
29,73,gate_up,36143,False,0.11466507613658905,11.918604373206184
29,74,gate_up,212,True,0.11025117337703705,10.85175316118399
29,75,gate_up,4387,False,0.12743981182575226,9.996418109963287
29,76,gate_up,39,True,0.11019783467054367,10.85175316118399
29,77,gate_up,81293,False,0.11178861558437347,12.232587981173046
29,78,gate_up,5384,False,0.12410806864500046,9.960913057735675
29,79,gate_up,50905,False,0.11208470910787582,10.328628987040553
29,80,gate_up,26852,False,0.11448073387145996,11.476185870603985
29,81,gate_up,10771,False,0.11868281662464142,10.51657629712394
29,82,gate_up,66922,False,0.11290604621171951,12.020836800335646
29,83,gate_up,6324,False,0.12151825428009033,11.296578860213652
29,84,gate_up,25826,False,0.11280703544616699,10.59519696402685
29,85,gate_up,32441,False,0.11257556825876236,10.588557158805456
29,86,gate_up,988,False,0.13919052481651306,10.598351505110431
29,87,gate_up,9864,False,0.11725273728370667,8.599949631445014
29,88,gate_up,14741,False,0.11522826552391052,12.973327404816825
29,89,gate_up,4408,False,0.12657563388347626,12.283737163751079
29,90,gate_up,11169,False,0.11552540212869644,13.1213040447762
29,91,gate_up,19,True,0.11019517481327057,10.85175316118399
29,92,gate_up,34556,False,0.1136966273188591,9.638000546880011
29,93,gate_up,5876,False,0.12280365079641342,12.266009430839476
29,94,gate_up,120,True,0.11009547114372253,10.85175316118399
29,95,gate_up,1649,False,0.1420736312866211,11.174037741223584
29,96,gate_up,50,True,0.11025435477495193,10.85175316118399
29,97,gate_up,15609,False,0.11322523653507233,11.90254561392317
29,98,gate_up,4,True,0.11018651723861694,10.85175316118399
29,99,gate_up,15398,False,0.11576273292303085,11.783953013324455
29,100,gate_up,52886,False,0.11305681616067886,11.64850159847957
29,101,gate_up,384,True,0.11003068834543228,10.85175316118399
29,102,gate_up,9593,False,0.1175670325756073,10.043279528752642
29,103,gate_up,67764,False,0.11122632026672363,12.114810821195183
29,104,gate_up,1166,False,0.14492358267307281,10.899783305515351
29,105,gate_up,4598,False,0.12284046411514282,12.546886691154434
29,106,gate_up,53000,False,0.11217373609542847,10.477446149833106
29,107,gate_up,976,False,0.14319661259651184,11.743995141831725
29,108,gate_up,603,False,0.12366216629743576,12.126044851481259
29,109,gate_up,2729,False,0.13409744203090668,7.794690585017306
29,110,gate_up,8,True,0.11008532345294952,10.85175316118399
29,111,gate_up,191,True,0.11016125977039337,10.85175316118399
29,112,gate_up,92117,False,0.11117645353078842,10.797227867989307
29,113,gate_up,922,False,0.13806992769241333,11.799586598502698
29,114,gate_up,1955,False,0.13678255677223206,12.194989256973447
29,115,gate_up,3716,False,0.127811998128891,10.330148948302135
29,116,gate_up,1722,False,0.14313119649887085,9.971155677021926
29,117,gate_up,20501,False,0.11363189667463303,10.502024351964673
29,118,gate_up,6642,False,0.12072787433862686,9.743302192065217
29,119,gate_up,28,True,0.11015041917562485,10.85175316118399
29,120,gate_up,11401,False,0.11639212816953659,10.61251136688208
29,121,gate_up,108522,False,0.11094631999731064,11.001488333569624
29,122,gate_up,15186,False,0.11566483229398727,13.731889459234033
29,123,gate_up,6390,False,0.12213186919689178,9.947598611809248
29,124,gate_up,1472,False,0.13847123086452484,11.437652682415237
29,125,gate_up,263,True,0.11017385870218277,10.85175316118399
29,126,gate_up,10457,False,0.11611758917570114,10.620443141489584
29,127,gate_up,142,True,0.11012259125709534,10.85175316118399
29,0,down,25648,False,0.10619743168354034,1.396058028983573
29,1,down,89940,False,0.10237737745046616,1.2877238170025607
29,2,down,32395,False,0.10381781309843063,1.330285232976674
29,3,down,1354,False,0.12545891106128693,1.6648155792459924
29,4,down,632,False,0.15904679894447327,1.9219091085084674
29,5,down,20563,False,0.10854708403348923,1.3594232756648488
29,6,down,44592,False,0.10044427216053009,1.2061982706151335
29,7,down,15092,False,0.11079666018486023,1.3802374414270808
29,8,down,0,True,0.09580262005329132,1.0480908965788498
29,9,down,100267,False,0.10089598596096039,1.1773793321988746
29,10,down,3493,False,0.11480610072612762,1.3668616582501607
29,11,down,14645,False,0.10641840845346451,1.2763059441260598
29,12,down,655,False,0.15823684632778168,1.3566173206614611
29,13,down,3914,False,0.11224431544542313,1.8174849053881759
29,14,down,21862,False,0.10256720334291458,1.1982903603157409
29,15,down,29849,False,0.10381697863340378,1.324018978363601
29,16,down,23,True,0.09580310434103012,1.0480908965788498
29,17,down,49113,False,0.10080856084823608,1.1773498966495441
29,18,down,30718,False,0.1050109714269638,1.3330385333197687
29,19,down,26219,False,0.10580817610025406,1.5450886894110816
29,20,down,25208,False,0.10210105031728745,1.168215078436315
29,21,down,19831,False,0.11273691058158875,1.760258289419534
29,22,down,1779,False,0.12506213784217834,1.494709726033718
29,23,down,17,True,0.09587497264146805,1.0480908965788498
29,24,down,112,True,0.09585945308208466,1.0480908965788498
29,25,down,965,False,0.14063987135887146,1.8637275185953932
29,26,down,4264,False,0.11112868040800095,1.2118722798282116
29,27,down,582,False,0.15924841165542603,2.397342045520377
29,28,down,168,True,0.095961794257164,1.0480908965788498
29,29,down,155,True,0.09587861597537994,1.0480908965788498
29,30,down,17279,False,0.10564438998699188,1.2400842420998506
29,31,down,4,True,0.09570976346731186,1.0480908965788498
29,32,down,10,True,0.0958685502409935,1.0480908965788498
29,33,down,269,True,0.09567740559577942,1.0480908965788498
29,34,down,2386,False,0.116073839366436,1.6147335559706648
29,35,down,25768,False,0.10354852676391602,1.203634174656288
29,36,down,44498,False,0.10060299932956696,1.4535672255012788
29,37,down,10105,False,0.10487521439790726,1.624562466890832
29,38,down,691,False,0.14466257393360138,6.572357301829014
29,39,down,4932,False,0.11582934856414795,1.8397278859112367
29,40,down,500,True,0.09587094932794571,1.0480908965788498
29,41,down,442,True,0.09582838416099548,1.0480908965788498
29,42,down,13701,False,0.11187818646430969,1.8010898022634985
29,43,down,1,True,0.09579964727163315,1.0480908965788498
29,44,down,6473,False,0.11160248517990112,1.4079135177843087
29,45,down,36496,False,0.10410074889659882,1.3781019323187258
29,46,down,22445,False,0.1062735989689827,1.4156346855010307
29,47,down,11479,False,0.10673315823078156,1.5031266999523158
29,48,down,10220,False,0.1082494854927063,1.7133758973467614
29,49,down,7881,False,0.10589619725942612,1.1598021063907606
29,50,down,15156,False,0.10863432288169861,1.3340166786847252
29,51,down,776,False,0.15362460911273956,1.6744204925494262
29,52,down,8234,False,0.10533591359853745,1.1987993996639674
29,53,down,29868,False,0.1045168787240982,1.1577359680741073
29,54,down,9216,False,0.10462026298046112,1.1288968727611104
29,55,down,15849,False,0.11275660991668701,2.1730242931386257
29,56,down,34,True,0.09578239917755127,1.0480908965788498
29,57,down,18112,False,0.10899952054023743,1.4105391546134955
29,58,down,1676,False,0.12673123180866241,1.6030350355151635
29,59,down,2638,False,0.11978562921285629,1.7823866163206976
29,60,down,44,True,0.0959862768650055,1.0480908965788498
29,61,down,19421,False,0.10506561398506165,1.1226581692617363
29,62,down,32586,False,0.10357397049665451,1.2948646688931733
29,63,down,14689,False,0.10344857722520828,1.344549155924742
29,64,down,26185,False,0.10241004079580307,1.2679028181829093
29,65,down,35848,False,0.10303283482789993,1.2707767576028386
29,66,down,47500,False,0.10188139975070953,1.146264182987811
29,67,down,4,True,0.09575317054986954,1.0480908965788498
29,68,down,66004,False,0.10196416079998016,1.1912524114923102
29,69,down,22423,False,0.10634937137365341,1.3180133267854952
29,70,down,1,True,0.0957995131611824,1.0480908965788498
29,71,down,47,True,0.09578301757574081,1.0480908965788498
29,72,down,13922,False,0.11305603384971619,1.6318737922948094
29,73,down,36143,False,0.10290487855672836,1.2452359206057204
29,74,down,212,True,0.09585987031459808,1.0480908965788498
29,75,down,4387,False,0.10648161172866821,1.155448327118484
29,76,down,39,True,0.09580941498279572,1.0480908965788498
29,77,down,81293,False,0.10304215550422668,1.1354675986351235
29,78,down,5384,False,0.11196542531251907,1.5871087381045694
29,79,down,50905,False,0.10345864295959473,1.3786612541302914
29,80,down,26852,False,0.11102266609668732,2.15182525974384
29,81,down,10771,False,0.10511834174394608,1.5823720372222267
29,82,down,66922,False,0.10349572449922562,1.2945735304978474
29,83,down,6324,False,0.1129721850156784,2.068408656720232
29,84,down,25826,False,0.10277777165174484,1.2443497173172293
29,85,down,32441,False,0.1008109301328659,1.3612447245234836
29,86,down,988,False,0.14069224894046783,3.6964734344655397
29,87,down,9864,False,0.10543586313724518,1.4270526438907725
29,88,down,14741,False,0.1104799211025238,2.0865785849293434
29,89,down,4408,False,0.10962822288274765,1.5924985502832034
29,90,down,11169,False,0.11019393056631088,1.2729923453096013
29,91,down,19,True,0.09589362144470215,1.0480908965788498
29,92,down,34556,False,0.1037510335445404,1.335112859738092
29,93,down,5876,False,0.10941257327795029,1.513630613561839
29,94,down,120,True,0.09580250084400177,1.0480908965788498
29,95,down,1649,False,0.12420950829982758,2.656221738571046
29,96,down,50,True,0.09568244218826294,1.0480908965788498
29,97,down,15609,False,0.10731319338083267,1.3404042811696102
29,98,down,4,True,0.09587499499320984,1.0480908965788498
29,99,down,15398,False,0.11894562840461731,2.0113185880442415
29,100,down,52886,False,0.10174300521612167,1.212370230803888
29,101,down,384,True,0.09571860730648041,1.0480908965788498
29,102,down,9593,False,0.10535604506731033,1.1987495397684955
29,103,down,67764,False,0.10135103762149811,1.17805331553664
29,104,down,1166,False,0.130914568901062,1.4439033630148368
29,105,down,4598,False,0.10879620909690857,1.4329678514257402
29,106,down,53000,False,0.09997854381799698,1.162434052535919
29,107,down,976,False,0.13887615501880646,1.555262573294615
29,108,down,603,False,0.15217243134975433,3.2874849467754212
29,109,down,2729,False,0.11654495447874069,1.4540213861616822
29,110,down,8,True,0.09559154510498047,1.0480908965788498
29,111,down,191,True,0.09604743868112564,1.0480908965788498
29,112,down,92117,False,0.10029636323451996,1.183105159727455
29,113,down,922,False,0.14416098594665527,1.5349975959828628
29,114,down,1955,False,0.11886721104383469,2.071497772877912
29,115,down,3716,False,0.11170660704374313,1.2762987971456128
29,116,down,1722,False,0.12211223691701889,1.3291204651689756
29,117,down,20501,False,0.1018194630742073,1.21377369445483
29,118,down,6642,False,0.10411475598812103,1.1142185740536412
29,119,down,28,True,0.09575356543064117,1.0480908965788498
29,120,down,11401,False,0.10256645828485489,1.2622596645559936
29,121,down,108522,False,0.10164907574653625,1.285937585720145
29,122,down,15186,False,0.10431241989135742,1.9701209024485264
29,123,down,6390,False,0.10929529368877411,1.915612340203748
29,124,down,1472,False,0.13080540299415588,2.264017324777983
29,125,down,263,True,0.09582654386758804,1.0480908965788498
29,126,down,10457,False,0.10623621940612793,1.2239439889637846
29,127,down,142,True,0.09585070610046387,1.0480908965788498
30,0,gate_up,25349,False,0.11548899859189987,10.982897594218176
30,1,gate_up,16221,False,0.11692384630441666,10.062245345590341
30,2,gate_up,3,True,0.11115975677967072,9.790649937083776
30,3,gate_up,35499,False,0.11389696598052979,9.297123507373042
30,4,gate_up,25016,False,0.11472700536251068,8.461535047677728
30,5,gate_up,1,True,0.11090569198131561,9.790649937083776
30,6,gate_up,20300,False,0.11522568017244339,9.676984897857572
30,7,gate_up,10670,False,0.11854355782270432,9.152550611742454
30,8,gate_up,26,True,0.11095019429922104,9.790649937083776
30,9,gate_up,7548,False,0.1206270381808281,12.033211339382193
30,10,gate_up,54314,False,0.11278943717479706,10.12065311284547
30,11,gate_up,1917,False,0.12447405606508255,13.9760850702393
30,12,gate_up,9807,False,0.1171489953994751,10.686161110296224
30,13,gate_up,9712,False,0.1179620549082756,9.761609086738959
30,14,gate_up,60309,False,0.11295954883098602,11.039698101825708
30,15,gate_up,2479,False,0.13771778345108032,6.881097179337394
30,16,gate_up,247,True,0.11099659651517868,9.790649937083776
30,17,gate_up,13293,False,0.11753655970096588,11.41867347082714
30,18,gate_up,3789,False,0.12943564355373383,9.366172874189873
30,19,gate_up,2672,False,0.13446548581123352,8.148376817660798
30,20,gate_up,6493,False,0.12253855168819427,8.740190568056045
30,21,gate_up,23,True,0.1112281009554863,9.790649937083776
30,22,gate_up,91346,False,0.11275988072156906,11.020182511938122
30,23,gate_up,107641,False,0.11210931092500687,10.572391742223358
30,24,gate_up,11561,False,0.11660800874233246,9.494291520743635
30,25,gate_up,5194,False,0.12632037699222565,11.39513623169801
30,26,gate_up,11532,False,0.11903513222932816,8.484325350751524
30,27,gate_up,1594,False,0.1403197944164276,9.588950716051965
30,28,gate_up,9409,False,0.11924563348293304,9.755432458705627
30,29,gate_up,5145,False,0.12472651153802872,8.103097290913082
30,30,gate_up,4636,False,0.12529581785202026,11.169161852635412
30,31,gate_up,6,True,0.11111687123775482,9.790649937083776
30,32,gate_up,185,True,0.11112118512392044,9.790649937083776
30,33,gate_up,25111,False,0.11487171798944473,9.063364807755638
30,34,gate_up,21927,False,0.1153758093714714,9.594371970971773
30,35,gate_up,4434,False,0.12370944023132324,11.213676665521993
30,36,gate_up,1054,False,0.14343643188476562,12.050920126936788
30,37,gate_up,1368,False,0.14405901730060577,12.135142429234577
30,38,gate_up,13006,False,0.11784206330776215,9.35121528014826
30,39,gate_up,31561,False,0.11518030613660812,10.10043836136124
30,40,gate_up,28,True,0.11110584437847137,9.790649937083776
30,41,gate_up,35911,False,0.11522835493087769,10.220147373537973
30,42,gate_up,15629,False,0.11590022593736649,10.674868075934207
30,43,gate_up,606,False,0.13723234832286835,10.053722063447164
30,44,gate_up,5849,False,0.12369776517152786,8.996746350681434
30,45,gate_up,1,True,0.11117614805698395,9.790649937083776
30,46,gate_up,8510,False,0.1204897090792656,9.972112284002433
30,47,gate_up,188,True,0.11101791262626648,9.790649937083776
30,48,gate_up,572,False,0.13238508999347687,8.134099124867697
30,49,gate_up,15189,False,0.11633138358592987,8.383129575775211
30,50,gate_up,4,True,0.11118479073047638,9.790649937083776
30,51,gate_up,24,True,0.1111086905002594,9.790649937083776
30,52,gate_up,56724,False,0.11263705044984818,11.405689917724475
30,53,gate_up,192,True,0.11119486391544342,9.790649937083776
30,54,gate_up,120267,False,0.11192918568849564,9.70280203796433
30,55,gate_up,9808,False,0.11794325709342957,8.541809068688774
30,56,gate_up,39622,False,0.1132962629199028,13.193700837553518
30,57,gate_up,82,True,0.11108299344778061,9.790649937083776
30,58,gate_up,46361,False,0.11412102729082108,10.351277205063074
30,59,gate_up,63,True,0.11112042516469955,9.790649937083776
30,60,gate_up,2,True,0.11119193583726883,9.790649937083776
30,61,gate_up,8555,False,0.12109219282865524,7.784666143674319
30,62,gate_up,9235,False,0.11998097598552704,9.654076545835485
30,63,gate_up,82106,False,0.11297083646059036,9.89478006958943
30,64,gate_up,18829,False,0.11584832519292831,10.787078546091012
30,65,gate_up,27780,False,0.11510276049375534,9.58171167489285
30,66,gate_up,1386,False,0.139089897274971,15.162823054634982
30,67,gate_up,2664,False,0.1352357417345047,9.622995319995722
30,68,gate_up,12,True,0.11122490465641022,9.790649937083776
30,69,gate_up,17,True,0.11124089360237122,9.790649937083776
30,70,gate_up,2032,False,0.1378471702337265,7.483468571047486
30,71,gate_up,649,False,0.12671825289726257,7.409289421532583
30,72,gate_up,7849,False,0.12123581767082214,8.97836147964685
30,73,gate_up,52,True,0.1109238937497139,9.790649937083776
30,74,gate_up,3531,False,0.13053609430789948,11.25950571782566
30,75,gate_up,27082,False,0.11487022787332535,9.578586380401273
30,76,gate_up,109,True,0.11122085154056549,9.790649937083776
30,77,gate_up,26363,False,0.115181565284729,9.471663816528617
30,78,gate_up,6772,False,0.11742066591978073,12.14206645381594
30,79,gate_up,3563,False,0.1290142685174942,10.687239895351501
30,80,gate_up,56,True,0.11101027578115463,9.790649937083776
30,81,gate_up,1093,False,0.11856554448604584,14.654815988204552
30,82,gate_up,6873,False,0.12119531631469727,7.6840400084645655
30,83,gate_up,17912,False,0.1143396645784378,14.836098930967346
30,84,gate_up,4705,False,0.12581482529640198,7.724836012725775
30,85,gate_up,29867,False,0.11383487284183502,9.824643223446662
30,86,gate_up,35460,False,0.11348601430654526,9.08766250339565
30,87,gate_up,56238,False,0.11403942853212357,11.527557483719423
30,88,gate_up,7742,False,0.11884427815675735,11.494243906685112
30,89,gate_up,104530,False,0.11214430630207062,10.280001652338747
30,90,gate_up,239,True,0.11123119294643402,9.790649937083776
30,91,gate_up,84,True,0.11134211719036102,9.790649937083776
30,92,gate_up,6679,False,0.12147694826126099,7.732413269915477
30,93,gate_up,40053,False,0.11426954716444016,9.471804634674719
30,94,gate_up,5343,False,0.12463020533323288,8.196601310103764
30,95,gate_up,1240,False,0.14041902124881744,10.956831001145368
30,96,gate_up,52267,False,0.11322789639234543,9.607174818224916
30,97,gate_up,39565,False,0.1134244054555893,9.890244886951104
30,98,gate_up,739,False,0.13686281442642212,14.365974788293578
30,99,gate_up,10256,False,0.11883558332920074,9.247508746718346
30,100,gate_up,43050,False,0.11343009024858475,10.042787732620877
30,101,gate_up,20474,False,0.11621779948472977,10.74374232819577
30,102,gate_up,246,True,0.11111690104007721,9.790649937083776
30,103,gate_up,20623,False,0.1161288321018219,10.23867821297045
30,104,gate_up,4361,False,0.12738938629627228,10.831989726643544
30,105,gate_up,23788,False,0.1128123477101326,13.351495766836928
30,106,gate_up,24,True,0.1112997978925705,9.790649937083776
30,107,gate_up,11480,False,0.11955340206623077,9.612440450186723
30,108,gate_up,415,True,0.1111421138048172,9.790649937083776
30,109,gate_up,25931,False,0.11481791734695435,9.510491958644817
30,110,gate_up,23321,False,0.11560969799757004,10.253043649678085
30,111,gate_up,596,False,0.1349812000989914,11.25056857380442
30,112,gate_up,6410,False,0.12188144028186798,13.041020325978417
30,113,gate_up,31,True,0.11112341284751892,9.790649937083776
30,114,gate_up,6350,False,0.12328244000673294,9.947337551477247
30,115,gate_up,35834,False,0.11422019451856613,11.354056933848947
30,116,gate_up,13615,False,0.11812680959701538,9.812645346969717
30,117,gate_up,50,True,0.11105924844741821,9.790649937083776
30,118,gate_up,32719,False,0.11334831267595291,11.972252405827152
30,119,gate_up,21185,False,0.11658987402915955,10.612034990051582
30,120,gate_up,548,False,0.1331048160791397,11.405236273837765
30,121,gate_up,7855,False,0.12007796764373779,8.489736100245588
30,122,gate_up,15660,False,0.11683986335992813,9.408798205685976
30,123,gate_up,8150,False,0.11966599524021149,8.865478124280807
30,124,gate_up,2593,False,0.1343182921409607,12.342032455585077
30,125,gate_up,45727,False,0.11357427388429642,10.422695167376425
30,126,gate_up,4053,False,0.1261482834815979,12.036360486124025
30,127,gate_up,64506,False,0.11298935860395432,10.862655624162322
30,0,down,25349,False,0.1094156876206398,1.2840485744610999
30,1,down,16221,False,0.11012236773967743,1.2960949157664643
30,2,down,3,True,0.09608407318592072,1.0628509727746072
30,3,down,35499,False,0.1063496321439743,1.3378483548525817
30,4,down,25016,False,0.10577011108398438,1.2857845311381
30,5,down,1,True,0.09596551954746246,1.0628509727746072
30,6,down,20300,False,0.10963167250156403,1.3803800729806552
30,7,down,10670,False,0.10646191984415054,1.8190570433234805
30,8,down,26,True,0.09580818563699722,1.0628509727746072
30,9,down,7548,False,0.10681036114692688,1.7459984646460278
30,10,down,54314,False,0.10000835359096527,1.2748703541616675
30,11,down,1917,False,0.1284932941198349,4.686284463946849
30,12,down,9807,False,0.11258769780397415,2.8869515568477424
30,13,down,9712,False,0.10766014456748962,1.6777365928398784
30,14,down,60309,False,0.10252589732408524,1.2774169375217592
30,15,down,2479,False,0.12023039907217026,2.565193677954975
30,16,down,247,True,0.09616821259260178,1.0628509727746072
30,17,down,13293,False,0.11292955279350281,1.252345024385513
30,18,down,3789,False,0.11361094564199448,1.5211051055490814
30,19,down,2672,False,0.11363258957862854,1.4075750362533015
30,20,down,6493,False,0.11525849252939224,1.4126498916763366
30,21,down,23,True,0.09610965102910995,1.0628509727746072
30,22,down,91346,False,0.10607436299324036,1.5097725777927586
30,23,down,107641,False,0.10228993743658066,1.2264451893024038
30,24,down,11561,False,0.11520269513130188,1.9487120711920383
30,25,down,5194,False,0.11416135728359222,1.59847703570495
30,26,down,11532,False,0.11068601906299591,1.8738922880566262
30,27,down,1594,False,0.13191327452659607,2.6514490609980634
30,28,down,9409,False,0.10847154259681702,1.9806362812163878
30,29,down,5145,False,0.12173668295145035,1.877750897135801
30,30,down,4636,False,0.10680464655160904,1.211374603080082
30,31,down,6,True,0.09608989953994751,1.0628509727746072
30,32,down,185,True,0.09615218639373779,1.0628509727746072
30,33,down,25111,False,0.10831797122955322,1.429851510512812
30,34,down,21927,False,0.10864667594432831,1.9485846045300599
30,35,down,4434,False,0.11472351104021072,1.7303127630208766
30,36,down,1054,False,0.13470232486724854,2.271998297302259
30,37,down,1368,False,0.13161082565784454,3.1778391747734993
30,38,down,13006,False,0.10506168752908707,1.1926637998804397
30,39,down,31561,False,0.10974826663732529,1.5249723742291341
30,40,down,28,True,0.09618951380252838,1.0628509727746072
30,41,down,35911,False,0.10828729718923569,1.3208927702990854
30,42,down,15629,False,0.10165662318468094,1.1875707614170774
30,43,down,606,False,0.16102978587150574,1.519994681388745
30,44,down,5849,False,0.11541571468114853,2.083533781296803
30,45,down,1,True,0.09602026641368866,1.0628509727746072
30,46,down,8510,False,0.11274290829896927,1.3590919484275652
30,47,down,188,True,0.09600930660963058,1.0628509727746072
30,48,down,572,False,0.15796279907226562,1.5845340886978676
30,49,down,15189,False,0.11048296838998795,1.6167439708038642
30,50,down,4,True,0.09604287892580032,1.0628509727746072
30,51,down,24,True,0.09606233239173889,1.0628509727746072
30,52,down,56724,False,0.10130949318408966,1.2156786005496232
30,53,down,192,True,0.0959586426615715,1.0628509727746072
30,54,down,120267,False,0.10379587113857269,1.2104863124308651
30,55,down,9808,False,0.10444105416536331,1.1567359001793123
30,56,down,39622,False,0.10761644691228867,2.3058211007650122
30,57,down,82,True,0.09611423313617706,1.0628509727746072
30,58,down,46361,False,0.10668245702981949,1.4787059678024703
30,59,down,63,True,0.0961080864071846,1.0628509727746072
30,60,down,2,True,0.09623207151889801,1.0628509727746072
30,61,down,8555,False,0.1075471043586731,1.9041196816201866
30,62,down,9235,False,0.11010883748531342,1.6343898150318354
30,63,down,82106,False,0.10827205330133438,1.2667128631246003
30,64,down,18829,False,0.10687030106782913,1.2681047064921114
30,65,down,27780,False,0.10366656631231308,1.2452334741687752
30,66,down,1386,False,0.12994484603405,3.376640678517997
30,67,down,2664,False,0.11975938826799393,1.9947427815917511
30,68,down,12,True,0.09602271020412445,1.0628509727746072
30,69,down,17,True,0.09615277498960495,1.0628509727746072
30,70,down,2032,False,0.1234266385436058,4.140643566820133
30,71,down,649,False,0.1331617385149002,19.7137544568589
30,72,down,7849,False,0.10972213745117188,1.4249358953525093
30,73,down,52,True,0.09615138918161392,1.0628509727746072
30,74,down,3531,False,0.11568152159452438,2.046565570989662
30,75,down,27082,False,0.10230144113302231,1.2281827837650532
30,76,down,109,True,0.09597903490066528,1.0628509727746072
30,77,down,26363,False,0.10705669224262238,1.2568049808196058
30,78,down,6772,False,0.11975466459989548,3.2920031376662195
30,79,down,3563,False,0.1128678247332573,1.3058377689103533
30,80,down,56,True,0.09614695608615875,1.0628509727746072
30,81,down,1093,False,0.1324499100446701,5.436388058860816
30,82,down,6873,False,0.11131508648395538,1.6365160493336968
30,83,down,17912,False,0.10792005062103271,1.4784472106594
30,84,down,4705,False,0.10896027833223343,1.2591125057881167
30,85,down,29867,False,0.10140059888362885,1.289241456704248
30,86,down,35460,False,0.10084833949804306,1.4299921552139907
30,87,down,56238,False,0.1046309545636177,1.2568709951193224
30,88,down,7742,False,0.10896918922662735,1.317716223223318
30,89,down,104530,False,0.10483286529779434,1.296639766976563
30,90,down,239,True,0.09592711180448532,1.0628509727746072
30,91,down,84,True,0.09608303755521774,1.0628509727746072
30,92,down,6679,False,0.11073365062475204,2.2096263540861165
30,93,down,40053,False,0.10519380867481232,1.2344787898143301
30,94,down,5343,False,0.11504539847373962,1.5436571426069439
30,95,down,1240,False,0.1367362141609192,1.9375891851225655
30,96,down,52267,False,0.10725866258144379,1.2953160133672381
30,97,down,39565,False,0.10628418624401093,1.4505011109804995
30,98,down,739,False,0.1378670483827591,8.904853135023432
30,99,down,10256,False,0.1096227690577507,1.2445854655481043
30,100,down,43050,False,0.10416416078805923,1.2638338648414982
30,101,down,20474,False,0.1089383214712143,1.7529384757945774
30,102,down,246,True,0.09603630006313324,1.0628509727746072
30,103,down,20623,False,0.10160203278064728,1.2312612190835581
30,104,down,4361,False,0.11488622426986694,1.6701774924963533
30,105,down,23788,False,0.10547292232513428,1.4026502750679308
30,106,down,24,True,0.09618034958839417,1.0628509727746072
30,107,down,11480,False,0.10951082408428192,2.443267297093996
30,108,down,415,True,0.0961557999253273,1.0628509727746072
30,109,down,25931,False,0.10635274648666382,1.4759511005043788
30,110,down,23321,False,0.10381954163312912,1.2714616386533506
30,111,down,596,False,0.1577421873807907,1.847724066819683
30,112,down,6410,False,0.11437806487083435,1.6764059801850495
30,113,down,31,True,0.0959685891866684,1.0628509727746072
30,114,down,6350,False,0.11416453868150711,1.8021385527254827
30,115,down,35834,False,0.1069563776254654,1.2229477431569955
30,116,down,13615,False,0.10983314365148544,1.2892110616407801
30,117,down,50,True,0.09606093168258667,1.0628509727746072
30,118,down,32719,False,0.1014036238193512,1.3128981198193699
30,119,down,21185,False,0.116677425801754,1.9381610300790821
30,120,down,548,False,0.16047917306423187,1.4565552137531252
30,121,down,7855,False,0.10977774113416672,1.286670392960015
30,122,down,15660,False,0.11494132876396179,2.2304097491716313
30,123,down,8150,False,0.1046583503484726,1.2907225652313088
30,124,down,2593,False,0.11981415748596191,3.375203534122388
30,125,down,45727,False,0.10472603887319565,1.1923380883730634
30,126,down,4053,False,0.11720304191112518,1.3640741786959856
30,127,down,64506,False,0.10183898359537125,1.2696151949300052
31,0,gate_up,6,True,0.11163866519927979,10.341944974743269
31,1,gate_up,79666,False,0.11321336030960083,11.042035752919347
31,2,gate_up,19006,False,0.11524958163499832,12.692326020124996
31,3,gate_up,7628,False,0.1208987832069397,10.38785196291447
31,4,gate_up,26952,False,0.11590689420700073,11.607106797997293
31,5,gate_up,112008,False,0.1128324493765831,11.240409523103619
31,6,gate_up,272,True,0.11158465594053268,10.341944974743269
31,7,gate_up,9591,False,0.12235096096992493,10.209633087975167
31,8,gate_up,12365,False,0.11679210513830185,10.6356624528502
31,9,gate_up,3421,False,0.1290937215089798,9.486377250245194
31,10,gate_up,2616,False,0.13584066927433014,12.112661309917522
31,11,gate_up,10084,False,0.1198647990822792,9.795515572666075
31,12,gate_up,14459,False,0.11805621534585953,9.305545866899676
31,13,gate_up,31419,False,0.11509060859680176,10.107877505937727
31,14,gate_up,731,False,0.1351371556520462,11.336631504039946
31,15,gate_up,5113,False,0.12520132958889008,8.291523126403822
31,16,gate_up,256,True,0.11152508109807968,10.341944974743269
31,17,gate_up,17979,False,0.11658152937889099,9.194146695616922
31,18,gate_up,1006,False,0.12563471496105194,9.496583100084068
31,19,gate_up,9547,False,0.12069906294345856,9.212559365882596
31,20,gate_up,18285,False,0.11714251339435577,10.336777094751875
31,21,gate_up,26679,False,0.11579225212335587,11.658043690094592
31,22,gate_up,3179,False,0.13281244039535522,9.915154667336083
31,23,gate_up,1,True,0.11180523037910461,10.341944974743269
31,24,gate_up,4396,False,0.11925060302019119,10.166082225210532
31,25,gate_up,3839,False,0.12946555018424988,9.900180824866787
31,26,gate_up,38585,False,0.11454760283231735,9.803406102614629
31,27,gate_up,14006,False,0.1192164346575737,10.047848684467445
31,28,gate_up,410,True,0.11162955313920975,10.341944974743269
31,29,gate_up,18182,False,0.1173713281750679,9.71906766470508
31,30,gate_up,2084,False,0.13886404037475586,7.403942973106344
31,31,gate_up,13995,False,0.11835672706365585,13.859232908828524
31,32,gate_up,48337,False,0.11438111215829849,10.544342509188079
31,33,gate_up,112594,False,0.11311109364032745,11.263042437756658
31,34,gate_up,9207,False,0.11901883035898209,11.652676670585368
31,35,gate_up,32,True,0.11167670041322708,10.341944974743269
31,36,gate_up,7187,False,0.1225297823548317,10.605352288598699
31,37,gate_up,55,True,0.11165928840637207,10.341944974743269
31,38,gate_up,16250,False,0.11752451211214066,9.815895969228306
31,39,gate_up,13178,False,0.11833351850509644,10.945705368104308
31,40,gate_up,5542,False,0.1250694990158081,12.2685335853067
31,41,gate_up,377,True,0.11169601231813431,10.341944974743269
31,42,gate_up,14,True,0.1116868406534195,10.341944974743269
31,43,gate_up,7614,False,0.12017595767974854,11.677281519687295
31,44,gate_up,22786,False,0.11647897213697433,10.578301888668014
31,45,gate_up,29459,False,0.11521937698125839,11.002167409829976
31,46,gate_up,7035,False,0.12293154746294022,9.543619218448512
31,47,gate_up,57122,False,0.11371990293264389,9.85074191986854
31,48,gate_up,93870,False,0.1129813864827156,11.910673723303287
31,49,gate_up,19990,False,0.1139201745390892,14.684703607185753
31,50,gate_up,13054,False,0.11617081612348557,13.08624472103662
31,51,gate_up,31210,False,0.11507242918014526,11.88451509662502
31,52,gate_up,7302,False,0.12393764406442642,12.118942214732398
31,53,gate_up,54333,False,0.11371398717164993,10.317084617111142
31,54,gate_up,14,True,0.11169296503067017,10.341944974743269
31,55,gate_up,18,True,0.11148678511381149,10.341944974743269
31,56,gate_up,22219,False,0.11564858257770538,10.151112098543537
31,57,gate_up,0,True,0.11173377186059952,10.341944974743269
31,58,gate_up,30718,False,0.1162533238530159,9.66191519059569
31,59,gate_up,14202,False,0.1178937703371048,9.940110635174806
31,60,gate_up,5291,False,0.12393294274806976,12.71247355119393
31,61,gate_up,26048,False,0.1159999892115593,9.917665905327727
31,62,gate_up,9042,False,0.11896686255931854,11.41419141091416
31,63,gate_up,7480,False,0.12234124541282654,9.633387061720137
31,64,gate_up,3933,False,0.12952083349227905,9.483396667003795
31,65,gate_up,48,True,0.11160854250192642,10.341944974743269
31,66,gate_up,20244,False,0.11616954952478409,11.028486064224198
31,67,gate_up,8111,False,0.12107771635055542,9.51191472614699
31,68,gate_up,2244,False,0.13975948095321655,9.11977972128469
31,69,gate_up,1209,False,0.14141687750816345,10.829163910776012
31,70,gate_up,2516,False,0.1364915519952774,8.608951899747344
31,71,gate_up,17,True,0.11156115680932999,10.341944974743269
31,72,gate_up,8849,False,0.11680460721254349,11.40456484591995
31,73,gate_up,72188,False,0.11325409263372421,10.022809408628383
31,74,gate_up,51977,False,0.1143941730260849,10.451939946097967
31,75,gate_up,22883,False,0.11491451412439346,10.943878220921682
31,76,gate_up,7060,False,0.1233840212225914,10.792123014496326
31,77,gate_up,3,True,0.11166349053382874,10.341944974743269
31,78,gate_up,120,True,0.11173269897699356,10.341944974743269
31,79,gate_up,2619,False,0.1302364021539688,10.074391532185832
31,80,gate_up,21,True,0.11173827946186066,10.341944974743269
31,81,gate_up,9555,False,0.12187658995389938,14.97665568518698
31,82,gate_up,65680,False,0.11433184146881104,10.454711010655473
31,83,gate_up,11924,False,0.11909452825784683,10.989794985637348
31,84,gate_up,479,True,0.11158482730388641,10.341944974743269
31,85,gate_up,40,True,0.11163532733917236,10.341944974743269
31,86,gate_up,10358,False,0.11992139369249344,10.201645581042033
31,87,gate_up,2387,False,0.1370408535003662,9.902872450038329
31,88,gate_up,35868,False,0.11575215309858322,10.458524714384184
31,89,gate_up,40853,False,0.11418280005455017,11.346636557854138
31,90,gate_up,1,True,0.11175957322120667,10.341944974743269
31,91,gate_up,29083,False,0.11517071723937988,9.01488120197906
31,92,gate_up,98,True,0.11174420267343521,10.341944974743269
31,93,gate_up,8003,False,0.12238703668117523,8.958609322648275
31,94,gate_up,14096,False,0.11870104819536209,10.632563781164837
31,95,gate_up,10991,False,0.11687209457159042,12.180256131145205
31,96,gate_up,1053,False,0.14397288858890533,8.978256562575543
31,97,gate_up,16,True,0.11158274114131927,10.341944974743269
31,98,gate_up,2399,False,0.1356738656759262,11.247604402313698
31,99,gate_up,7249,False,0.12228121608495712,8.142655655195039
31,100,gate_up,136256,False,0.1123870387673378,11.333475319046022
31,101,gate_up,7155,False,0.11694465577602386,11.475251918116378
31,102,gate_up,16,True,0.11170113831758499,10.341944974743269
31,103,gate_up,5050,False,0.12473384290933609,10.519807140901571
31,104,gate_up,27,True,0.1118151918053627,10.341944974743269
31,105,gate_up,12,True,0.11165594309568405,10.341944974743269
31,106,gate_up,87744,False,0.11353637278079987,10.66167555793927
31,107,gate_up,83,True,0.11158446967601776,10.341944974743269
31,108,gate_up,95117,False,0.11283040791749954,10.811447408808265
31,109,gate_up,968,False,0.12520915269851685,10.438013243072135
31,110,gate_up,19974,False,0.11699079722166061,10.801793134703138
31,111,gate_up,9366,False,0.12068070471286774,12.525340928295599
31,112,gate_up,18357,False,0.11446040123701096,13.552205476507597
31,113,gate_up,2852,False,0.1368190050125122,8.713732810987134
31,114,gate_up,4203,False,0.12823304533958435,8.35075465867623
31,115,gate_up,6265,False,0.12465270608663559,8.354827841388381
31,116,gate_up,24130,False,0.11580958962440491,10.805390501069356
31,117,gate_up,91,True,0.11168017238378525,10.341944974743269
31,118,gate_up,312,True,0.11160648614168167,10.341944974743269
31,119,gate_up,400,True,0.1117069199681282,10.341944974743269
31,120,gate_up,6,True,0.11166948825120926,10.341944974743269
31,121,gate_up,13,True,0.11165118217468262,10.341944974743269
31,122,gate_up,14,True,0.11174234002828598,10.341944974743269
31,123,gate_up,18397,False,0.11699617654085159,11.075805320649833
31,124,gate_up,14197,False,0.11676252633333206,9.269008084079761
31,125,gate_up,3053,False,0.134595587849617,11.808229974180563
31,126,gate_up,1294,False,0.14304228127002716,12.08830462449728
31,127,gate_up,8279,False,0.12181158363819122,9.722689223065855
31,0,down,6,True,0.09610617905855179,1.0408767950395121
31,1,down,79666,False,0.10346364974975586,1.199089597155981
31,2,down,19006,False,0.1054619699716568,1.2604842371641536
31,3,down,7628,False,0.11105713993310928,2.8392435802024316
31,4,down,26952,False,0.10714791715145111,1.2489778323589729
31,5,down,112008,False,0.10302174836397171,1.1881063071867262
31,6,down,272,True,0.09589151293039322,1.0408767950395121
31,7,down,9591,False,0.10580086708068848,1.307872585756271
31,8,down,12365,False,0.11561828851699829,2.025228369499823
31,9,down,3421,False,0.11858054250478745,1.8729226614346692
31,10,down,2616,False,0.12168657034635544,1.7679311270864548
31,11,down,10084,False,0.1091058999300003,1.522326053332523
31,12,down,14459,False,0.11082575470209122,1.7276317124428566
31,13,down,31419,False,0.10749755799770355,1.3279464285296527
31,14,down,731,False,0.1456771194934845,3.2995739983753243
31,15,down,5113,False,0.11116158962249756,1.6097762390567136
31,16,down,256,True,0.09588805586099625,1.0408767950395121
31,17,down,17979,False,0.10594329237937927,1.4597505355287128
31,18,down,1006,False,0.13576240837574005,7.329219638494098
31,19,down,9547,False,0.10540642589330673,1.8838920723984984
31,20,down,18285,False,0.10489312559366226,1.2696354066374071
31,21,down,26679,False,0.10699921101331711,1.2510559042629108
31,22,down,3179,False,0.11450029164552689,1.4002909770465133
31,23,down,1,True,0.09599936008453369,1.0408767950395121
31,24,down,4396,False,0.11852244287729263,5.077523273904356
31,25,down,3839,False,0.11314380913972855,1.4360892266912346
31,26,down,38585,False,0.1002071276307106,1.238851361123701
31,27,down,14006,False,0.1115659549832344,1.5565286981965956
31,28,down,410,True,0.09602272510528564,1.0408767950395121
31,29,down,18182,False,0.10788122564554214,1.4665025538960157
31,30,down,2084,False,0.12398817390203476,1.7525403294108268
31,31,down,13995,False,0.10631891340017319,1.371238282877582
31,32,down,48337,False,0.1050155758857727,1.2912811861623275
31,33,down,112594,False,0.10518848896026611,1.2185587782319631
31,34,down,9207,False,0.10432589054107666,1.3798128602634774
31,35,down,32,True,0.09605272114276886,1.0408767950395121
31,36,down,7187,False,0.10961440950632095,1.3755714665842063
31,37,down,55,True,0.09585029631853104,1.0408767950395121
31,38,down,16250,False,0.10856639593839645,1.2420281737802394
31,39,down,13178,False,0.10648585110902786,1.243473370478391
31,40,down,5542,False,0.1143072247505188,2.173823977379477
31,41,down,377,True,0.09606282413005829,1.0408767950395121
31,42,down,14,True,0.09603367000818253,1.0408767950395121
31,43,down,7614,False,0.10727982968091965,1.2783607194674216
31,44,down,22786,False,0.11016137897968292,1.351550109434716
31,45,down,29459,False,0.10536222159862518,1.337446158694203
31,46,down,7035,False,0.10761794447898865,1.2235304924350336
31,47,down,57122,False,0.10546715557575226,1.2021542256214115
31,48,down,93870,False,0.10112931579351425,1.2358201508433135
31,49,down,19990,False,0.10581086575984955,1.3316889605525164
31,50,down,13054,False,0.10716526210308075,1.3405174179016612
31,51,down,31210,False,0.10394704341888428,1.3086080049261206
31,52,down,7302,False,0.113274946808815,1.3633776784870784
31,53,down,54333,False,0.10233437269926071,1.1962325600253014
31,54,down,14,True,0.09573759883642197,1.0408767950395121
31,55,down,18,True,0.09610991925001144,1.0408767950395121
31,56,down,22219,False,0.10807490348815918,2.6768904063050027
31,57,down,0,True,0.09594830870628357,1.0408767950395121
31,58,down,30718,False,0.1111876368522644,1.2428969817382447
31,59,down,14202,False,0.11254845559597015,1.9147982295736015
31,60,down,5291,False,0.10944948345422745,1.2482510605398303
31,61,down,26048,False,0.10822063684463501,1.5850527569189752
31,62,down,9042,False,0.115725576877594,1.8388256120264932
31,63,down,7480,False,0.1102873831987381,1.307985386721929
31,64,down,3933,False,0.1126786544919014,1.9138333666022056
31,65,down,48,True,0.09608961641788483,1.0408767950395121
31,66,down,20244,False,0.10532655566930771,1.1942145552401306
31,67,down,8111,False,0.1092597171664238,1.2846392948596665
31,68,down,2244,False,0.12087996304035187,1.640904110121022
31,69,down,1209,False,0.13475270569324493,1.6783635848221263
31,70,down,2516,False,0.11983849108219147,1.900735724057339
31,71,down,17,True,0.09619288146495819,1.0408767950395121
31,72,down,8849,False,0.10910152643918991,1.3024298609501315
31,73,down,72188,False,0.10237786918878555,1.2444317912686509
31,74,down,51977,False,0.10250512510538101,1.2011893880593143
31,75,down,22883,False,0.11189976334571838,2.023694402951957
31,76,down,7060,False,0.11274897307157516,2.116462653911149
31,77,down,3,True,0.09605368226766586,1.0408767950395121
31,78,down,120,True,0.09601138532161713,1.0408767950395121
31,79,down,2619,False,0.12009111791849136,2.3772207233553098
31,80,down,21,True,0.09599778056144714,1.0408767950395121
31,81,down,9555,False,0.1137649342417717,2.0033957844026045
31,82,down,65680,False,0.10754289478063583,1.3517101925648667
31,83,down,11924,False,0.10973912477493286,1.2796191929190468
31,84,down,479,True,0.09610873460769653,1.0408767950395121
31,85,down,40,True,0.0959133505821228,1.0408767950395121
31,86,down,10358,False,0.11037430912256241,1.993204884841145
31,87,down,2387,False,0.11544858664274216,1.2432530906904713
31,88,down,35868,False,0.10598117113113403,1.2825384068921057
31,89,down,40853,False,0.10413475334644318,1.1979705761854467
31,90,down,1,True,0.09586913883686066,1.0408767950395121
31,91,down,29083,False,0.10790345072746277,1.305452575940393
31,92,down,98,True,0.09593852609395981,1.0408767950395121
31,93,down,8003,False,0.10657227039337158,1.4690898942533615
31,94,down,14096,False,0.1110888198018074,1.4812324052603696
31,95,down,10991,False,0.10476075857877731,1.1604384732058615
31,96,down,1053,False,0.13764430582523346,1.9062148000119135
31,97,down,16,True,0.09605202823877335,1.0408767950395121
31,98,down,2399,False,0.11554616689682007,1.7038774749162007
31,99,down,7249,False,0.10663110017776489,1.3975847261949432
31,100,down,136256,False,0.10179196298122406,1.258272305118742
31,101,down,7155,False,0.11834605038166046,1.9301022517575468
31,102,down,16,True,0.09608805924654007,1.0408767950395121
31,103,down,5050,False,0.10819467157125473,1.382603265103132
31,104,down,27,True,0.09605928510427475,1.0408767950395121
31,105,down,12,True,0.09584662318229675,1.0408767950395121
31,106,down,87744,False,0.1034659594297409,1.1857517109800932
31,107,down,83,True,0.09600051492452621,1.0408767950395121
31,108,down,95117,False,0.11185572296380997,1.2644378741311777
31,109,down,968,False,0.13543127477169037,5.836874088818378
31,110,down,19974,False,0.10397069901227951,1.2506518653207304
31,111,down,9366,False,0.11206801235675812,1.3683945827255208
31,112,down,18357,False,0.10977958887815475,2.0829151604558094
31,113,down,2852,False,0.11592824757099152,3.4675169811179565
31,114,down,4203,False,0.11759161949157715,1.4561255338347467
31,115,down,6265,False,0.10837596654891968,1.4605087209212255
31,116,down,24130,False,0.1060604378581047,1.556247883381224
31,117,down,91,True,0.09605869650840759,1.0408767950395121
31,118,down,312,True,0.09598410129547119,1.0408767950395121
31,119,down,400,True,0.09599050879478455,1.0408767950395121
31,120,down,6,True,0.09616730362176895,1.0408767950395121
31,121,down,13,True,0.09587056934833527,1.0408767950395121
31,122,down,14,True,0.09604085236787796,1.0408767950395121
31,123,down,18397,False,0.10927315056324005,1.704394790266869
31,124,down,14197,False,0.10460545122623444,1.27428647268749
31,125,down,3053,False,0.11730017513036728,1.4557648916838843
31,126,down,1294,False,0.13382290303707123,4.144009342624709
31,127,down,8279,False,0.11365708708763123,1.4591431569719342
32,0,gate_up,108,True,0.11214572936296463,10.296332901668311
32,1,gate_up,0,True,0.11211095750331879,10.296332901668311
32,2,gate_up,13907,False,0.11680716276168823,9.580003194200135
32,3,gate_up,4971,False,0.12695375084877014,11.764075200418214
32,4,gate_up,18104,False,0.11583811044692993,8.208932358794925
32,5,gate_up,25558,False,0.11657831072807312,9.778941714933163
32,6,gate_up,6563,False,0.12195990234613419,9.178296272719574
32,7,gate_up,7,True,0.11214911192655563,10.296332901668311
32,8,gate_up,29460,False,0.1152963638305664,9.03210948408431
32,9,gate_up,12272,False,0.1161755844950676,13.912070578119192
32,10,gate_up,847,False,0.14414499700069427,7.650582995116612
32,11,gate_up,1973,False,0.14403028786182404,8.312616370800804
32,12,gate_up,12,True,0.11198535561561584,10.296332901668311
32,13,gate_up,6018,False,0.12594819068908691,10.043653782136449
32,14,gate_up,10942,False,0.11847333610057831,9.599028191231461
32,15,gate_up,10004,False,0.11876104772090912,12.437128618305442
32,16,gate_up,10425,False,0.11696789413690567,8.895248408143836
32,17,gate_up,60684,False,0.11439575254917145,11.833965063490076
32,18,gate_up,3499,False,0.13102062046527863,11.782575122995203
32,19,gate_up,4858,False,0.12753795087337494,10.24000198859481
32,20,gate_up,27459,False,0.1149144396185875,11.886979993041582
32,21,gate_up,52713,False,0.11443392932415009,9.854755850064048
32,22,gate_up,32532,False,0.11569692194461823,9.205265712672817
32,23,gate_up,14883,False,0.11783937364816666,8.734305277475091
32,24,gate_up,18832,False,0.11576905101537704,10.314929925158596
32,25,gate_up,11756,False,0.11902319639921188,8.577632040543048
32,26,gate_up,1096,False,0.12194991856813431,11.50058648692308
32,27,gate_up,17782,False,0.11565027385950089,11.734089851162853
32,28,gate_up,17365,False,0.11375867575407028,10.914661017874497
32,29,gate_up,86,True,0.11211704462766647,10.296332901668311
32,30,gate_up,12348,False,0.11894646286964417,11.740489003608555
32,31,gate_up,139,True,0.1119752824306488,10.296332901668311
32,32,gate_up,91266,False,0.11389179527759552,11.428594111252067
32,33,gate_up,15910,False,0.11832419782876968,9.836420799590867
32,34,gate_up,17,True,0.11203323304653168,10.296332901668311
32,35,gate_up,79657,False,0.11375436186790466,11.823219708923956
32,36,gate_up,8635,False,0.12006198614835739,12.540719642871716
32,37,gate_up,10472,False,0.1193426102399826,8.79991019012742
32,38,gate_up,5063,False,0.12613414227962494,9.657321366155784
32,39,gate_up,9185,False,0.11927191913127899,10.308847277413424
32,40,gate_up,7465,False,0.12259325385093689,7.70881808273445
32,41,gate_up,1321,False,0.12963540852069855,8.54900189846745
32,42,gate_up,112,True,0.11200346052646637,10.296332901668311
32,43,gate_up,2075,False,0.1378536969423294,10.53124253485628
32,44,gate_up,125352,False,0.11291548609733582,11.838402546689089
32,45,gate_up,21773,False,0.11760692298412323,11.571146819082204
32,46,gate_up,4133,False,0.12954874336719513,8.378215578596135
32,47,gate_up,58442,False,0.11438114196062088,10.602956872513348
32,48,gate_up,8855,False,0.12142273038625717,8.908833022415681
32,49,gate_up,27,True,0.11190952360630035,10.296332901668311
32,50,gate_up,4228,False,0.12926523387432098,10.32914773756904
32,51,gate_up,3476,False,0.13002650439739227,9.6141596120071
32,52,gate_up,79,True,0.11211485415697098,10.296332901668311
32,53,gate_up,35269,False,0.11627873033285141,9.434928387335757
32,54,gate_up,24861,False,0.11620963364839554,8.562821959557025
32,55,gate_up,49524,False,0.11458505690097809,11.529532196015479
32,56,gate_up,78291,False,0.11387079209089279,10.951578348300275
32,57,gate_up,9652,False,0.11710453778505325,9.218091953474637
32,58,gate_up,3,True,0.11209981143474579,10.296332901668311
32,59,gate_up,847,False,0.13797412812709808,12.588128720426342
32,60,gate_up,92,True,0.11195483803749084,10.296332901668311
32,61,gate_up,56747,False,0.11386296153068542,11.67925348812975
32,62,gate_up,8005,False,0.12169446796178818,9.070754580146094
32,63,gate_up,6,True,0.1120886281132698,10.296332901668311
32,64,gate_up,14937,False,0.11639802157878876,10.330955708516436
32,65,gate_up,17702,False,0.11499927192926407,14.072143936438083
32,66,gate_up,9661,False,0.11676386743783951,11.853452231882484
32,67,gate_up,9377,False,0.12123562395572662,10.54385107663332
32,68,gate_up,9610,False,0.12027639150619507,7.504792986997885
32,69,gate_up,2202,False,0.14092807471752167,10.115708120832876
32,70,gate_up,32146,False,0.11496251076459885,9.4458366027625
32,71,gate_up,16,True,0.11210747063159943,10.296332901668311
32,72,gate_up,19387,False,0.11786861717700958,8.846201647205518
32,73,gate_up,1,True,0.11209763586521149,10.296332901668311
32,74,gate_up,11755,False,0.1188705787062645,8.657762481030161
32,75,gate_up,235,True,0.11223714053630829,10.296332901668311
32,76,gate_up,13564,False,0.11915804445743561,10.051239974737243
32,77,gate_up,16269,False,0.11717156320810318,10.435017285276698
32,78,gate_up,4488,False,0.1283867359161377,9.20394859086982
32,79,gate_up,13787,False,0.11936211585998535,9.805993619144775
32,80,gate_up,32285,False,0.11525310575962067,11.357168350549117
32,81,gate_up,286,True,0.11204276978969574,10.296332901668311
32,82,gate_up,9735,False,0.12048033624887466,10.436619058755872
32,83,gate_up,3268,False,0.13137052953243256,10.590123529688348
32,84,gate_up,14713,False,0.11571349203586578,15.79177844896934
32,85,gate_up,1528,False,0.13761495053768158,13.607872848236694
32,86,gate_up,41962,False,0.11563384532928467,11.22443705506314
32,87,gate_up,14797,False,0.11855587363243103,10.664325560655413
32,88,gate_up,3072,False,0.13256892561912537,10.404151898568802
32,89,gate_up,640,False,0.12329789996147156,9.68419817392467
32,90,gate_up,70501,False,0.11427447944879532,11.528119043960602
32,91,gate_up,11575,False,0.11979139596223831,11.326473846174707
32,92,gate_up,8489,False,0.12357747554779053,11.53424781437728
32,93,gate_up,57,True,0.11228465288877487,10.296332901668311
32,94,gate_up,17461,False,0.11751817911863327,9.586747221635878
32,95,gate_up,49020,False,0.11446952819824219,10.529611545967871
32,96,gate_up,132,True,0.11196804791688919,10.296332901668311
32,97,gate_up,5,True,0.11193887144327164,10.296332901668311
32,98,gate_up,4201,False,0.12687377631664276,11.435902944749449
32,99,gate_up,17816,False,0.11408251523971558,11.676719442491
32,100,gate_up,78310,False,0.11413577198982239,11.411153461299058
32,101,gate_up,20142,False,0.11699827760457993,11.350304476309836
32,102,gate_up,9896,False,0.11866944283246994,9.819545790396498
32,103,gate_up,26572,False,0.11553555727005005,11.078157811285648
32,104,gate_up,31811,False,0.115319162607193,10.796713130008735
32,105,gate_up,46901,False,0.11457555741071701,10.616249159102257
32,106,gate_up,11914,False,0.11864513158798218,10.301776251380199
32,107,gate_up,1380,False,0.14679530262947083,7.1730333905361165
32,108,gate_up,63990,False,0.11399500072002411,9.941231322908493
32,109,gate_up,10068,False,0.11612580716609955,11.787365747926524
32,110,gate_up,13922,False,0.11851944029331207,10.020913568783614
32,111,gate_up,1713,False,0.13749843835830688,7.961468978017017
32,112,gate_up,4,True,0.1120143011212349,10.296332901668311
32,113,gate_up,1381,False,0.14791396260261536,7.310508482347183
32,114,gate_up,15639,False,0.11772074550390244,9.778249715330627
32,115,gate_up,1037,False,0.14157748222351074,9.533047359405739
32,116,gate_up,905,False,0.13254660367965698,10.523681638471633
32,117,gate_up,917,False,0.14319948852062225,7.8833158738174225
32,118,gate_up,906,False,0.14149615168571472,8.765657494826431
32,119,gate_up,61,True,0.11231473833322525,10.296332901668311
32,120,gate_up,53,True,0.11206308007240295,10.296332901668311
32,121,gate_up,20840,False,0.11422333121299744,14.730324486819194
32,122,gate_up,60610,False,0.1139409989118576,11.100448682796431
32,123,gate_up,15974,False,0.1186000406742096,10.062331425797478
32,124,gate_up,6448,False,0.12400836497545242,9.999834785099825
32,125,gate_up,5163,False,0.12646420300006866,9.760073520392368
32,126,gate_up,332,True,0.11210839450359344,10.296332901668311
32,127,gate_up,25540,False,0.11573689430952072,9.559905684871307
32,0,down,108,True,0.09564433246850967,1.0429582334624012
32,1,down,0,True,0.09573682397603989,1.0429582334624012
32,2,down,13907,False,0.10732781887054443,1.650072418270594
32,3,down,4971,False,0.11057496815919876,1.6486182190170093
32,4,down,18104,False,0.10375303030014038,1.3101699623983283
32,5,down,25558,False,0.10149635374546051,1.1920417954714624
32,6,down,6563,False,0.10642561316490173,1.2225211962093439
32,7,down,7,True,0.09591174125671387,1.0429582334624012
32,8,down,29460,False,0.10227040946483612,1.2364740815593838
32,9,down,12272,False,0.11927968263626099,1.8622186557437315
32,10,down,847,False,0.14913272857666016,1.3106673151134416
32,11,down,1973,False,0.11615417152643204,2.051106831809543
32,12,down,12,True,0.09584065526723862,1.0429582334624012
32,13,down,6018,False,0.11063940823078156,1.5923678925169784
32,14,down,10942,False,0.10478435456752777,1.181739079830689
32,15,down,10004,False,0.10632471740245819,1.304419650840673
32,16,down,10425,False,0.11570349335670471,1.9235973867800031
32,17,down,60684,False,0.10398295521736145,1.2151607080893092
32,18,down,3499,False,0.11329006403684616,1.350926149945629
32,19,down,4858,False,0.11405691504478455,1.3843839121709338
32,20,down,27459,False,0.10247616469860077,1.3442713972331783
32,21,down,52713,False,0.10381372272968292,1.2275782297028885
32,22,down,32532,False,0.10557467490434647,1.3853734563194542
32,23,down,14883,False,0.103093221783638,1.1910950363941204
32,24,down,18832,False,0.1033700704574585,1.2362164031090581
32,25,down,11756,False,0.1050681471824646,1.2698756748121682
32,26,down,1096,False,0.1353057622909546,4.134829568091932
32,27,down,17782,False,0.10341566801071167,1.2669229709197944
32,28,down,17365,False,0.10454653948545456,1.3113096258948536
32,29,down,86,True,0.0958317294716835,1.0429582334624012
32,30,down,12348,False,0.11107664555311203,1.3391207429647227
32,31,down,139,True,0.09569668024778366,1.0429582334624012
32,32,down,91266,False,0.10281291604042053,1.1673555554073585
32,33,down,15910,False,0.10290975868701935,1.2314814122758027
32,34,down,17,True,0.09569934010505676,1.0429582334624012
32,35,down,79657,False,0.10109170526266098,1.2785256681624475
32,36,down,8635,False,0.1082146018743515,1.3978478850215124
32,37,down,10472,False,0.10377885401248932,1.2198907334308928
32,38,down,5063,False,0.11698810756206512,1.7598813754309008
32,39,down,9185,False,0.10424981266260147,1.161238277259079
32,40,down,7465,False,0.10801349580287933,1.2740550481761632
32,41,down,1321,False,0.13548725843429565,3.3167419798533566
32,42,down,112,True,0.09579456597566605,1.0429582334624012
32,43,down,2075,False,0.11945514380931854,1.3795430506243718
32,44,down,125352,False,0.10115283727645874,1.287125405990597
32,45,down,21773,False,0.106808602809906,1.2746836337381757
32,46,down,4133,False,0.11064863204956055,2.588956578463259
32,47,down,58442,False,0.10228531807661057,1.3020660183472201
32,48,down,8855,False,0.10568441450595856,1.2102989813656615
32,49,down,27,True,0.09579607844352722,1.0429582334624012
32,50,down,4228,False,0.11056668311357498,1.3005779133087263
32,51,down,3476,False,0.11025874316692352,1.248575198908555
32,52,down,79,True,0.09576986730098724,1.0429582334624012
32,53,down,35269,False,0.10767882317304611,1.9953325263991517
32,54,down,24861,False,0.10300181061029434,1.411478625714037
32,55,down,49524,False,0.10317934304475784,1.2165947814109324
32,56,down,78291,False,0.10189189016819,1.2775700303267392
32,57,down,9652,False,0.11587332934141159,2.2991361952079683
32,58,down,3,True,0.09581848233938217,1.0429582334624012
32,59,down,847,False,0.1450025588274002,1.432669212248359
32,60,down,92,True,0.09583324939012527,1.0429582334624012
32,61,down,56747,False,0.10180692374706268,1.2501250001819129
32,62,down,8005,False,0.10571280121803284,1.3210336272614824
32,63,down,6,True,0.09555667638778687,1.0429582334624012
32,64,down,14937,False,0.10376065224409103,1.2558004109682446
32,65,down,17702,False,0.10949664562940598,1.50577575894806
32,66,down,9661,False,0.10867989808320999,1.3562744255772006
32,67,down,9377,False,0.10859347879886627,1.4266297899898752
32,68,down,9610,False,0.10428063571453094,1.5468794253919405
32,69,down,2202,False,0.11573003232479095,1.269874773950181
32,70,down,32146,False,0.09988458454608917,1.1568061128168208
32,71,down,16,True,0.09576577693223953,1.0429582334624012
32,72,down,19387,False,0.10925983637571335,1.472653312638554
32,73,down,1,True,0.09566096216440201,1.0429582334624012
32,74,down,11755,False,0.10511419922113419,1.2492034391610778
32,75,down,235,True,0.09575389325618744,1.0429582334624012
32,76,down,13564,False,0.10623236000537872,1.1973709956020022
32,77,down,16269,False,0.11529512703418732,1.5220778834362054
32,78,down,4488,False,0.10982364416122437,1.747102268746935
32,79,down,13787,False,0.1066838875412941,1.2826252059424883
32,80,down,32285,False,0.10200132429599762,1.2316026933205055
32,81,down,286,True,0.09573570638895035,1.0429582334624012
32,82,down,9735,False,0.10639993101358414,1.3044521324769784
32,83,down,3268,False,0.11353345215320587,1.2789218365694168
32,84,down,14713,False,0.10409911721944809,1.2382348036632627
32,85,down,1528,False,0.12936756014823914,1.6241561506388322
32,86,down,41962,False,0.10447058826684952,1.3209156183878081
32,87,down,14797,False,0.10778100788593292,1.246456253425929
32,88,down,3072,False,0.11714903265237808,1.5077954154172524
32,89,down,640,False,0.1488870233297348,4.8184789401560435
32,90,down,70501,False,0.10319938510656357,1.918679818458223
32,91,down,11575,False,0.10563594102859497,1.243565658633645
32,92,down,8489,False,0.1094052791595459,1.3241381504075098
32,93,down,57,True,0.09566430002450943,1.0429582334624012
32,94,down,17461,False,0.10445550829172134,1.3207746414882917
32,95,down,49020,False,0.10076219588518143,1.1927136864810566
32,96,down,132,True,0.09577038139104843,1.0429582334624012
32,97,down,5,True,0.0958639457821846,1.0429582334624012
32,98,down,4201,False,0.11393662542104721,1.3504577459131468
32,99,down,17816,False,0.10533038526773453,1.1903551471831249
32,100,down,78310,False,0.10266022384166718,1.1755878406904041
32,101,down,20142,False,0.10624830424785614,1.5909344025778593
32,102,down,9896,False,0.11304977536201477,2.041626520831613
32,103,down,26572,False,0.10239650309085846,1.191872348649137
32,104,down,31811,False,0.10312838107347488,1.3086265901013288
32,105,down,46901,False,0.10084120184183121,1.2682999792560568
32,106,down,11914,False,0.10315465182065964,1.1737147212961618
32,107,down,1380,False,0.12684540450572968,1.9442487468518055
32,108,down,63990,False,0.09899384528398514,1.0914123318038873
32,109,down,10068,False,0.11124558746814728,1.5783026648896425
32,110,down,13922,False,0.10728999972343445,1.347275013510988
32,111,down,1713,False,0.12748119235038757,3.6260486843209194
32,112,down,4,True,0.09581807255744934,1.0429582334624012
32,113,down,1381,False,0.1255078762769699,1.2939160220370765
32,114,down,15639,False,0.11402247846126556,2.18223748212573
32,115,down,1037,False,0.13775703310966492,1.9012649906242718
32,116,down,905,False,0.14420951902866364,2.877800437955645
32,117,down,917,False,0.142191544175148,1.3580797141330672
32,118,down,906,False,0.14681042730808258,1.276459082476352
32,119,down,61,True,0.09580166637897491,1.0429582334624012
32,120,down,53,True,0.095787413418293,1.0429582334624012
32,121,down,20840,False,0.10584313422441483,1.4813956161750002
32,122,down,60610,False,0.10157809406518936,1.263188435052725
32,123,down,15974,False,0.10190694034099579,1.2095519164252049
32,124,down,6448,False,0.10563753545284271,2.507032672190588
32,125,down,5163,False,0.11318027973175049,1.4505172554258627
32,126,down,332,True,0.0956963524222374,1.0429582334624012
32,127,down,25540,False,0.10632417351007462,1.371303122774804
33,0,gate_up,16689,False,0.11850625276565552,10.047515618402125
33,1,gate_up,34928,False,0.11536937206983566,11.394475094342607
33,2,gate_up,22192,False,0.1174793615937233,10.500263230611852
33,3,gate_up,3,True,0.11222366988658905,10.92278464614291
33,4,gate_up,185,True,0.11238767206668854,10.92278464614291
33,5,gate_up,29620,False,0.11529828608036041,10.672931525561099
33,6,gate_up,4519,False,0.12925472855567932,10.006813029682732
33,7,gate_up,57552,False,0.11459989845752716,11.503880576384809
33,8,gate_up,1181,False,0.1458679437637329,10.578092526563772
33,9,gate_up,21523,False,0.114512600004673,14.804876926252822
33,10,gate_up,1529,False,0.14234067499637604,8.209996846324705
33,11,gate_up,632,False,0.13802437484264374,7.401906543690305
33,12,gate_up,764,False,0.13591226935386658,13.627090140333413
33,13,gate_up,5746,False,0.12321581691503525,10.85850661587574
33,14,gate_up,1894,False,0.14359502494335175,9.352888232709478
33,15,gate_up,881,False,0.1441192924976349,6.8679778578207396
33,16,gate_up,285,True,0.11213701963424683,10.92278464614291
33,17,gate_up,90454,False,0.11379317194223404,11.9231362403399
33,18,gate_up,38,True,0.11220007389783859,10.92278464614291
33,19,gate_up,851,False,0.1194293424487114,14.120041121397401
33,20,gate_up,52,True,0.11204106360673904,10.92278464614291
33,21,gate_up,1788,False,0.1413392275571823,10.323904172891938
33,22,gate_up,25172,False,0.11594586074352264,10.991708542249425
33,23,gate_up,8864,False,0.12085232883691788,11.099787351330356
33,24,gate_up,25663,False,0.11537338048219681,11.074035495503596
33,25,gate_up,10955,False,0.1180194765329361,7.552054265549934
33,26,gate_up,1501,False,0.14062146842479706,11.750442467370764
33,27,gate_up,46,True,0.11224377900362015,10.92278464614291
33,28,gate_up,15202,False,0.1177569106221199,9.825189236716241
33,29,gate_up,1,True,0.11225832253694534,10.92278464614291
33,30,gate_up,24,True,0.11203734576702118,10.92278464614291
33,31,gate_up,360,True,0.11217086762189865,10.92278464614291
33,32,gate_up,30976,False,0.11386112868785858,11.413062488238435
33,33,gate_up,20548,False,0.11557439714670181,9.448144829568287
33,34,gate_up,2201,False,0.1425374150276184,8.112912517110063
33,35,gate_up,52100,False,0.11411361396312714,11.24167552024443
33,36,gate_up,3,True,0.11203957349061966,10.92278464614291
33,37,gate_up,34003,False,0.11472802609205246,9.74985495108288
33,38,gate_up,1912,False,0.14281611144542694,8.993993345374271
33,39,gate_up,1246,False,0.1460530161857605,8.518350544060084
33,40,gate_up,13993,False,0.11778674274682999,8.722172581272952
33,41,gate_up,23416,False,0.11549364030361176,12.339550035296275
33,42,gate_up,1,True,0.11204420030117035,10.92278464614291
33,43,gate_up,14066,False,0.11514030396938324,11.45497182045255
33,44,gate_up,1633,False,0.14478029310703278,8.92662390710129
33,45,gate_up,8964,False,0.11862771213054657,12.20993858866366
33,46,gate_up,23805,False,0.11561717092990875,9.049028354792735
33,47,gate_up,8779,False,0.12072358280420303,13.785367383971584
33,48,gate_up,36747,False,0.11248230189085007,11.705189612713989
33,49,gate_up,31383,False,0.11532334983348846,9.997232415148611
33,50,gate_up,7223,False,0.1221424862742424,9.275011086038582
33,51,gate_up,5594,False,0.12589147686958313,9.840286631794669
33,52,gate_up,20704,False,0.11628232151269913,10.82668722386753
33,53,gate_up,2121,False,0.13853617012500763,9.574592120017295
33,54,gate_up,59,True,0.11204642802476883,10.92278464614291
33,55,gate_up,8456,False,0.11735909432172775,10.32096532914648
33,56,gate_up,4793,False,0.1280202716588974,8.659123424470797
33,57,gate_up,2654,False,0.1356600672006607,10.69665456514668
33,58,gate_up,5509,False,0.12551535665988922,9.585635173044846
33,59,gate_up,378,True,0.1121353954076767,10.92278464614291
33,60,gate_up,20393,False,0.11696521937847137,10.235010782766732
33,61,gate_up,5,True,0.11212322115898132,10.92278464614291
33,62,gate_up,29295,False,0.11533815413713455,11.777627846133848
33,63,gate_up,1805,False,0.14105725288391113,10.84641754950867
33,64,gate_up,114,True,0.11230224370956421,10.92278464614291
33,65,gate_up,17347,False,0.11698320508003235,13.509655683907546
33,66,gate_up,29766,False,0.11542310565710068,11.903133860028609
33,67,gate_up,3252,False,0.13425813615322113,9.512366454442528
33,68,gate_up,7628,False,0.12287577241659164,10.239631287109358
33,69,gate_up,6650,False,0.1221543475985527,11.417785710203185
33,70,gate_up,6536,False,0.12492050975561142,10.880639586813905
33,71,gate_up,71800,False,0.1134997233748436,12.003376498499671
33,72,gate_up,29,True,0.11224488168954849,10.92278464614291
33,73,gate_up,6089,False,0.12347383052110672,7.560893892455875
33,74,gate_up,64,True,0.11208848655223846,10.92278464614291
33,75,gate_up,58,True,0.11233505606651306,10.92278464614291
33,76,gate_up,127433,False,0.11287442594766617,11.63672408827605
33,77,gate_up,381,True,0.11226492375135422,10.92278464614291
33,78,gate_up,474,True,0.11201196163892746,10.92278464614291
33,79,gate_up,13790,False,0.11736134439706802,10.848729646819976
33,80,gate_up,101309,False,0.1134137511253357,11.3933421646216
33,81,gate_up,33918,False,0.11469496786594391,9.353530976678606
33,82,gate_up,35614,False,0.11592299491167068,9.374399762173951
33,83,gate_up,9896,False,0.12039699405431747,10.507945442980258
33,84,gate_up,5583,False,0.12119175493717194,10.99758495433025
33,85,gate_up,12434,False,0.11959908157587051,10.395582286531203
33,86,gate_up,33459,False,0.11495774984359741,10.392222079944506
33,87,gate_up,2940,False,0.1298781931400299,10.029079271431508
33,88,gate_up,388,True,0.11204427480697632,10.92278464614291
33,89,gate_up,41630,False,0.11438470333814621,11.979599735861283
33,90,gate_up,2275,False,0.12919563055038452,11.985889989026346
33,91,gate_up,12416,False,0.12014192342758179,11.219633768884751
33,92,gate_up,13157,False,0.11948861926794052,10.407196931728976
33,93,gate_up,11,True,0.11216200888156891,10.92278464614291
33,94,gate_up,25245,False,0.11478486657142639,10.960719056131033
33,95,gate_up,128,True,0.11225983500480652,10.92278464614291
33,96,gate_up,52209,False,0.11421572417020798,12.423183448814044
33,97,gate_up,86873,False,0.11329513043165207,12.098595643763456
33,98,gate_up,11780,False,0.11607445031404495,12.154706751647794
33,99,gate_up,114676,False,0.1130940318107605,11.720706035270297
33,100,gate_up,19537,False,0.11670597642660141,11.630800427874867
33,101,gate_up,37,True,0.11222561448812485,10.92278464614291
33,102,gate_up,39972,False,0.11446484178304672,12.314005100497097
33,103,gate_up,24489,False,0.11558012664318085,10.690923526141917
33,104,gate_up,9617,False,0.11890476942062378,11.61961042018958
33,105,gate_up,29944,False,0.11399185657501221,12.366912596647648
33,106,gate_up,16021,False,0.11673729866743088,10.89117961064721
33,107,gate_up,1709,False,0.1450989544391632,8.53007921741086
33,108,gate_up,5090,False,0.12624695897102356,10.509213167723694
33,109,gate_up,208,True,0.11212194710969925,10.92278464614291
33,110,gate_up,19463,False,0.11475691199302673,14.914439619700325
33,111,gate_up,123323,False,0.11288397014141083,12.993074939083101
33,112,gate_up,5899,False,0.12332537025213242,8.45927247846285
33,113,gate_up,16094,False,0.11736150830984116,10.00597445397987
33,114,gate_up,5342,False,0.12401038408279419,10.40285961158722
33,115,gate_up,383,True,0.11217339336872101,10.92278464614291
33,116,gate_up,10036,False,0.1204146146774292,9.860395032319525
33,117,gate_up,3896,False,0.12868209183216095,9.75899002583379
33,118,gate_up,2660,False,0.13507454097270966,9.602304650286468
33,119,gate_up,9,True,0.11218757927417755,10.92278464614291
33,120,gate_up,7,True,0.11227616667747498,10.92278464614291
33,121,gate_up,5,True,0.11207804828882217,10.92278464614291
33,122,gate_up,11738,False,0.11710330843925476,11.000089104450597
33,123,gate_up,344,True,0.11224633455276489,10.92278464614291
33,124,gate_up,6908,False,0.12338925153017044,9.099109145627388
33,125,gate_up,19433,False,0.11468654125928879,14.151354963916374
33,126,gate_up,8,True,0.1122494712471962,10.92278464614291
33,127,gate_up,41769,False,0.11458202451467514,11.498443277294479
33,0,down,16689,False,0.10828063637018204,1.5269474752866434
33,1,down,34928,False,0.10080175846815109,1.2410146427592306
33,2,down,22192,False,0.10650268197059631,1.9550072144159543
33,3,down,3,True,0.09551224112510681,1.0420891976085518
33,4,down,185,True,0.09556365013122559,1.0420891976085518
33,5,down,29620,False,0.10254228115081787,1.2419284646255337
33,6,down,4519,False,0.10835102945566177,1.249233755677456
33,7,down,57552,False,0.10200285166501999,1.2760580669738673
33,8,down,1181,False,0.13297215104103088,1.478332793104473
33,9,down,21523,False,0.10655386000871658,1.3686812359002902
33,10,down,1529,False,0.13046342134475708,2.9254077918474803
33,11,down,632,False,0.15861935913562775,1.374792328160948
33,12,down,764,False,0.15151435136795044,5.212329283940526
33,13,down,5746,False,0.11520419269800186,1.6064470377397877
33,14,down,1894,False,0.11803751438856125,1.4761418129129291
33,15,down,881,False,0.146744504570961,1.3043760234264474
33,16,down,285,True,0.09567078948020935,1.0420891976085518
33,17,down,90454,False,0.10584555566310883,1.2087665873824294
33,18,down,38,True,0.09562332183122635,1.0420891976085518
33,19,down,851,False,0.13823258876800537,6.505158453050455
33,20,down,52,True,0.09565148502588272,1.0420891976085518
33,21,down,1788,False,0.12507878243923187,2.8151585770816934
33,22,down,25172,False,0.10154760628938675,1.2167410480636187
33,23,down,8864,False,0.10628650337457657,1.4319217979503969
33,24,down,25663,False,0.10262523591518402,1.177563975567183
33,25,down,10955,False,0.10243166238069534,1.1752776987297482
33,26,down,1501,False,0.12879690527915955,1.482244105767072
33,27,down,46,True,0.0957128256559372,1.0420891976085518
33,28,down,15202,False,0.10463632643222809,1.2480960123854379
33,29,down,1,True,0.09560620784759521,1.0420891976085518
33,30,down,24,True,0.09559319913387299,1.0420891976085518
33,31,down,360,True,0.09568311274051666,1.0420891976085518
33,32,down,30976,False,0.10659898072481155,2.04205037505465
33,33,down,20548,False,0.10375211387872696,1.2481622440176299
33,34,down,2201,False,0.11404052376747131,1.1942362705918756
33,35,down,52100,False,0.10167265683412552,1.3646794739087862
33,36,down,3,True,0.09576813876628876,1.0420891976085518
33,37,down,34003,False,0.1008419319987297,1.1774917885074294
33,38,down,1912,False,0.12047655135393143,1.323387482402987
33,39,down,1246,False,0.1321781873703003,1.3393523691889666
33,40,down,13993,False,0.10292178392410278,1.2864312477080069
33,41,down,23416,False,0.10626393556594849,1.3376322515458865
33,42,down,1,True,0.09575334936380386,1.0420891976085518
33,43,down,14066,False,0.1034749299287796,1.2532177480125797
33,44,down,1633,False,0.12177097797393799,1.3388081319014906
33,45,down,8964,False,0.10612912476062775,1.207325763814507
33,46,down,23805,False,0.10216597467660904,1.2195186033190193
33,47,down,8779,False,0.11136070638895035,2.0805037811489013
33,48,down,36747,False,0.10219975560903549,1.222878417589963
33,49,down,31383,False,0.10386662930250168,1.3057562622607233
33,50,down,7223,False,0.11293520033359528,1.5766328677126076
33,51,down,5594,False,0.10671523213386536,1.2905003108020359
33,52,down,20704,False,0.10307206213474274,1.219819289542634
33,53,down,2121,False,0.12085475027561188,1.7881704982977522
33,54,down,59,True,0.09560004621744156,1.0420891976085518
33,55,down,8456,False,0.11642889678478241,3.3201305758368886
33,56,down,4793,False,0.10849672555923462,1.2401686642966392
33,57,down,2654,False,0.11812392622232437,1.7129344877839794
33,58,down,5509,False,0.10811692476272583,1.287063233685463
33,59,down,378,True,0.09575749933719635,1.0420891976085518
33,60,down,20393,False,0.1050303727388382,1.2988605708284757
33,61,down,5,True,0.09583520889282227,1.0420891976085518
33,62,down,29295,False,0.10323615372180939,1.3354453507114157
33,63,down,1805,False,0.12412291765213013,1.350654271773928
33,64,down,114,True,0.09578900784254074,1.0420891976085518
33,65,down,17347,False,0.10693798214197159,1.4149988978358305
33,66,down,29766,False,0.10193805396556854,1.211308731301557
33,67,down,3252,False,0.11255989968776703,1.2165325664257975
33,68,down,7628,False,0.10727442055940628,1.1919385812062457
33,69,down,6650,False,0.11257849633693695,3.7041161749486546
33,70,down,6536,False,0.1113106831908226,1.750106251638864
33,71,down,71800,False,0.10053335875272751,1.2593815916869748
33,72,down,29,True,0.09554284811019897,1.0420891976085518
33,73,down,6089,False,0.10500967502593994,1.1749115424988754
33,74,down,64,True,0.09553945064544678,1.0420891976085518
33,75,down,58,True,0.09568005055189133,1.0420891976085518
33,76,down,127433,False,0.10000436007976532,1.262040881859953
33,77,down,381,True,0.09584572166204453,1.0420891976085518
33,78,down,474,True,0.09571795165538788,1.0420891976085518
33,79,down,13790,False,0.10810397565364838,1.3068149249035206
33,80,down,101309,False,0.10106483846902847,1.3202775866171192
33,81,down,33918,False,0.10119734704494476,1.160994605902529
33,82,down,35614,False,0.10588841140270233,1.3836724334475217
33,83,down,9896,False,0.10924362391233444,1.3557119569165805
33,84,down,5583,False,0.11631961911916733,1.9124943705756918
33,85,down,12434,False,0.10969419032335281,1.576481331203008
33,86,down,33459,False,0.10191212594509125,1.2571138005267444
33,87,down,2940,False,0.11978435516357422,2.492649272627526
33,88,down,388,True,0.09562739729881287,1.0420891976085518
33,89,down,41630,False,0.10117777436971664,1.1613131039459264
33,90,down,2275,False,0.12393840402364731,3.382457242711595
33,91,down,12416,False,0.10701437294483185,1.2554060356145755
33,92,down,13157,False,0.10279614478349686,1.2038691067036085
33,93,down,11,True,0.09568067640066147,1.0420891976085518
33,94,down,25245,False,0.1066087856888771,1.3958638447846021
33,95,down,128,True,0.09553423523902893,1.0420891976085518
33,96,down,52209,False,0.1025165468454361,1.2871803811074578
33,97,down,86873,False,0.10005097836256027,1.2298567659173958
33,98,down,11780,False,0.10710442066192627,1.3581171944632666
33,99,down,114676,False,0.10126595944166183,1.21432372008941
33,100,down,19537,False,0.11047525703907013,1.5272696416845617
33,101,down,37,True,0.0958615094423294,1.0420891976085518
33,102,down,39972,False,0.10197929292917252,1.2806277811997486
33,103,down,24489,False,0.10079300403594971,1.1540028601852848
33,104,down,9617,False,0.10710769146680832,1.2084482012999864
33,105,down,29944,False,0.10479680448770523,1.2224108426916311
33,106,down,16021,False,0.10437722504138947,1.288924220298634
33,107,down,1709,False,0.11998897790908813,1.21825631986312
33,108,down,5090,False,0.11387522518634796,1.4674335550086126
33,109,down,208,True,0.09573959559202194,1.0420891976085518
33,110,down,19463,False,0.10488956421613693,1.3042830956911482
33,111,down,123323,False,0.10154981166124344,1.2199676374878938
33,112,down,5899,False,0.10555166006088257,1.2378321126377296
33,113,down,16094,False,0.1035897433757782,1.3339620871600937
33,114,down,5342,False,0.1147976964712143,1.6603710355287333
33,115,down,383,True,0.09555919468402863,1.0420891976085518
33,116,down,10036,False,0.10751383006572723,1.3419417417021995
33,117,down,3896,False,0.11074609309434891,1.3094438642768187
33,118,down,2660,False,0.11469373106956482,1.3897163748496977
33,119,down,9,True,0.09569204598665237,1.0420891976085518
33,120,down,7,True,0.0956805944442749,1.0420891976085518
33,121,down,5,True,0.09576655179262161,1.0420891976085518
33,122,down,11738,False,0.11538112163543701,1.7433948116293048
33,123,down,344,True,0.09572932869195938,1.0420891976085518
33,124,down,6908,False,0.1040549948811531,1.2351305031338937
33,125,down,19433,False,0.10734520107507706,1.584864667897446
33,126,down,8,True,0.09565015882253647,1.0420891976085518
33,127,down,41769,False,0.10112505406141281,1.2178502774222755
34,0,gate_up,165,True,0.11244724690914154,11.66106057621584
34,1,gate_up,810,False,0.14138475060462952,7.646226654466699
34,2,gate_up,25641,False,0.11487093567848206,11.215195708230004
34,3,gate_up,20645,False,0.11644694954156876,9.025043765772278
34,4,gate_up,20660,False,0.11660639941692352,12.07131280887003
34,5,gate_up,3499,False,0.12931162118911743,13.591074078056781
34,6,gate_up,7527,False,0.12000831216573715,12.353224260097264
34,7,gate_up,4795,False,0.12169988453388214,16.635260938394936
34,8,gate_up,2804,False,0.13466455042362213,13.692536881597016
34,9,gate_up,27061,False,0.11609169840812683,10.581148433249522
34,10,gate_up,8880,False,0.11985401064157486,9.196632145336302
34,11,gate_up,37,True,0.11232544481754303,11.66106057621584
34,12,gate_up,10609,False,0.12158388644456863,11.231897432358718
34,13,gate_up,33019,False,0.11376750469207764,12.68229629781308
34,14,gate_up,27856,False,0.11324205994606018,12.978745116205236
34,15,gate_up,4325,False,0.1281362622976303,10.641723098852088
34,16,gate_up,28443,False,0.1146945059299469,10.849045234587724
34,17,gate_up,2,True,0.11208564043045044,11.66106057621584
34,18,gate_up,155843,False,0.11287416517734528,13.151114310207106
34,19,gate_up,15478,False,0.11672303080558777,14.372228613947367
34,20,gate_up,3103,False,0.13226418197155,9.887727403355017
34,21,gate_up,1111,False,0.14229506254196167,10.607010369067934
34,22,gate_up,1214,False,0.14604711532592773,8.827868932026435
34,23,gate_up,17634,False,0.11649370193481445,13.175031337117776
34,24,gate_up,75,True,0.11228934675455093,11.66106057621584
34,25,gate_up,73130,False,0.11364930123090744,11.818298097957586
34,26,gate_up,9666,False,0.1205698624253273,9.782665230101843
34,27,gate_up,17067,False,0.11580979079008102,12.208350872438736
34,28,gate_up,43,True,0.11243374645709991,11.66106057621584
34,29,gate_up,410,True,0.11262581497430801,11.66106057621584
34,30,gate_up,64293,False,0.11407780647277832,12.384607692591912
34,31,gate_up,3750,False,0.12728391587734222,11.992235990015079
34,32,gate_up,3532,False,0.13373981416225433,12.587850111824196
34,33,gate_up,14631,False,0.11722154170274734,9.833693704980696
34,34,gate_up,1235,False,0.13599994778633118,11.026637308605054
34,35,gate_up,23207,False,0.11548232287168503,12.472422022097573
34,36,gate_up,6667,False,0.12270760536193848,11.687057199043506
34,37,gate_up,1906,False,0.14517362415790558,7.75759242306697
34,38,gate_up,208,True,0.11259559541940689,11.66106057621584
34,39,gate_up,13750,False,0.11705540120601654,12.614651980477294
34,40,gate_up,48882,False,0.11361110955476761,12.399857342950492
34,41,gate_up,13865,False,0.11745849251747131,9.574957129388611
34,42,gate_up,308,True,0.11256404966115952,11.66106057621584
34,43,gate_up,15954,False,0.1188272014260292,9.551298584665938
34,44,gate_up,1,True,0.11228356510400772,11.66106057621584
34,45,gate_up,13345,False,0.11734429001808167,10.314018311922704
34,46,gate_up,329,True,0.11242977529764175,11.66106057621584
34,47,gate_up,436,True,0.11236193031072617,11.66106057621584
34,48,gate_up,2571,False,0.1386663019657135,8.367192092549349
34,49,gate_up,6,True,0.11235778033733368,11.66106057621584
34,50,gate_up,32677,False,0.11524692177772522,11.872291860318018
34,51,gate_up,6387,False,0.12434794753789902,9.024394338916695
34,52,gate_up,44348,False,0.1144561618566513,12.085323009153509
34,53,gate_up,2,True,0.11207190155982971,11.66106057621584
34,54,gate_up,1381,False,0.14497914910316467,11.150468305721414
34,55,gate_up,21974,False,0.11758619546890259,10.256377995776822
34,56,gate_up,16795,False,0.1154165044426918,14.758533061094179
34,57,gate_up,14411,False,0.11630139499902725,10.038123188551392
34,58,gate_up,5574,False,0.125657320022583,10.786581062676351
34,59,gate_up,789,False,0.1248396560549736,17.195064802935526
34,60,gate_up,118,True,0.11220716685056686,11.66106057621584
34,61,gate_up,20175,False,0.11477164924144745,15.341360116272687
34,62,gate_up,19914,False,0.11621902883052826,11.506018539028643
34,63,gate_up,19970,False,0.11621193587779999,12.370453353807752
34,64,gate_up,30789,False,0.11581926047801971,11.636185125007671
34,65,gate_up,2122,False,0.14027588069438934,8.747851183438764
34,66,gate_up,10730,False,0.12149998545646667,9.905357259454954
34,67,gate_up,1112,False,0.13814519345760345,9.751369440017099
34,68,gate_up,14539,False,0.1164592057466507,10.389760112051109
34,69,gate_up,48863,False,0.1137930154800415,12.257984969107396
34,70,gate_up,14830,False,0.11641602963209152,11.636859154276312
34,71,gate_up,28503,False,0.11731255054473877,10.043193985572703
34,72,gate_up,756,False,0.11697984486818314,18.509740374588045
34,73,gate_up,25949,False,0.11359570175409317,12.99778140305825
34,74,gate_up,11425,False,0.11815810948610306,10.892391913220674
34,75,gate_up,10912,False,0.11961566656827927,9.314603142012603
34,76,gate_up,69453,False,0.11380819976329803,11.83185956994845
34,77,gate_up,303,True,0.11254918575286865,11.66106057621584
34,78,gate_up,17386,False,0.11528539657592773,13.49962215805935
34,79,gate_up,2,True,0.11233162879943848,11.66106057621584
34,80,gate_up,9798,False,0.11983665823936462,10.204951909540577
34,81,gate_up,843,False,0.12667076289653778,10.95414533503576
34,82,gate_up,44801,False,0.11469488590955734,11.454688475057738
34,83,gate_up,37800,False,0.11276083439588547,11.674177230467766
34,84,gate_up,988,False,0.14350932836532593,8.646451800634035
34,85,gate_up,63800,False,0.11364902555942535,12.7889163763793
34,86,gate_up,3954,False,0.12889310717582703,9.20387397323355
34,87,gate_up,4873,False,0.12638959288597107,10.470885995895884
34,88,gate_up,23590,False,0.11502911895513535,12.462990567554447
34,89,gate_up,50,True,0.11262381821870804,11.66106057621584
34,90,gate_up,11675,False,0.11655756086111069,12.6050436420263
34,91,gate_up,64036,False,0.1141345426440239,13.178907677009406
34,92,gate_up,5035,False,0.12677206099033356,9.41050262450061
34,93,gate_up,2,True,0.11245617270469666,11.66106057621584
34,94,gate_up,106806,False,0.11334025859832764,12.640162387806106
34,95,gate_up,32796,False,0.11495519429445267,11.951133116041927
34,96,gate_up,12213,False,0.11831899732351303,8.372262340210062
34,97,gate_up,5946,False,0.1238338053226471,10.606456267556966
34,98,gate_up,24264,False,0.11574863642454147,12.104080984167844
34,99,gate_up,27793,False,0.11570709198713303,10.443354366181927
34,100,gate_up,1739,False,0.141536146402359,11.527826764278313
34,101,gate_up,3340,False,0.13113181293010712,8.769128122073372
34,102,gate_up,235,True,0.11246056109666824,11.66106057621584
34,103,gate_up,39802,False,0.11326681822538376,13.615563169131281
34,104,gate_up,36,True,0.11251183599233627,11.66106057621584
34,105,gate_up,22833,False,0.1142611876130104,15.056941852664135
34,106,gate_up,1,True,0.11203879863023758,11.66106057621584
34,107,gate_up,33721,False,0.11417742073535919,11.570415160798555
34,108,gate_up,25820,False,0.1153123751282692,11.515568788772873
34,109,gate_up,16894,False,0.11609714478254318,12.268020797452401
34,110,gate_up,20442,False,0.11572466045618057,10.867904319472274
34,111,gate_up,1062,False,0.14443057775497437,10.684979510100332
34,112,gate_up,13501,False,0.11878432333469391,12.33173267033876
34,113,gate_up,35126,False,0.11452818661928177,14.289731051344743
34,114,gate_up,1199,False,0.12862451374530792,13.341755347744995
34,115,gate_up,61,True,0.11255870014429092,11.66106057621584
34,116,gate_up,3451,False,0.1254877746105194,10.920737306587279
34,117,gate_up,5,True,0.11201521009206772,11.66106057621584
34,118,gate_up,959,False,0.13444635272026062,11.744504205890994
34,119,gate_up,21266,False,0.11565900593996048,11.280984587205586
34,120,gate_up,29563,False,0.1147342100739479,11.98302791800565
34,121,gate_up,801,False,0.14070472121238708,8.752154193624351
34,122,gate_up,1880,False,0.1214313954114914,13.335647316189787
34,123,gate_up,25140,False,0.1135903149843216,12.957879432053364
34,124,gate_up,39695,False,0.11438005417585373,11.60365695329825
34,125,gate_up,0,True,0.11233368515968323,11.66106057621584
34,126,gate_up,30900,False,0.11648200452327728,11.869446234569697
34,127,gate_up,4000,False,0.12710653245449066,13.912584765952861
34,0,down,165,True,0.0958620086312294,1.0662393901751845
34,1,down,810,False,0.15079186856746674,1.6117771911957044
34,2,down,25641,False,0.1041761264204979,1.2066649192685914
34,3,down,20645,False,0.10192650556564331,1.2574749296414278
34,4,down,20660,False,0.113348089158535,1.3184896576393046
34,5,down,3499,False,0.11326318234205246,4.3420234711868195
34,6,down,7527,False,0.11544964462518692,1.5987005449389302
34,7,down,4795,False,0.11566512286663055,2.8639863353271813
34,8,down,2804,False,0.11618054658174515,3.045440544156366
34,9,down,27061,False,0.10537836700677872,1.3535596786699542
34,10,down,8880,False,0.10324729233980179,1.1107523478379282
34,11,down,37,True,0.09565454721450806,1.0662393901751845
34,12,down,10609,False,0.10830459743738174,1.292940380755968
34,13,down,33019,False,0.10214115679264069,1.203373066960561
34,14,down,27856,False,0.1034855917096138,1.1620944135350626
34,15,down,4325,False,0.11191331595182419,1.3717981408265463
34,16,down,28443,False,0.11050054430961609,2.0447819379215995
34,17,down,2,True,0.09564482420682907,1.0662393901751845
34,18,down,155843,False,0.10029339790344238,1.193785689875296
34,19,down,15478,False,0.10686514526605606,1.3514629041351238
34,20,down,3103,False,0.11077499389648438,1.2739805022128716
34,21,down,1111,False,0.13803067803382874,1.548147976505515
34,22,down,1214,False,0.1331474334001541,1.2497353785842369
34,23,down,17634,False,0.10732240229845047,1.4373610734201028
34,24,down,75,True,0.09575846046209335,1.0662393901751845
34,25,down,73130,False,0.09942778944969177,1.1867187174606106
34,26,down,9666,False,0.10969766229391098,1.4467970841740279
34,27,down,17067,False,0.1109437346458435,1.2007207358261671
34,28,down,43,True,0.0957016795873642,1.0662393901751845
34,29,down,410,True,0.09578324854373932,1.0662393901751845
34,30,down,64293,False,0.10087230801582336,1.1462307309642648
34,31,down,3750,False,0.11868444830179214,1.8016472885245485
34,32,down,3532,False,0.11487577110528946,1.8763094544512104
34,33,down,14631,False,0.10296782106161118,1.2965328448107858
34,34,down,1235,False,0.13657352328300476,1.612611289889711
34,35,down,23207,False,0.10464393347501755,1.2424920424940795
34,36,down,6667,False,0.11552760004997253,1.4700602705657009
34,37,down,1906,False,0.11525164544582367,1.344865143946428
34,38,down,208,True,0.09568178653717041,1.0662393901751845
34,39,down,13750,False,0.10366759449243546,1.1629379153263686
34,40,down,48882,False,0.10188981145620346,1.2409116048848667
34,41,down,13865,False,0.10345730930566788,1.1692383418150731
34,42,down,308,True,0.09568004310131073,1.0662393901751845
34,43,down,15954,False,0.10633569210767746,1.3082948965921668
34,44,down,1,True,0.09576396644115448,1.0662393901751845
34,45,down,13345,False,0.10360677540302277,1.2399140983392751
34,46,down,329,True,0.09560184925794601,1.0662393901751845
34,47,down,436,True,0.09582448750734329,1.0662393901751845
34,48,down,2571,False,0.11422581225633621,1.4798861541314123
34,49,down,6,True,0.09597174823284149,1.0662393901751845
34,50,down,32677,False,0.10508816689252853,1.3255623588612893
34,51,down,6387,False,0.10724924504756927,1.4004826622987425
34,52,down,44348,False,0.10057060420513153,1.1424537296028112
34,53,down,2,True,0.09560886770486832,1.0662393901751845
34,54,down,1381,False,0.12925130128860474,1.2765157966058809
34,55,down,21974,False,0.10972360521554947,1.5147718217591726
34,56,down,16795,False,0.10902026295661926,1.341097256156766
34,57,down,14411,False,0.1144447922706604,3.0020964553372522
34,58,down,5574,False,0.11182864010334015,1.285737578043119
34,59,down,789,False,0.14204366505146027,6.004711867552224
34,60,down,118,True,0.09581837058067322,1.0662393901751845
34,61,down,20175,False,0.10689243674278259,1.2028789706061964
34,62,down,19914,False,0.1016969084739685,1.2604372548239056
34,63,down,19970,False,0.110145702958107,1.4312523464707771
34,64,down,30789,False,0.10072318464517593,1.1962387925819749
34,65,down,2122,False,0.11668159812688828,1.2605075615362966
34,66,down,10730,False,0.10633287578821182,1.2641108817499316
34,67,down,1112,False,0.13779689371585846,1.3861386726513325
34,68,down,14539,False,0.11202694475650787,1.7915771050113534
34,69,down,48863,False,0.10559681057929993,1.533555728290483
34,70,down,14830,False,0.10736551135778427,1.3180374850315515
34,71,down,28503,False,0.10722596198320389,1.5492692640153487
34,72,down,756,False,0.1349710077047348,6.021924253521486
34,73,down,25949,False,0.10551171749830246,1.2984589598733027
34,74,down,11425,False,0.10465899109840393,1.1811230228721659
34,75,down,10912,False,0.10622430592775345,1.2256406147556165
34,76,down,69453,False,0.1000586748123169,1.1523467760627502
34,77,down,303,True,0.09572648257017136,1.0662393901751845
34,78,down,17386,False,0.11449577659368515,1.5302728050571843
34,79,down,2,True,0.09557271003723145,1.0662393901751845
34,80,down,9798,False,0.1046530231833458,1.147411139394826
34,81,down,843,False,0.14225636422634125,3.6324379355181455
34,82,down,44801,False,0.1014501079916954,1.1574471348172726
34,83,down,37800,False,0.10398057103157043,1.2425103800909012
34,84,down,988,False,0.14575757086277008,1.2954592134592289
34,85,down,63800,False,0.10005903989076614,1.2336737874075228
34,86,down,3954,False,0.10983605682849884,1.1963776591380926
34,87,down,4873,False,0.11277294903993607,1.4734201850001207
34,88,down,23590,False,0.10579810291528702,1.3993801315236698
34,89,down,50,True,0.09557605534791946,1.0662393901751845
34,90,down,11675,False,0.10857142508029938,1.4218062924422685
34,91,down,64036,False,0.10018904507160187,1.1961184242111487
34,92,down,5035,False,0.10875919461250305,1.3133486697885992
34,93,down,2,True,0.09573423862457275,1.0662393901751845
34,94,down,106806,False,0.10177837312221527,1.3447796085469568
34,95,down,32796,False,0.10287004709243774,1.2716299300468095
34,96,down,12213,False,0.10195134580135345,1.2502383562864698
34,97,down,5946,False,0.11336982250213623,1.248135590400503
34,98,down,24264,False,0.10923416167497635,1.4785076451517638
34,99,down,27793,False,0.10879790037870407,1.3752881091376117
34,100,down,1739,False,0.1237119659781456,1.3946391518162355
34,101,down,3340,False,0.10880482196807861,1.1871692202165827
34,102,down,235,True,0.09573114663362503,1.0662393901751845
34,103,down,39802,False,0.10293252766132355,1.2133300431091125
34,104,down,36,True,0.09572268277406693,1.0662393901751845
34,105,down,22833,False,0.1084866151213646,1.4602342397753543
34,106,down,1,True,0.0956486165523529,1.0662393901751845
34,107,down,33721,False,0.10180502384901047,1.206953252719947
34,108,down,25820,False,0.10178421437740326,1.1868438013869165
34,109,down,16894,False,0.1038113385438919,1.2501743034039854
34,110,down,20442,False,0.10424912720918655,1.180165121650381
34,111,down,1062,False,0.13803187012672424,1.5910798123087804
34,112,down,13501,False,0.10262003540992737,1.2675032278745628
34,113,down,35126,False,0.10335343331098557,1.2677537487518165
34,114,down,1199,False,0.13455680012702942,3.19163372514939
34,115,down,61,True,0.09554537385702133,1.0662393901751845
34,116,down,3451,False,0.1180785670876503,2.111489213046221
34,117,down,5,True,0.09559580683708191,1.0662393901751845
34,118,down,959,False,0.14212441444396973,2.181235133142633
34,119,down,21266,False,0.10321808606386185,1.1972529070916764
34,120,down,29563,False,0.10169423371553421,1.2982763342773613
34,121,down,801,False,0.15382437407970428,1.4808860997020248
34,122,down,1880,False,0.12663766741752625,3.318200785473709
34,123,down,25140,False,0.1026826947927475,1.1798954248475715
34,124,down,39695,False,0.10358114540576935,1.2251234103178454
34,125,down,0,True,0.09565303474664688,1.0662393901751845
34,126,down,30900,False,0.10808567702770233,1.4724074787458599
34,127,down,4000,False,0.11424117535352707,1.4988930917949923
35,0,gate_up,4605,False,0.12668128311634064,10.891940237696254
35,1,gate_up,7170,False,0.12089129537343979,13.07338184219722
35,2,gate_up,5228,False,0.12465605139732361,8.260756929393045
35,3,gate_up,16536,False,0.11590229719877243,10.926857430097934
35,4,gate_up,13260,False,0.11495408415794373,16.449266092108807
35,5,gate_up,6311,False,0.1185537651181221,10.33410777629251
35,6,gate_up,238,True,0.11314467340707779,12.04578061507652
35,7,gate_up,10676,False,0.11836733669042587,10.718383273861473
35,8,gate_up,24935,False,0.11575204133987427,13.232355822373314
35,9,gate_up,15270,False,0.11690909415483475,13.837844601206028
35,10,gate_up,232,True,0.11273228377103806,12.04578061507652
35,11,gate_up,5892,False,0.12380234152078629,11.26162757143283
35,12,gate_up,11899,False,0.11855177581310272,9.894494775706361
35,13,gate_up,30274,False,0.11356617510318756,13.600914743972815
35,14,gate_up,4834,False,0.12132235616445541,11.120300442113772
35,15,gate_up,408,True,0.11298726499080658,12.04578061507652
35,16,gate_up,28082,False,0.1158256009221077,12.194806280597476
35,17,gate_up,962,False,0.14450688660144806,10.535320144706809
35,18,gate_up,30306,False,0.11568871140480042,11.332029211034556
35,19,gate_up,406,True,0.11285285651683807,12.04578061507652
35,20,gate_up,3231,False,0.13399392366409302,10.094913440036013
35,21,gate_up,3907,False,0.12869714200496674,11.775331170465403
35,22,gate_up,13870,False,0.11765230447053909,13.535453177116228
35,23,gate_up,18891,False,0.11450596898794174,14.695556721082605
35,24,gate_up,23538,False,0.11436730623245239,14.728776738733584
35,25,gate_up,35989,False,0.11615704745054245,11.256507680966003
35,26,gate_up,25706,False,0.11356596648693085,12.890048003404674
35,27,gate_up,224,True,0.11282029002904892,12.04578061507652
35,28,gate_up,487,True,0.11302491277456284,12.04578061507652
35,29,gate_up,46170,False,0.11445094645023346,13.12579438322298
35,30,gate_up,26070,False,0.11670199781656265,11.091587484590004
35,31,gate_up,829,False,0.13541340827941895,8.303090189066292
35,32,gate_up,3358,False,0.12789344787597656,11.327055702052265
35,33,gate_up,18679,False,0.117252416908741,9.744313977999978
35,34,gate_up,20,True,0.11300045251846313,12.04578061507652
35,35,gate_up,43,True,0.1126086413860321,12.04578061507652
35,36,gate_up,3878,False,0.1302354484796524,10.340933894552043
35,37,gate_up,7649,False,0.12263434380292892,11.350425293241175
35,38,gate_up,265,True,0.11295478045940399,12.04578061507652
35,39,gate_up,1768,False,0.13957498967647552,11.878869783814059
35,40,gate_up,29927,False,0.11502080410718918,10.022766703740603
35,41,gate_up,10023,False,0.12027117609977722,11.240690865968075
35,42,gate_up,30841,False,0.11466363817453384,13.605398803057323
35,43,gate_up,38858,False,0.11492282897233963,13.785809196996688
35,44,gate_up,17,True,0.11309817433357239,12.04578061507652
35,45,gate_up,29515,False,0.11606701463460922,11.545239659593058
35,46,gate_up,58638,False,0.11399535834789276,13.618733981031584
35,47,gate_up,34955,False,0.1135149598121643,12.745124621057977
35,48,gate_up,12253,False,0.12138709425926208,11.306721002378184
35,49,gate_up,22611,False,0.11434266716241837,14.936079739693294
35,50,gate_up,25027,False,0.11534567922353745,10.786298351489142
35,51,gate_up,1034,False,0.14571334421634674,7.409882474788036
35,52,gate_up,16852,False,0.11647821962833405,10.410073219383333
35,53,gate_up,18152,False,0.11717552691698074,12.697332774558792
35,54,gate_up,10641,False,0.11898204684257507,13.294103410189392
35,55,gate_up,21234,False,0.11582291126251221,11.991559937926198
35,56,gate_up,18476,False,0.11677329987287521,11.278835739442828
35,57,gate_up,3,True,0.11256493628025055,12.04578061507652
35,58,gate_up,32552,False,0.11372139304876328,13.475053202266748
35,59,gate_up,44558,False,0.11449341475963593,11.1637250242981
35,60,gate_up,74051,False,0.11407790333032608,13.505222836486283
35,61,gate_up,23444,False,0.11464550346136093,14.82375577096971
35,62,gate_up,1100,False,0.14411373436450958,9.8527074369767
35,63,gate_up,3830,False,0.12074986845254898,13.205818234815263
35,64,gate_up,3238,False,0.13173799216747284,10.744480033588367
35,65,gate_up,2793,False,0.13528329133987427,9.269057991785791
35,66,gate_up,12,True,0.11334433406591415,12.04578061507652
35,67,gate_up,19249,False,0.11504478752613068,13.186816013231054
35,68,gate_up,17827,False,0.11699527502059937,11.784197919921832
35,69,gate_up,46976,False,0.11399559676647186,13.597735727731052
35,70,gate_up,150,True,0.11306357383728027,12.04578061507652
35,71,gate_up,22953,False,0.1163097620010376,12.685495248772776
35,72,gate_up,20408,False,0.11632518470287323,12.663998567297211
35,73,gate_up,26181,False,0.11605967581272125,10.762255347009887
35,74,gate_up,76,True,0.11270046979188919,12.04578061507652
35,75,gate_up,2323,False,0.14098986983299255,10.504250548002965
35,76,gate_up,1191,False,0.1436118483543396,7.906351515899923
35,77,gate_up,242,True,0.11303035169839859,12.04578061507652
35,78,gate_up,24610,False,0.11566436290740967,11.09799780675898
35,79,gate_up,39695,False,0.11415814608335495,12.706029710652698
35,80,gate_up,1,True,0.1128230169415474,12.04578061507652
35,81,gate_up,12964,False,0.11851439625024796,9.847305538810973
35,82,gate_up,1509,False,0.13457894325256348,11.619795492427935
35,83,gate_up,14,True,0.11274148523807526,12.04578061507652
35,84,gate_up,279,True,0.1130487322807312,12.04578061507652
35,85,gate_up,68143,False,0.11402516067028046,12.504808524305082
35,86,gate_up,31572,False,0.11480924487113953,12.196070551933593
35,87,gate_up,17312,False,0.11702589690685272,13.035346751803411
35,88,gate_up,11,True,0.11286203563213348,12.04578061507652
35,89,gate_up,14357,False,0.11783605068922043,14.153276978404447
35,90,gate_up,41516,False,0.11498997360467911,13.863727865620476
35,91,gate_up,2,True,0.11264722794294357,12.04578061507652
35,92,gate_up,23129,False,0.11512346565723419,11.925231605599981
35,93,gate_up,2,True,0.11266976594924927,12.04578061507652
35,94,gate_up,36794,False,0.114657461643219,13.4448376731412
35,95,gate_up,17689,False,0.11757972091436386,10.942748120584215
35,96,gate_up,19196,False,0.11704346537590027,12.332821854417725
35,97,gate_up,34159,False,0.11458999663591385,12.549918570436498
35,98,gate_up,31319,False,0.11568166315555573,12.937178473439785
35,99,gate_up,67509,False,0.11467014998197556,13.086534855997261
35,100,gate_up,32023,False,0.1158667728304863,12.153067541879407
35,101,gate_up,16560,False,0.11711665987968445,9.690871414449273
35,102,gate_up,11104,False,0.11756979674100876,12.722768628157477
35,103,gate_up,5225,False,0.12292157858610153,10.307131503945943
35,104,gate_up,1050,False,0.12871459126472473,17.25614750065962
35,105,gate_up,59926,False,0.11444701999425888,12.910143806076839
35,106,gate_up,1,True,0.1123398020863533,12.04578061507652
35,107,gate_up,29918,False,0.11664882302284241,11.902252164280796
35,108,gate_up,1438,False,0.1391628235578537,9.742932013046977
35,109,gate_up,20541,False,0.11408936232328415,13.214230749289841
35,110,gate_up,318,True,0.11313454061746597,12.04578061507652
35,111,gate_up,26591,False,0.1153557151556015,12.782288275067511
35,112,gate_up,2,True,0.11313872784376144,12.04578061507652
35,113,gate_up,401,True,0.11292880773544312,12.04578061507652
35,114,gate_up,4193,False,0.12818306684494019,9.148651814538125
35,115,gate_up,133391,False,0.11333051323890686,13.385300236546051
35,116,gate_up,19496,False,0.11594672501087189,12.199287340123501
35,117,gate_up,724,False,0.1392868012189865,8.71636226954345
35,118,gate_up,175,True,0.11294643580913544,12.04578061507652
35,119,gate_up,6,True,0.11283815652132034,12.04578061507652
35,120,gate_up,2873,False,0.1317693591117859,11.021586430963985
35,121,gate_up,18616,False,0.11754213273525238,13.548347790475086
35,122,gate_up,27504,False,0.1144321858882904,13.359583181878172
35,123,gate_up,108,True,0.11263173818588257,12.04578061507652
35,124,gate_up,8736,False,0.12132364511489868,12.855320516271247
35,125,gate_up,16995,False,0.11514615267515182,13.77186909748174
35,126,gate_up,3092,False,0.13270170986652374,9.161295517591231
35,127,gate_up,56,True,0.11281420290470123,12.04578061507652
35,0,down,4605,False,0.10723350942134857,1.184839430017676
35,1,down,7170,False,0.11431527882814407,1.3526415084594823
35,2,down,5228,False,0.1063646599650383,1.285573440742953
35,3,down,16536,False,0.10995057225227356,1.7280149059702667
35,4,down,13260,False,0.12285467237234116,1.5394716149133656
35,5,down,6311,False,0.1159851923584938,2.0669463898146603
35,6,down,238,True,0.09566985815763474,1.0332260612258717
35,7,down,10676,False,0.11137550324201584,1.8274380861154922
35,8,down,24935,False,0.10448382794857025,1.180718850975347
35,9,down,15270,False,0.10717263072729111,1.4770604706207433
35,10,down,232,True,0.09563559293746948,1.0332260612258717
35,11,down,5892,False,0.10768996924161911,1.9410293254971966
35,12,down,11899,False,0.10254215449094772,1.1387578652392045
35,13,down,30274,False,0.10355435311794281,1.1373669395387682
35,14,down,4834,False,0.11626529693603516,2.012071751171074
35,15,down,408,True,0.09569782018661499,1.0332260612258717
35,16,down,28082,False,0.10183130949735641,1.167826508116264
35,17,down,962,False,0.14264212548732758,1.2902862013393954
35,18,down,30306,False,0.10302742570638657,1.3155656335447672
35,19,down,406,True,0.09559514373540878,1.0332260612258717
35,20,down,3231,False,0.11280051618814468,1.389256929606298
35,21,down,3907,False,0.11245038360357285,1.5154674411659927
35,22,down,13870,False,0.10536865890026093,1.24994070144272
35,23,down,18891,False,0.10754750669002533,1.646971660103382
35,24,down,23538,False,0.10791712999343872,1.4599727695684261
35,25,down,35989,False,0.10926064103841782,1.8333713110601813
35,26,down,25706,False,0.10417009890079498,1.238126563400654
35,27,down,224,True,0.09592638164758682,1.0332260612258717
35,28,down,487,True,0.09579151123762131,1.0332260612258717
35,29,down,46170,False,0.09994550049304962,1.2144028471095714
35,30,down,26070,False,0.10652697086334229,1.3815865624345904
35,31,down,829,False,0.15189731121063232,2.2260394078990635
35,32,down,3358,False,0.11638332158327103,1.383477026495122
35,33,down,18679,False,0.10314206033945084,1.2669523478421543
35,34,down,20,True,0.09568121284246445,1.0332260612258717
35,35,down,43,True,0.09562582522630692,1.0332260612258717
35,36,down,3878,False,0.11290660500526428,1.2835985213896315
35,37,down,7649,False,0.10803432762622833,1.408063045616459
35,38,down,265,True,0.09576166421175003,1.0332260612258717
35,39,down,1768,False,0.1231699287891388,1.541818968535476
35,40,down,29927,False,0.10117893666028976,1.1428017442530527
35,41,down,10023,False,0.10518913716077805,1.1551632348467722
35,42,down,30841,False,0.10372060537338257,1.234419757613017
35,43,down,38858,False,0.10096611827611923,1.139791287946978
35,44,down,17,True,0.09571116417646408,1.0332260612258717
35,45,down,29515,False,0.10604298114776611,1.1978099128618176
35,46,down,58638,False,0.10066084563732147,1.1783176768475918
35,47,down,34955,False,0.10190317034721375,1.3063417342789772
35,48,down,12253,False,0.10526233911514282,1.1641837991059703
35,49,down,22611,False,0.10599327832460403,1.2269814925219071
35,50,down,25027,False,0.10343649238348007,1.2469020800804982
35,51,down,1034,False,0.1380559355020523,1.3240846941559732
35,52,down,16852,False,0.11387572437524796,1.9996768692132878
35,53,down,18152,False,0.10756096988916397,1.3163894793560842
35,54,down,10641,False,0.111178457736969,1.3164196239145753
35,55,down,21234,False,0.10366563498973846,1.2348311451948184
35,56,down,18476,False,0.11407715082168579,1.363782414714201
35,57,down,3,True,0.09576904773712158,1.0332260612258717
35,58,down,32552,False,0.10439606010913849,1.2529184314470683
35,59,down,44558,False,0.10405188053846359,1.4724697282813948
35,60,down,74051,False,0.1014014407992363,1.194755556415622
35,61,down,23444,False,0.1047118678689003,1.2634561042463661
35,62,down,1100,False,0.13628913462162018,1.2830943101893417
35,63,down,3830,False,0.1212221160531044,1.9039903602574333
35,64,down,3238,False,0.11192214488983154,1.2349490667194505
35,65,down,2793,False,0.11604974418878555,1.3127690935968024
35,66,down,12,True,0.09571725130081177,1.0332260612258717
35,67,down,19249,False,0.10607238858938217,1.404802338057699
35,68,down,17827,False,0.10396213829517365,1.2023884419002977
35,69,down,46976,False,0.10220793634653091,1.2371902213271084
35,70,down,150,True,0.09571853280067444,1.0332260612258717
35,71,down,22953,False,0.10300880670547485,1.1618213925356664
35,72,down,20408,False,0.11538712680339813,1.2766521045501678
35,73,down,26181,False,0.10612691193819046,1.412755707059855
35,74,down,76,True,0.09580083936452866,1.0332260612258717
35,75,down,2323,False,0.1174001395702362,1.5720182125638686
35,76,down,1191,False,0.13876785337924957,1.516407186291993
35,77,down,242,True,0.09590482711791992,1.0332260612258717
35,78,down,24610,False,0.1032482460141182,1.2488653883932563
35,79,down,39695,False,0.10134909301996231,1.1388431878116902
35,80,down,1,True,0.09568093717098236,1.0332260612258717
35,81,down,12964,False,0.10948123782873154,1.9960967142461237
35,82,down,1509,False,0.1338571310043335,1.7572184071840105
35,83,down,14,True,0.09577468782663345,1.0332260612258717
35,84,down,279,True,0.09564834088087082,1.0332260612258717
35,85,down,68143,False,0.10128998756408691,1.1679476301317342
35,86,down,31572,False,0.10188151150941849,1.2594097494442626
35,87,down,17312,False,0.10539443045854568,1.315779523063209
35,88,down,11,True,0.09576713293790817,1.0332260612258717
35,89,down,14357,False,0.10781453549861908,1.4292151831729392
35,90,down,41516,False,0.104873426258564,1.2485674375959512
35,91,down,2,True,0.09577122330665588,1.0332260612258717
35,92,down,23129,False,0.10576040297746658,1.2371842722858721
35,93,down,2,True,0.09556812047958374,1.0332260612258717
35,94,down,36794,False,0.1048988327383995,1.2154629892078481
35,95,down,17689,False,0.11100655049085617,1.2854687849123663
35,96,down,19196,False,0.10294873267412186,1.2002136789651598
35,97,down,34159,False,0.10591784864664078,1.3119678840200013
35,98,down,31319,False,0.10117741674184799,1.209501069571465
35,99,down,67509,False,0.10232901573181152,1.299740540126425
35,100,down,32023,False,0.10118365287780762,1.1309708520446524
35,101,down,16560,False,0.10104165226221085,1.1434738220807872
35,102,down,11104,False,0.10841838270425797,1.2735333177784909
35,103,down,5225,False,0.11661767214536667,1.5389565743613138
35,104,down,1050,False,0.1385575830936432,2.7535919994219977
35,105,down,59926,False,0.10062862187623978,1.1927063820184347
35,106,down,1,True,0.09566278755664825,1.0332260612258717
35,107,down,29918,False,0.10082826018333435,1.216203602356233
35,108,down,1438,False,0.13090047240257263,1.370493829346214
35,109,down,20541,False,0.11130838841199875,2.1943362870344454
35,110,down,318,True,0.09576857089996338,1.0332260612258717
35,111,down,26591,False,0.10458638519048691,1.2823257797264815
35,112,down,2,True,0.09571273624897003,1.0332260612258717
35,113,down,401,True,0.09576551616191864,1.0332260612258717
35,114,down,4193,False,0.10657994449138641,1.1420660810439438
35,115,down,133391,False,0.1008831039071083,1.2291635858463639
35,116,down,19496,False,0.1017218679189682,1.126900774896574
35,117,down,724,False,0.15623599290847778,1.3816927394133343
35,118,down,175,True,0.09563876688480377,1.0332260612258717
35,119,down,6,True,0.09562735259532928,1.0332260612258717
35,120,down,2873,False,0.1145220696926117,1.2952792727649272
35,121,down,18616,False,0.10659270733594894,1.239952959126614
35,122,down,27504,False,0.10148140788078308,1.1944406922323345
35,123,down,108,True,0.0955425426363945,1.0332260612258717
35,124,down,8736,False,0.10805293917655945,1.4317319059619713
35,125,down,16995,False,0.11514229327440262,1.757246892042724
35,126,down,3092,False,0.1111190989613533,1.3411267142338856
35,127,down,56,True,0.09568798542022705,1.0332260612258717
36,0,gate_up,35362,False,0.11409588158130646,13.40358962880357
36,1,gate_up,426,True,0.11250904947519302,11.575262431032792
36,2,gate_up,148240,False,0.11309126019477844,13.134367019631988
36,3,gate_up,78,True,0.11224669963121414,11.575262431032792
36,4,gate_up,47675,False,0.11487429589033127,13.02404033818024
36,5,gate_up,2,True,0.11196974664926529,11.575262431032792
36,6,gate_up,5403,False,0.12468080222606659,9.653128452226255
36,7,gate_up,11887,False,0.11699594557285309,13.991908403526166
36,8,gate_up,18402,False,0.11806804686784744,10.242944772633603
36,9,gate_up,20511,False,0.11509720236063004,12.352495496529334
36,10,gate_up,131,True,0.11236520111560822,11.575262431032792
36,11,gate_up,928,False,0.14002186059951782,9.477516305045485
36,12,gate_up,13041,False,0.11728668212890625,12.401237076151636
36,13,gate_up,4,True,0.1124454140663147,11.575262431032792
36,14,gate_up,41907,False,0.11477699130773544,11.829036605327659
36,15,gate_up,22724,False,0.11435512453317642,14.2482336704996
36,16,gate_up,306,True,0.11249881982803345,11.575262431032792
36,17,gate_up,1856,False,0.14360639452934265,8.911931871409521
36,18,gate_up,1848,False,0.13793455064296722,10.323674022021304
36,19,gate_up,65,True,0.11273512989282608,11.575262431032792
36,20,gate_up,2340,False,0.1373147815465927,9.96857660464147
36,21,gate_up,16348,False,0.11665293574333191,10.226262994982045
36,22,gate_up,5891,False,0.12411970645189285,10.53834349835157
36,23,gate_up,9925,False,0.11754041165113449,12.96178201185611
36,24,gate_up,18302,False,0.11807845532894135,12.049084169241109
36,25,gate_up,20361,False,0.11532393842935562,12.59414256207048
36,26,gate_up,21990,False,0.11456473916769028,14.226605465872433
36,27,gate_up,44501,False,0.11531400680541992,12.67403169605177
36,28,gate_up,217,True,0.11273831874132156,11.575262431032792
36,29,gate_up,6929,False,0.12383536249399185,9.598951618268968
36,30,gate_up,43558,False,0.11330091953277588,13.153297768758902
36,31,gate_up,7,True,0.11247676610946655,11.575262431032792
36,32,gate_up,42183,False,0.11459621042013168,10.937359616990284
36,33,gate_up,379,True,0.11275286227464676,11.575262431032792
36,34,gate_up,141326,False,0.11278150230646133,12.15968081587356
36,35,gate_up,7233,False,0.12165313214063644,11.905849364018072
36,36,gate_up,36680,False,0.11429557204246521,13.120390728088937
36,37,gate_up,1678,False,0.14787016808986664,8.089179452418284
36,38,gate_up,31052,False,0.11441902816295624,13.353215652916496
36,39,gate_up,8086,False,0.11977847665548325,13.285834308610175
36,40,gate_up,31779,False,0.11515193432569504,9.431524791395345
36,41,gate_up,1769,False,0.13300426304340363,11.97180310193164
36,42,gate_up,47146,False,0.11486037820577621,12.102938520532918
36,43,gate_up,16808,False,0.11669116467237473,10.98873594828686
36,44,gate_up,4523,False,0.1276097148656845,10.325200434587805
36,45,gate_up,883,False,0.13603268563747406,14.20069077921543
36,46,gate_up,98667,False,0.11372211575508118,11.876198568548235
36,47,gate_up,1636,False,0.1480175405740738,8.32978793990658
36,48,gate_up,25,True,0.11248818784952164,11.575262431032792
36,49,gate_up,3957,False,0.12819485366344452,7.054546101302019
36,50,gate_up,1300,False,0.14122724533081055,12.091067252669017
36,51,gate_up,1893,False,0.14338788390159607,9.793113420309831
36,52,gate_up,36234,False,0.11429218202829361,11.554653675122058
36,53,gate_up,33162,False,0.1150851771235466,12.352115341709352
36,54,gate_up,815,False,0.1358327567577362,10.454177781881027
36,55,gate_up,949,False,0.1366121619939804,12.887554125229656
36,56,gate_up,3619,False,0.12087659537792206,12.269296556112494
36,57,gate_up,368,True,0.11254028975963593,11.575262431032792
36,58,gate_up,9272,False,0.11964470148086548,11.828556348974702
36,59,gate_up,232,True,0.11267932504415512,11.575262431032792
36,60,gate_up,2509,False,0.13494853675365448,11.777612406510741
36,61,gate_up,41663,False,0.11470089852809906,11.160353472921203
36,62,gate_up,2277,False,0.14082299172878265,8.663276325925027
36,63,gate_up,30207,False,0.11469922214746475,13.070787971041753
36,64,gate_up,24696,False,0.11585640162229538,11.307718145569305
36,65,gate_up,24539,False,0.11509579420089722,11.990888753757716
36,66,gate_up,8967,False,0.12045950442552567,11.204200251237301
36,67,gate_up,16579,False,0.1168922707438469,11.081004413862624
36,68,gate_up,39126,False,0.11346305906772614,12.210153956758422
36,69,gate_up,32127,False,0.11380746960639954,12.721593570892377
36,70,gate_up,21,True,0.11248552799224854,11.575262431032792
36,71,gate_up,7344,False,0.12052763253450394,12.411147135327917
36,72,gate_up,3,True,0.11226912587881088,11.575262431032792
36,73,gate_up,41196,False,0.11437716335058212,12.0596511272709
36,74,gate_up,7688,False,0.12064365297555923,11.585092873755938
36,75,gate_up,31782,False,0.11516918241977692,13.238032221784332
36,76,gate_up,15238,False,0.11801142990589142,10.030220313642747
36,77,gate_up,2620,False,0.12377679347991943,13.961781591746211
36,78,gate_up,653,False,0.12244962155818939,11.788291164159938
36,79,gate_up,18002,False,0.1147734746336937,12.840600387092762
36,80,gate_up,31850,False,0.11512430757284164,13.11511995870458
36,81,gate_up,6,True,0.11216192692518234,11.575262431032792
36,82,gate_up,19,True,0.11246807873249054,11.575262431032792
36,83,gate_up,584,False,0.12692202627658844,11.359586454075746
36,84,gate_up,65,True,0.11268492788076401,11.575262431032792
36,85,gate_up,2227,False,0.12954460084438324,10.314632749087586
36,86,gate_up,1,True,0.11204666644334793,11.575262431032792
36,87,gate_up,53048,False,0.11469310522079468,12.078269321218224
36,88,gate_up,3,True,0.11240116506814957,11.575262431032792
36,89,gate_up,4238,False,0.12619362771511078,11.387400269727713
36,90,gate_up,8390,False,0.12102540582418442,9.906148937829782
36,91,gate_up,4716,False,0.12878040969371796,9.072180183934037
36,92,gate_up,24273,False,0.11703070998191833,10.273251798482338
36,93,gate_up,665,False,0.13600526750087738,11.805569471851026
36,94,gate_up,5112,False,0.12423323094844818,12.257396278418131
36,95,gate_up,7536,False,0.12155560404062271,10.278968736225758
36,96,gate_up,16808,False,0.11507365852594376,13.667034695519757
36,97,gate_up,17899,False,0.11734362691640854,12.482501839391539
36,98,gate_up,34,True,0.11250397562980652,11.575262431032792
36,99,gate_up,27368,False,0.11351261287927628,13.969237333737901
36,100,gate_up,21955,False,0.11620192229747772,10.742542792709527
36,101,gate_up,7765,False,0.11986681073904037,9.07504346140184
36,102,gate_up,29176,False,0.11506958305835724,12.263649764104706
36,103,gate_up,38960,False,0.11485463380813599,11.661387822044954
36,104,gate_up,17599,False,0.11480625718832016,13.992377863635319
36,105,gate_up,4991,False,0.12204615771770477,11.517465093551642
36,106,gate_up,139,True,0.11266878992319107,11.575262431032792
36,107,gate_up,21155,False,0.1141149029135704,12.32219660111871
36,108,gate_up,5889,False,0.12084467709064484,15.22116442984139
36,109,gate_up,323,True,0.11266789585351944,11.575262431032792
36,110,gate_up,4479,False,0.1274396777153015,8.084677357525194
36,111,gate_up,5643,False,0.12590011954307556,8.61801518527551
36,112,gate_up,21957,False,0.11795071512460709,10.482225840299307
36,113,gate_up,132,True,0.11250736564397812,11.575262431032792
36,114,gate_up,23237,False,0.11545011401176453,13.361448721093781
36,115,gate_up,17777,False,0.11617196351289749,9.721521755035416
36,116,gate_up,2809,False,0.13325706124305725,13.38917261767224
36,117,gate_up,13777,False,0.11875590682029724,11.216678784450849
36,118,gate_up,17878,False,0.11607639491558075,11.281208380645564
36,119,gate_up,148,True,0.11266607791185379,11.575262431032792
36,120,gate_up,27328,False,0.11400758475065231,12.380960098241328
36,121,gate_up,47779,False,0.11443635821342468,11.818541790365455
36,122,gate_up,480,True,0.11257811635732651,11.575262431032792
36,123,gate_up,13223,False,0.11777856945991516,10.355814624140418
36,124,gate_up,10532,False,0.11856698244810104,10.59877158551575
36,125,gate_up,2708,False,0.1332651972770691,11.927770615897431
36,126,gate_up,3176,False,0.12993191182613373,10.926995706879019
36,127,gate_up,59239,False,0.11490599066019058,11.866169590727756
36,0,down,35362,False,0.1048651784658432,1.3028328834493406
36,1,down,426,True,0.09567379206418991,1.035872532115671
36,2,down,148240,False,0.1014321967959404,1.28080904642022
36,3,down,78,True,0.09587112814188004,1.035872532115671
36,4,down,47675,False,0.10556233674287796,1.3370694579472469
36,5,down,2,True,0.09594078361988068,1.035872532115671
36,6,down,5403,False,0.10684765130281448,1.2217798839040894
36,7,down,11887,False,0.11037769168615341,1.2541992520129708
36,8,down,18402,False,0.10580135881900787,1.5397732677280622
36,9,down,20511,False,0.10385476797819138,1.1874284884397523
36,10,down,131,True,0.09563694894313812,1.035872532115671
36,11,down,928,False,0.14719422161579132,1.3468795783364196
36,12,down,13041,False,0.10404830425977707,1.2448348387369719
36,13,down,4,True,0.09592259675264359,1.035872532115671
36,14,down,41907,False,0.10131518542766571,1.2138305762412906
36,15,down,22724,False,0.10886232554912567,1.5479039651125093
36,16,down,306,True,0.09579502046108246,1.035872532115671
36,17,down,1856,False,0.11956737190485,1.3809191636130969
36,18,down,1848,False,0.12336583435535431,1.561872084976176
36,19,down,65,True,0.09568135440349579,1.035872532115671
36,20,down,2340,False,0.12116983532905579,1.39335674031358
36,21,down,16348,False,0.11521834880113602,2.217354909092318
36,22,down,5891,False,0.11204908043146133,1.5193637063162748
36,23,down,9925,False,0.11036626994609833,1.37306958436458
36,24,down,18302,False,0.11098626255989075,1.4776701363956162
36,25,down,20361,False,0.10421398282051086,1.2706355195057224
36,26,down,21990,False,0.10562484711408615,1.3937594163720444
36,27,down,44501,False,0.10130336880683899,1.1980205033412956
36,28,down,217,True,0.09582817554473877,1.035872532115671
36,29,down,6929,False,0.10602608323097229,1.1870537846046447
36,30,down,43558,False,0.10247714817523956,1.225216196829832
36,31,down,7,True,0.09586050361394882,1.035872532115671
36,32,down,42183,False,0.10272488743066788,1.1678845307693884
36,33,down,379,True,0.09575671702623367,1.035872532115671
36,34,down,141326,False,0.10009486228227615,1.1495945205802154
36,35,down,7233,False,0.11258650571107864,1.3850130094484334
36,36,down,36680,False,0.10399052500724792,1.199309456473436
36,37,down,1678,False,0.12265536189079285,1.1905484550833696
36,38,down,31052,False,0.10615310072898865,2.0540018057797798
36,39,down,8086,False,0.11539119482040405,1.5065120828719192
36,40,down,31779,False,0.10262738913297653,1.2554049392916196
36,41,down,1769,False,0.12730996310710907,2.558989475749479
36,42,down,47146,False,0.10092306137084961,1.1687698591816826
36,43,down,16808,False,0.10387619584798813,1.1797205598170695
36,44,down,4523,False,0.10893826186656952,1.2932500356704733
36,45,down,883,False,0.14815819263458252,5.649705359512359
36,46,down,98667,False,0.10005669295787811,1.231608686751614
36,47,down,1636,False,0.12234874069690704,1.2206651905930705
36,48,down,25,True,0.09591369330883026,1.035872532115671
36,49,down,3957,False,0.11013751477003098,1.3094877618288037
36,50,down,1300,False,0.13390788435935974,1.6648462017723475
36,51,down,1893,False,0.11950075626373291,1.3119486596635952
36,52,down,36234,False,0.10533729195594788,1.2837490700211573
36,53,down,33162,False,0.1049346998333931,1.2878864331083772
36,54,down,815,False,0.1500697135925293,1.4481862974892277
36,55,down,949,False,0.14558665454387665,1.8770346628863663
36,56,down,3619,False,0.12223202735185623,2.695822672005398
36,57,down,368,True,0.09598436951637268,1.035872532115671
36,58,down,9272,False,0.10386870056390762,1.234562828918788
36,59,down,232,True,0.0957818329334259,1.035872532115671
36,60,down,2509,False,0.11362127959728241,1.2594068959112104
36,61,down,41663,False,0.1018807515501976,1.2760907432395798
36,62,down,2277,False,0.11460905522108078,1.2898902781232318
36,63,down,30207,False,0.10204463452100754,1.143088796293545
36,64,down,24696,False,0.10963679850101471,1.331764445237762
36,65,down,24539,False,0.11278768628835678,1.9463593198698539
36,66,down,8967,False,0.11524046212434769,1.3587811694455716
36,67,down,16579,False,0.10559031367301941,1.302994676700827
36,68,down,39126,False,0.10275591164827347,1.4821961239931294
36,69,down,32127,False,0.10310625284910202,1.2482079730359952
36,70,down,21,True,0.09584347158670425,1.035872532115671
36,71,down,7344,False,0.11306148767471313,1.4652427622923552
36,72,down,3,True,0.0957045778632164,1.035872532115671
36,73,down,41196,False,0.10787831246852875,1.6300136837676191
36,74,down,7688,False,0.10429421067237854,1.1691538442216538
36,75,down,31782,False,0.10279770195484161,1.199856745375888
36,76,down,15238,False,0.10127847641706467,1.2783459227508438
36,77,down,2620,False,0.125584676861763,2.508945514601684
36,78,down,653,False,0.1464640200138092,4.01137530834597
36,79,down,18002,False,0.10776162892580032,1.2446154323824823
36,80,down,31850,False,0.1094280332326889,1.2209345623278287
36,81,down,6,True,0.09607000648975372,1.035872532115671
36,82,down,19,True,0.09584273397922516,1.035872532115671
36,83,down,584,False,0.15373648703098297,3.3564816801939146
36,84,down,65,True,0.09587286412715912,1.035872532115671
36,85,down,2227,False,0.12347913533449173,1.8149665279612441
36,86,down,1,True,0.09590797126293182,1.035872532115671
36,87,down,53048,False,0.10043862462043762,1.1911097485757705
36,88,down,3,True,0.09578444063663483,1.035872532115671
36,89,down,4238,False,0.11586396396160126,1.7744998012397633
36,90,down,8390,False,0.10527405142784119,1.179689334077624
36,91,down,4716,False,0.10890356451272964,1.1235302025470957
36,92,down,24273,False,0.10350184142589569,1.3201522319645072
36,93,down,665,False,0.15568870306015015,1.6089660503722236
36,94,down,5112,False,0.11267225444316864,1.5539815624996818
36,95,down,7536,False,0.10595494508743286,1.255829225350636
36,96,down,16808,False,0.11521351337432861,1.474006232493979
36,97,down,17899,False,0.11032042652368546,1.7181979756997172
36,98,down,34,True,0.09576625376939774,1.035872532115671
36,99,down,27368,False,0.10936136543750763,1.6813097966032249
36,100,down,21955,False,0.10185520350933075,1.1467582952363684
36,101,down,7765,False,0.10273633152246475,1.2867376112782525
36,102,down,29176,False,0.10147105902433395,1.244757011921915
36,103,down,38960,False,0.10462553799152374,1.2872170216840364
36,104,down,17599,False,0.10731025040149689,1.4394246429785686
36,105,down,4991,False,0.12187762558460236,2.2372452163497147
36,106,down,139,True,0.09579204022884369,1.035872532115671
36,107,down,21155,False,0.10494638234376907,1.2712382399531026
36,108,down,5889,False,0.11504857987165451,2.991690040702025
36,109,down,323,True,0.09588217735290527,1.035872532115671
36,110,down,4479,False,0.10725755244493484,1.7621552399216005
36,111,down,5643,False,0.10941906273365021,1.8747407037053094
36,112,down,21957,False,0.10624843090772629,1.4055588918574784
36,113,down,132,True,0.09578073769807816,1.035872532115671
36,114,down,23237,False,0.10620095580816269,1.240405475703495
36,115,down,17777,False,0.10385496914386749,1.1598491232301558
36,116,down,2809,False,0.11424220353364944,1.3145459978460465
36,117,down,13777,False,0.1139533519744873,1.3637750574587197
36,118,down,17878,False,0.10870713740587234,1.2142620565511697
36,119,down,148,True,0.09606306999921799,1.035872532115671
36,120,down,27328,False,0.10297253727912903,1.2880433830741207
36,121,down,47779,False,0.10138389468193054,1.2610959556697041
36,122,down,480,True,0.09568790346384048,1.035872532115671
36,123,down,13223,False,0.10503321141004562,1.138351511848126
36,124,down,10532,False,0.10394715517759323,1.16285720196683
36,125,down,2708,False,0.12259886413812637,1.7796555252127428
36,126,down,3176,False,0.11722329258918762,1.5240858911978632
36,127,down,59239,False,0.10309428721666336,1.2094164659205813
37,0,gate_up,8420,False,0.11926379054784775,10.09460028671044
37,1,gate_up,8171,False,0.1202574148774147,9.7778410062211
37,2,gate_up,30710,False,0.1139799952507019,14.040004375457764
37,3,gate_up,2,True,0.11199105530977249,12.482205522194114
37,4,gate_up,17528,False,0.11699484288692474,11.300595052069866
37,5,gate_up,22,True,0.11196456104516983,12.482205522194114
37,6,gate_up,31954,False,0.11300396919250488,13.962233646465481
37,7,gate_up,10,True,0.1122957170009613,12.482205522194114
37,8,gate_up,14678,False,0.11675689369440079,13.305763859579125
37,9,gate_up,2,True,0.11197657138109207,12.482205522194114
37,10,gate_up,99603,False,0.11309110373258591,13.461955574926533
37,11,gate_up,876,False,0.12565484642982483,11.849448441598247
37,12,gate_up,17847,False,0.11596842855215073,11.5864665664633
37,13,gate_up,1101,False,0.13843375444412231,14.094081659522903
37,14,gate_up,63,True,0.11219732463359833,12.482205522194114
37,15,gate_up,23029,False,0.11387383937835693,14.3342172165158
37,16,gate_up,28393,False,0.1142502948641777,14.564496788810455
37,17,gate_up,1,True,0.11190356314182281,12.482205522194114
37,18,gate_up,23605,False,0.11512792110443115,14.112895703689125
37,19,gate_up,5371,False,0.11834968626499176,11.798914084777888
37,20,gate_up,17180,False,0.1156032606959343,13.014141757633821
37,21,gate_up,20431,False,0.11458554118871689,13.129668408781471
37,22,gate_up,2,True,0.11215387284755707,12.482205522194114
37,23,gate_up,15048,False,0.11580666154623032,15.211880984389236
37,24,gate_up,28234,False,0.11510889232158661,13.629953578906434
37,25,gate_up,4962,False,0.12375754117965698,13.352038972646568
37,26,gate_up,10104,False,0.11757418513298035,11.038724771214632
37,27,gate_up,479,True,0.11217307299375534,12.482205522194114
37,28,gate_up,22227,False,0.11451262980699539,14.276016376022106
37,29,gate_up,1844,False,0.1399747133255005,14.112513484393235
37,30,gate_up,15,True,0.11216893792152405,12.482205522194114
37,31,gate_up,5546,False,0.1223016306757927,14.490335566660336
37,32,gate_up,13059,False,0.11666643619537354,14.181788605077776
37,33,gate_up,9254,False,0.11812149733304977,12.409315351195527
37,34,gate_up,2086,False,0.13383428752422333,13.0222693972808
37,35,gate_up,950,False,0.13132953643798828,16.31403879039039
37,36,gate_up,17759,False,0.11552055180072784,12.335577520007208
37,37,gate_up,52,True,0.11223189532756805,12.482205522194114
37,38,gate_up,9374,False,0.11979275196790695,12.295295568150577
37,39,gate_up,11,True,0.11189908534288406,12.482205522194114
37,40,gate_up,54858,False,0.11344103515148163,12.45228145118577
37,41,gate_up,34155,False,0.11428724229335785,13.368811349322153
37,42,gate_up,6242,False,0.12229882925748825,12.565643012951426
37,43,gate_up,79,True,0.11228384077548981,12.482205522194114
37,44,gate_up,32407,False,0.11464255303144455,12.72696975597226
37,45,gate_up,37786,False,0.11542849987745285,12.41739986299013
37,46,gate_up,2,True,0.11203683912754059,12.482205522194114
37,47,gate_up,38086,False,0.11406847834587097,12.369782816401852
37,48,gate_up,2,True,0.11169041693210602,12.482205522194114
37,49,gate_up,21519,False,0.11559395492076874,12.45098026122743
37,50,gate_up,61,True,0.11210837960243225,12.482205522194114
37,51,gate_up,154,True,0.11211688071489334,12.482205522194114
37,52,gate_up,24128,False,0.11584936082363129,11.9227751356256
37,53,gate_up,301,True,0.11232978105545044,12.482205522194114
37,54,gate_up,4,True,0.1118718609213829,12.482205522194114
37,55,gate_up,37041,False,0.112877756357193,14.576367842736177
37,56,gate_up,0,True,0.11172790825366974,12.482205522194114
37,57,gate_up,38556,False,0.11421991139650345,13.903534998595061
37,58,gate_up,18205,False,0.11530035734176636,12.609224775893983
37,59,gate_up,8558,False,0.11964571475982666,13.897222798568928
37,60,gate_up,949,False,0.1318904310464859,11.986175959937567
37,61,gate_up,23917,False,0.11541485786437988,13.46854468761605
37,62,gate_up,30133,False,0.1152622252702713,12.988719561933037
37,63,gate_up,4777,False,0.12439780682325363,13.764149375137322
37,64,gate_up,1,True,0.11190708726644516,12.482205522194114
37,65,gate_up,22070,False,0.11486060917377472,11.90644021509131
37,66,gate_up,33487,False,0.11290355026721954,13.107279320524768
37,67,gate_up,17547,False,0.1158025860786438,13.224318604729408
37,68,gate_up,4875,False,0.12628990411758423,10.623775079080673
37,69,gate_up,5,True,0.11223575472831726,12.482205522194114
37,70,gate_up,36,True,0.11209317296743393,12.482205522194114
37,71,gate_up,16699,False,0.11673682928085327,10.824057478511259
37,72,gate_up,64,True,0.11230587959289551,12.482205522194114
37,73,gate_up,30254,False,0.11532662063837051,12.448490954036803
37,74,gate_up,624,False,0.13116350769996643,13.2488121420059
37,75,gate_up,31637,False,0.11502271890640259,12.821524722197998
37,76,gate_up,24426,False,0.11511465162038803,14.36307216599752
37,77,gate_up,4182,False,0.12792155146598816,11.584377871425374
37,78,gate_up,48346,False,0.11299160867929459,12.535146093066748
37,79,gate_up,44015,False,0.11238101869821548,14.15802595519292
37,80,gate_up,16816,False,0.11405781656503677,13.748606492820644
37,81,gate_up,7233,False,0.11937171965837479,13.057617141240938
37,82,gate_up,18406,False,0.11660151928663254,14.173715909237973
37,83,gate_up,13479,False,0.11655376106500626,13.891576368550679
37,84,gate_up,3266,False,0.1336853951215744,9.197404588414303
37,85,gate_up,2342,False,0.14080269634723663,7.793261409085561
37,86,gate_up,274,True,0.11234468966722488,12.482205522194114
37,87,gate_up,9061,False,0.12071868777275085,11.833231403606277
37,88,gate_up,366,True,0.1120731458067894,12.482205522194114
37,89,gate_up,9984,False,0.11984405666589737,10.777407434868849
37,90,gate_up,2,True,0.11182073503732681,12.482205522194114
37,91,gate_up,11062,False,0.11777345836162567,12.086082642752862
37,92,gate_up,40332,False,0.1150193065404892,12.727660073163943
37,93,gate_up,50850,False,0.11411403864622116,13.494643170114031
37,94,gate_up,1,True,0.11204501986503601,12.482205522194114
37,95,gate_up,30755,False,0.11461235582828522,13.443013354871988
37,96,gate_up,4,True,0.11213403195142746,12.482205522194114
37,97,gate_up,2617,False,0.1386871188879013,9.612279269698254
37,98,gate_up,31121,False,0.11405248194932938,14.24804589537264
37,99,gate_up,45837,False,0.11256363987922668,13.795319526213449
37,100,gate_up,0,True,0.11199014633893967,12.482205522194114
37,101,gate_up,38292,False,0.11485394090414047,13.344162680261574
37,102,gate_up,32783,False,0.11465209722518921,11.439147696730602
37,103,gate_up,24255,False,0.11616484075784683,12.063159278024154
37,104,gate_up,7109,False,0.1215672716498375,12.836187447055233
37,105,gate_up,13600,False,0.1174943596124649,10.531136050031742
37,106,gate_up,154305,False,0.11270669102668762,13.657821050348343
37,107,gate_up,23385,False,0.11356829851865768,13.566034902565802
37,108,gate_up,65,True,0.11229069530963898,12.482205522194114
37,109,gate_up,32271,False,0.11464936286211014,13.775020855932413
37,110,gate_up,707,False,0.1207127720117569,20.664021325512273
37,111,gate_up,37,True,0.1119689866900444,12.482205522194114
37,112,gate_up,57951,False,0.11383247375488281,13.812672305572747
37,113,gate_up,32078,False,0.11304926127195358,12.909772602888957
37,114,gate_up,97,True,0.11216186732053757,12.482205522194114
37,115,gate_up,10240,False,0.11850445717573166,10.681633967545903
37,116,gate_up,3,True,0.11199968308210373,12.482205522194114
37,117,gate_up,20824,False,0.11529373377561569,13.530410137635474
37,118,gate_up,14437,False,0.1149461641907692,13.189742158707965
37,119,gate_up,1883,False,0.14532068371772766,11.55478980324355
37,120,gate_up,26585,False,0.11654307693243027,12.183464278038928
37,121,gate_up,34656,False,0.11336857825517654,14.196763812630214
37,122,gate_up,108,True,0.11215905845165253,12.482205522194114
37,123,gate_up,38083,False,0.11407794058322906,13.82475495242167
37,124,gate_up,11377,False,0.11971601843833923,11.751354721723125
37,125,gate_up,11443,False,0.11754824966192245,10.751896182844085
37,126,gate_up,78,True,0.11231929808855057,12.482205522194114
37,127,gate_up,36501,False,0.11547737568616867,12.28863236353039
37,0,down,8420,False,0.11473973095417023,1.637949427905423
37,1,down,8171,False,0.10513418912887573,1.1619082381748895
37,2,down,30710,False,0.10618362575769424,1.3560346803081162
37,3,down,2,True,0.09625298529863358,1.0605593997965823
37,4,down,17528,False,0.11362480372190475,1.3045335936425135
37,5,down,22,True,0.09641692787408829,1.0605593997965823
37,6,down,31954,False,0.10839629173278809,1.2572149823100214
37,7,down,10,True,0.096324622631073,1.0605593997965823
37,8,down,14678,False,0.1174972876906395,1.4600668000161436
37,9,down,2,True,0.09627306461334229,1.0605593997965823
37,10,down,99603,False,0.103875070810318,1.468081099137857
37,11,down,876,False,0.1430077850818634,3.3932391680081238
37,12,down,17847,False,0.10998617112636566,1.576208449292715
37,13,down,1101,False,0.1369323879480362,1.2968906101394524
37,14,down,63,True,0.09643988311290741,1.0605593997965823
37,15,down,23029,False,0.11655618250370026,2.0864052431045836
37,16,down,28393,False,0.10935509204864502,1.3352494173836207
37,17,down,1,True,0.09640859812498093,1.0605593997965823
37,18,down,23605,False,0.10807081311941147,1.3641480957382992
37,19,down,5371,False,0.1279812455177307,3.021058297509915
37,20,down,17180,False,0.10881958156824112,2.4930522414800853
37,21,down,20431,False,0.1052788496017456,1.4135421276455975
37,22,down,2,True,0.09651531279087067,1.0605593997965823
37,23,down,15048,False,0.11775939911603928,1.8662979566218962
37,24,down,28234,False,0.10911916941404343,1.260502097985739
37,25,down,4962,False,0.11147813498973846,1.489091790927041
37,26,down,10104,False,0.11892970651388168,2.233431411886483
37,27,down,479,True,0.09630683809518814,1.0605593997965823
37,28,down,22227,False,0.10990707576274872,1.4827283378620446
37,29,down,1844,False,0.12837380170822144,2.391079947686739
37,30,down,15,True,0.09634463489055634,1.0605593997965823
37,31,down,5546,False,0.11679098755121231,1.8519421754451875
37,32,down,13059,False,0.11116855591535568,1.3392737395033965
37,33,down,9254,False,0.11833691596984863,1.5614981745565364
37,34,down,2086,False,0.12434306740760803,1.7753045021962068
37,35,down,950,False,0.15059314668178558,3.396100531557495
37,36,down,17759,False,0.10682602226734161,1.2121076945780767
37,37,down,52,True,0.09635107219219208,1.0605593997965823
37,38,down,9374,False,0.11759712547063828,1.8484994734298643
37,39,down,11,True,0.0963442400097847,1.0605593997965823
37,40,down,54858,False,0.10133971273899078,1.211348352764947
37,41,down,34155,False,0.10780840367078781,1.2129062807869424
37,42,down,6242,False,0.10944624990224838,1.2737324435834798
37,43,down,79,True,0.09613673388957977,1.0605593997965823
37,44,down,32407,False,0.10650505125522614,1.3000181905241632
37,45,down,37786,False,0.10379498451948166,1.4021212238765162
37,46,down,2,True,0.09626007080078125,1.0605593997965823
37,47,down,38086,False,0.11007894575595856,1.898844360619103
37,48,down,2,True,0.09640604257583618,1.0605593997965823
37,49,down,21519,False,0.10737258195877075,1.1130745894646303
37,50,down,61,True,0.09630149602890015,1.0605593997965823
37,51,down,154,True,0.09634305536746979,1.0605593997965823
37,52,down,24128,False,0.10632974654436111,1.4119167440836653
37,53,down,301,True,0.09612788259983063,1.0605593997965823
37,54,down,4,True,0.09628880023956299,1.0605593997965823
37,55,down,37041,False,0.10396485775709152,1.2557996453388605
37,56,down,0,True,0.096359483897686,1.0605593997965823
37,57,down,38556,False,0.10638462007045746,1.2258937747397758
37,58,down,18205,False,0.11457855999469757,1.9814242112841898
37,59,down,8558,False,0.10902849584817886,1.670840617634316
37,60,down,949,False,0.14799559116363525,2.1668508731559495
37,61,down,23917,False,0.11392135918140411,1.476706988989479
37,62,down,30133,False,0.1076788455247879,1.864344561098017
37,63,down,4777,False,0.1135556623339653,1.400931374563429
37,64,down,1,True,0.09627438336610794,1.0605593997965823
37,65,down,22070,False,0.10428712517023087,1.369806312601701
37,66,down,33487,False,0.1082865446805954,1.8205138079302308
37,67,down,17547,False,0.11921980232000351,1.5475815329459137
37,68,down,4875,False,0.11232679337263107,1.3861948395875643
37,69,down,5,True,0.09632907807826996,1.0605593997965823
37,70,down,36,True,0.09651875495910645,1.0605593997965823
37,71,down,16699,False,0.10258089005947113,1.3183825379496248
37,72,down,64,True,0.09620437026023865,1.0605593997965823
37,73,down,30254,False,0.10403513163328171,1.4445302396514508
37,74,down,624,False,0.1449570655822754,4.086612900807738
37,75,down,31637,False,0.10697907209396362,1.1990615856241935
37,76,down,24426,False,0.10904204845428467,1.3157747702666998
37,77,down,4182,False,0.1134132370352745,1.3103964360972855
37,78,down,48346,False,0.11599529534578323,1.8837137122609968
37,79,down,44015,False,0.10548753291368484,1.1891394421225647
37,80,down,16816,False,0.11685416847467422,1.4456987012509654
37,81,down,7233,False,0.12121272832155228,1.6549420052348012
37,82,down,18406,False,0.11011245846748352,1.5021147919756208
37,83,down,13479,False,0.10978055745363235,1.2742369507221856
37,84,down,3266,False,0.11135392636060715,1.2111476776679357
37,85,down,2342,False,0.11331173032522202,1.2326853788721637
37,86,down,274,True,0.09620516002178192,1.0605593997965823
37,87,down,9061,False,0.10706835240125656,1.5118630454081023
37,88,down,366,True,0.0962054580450058,1.0605593997965823
37,89,down,9984,False,0.10610122233629227,1.4849704120412581
37,90,down,2,True,0.0963045135140419,1.0605593997965823
37,91,down,11062,False,0.11321529746055603,1.9584546347867366
37,92,down,40332,False,0.10889669507741928,1.4260166510120673
37,93,down,50850,False,0.1058347076177597,1.4524294390948254
37,94,down,1,True,0.0962517261505127,1.0605593997965823
37,95,down,30755,False,0.1051340252161026,1.1927602764891745
37,96,down,4,True,0.0961218923330307,1.0605593997965823
37,97,down,2617,False,0.11667369306087494,1.1577944876351054
37,98,down,31121,False,0.10874480754137039,1.3917971539996195
37,99,down,45837,False,0.10592573136091232,1.339050663843302
37,100,down,0,True,0.09641826152801514,1.0605593997965823
37,101,down,38292,False,0.10198131948709488,1.350220726706616
37,102,down,32783,False,0.105379618704319,1.200837959794514
37,103,down,24255,False,0.10804850608110428,1.494206838363876
37,104,down,7109,False,0.11986159533262253,1.6304533706260782
37,105,down,13600,False,0.10499469935894012,1.182757641529048
37,106,down,154305,False,0.10237284004688263,1.2256020895739952
37,107,down,23385,False,0.10202470421791077,1.184685307548558
37,108,down,65,True,0.09624632447957993,1.0605593997965823
37,109,down,32271,False,0.10634643584489822,1.2198024588533163
37,110,down,707,False,0.14800851047039032,3.6474228269775413
37,111,down,37,True,0.09645835310220718,1.0605593997965823
37,112,down,57951,False,0.1056482121348381,1.3951867311660393
37,113,down,32078,False,0.10445119440555573,1.3245251626683006
37,114,down,97,True,0.0963740423321724,1.0605593997965823
37,115,down,10240,False,0.10346973687410355,1.1837050448069755
37,116,down,3,True,0.09652484208345413,1.0605593997965823
37,117,down,20824,False,0.12051890790462494,1.4717327509714015
37,118,down,14437,False,0.11122544854879379,1.44695058758623
37,119,down,1883,False,0.12304392457008362,1.2033204734810776
37,120,down,26585,False,0.10560887306928635,1.2648807864514593
37,121,down,34656,False,0.1087525263428688,1.546499854403073
37,122,down,108,True,0.09624392539262772,1.0605593997965823
37,123,down,38083,False,0.10820049047470093,1.7042348926641735
37,124,down,11377,False,0.11179368197917938,1.4809337963545235
37,125,down,11443,False,0.1035558432340622,1.256915550602959
37,126,down,78,True,0.09644395858049393,1.0605593997965823
37,127,down,36501,False,0.10395891964435577,1.2061001083582403
38,0,gate_up,1030,False,0.14410942792892456,10.437421724119886
38,1,gate_up,9442,False,0.11945383995771408,13.003286197423094
38,2,gate_up,417,True,0.11367020756006241,12.063090394882698
38,3,gate_up,143970,False,0.11417265981435776,13.261867853775966
38,4,gate_up,12845,False,0.11828341335058212,11.239932960153308
38,5,gate_up,2,True,0.11350223422050476,12.063090394882698
38,6,gate_up,1552,False,0.14314357936382294,10.229435136023033
38,7,gate_up,13879,False,0.11858237534761429,13.053039564269406
38,8,gate_up,16597,False,0.11783087253570557,13.861088379816346
38,9,gate_up,25,True,0.11362149566411972,12.063090394882698
38,10,gate_up,28512,False,0.11440926045179367,13.664368535783048
38,11,gate_up,7690,False,0.12138161808252335,14.188234645748238
38,12,gate_up,5254,False,0.12436192482709885,13.152272576845558
38,13,gate_up,3,True,0.1136055514216423,12.063090394882698
38,14,gate_up,13157,False,0.11935540288686752,12.099680230248666
38,15,gate_up,45901,False,0.11579633504152298,13.242907908406254
38,16,gate_up,33488,False,0.11568539589643478,12.354148392372892
38,17,gate_up,19117,False,0.11592312902212143,12.842516469887777
38,18,gate_up,35858,False,0.11582409590482712,14.067100425976044
38,19,gate_up,486,True,0.1136917695403099,12.063090394882698
38,20,gate_up,20189,False,0.11507989466190338,14.396391593531652
38,21,gate_up,6376,False,0.12361814826726913,11.59422082694427
38,22,gate_up,46384,False,0.11584817618131638,11.702973796590928
38,23,gate_up,83439,False,0.11507464945316315,12.77457616107696
38,24,gate_up,5650,False,0.12539872527122498,9.203710595624159
38,25,gate_up,97,True,0.11350232362747192,12.063090394882698
38,26,gate_up,16331,False,0.11889240890741348,10.832577447129575
38,27,gate_up,897,False,0.14392103254795074,8.092859687476407
38,28,gate_up,34545,False,0.11564899981021881,13.786249978981491
38,29,gate_up,658,False,0.13688507676124573,8.133362805485767
38,30,gate_up,13366,False,0.11873392015695572,10.042086345697765
38,31,gate_up,1241,False,0.144679993391037,9.258525623106804
38,32,gate_up,9276,False,0.11765438318252563,12.460216516127783
38,33,gate_up,15101,False,0.11836829781532288,11.88937553396515
38,34,gate_up,46675,False,0.11631546914577484,13.021409800092547
38,35,gate_up,5,True,0.11341860890388489,12.063090394882698
38,36,gate_up,4406,False,0.12834350764751434,11.699766350049089
38,37,gate_up,3788,False,0.13004302978515625,10.613774227953762
38,38,gate_up,73610,False,0.11531062424182892,13.734850408533685
38,39,gate_up,51872,False,0.11580973118543625,12.389741700878124
38,40,gate_up,11724,False,0.11975578218698502,10.194033354356826
38,41,gate_up,7,True,0.11355548352003098,12.063090394882698
38,42,gate_up,348,True,0.1136026605963707,12.063090394882698
38,43,gate_up,71,True,0.11353611946105957,12.063090394882698
38,44,gate_up,42904,False,0.11629492789506912,13.547213236462229
38,45,gate_up,4,True,0.11369634419679642,12.063090394882698
38,46,gate_up,3312,False,0.13116827607154846,11.487573220816772
38,47,gate_up,20763,False,0.11727658659219742,12.78941522631673
38,48,gate_up,26669,False,0.1145114153623581,13.711313201659479
38,49,gate_up,13853,False,0.11905024945735931,10.42036169452193
38,50,gate_up,4477,False,0.12825793027877808,10.685904557173245
38,51,gate_up,14723,False,0.11834865808486938,10.442049451427387
38,52,gate_up,3666,False,0.12960709631443024,10.59767095046448
38,53,gate_up,56076,False,0.11517608165740967,11.789655594943865
38,54,gate_up,0,True,0.11349479854106903,12.063090394882698
38,55,gate_up,110181,False,0.11425003409385681,12.277621251867636
38,56,gate_up,3,True,0.11345887929201126,12.063090394882698
38,57,gate_up,70021,False,0.11497916281223297,12.599565010283376
38,58,gate_up,14564,False,0.11829153448343277,12.538308574434268
38,59,gate_up,1303,False,0.14994637668132782,6.758378355019548
38,60,gate_up,38633,False,0.11605888605117798,13.909724427800594
38,61,gate_up,3831,False,0.12641772627830505,12.010549793106787
38,62,gate_up,23587,False,0.11731705069541931,12.829076588329544
38,63,gate_up,3439,False,0.12730352580547333,13.332288310119626
38,64,gate_up,22597,False,0.1174561083316803,10.868536177417024
38,65,gate_up,4,True,0.11348338425159454,12.063090394882698
38,66,gate_up,27844,False,0.11782537400722504,13.618004282427918
38,67,gate_up,18059,False,0.11733409017324448,12.418339958958967
38,68,gate_up,34129,False,0.11542704701423645,12.192470815682224
38,69,gate_up,58064,False,0.11502546817064285,13.521536408355445
38,70,gate_up,144,True,0.11366541683673859,12.063090394882698
38,71,gate_up,28958,False,0.11661862581968307,13.939542596711764
38,72,gate_up,84,True,0.11351949721574783,12.063090394882698
38,73,gate_up,20050,False,0.1189408153295517,12.362309511370366
38,74,gate_up,3105,False,0.1329563707113266,11.653058807068751
38,75,gate_up,1818,False,0.13857558369636536,12.370054976323724
38,76,gate_up,13858,False,0.11974615603685379,12.061708753627634
38,77,gate_up,332,True,0.11367803066968918,12.063090394882698
38,78,gate_up,467,True,0.11350586265325546,12.063090394882698
38,79,gate_up,26026,False,0.11532454937696457,13.300862132047412
38,80,gate_up,28203,False,0.11585725843906403,13.505678079040784
38,81,gate_up,8510,False,0.11819887161254883,11.92276862682526
38,82,gate_up,16937,False,0.11827802658081055,11.123080052282825
38,83,gate_up,426,True,0.1135677695274353,12.063090394882698
38,84,gate_up,29212,False,0.11513874679803848,13.782960318478048
38,85,gate_up,3981,False,0.12730377912521362,12.631823628735109
38,86,gate_up,26933,False,0.11531805247068405,12.01986775469592
38,87,gate_up,12147,False,0.12055114656686783,11.504442317263475
38,88,gate_up,2240,False,0.1359490007162094,14.131273478076341
38,89,gate_up,1077,False,0.13831262290477753,9.523073053018587
38,90,gate_up,13661,False,0.11703517287969589,13.759326621286633
38,91,gate_up,36,True,0.11363118886947632,12.063090394882698
38,92,gate_up,30709,False,0.11704827845096588,10.87210758258937
38,93,gate_up,1704,False,0.1317947506904602,9.703349038006065
38,94,gate_up,250,True,0.11363237351179123,12.063090394882698
38,95,gate_up,13171,False,0.11961033195257187,12.173704708678637
38,96,gate_up,10687,False,0.11887556314468384,11.708881507874072
38,97,gate_up,336,True,0.11352140456438065,12.063090394882698
38,98,gate_up,20622,False,0.11653836071491241,12.211142458724249
38,99,gate_up,17977,False,0.11861186474561691,10.883945460986748
38,100,gate_up,13820,False,0.11648137867450714,12.76409610979579
38,101,gate_up,38307,False,0.11521920561790466,13.572728686839708
38,102,gate_up,18891,False,0.11773521453142166,13.676102910463989
38,103,gate_up,2,True,0.11362648010253906,12.063090394882698
38,104,gate_up,195,True,0.11367238312959671,12.063090394882698
38,105,gate_up,24179,False,0.11458723247051239,12.846235493352111
38,106,gate_up,23,True,0.11339317262172699,12.063090394882698
38,107,gate_up,538,False,0.12778277695178986,9.360332199130545
38,108,gate_up,15198,False,0.11869288235902786,11.63225428808061
38,109,gate_up,14008,False,0.11903441697359085,12.493791552760502
38,110,gate_up,24708,False,0.11661157757043839,10.687893722228095
38,111,gate_up,32673,False,0.1156044602394104,12.763238852612508
38,112,gate_up,216,True,0.11350076645612717,12.063090394882698
38,113,gate_up,31,True,0.11357764899730682,12.063090394882698
38,114,gate_up,7206,False,0.12236440926790237,8.195607477975859
38,115,gate_up,82572,False,0.11456437408924103,13.090112812888556
38,116,gate_up,209,True,0.11365944892168045,12.063090394882698
38,117,gate_up,1962,False,0.11829620599746704,15.954883348122015
38,118,gate_up,2692,False,0.1346764713525772,9.313078241652784
38,119,gate_up,16148,False,0.11770188063383102,11.966008099067153
38,120,gate_up,4,True,0.11351334303617477,12.063090394882698
38,121,gate_up,2665,False,0.1344841867685318,11.913633419925599
38,122,gate_up,7,True,0.11339394003152847,12.063090394882698
38,123,gate_up,10,True,0.11331534385681152,12.063090394882698
38,124,gate_up,9,True,0.1136002242565155,12.063090394882698
38,125,gate_up,12219,False,0.11716052889823914,12.652787213376104
38,126,gate_up,6987,False,0.12193062156438828,11.912229985980172
38,127,gate_up,25,True,0.1134735643863678,12.063090394882698
38,0,down,1030,False,0.14340639114379883,1.763892490861272
38,1,down,9442,False,0.1150645986199379,2.5484424748205727
38,2,down,417,True,0.09650924801826477,1.0788282838183747
38,3,down,143970,False,0.10490208119153976,1.3325889187732884
38,4,down,12845,False,0.11928479373455048,2.1177880155695963
38,5,down,2,True,0.09649865329265594,1.0788282838183747
38,6,down,1552,False,0.1257735639810562,1.5626071317824464
38,7,down,13879,False,0.10675480961799622,1.3042355016078628
38,8,down,16597,False,0.10697653144598007,1.4185032760155283
38,9,down,25,True,0.09657298773527145,1.0788282838183747
38,10,down,28512,False,0.10604865849018097,1.3303719095066748
38,11,down,7690,False,0.11850401014089584,1.6028186889007294
38,12,down,5254,False,0.11428877711296082,1.917550890521982
38,13,down,3,True,0.09645482897758484,1.0788282838183747
38,14,down,13157,False,0.11583662778139114,1.623019469431908
38,15,down,45901,False,0.1082005500793457,1.3436113305184298
38,16,down,33488,False,0.1106409803032875,1.6499083536001171
38,17,down,19117,False,0.12108680605888367,2.601018451235284
38,18,down,35858,False,0.11323059350252151,2.0762000082319205
38,19,down,486,True,0.09659712016582489,1.0788282838183747
38,20,down,20189,False,0.11790455132722855,3.7116377393344777
38,21,down,6376,False,0.11528906971216202,1.506456224616571
38,22,down,46384,False,0.10397208482027054,1.2626466463558788
38,23,down,83439,False,0.10222047567367554,1.5537746160852888
38,24,down,5650,False,0.10968958586454391,1.165649473039277
38,25,down,97,True,0.09651262313127518,1.0788282838183747
38,26,down,16331,False,0.11016358435153961,1.2918892711717798
38,27,down,897,False,0.1488480567932129,1.2542134869394037
38,28,down,34545,False,0.10735102742910385,1.672791857554712
38,29,down,658,False,0.16075967252254486,1.5412790319509917
38,30,down,13366,False,0.10553857684135437,1.2985596554765038
38,31,down,1241,False,0.1356380581855774,1.6223738323577737
38,32,down,9276,False,0.12337568402290344,2.6557185531641436
38,33,down,15101,False,0.11694991588592529,1.4911397457158246
38,34,down,46675,False,0.10494343936443329,1.5115517057091932
38,35,down,5,True,0.09649153798818588,1.0788282838183747
38,36,down,4406,False,0.11491917073726654,1.575725959611163
38,37,down,3788,False,0.11371106654405594,1.7276125228443644
38,38,down,73610,False,0.1083201915025711,1.3613381516849783
38,39,down,51872,False,0.10374262183904648,1.3847990834577981
38,40,down,11724,False,0.10731780529022217,1.4626035411614589
38,41,down,7,True,0.09662944823503494,1.0788282838183747
38,42,down,348,True,0.09645584970712662,1.0788282838183747
38,43,down,71,True,0.09663168340921402,1.0788282838183747
38,44,down,42904,False,0.1033240482211113,1.31757051704528
38,45,down,4,True,0.09655572474002838,1.0788282838183747
38,46,down,3312,False,0.11799152195453644,2.181738246807781
38,47,down,20763,False,0.10744486004114151,1.249704972625346
38,48,down,26669,False,0.1139080673456192,1.7425798462012247
38,49,down,13853,False,0.11368820071220398,2.2462753469331727
38,50,down,4477,False,0.11386574059724808,1.7266275845000187
38,51,down,14723,False,0.10672662407159805,1.2836451769033004
38,52,down,3666,False,0.11041389405727386,1.2544977291215156
38,53,down,56076,False,0.10523959249258041,1.2724111549278123
38,54,down,0,True,0.09641341120004654,1.0788282838183747
38,55,down,110181,False,0.11111658811569214,2.7686288010878415
38,56,down,3,True,0.09654315561056137,1.0788282838183747
38,57,down,70021,False,0.10384246706962585,1.466763643426728
38,58,down,14564,False,0.10814071446657181,1.8271749814727827
38,59,down,1303,False,0.12583404779434204,1.2565763837781125
38,60,down,38633,False,0.1071346327662468,1.4466290221608633
38,61,down,3831,False,0.1211179792881012,2.707281864944
38,62,down,23587,False,0.11041323840618134,1.435112957753081
38,63,down,3439,False,0.11987221240997314,1.5804221895625405
38,64,down,22597,False,0.10888969153165817,1.2539990269222976
38,65,down,4,True,0.09664144366979599,1.0788282838183747
38,66,down,27844,False,0.11357519030570984,1.416483784119956
38,67,down,18059,False,0.11599867790937424,1.6651752421908663
38,68,down,34129,False,0.11201924085617065,1.4308824644310227
38,69,down,58064,False,0.11069723218679428,1.4988446447441968
38,70,down,144,True,0.0967073068022728,1.0788282838183747
38,71,down,28958,False,0.10843600332736969,1.4138245062775108
38,72,down,84,True,0.09648600965738297,1.0788282838183747
38,73,down,20050,False,0.11158934235572815,1.6015705730460694
38,74,down,3105,False,0.12001336365938187,1.6810233572906546
38,75,down,1818,False,0.12514737248420715,1.5193364399346345
38,76,down,13858,False,0.10680379718542099,1.322481160903255
38,77,down,332,True,0.09642732888460159,1.0788282838183747
38,78,down,467,True,0.09657292813062668,1.0788282838183747
38,79,down,26026,False,0.11022938042879105,1.5709846530837654
38,80,down,28203,False,0.11109468340873718,1.571086091618033
38,81,down,8510,False,0.11992805451154709,2.207609911545939
38,82,down,16937,False,0.10937618464231491,1.2110777715636756
38,83,down,426,True,0.09660062938928604,1.0788282838183747
38,84,down,29212,False,0.10797915607690811,1.372881081855615
38,85,down,3981,False,0.1267412304878235,3.365887444964246
38,86,down,26933,False,0.11233653873205185,2.1123988220896814
38,87,down,12147,False,0.10748162865638733,1.3223273946017158
38,88,down,2240,False,0.12164758145809174,1.6509182761834833
38,89,down,1077,False,0.14128795266151428,1.9534328619816732
38,90,down,13661,False,0.1218140497803688,1.8880960071147879
38,91,down,36,True,0.09651128202676773,1.0788282838183747
38,92,down,30709,False,0.10542429983615875,1.1892291986501387
38,93,down,1704,False,0.13308382034301758,2.205465815336802
38,94,down,250,True,0.09647975116968155,1.0788282838183747
38,95,down,13171,False,0.10713498294353485,1.4251967754872676
38,96,down,10687,False,0.10719367861747742,1.2857553315334507
38,97,down,336,True,0.09639662504196167,1.0788282838183747
38,98,down,20622,False,0.11493384093046188,1.6237647099899062
38,99,down,17977,False,0.10305002331733704,1.2354607822517443
38,100,down,13820,False,0.1232733428478241,2.004242844777107
38,101,down,38307,False,0.10720270872116089,1.2616832174941615
38,102,down,18891,False,0.11056412756443024,1.2392344859933828
38,103,down,2,True,0.09660199284553528,1.0788282838183747
38,104,down,195,True,0.09646288305521011,1.0788282838183747
38,105,down,24179,False,0.11358636617660522,1.480995259348091
38,106,down,23,True,0.09645277261734009,1.0788282838183747
38,107,down,538,False,0.15426599979400635,2.262272324631475
38,108,down,15198,False,0.10844991356134415,1.2719956808711521
38,109,down,14008,False,0.11153578758239746,1.555665089276189
38,110,down,24708,False,0.1091613918542862,1.3799533373545452
38,111,down,32673,False,0.1034013032913208,1.18763759816771
38,112,down,216,True,0.0964726060628891,1.0788282838183747
38,113,down,31,True,0.09667155146598816,1.0788282838183747
38,114,down,7206,False,0.10710302740335464,1.3764042637801004
38,115,down,82572,False,0.10560592263936996,1.4052149611770275
38,116,down,209,True,0.09657922387123108,1.0788282838183747
38,117,down,1962,False,0.13038383424282074,3.500937381272495
38,118,down,2692,False,0.11422905325889587,1.4525428744017654
38,119,down,16148,False,0.11847794055938721,1.4853677645765238
38,120,down,4,True,0.0965045839548111,1.0788282838183747
38,121,down,2665,False,0.1274469494819641,1.8818395057352424
38,122,down,7,True,0.0964566171169281,1.0788282838183747
38,123,down,10,True,0.09650050848722458,1.0788282838183747
38,124,down,9,True,0.09664056450128555,1.0788282838183747
38,125,down,12219,False,0.11711090803146362,2.0804577893745164
38,126,down,6987,False,0.12698139250278473,1.4836944799619352
38,127,down,25,True,0.09651020914316177,1.0788282838183747
39,0,gate_up,24565,False,0.11518465727567673,10.341449098403457
39,1,gate_up,43303,False,0.11397738754749298,11.429914877892267
39,2,gate_up,8086,False,0.11993512511253357,10.129080793870978
39,3,gate_up,59382,False,0.11216863989830017,12.357787154473995
39,4,gate_up,33791,False,0.11335182934999466,13.502041699660444
39,5,gate_up,72,True,0.11130525171756744,10.903797280367854
39,6,gate_up,62991,False,0.11239683628082275,12.250423872285738
39,7,gate_up,43084,False,0.1135462075471878,11.201145536839158
39,8,gate_up,21976,False,0.11552567780017853,11.050210255233502
39,9,gate_up,13979,False,0.11716265976428986,11.698431804049047
39,10,gate_up,395,True,0.11114934831857681,10.903797280367854
39,11,gate_up,5167,False,0.12343796342611313,13.145927836818208
39,12,gate_up,485,True,0.11118344962596893,10.903797280367854
39,13,gate_up,545,False,0.13327258825302124,10.475133758926022
39,14,gate_up,968,False,0.1440066546201706,9.895425233256963
39,15,gate_up,58,True,0.11125115305185318,10.903797280367854
39,16,gate_up,85050,False,0.11261282861232758,12.434892171911033
39,17,gate_up,131773,False,0.11208435148000717,11.904825923822088
39,18,gate_up,4413,False,0.126563161611557,10.936433559282671
39,19,gate_up,183,True,0.11108768731355667,10.903797280367854
39,20,gate_up,45168,False,0.1134958490729332,13.417475532809586
39,21,gate_up,101,True,0.11129423975944519,10.903797280367854
39,22,gate_up,19,True,0.11115873605012894,10.903797280367854
39,23,gate_up,28325,False,0.11319492757320404,13.604715733715155
39,24,gate_up,1271,False,0.14242087304592133,9.171518604564776
39,25,gate_up,28352,False,0.11460307240486145,10.060807445731996
39,26,gate_up,889,False,0.12552890181541443,12.8841280627719
39,27,gate_up,2172,False,0.14190082252025604,8.181855620005395
39,28,gate_up,8146,False,0.12035751342773438,10.701526740508069
39,29,gate_up,21266,False,0.11597401648759842,11.535229154382703
39,30,gate_up,35021,False,0.11410662531852722,10.825255093255295
39,31,gate_up,3469,False,0.1293364316225052,10.074773721998232
39,32,gate_up,56298,False,0.11320844292640686,12.085391855704822
39,33,gate_up,5253,False,0.1234806701540947,10.773474210998605
39,34,gate_up,32106,False,0.1130099892616272,12.621946069322101
39,35,gate_up,7245,False,0.12050426006317139,12.151804632071542
39,36,gate_up,824,False,0.13283886015415192,13.21539138706739
39,37,gate_up,21418,False,0.11478019505739212,10.604978955683485
39,38,gate_up,74,True,0.11089089512825012,10.903797280367854
39,39,gate_up,5543,False,0.12246304750442505,7.80914465209567
39,40,gate_up,148461,False,0.11201942712068558,12.230513642796906
39,41,gate_up,10310,False,0.11576032638549805,10.581561585750048
39,42,gate_up,7,True,0.111125648021698,10.903797280367854
39,43,gate_up,2,True,0.11100678890943527,10.903797280367854
39,44,gate_up,7,True,0.11128930002450943,10.903797280367854
39,45,gate_up,21342,False,0.11567699164152145,11.534675361022272
39,46,gate_up,5756,False,0.12358561158180237,10.123673538685777
39,47,gate_up,44,True,0.11103632301092148,10.903797280367854
39,48,gate_up,2770,False,0.13304272294044495,14.919939116910749
39,49,gate_up,11241,False,0.11839950829744339,9.722824966244046
39,50,gate_up,6018,False,0.12135143578052521,8.881856233014716
39,51,gate_up,34443,False,0.11396219581365585,10.52203711999732
39,52,gate_up,19470,False,0.11436934769153595,9.680154099118731
39,53,gate_up,280,True,0.11110478639602661,10.903797280367854
39,54,gate_up,24153,False,0.1151537150144577,11.188055910747355
39,55,gate_up,13847,False,0.1169082298874855,10.649672756065456
39,56,gate_up,16222,False,0.11615190654993057,11.522877819261712
39,57,gate_up,22045,False,0.114790178835392,11.230885339379824
39,58,gate_up,11759,False,0.11734490096569061,9.345300189324217
39,59,gate_up,2121,False,0.12438274174928665,11.336359148061794
39,60,gate_up,30922,False,0.11403582245111465,12.577409658133432
39,61,gate_up,17685,False,0.11461658775806427,11.66254700139724
39,62,gate_up,1,True,0.11107659339904785,10.903797280367854
39,63,gate_up,3630,False,0.12689317762851715,12.915396167501468
39,64,gate_up,780,False,0.13295431435108185,9.612232463899693
39,65,gate_up,75,True,0.11109507083892822,10.903797280367854
39,66,gate_up,44,True,0.11116988956928253,10.903797280367854
39,67,gate_up,14,True,0.11092659085988998,10.903797280367854
39,68,gate_up,116,True,0.11115707457065582,10.903797280367854
39,69,gate_up,15571,False,0.11628489196300507,11.69637897503078
39,70,gate_up,17686,False,0.11558809131383896,11.85329127425539
39,71,gate_up,32405,False,0.11380768567323685,11.707462422438809
39,72,gate_up,12247,False,0.11680279672145844,11.543178587470605
39,73,gate_up,239,True,0.11130142956972122,10.903797280367854
39,74,gate_up,4,True,0.11090303212404251,10.903797280367854
39,75,gate_up,6033,False,0.1210426390171051,14.01566711367922
39,76,gate_up,827,False,0.13841032981872559,11.004605434412607
39,77,gate_up,43129,False,0.1139252558350563,10.208741738859015
39,78,gate_up,16338,False,0.11568103730678558,12.365728809411987
39,79,gate_up,257,True,0.11116738617420197,10.903797280367854
39,80,gate_up,11584,False,0.11824800819158554,11.657815058633405
39,81,gate_up,496,True,0.11131016165018082,10.903797280367854
39,82,gate_up,15953,False,0.11662416905164719,11.27190839243493
39,83,gate_up,18566,False,0.11578337103128433,11.300142361510687
39,84,gate_up,103,True,0.11126112192869186,10.903797280367854
39,85,gate_up,27557,False,0.11319150030612946,13.551903482609195
39,86,gate_up,6078,False,0.12311156094074249,11.967422370550544
39,87,gate_up,28125,False,0.11393804103136063,10.634341063149312
39,88,gate_up,93,True,0.11126626282930374,10.903797280367854
39,89,gate_up,65751,False,0.11294487863779068,11.531796237084833
39,90,gate_up,20261,False,0.11489179730415344,12.143879015680035
39,91,gate_up,16606,False,0.11616715788841248,10.343832920678366
39,92,gate_up,0,True,0.11113036423921585,10.903797280367854
39,93,gate_up,713,False,0.12369918078184128,10.31249906980174
39,94,gate_up,36963,False,0.11383707821369171,11.711595527257005
39,95,gate_up,38445,False,0.11412351578474045,12.11436322014347
39,96,gate_up,11215,False,0.11674702167510986,8.791489160135006
39,97,gate_up,4,True,0.11099384725093842,10.903797280367854
39,98,gate_up,33390,False,0.11407535523176193,11.223443251210382
39,99,gate_up,27,True,0.1110263392329216,10.903797280367854
39,100,gate_up,32635,False,0.11360590159893036,12.011985018433792
39,101,gate_up,22958,False,0.11406874656677246,12.481054771996353
39,102,gate_up,2450,False,0.1364862471818924,13.19188279881675
39,103,gate_up,21191,False,0.11485447734594345,13.25288806903637
39,104,gate_up,2070,False,0.13991236686706543,9.935294059018691
39,105,gate_up,81,True,0.11129675805568695,10.903797280367854
39,106,gate_up,30821,False,0.11438988149166107,10.969024105876732
39,107,gate_up,33674,False,0.11404068768024445,13.34408710417583
39,108,gate_up,28,True,0.1112007349729538,10.903797280367854
39,109,gate_up,15885,False,0.11607307940721512,9.387846927559867
39,110,gate_up,12292,False,0.11747365444898605,9.321524064983302
39,111,gate_up,60,True,0.11115840077400208,10.903797280367854
39,112,gate_up,290,True,0.11124425381422043,10.903797280367854
39,113,gate_up,81,True,0.11105658859014511,10.903797280367854
39,114,gate_up,1,True,0.11107365787029266,10.903797280367854
39,115,gate_up,2546,False,0.1355261653661728,9.098818724990407
39,116,gate_up,19504,False,0.11563606560230255,10.212654819629181
39,117,gate_up,5129,False,0.12512901425361633,10.985595812094191
39,118,gate_up,1197,False,0.14322316646575928,10.409216992683268
39,119,gate_up,257,True,0.11097176373004913,10.903797280367854
39,120,gate_up,30425,False,0.11450683325529099,12.163130189111184
39,121,gate_up,60870,False,0.11280255019664764,12.010323009935881
39,122,gate_up,559,False,0.12475327402353287,10.659494118686807
39,123,gate_up,76,True,0.11105163395404816,10.903797280367854
39,124,gate_up,101,True,0.111009381711483,10.903797280367854
39,125,gate_up,28122,False,0.11474549025297165,10.904974638955077
39,126,gate_up,25811,False,0.11551045626401901,12.733507114724512
39,127,gate_up,24581,False,0.11446058750152588,10.343603497088319
39,0,down,24565,False,0.1133665218949318,1.4244324090873048
39,1,down,43303,False,0.10352340340614319,1.5353590657081857
39,2,down,8086,False,0.12665200233459473,2.9639515061328376
39,3,down,59382,False,0.10587342828512192,1.5697496273456957
39,4,down,33791,False,0.11402485519647598,1.5163209091456515
39,5,down,72,True,0.09675441682338715,1.121264954932786
39,6,down,62991,False,0.10465077310800552,1.3320696286127893
39,7,down,43084,False,0.10496822744607925,1.322255375119957
39,8,down,21976,False,0.1055663526058197,1.3526557456247992
39,9,down,13979,False,0.11148934811353683,1.3215678888554716
39,10,down,395,True,0.09681039303541183,1.121264954932786
39,11,down,5167,False,0.11837075650691986,1.5612550814575379
39,12,down,485,True,0.09688862413167953,1.121264954932786
39,13,down,545,False,0.16327129304409027,1.6350585125490797
39,14,down,968,False,0.14669100940227509,1.5425544553263517
39,15,down,58,True,0.09673066437244415,1.121264954932786
39,16,down,85050,False,0.10977229475975037,1.4564804884760665
39,17,down,131773,False,0.10354635119438171,1.3504292321369216
39,18,down,4413,False,0.1143251582980156,1.4313237054907175
39,19,down,183,True,0.09696085005998611,1.121264954932786
39,20,down,45168,False,0.11020975559949875,1.8376144865444035
39,21,down,101,True,0.09684685617685318,1.121264954932786
39,22,down,19,True,0.09685371071100235,1.121264954932786
39,23,down,28325,False,0.10567823797464371,1.3866792511321122
39,24,down,1271,False,0.13470971584320068,1.783986965679052
39,25,down,28352,False,0.10982805490493774,1.3935028623083054
39,26,down,889,False,0.1425495743751526,2.0339470091311136
39,27,down,2172,False,0.11702235043048859,1.2076598595309977
39,28,down,8146,False,0.11979721486568451,1.4988872597454779
39,29,down,21266,False,0.12301132082939148,1.2993022781140264
39,30,down,35021,False,0.11033262312412262,1.2325438674234106
39,31,down,3469,False,0.12415151298046112,2.5481844413881842
39,32,down,56298,False,0.10859107226133347,1.971824233256308
39,33,down,5253,False,0.12403211742639542,1.5607478666773666
39,34,down,32106,False,0.10826840251684189,1.376984718739651
39,35,down,7245,False,0.10886070132255554,1.413652146997385
39,36,down,824,False,0.15514296293258667,1.803241984747229
39,37,down,21418,False,0.1090826615691185,1.2448037753079018
39,38,down,74,True,0.09689267724752426,1.121264954932786
39,39,down,5543,False,0.10969248414039612,1.4787912282806785
39,40,down,148461,False,0.10507259517908096,1.4006582245587056
39,41,down,10310,False,0.12305845320224762,4.104342898235649
39,42,down,7,True,0.09681079536676407,1.121264954932786
39,43,down,2,True,0.09664075076580048,1.121264954932786
39,44,down,7,True,0.09698078781366348,1.121264954932786
39,45,down,21342,False,0.12065248191356659,1.3944592001913623
39,46,down,5756,False,0.11263450235128403,1.1412717913943635
39,47,down,44,True,0.0967111811041832,1.121264954932786
39,48,down,2770,False,0.11979712545871735,1.58738994652845
39,49,down,11241,False,0.11733615398406982,1.8868819569383866
39,50,down,6018,False,0.10508572310209274,1.1452540508757976
39,51,down,34443,False,0.10677260160446167,1.154367851885693
39,52,down,19470,False,0.1238868460059166,2.566200164218282
39,53,down,280,True,0.09675932675600052,1.121264954932786
39,54,down,24153,False,0.1130271628499031,1.4360923468125621
39,55,down,13847,False,0.10417494922876358,1.3577579710352095
39,56,down,16222,False,0.1067657321691513,1.1818212759005635
39,57,down,22045,False,0.1069125235080719,1.3812035711742465
39,58,down,11759,False,0.10939349234104156,1.2771810709625493
39,59,down,2121,False,0.1299021989107132,4.245646286495507
39,60,down,30922,False,0.10744636505842209,1.6842057598006472
39,61,down,17685,False,0.10850398242473602,1.285482682320365
39,62,down,1,True,0.09690094739198685,1.121264954932786
39,63,down,3630,False,0.11788394302129745,1.5966026668258033
39,64,down,780,False,0.15255706012248993,1.7903101423744512
39,65,down,75,True,0.09683835506439209,1.121264954932786
39,66,down,44,True,0.0968671515583992,1.121264954932786
39,67,down,14,True,0.09681376069784164,1.121264954932786
39,68,down,116,True,0.09680653363466263,1.121264954932786
39,69,down,15571,False,0.10624803602695465,1.5157050552620317
39,70,down,17686,False,0.12237345427274704,2.3983311778913663
39,71,down,32405,False,0.10846876353025436,1.4074725596444426
39,72,down,12247,False,0.11077365279197693,1.4221019960846573
39,73,down,239,True,0.09688504040241241,1.121264954932786
39,74,down,4,True,0.09679669141769409,1.121264954932786
39,75,down,6033,False,0.12088719010353088,3.3155783284514238
39,76,down,827,False,0.14746932685375214,1.691347838599066
39,77,down,43129,False,0.10226503759622574,1.1816358202092194
39,78,down,16338,False,0.10657204687595367,1.3368186103035642
39,79,down,257,True,0.09690002351999283,1.121264954932786
39,80,down,11584,False,0.11888040602207184,1.462043581300352
39,81,down,496,True,0.09671788662672043,1.121264954932786
39,82,down,15953,False,0.10593027621507645,1.3283590982414868
39,83,down,18566,False,0.10953672230243683,1.2773548867167994
39,84,down,103,True,0.09688274562358856,1.121264954932786
39,85,down,27557,False,0.11492937058210373,1.5551575643195776
39,86,down,6078,False,0.11085713654756546,1.53653386300383
39,87,down,28125,False,0.10854561626911163,1.3041524249354612
39,88,down,93,True,0.09686513245105743,1.121264954932786
39,89,down,65751,False,0.10758066177368164,1.508868579415867
39,90,down,20261,False,0.10864733904600143,1.2705536590618542
39,91,down,16606,False,0.10345517098903656,1.263465151393538
39,92,down,0,True,0.09682685881853104,1.121264954932786
39,93,down,713,False,0.1445767879486084,3.712150765603387
39,94,down,36963,False,0.10557443648576736,1.350605845561173
39,95,down,38445,False,0.10638611018657684,1.5793393399558033
39,96,down,11215,False,0.10438753664493561,1.2827454320872829
39,97,down,4,True,0.09677087515592575,1.121264954932786
39,98,down,33390,False,0.10688356310129166,1.2606402068227585
39,99,down,27,True,0.09687365591526031,1.121264954932786
39,100,down,32635,False,0.11091706156730652,1.2216598286244515
39,101,down,22958,False,0.12265799939632416,3.709660152159618
39,102,down,2450,False,0.12616096436977386,1.6213548690794717
39,103,down,21191,False,0.11388153582811356,1.863603093981811
39,104,down,2070,False,0.12212049216032028,1.4057163906962724
39,105,down,81,True,0.09672080725431442,1.121264954932786
39,106,down,30821,False,0.10475122928619385,1.2123789967071528
39,107,down,33674,False,0.1108364537358284,1.3637012850753563
39,108,down,28,True,0.09681478142738342,1.121264954932786
39,109,down,15885,False,0.1082945168018341,1.2005893482793062
39,110,down,12292,False,0.10314502567052841,1.1417580091146395
39,111,down,60,True,0.09690332412719727,1.121264954932786
39,112,down,290,True,0.09687075018882751,1.121264954932786
39,113,down,81,True,0.09672565013170242,1.121264954932786
39,114,down,1,True,0.09678877145051956,1.121264954932786
39,115,down,2546,False,0.11507254838943481,1.3944648291704442
39,116,down,19504,False,0.1082535833120346,1.508998340709328
39,117,down,5129,False,0.12028320133686066,1.8657780475243104
39,118,down,1197,False,0.13206835091114044,1.4718864107467975
39,119,down,257,True,0.0967247411608696,1.121264954932786
39,120,down,30425,False,0.11094074696302414,1.5727623099474006
39,121,down,60870,False,0.10352268069982529,1.2113059825230517
39,122,down,559,False,0.15179376304149628,2.8345532131274944
39,123,down,76,True,0.09681805223226547,1.121264954932786
39,124,down,101,True,0.09672156721353531,1.121264954932786
39,125,down,28122,False,0.1052100881934166,1.2831439998801177
39,126,down,25811,False,0.10810087621212006,1.8386769710776103
39,127,down,24581,False,0.11817143857479095,2.267635048665657
40,0,gate_up,19473,False,0.11619117856025696,10.768982940962045
40,1,gate_up,1136,False,0.13669466972351074,11.373907561666005
40,2,gate_up,50,True,0.11106809228658676,10.561165283262149
40,3,gate_up,17,True,0.11125742644071579,10.561165283262149
40,4,gate_up,12855,False,0.11645561456680298,10.820227062684294
40,5,gate_up,3304,False,0.12342614680528641,10.078384062690168
40,6,gate_up,6842,False,0.12042219936847687,10.471618108865181
40,7,gate_up,19794,False,0.11536785960197449,11.057479568271662
40,8,gate_up,26647,False,0.11372384428977966,12.701972224065852
40,9,gate_up,4668,False,0.1263512820005417,10.098535972099368
40,10,gate_up,874,False,0.13184213638305664,10.524239936585616
40,11,gate_up,16629,False,0.11588189005851746,12.42800386853134
40,12,gate_up,15523,False,0.11528848856687546,11.908647231719867
40,13,gate_up,30312,False,0.11500006169080734,9.887508921257872
40,14,gate_up,108261,False,0.11238540709018707,10.618677906237409
40,15,gate_up,28483,False,0.11439207196235657,12.047599065724084
40,16,gate_up,51586,False,0.11375389993190765,11.637241482412259
40,17,gate_up,2553,False,0.13068947196006775,10.40756074362249
40,18,gate_up,3123,False,0.13147708773612976,10.55702155550075
40,19,gate_up,5163,False,0.12330492585897446,7.636268539911779
40,20,gate_up,34341,False,0.11381296068429947,11.598614227348877
40,21,gate_up,3,True,0.11114439368247986,10.561165283262149
40,22,gate_up,5033,False,0.12588222324848175,8.915510887009356
40,23,gate_up,7793,False,0.1198502704501152,11.287018310360258
40,24,gate_up,3558,False,0.13114143908023834,12.290361107683308
40,25,gate_up,313,True,0.11113114655017853,10.561165283262149
40,26,gate_up,78925,False,0.1120249554514885,10.430584698668731
40,27,gate_up,14937,False,0.11650019139051437,9.968715165100932
40,28,gate_up,18941,False,0.115072101354599,10.031839299269869
40,29,gate_up,37315,False,0.11408954858779907,11.935614063505582
40,30,gate_up,118558,False,0.11227918416261673,10.842216215314048
40,31,gate_up,3,True,0.1110410988330841,10.561165283262149
40,32,gate_up,2603,False,0.13589595258235931,12.684223615903646
40,33,gate_up,6579,False,0.1216689795255661,9.861033316690497
40,34,gate_up,348,True,0.11119072884321213,10.561165283262149
40,35,gate_up,25575,False,0.11487118899822235,9.345530610822056
40,36,gate_up,2066,False,0.13924257457256317,8.706459251218526
40,37,gate_up,19101,False,0.11612258106470108,9.530211432124336
40,38,gate_up,4,True,0.11105978488922119,10.561165283262149
40,39,gate_up,24046,False,0.114924356341362,10.57455995636631
40,40,gate_up,18593,False,0.11542295664548874,10.981654064636638
40,41,gate_up,2051,False,0.14035847783088684,10.546682808780968
40,42,gate_up,7408,False,0.11833039671182632,11.347226965631227
40,43,gate_up,50556,False,0.11370103061199188,10.678305215158236
40,44,gate_up,45584,False,0.11389584094285965,12.64112664945527
40,45,gate_up,19753,False,0.11583875864744186,11.812104286290007
40,46,gate_up,283,True,0.11120519787073135,10.561165283262149
40,47,gate_up,8,True,0.11110664904117584,10.561165283262149
40,48,gate_up,18194,False,0.11591663211584091,9.874271051011076
40,49,gate_up,303,True,0.11127045750617981,10.561165283262149
40,50,gate_up,10366,False,0.12006562203168869,10.988759708364155
40,51,gate_up,27082,False,0.11473853886127472,10.015551258361102
40,52,gate_up,17648,False,0.11472446471452713,9.131095534680398
40,53,gate_up,1193,False,0.14831113815307617,7.2889421061885455
40,54,gate_up,33178,False,0.11382611095905304,11.512401661433302
40,55,gate_up,25908,False,0.11437004059553146,13.164272241592919
40,56,gate_up,3,True,0.11105279624462128,10.561165283262149
40,57,gate_up,4736,False,0.12616705894470215,9.432253537789181
40,58,gate_up,1611,False,0.11954905837774277,16.73198503526141
40,59,gate_up,67,True,0.11116064339876175,10.561165283262149
40,60,gate_up,19928,False,0.11537449806928635,12.312606728003212
40,61,gate_up,4,True,0.11112663894891739,10.561165283262149
40,62,gate_up,4558,False,0.1278022825717926,10.862879947034664
40,63,gate_up,2142,False,0.1392945647239685,8.132413054067626
40,64,gate_up,154,True,0.11124825477600098,10.561165283262149
40,65,gate_up,14696,False,0.11674301326274872,10.049671819140276
40,66,gate_up,12,True,0.11128918081521988,10.561165283262149
40,67,gate_up,102,True,0.11131821572780609,10.561165283262149
40,68,gate_up,159,True,0.11118555068969727,10.561165283262149
40,69,gate_up,44,True,0.11118116974830627,10.561165283262149
40,70,gate_up,1422,False,0.13011132180690765,10.101040397763166
40,71,gate_up,68,True,0.11127381771802902,10.561165283262149
40,72,gate_up,8373,False,0.11886755377054214,7.806273096551823
40,73,gate_up,16479,False,0.1166248545050621,15.238360268436807
40,74,gate_up,4154,False,0.12756872177124023,9.785146766017135
40,75,gate_up,46117,False,0.11364448070526123,11.311456941490048
40,76,gate_up,2135,False,0.1300898790359497,10.88416463314991
40,77,gate_up,39881,False,0.11392591893672943,12.056277367553754
40,78,gate_up,26474,False,0.11461716890335083,11.174390962159686
40,79,gate_up,21184,False,0.11531929671764374,10.448760734482999
40,80,gate_up,93766,False,0.11248283833265305,11.424501759351944
40,81,gate_up,15376,False,0.1163758933544159,12.936924245550111
40,82,gate_up,18896,False,0.11559280008077621,9.6881575180173
40,83,gate_up,36529,False,0.11430531740188599,11.802286795705038
40,84,gate_up,2910,False,0.13206058740615845,12.030219436698939
40,85,gate_up,2492,False,0.1352153867483139,10.51377334537163
40,86,gate_up,0,True,0.11120041459798813,10.561165283262149
40,87,gate_up,188,True,0.11112034320831299,10.561165283262149
40,88,gate_up,0,True,0.11114078015089035,10.561165283262149
40,89,gate_up,8483,False,0.11963372677564621,11.023834788945793
40,90,gate_up,27247,False,0.11578884720802307,9.76094772696975
40,91,gate_up,1841,False,0.13991793990135193,9.747766691721933
40,92,gate_up,764,False,0.12933124601840973,10.139997322420458
40,93,gate_up,12762,False,0.11817074567079544,11.49210980853249
40,94,gate_up,14162,False,0.11757761985063553,10.53326307290193
40,95,gate_up,170,True,0.11113478988409042,10.561165283262149
40,96,gate_up,4,True,0.11098922044038773,10.561165283262149
40,97,gate_up,5000,False,0.12656685709953308,9.598370882759852
40,98,gate_up,76,True,0.11123330891132355,10.561165283262149
40,99,gate_up,2032,False,0.12034658342599869,14.220460561682115
40,100,gate_up,23439,False,0.11662445962429047,10.310753818998059
40,101,gate_up,28670,False,0.1147930771112442,9.218667311277382
40,102,gate_up,45329,False,0.11370179802179337,10.730561155572797
40,103,gate_up,3680,False,0.1231335699558258,9.97607850232071
40,104,gate_up,8,True,0.11089248955249786,10.561165283262149
40,105,gate_up,45142,False,0.11389191448688507,11.763709848488604
40,106,gate_up,11303,False,0.11999832093715668,10.406433818313578
40,107,gate_up,5186,False,0.12278122454881668,10.710299070053582
40,108,gate_up,53860,False,0.11261557042598724,12.741032056709402
40,109,gate_up,19954,False,0.11513583362102509,10.400589305926893
40,110,gate_up,29413,False,0.11428751051425934,12.356249232113772
40,111,gate_up,11450,False,0.11690602451562881,11.95128588817701
40,112,gate_up,20614,False,0.11719589680433273,9.744777356104509
40,113,gate_up,4887,False,0.12465688586235046,9.923019707791722
40,114,gate_up,56395,False,0.11292126029729843,11.960938659264155
40,115,gate_up,38462,False,0.11312999576330185,9.823204176351629
40,116,gate_up,31,True,0.11105316877365112,10.561165283262149
40,117,gate_up,5998,False,0.1233932375907898,10.004892499395392
40,118,gate_up,64,True,0.11113030463457108,10.561165283262149
40,119,gate_up,22491,False,0.1141984611749649,11.639216779487079
40,120,gate_up,2,True,0.11112614721059799,10.561165283262149
40,121,gate_up,35380,False,0.11357778310775757,11.631135274332571
40,122,gate_up,79,True,0.11118221282958984,10.561165283262149
40,123,gate_up,24303,False,0.11515769362449646,11.290003018608491
40,124,gate_up,30503,False,0.11366722732782364,13.072226327024335
40,125,gate_up,4,True,0.11127004772424698,10.561165283262149
40,126,gate_up,1319,False,0.13864386081695557,10.60172795390322
40,127,gate_up,86542,False,0.11249054968357086,11.042178746281893
40,0,down,19473,False,0.1271817982196808,1.4598869641180532
40,1,down,1136,False,0.13703608512878418,2.621065758595172
40,2,down,50,True,0.09676654636859894,1.0876799071697811
40,3,down,17,True,0.09675964713096619,1.0876799071697811
40,4,down,12855,False,0.11434175074100494,1.4398131727669563
40,5,down,3304,False,0.1286732405424118,3.6358992881355037
40,6,down,6842,False,0.12429086118936539,1.182854567585489
40,7,down,19794,False,0.1168515607714653,1.2177399879191209
40,8,down,26647,False,0.11196178942918777,1.4692074806399036
40,9,down,4668,False,0.11451546847820282,1.4284748158319653
40,10,down,874,False,0.1482742428779602,3.642615306354905
40,11,down,16629,False,0.11476590484380722,1.4840572087388764
40,12,down,15523,False,0.11873435229063034,1.8431987512917165
40,13,down,30312,False,0.10778873413801193,1.4944088893216652
40,14,down,108261,False,0.10638962686061859,1.6634930828774832
40,15,down,28483,False,0.10962139070034027,1.6001421385628987
40,16,down,51586,False,0.11446166783571243,1.4093889318203732
40,17,down,2553,False,0.13287916779518127,2.0866700136871503
40,18,down,3123,False,0.11676140129566193,1.5269127568250074
40,19,down,5163,False,0.11251173913478851,1.542562200652283
40,20,down,34341,False,0.11033334583044052,1.771861163267135
40,21,down,3,True,0.0966135710477829,1.0876799071697811
40,22,down,5033,False,0.12325097620487213,1.4614981558473195
40,23,down,7793,False,0.11564033478498459,1.2495609872711035
40,24,down,3558,False,0.12133502215147018,1.3529923367377366
40,25,down,313,True,0.09681005030870438,1.0876799071697811
40,26,down,78925,False,0.11092599481344223,1.4942344808673957
40,27,down,14937,False,0.10704274475574493,1.2093023438835737
40,28,down,18941,False,0.10625655204057693,1.1000171774318408
40,29,down,37315,False,0.10772104561328888,1.3426180164746755
40,30,down,118558,False,0.11084669083356857,1.798818817021239
40,31,down,3,True,0.09672127664089203,1.0876799071697811
40,32,down,2603,False,0.13116365671157837,3.3595728283845943
40,33,down,6579,False,0.11423573642969131,1.4699369701370324
40,34,down,348,True,0.09666099399328232,1.0876799071697811
40,35,down,25575,False,0.11256290227174759,1.4168317086983695
40,36,down,2066,False,0.12096590548753738,1.4644940959080386
40,37,down,19101,False,0.11142703890800476,1.6151524804980701
40,38,down,4,True,0.09677769243717194,1.0876799071697811
40,39,down,24046,False,0.10995925962924957,1.5611371018883955
40,40,down,18593,False,0.1101345643401146,1.4046936862663995
40,41,down,2051,False,0.13340488076210022,2.347205870897458
40,42,down,7408,False,0.11766000092029572,3.4212988336862376
40,43,down,50556,False,0.10550065338611603,1.3733633893578092
40,44,down,45584,False,0.11469104140996933,1.601119975436236
40,45,down,19753,False,0.10941119492053986,1.3516591687352266
40,46,down,283,True,0.09670101851224899,1.0876799071697811
40,47,down,8,True,0.0966838076710701,1.0876799071697811
40,48,down,18194,False,0.12033173441886902,1.970187290905797
40,49,down,303,True,0.09673808515071869,1.0876799071697811
40,50,down,10366,False,0.11777148395776749,2.3914543765179768
40,51,down,27082,False,0.10867293924093246,1.5356251478290581
40,52,down,17648,False,0.10746435075998306,1.8129319251904357
40,53,down,1193,False,0.13367979228496552,1.3184974100275633
40,54,down,33178,False,0.11435750871896744,1.4557046100548554
40,55,down,25908,False,0.11117567121982574,1.4400349028306687
40,56,down,3,True,0.0965762585401535,1.0876799071697811
40,57,down,4736,False,0.11596895009279251,1.8210146902000979
40,58,down,1611,False,0.12860916554927826,6.8403325561427
40,59,down,67,True,0.09684722125530243,1.0876799071697811
40,60,down,19928,False,0.110726498067379,1.5852605276734806
40,61,down,4,True,0.09666843712329865,1.0876799071697811
40,62,down,4558,False,0.11401612311601639,1.395268945103983
40,63,down,2142,False,0.12549017369747162,1.6178582380234123
40,64,down,154,True,0.09678567945957184,1.0876799071697811
40,65,down,14696,False,0.11152295768260956,1.476868263874
40,66,down,12,True,0.09663976728916168,1.0876799071697811
40,67,down,102,True,0.0966169536113739,1.0876799071697811
40,68,down,159,True,0.09658381342887878,1.0876799071697811
40,69,down,44,True,0.09675362706184387,1.0876799071697811
40,70,down,1422,False,0.14190281927585602,2.4880254698723703
40,71,down,68,True,0.09656467288732529,1.0876799071697811
40,72,down,8373,False,0.11607272922992706,2.328000035212165
40,73,down,16479,False,0.11844170838594437,1.9112970132683003
40,74,down,4154,False,0.11918974667787552,1.4932412292767308
40,75,down,46117,False,0.10859718173742294,1.496785509015388
40,76,down,2135,False,0.1331833153963089,2.6956425875024723
40,77,down,39881,False,0.10957490652799606,1.554347101602717
40,78,down,26474,False,0.11009833961725235,1.5174569032601508
40,79,down,21184,False,0.10648313909769058,1.46558212829412
40,80,down,93766,False,0.10877495259046555,1.6914935655111634
40,81,down,15376,False,0.12465266138315201,2.0707809425142205
40,82,down,18896,False,0.11507062613964081,1.5205528680458251
40,83,down,36529,False,0.10703733563423157,1.6667422770724747
40,84,down,2910,False,0.12962248921394348,2.0664031468485904
40,85,down,2492,False,0.12108618766069412,1.463901264320273
40,86,down,0,True,0.09685049206018448,1.0876799071697811
40,87,down,188,True,0.09687764197587967,1.0876799071697811
40,88,down,0,True,0.09668153524398804,1.0876799071697811
40,89,down,8483,False,0.12714286148548126,1.7325534801485314
40,90,down,27247,False,0.11699916422367096,1.349858149278579
40,91,down,1841,False,0.13368137180805206,2.5184673529971766
40,92,down,764,False,0.1541769802570343,2.1211904163390463
40,93,down,12762,False,0.11398899555206299,1.4186660106448437
40,94,down,14162,False,0.10830370336771011,1.2907658588183943
40,95,down,170,True,0.09669069200754166,1.0876799071697811
40,96,down,4,True,0.09680601954460144,1.0876799071697811
40,97,down,5000,False,0.11764620989561081,1.6111437721436788
40,98,down,76,True,0.09689883142709732,1.0876799071697811
40,99,down,2032,False,0.13273502886295319,5.403292538207289
40,100,down,23439,False,0.12143796682357788,1.4810820126322106
40,101,down,28670,False,0.11292041838169098,1.2771399950739286
40,102,down,45329,False,0.10542907565832138,1.43104280158305
40,103,down,3680,False,0.12482578307390213,2.430028311336618
40,104,down,8,True,0.09661156684160233,1.0876799071697811
40,105,down,45142,False,0.11110594868659973,1.610085629927715
40,106,down,11303,False,0.11405245214700699,1.5907627599921548
40,107,down,5186,False,0.12324778735637665,2.0651108862893186
40,108,down,53860,False,0.11115334182977676,1.3537680753252397
40,109,down,19954,False,0.10964715480804443,1.2482403200852925
40,110,down,29413,False,0.10990849137306213,1.4714578348073275
40,111,down,11450,False,0.11849534511566162,1.2712502324269217
40,112,down,20614,False,0.1202540323138237,1.3536910364128834
40,113,down,4887,False,0.12682874500751495,1.4884127428098208
40,114,down,56395,False,0.10860344022512436,1.279382462781148
40,115,down,38462,False,0.11028042435646057,1.693211878248415
40,116,down,31,True,0.09658725559711456,1.0876799071697811
40,117,down,5998,False,0.11275351047515869,1.7826932378759595
40,118,down,64,True,0.09676109999418259,1.0876799071697811
40,119,down,22491,False,0.11418435722589493,1.945175111862021
40,120,down,2,True,0.09659871459007263,1.0876799071697811
40,121,down,35380,False,0.10938125848770142,1.7103984764978775
40,122,down,79,True,0.09665834903717041,1.0876799071697811
40,123,down,24303,False,0.11003328114748001,1.5298346946682078
40,124,down,30503,False,0.11489234119653702,1.667539561988674
40,125,down,4,True,0.09664317965507507,1.0876799071697811
40,126,down,1319,False,0.14158624410629272,3.40327365772598
40,127,down,86542,False,0.10788276046514511,1.3625464409201382
41,0,gate_up,40061,False,0.11332862079143524,12.232115954476924
41,1,gate_up,74438,False,0.11216767132282257,11.460094907979432
41,2,gate_up,36750,False,0.11341846734285355,12.417805980496615
41,3,gate_up,231,True,0.11020021140575409,10.089396477743538
41,4,gate_up,0,True,0.11004675179719925,10.089396477743538
41,5,gate_up,29766,False,0.11487673223018646,9.046602027350719
41,6,gate_up,29156,False,0.11328715085983276,9.777372863981084
41,7,gate_up,20549,False,0.11706021428108215,9.420197337924641
41,8,gate_up,2,True,0.11024366319179535,10.089396477743538
41,9,gate_up,84561,False,0.1119428277015686,11.008698345818301
41,10,gate_up,6715,False,0.12122666090726852,8.119294014953981
41,11,gate_up,32174,False,0.11328374594449997,9.60147100507098
41,12,gate_up,136,True,0.1101747676730156,10.089396477743538
41,13,gate_up,2083,False,0.14026208221912384,12.814543052497424
41,14,gate_up,35700,False,0.11349064111709595,11.237050181175784
41,15,gate_up,36204,False,0.11365979164838791,11.784865739379859
41,16,gate_up,9,True,0.11023668944835663,10.089396477743538
41,17,gate_up,23376,False,0.11456289142370224,12.302721944170107
41,18,gate_up,31038,False,0.1124257817864418,10.56396281501775
41,19,gate_up,27133,False,0.11379846185445786,12.532048391184103
41,20,gate_up,33239,False,0.114048071205616,11.709352693407608
41,21,gate_up,17702,False,0.11587878316640854,12.39705793213706
41,22,gate_up,509,True,0.11026747524738312,10.089396477743538
41,23,gate_up,23,True,0.11029031127691269,10.089396477743538
41,24,gate_up,1,True,0.11003344506025314,10.089396477743538
41,25,gate_up,4563,False,0.12514400482177734,8.9403086869537
41,26,gate_up,7303,False,0.11997658014297485,11.318221031594977
41,27,gate_up,48,True,0.11002001911401749,10.089396477743538
41,28,gate_up,81,True,0.11029598861932755,10.089396477743538
41,29,gate_up,44,True,0.11026842892169952,10.089396477743538
41,30,gate_up,13550,False,0.11559289693832397,11.010556446686461
41,31,gate_up,7,True,0.1102689653635025,10.089396477743538
41,32,gate_up,5,True,0.1102994903922081,10.089396477743538
41,33,gate_up,609,False,0.115861676633358,21.73447363799407
41,34,gate_up,6834,False,0.12052769958972931,9.64598399285186
41,35,gate_up,37038,False,0.11342906951904297,12.398201303773913
41,36,gate_up,37632,False,0.11285369843244553,11.97236585552865
41,37,gate_up,1983,False,0.137191042304039,11.591929989068444
41,38,gate_up,1501,False,0.12819461524486542,12.726070381797056
41,39,gate_up,5123,False,0.12240758538246155,10.935382881522722
41,40,gate_up,252,True,0.11042526364326477,10.089396477743538
41,41,gate_up,933,False,0.11789830774068832,15.812091826035653
41,42,gate_up,23535,False,0.11403769254684448,12.782083135600896
41,43,gate_up,1,True,0.11028677225112915,10.089396477743538
41,44,gate_up,11605,False,0.11916045844554901,8.728733797048951
41,45,gate_up,35696,False,0.1129172295331955,10.80283571102225
41,46,gate_up,25241,False,0.11428233981132507,12.269526681294662
41,47,gate_up,7875,False,0.11902038007974625,8.24182122187154
41,48,gate_up,22039,False,0.1152568981051445,13.423315337680206
41,49,gate_up,26809,False,0.1125556081533432,10.314264390499789
41,50,gate_up,18370,False,0.11629519611597061,9.358833949194237
41,51,gate_up,1298,False,0.1370379775762558,12.048142721243563
41,52,gate_up,25937,False,0.1146063357591629,11.650793670913835
41,53,gate_up,31006,False,0.11295340955257416,11.011568766421338
41,54,gate_up,18976,False,0.11358426511287689,9.85472164131698
41,55,gate_up,13127,False,0.11721966415643692,10.220480634651235
41,56,gate_up,39,True,0.11004634201526642,10.089396477743538
41,57,gate_up,23461,False,0.11568824201822281,9.61952074865871
41,58,gate_up,6941,False,0.12105043977499008,10.99805865330995
41,59,gate_up,6593,False,0.12007839232683182,10.084229601745985
41,60,gate_up,3,True,0.11021893471479416,10.089396477743538
41,61,gate_up,23815,False,0.1135927364230156,10.214180884339987
41,62,gate_up,17098,False,0.1158011332154274,9.940294223447818
41,63,gate_up,36702,False,0.1134432926774025,12.394827901360442
41,64,gate_up,32236,False,0.11357239633798599,12.21675468178281
41,65,gate_up,42334,False,0.11324834078550339,12.25660976563449
41,66,gate_up,40997,False,0.11311305314302444,11.91078516841615
41,67,gate_up,3,True,0.11019810289144516,10.089396477743538
41,68,gate_up,35724,False,0.11252310872077942,9.643643552691834
41,69,gate_up,32056,False,0.11349806189537048,12.485025916082803
41,70,gate_up,2,True,0.10998726636171341,10.089396477743538
41,71,gate_up,56,True,0.11012647300958633,10.089396477743538
41,72,gate_up,18819,False,0.1140822246670723,10.9642823702531
41,73,gate_up,21597,False,0.11367996782064438,10.551500970517843
41,74,gate_up,526,False,0.1290765106678009,7.962796107558769
41,75,gate_up,6168,False,0.12123940140008926,8.623471502687273
41,76,gate_up,67,True,0.11034062504768372,10.089396477743538
41,77,gate_up,68056,False,0.11234717816114426,10.623436304987123
41,78,gate_up,5397,False,0.12219467759132385,10.219454344985094
41,79,gate_up,28446,False,0.11396390944719315,9.771558148806967
41,80,gate_up,32899,False,0.11323484033346176,10.152669033836606
41,81,gate_up,22518,False,0.11402992159128189,10.55650423966743
41,82,gate_up,48080,False,0.11271101981401443,10.951524477586364
41,83,gate_up,4516,False,0.12465296685695648,11.093248750606143
41,84,gate_up,27119,False,0.1138816699385643,11.298032063521964
41,85,gate_up,32126,False,0.11355394870042801,11.283637867167126
41,86,gate_up,651,False,0.13235047459602356,11.472094603452966
41,87,gate_up,8213,False,0.11791805922985077,7.503521477766017
41,88,gate_up,10806,False,0.11659972369670868,10.362143432758009
41,89,gate_up,3285,False,0.1321302056312561,10.369868761846885
41,90,gate_up,9567,False,0.11888545751571655,11.390193243456368
41,91,gate_up,17,True,0.11035377532243729,10.089396477743538
41,92,gate_up,35762,False,0.11407729983329773,9.40609375073902
41,93,gate_up,15979,False,0.11501948535442352,9.704789397834071
41,94,gate_up,46,True,0.1103762835264206,10.089396477743538
41,95,gate_up,494,True,0.1103498563170433,10.089396477743538
41,96,gate_up,15,True,0.11032481491565704,10.089396477743538
41,97,gate_up,36713,False,0.11329521983861923,11.426384076267246
41,98,gate_up,4,True,0.1099175289273262,10.089396477743538
41,99,gate_up,18733,False,0.11498207598924637,9.827394765702165
41,100,gate_up,31479,False,0.11368463933467865,10.820303728074922
41,101,gate_up,9,True,0.1100209653377533,10.089396477743538
41,102,gate_up,5824,False,0.12224199622869492,10.200831281816678
41,103,gate_up,74212,False,0.11214487999677658,11.331484947894651
41,104,gate_up,9,True,0.11017362773418427,10.089396477743538
41,105,gate_up,2413,False,0.13291530311107635,9.46464272536241
41,106,gate_up,47910,False,0.11309593170881271,10.799527539790228
41,107,gate_up,2,True,0.11020063608884811,10.089396477743538
41,108,gate_up,877,False,0.11911986768245697,16.18461919403826
41,109,gate_up,2376,False,0.1332954317331314,9.652410831613057
41,110,gate_up,10,True,0.11018027365207672,10.089396477743538
41,111,gate_up,87,True,0.11036362498998642,10.089396477743538
41,112,gate_up,55338,False,0.11224550008773804,10.865615872051475
41,113,gate_up,1132,False,0.13861365616321564,11.732977103715516
41,114,gate_up,140,True,0.11024128645658493,10.089396477743538
41,115,gate_up,10731,False,0.11676626652479172,11.209446409178307
41,116,gate_up,876,False,0.14141851663589478,9.902337710529032
41,117,gate_up,19068,False,0.11540961265563965,10.96525842652559
41,118,gate_up,7061,False,0.12058226019144058,9.171231781612926
41,119,gate_up,78,True,0.11016379296779633,10.089396477743538
41,120,gate_up,2840,False,0.13364341855049133,8.206746589081257
41,121,gate_up,92129,False,0.11173097044229507,10.787291475167166
41,122,gate_up,22713,False,0.11409946531057358,11.46089238496253
41,123,gate_up,5676,False,0.119351327419281,12.417553330423448
41,124,gate_up,2086,False,0.13612115383148193,11.784651380223478
41,125,gate_up,0,True,0.10999778658151627,10.089396477743538
41,126,gate_up,16457,False,0.11529262363910675,9.782681645935101
41,127,gate_up,363,True,0.11035828292369843,10.089396477743538
41,0,down,40061,False,0.12125871330499649,3.106281076086983
41,1,down,74438,False,0.11299127340316772,1.3727768244893896
41,2,down,36750,False,0.10953978449106216,1.806730120097301
41,3,down,231,True,0.09687910228967667,1.1280542384372696
41,4,down,0,True,0.09695907682180405,1.1280542384372696
41,5,down,29766,False,0.1153583750128746,1.7330386785440959
41,6,down,29156,False,0.10615238547325134,1.3665404649443036
41,7,down,20549,False,0.11919178068637848,1.4444030222938473
41,8,down,2,True,0.09694024920463562,1.1280542384372696
41,9,down,84561,False,0.10740283876657486,1.4162781392113235
41,10,down,6715,False,0.11852654069662094,1.485479926064572
41,11,down,32174,False,0.11274156719446182,1.3482724869277996
41,12,down,136,True,0.09717804193496704,1.1280542384372696
41,13,down,2083,False,0.13155683875083923,3.651528094884423
41,14,down,35700,False,0.10842116922140121,1.577570240333858
41,15,down,36204,False,0.10849414020776749,1.4374187499758395
41,16,down,9,True,0.09698165953159332,1.1280542384372696
41,17,down,23376,False,0.1088910773396492,1.5293293203337648
41,18,down,31038,False,0.11287795752286911,1.2720878510987763
41,19,down,27133,False,0.11675935238599777,1.7183671477771902
41,20,down,33239,False,0.10700690746307373,1.3940274355074838
41,21,down,17702,False,0.12551893293857574,2.260533756587862
41,22,down,509,True,0.09706801176071167,1.1280542384372696
41,23,down,23,True,0.0969904288649559,1.1280542384372696
41,24,down,1,True,0.09703308343887329,1.1280542384372696
41,25,down,4563,False,0.11351821571588516,1.158895180587198
41,26,down,7303,False,0.12119806557893753,1.440178852647036
41,27,down,48,True,0.09691183269023895,1.1280542384372696
41,28,down,81,True,0.09709426015615463,1.1280542384372696
41,29,down,44,True,0.09688550233840942,1.1280542384372696
41,30,down,13550,False,0.11565204709768295,1.299573486442966
41,31,down,7,True,0.09682291746139526,1.1280542384372696
41,32,down,5,True,0.09703204780817032,1.1280542384372696
41,33,down,609,False,0.13085228204727173,6.654680259697191
41,34,down,6834,False,0.11514966934919357,1.676214223439953
41,35,down,37038,False,0.1101200208067894,1.5555365654494009
41,36,down,37632,False,0.11349700391292572,1.648317676274113
41,37,down,1983,False,0.13318853080272675,2.18657337469652
41,38,down,1501,False,0.1411019116640091,3.254472077143416
41,39,down,5123,False,0.12820644676685333,1.5293938769394166
41,40,down,252,True,0.09697576612234116,1.1280542384372696
41,41,down,933,False,0.13590107858181,3.8083870261968356
41,42,down,23535,False,0.12417662143707275,3.902216780558402
41,43,down,1,True,0.09689070284366608,1.1280542384372696
41,44,down,11605,False,0.11588387936353683,1.6562593739961289
41,45,down,35696,False,0.11526790261268616,1.509814085149643
41,46,down,25241,False,0.11585323512554169,1.7513954250759374
41,47,down,7875,False,0.11507883667945862,1.873899456726967
41,48,down,22039,False,0.11869820207357407,1.9247911686281123
41,49,down,26809,False,0.10611449182033539,1.3075301448850376
41,50,down,18370,False,0.12339305132627487,1.3637803420352375
41,51,down,1298,False,0.14676092565059662,2.4618917264025604
41,52,down,25937,False,0.10992123186588287,1.6603209948948006
41,53,down,31006,False,0.1101163849234581,1.4128734037255692
41,54,down,18976,False,0.10831833630800247,1.2298545186365542
41,55,down,13127,False,0.12566165626049042,1.4321830568401386
41,56,down,39,True,0.09706555306911469,1.1280542384372696
41,57,down,23461,False,0.11787472665309906,1.4712427276266387
41,58,down,6941,False,0.12228403985500336,1.5362156693793003
41,59,down,6593,False,0.12619318068027496,2.6491816974710236
41,60,down,3,True,0.09717811644077301,1.1280542384372696
41,61,down,23815,False,0.11296255141496658,1.3107402663003795
41,62,down,17098,False,0.11218354105949402,1.395685948958335
41,63,down,36702,False,0.11356456577777863,1.7584874629969058
41,64,down,32236,False,0.10979373753070831,1.5806616531277093
41,65,down,42334,False,0.11237350851297379,1.5144576093580018
41,66,down,40997,False,0.11017784476280212,1.2118134841046737
41,67,down,3,True,0.09709931164979935,1.1280542384372696
41,68,down,35724,False,0.11146142333745956,2.036509467924257
41,69,down,32056,False,0.11561077833175659,1.8535414337888245
41,70,down,2,True,0.09683040529489517,1.1280542384372696
41,71,down,56,True,0.09697742760181427,1.1280542384372696
41,72,down,18819,False,0.12631656229496002,1.8714957589486827
41,73,down,21597,False,0.11164490133523941,1.2999778975737333
41,74,down,526,False,0.16225995123386383,1.7930368663063252
41,75,down,6168,False,0.10810894519090652,1.2268964754353822
41,76,down,67,True,0.09694044291973114,1.1280542384372696
41,77,down,68056,False,0.11602545529603958,1.2827855177246679
41,78,down,5397,False,0.12122317403554916,1.5295737149266488
41,79,down,28446,False,0.11485479027032852,1.4440967888339338
41,80,down,32899,False,0.12119971215724945,1.9032004090220633
41,81,down,22518,False,0.11450463533401489,1.590453180196119
41,82,down,48080,False,0.11181362718343735,1.3805020160457537
41,83,down,4516,False,0.12301351130008698,2.471524321112654
41,84,down,27119,False,0.1109398826956749,1.3699211478988487
41,85,down,32126,False,0.10590961575508118,1.3647176292321685
41,86,down,651,False,0.15273988246917725,3.70469343556075
41,87,down,8213,False,0.11181937903165817,1.3911175436054846
41,88,down,10806,False,0.13187210261821747,1.974686514293382
41,89,down,3285,False,0.12465374171733856,1.7236539533117705
41,90,down,9567,False,0.11736313998699188,1.4385423614877162
41,91,down,17,True,0.09709381312131882,1.1280542384372696
41,92,down,35762,False,0.11030121147632599,1.4620861278515715
41,93,down,15979,False,0.11110197007656097,1.3771094447663161
41,94,down,46,True,0.09699318557977676,1.1280542384372696
41,95,down,494,True,0.09704390913248062,1.1280542384372696
41,96,down,15,True,0.09685875475406647,1.1280542384372696
41,97,down,36713,False,0.11203594505786896,2.108604143500333
41,98,down,4,True,0.09703613817691803,1.1280542384372696
41,99,down,18733,False,0.1181168332695961,1.8236878147195046
41,100,down,31479,False,0.1113179624080658,1.232647103087532
41,101,down,9,True,0.09690103679895401,1.1280542384372696
41,102,down,5824,False,0.11248235404491425,1.5016550616706146
41,103,down,74212,False,0.10887063294649124,1.5915235614251881
41,104,down,9,True,0.0970677062869072,1.1280542384372696
41,105,down,2413,False,0.12808933854103088,2.130608507075374
41,106,down,47910,False,0.10546865314245224,1.3525517997214775
41,107,down,2,True,0.09696919471025467,1.1280542384372696
41,108,down,877,False,0.1412382870912552,5.780793674533021
41,109,down,2376,False,0.1279156655073166,2.0270723183156045
41,110,down,10,True,0.0969863310456276,1.1280542384372696
41,111,down,87,True,0.09692811220884323,1.1280542384372696
41,112,down,55338,False,0.10638114809989929,1.46394072160152
41,113,down,1132,False,0.14513292908668518,2.029633068582789
41,114,down,140,True,0.09691645950078964,1.1280542384372696
41,115,down,10731,False,0.11489786207675934,1.2827496938915188
41,116,down,876,False,0.1534351408481598,1.418292600603818
41,117,down,19068,False,0.10739238560199738,1.4393692635413797
41,118,down,7061,False,0.1093984916806221,1.2560329023377594
41,119,down,78,True,0.09692461788654327,1.1280542384372696
41,120,down,2840,False,0.118016317486763,1.432527477935259
41,121,down,92129,False,0.10979096591472626,1.715799238756709
41,122,down,22713,False,0.11382327973842621,1.2097705533683552
41,123,down,5676,False,0.12206367403268814,2.0357014251574244
41,124,down,2086,False,0.1363377720117569,3.03382717131084
41,125,down,0,True,0.09705128520727158,1.1280542384372696
41,126,down,16457,False,0.11119507998228073,1.25670411723563
41,127,down,363,True,0.09701164066791534,1.1280542384372696
42,0,gate_up,26,True,0.10998551547527313,9.430316752945851
42,1,gate_up,51,True,0.10981740802526474,9.430316752945851
42,2,gate_up,22278,False,0.11426741629838943,10.09323864245808
42,3,gate_up,62589,False,0.11202921718358994,10.382043872084468
42,4,gate_up,23464,False,0.11322236061096191,8.204777280459615
42,5,gate_up,17526,False,0.11450154334306717,9.496786699687698
42,6,gate_up,4255,False,0.12014838308095932,13.649935908681988
42,7,gate_up,9812,False,0.11712301522493362,12.650341119935982
42,8,gate_up,31210,False,0.11343036592006683,9.927193201577786
42,9,gate_up,5972,False,0.1210486963391304,11.02442938422054
42,10,gate_up,3522,False,0.13112963736057281,8.221470000444985
42,11,gate_up,0,True,0.10965179651975632,9.430316752945851
42,12,gate_up,32140,False,0.1135120540857315,8.493979210421637
42,13,gate_up,8,True,0.10973670333623886,9.430316752945851
42,14,gate_up,37761,False,0.11289520561695099,9.536038374155307
42,15,gate_up,1,True,0.10984586179256439,9.430316752945851
42,16,gate_up,98119,False,0.11108192056417465,9.956659469129457
42,17,gate_up,26650,False,0.11298570781946182,9.430456814067373
42,18,gate_up,46511,False,0.11275209486484528,10.935388776171628
42,19,gate_up,4959,False,0.12380552291870117,8.66691117849275
42,20,gate_up,8638,False,0.11888277530670166,11.499177049730369
42,21,gate_up,22898,False,0.11324834078550339,10.37282231871689
42,22,gate_up,38720,False,0.11306264251470566,9.820967779351118
42,23,gate_up,92431,False,0.1117347702383995,10.331447181906816
42,24,gate_up,76997,False,0.11262008547782898,10.969066112423386
42,25,gate_up,17390,False,0.11472384631633759,10.008537435214523
42,26,gate_up,1,True,0.1097882091999054,9.430316752945851
42,27,gate_up,24017,False,0.11344803124666214,12.3785970774224
42,28,gate_up,21742,False,0.11473837494850159,10.10959404419979
42,29,gate_up,109,True,0.10986489057540894,9.430316752945851
42,30,gate_up,9029,False,0.11999329179525375,9.924680669236587
42,31,gate_up,34228,False,0.11362607777118683,11.72240855123515
42,32,gate_up,9735,False,0.11865071207284927,11.831330041377287
42,33,gate_up,11677,False,0.11609409749507904,7.563673430227567
42,34,gate_up,44,True,0.10975980758666992,9.430316752945851
42,35,gate_up,1341,False,0.13426165282726288,9.551839522121476
42,36,gate_up,3717,False,0.1282026469707489,11.318209304633905
42,37,gate_up,26457,False,0.11344112455844879,10.476114890347139
42,38,gate_up,4463,False,0.12516064941883087,8.334956272269185
42,39,gate_up,17156,False,0.11485689133405685,11.566191940221824
42,40,gate_up,3,True,0.10969660431146622,9.430316752945851
42,41,gate_up,8441,False,0.11800975352525711,11.38640714940765
42,42,gate_up,39,True,0.10981136560440063,9.430316752945851
42,43,gate_up,29386,False,0.11354202032089233,10.158642511218572
42,44,gate_up,2,True,0.10984618216753006,9.430316752945851
42,45,gate_up,8,True,0.10976427793502808,9.430316752945851
42,46,gate_up,20,True,0.1099928691983223,9.430316752945851
42,47,gate_up,2434,False,0.12583401799201965,11.388808240639461
42,48,gate_up,6,True,0.10973451286554337,9.430316752945851
42,49,gate_up,48674,False,0.11383150517940521,11.087788792470995
42,50,gate_up,9741,False,0.11791738122701645,9.584189562348554
42,51,gate_up,0,True,0.1098945289850235,9.430316752945851
42,52,gate_up,11056,False,0.11825452744960785,9.69103298124711
42,53,gate_up,299,True,0.10985074192285538,9.430316752945851
42,54,gate_up,12,True,0.10992284119129181,9.430316752945851
42,55,gate_up,68510,False,0.11190909892320633,10.336146146710243
42,56,gate_up,10268,False,0.11868908256292343,9.799282813054491
42,57,gate_up,10,True,0.10997144877910614,9.430316752945851
42,58,gate_up,8785,False,0.119491346180439,9.347805889596028
42,59,gate_up,23306,False,0.114239402115345,10.286254806973558
42,60,gate_up,41,True,0.11000567674636841,9.430316752945851
42,61,gate_up,4769,False,0.12608572840690613,9.372700487836292
42,62,gate_up,58,True,0.10996496677398682,9.430316752945851
42,63,gate_up,1521,False,0.1399066299200058,8.884421331916878
42,64,gate_up,24434,False,0.11472784727811813,12.161713110400227
42,65,gate_up,34755,False,0.11294731497764587,10.672941889293748
42,66,gate_up,16681,False,0.1144411563873291,8.680624979633858
42,67,gate_up,117,True,0.11000235378742218,9.430316752945851
42,68,gate_up,10935,False,0.11669851094484329,10.349237229722435
42,69,gate_up,38377,False,0.11209288239479065,10.045186732315747
42,70,gate_up,23526,False,0.11313939094543457,7.870682774641877
42,71,gate_up,55429,False,0.11179249733686447,9.617622186128301
42,72,gate_up,18,True,0.1100735291838646,9.430316752945851
42,73,gate_up,34921,False,0.11340659856796265,10.394714199065382
42,74,gate_up,37485,False,0.1134488433599472,11.433889057259778
42,75,gate_up,45685,False,0.11314648389816284,11.083777553963902
42,76,gate_up,3161,False,0.1309160590171814,9.325557037576418
42,77,gate_up,13281,False,0.1162911131978035,10.431184606628557
42,78,gate_up,396,True,0.10997485369443893,9.430316752945851
42,79,gate_up,7258,False,0.11907265335321426,7.1394458657641895
42,80,gate_up,29043,False,0.11395774781703949,9.37401807359034
42,81,gate_up,1919,False,0.12325523793697357,15.757510061049201
42,82,gate_up,62,True,0.10981331020593643,9.430316752945851
42,83,gate_up,356,True,0.10985999554395676,9.430316752945851
42,84,gate_up,5743,False,0.1212536171078682,6.781595067778093
42,85,gate_up,3,True,0.1099558100104332,9.430316752945851
42,86,gate_up,41617,False,0.11257361620664597,9.008203997291856
42,87,gate_up,1642,False,0.13455598056316376,10.148397964390352
42,88,gate_up,933,False,0.13378314673900604,9.473292324351437
42,89,gate_up,171,True,0.11011967062950134,9.430316752945851
42,90,gate_up,25574,False,0.11541879922151566,10.98948739392614
42,91,gate_up,2010,False,0.1326034963130951,9.391331031230406
42,92,gate_up,9724,False,0.11966931074857712,10.84594748096957
42,93,gate_up,32894,False,0.1133132129907608,12.295329451516036
42,94,gate_up,489,True,0.1099669486284256,9.430316752945851
42,95,gate_up,241,True,0.1098501980304718,9.430316752945851
42,96,gate_up,1339,False,0.1438627541065216,8.281832278369752
42,97,gate_up,1638,False,0.1454523354768753,8.066306345759116
42,98,gate_up,30259,False,0.11353068798780441,10.093871448622252
42,99,gate_up,15323,False,0.11785153299570084,8.938836632399624
42,100,gate_up,5176,False,0.12468232959508896,8.046035889272163
42,101,gate_up,41204,False,0.11245884001255035,11.319350303951936
42,102,gate_up,32036,False,0.11312693357467651,12.43172008242606
42,103,gate_up,14,True,0.10988377779722214,9.430316752945851
42,104,gate_up,1644,False,0.1308925598859787,10.087012356778917
42,105,gate_up,12,True,0.1099289283156395,9.430316752945851
42,106,gate_up,24973,False,0.11364810168743134,8.133182940895576
42,107,gate_up,0,True,0.10970231145620346,9.430316752945851
42,108,gate_up,22291,False,0.11604201793670654,8.663088224514972
42,109,gate_up,7357,False,0.11994502693414688,8.034386911250861
42,110,gate_up,1120,False,0.13724328577518463,13.699025618186225
42,111,gate_up,12876,False,0.11666829138994217,8.630336955377476
42,112,gate_up,1431,False,0.13969773054122925,12.13681826563695
42,113,gate_up,10307,False,0.11653433740139008,10.668992643445545
42,114,gate_up,19034,False,0.11508779972791672,10.928181568459093
42,115,gate_up,104708,False,0.11111355572938919,10.574184532107449
42,116,gate_up,16943,False,0.11496176570653915,8.33089431985736
42,117,gate_up,31292,False,0.11432824283838272,9.382655721236164
42,118,gate_up,207,True,0.1096959188580513,9.430316752945851
42,119,gate_up,14162,False,0.11451288312673569,11.230382492187655
42,120,gate_up,47,True,0.10982108861207962,9.430316752945851
42,121,gate_up,932,False,0.13590018451213837,11.381568555928167
42,122,gate_up,4,True,0.10965804010629654,9.430316752945851
42,123,gate_up,43437,False,0.11251138895750046,9.553176049113471
42,124,gate_up,32,True,0.10987349599599838,9.430316752945851
42,125,gate_up,33186,False,0.11447984725236893,10.570579436768972
42,126,gate_up,50202,False,0.11344215273857117,11.28551755363476
42,127,gate_up,53,True,0.10988431423902512,9.430316752945851
42,0,down,26,True,0.0967930406332016,1.0950292963584334
42,1,down,51,True,0.09680410474538803,1.0950292963584334
42,2,down,22278,False,0.10620535910129547,1.2711233578077983
42,3,down,62589,False,0.11156719923019409,1.3108540663856696
42,4,down,23464,False,0.11447548121213913,1.422502691407847
42,5,down,17526,False,0.10744783282279968,1.2785790935062415
42,6,down,4255,False,0.12866425514221191,3.9015113371213435
42,7,down,9812,False,0.11255312711000443,1.3122601725932244
42,8,down,31210,False,0.10927629470825195,1.1301016917110687
42,9,down,5972,False,0.1274615079164505,2.0187700955442733
42,10,down,3522,False,0.12570978701114655,2.2591808347229105
42,11,down,0,True,0.0967506393790245,1.0950292963584334
42,12,down,32140,False,0.11588121205568314,1.3897904886672463
42,13,down,8,True,0.0969705656170845,1.0950292963584334
42,14,down,37761,False,0.10803907364606857,1.323682160804263
42,15,down,1,True,0.0969240814447403,1.0950292963584334
42,16,down,98119,False,0.10888610780239105,1.454817784579717
42,17,down,26650,False,0.11242786794900894,1.3446353744554493
42,18,down,46511,False,0.1100650280714035,1.4348415959200822
42,19,down,4959,False,0.11767173558473587,1.4798390722129842
42,20,down,8638,False,0.11498118937015533,1.4919143952169247
42,21,down,22898,False,0.11353617161512375,1.3715646668985662
42,22,down,38720,False,0.10835164040327072,1.4774195645521813
42,23,down,92431,False,0.112228624522686,1.500253443379259
42,24,down,76997,False,0.11503280699253082,1.5002104558836438
42,25,down,17390,False,0.1115613803267479,1.4019381129793758
42,26,down,1,True,0.0968826413154602,1.0950292963584334
42,27,down,24017,False,0.11673688888549805,1.5012009897157477
42,28,down,21742,False,0.11460264027118683,1.4015462583383644
42,29,down,109,True,0.09698937833309174,1.0950292963584334
42,30,down,9029,False,0.12060661613941193,1.6129249482678594
42,31,down,34228,False,0.1177133321762085,1.8880924737139624
42,32,down,9735,False,0.1197386234998703,1.4419774300882007
42,33,down,11677,False,0.1082599088549614,1.3028275749800504
42,34,down,44,True,0.09695360064506531,1.0950292963584334
42,35,down,1341,False,0.13717122375965118,1.6607869505012556
42,36,down,3717,False,0.12359139323234558,1.476345729044248
42,37,down,26457,False,0.11408054828643799,1.5265893584962564
42,38,down,4463,False,0.11598514020442963,1.4003809436734378
42,39,down,17156,False,0.1256180852651596,2.6273343901660526
42,40,down,3,True,0.09676597267389297,1.0950292963584334
42,41,down,8441,False,0.12058426439762115,1.3836984209464152
42,42,down,39,True,0.09685252606868744,1.0950292963584334
42,43,down,29386,False,0.10720300674438477,1.2713636460437145
42,44,down,2,True,0.09682455658912659,1.0950292963584334
42,45,down,8,True,0.09687765687704086,1.0950292963584334
42,46,down,20,True,0.09693674743175507,1.0950292963584334
42,47,down,2434,False,0.1323261857032776,2.4403794526384464
42,48,down,6,True,0.09684509038925171,1.0950292963584334
42,49,down,48674,False,0.11526124179363251,1.630052023883205
42,50,down,9741,False,0.11353283375501633,1.2862582718078874
42,51,down,0,True,0.09683915227651596,1.0950292963584334
42,52,down,11056,False,0.12220335751771927,2.2118690998549275
42,53,down,299,True,0.09707228094339371,1.0950292963584334
42,54,down,12,True,0.09693131595849991,1.0950292963584334
42,55,down,68510,False,0.10998684912919998,1.2973974136758917
42,56,down,10268,False,0.12582479417324066,2.263092183798751
42,57,down,10,True,0.09700068831443787,1.0950292963584334
42,58,down,8785,False,0.11366917937994003,2.1814707758805283
42,59,down,23306,False,0.11207599192857742,1.335828604790761
42,60,down,41,True,0.09674261510372162,1.0950292963584334
42,61,down,4769,False,0.12591634690761566,1.791856220267452
42,62,down,58,True,0.09686057269573212,1.0950292963584334
42,63,down,1521,False,0.13919954001903534,1.7903938472266294
42,64,down,24434,False,0.12338942289352417,2.117444935364789
42,65,down,34755,False,0.10890211164951324,1.3420571617035681
42,66,down,16681,False,0.11002391576766968,1.2701449251212107
42,67,down,117,True,0.09691761434078217,1.0950292963584334
42,68,down,10935,False,0.12120434641838074,1.479513737534831
42,69,down,38377,False,0.10699819773435593,1.817792607315282
42,70,down,23526,False,0.106669120490551,1.182266423461638
42,71,down,55429,False,0.11241062730550766,1.7250096009343157
42,72,down,18,True,0.09701747447252274,1.0950292963584334
42,73,down,34921,False,0.11280128359794617,1.3863805375070208
42,74,down,37485,False,0.11259129643440247,1.3703086600399599
42,75,down,45685,False,0.11247988045215607,1.3847652706839897
42,76,down,3161,False,0.1184396967291832,1.2971803490018943
42,77,down,13281,False,0.11529967188835144,1.3751677861202911
42,78,down,396,True,0.09698114544153214,1.087857701147457
42,79,down,7258,False,0.11614347994327545,1.946438594888285
42,80,down,29043,False,0.12033549696207047,1.4754648127720658
42,81,down,1919,False,0.13625888526439667,2.939339303791349
42,82,down,62,True,0.09673885256052017,1.0950292963584334
42,83,down,356,True,0.09693537652492523,1.0950292963584334
42,84,down,5743,False,0.1129879355430603,1.454914490471183
42,85,down,3,True,0.09689740836620331,1.0950292963584334
42,86,down,41617,False,0.11068275570869446,1.6163660520701217
42,87,down,1642,False,0.1356201469898224,2.043575801978976
42,88,down,933,False,0.14906686544418335,2.4658053949914445
42,89,down,171,True,0.09696250408887863,1.0950292963584334
42,90,down,25574,False,0.1104033812880516,1.4486584206003768
42,91,down,2010,False,0.1425490826368332,1.611029959680043
42,92,down,9724,False,0.11692961305379868,1.4599721110088488
42,93,down,32894,False,0.10834256559610367,1.5480042182479428
42,94,down,489,True,0.09680435061454773,1.0950292963584334
42,95,down,241,True,0.09691634029150009,1.0950292963584334
42,96,down,1339,False,0.14303342998027802,1.8162632754782768
42,97,down,1638,False,0.13202542066574097,3.1140884815777
42,98,down,30259,False,0.11051368713378906,1.3759385809553202
42,99,down,15323,False,0.11415493488311768,1.407686055121677
42,100,down,5176,False,0.12239012867212296,1.5754026111978494
42,101,down,41204,False,0.11681627482175827,1.898352409854083
42,102,down,32036,False,0.11646829545497894,1.6037671923717454
42,103,down,14,True,0.0970480814576149,1.0950292963584334
42,104,down,1644,False,0.14132268726825714,4.634295573287184
42,105,down,12,True,0.09672341495752335,1.0950292963584334
42,106,down,24973,False,0.10493604093790054,1.149268522501964
42,107,down,0,True,0.09702150523662567,1.0950292963584334
42,108,down,22291,False,0.12168803811073303,1.308524852384289
42,109,down,7357,False,0.11141097545623779,1.3618612975635642
42,110,down,1120,False,0.144815132021904,1.5455809795562534
42,111,down,12876,False,0.11617746204137802,2.080451359484342
42,112,down,1431,False,0.13955746591091156,2.6758758530460787
42,113,down,10307,False,0.1243433952331543,2.3811718349245528
42,114,down,19034,False,0.11493933200836182,1.6682068567067065
42,115,down,104708,False,0.11136430501937866,1.3087019099134316
42,116,down,16943,False,0.10787960141897202,1.2536525185353706
42,117,down,31292,False,0.12028128653764725,1.4041260343614437
42,118,down,207,True,0.09687014669179916,1.0950292963584334
42,119,down,14162,False,0.11409314721822739,1.8558179185475452
42,120,down,47,True,0.09689175337553024,1.0950292963584334
42,121,down,932,False,0.14693139493465424,4.532303054349842
42,122,down,4,True,0.09698835760354996,1.0950292963584334
42,123,down,43437,False,0.10812141746282578,1.5062414176370083
42,124,down,32,True,0.09687122702598572,1.0950292963584334
42,125,down,33186,False,0.1150861531496048,1.6564848630424347
42,126,down,50202,False,0.11519759148359299,2.514016857748049
42,127,down,53,True,0.09683569520711899,1.0950292963584334
43,0,gate_up,12756,False,0.11744567006826401,8.75035753909515
43,1,gate_up,4,True,0.10891371965408325,9.126498289374707
43,2,gate_up,22768,False,0.11230076849460602,9.06465756869336
43,3,gate_up,437,True,0.10886701941490173,9.126498289374707
43,4,gate_up,42854,False,0.11191724985837936,10.692967858078688
43,5,gate_up,63764,False,0.11072094738483429,8.64539576150287
43,6,gate_up,28199,False,0.11224377155303955,10.72392446706547
43,7,gate_up,10782,False,0.11682567000389099,9.197706398050997
43,8,gate_up,68778,False,0.11221769452095032,10.568163384310065
43,9,gate_up,51,True,0.10882806032896042,9.126498289374707
43,10,gate_up,3440,False,0.13053415715694427,8.619801526348754
43,11,gate_up,40,True,0.10894706100225449,9.126498289374707
43,12,gate_up,30449,False,0.1140221431851387,10.487155691956447
43,13,gate_up,178,True,0.10881078988313675,9.126498289374707
43,14,gate_up,14,True,0.10894536226987839,9.126498289374707
43,15,gate_up,1484,False,0.13337600231170654,9.939293207839949
43,16,gate_up,34843,False,0.11209449917078018,8.757477808150115
43,17,gate_up,92,True,0.10891397297382355,9.126498289374707
43,18,gate_up,9632,False,0.11671122908592224,8.425877287082052
43,19,gate_up,33162,False,0.11365251243114471,10.758074549012369
43,20,gate_up,954,False,0.13796938955783844,9.70965104221653
43,21,gate_up,93,True,0.10892003774642944,9.126498289374707
43,22,gate_up,5,True,0.10885202139616013,9.126498289374707
43,23,gate_up,36,True,0.10885078459978104,9.126498289374707
43,24,gate_up,25045,False,0.1115846261382103,8.020235911123558
43,25,gate_up,72,True,0.10873059183359146,9.126498289374707
43,26,gate_up,38445,False,0.11176033318042755,9.49417503950529
43,27,gate_up,3006,False,0.1338670551776886,8.284153763482411
43,28,gate_up,536,False,0.1226058229804039,11.205732626992118
43,29,gate_up,23167,False,0.11338741332292557,11.980254557509138
43,30,gate_up,11958,False,0.11633090674877167,10.359232532310566
43,31,gate_up,20085,False,0.11562802642583847,10.992990757647187
43,32,gate_up,7190,False,0.12007729709148407,8.57038052503155
43,33,gate_up,2280,False,0.13519643247127533,10.721448579518908
43,34,gate_up,2894,False,0.13211600482463837,10.27530676754399
43,35,gate_up,2601,False,0.13273990154266357,10.659073418768683
43,36,gate_up,90737,False,0.1108531504869461,9.862254752681668
43,37,gate_up,26624,False,0.11419820785522461,10.652702322470537
43,38,gate_up,3146,False,0.13077563047409058,9.017128020811136
43,39,gate_up,6576,False,0.11926072835922241,7.039005429376242
43,40,gate_up,86,True,0.10878291726112366,9.126498289374707
43,41,gate_up,20128,False,0.11477048695087433,8.713473478641946
43,42,gate_up,11432,False,0.11665114015340805,9.073253027037165
43,43,gate_up,35403,False,0.11333174258470535,10.645136725485969
43,44,gate_up,66282,False,0.1111237183213234,10.664848103428497
43,45,gate_up,6651,False,0.11986231058835983,8.802225838379062
43,46,gate_up,68305,False,0.11126679927110672,9.780331580336398
43,47,gate_up,30684,False,0.11437054723501205,12.271673568181763
43,48,gate_up,238,True,0.10884951055049896,9.126498289374707
43,49,gate_up,39580,False,0.11351602524518967,10.718652445172197
43,50,gate_up,4761,False,0.12383798509836197,8.098319234764165
43,51,gate_up,5,True,0.1089370921254158,9.126498289374707
43,52,gate_up,7812,False,0.11936713755130768,9.293642597978973
43,53,gate_up,9268,False,0.11830507963895798,9.859171308011993
43,54,gate_up,16,True,0.10895396769046783,9.126498289374707
43,55,gate_up,4374,False,0.12731337547302246,7.985198986841577
43,56,gate_up,56912,False,0.11181244999170303,10.866172800258427
43,57,gate_up,66,True,0.1089179590344429,9.126498289374707
43,58,gate_up,54697,False,0.11073029786348343,8.585049582563881
43,59,gate_up,21547,False,0.11317013949155807,8.356795957650432
43,60,gate_up,6782,False,0.11996825784444809,9.124406282798228
43,61,gate_up,15387,False,0.11357233673334122,7.116994783220588
43,62,gate_up,12194,False,0.11731288582086563,9.066216535084408
43,63,gate_up,5205,False,0.12461382895708084,9.366707568426602
43,64,gate_up,53,True,0.10893432050943375,9.126498289374707
43,65,gate_up,35676,False,0.11160709708929062,9.916701168683794
43,66,gate_up,26196,False,0.11425753682851791,8.387258341453817
43,67,gate_up,13,True,0.10884805768728256,9.126498289374707
43,68,gate_up,82686,False,0.11050763726234436,9.278837044698244
43,69,gate_up,7994,False,0.1178814247250557,7.614631530420256
43,70,gate_up,12365,False,0.11580240726470947,9.687851550626458
43,71,gate_up,9443,False,0.1175348311662674,11.837022140358092
43,72,gate_up,8386,False,0.11803244054317474,7.248804130975269
43,73,gate_up,1,True,0.10875775665044785,9.126498289374707
43,74,gate_up,20133,False,0.1145758330821991,10.573281442456453
43,75,gate_up,47393,False,0.11000116914510727,9.02392194501475
43,76,gate_up,18,True,0.10853639245033264,9.126498289374707
43,77,gate_up,32292,False,0.11366630345582962,11.546102344283051
43,78,gate_up,2384,False,0.13109539449214935,13.054869392577976
43,79,gate_up,486,True,0.10893002152442932,9.126498289374707
43,80,gate_up,28030,False,0.1122465580701828,8.762278189841098
43,81,gate_up,46312,False,0.1118893250823021,10.244909844671774
43,82,gate_up,6148,False,0.1222439855337143,8.74081648083009
43,83,gate_up,21292,False,0.11287602037191391,9.28105287119617
43,84,gate_up,1243,False,0.11632698029279709,15.35174027598474
43,85,gate_up,6204,False,0.12047296017408371,8.21913055315873
43,86,gate_up,34,True,0.10892942547798157,9.126498289374707
43,87,gate_up,51936,False,0.11221621930599213,10.418025132970671
43,88,gate_up,33739,False,0.11355402320623398,10.903777438969433
43,89,gate_up,63,True,0.10904189199209213,9.126498289374707
43,90,gate_up,1254,False,0.12078572064638138,13.14181511856204
43,91,gate_up,10929,False,0.11577742546796799,9.226920021131578
43,92,gate_up,258,True,0.10898332297801971,9.126498289374707
43,93,gate_up,18,True,0.10890646278858185,9.126498289374707
43,94,gate_up,16796,False,0.11359547078609467,9.027528265848002
43,95,gate_up,1,True,0.10860522836446762,9.126498289374707
43,96,gate_up,7356,False,0.1197536364197731,10.52631041313067
43,97,gate_up,39781,False,0.11215827614068985,9.79562602314889
43,98,gate_up,16063,False,0.11358999460935593,8.24675617786246
43,99,gate_up,7724,False,0.11906737834215164,8.081152737505583
43,100,gate_up,47393,False,0.11201344430446625,9.627505220029015
43,101,gate_up,91,True,0.1089668720960617,9.126498289374707
43,102,gate_up,108,True,0.10884077101945877,9.126498289374707
43,103,gate_up,17,True,0.10869725793600082,9.126498289374707
43,104,gate_up,125615,False,0.11000329256057739,9.972898071779767
43,105,gate_up,6,True,0.10884907096624374,9.126498289374707
43,106,gate_up,317,True,0.10888522118330002,9.126498289374707
43,107,gate_up,14,True,0.10882491618394852,9.126498289374707
43,108,gate_up,1433,False,0.13795627653598785,11.073896928726615
43,109,gate_up,33,True,0.10901597887277603,9.126498289374707
43,110,gate_up,99,True,0.10899373143911362,9.126498289374707
43,111,gate_up,7480,False,0.11986023187637329,8.353232541214489
43,112,gate_up,16919,False,0.11510516703128815,10.248720575894438
43,113,gate_up,327,True,0.10890822857618332,9.126498289374707
43,114,gate_up,23694,False,0.11413370072841644,9.318788168439173
43,115,gate_up,13131,False,0.1177879199385643,9.473058398421362
43,116,gate_up,2,True,0.1088518425822258,9.126498289374707
43,117,gate_up,342,True,0.10879894345998764,9.126498289374707
43,118,gate_up,281,True,0.10868216305971146,9.126498289374707
43,119,gate_up,5470,False,0.12127096951007843,6.583556644256453
43,120,gate_up,43746,False,0.11225087940692902,10.176022833034441
43,121,gate_up,66503,False,0.11214277893304825,11.139179599827202
43,122,gate_up,12728,False,0.11655032634735107,9.983448833047264
43,123,gate_up,2687,False,0.13442562520503998,7.118607382265252
43,124,gate_up,4168,False,0.12703891098499298,7.50015810722462
43,125,gate_up,31319,False,0.11420425772666931,10.986832897141287
43,126,gate_up,3,True,0.10864860564470291,9.126498289374707
43,127,gate_up,5534,False,0.12320603430271149,9.61256199424102
43,0,down,12756,False,0.12445425987243652,1.4897296821707764
43,1,down,4,True,0.09687500447034836,1.072907933024126
43,2,down,22768,False,0.11265827715396881,2.043049428881854
43,3,down,437,True,0.09674377739429474,1.072907933024126
43,4,down,42854,False,0.11686982214450836,2.130328912593241
43,5,down,63764,False,0.11099980026483536,1.5434735330341853
43,6,down,28199,False,0.10585770010948181,1.213772625458566
43,7,down,10782,False,0.11988445371389389,2.3630861894991075
43,8,down,68778,False,0.10968464612960815,1.3962427647398319
43,9,down,51,True,0.09699816256761551,1.072907933024126
43,10,down,3440,False,0.11934281885623932,1.5965709554497802
43,11,down,40,True,0.09694265574216843,1.072907933024126
43,12,down,30449,False,0.11761853098869324,1.7616256932502317
43,13,down,178,True,0.09680142998695374,1.072907933024126
43,14,down,14,True,0.09689448773860931,1.072907933024126
43,15,down,1484,False,0.14447593688964844,2.9891093248432155
43,16,down,34843,False,0.10770609974861145,1.2516086679094274
43,17,down,92,True,0.09692864865064621,1.072907933024126
43,18,down,9632,False,0.11030156165361404,1.2283253830244039
43,19,down,33162,False,0.1161176860332489,1.6579581559005099
43,20,down,954,False,0.15363246202468872,3.818756528059595
43,21,down,93,True,0.09677895158529282,1.072907933024126
43,22,down,5,True,0.09663014858961105,1.072907933024126
43,23,down,36,True,0.09690696001052856,1.072907933024126
43,24,down,25045,False,0.10098160058259964,1.1656233173433068
43,25,down,72,True,0.09679340571165085,1.072907933024126
43,26,down,38445,False,0.11412402242422104,1.391277294482865
43,27,down,3006,False,0.12607523798942566,1.5354372274633572
43,28,down,536,False,0.14470534026622772,5.740121776725523
43,29,down,23167,False,0.11592891067266464,1.6665460537636128
43,30,down,11958,False,0.12215904146432877,1.9824852004469735
43,31,down,20085,False,0.12195996940135956,3.563962988255798
43,32,down,7190,False,0.11079666018486023,1.6113366990434854
43,33,down,2280,False,0.13405461609363556,3.038979921361748
43,34,down,2894,False,0.12836049497127533,3.772806877468269
43,35,down,2601,False,0.1321907639503479,3.2461007831845525
43,36,down,90737,False,0.11118299514055252,1.3065517890034175
43,37,down,26624,False,0.11663100868463516,1.4639318739488565
43,38,down,3146,False,0.12437422573566437,1.370078724336102
43,39,down,6576,False,0.1139078214764595,1.678491436736814
43,40,down,86,True,0.09675280749797821,1.072907933024126
43,41,down,20128,False,0.11915985494852066,1.548414630128756
43,42,down,11432,False,0.11584926396608353,1.5317975812110456
43,43,down,35403,False,0.11132632195949554,1.4460262039093554
43,44,down,66282,False,0.11197426170110703,1.458869695290729
43,45,down,6651,False,0.12505783140659332,3.1088585188916635
43,46,down,68305,False,0.11234565079212189,1.3812123625699093
43,47,down,30684,False,0.12135496735572815,2.765057008343357
43,48,down,238,True,0.09692643582820892,1.0720353294836538
43,49,down,39580,False,0.1138162612915039,1.5119951065593809
43,50,down,4761,False,0.11899203062057495,2.9953578675931105
43,51,down,5,True,0.0969289019703865,1.072907933024126
43,52,down,7812,False,0.11507926136255264,1.5359735041309306
43,53,down,9268,False,0.11916601657867432,1.5655042901411949
43,54,down,16,True,0.09678953140974045,1.072907933024126
43,55,down,4374,False,0.12540952861309052,1.5829573683510294
43,56,down,56912,False,0.11216437816619873,1.3788064364311474
43,57,down,66,True,0.09686946123838425,1.072907933024126
43,58,down,54697,False,0.10978227853775024,1.3646476925991624
43,59,down,21547,False,0.11575856804847717,1.4784116500508955
43,60,down,6782,False,0.11905919015407562,1.7681536434597602
43,61,down,15387,False,0.1044265404343605,1.1384399645038443
43,62,down,12194,False,0.1160743311047554,1.5678357680573514
43,63,down,5205,False,0.11954820901155472,2.0840207835757636
43,64,down,53,True,0.09698580950498581,1.072907933024126
43,65,down,35676,False,0.1124182939529419,1.2019188424104061
43,66,down,26196,False,0.1179199367761612,1.5046603323437617
43,67,down,13,True,0.09697222709655762,1.072907933024126
43,68,down,82686,False,0.10713421553373337,1.3223250455998714
43,69,down,7994,False,0.11033758521080017,1.4090639473105122
43,70,down,12365,False,0.11881908029317856,2.374460277208302
43,71,down,9443,False,0.12660455703735352,3.6132331943512654
43,72,down,8386,False,0.11202581971883774,1.203734062063901
43,73,down,1,True,0.09687139093875885,1.072907933024126
43,74,down,20133,False,0.10891196131706238,1.147322751422482
43,75,down,47393,False,0.10831423103809357,1.455742007959097
43,76,down,18,True,0.09696760773658752,1.072907933024126
43,77,down,32292,False,0.11888527870178223,2.3274111607582437
43,78,down,2384,False,0.13257066905498505,3.983075314084858
43,79,down,486,True,0.09685772657394409,1.072907933024126
43,80,down,28030,False,0.10584484785795212,1.1665652676261464
43,81,down,46312,False,0.10961940139532089,1.38439488878449
43,82,down,6148,False,0.11396970599889755,1.5824203943407276
43,83,down,21292,False,0.1119462326169014,1.3290552264211237
43,84,down,1243,False,0.1278177946805954,6.029233749647434
43,85,down,6204,False,0.12060330808162689,2.01967256484139
43,86,down,34,True,0.09669081121683121,1.072907933024126
43,87,down,51936,False,0.11134254932403564,1.281780114831069
43,88,down,33739,False,0.11787842214107513,2.022002485347847
43,89,down,63,True,0.09693605452775955,1.072907933024126
43,90,down,1254,False,0.13829107582569122,4.506427151487801
43,91,down,10929,False,0.11373614519834518,1.69852003106663
43,92,down,258,True,0.09692893922328949,1.072907933024126
43,93,down,18,True,0.09689836949110031,1.072907933024126
43,94,down,16796,False,0.11204290390014648,1.3957838670998344
43,95,down,1,True,0.09682586789131165,1.072907933024126
43,96,down,7356,False,0.12276659160852432,2.049348094916015
43,97,down,39781,False,0.11065751314163208,1.658820361514487
43,98,down,16063,False,0.1067386195063591,1.1691568471369003
43,99,down,7724,False,0.11436043679714203,1.2931059592569483
43,100,down,47393,False,0.11802216619253159,1.612389304284552
43,101,down,91,True,0.09659149497747421,1.072907933024126
43,102,down,108,True,0.096729576587677,1.072907933024126
43,103,down,17,True,0.09681247919797897,1.072907933024126
43,104,down,125615,False,0.11181239783763885,1.4430814153718565
43,105,down,6,True,0.09683240205049515,1.072907933024126
43,106,down,317,True,0.09688474982976913,1.072907933024126
43,107,down,14,True,0.09693995863199234,1.072907933024126
43,108,down,1433,False,0.13994261622428894,6.1786437849039055
43,109,down,33,True,0.09693130850791931,1.072907933024126
43,110,down,99,True,0.09694476425647736,1.072907933024126
43,111,down,7480,False,0.11222955584526062,1.2802443629796565
43,112,down,16919,False,0.11175142973661423,1.3135569934139957
43,113,down,327,True,0.09700371325016022,1.072907933024126
43,114,down,23694,False,0.11445381492376328,1.540514251394801
43,115,down,13131,False,0.1142636388540268,2.1934196653256817
43,116,down,2,True,0.0966629609465599,1.072907933024126
43,117,down,342,True,0.0969420000910759,1.072907933024126
43,118,down,281,True,0.09675194323062897,1.072907933024126
43,119,down,5470,False,0.11571303755044937,1.3838239713501885
43,120,down,43746,False,0.11169970035552979,1.4535625518173143
43,121,down,66503,False,0.11273997277021408,1.4337886955149204
43,122,down,12728,False,0.12216287851333618,2.716780509337726
43,123,down,2687,False,0.12387514114379883,1.5686112297048638
43,124,down,4168,False,0.10997742414474487,1.4033130105121798
43,125,down,31319,False,0.1155783161520958,1.6272460862575853
43,126,down,3,True,0.09679582715034485,1.072907933024126
43,127,down,5534,False,0.11698702722787857,1.4532493679883982
44,0,gate_up,23462,False,0.11247362941503525,11.239381080089448
44,1,gate_up,16368,False,0.113593690097332,9.569241825265633
44,2,gate_up,4588,False,0.12494996935129166,9.067373937154557
44,3,gate_up,46745,False,0.11026999354362488,10.87184126906087
44,4,gate_up,958,False,0.14028754830360413,7.897263668248539
44,5,gate_up,10188,False,0.1157054752111435,9.163037740295247
44,6,gate_up,91319,False,0.10853005945682526,10.342616431226805
44,7,gate_up,427,True,0.10670734196901321,9.702660527315576
44,8,gate_up,10332,False,0.11529118567705154,11.778206601754828
44,9,gate_up,53631,False,0.10777146369218826,8.747130511743215
44,10,gate_up,658,False,0.13373900949954987,9.357484607538929
44,11,gate_up,75559,False,0.10754777491092682,10.838129127551872
44,12,gate_up,13640,False,0.11367537081241608,9.681948774111394
44,13,gate_up,34523,False,0.11090953648090363,12.531306983399816
44,14,gate_up,1660,False,0.1402207463979721,10.555246227116955
44,15,gate_up,8460,False,0.11659664660692215,8.919196368642067
44,16,gate_up,20087,False,0.11289224773645401,10.835731867363902
44,17,gate_up,2065,False,0.13743239641189575,10.94020440217471
44,18,gate_up,34,True,0.10660018026828766,9.702660527315576
44,19,gate_up,7078,False,0.11732207238674164,8.53085582254635
44,20,gate_up,46833,False,0.11041948199272156,10.738673549549178
44,21,gate_up,45,True,0.10669660568237305,9.702660527315576
44,22,gate_up,61989,False,0.10934098809957504,10.296425680702349
44,23,gate_up,28881,False,0.11037010699510574,11.3765013149327
44,24,gate_up,6502,False,0.1178470030426979,7.510023284326319
44,25,gate_up,22725,False,0.11171440035104752,10.322157502719547
44,26,gate_up,1757,False,0.14139215648174286,8.88731752579024
44,27,gate_up,124065,False,0.10766465961933136,10.354885344513077
44,28,gate_up,5,True,0.1065121665596962,9.702660527315576
44,29,gate_up,23668,False,0.11210262030363083,10.684310130890035
44,30,gate_up,415,True,0.10659288614988327,9.702660527315576
44,31,gate_up,5256,False,0.11834945529699326,12.893529722824038
44,32,gate_up,1766,False,0.1354658156633377,14.900615776881297
44,33,gate_up,18745,False,0.1125951036810875,10.4904570617008
44,34,gate_up,4262,False,0.12430238723754883,9.116500966498432
44,35,gate_up,15,True,0.10676051676273346,9.702660527315576
44,36,gate_up,172,True,0.106869176030159,9.702660527315576
44,37,gate_up,38548,False,0.11143875122070312,12.158467934252762
44,38,gate_up,10085,False,0.11608065664768219,10.388090420956432
44,39,gate_up,62614,False,0.10920426994562149,9.556337711392558
44,40,gate_up,8654,False,0.11666305363178253,9.746385696070472
44,41,gate_up,2705,False,0.1307753175497055,12.26530561202797
44,42,gate_up,25834,False,0.10930182784795761,7.931043273366042
44,43,gate_up,35,True,0.10672889649868011,9.702660527315576
44,44,gate_up,25829,False,0.1116943359375,10.919316642929266
44,45,gate_up,39974,False,0.11162103712558746,11.118353852978755
44,46,gate_up,21383,False,0.11301584541797638,9.59231218026919
44,47,gate_up,10358,False,0.11636530607938766,9.547041559296268
44,48,gate_up,35973,False,0.11070479452610016,10.98629551008375
44,49,gate_up,5000,False,0.12178808450698853,8.567553687068346
44,50,gate_up,1299,False,0.14469151198863983,7.18356384322044
44,51,gate_up,6028,False,0.11627060174942017,12.423484249048464
44,52,gate_up,15783,False,0.11160680651664734,8.69559206344303
44,53,gate_up,30260,False,0.11242541670799255,11.907933307327033
44,54,gate_up,52258,False,0.10958810150623322,10.56054055559165
44,55,gate_up,5,True,0.10665415227413177,9.702660527315576
44,56,gate_up,65416,False,0.10888880491256714,9.417456902754195
44,57,gate_up,5111,False,0.1229100450873375,8.552026463794247
44,58,gate_up,21140,False,0.11275382339954376,9.519604814482994
44,59,gate_up,4612,False,0.12342461198568344,11.47280622778017
44,60,gate_up,12935,False,0.11341601610183716,9.472024739782016
44,61,gate_up,2,True,0.10664601624011993,9.702660527315576
44,62,gate_up,27578,False,0.10864198952913284,8.141389835867543
44,63,gate_up,15,True,0.10669912397861481,9.702660527315576
44,64,gate_up,6075,False,0.1206233948469162,10.225991817495927
44,65,gate_up,3,True,0.10679025948047638,9.702660527315576
44,66,gate_up,9729,False,0.1149369552731514,8.148134437231988
44,67,gate_up,3157,False,0.12715625762939453,11.764451950931267
44,68,gate_up,2942,False,0.13079571723937988,8.13638347601722
44,69,gate_up,125126,False,0.10803958773612976,10.098614150255289
44,70,gate_up,208,True,0.1065971776843071,9.702660527315576
44,71,gate_up,35609,False,0.11067699640989304,11.087607078580854
44,72,gate_up,15106,False,0.11270713061094284,9.213189334442317
44,73,gate_up,28370,False,0.11274460703134537,12.509004994930455
44,74,gate_up,1,True,0.10669980198144913,9.702660527315576
44,75,gate_up,24,True,0.10656825453042984,9.702660527315576
44,76,gate_up,52,True,0.10669544339179993,9.702660527315576
44,77,gate_up,29,True,0.10677749663591385,9.702660527315576
44,78,gate_up,4014,False,0.12581303715705872,11.557422016366662
44,79,gate_up,2459,False,0.13590437173843384,8.272358491527404
44,80,gate_up,65571,False,0.11047033965587616,13.09901997170142
44,81,gate_up,43793,False,0.11017341166734695,10.58008480215566
44,82,gate_up,6026,False,0.12013719230890274,7.338917460048778
44,83,gate_up,28318,False,0.11089207231998444,10.001157502510457
44,84,gate_up,3340,False,0.12878045439720154,9.866952355967225
44,85,gate_up,22,True,0.10662700980901718,9.702660527315576
44,86,gate_up,22,True,0.10666806995868683,9.702660527315576
44,87,gate_up,12,True,0.10632625222206116,9.702660527315576
44,88,gate_up,35717,False,0.11163464933633804,11.382075385513627
44,89,gate_up,4619,False,0.12392987310886383,9.535091638782463
44,90,gate_up,15383,False,0.11621496826410294,13.772474075895053
44,91,gate_up,8,True,0.10682997852563858,9.702660527315576
44,92,gate_up,7226,False,0.11875072121620178,9.9366290792999
44,93,gate_up,20,True,0.10633265227079391,9.702660527315576
44,94,gate_up,14704,False,0.11409351974725723,12.156789958953418
44,95,gate_up,2823,False,0.13207651674747467,8.730361013662122
44,96,gate_up,5516,False,0.12071167677640915,7.844073522534733
44,97,gate_up,12,True,0.10677897185087204,9.702660527315576
44,98,gate_up,6738,False,0.12029897421598434,11.389688931878922
44,99,gate_up,24186,False,0.11278214305639267,11.670429437781893
44,100,gate_up,4682,False,0.12431969493627548,8.251878581837403
44,101,gate_up,2628,False,0.13710030913352966,7.7466937885214415
44,102,gate_up,2391,False,0.12305726110935211,12.994019838888496
44,103,gate_up,1549,False,0.14363455772399902,7.375093447995517
44,104,gate_up,17423,False,0.11173278838396072,8.371223934214855
44,105,gate_up,19457,False,0.1132543683052063,9.543981819517489
44,106,gate_up,9,True,0.10654402524232864,9.702660527315576
44,107,gate_up,45587,False,0.10997599363327026,10.554513649525727
44,108,gate_up,3816,False,0.12854346632957458,9.545673555472366
44,109,gate_up,197,True,0.10674062371253967,9.702660527315576
44,110,gate_up,42002,False,0.11170320212841034,14.631854644934736
44,111,gate_up,12748,False,0.11530876159667969,9.457383318406682
44,112,gate_up,7,True,0.10670462995767593,9.702660527315576
44,113,gate_up,18334,False,0.11057599633932114,9.015222945727176
44,114,gate_up,1615,False,0.1458103358745575,7.49614386927639
44,115,gate_up,15,True,0.10664412379264832,9.702660527315576
44,116,gate_up,49039,False,0.10955140739679337,9.41474569415054
44,117,gate_up,3,True,0.10652374476194382,9.702660527315576
44,118,gate_up,12051,False,0.11403296142816544,9.42010251786497
44,119,gate_up,16859,False,0.11229252815246582,9.37970138564816
44,120,gate_up,34,True,0.1068759635090828,9.702660527315576
44,121,gate_up,11527,False,0.11547166109085083,10.62890933264868
44,122,gate_up,37939,False,0.11000905930995941,10.138834233948698
44,123,gate_up,2,True,0.10687485337257385,9.702660527315576
44,124,gate_up,20,True,0.1067311093211174,9.702660527315576
44,125,gate_up,45,True,0.10681482404470444,9.702660527315576
44,126,gate_up,1193,False,0.1381983757019043,11.257955562574418
44,127,gate_up,703,False,0.12468457967042923,14.000739993304823
44,0,down,23462,False,0.1141638308763504,1.5150582029721686
44,1,down,16368,False,0.11453772336244583,1.3321521543576167
44,2,down,4588,False,0.11167602241039276,1.2076730273578389
44,3,down,46745,False,0.11096131801605225,1.418168587872192
44,4,down,958,False,0.15228557586669922,1.883077419158698
44,5,down,10188,False,0.1129840537905693,2.0198060757686402
44,6,down,91319,False,0.11071504652500153,1.2466582933154777
44,7,down,427,True,0.09734316915273666,1.1667298639627957
44,8,down,10332,False,0.12931783497333527,5.767755666552006
44,9,down,53631,False,0.10668527334928513,1.4329335110874326
44,10,down,658,False,0.15897776186466217,1.900534663688533
44,11,down,75559,False,0.1047903299331665,3.072504835681325
44,12,down,13640,False,0.11587493121623993,1.4283247626889903
44,13,down,34523,False,0.1173534095287323,1.3750233027124237
44,14,down,1660,False,0.1386418640613556,1.9634279081632153
44,15,down,8460,False,0.11045297980308533,1.2758333531263133
44,16,down,20087,False,0.13011938333511353,2.035640410367748
44,17,down,2065,False,0.13023173809051514,1.7265150081568086
44,18,down,34,True,0.09732575714588165,1.1667298639627957
44,19,down,7078,False,0.10732711106538773,1.2349486997550012
44,20,down,46833,False,0.10995961725711823,1.497388752052625
44,21,down,45,True,0.09727206826210022,1.1667298639627957
44,22,down,61989,False,0.1136510968208313,1.4424166801332463
44,23,down,28881,False,0.10757714509963989,1.4442583938977016
44,24,down,6502,False,0.11427155137062073,1.5841341490793492
44,25,down,22725,False,0.10813838243484497,1.5847210985368054
44,26,down,1757,False,0.13630518317222595,2.4350442338362064
44,27,down,124065,False,0.11080309003591537,1.552134592908555
44,28,down,5,True,0.0972718745470047,1.1667298639627957
44,29,down,23668,False,0.11837740987539291,1.6314621989276505
44,30,down,415,True,0.09745296090841293,1.1667298639627957
44,31,down,5256,False,0.12944138050079346,3.387992786556361
44,32,down,1766,False,0.13697384297847748,5.05851185084218
44,33,down,18745,False,0.11595739424228668,1.42448229852096
44,34,down,4262,False,0.12074302136898041,1.729178545092318
44,35,down,15,True,0.09741479158401489,1.1667298639627957
44,36,down,172,True,0.09733820706605911,1.1667298639627957
44,37,down,38548,False,0.11118189245462418,1.4572511547175542
44,38,down,10085,False,0.1172824427485466,1.470633010316323
44,39,down,62614,False,0.10995835065841675,1.3693451552523594
44,40,down,8654,False,0.11687644571065903,1.8995283971997392
44,41,down,2705,False,0.12957817316055298,2.0553917535187303
44,42,down,25834,False,0.10316967219114304,1.1468364411451473
44,43,down,35,True,0.09733089059591293,1.1667298639627957
44,44,down,25829,False,0.11587999761104584,1.46210203915673
44,45,down,39974,False,0.11508587002754211,1.6861383435284827
44,46,down,21383,False,0.11657692492008209,1.5533975418772614
44,47,down,10358,False,0.11023467779159546,1.6901203057508867
44,48,down,35973,False,0.11394522339105606,1.7253752543581318
44,49,down,5000,False,0.12420258671045303,2.1122801479974838
44,50,down,1299,False,0.13512147963047028,1.805836810800096
44,51,down,6028,False,0.1236754059791565,3.0907729274153217
44,52,down,15783,False,0.1153615340590477,1.4352465614393979
44,53,down,30260,False,0.12003256380558014,2.4980502203757657
44,54,down,52258,False,0.11316260695457458,1.5286856154314656
44,55,down,5,True,0.0974360853433609,1.1667298639627957
44,56,down,65416,False,0.1039353758096695,1.221851125418899
44,57,down,5111,False,0.12124431133270264,1.602111216966086
44,58,down,21140,False,0.11818274855613708,2.0259538465459044
44,59,down,4612,False,0.12637700140476227,2.663380785518409
44,60,down,12935,False,0.11977788805961609,2.4059181807233614
44,61,down,2,True,0.09732193499803543,1.1667298639627957
44,62,down,27578,False,0.11285294592380524,1.5022949437326012
44,63,down,15,True,0.09744303673505783,1.1667298639627957
44,64,down,6075,False,0.12412502616643906,1.4667977548315503
44,65,down,3,True,0.0973355621099472,1.1667298639627957
44,66,down,9729,False,0.12147179991006851,1.3267449313422655
44,67,down,3157,False,0.13348934054374695,3.493181432297818
44,68,down,2942,False,0.11845274269580841,1.5165473520971087
44,69,down,125126,False,0.11191009730100632,1.2925134519527632
44,70,down,208,True,0.097291000187397,1.1667298639627957
44,71,down,35609,False,0.11951485276222229,1.8669311706622582
44,72,down,15106,False,0.10864140093326569,1.4132888385499367
44,73,down,28370,False,0.1252071112394333,1.9388733039362411
44,74,down,1,True,0.0973578542470932,1.1667298639627957
44,75,down,24,True,0.09728528559207916,1.1667298639627957
44,76,down,52,True,0.097428098320961,1.1667298639627957
44,77,down,29,True,0.0973355770111084,1.1667298639627957
44,78,down,4014,False,0.12430240213871002,5.048102603510799
44,79,down,2459,False,0.12181751430034637,1.4685660338075759
44,80,down,65571,False,0.11382567882537842,1.6146621434862334
44,81,down,43793,False,0.10896986722946167,1.3061720358846916
44,82,down,6026,False,0.10707391798496246,1.3330561555992624
44,83,down,28318,False,0.11233904957771301,1.4521350744064696
44,84,down,3340,False,0.11778241395950317,1.4013487392098514
44,85,down,22,True,0.09724003821611404,1.1667298639627957
44,86,down,22,True,0.09728264808654785,1.1667298639627957
44,87,down,12,True,0.0971747562289238,1.1667298639627957
44,88,down,35717,False,0.11939436942338943,1.619742651346332
44,89,down,4619,False,0.12080148607492447,1.926221705746772
44,90,down,15383,False,0.12943650782108307,3.744449406565185
44,91,down,8,True,0.09730717539787292,1.1667298639627957
44,92,down,7226,False,0.12224217504262924,1.6268994509153827
44,93,down,20,True,0.09757009148597717,1.1667298639627957
44,94,down,14704,False,0.12144476175308228,3.2097328702902406
44,95,down,2823,False,0.1299903690814972,1.8045471764980863
44,96,down,5516,False,0.10755428671836853,1.185896519896797
44,97,down,12,True,0.09744396060705185,1.1667298639627957
44,98,down,6738,False,0.12678755819797516,2.0341181738031326
44,99,down,24186,False,0.11766410619020462,1.6889108392516292
44,100,down,4682,False,0.11303109675645828,1.5182498282213321
44,101,down,2628,False,0.13017061352729797,1.667442735807372
44,102,down,2391,False,0.13047365844249725,7.099962250141895
44,103,down,1549,False,0.13189129531383514,1.5677375614750058
44,104,down,17423,False,0.10804063081741333,1.6355139584363112
44,105,down,19457,False,0.10969526320695877,2.0948040910009813
44,106,down,9,True,0.09715691953897476,1.1667298639627957
44,107,down,45587,False,0.11174332350492477,1.3853191951148227
44,108,down,3816,False,0.12865784764289856,2.096815684200631
44,109,down,197,True,0.09739653766155243,1.1667298639627957
44,110,down,42002,False,0.12238168716430664,4.212947481604245
44,111,down,12748,False,0.1099180281162262,1.5233296638476916
44,112,down,7,True,0.09726831316947937,1.1667298639627957
44,113,down,18334,False,0.105207659304142,1.2719191747408467
44,114,down,1615,False,0.13185107707977295,1.380470217112072
44,115,down,15,True,0.09720779210329056,1.1667298639627957
44,116,down,49039,False,0.11335068941116333,1.299094115828264
44,117,down,3,True,0.09733664989471436,1.1667298639627957
44,118,down,12051,False,0.1162635013461113,1.555594142801607
44,119,down,16859,False,0.1078784391283989,1.3016394011267822
44,120,down,34,True,0.09739700704813004,1.1667298639627957
44,121,down,11527,False,0.12101471424102783,1.8493022247673159
44,122,down,37939,False,0.10746823251247406,1.338728451364333
44,123,down,2,True,0.0973154753446579,1.1667298639627957
44,124,down,20,True,0.09739530086517334,1.1667298639627957
44,125,down,45,True,0.09734531491994858,1.1667298639627957
44,126,down,1193,False,0.14723512530326843,2.7271708375031123
44,127,down,703,False,0.14979299902915955,3.455081888658806
45,0,gate_up,8171,False,0.11728484183549881,11.166473938858692
45,1,gate_up,278,True,0.10556995868682861,9.372106211641945
45,2,gate_up,73362,False,0.1080227866768837,10.382977709457025
45,3,gate_up,11203,False,0.1133674904704094,9.210714673178359
45,4,gate_up,41441,False,0.10886289179325104,9.650624417637916
45,5,gate_up,62241,False,0.10990084707736969,13.024107459577168
45,6,gate_up,122,True,0.10540394484996796,9.372106211641945
45,7,gate_up,4661,False,0.12127283215522766,8.203127863657066
45,8,gate_up,7102,False,0.1174965500831604,7.746188372769422
45,9,gate_up,327,True,0.10537385195493698,9.372106211641945
45,10,gate_up,11093,False,0.11398085951805115,10.295157173505089
45,11,gate_up,16,True,0.10550680011510849,9.372106211641945
45,12,gate_up,135044,False,0.10651989281177521,9.729595557551788
45,13,gate_up,6429,False,0.11725020408630371,8.595305163696247
45,14,gate_up,6,True,0.10558398813009262,9.372106211641945
45,15,gate_up,26,True,0.10566523671150208,9.372106211641945
45,16,gate_up,52608,False,0.10746397078037262,9.184747837204755
45,17,gate_up,34999,False,0.11074484884738922,11.220156734975372
45,18,gate_up,3830,False,0.12717768549919128,10.351264898978231
45,19,gate_up,2000,False,0.13565818965435028,12.551262887292745
45,20,gate_up,61334,False,0.10802467912435532,9.608430449550182
45,21,gate_up,2264,False,0.13819265365600586,8.541554345235381
45,22,gate_up,75203,False,0.10881783068180084,10.940881319498363
45,23,gate_up,3097,False,0.12838907539844513,12.748308692194849
45,24,gate_up,55296,False,0.10844758152961731,10.337663594037975
45,25,gate_up,1,True,0.10545041412115097,9.372106211641945
45,26,gate_up,29337,False,0.10980483144521713,10.58605715847055
45,27,gate_up,96339,False,0.10801105201244354,10.89421300334309
45,28,gate_up,10479,False,0.11338833719491959,8.763948629422636
45,29,gate_up,16249,False,0.11278089880943298,10.997093791935303
45,30,gate_up,3200,False,0.13163363933563232,9.23590331174577
45,31,gate_up,1578,False,0.14483241736888885,7.823555281620222
45,32,gate_up,74817,False,0.10790500789880753,10.044820489695551
45,33,gate_up,3677,False,0.128187894821167,6.9040453755527125
45,34,gate_up,558,False,0.13451208174228668,8.512093684791994
45,35,gate_up,517,False,0.12833455204963684,10.187121847244866
45,36,gate_up,6006,False,0.11977314949035645,10.13545087805164
45,37,gate_up,75443,False,0.10769221186637878,10.044933870642344
45,38,gate_up,5747,False,0.11681624501943588,15.357464391305932
45,39,gate_up,33,True,0.10564529895782471,9.372106211641945
45,40,gate_up,74,True,0.10553590208292007,9.372106211641945
45,41,gate_up,2435,False,0.1332574337720871,10.008390124046514
45,42,gate_up,34905,False,0.10895330458879471,9.433206781446076
45,43,gate_up,4923,False,0.12029271572828293,6.718428974668101
45,44,gate_up,1264,False,0.11632069200277328,14.052950177508388
45,45,gate_up,32014,False,0.10919874161481857,9.512504708729574
45,46,gate_up,41883,False,0.11054396629333496,11.167980312283387
45,47,gate_up,46257,False,0.11029662191867828,13.336410070196939
45,48,gate_up,26306,False,0.108034148812294,8.105846360606746
45,49,gate_up,54,True,0.10541044175624847,9.372106211641945
45,50,gate_up,22837,False,0.11132816225290298,9.210189967186222
45,51,gate_up,11670,False,0.1127559095621109,7.935427536461529
45,52,gate_up,7870,False,0.11540386080741882,13.068620008725427
45,53,gate_up,4522,False,0.12457548826932907,10.318161376721527
45,54,gate_up,5053,False,0.12305910140275955,10.9689864183688
45,55,gate_up,244,True,0.10552696138620377,9.372106211641945
45,56,gate_up,10,True,0.10538328438997269,9.372106211641945
45,57,gate_up,173,True,0.10545733571052551,9.372106211641945
45,58,gate_up,5679,False,0.11982566863298416,11.451280934611852
45,59,gate_up,12,True,0.1053287535905838,9.372106211641945
45,60,gate_up,4027,False,0.12482941150665283,9.034420619867422
45,61,gate_up,1479,False,0.1383490115404129,10.934955066600116
45,62,gate_up,14,True,0.10551533848047256,9.372106211641945
45,63,gate_up,6436,False,0.11826442182064056,12.192936229374148
45,64,gate_up,9418,False,0.11606408655643463,9.513303866041612
45,65,gate_up,23617,False,0.11049647629261017,9.059894801071772
45,66,gate_up,2431,False,0.1341799944639206,8.633475780123126
45,67,gate_up,13576,False,0.11177317798137665,7.597421290757358
45,68,gate_up,3,True,0.10531795769929886,9.372106211641945
45,69,gate_up,570,False,0.1326233297586441,7.083946470186183
45,70,gate_up,51307,False,0.10933299362659454,10.930669616336363
45,71,gate_up,20581,False,0.11110501736402512,9.563018274033759
45,72,gate_up,1796,False,0.14073780179023743,8.312605242679313
45,73,gate_up,770,False,0.1367432177066803,9.611110810965588
45,74,gate_up,98,True,0.10558383166790009,9.372106211641945
45,75,gate_up,15,True,0.10543378442525864,9.372106211641945
45,76,gate_up,34261,False,0.1089731827378273,10.370225592255121
45,77,gate_up,12215,False,0.11221823841333389,8.844964707222964
45,78,gate_up,21,True,0.10560417920351028,9.372106211641945
45,79,gate_up,40,True,0.10548025369644165,9.372106211641945
45,80,gate_up,54262,False,0.10896414518356323,10.946578882088573
45,81,gate_up,8029,False,0.11630938202142715,9.229078295610305
45,82,gate_up,10348,False,0.1153489500284195,13.16508699020932
45,83,gate_up,39727,False,0.11090444028377533,14.100983047659295
45,84,gate_up,804,False,0.13468630611896515,12.061694457863592
45,85,gate_up,2008,False,0.13936902582645416,9.465087422727827
45,86,gate_up,10123,False,0.11383673548698425,11.723292320856903
45,87,gate_up,50177,False,0.10971027612686157,13.846291130821525
45,88,gate_up,25223,False,0.10812528431415558,8.028457674835677
45,89,gate_up,7191,False,0.1172604188323021,9.042188315462353
45,90,gate_up,1524,False,0.13190092146396637,11.48209672789167
45,91,gate_up,9135,False,0.11654414981603622,9.963488437882447
45,92,gate_up,26017,False,0.10852310806512833,8.561728798416947
45,93,gate_up,6250,False,0.11887563019990921,10.175047861066675
45,94,gate_up,6939,False,0.11755742132663727,10.960643498638996
45,95,gate_up,29137,False,0.11031366139650345,10.758411454378237
45,96,gate_up,31,True,0.10522705316543579,9.372106211641945
45,97,gate_up,5,True,0.10545705258846283,9.372106211641945
45,98,gate_up,7692,False,0.11629725992679596,7.870556176777151
45,99,gate_up,21559,False,0.11166705191135406,9.187888681570046
45,100,gate_up,20,True,0.10556456446647644,9.372106211641945
45,101,gate_up,22520,False,0.11078960448503494,12.221358182057418
45,102,gate_up,13,True,0.105326808989048,9.372106211641945
45,103,gate_up,18567,False,0.11113626509904861,9.509215262871734
45,104,gate_up,1218,False,0.14262758195400238,8.322412114010076
45,105,gate_up,31,True,0.10551232844591141,9.372106211641945
45,106,gate_up,42,True,0.10555145889520645,9.372106211641945
45,107,gate_up,976,False,0.1287589967250824,10.285702044214933
45,108,gate_up,6,True,0.1055530235171318,9.372106211641945
45,109,gate_up,3840,False,0.12420712411403656,8.06200764916414
45,110,gate_up,895,False,0.13744571805000305,9.556089737733359
45,111,gate_up,4987,False,0.12107400596141815,9.095766687953885
45,112,gate_up,43844,False,0.1105017215013504,11.15414386307914
45,113,gate_up,2390,False,0.13483285903930664,8.991043930662718
45,114,gate_up,58624,False,0.10801621526479721,9.776327260480386
45,115,gate_up,1542,False,0.1402944177389145,8.853349997027289
45,116,gate_up,14565,False,0.11100902408361435,8.00518094794502
45,117,gate_up,68399,False,0.10703443735837936,8.970117127144368
45,118,gate_up,8,True,0.1051957756280899,9.372106211641945
45,119,gate_up,20520,False,0.11053501069545746,9.813386915928007
45,120,gate_up,2451,False,0.13862603902816772,6.600743545751369
45,121,gate_up,1530,False,0.13887199759483337,9.710975686458415
45,122,gate_up,47,True,0.10523291677236557,9.372106211641945
45,123,gate_up,86239,False,0.10801125317811966,10.36428867511088
45,124,gate_up,14,True,0.10557666420936584,9.372106211641945
45,125,gate_up,304,True,0.10549624264240265,9.372106211641945
45,126,gate_up,1349,False,0.14389725029468536,8.068843598470615
45,127,gate_up,19036,False,0.10993238538503647,10.336983206171706
45,0,down,8171,False,0.12927371263504028,2.3242801023572497
45,1,down,278,True,0.09748243540525436,2.2954601864182336
45,2,down,73362,False,0.1042165756225586,1.264161747396153
45,3,down,11203,False,0.11286645382642746,1.9675613151417068
45,4,down,41441,False,0.11119560897350311,1.4100644231804764
45,5,down,62241,False,0.11796046793460846,1.9138256364520212
45,6,down,122,True,0.0975474938750267,2.2954601864182336
45,7,down,4661,False,0.11719582974910736,1.5012557563725841
45,8,down,7102,False,0.12064946442842484,1.6222528475280489
45,9,down,327,True,0.09764447063207626,2.2954601864182336
45,10,down,11093,False,0.1165643110871315,1.5048027692617725
45,11,down,16,True,0.09751800447702408,2.2954601864182336
45,12,down,135044,False,0.10837612301111221,1.4862145136304372
45,13,down,6429,False,0.11545126140117645,1.5104167835702371
45,14,down,6,True,0.09759782999753952,2.2954601864182336
45,15,down,26,True,0.09758445620536804,2.2954601864182336
45,16,down,52608,False,0.10629487782716751,1.306111945133826
45,17,down,34999,False,0.1166621744632721,1.772546155133453
45,18,down,3830,False,0.11946315318346024,1.3496604705963442
45,19,down,2000,False,0.14527499675750732,2.2124811280734265
45,20,down,61334,False,0.10619574040174484,1.2411588417263404
45,21,down,2264,False,0.12663163244724274,2.0278667398920542
45,22,down,75203,False,0.11809276789426804,1.5255817656423865
45,23,down,3097,False,0.12969279289245605,7.940829572192124
45,24,down,55296,False,0.1078738421201706,1.4839271376413388
45,25,down,1,True,0.09760840982198715,2.2954601864182336
45,26,down,29337,False,0.1061277687549591,1.2983152187402183
45,27,down,96339,False,0.1126335859298706,1.8356930098112425
45,28,down,10479,False,0.11016523092985153,1.3780054671060067
45,29,down,16249,False,0.11955182999372482,2.3741905769369462
45,30,down,3200,False,0.12229333072900772,1.7932532573947004
45,31,down,1578,False,0.13345979154109955,1.3282678614452328
45,32,down,74817,False,0.10859083384275436,1.3011422825819232
45,33,down,3677,False,0.1254679262638092,1.4654657213475395
45,34,down,558,False,0.15667322278022766,3.1843561017181377
45,35,down,517,False,0.15814118087291718,2.97677845407493
45,36,down,6006,False,0.11850517988204956,1.7940987673669873
45,37,down,75443,False,0.10820502042770386,1.3975398631759275
45,38,down,5747,False,0.1271216869354248,2.1918686030468737
45,39,down,33,True,0.09748494625091553,2.2954601864182336
45,40,down,74,True,0.09746099263429642,2.2954601864182336
45,41,down,2435,False,0.13420692086219788,1.7704792716548983
45,42,down,34905,False,0.11397889256477356,1.925408044910312
45,43,down,4923,False,0.1113591119647026,1.328888531213695
45,44,down,1264,False,0.13410969078540802,5.438348587481605
45,45,down,32014,False,0.11027861386537552,1.4049479715195001
45,46,down,41883,False,0.11274437606334686,1.4535667425928056
45,47,down,46257,False,0.1152179017663002,1.6155338104338945
45,48,down,26306,False,0.1066177487373352,1.3686627248566041
45,49,down,54,True,0.0975157842040062,2.2954601864182336
45,50,down,22837,False,0.12017964571714401,1.7540498350584728
45,51,down,11670,False,0.10932906717061996,1.193300415584148
45,52,down,7870,False,0.12783518433570862,2.8534917235764974
45,53,down,4522,False,0.11902546882629395,1.7175883127025335
45,54,down,5053,False,0.12130197882652283,1.7379701256485403
45,55,down,244,True,0.09769220650196075,2.2954601864182336
45,56,down,10,True,0.09752971678972244,2.2954601864182336
45,57,down,173,True,0.09752681106328964,2.2954601864182336
45,58,down,5679,False,0.11324392259120941,1.2775935260107292
45,59,down,12,True,0.09776514023542404,2.2954601864182336
45,60,down,4027,False,0.11951126903295517,1.6678613694813287
45,61,down,1479,False,0.14473320543766022,1.8639285278914262
45,62,down,14,True,0.09756595641374588,2.2954601864182336
45,63,down,6436,False,0.12026173621416092,1.579908912550889
45,64,down,9418,False,0.11091298609972,1.5509701560007925
45,65,down,23617,False,0.10688614845275879,1.4460096484689544
45,66,down,2431,False,0.12370087206363678,2.5497063485508633
45,67,down,13576,False,0.10300592333078384,1.1318309717142618
45,68,down,3,True,0.0977543368935585,2.2954601864182336
45,69,down,570,False,0.15376690030097961,3.665826349404566
45,70,down,51307,False,0.11245241016149521,2.4718619040783794
45,71,down,20581,False,0.12104430794715881,1.9641721363399904
45,72,down,1796,False,0.13145004212856293,2.4649751073289297
45,73,down,770,False,0.1530802994966507,1.91700738042546
45,74,down,98,True,0.0976463034749031,2.2954601864182336
45,75,down,15,True,0.09763986617326736,2.2954601864182336
45,76,down,34261,False,0.10534469783306122,1.4128618634559795
45,77,down,12215,False,0.10871382802724838,1.3035265596753236
45,78,down,21,True,0.09748891741037369,2.2954601864182336
45,79,down,40,True,0.09765186905860901,2.2954601864182336
45,80,down,54262,False,0.1100173071026802,1.4070298962210337
45,81,down,8029,False,0.11389211565256119,1.5567899030481536
45,82,down,10348,False,0.12595506012439728,6.137431370701627
45,83,down,39727,False,0.11821871995925903,1.7397508143919922
45,84,down,804,False,0.1570563018321991,2.262508109553135
45,85,down,2008,False,0.13419969379901886,1.8586509630326447
45,86,down,10123,False,0.11398335546255112,2.4716099043645814
45,87,down,50177,False,0.12235566973686218,16.434329800235986
45,88,down,25223,False,0.11598770320415497,1.6951705199023839
45,89,down,7191,False,0.11773538589477539,1.5179526716186005
45,90,down,1524,False,0.1388670653104782,2.4782117801106422
45,91,down,9135,False,0.11795468628406525,1.789040294418543
45,92,down,26017,False,0.102866530418396,1.1918873204386828
45,93,down,6250,False,0.11465907096862793,1.4275368633260246
45,94,down,6939,False,0.11738324910402298,1.8638345973194703
45,95,down,29137,False,0.12739884853363037,2.4986504827416023
45,96,down,31,True,0.09750975668430328,2.2954601864182336
45,97,down,5,True,0.09764166921377182,2.2954601864182336
45,98,down,7692,False,0.10652238130569458,1.1549318788702443
45,99,down,21559,False,0.11656342446804047,1.569506044952732
45,100,down,20,True,0.09750954806804657,2.2954601864182336
45,101,down,22520,False,0.12406735122203827,2.1444489081214764
45,102,down,13,True,0.09746677428483963,2.2954601864182336
45,103,down,18567,False,0.11596418172121048,1.401654036093735
45,104,down,1218,False,0.14027303457260132,1.5912923442349967
45,105,down,31,True,0.09763682633638382,2.2954601864182336
45,106,down,42,True,0.09769899398088455,2.2954601864182336
45,107,down,976,False,0.1418205350637436,4.073348866356227
45,108,down,6,True,0.09747719764709473,2.2954601864182336
45,109,down,3840,False,0.11246775090694427,1.6841634076355154
45,110,down,895,False,0.1488000899553299,1.7113918844736118
45,111,down,4987,False,0.12157119065523148,2.001130834957806
45,112,down,43844,False,0.11168849468231201,1.5840207020063597
45,113,down,2390,False,0.13328251242637634,1.450490118609262
45,114,down,58624,False,0.1093873456120491,1.371106120372075
45,115,down,1542,False,0.13352271914482117,1.726011245910373
45,116,down,14565,False,0.1024048775434494,1.1484038709418891
45,117,down,68399,False,0.107353575527668,1.3568229135412715
45,118,down,8,True,0.09747365862131119,2.2954601864182336
45,119,down,20520,False,0.10859819501638412,1.5814902671550706
45,120,down,2451,False,0.1287873238325119,2.491763904816153
45,121,down,1530,False,0.1364845335483551,1.7774322321506042
45,122,down,47,True,0.09770925343036652,2.2954601864182336
45,123,down,86239,False,0.1080997884273529,1.451354015981788
45,124,down,14,True,0.09766361117362976,2.2954601864182336
45,125,down,304,True,0.09756331890821457,2.2954601864182336
45,126,down,1349,False,0.13616031408309937,1.6376240804838906
45,127,down,19036,False,0.10772132128477097,1.1517849370388669
46,0,gate_up,3927,False,0.12607915699481964,8.2288781386995
46,1,gate_up,29167,False,0.11004497855901718,17.276783605478442
46,2,gate_up,12,True,0.10495125502347946,10.16068502996791
46,3,gate_up,3027,False,0.12996803224086761,9.344192913748985
46,4,gate_up,23,True,0.10483237355947495,10.16068502996791
46,5,gate_up,53813,False,0.1082037016749382,13.050489948716896
46,6,gate_up,25,True,0.10455282032489777,10.16068502996791
46,7,gate_up,28306,False,0.10908101499080658,10.600461167364196
46,8,gate_up,8235,False,0.11540893465280533,10.028772940753232
46,9,gate_up,4185,False,0.12179379910230637,11.874266469497803
46,10,gate_up,43056,False,0.10989132523536682,16.777526635846723
46,11,gate_up,14622,False,0.11389429122209549,14.463945159108693
46,12,gate_up,41,True,0.10492593795061111,10.16068502996791
46,13,gate_up,464,True,0.10481171309947968,10.16068502996791
46,14,gate_up,1297,False,0.14366798102855682,8.312151221380267
46,15,gate_up,1702,False,0.1315126121044159,11.429290639940639
46,16,gate_up,14405,False,0.11300226300954819,8.48371654790386
46,17,gate_up,5064,False,0.12138813734054565,11.483963828785779
46,18,gate_up,7416,False,0.11519695818424225,6.939730546157781
46,19,gate_up,55495,False,0.1077699288725853,11.130454053728343
46,20,gate_up,4984,False,0.12313348799943924,8.329006303005498
46,21,gate_up,3082,False,0.13197480142116547,8.79572683200716
46,22,gate_up,64136,False,0.10768412053585052,11.805441543604282
46,23,gate_up,6,True,0.10438656061887741,10.16068502996791
46,24,gate_up,214,True,0.10484325885772705,10.16068502996791
46,25,gate_up,9,True,0.10451700538396835,10.16068502996791
46,26,gate_up,10380,False,0.11275968700647354,7.577453130745764
46,27,gate_up,24094,False,0.11100232601165771,8.799540650044884
46,28,gate_up,4496,False,0.12056027352809906,8.976107309006323
46,29,gate_up,23155,False,0.11125998944044113,13.098274432466889
46,30,gate_up,30590,False,0.10999739915132523,13.043208564101993
46,31,gate_up,2223,False,0.13234716653823853,10.835521341577033
46,32,gate_up,22963,False,0.111294686794281,8.955394231917145
46,33,gate_up,26795,False,0.1072363555431366,8.742147172728902
46,34,gate_up,11552,False,0.11686249077320099,17.201535445617722
46,35,gate_up,15031,False,0.10955685377120972,7.3379338914576975
46,36,gate_up,13542,False,0.11210432648658752,12.132144548244302
46,37,gate_up,5903,False,0.12100150436162949,9.952615170234438
46,38,gate_up,3767,False,0.12335909157991409,13.789778337203577
46,39,gate_up,40401,False,0.11000601947307587,12.405471506186558
46,40,gate_up,109,True,0.10489284992218018,10.16068502996791
46,41,gate_up,25,True,0.10501782596111298,10.16068502996791
46,42,gate_up,86,True,0.10479956120252609,10.16068502996791
46,43,gate_up,19217,False,0.10895687341690063,7.3415240937130255
46,44,gate_up,12947,False,0.11187154799699783,11.604107391877848
46,45,gate_up,34635,False,0.10954872518777847,15.076193723213068
46,46,gate_up,28308,False,0.10743142664432526,8.370960353829183
46,47,gate_up,3,True,0.10497830808162689,10.16068502996791
46,48,gate_up,47,True,0.10486041754484177,10.16068502996791
46,49,gate_up,10827,False,0.11318643391132355,8.500359244691523
46,50,gate_up,4,True,0.10489055514335632,10.16068502996791
46,51,gate_up,42101,False,0.10552003234624863,9.353970137680777
46,52,gate_up,83366,False,0.10708943754434586,11.617370821660105
46,53,gate_up,1232,False,0.13899989426136017,8.231111092809487
46,54,gate_up,24176,False,0.10748752951622009,7.5806858236708505
46,55,gate_up,115200,False,0.10649345070123672,11.336111447219475
46,56,gate_up,105,True,0.10464572161436081,10.16068502996791
46,57,gate_up,1887,False,0.14147527515888214,6.445612889553299
46,58,gate_up,140,True,0.10466575622558594,10.16068502996791
46,59,gate_up,69,True,0.10466025024652481,10.16068502996791
46,60,gate_up,59207,False,0.10772008448839188,11.653972646660577
46,61,gate_up,44164,False,0.10743692517280579,9.958306365579373
46,62,gate_up,1058,False,0.13702437281608582,7.569934036337076
46,63,gate_up,1212,False,0.14200712740421295,7.953502517670151
46,64,gate_up,15631,False,0.11136865615844727,9.742402246768409
46,65,gate_up,0,True,0.10478373616933823,10.16068502996791
46,66,gate_up,2838,False,0.13419659435749054,8.03065600231018
46,67,gate_up,21541,False,0.10902413725852966,11.763990215938078
46,68,gate_up,55720,False,0.10755210369825363,11.176984396980535
46,69,gate_up,28,True,0.1047443300485611,10.16068502996791
46,70,gate_up,148,True,0.10474034398794174,10.16068502996791
46,71,gate_up,10021,False,0.11408092826604843,14.748278421493831
46,72,gate_up,3,True,0.10447447746992111,10.16068502996791
46,73,gate_up,1,True,0.10428139567375183,10.16068502996791
46,74,gate_up,11398,False,0.11213661730289459,11.945140075050269
46,75,gate_up,7520,False,0.11690275371074677,10.901505153548017
46,76,gate_up,24741,False,0.11043772101402283,9.136745000271512
46,77,gate_up,20844,False,0.11028508096933365,10.242003511586605
46,78,gate_up,39,True,0.10477742552757263,10.16068502996791
46,79,gate_up,6090,False,0.11797555536031723,6.702305233072889
46,80,gate_up,55168,False,0.10853789001703262,12.051532021858458
46,81,gate_up,10513,False,0.11365721374750137,13.514757141052582
46,82,gate_up,38225,False,0.109409399330616,13.86320266434616
46,83,gate_up,6998,False,0.11832065135240555,12.338057498699039
46,84,gate_up,18894,False,0.11090651154518127,11.746256123842233
46,85,gate_up,737,False,0.11305800825357437,22.031013625888964
46,86,gate_up,2,True,0.1048337072134018,10.16068502996791
46,87,gate_up,0,True,0.10460712015628815,10.16068502996791
46,88,gate_up,121,True,0.1049032211303711,10.16068502996791
46,89,gate_up,409,True,0.10482906550168991,10.16068502996791
46,90,gate_up,12227,False,0.11122440546751022,8.034734424853951
46,91,gate_up,44,True,0.10466031730175018,10.16068502996791
46,92,gate_up,12102,False,0.11313021928071976,9.979147278500795
46,93,gate_up,1831,False,0.13431084156036377,9.735261523179004
46,94,gate_up,23195,False,0.11080031096935272,8.169014710454356
46,95,gate_up,70,True,0.10482751578092575,10.16068502996791
46,96,gate_up,19203,False,0.11063164472579956,14.468397330354996
46,97,gate_up,67882,False,0.10810404270887375,11.938520569075992
46,98,gate_up,33722,False,0.10875315964221954,11.851046218555844
46,99,gate_up,3399,False,0.12895961105823517,8.922692044442162
46,100,gate_up,1743,False,0.13098914921283722,11.232366411650261
46,101,gate_up,69899,False,0.10748954117298126,11.124417783702388
46,102,gate_up,2141,False,0.14030100405216217,7.955707664206441
46,103,gate_up,3333,False,0.12948359549045563,7.721007496849503
46,104,gate_up,59722,False,0.10559995472431183,10.223108387055998
46,105,gate_up,41564,False,0.1098778247833252,12.37409466740878
46,106,gate_up,5895,False,0.11678601056337357,13.229431177604361
46,107,gate_up,6859,False,0.11524137854576111,9.228415470777229
46,108,gate_up,43,True,0.10440167039632797,10.16068502996791
46,109,gate_up,4807,False,0.12204387038946152,7.658638906242353
46,110,gate_up,1790,False,0.13960567116737366,8.854605160558613
46,111,gate_up,13554,False,0.11158978193998337,10.314781794023672
46,112,gate_up,5391,False,0.1182006299495697,8.453717628771868
46,113,gate_up,10107,False,0.11422125995159149,8.895722748832421
46,114,gate_up,5133,False,0.11946085840463638,10.26713587496416
46,115,gate_up,56292,False,0.10836054384708405,11.801053504932186
46,116,gate_up,4873,False,0.12105724960565567,8.29638137565015
46,117,gate_up,108065,False,0.10648299008607864,11.123555682706884
46,118,gate_up,11079,False,0.11481212824583054,15.168016329151392
46,119,gate_up,2882,False,0.1302393525838852,10.811918320349486
46,120,gate_up,209,True,0.10472911596298218,10.16068502996791
46,121,gate_up,1,True,0.10447211563587189,10.16068502996791
46,122,gate_up,17955,False,0.11015371233224869,12.112037101554487
46,123,gate_up,20188,False,0.1109379455447197,16.266906753790618
46,124,gate_up,40389,False,0.10952112823724747,14.799971536423328
46,125,gate_up,1244,False,0.13655181229114532,9.327813397724713
46,126,gate_up,5324,False,0.12061237543821335,9.728698312876583
46,127,gate_up,53635,False,0.10774584859609604,11.355408464938408
46,0,down,3927,False,0.1275879293680191,1.5198506110421037
46,1,down,29167,False,0.1192224994301796,7.791819282306351
46,2,down,12,True,0.09797219932079315,1.2669014115066828
46,3,down,3027,False,0.13541752099990845,1.5158824643245161
46,4,down,23,True,0.09802787750959396,1.2669014115066828
46,5,down,53813,False,0.12701855599880219,4.3335789221838645
46,6,down,25,True,0.09782442450523376,1.2669014115066828
46,7,down,28306,False,0.10941828787326813,1.4171723840544932
46,8,down,8235,False,0.1293323040008545,1.6412665390496965
46,9,down,4185,False,0.1282292753458023,7.099831477393935
46,10,down,43056,False,0.12442056834697723,3.1139811772008343
46,11,down,14622,False,0.12379530072212219,2.112693698068065
46,12,down,41,True,0.09797409921884537,1.2669014115066828
46,13,down,464,True,0.09805410355329514,1.2669014115066828
46,14,down,1297,False,0.13396164774894714,1.7914726693366554
46,15,down,1702,False,0.1387072056531906,4.118692442916153
46,16,down,14405,False,0.11191657930612564,2.207318133047879
46,17,down,5064,False,0.12163761258125305,1.699530995049546
46,18,down,7416,False,0.10548820346593857,1.1651293073264275
46,19,down,55495,False,0.11378467828035355,1.5074706931049244
46,20,down,4984,False,0.12025104463100433,1.556372421758929
46,21,down,3082,False,0.12169618904590607,2.233449373019534
46,22,down,64136,False,0.11011727899312973,1.505662937283144
46,23,down,6,True,0.09796896576881409,1.2669014115066828
46,24,down,214,True,0.09805424511432648,1.2669014115066828
46,25,down,9,True,0.09808830171823502,1.2669014115066828
46,26,down,10380,False,0.10704217106103897,1.159146161684701
46,27,down,24094,False,0.13082081079483032,1.6120436552346784
46,28,down,4496,False,0.127484992146492,1.7273478276762302
46,29,down,23155,False,0.11894781142473221,1.3982308190459156
46,30,down,30590,False,0.12260857224464417,1.8381819128711174
46,31,down,2223,False,0.14549405872821808,2.8519256451794215
46,32,down,22963,False,0.12426157295703888,1.540322619464771
46,33,down,26795,False,0.10242792963981628,1.2083834308104346
46,34,down,11552,False,0.1288081258535385,3.9672622907429096
46,35,down,15031,False,0.1036396324634552,1.3066882876946295
46,36,down,13542,False,0.11709696054458618,1.7777844354448622
46,37,down,5903,False,0.11626718193292618,1.5649652217134622
46,38,down,3767,False,0.12837812304496765,1.8513937459723202
46,39,down,40401,False,0.1157294288277626,2.212911803822167
46,40,down,109,True,0.0979929193854332,1.2669014115066828
46,41,down,25,True,0.0980624407529831,1.2669014115066828
46,42,down,86,True,0.09800198674201965,1.2669014115066828
46,43,down,19217,False,0.10425017774105072,1.1686340116663858
46,44,down,12947,False,0.11363837867975235,4.651773003709233
46,45,down,34635,False,0.11403113603591919,1.4751363029268993
46,46,down,28308,False,0.1013796254992485,1.1205599919990394
46,47,down,3,True,0.09804841876029968,1.2669014115066828
46,48,down,47,True,0.09805656224489212,1.2669014115066828
46,49,down,10827,False,0.11509961634874344,1.5816444312779103
46,50,down,4,True,0.09815598279237747,1.2669014115066828
46,51,down,42101,False,0.10675238817930222,2.060680877186081
46,52,down,83366,False,0.11467158794403076,1.4895382715781949
46,53,down,1232,False,0.14532257616519928,2.073958387676899
46,54,down,24176,False,0.11060132086277008,2.2400039560238856
46,55,down,115200,False,0.11355265229940414,1.6119673263199805
46,56,down,105,True,0.0980016216635704,1.2669014115066828
46,57,down,1887,False,0.13397864997386932,5.506321258956496
46,58,down,140,True,0.09814277291297913,1.2669014115066828
46,59,down,69,True,0.09803310036659241,1.2669014115066828
46,60,down,59207,False,0.11424766480922699,1.4787358227779037
46,61,down,44164,False,0.11235514283180237,1.445531243262175
46,62,down,1058,False,0.14761647582054138,1.846530083713621
46,63,down,1212,False,0.13689100742340088,2.394231435471762
46,64,down,15631,False,0.10797327011823654,1.4923040211495269
46,65,down,0,True,0.09791486710309982,1.2669014115066828
46,66,down,2838,False,0.12238325923681259,1.4864130533949598
46,67,down,21541,False,0.11537347733974457,1.440600017971659
46,68,down,55720,False,0.11120158433914185,1.3969698107114845
46,69,down,28,True,0.09804660826921463,1.2669014115066828
46,70,down,148,True,0.09803757071495056,1.2669014115066828
46,71,down,10021,False,0.1236175000667572,2.7432115009266176
46,72,down,3,True,0.09795880317687988,1.2669014115066828
46,73,down,1,True,0.09806923568248749,1.2669014115066828
46,74,down,11398,False,0.1102435365319252,1.5554995129410794
46,75,down,7520,False,0.1194724515080452,1.6766727094476324
46,76,down,24741,False,0.12043634802103043,1.6583491714047387
46,77,down,20844,False,0.11520597338676453,1.9387355147158236
46,78,down,39,True,0.09795638173818588,1.2669014115066828
46,79,down,6090,False,0.10653091222047806,1.150585103386694
46,80,down,55168,False,0.11257707327604294,1.4662441766092766
46,81,down,10513,False,0.129324808716774,1.7827270895295504
46,82,down,38225,False,0.11522047221660614,1.6772793036551512
46,83,down,6998,False,0.1279221475124359,3.205687033269464
46,84,down,18894,False,0.1128886491060257,2.5165134319082108
46,85,down,737,False,0.11546744406223297,20.057659900952082
46,86,down,2,True,0.09804295003414154,1.2669014115066828
46,87,down,0,True,0.09798356145620346,1.2669014115066828
46,88,down,121,True,0.09790309518575668,1.2669014115066828
46,89,down,409,True,0.09798325598239899,1.2669014115066828
46,90,down,12227,False,0.10389198362827301,1.2276250877324677
46,91,down,44,True,0.09803047776222229,1.2669014115066828
46,92,down,12102,False,0.10956501960754395,1.798242117751944
46,93,down,1831,False,0.13379016518592834,3.6504764249254587
46,94,down,23195,False,0.112808957695961,1.7293941678848257
46,95,down,70,True,0.09798732399940491,1.2669014115066828
46,96,down,19203,False,0.10985194891691208,2.6058670218935305
46,97,down,67882,False,0.10957686603069305,1.5790106432014928
46,98,down,33722,False,0.11542219668626785,1.8218961815605714
46,99,down,3399,False,0.12786372005939484,2.3109844792608785
46,100,down,1743,False,0.13096500933170319,4.413787985356296
46,101,down,69899,False,0.11715864390134811,1.3760536008332218
46,102,down,2141,False,0.12481100857257843,1.6737648497568132
46,103,down,3333,False,0.12446942180395126,1.7685314449626919
46,104,down,59722,False,0.1185711994767189,1.5872896738889475
46,105,down,41564,False,0.11389155685901642,1.400438084115138
46,106,down,5895,False,0.1248667910695076,3.3794168646306466
46,107,down,6859,False,0.11480801552534103,1.8154669769734013
46,108,down,43,True,0.09802235662937164,1.2669014115066828
46,109,down,4807,False,0.11583614349365234,1.306759477139917
46,110,down,1790,False,0.13684898614883423,1.8854499672750211
46,111,down,13554,False,0.11774542927742004,2.1380745373623125
46,112,down,5391,False,0.11346859484910965,1.345632493772125
46,113,down,10107,False,0.11378858983516693,1.38723517478614
46,114,down,5133,False,0.13573354482650757,2.324568207845608
46,115,down,56292,False,0.1138506829738617,2.2655136115534975
46,116,down,4873,False,0.10933378338813782,1.1843963406491813
46,117,down,108065,False,0.11281944066286087,1.5741850027258883
46,118,down,11079,False,0.12852202355861664,4.334654930283412
46,119,down,2882,False,0.1296525001525879,1.9051704980360435
46,120,down,209,True,0.09811501950025558,1.2669014115066828
46,121,down,1,True,0.09808864444494247,1.2669014115066828
46,122,down,17955,False,0.1091599091887474,6.246246862484135
46,123,down,20188,False,0.12104439735412598,2.011878351350711
46,124,down,40389,False,0.11493457108736038,1.704603459555431
46,125,down,1244,False,0.1484968066215515,2.4730566404730183
46,126,down,5324,False,0.13123168051242828,2.138098134206038
46,127,down,53635,False,0.11016024649143219,1.5577858610101198
47,0,gate_up,10877,False,0.11217448115348816,15.562374382408532
47,1,gate_up,4,True,0.10438892990350723,29.320330575031864
47,2,gate_up,1897,False,0.12119045853614807,39.57398457007533
47,3,gate_up,14489,False,0.1121794730424881,31.176688899097794
47,4,gate_up,18232,False,0.11102964729070663,32.432898710250925
47,5,gate_up,1,True,0.10437142848968506,29.320330575031864
47,6,gate_up,25415,False,0.10755272954702377,20.95182637527585
47,7,gate_up,537,False,0.13426047563552856,10.408393727334271
47,8,gate_up,6378,False,0.11701352894306183,32.23949731780719
47,9,gate_up,180,True,0.10452321916818619,29.320330575031864
47,10,gate_up,5498,False,0.11903440207242966,20.087276040576754
47,11,gate_up,19584,False,0.11085114628076553,45.556232922249734
47,12,gate_up,2408,False,0.13440188765525818,17.016868233574378
47,13,gate_up,30,True,0.10409104079008102,29.320330575031864
47,14,gate_up,3902,False,0.12298333644866943,33.831648437700174
47,15,gate_up,66031,False,0.1065797209739685,39.71434834368561
47,16,gate_up,4,True,0.1038997545838356,29.320330575031864
47,17,gate_up,18750,False,0.10933127254247665,16.721396735091023
47,18,gate_up,11545,False,0.11037927865982056,17.16545367654309
47,19,gate_up,530,False,0.13496629893779755,9.55571836930464
47,20,gate_up,23224,False,0.11010594666004181,30.746057845588012
47,21,gate_up,32521,False,0.10770652443170547,32.751664176129964
47,22,gate_up,531,False,0.13474982976913452,8.9772803749994
47,23,gate_up,23999,False,0.10702642798423767,18.42948304936486
47,24,gate_up,1278,False,0.14421553909778595,14.93348453660458
47,25,gate_up,1905,False,0.11649736762046814,38.93429703203092
47,26,gate_up,29990,False,0.10776079446077347,27.71905022890147
47,27,gate_up,34388,False,0.10820630192756653,35.83869444934759
47,28,gate_up,98,True,0.10423171520233154,29.320330575031864
47,29,gate_up,33,True,0.10372135788202286,29.320330575031864
47,30,gate_up,2577,False,0.13332119584083557,17.463581428212446
47,31,gate_up,49717,False,0.10881476104259491,46.15332408151839
47,32,gate_up,65100,False,0.10753834247589111,32.79570307719636
47,33,gate_up,845,False,0.13255943357944489,23.2651140688202
47,34,gate_up,47006,False,0.10696092993021011,32.68934530733796
47,35,gate_up,41337,False,0.10919294506311417,33.801969963657115
47,36,gate_up,29720,False,0.10867644101381302,26.849988645507494
47,37,gate_up,3206,False,0.12086225301027298,38.28718065922934
47,38,gate_up,2463,False,0.13484063744544983,17.130925150798333
47,39,gate_up,18114,False,0.11000345647335052,17.363033574511224
47,40,gate_up,19,True,0.10381364822387695,29.320330575031864
47,41,gate_up,51,True,0.10475561767816544,29.320330575031864
47,42,gate_up,6624,False,0.11663620918989182,15.394505984604367
47,43,gate_up,15,True,0.10411509871482849,29.320330575031864
47,44,gate_up,45076,False,0.1085163801908493,42.585971999101524
47,45,gate_up,824,False,0.13227030634880066,22.83784668321863
47,46,gate_up,2863,False,0.11987468600273132,36.993175124429115
47,47,gate_up,56663,False,0.10840046405792236,29.956845654533648
47,48,gate_up,5923,False,0.11746606230735779,33.85070432500124
47,49,gate_up,2986,False,0.12967200577259064,28.02839645442417
47,50,gate_up,0,True,0.10431371629238129,29.320330575031864
47,51,gate_up,61,True,0.10443893820047379,29.320330575031864
47,52,gate_up,31061,False,0.1101517602801323,32.959231240864824
47,53,gate_up,38277,False,0.10498669743537903,21.496500407788908
47,54,gate_up,8601,False,0.11351720988750458,34.54433860991688
47,55,gate_up,9864,False,0.11248201876878738,31.406541072991107
47,56,gate_up,47,True,0.10366828739643097,29.320330575031864
47,57,gate_up,30180,False,0.10851310193538666,30.062310594679477
47,58,gate_up,43164,False,0.10635442286729813,25.98260346057682
47,59,gate_up,2,True,0.10439495742321014,29.320330575031864
47,60,gate_up,12,True,0.10432496666908264,29.320330575031864
47,61,gate_up,3680,False,0.12693817913532257,14.0556735461359
47,62,gate_up,4,True,0.10426444560289383,29.320330575031864
47,63,gate_up,16223,False,0.1110645979642868,30.54514065197522
47,64,gate_up,152,True,0.10473952442407608,29.320330575031864
47,65,gate_up,3819,False,0.11887412518262863,38.73102609371436
47,66,gate_up,32376,False,0.10934969782829285,28.984171039675164
47,67,gate_up,7510,False,0.11550609767436981,19.403649098672254
47,68,gate_up,15,True,0.10388100892305374,29.320330575031864
47,69,gate_up,82,True,0.10488175600767136,29.320330575031864
47,70,gate_up,45,True,0.10458266735076904,29.320330575031864
47,71,gate_up,104691,False,0.10544266551733017,35.022676338493774
47,72,gate_up,10537,False,0.11431737244129181,29.115898949905873
47,73,gate_up,36040,False,0.109002023935318,32.27813911351678
47,74,gate_up,32353,False,0.1078074723482132,36.04285284137521
47,75,gate_up,3,True,0.1045895516872406,29.320330575031864
47,76,gate_up,12179,False,0.11361859738826752,33.272978420425126
47,77,gate_up,7223,False,0.11493687331676483,40.93934945625021
47,78,gate_up,31519,False,0.10930489003658295,31.225969164702672
47,79,gate_up,1919,False,0.14044533669948578,18.346672368804896
47,80,gate_up,18123,False,0.10868622362613678,15.538896338069604
47,81,gate_up,29,True,0.10369895398616791,29.320330575031864
47,82,gate_up,37935,False,0.10779247432947159,37.1166401453581
47,83,gate_up,115,True,0.10480361431837082,29.320330575031864
47,84,gate_up,186,True,0.10460279881954193,29.320330575031864
47,85,gate_up,98317,False,0.10715586692094803,32.01350796186532
47,86,gate_up,112951,False,0.10635736584663391,31.109900802321455
47,87,gate_up,18191,False,0.11161370575428009,31.369062560133255
47,88,gate_up,42420,False,0.10956630855798721,28.97502088769866
47,89,gate_up,840,False,0.138534277677536,20.116625136532218
47,90,gate_up,54646,False,0.10825438052415848,40.192845557560894
47,91,gate_up,13,True,0.10434293746948242,29.320330575031864
47,92,gate_up,13458,False,0.11192790418863297,37.488609855127294
47,93,gate_up,3562,False,0.12618957459926605,12.386837072764457
47,94,gate_up,4280,False,0.12156939506530762,27.12361696954443
47,95,gate_up,46479,False,0.10915035009384155,34.67954274744167
47,96,gate_up,11895,False,0.11055301874876022,15.029294983869567
47,97,gate_up,788,False,0.12974129617214203,24.894412511153597
47,98,gate_up,2002,False,0.13349629938602448,25.852169365662775
47,99,gate_up,4570,False,0.11988404393196106,24.51017688012345
47,100,gate_up,234,True,0.10413049906492233,29.320330575031864
47,101,gate_up,1717,False,0.12271245568990707,39.868326211603005
47,102,gate_up,16820,False,0.11234522610902786,30.552827564881042
47,103,gate_up,1837,False,0.13826993107795715,19.44346863919479
47,104,gate_up,7190,False,0.11615428328514099,29.453643996836327
47,105,gate_up,14174,False,0.11532721668481827,33.52205886982045
47,106,gate_up,471,True,0.10481029748916626,29.320330575031864
47,107,gate_up,28136,False,0.10987211018800735,32.88442423431139
47,108,gate_up,12778,False,0.11368075013160706,30.823795698464455
47,109,gate_up,29831,False,0.10802730917930603,33.95418670287265
47,110,gate_up,3622,False,0.11989680677652359,29.850529675721628
47,111,gate_up,33941,False,0.10911966860294342,36.80544435656757
47,112,gate_up,19639,False,0.11012979596853256,32.9929859962737
47,113,gate_up,1753,False,0.13143135607242584,25.297139137730664
47,114,gate_up,20488,False,0.10878411680459976,33.24934576759407
47,115,gate_up,3,True,0.1044408455491066,29.320330575031864
47,116,gate_up,216,True,0.10470032691955566,29.320330575031864
47,117,gate_up,50147,False,0.10767407715320587,32.72739162914932
47,118,gate_up,479,True,0.10412390530109406,29.320330575031864
47,119,gate_up,4736,False,0.12184017896652222,14.982107983225255
47,120,gate_up,34082,False,0.10832944512367249,27.13564194761439
47,121,gate_up,16133,False,0.11034378409385681,33.05301373585339
47,122,gate_up,1198,False,0.11230170726776123,40.78460781668935
47,123,gate_up,48899,False,0.10883422195911407,29.51654096621359
47,124,gate_up,8274,False,0.11506342142820358,31.089485242541937
47,125,gate_up,1686,False,0.12302329391241074,39.68460411750859
47,126,gate_up,144,True,0.10433459281921387,29.320330575031864
47,127,gate_up,70697,False,0.10710109025239944,43.179830282711556
47,0,down,10877,False,0.11324119567871094,1.379689624739602
47,1,down,4,True,0.10735197365283966,5.957422774639055
47,2,down,1897,False,0.13511022925376892,7.394650849597469
47,3,down,14489,False,0.12096939235925674,11.761057670268544
47,4,down,18232,False,0.12214713543653488,5.660689743969664
47,5,down,1,True,0.10732799768447876,5.957422774639055
47,6,down,25415,False,0.10506138950586319,4.205837304952117
47,7,down,537,False,0.1589375138282776,2.8027370725949505
47,8,down,6378,False,0.12375811487436295,10.506177827711047
47,9,down,180,True,0.10731686651706696,5.957422774639055
47,10,down,5498,False,0.11024057865142822,2.6190943737197556
47,11,down,19584,False,0.10465076565742493,229.1006399996332
47,12,down,2408,False,0.12278693914413452,4.393331661807023
47,13,down,30,True,0.10724159330129623,5.957422774639055
47,14,down,3902,False,0.1322208046913147,5.597286612340883
47,15,down,66031,False,0.10614724457263947,198.55076370900292
47,16,down,4,True,0.10709042102098465,5.957422774639055
47,17,down,18750,False,0.11579670757055283,2.385140589742997
47,18,down,11545,False,0.12508295476436615,2.2388186890004396
47,19,down,530,False,0.16045427322387695,2.145766951223001
47,20,down,23224,False,0.11952624469995499,13.039319041854524
47,21,down,32521,False,0.11494167894124985,8.71693785068127
47,22,down,531,False,0.16162994503974915,1.545584489597053
47,23,down,23999,False,0.11658353358507156,2.4490898668366654
47,24,down,1278,False,0.13655993342399597,2.598345888703031
47,25,down,1905,False,0.12511517107486725,10.01149181486152
47,26,down,29990,False,0.11508920788764954,6.181680745351632
47,27,down,34388,False,0.1120619848370552,18.198502460867942
47,28,down,98,True,0.10737063735723495,5.957422774639055
47,29,down,33,True,0.10729482769966125,5.957422774639055
47,30,down,2577,False,0.11721661686897278,4.815126426837275
47,31,down,49717,False,0.1152808889746666,40.14857714088644
47,32,down,65100,False,0.11129201203584671,85.90158957575788
47,33,down,845,False,0.15091809630393982,2.4475050301318757
47,34,down,47006,False,0.11016203463077545,72.0177180063448
47,35,down,41337,False,0.1176440417766571,17.374933507102693
47,36,down,29720,False,0.11322937905788422,6.7922637426477435
47,37,down,3206,False,0.1330634206533432,7.011488745525922
47,38,down,2463,False,0.11801793426275253,2.095696542235186
47,39,down,18114,False,0.11537456512451172,2.315485032107719
47,40,down,19,True,0.10750041157007217,5.957422774639055
47,41,down,51,True,0.1075860857963562,5.957422774639055
47,42,down,6624,False,0.11291515827178955,2.6363351150815904
47,43,down,15,True,0.1074020266532898,5.957422774639055
47,44,down,45076,False,0.10987866669893265,82.24154970187914
47,45,down,824,False,0.15597309172153473,5.0190916471368725
47,46,down,2863,False,0.1276104897260666,3.278129086674777
47,47,down,56663,False,0.10552339255809784,175.46820505592237
47,48,down,5923,False,0.12250348925590515,3.1047019404484577
47,49,down,2986,False,0.13467717170715332,6.137978228684221
47,50,down,0,True,0.10726676136255264,5.957422774639055
47,51,down,61,True,0.10728780180215836,5.957422774639055
47,52,down,31061,False,0.11646946519613266,13.918207763222712
47,53,down,38277,False,0.11704030632972717,12.343292811892557
47,54,down,8601,False,0.11895305663347244,9.678246002626555
47,55,down,9864,False,0.11449526250362396,8.706396847793698
47,56,down,47,True,0.10705764591693878,5.957422774639055
47,57,down,30180,False,0.12260515242815018,6.1761437340733405
47,58,down,43164,False,0.10911201685667038,5.070503128551444
47,59,down,2,True,0.1072298139333725,5.957422774639055
47,60,down,12,True,0.10735245794057846,5.957422774639055
47,61,down,3680,False,0.12119689583778381,1.5401670524568032
47,62,down,4,True,0.1072329580783844,5.957422774639055
47,63,down,16223,False,0.1280701607465744,5.5071849154957935
47,64,down,152,True,0.10751157253980637,5.957422774639055
47,65,down,3819,False,0.12468515336513519,8.52747301666565
47,66,down,32376,False,0.12016820162534714,7.928147164099667
47,67,down,7510,False,0.10786354541778564,2.5110300459604424
47,68,down,15,True,0.10718906670808792,5.957422774639055
47,69,down,82,True,0.10742735117673874,5.957422774639055
47,70,down,45,True,0.10764847695827484,5.957422774639055
47,71,down,104691,False,0.11834757775068283,17.879116745235606
47,72,down,10537,False,0.11298883706331253,20.124273962889145
47,73,down,36040,False,0.11042525619268417,40.023542932996776
47,74,down,32353,False,0.12078160792589188,19.97477972551528
47,75,down,3,True,0.1073075458407402,5.957422774639055
47,76,down,12179,False,0.11322612315416336,52.929985411683894
47,77,down,7223,False,0.11999351531267166,13.203614751966274
47,78,down,31519,False,0.12334274500608444,9.748782666519576
47,79,down,1919,False,0.13065634667873383,3.3792674291850346
47,80,down,18123,False,0.11057372391223907,1.602314352172305
47,81,down,29,True,0.10747423022985458,5.957422774639055
47,82,down,37935,False,0.11062582582235336,22.766676360729623
47,83,down,115,True,0.10757710039615631,5.957422774639055
47,84,down,186,True,0.10735432058572769,5.957422774639055
47,85,down,98317,False,0.11586905270814896,8.843721260624084
47,86,down,112951,False,0.12393304705619812,4.6199712214403705
47,87,down,18191,False,0.11762166023254395,22.902279461031707
47,88,down,42420,False,0.11715763062238693,9.138580174578113
47,89,down,840,False,0.14856794476509094,3.1092095541022666
47,90,down,54646,False,0.11604782193899155,22.83927600750859
47,91,down,13,True,0.1074145957827568,5.957422774639055
47,92,down,13458,False,0.11522061377763748,48.60339537301788
47,93,down,3562,False,0.11139670759439468,1.6644549848314942
47,94,down,4280,False,0.11897541582584381,6.705386866248519
47,95,down,46479,False,0.1163637712597847,8.21462169963169
47,96,down,11895,False,0.12250389158725739,2.0185767382417814
47,97,down,788,False,0.13169269263744354,11.817840752676593
47,98,down,2002,False,0.13551166653633118,5.409125077218308
47,99,down,4570,False,0.11580823361873627,4.608719725898199
47,100,down,234,True,0.10742959380149841,5.957422774639055
47,101,down,1717,False,0.1336362659931183,6.08219491140765
47,102,down,16820,False,0.11743737012147903,9.3511104312248
47,103,down,1837,False,0.12649834156036377,4.695129652064817
47,104,down,7190,False,0.11344975978136063,48.13563168150983
47,105,down,14174,False,0.1211153045296669,9.07326289413278
47,106,down,471,True,0.10727130621671677,5.957422774639055
47,107,down,28136,False,0.11925207823514938,5.0755561858857865
47,108,down,12778,False,0.11612329632043839,27.668798181983515
47,109,down,29831,False,0.11561815440654755,15.362977920404846
47,110,down,3622,False,0.13684165477752686,2.5277834872539215
47,111,down,33941,False,0.11884461343288422,18.48613539433815
47,112,down,19639,False,0.11334817111492157,9.817304720669332
47,113,down,1753,False,0.13716964423656464,9.403474366152123
47,114,down,20488,False,0.11262916028499603,7.670292932827195
47,115,down,3,True,0.10730911046266556,5.957422774639055
47,116,down,216,True,0.10730581730604172,5.957422774639055
47,117,down,50147,False,0.12015845626592636,13.403132694084494
47,118,down,479,True,0.10738030076026917,5.957422774639055
47,119,down,4736,False,0.1178872287273407,1.4675272700398843
47,120,down,34082,False,0.11464106291532516,3.435077156305383
47,121,down,16133,False,0.11009819805622101,10.299480877910181
47,122,down,1198,False,0.11490921676158905,11.719194309357578
47,123,down,48899,False,0.11622634530067444,13.626258738169078
47,124,down,8274,False,0.13092097640037537,8.036702317919222
47,125,down,1686,False,0.13277538120746613,16.115586216521223
47,126,down,144,True,0.10713319480419159,5.957422774639055
47,127,down,70697,False,0.10718845576047897,153.32200887229106
