model,row,site,layer,seed,group,m,k,s_meas,s_hadamard,f_calibration,f_test_capture,s_pred,relative_error,observations,groups_measured,f_definition
llama31_8b,E11_g64_kmax,qkv,0,0,64,1,64,0.016957497894787482,0.04100672680337403,0.6880287662921419,0.6785770923298331,0.02290405511366201,0.35067421242036084,131072,8388608,frozen E11 selected eigenvalue fractions
llama31_8b,E11_g64_kmax,qkv,0,1,64,1,64,0.016952858880111346,0.04092411468289914,0.6880287662921419,0.6785770966785164,0.022857912621736573,0.3483220018160407,131072,8388608,frozen E11 selected eigenvalue fractions
llama31_8b,E11_g64_kmax,qkv,0,2,64,1,64,0.016956890860242213,0.04107493087588154,0.6880287662921419,0.6785770890473216,0.022942150078987547,0.35296914204823987,131072,8388608,frozen E11 selected eigenvalue fractions
llama31_8b,E11_g128_k8,qkv,0,0,128,1,8,0.02653767864990486,0.04510075218542653,0.4775295414255003,0.47153664994420935,0.03259977892347556,0.22843370565844254,131072,4194304,frozen E11 selected eigenvalue fractions
llama31_8b,E11_g128_k8,qkv,0,1,128,1,8,0.02657510916451733,0.044947463970548274,0.4775295414255003,0.47153664366850956,0.032488978955083465,0.2225341673652367,131072,4194304,frozen E11 selected eigenvalue fractions
llama31_8b,E11_g128_k8,qkv,0,2,128,1,8,0.0266125489374055,0.04516880367085019,0.4775295414255003,0.4715366426593738,0.03264896797848521,0.22682603817010435,131072,4194304,frozen E11 selected eigenvalue fractions
llama31_8b,E11_g128_k16,qkv,0,0,128,1,16,0.02420138130654731,0.04510075218542653,0.5483453269588338,0.5410967022918628,0.030310076958649797,0.2524110328549666,131072,4194304,frozen E11 selected eigenvalue fractions
llama31_8b,E11_g128_k16,qkv,0,1,128,1,16,0.024211872136705337,0.044947463970548274,0.5483453269588338,0.5410966995780893,0.030207059218042905,0.24761352808603468,131072,4194304,frozen E11 selected eigenvalue fractions
llama31_8b,E11_g128_k16,qkv,0,2,128,1,16,0.024175336713039897,0.04516880367085019,0.5483453269588338,0.5410966902048401,0.03035581113514116,0.25565205132251934,131072,4194304,frozen E11 selected eigenvalue fractions
llama31_8b,E11_g128_k32,qkv,0,0,128,1,32,0.021668061744006067,0.04510075218542653,0.6176722462167302,0.6087243619132897,0.027886993644495022,0.2870091461784425,131072,4194304,frozen E11 selected eigenvalue fractions
llama31_8b,E11_g128_k32,qkv,0,1,128,1,32,0.02165017922564949,0.044947463970548274,0.6176722462167302,0.6087243477917219,0.027792211467547935,0.28369429083625464,131072,4194304,frozen E11 selected eigenvalue fractions
llama31_8b,E11_g128_k32,qkv,0,2,128,1,32,0.021661305231707756,0.04516880367085019,0.6176722462167302,0.6087243489932526,0.027929071686424473,0.2893531293553806,131072,4194304,frozen E11 selected eigenvalue fractions
llama31_8b,E11_g128_kmax,qkv,0,0,128,1,32,0.021968106244441787,0.04510075218542653,0.6133184217178345,0.6045448427499901,0.028045328175902044,0.2766384076915083,131072,4194304,saved factor eigenvalue sum / calibration trace
llama31_8b,E11_g128_kmax,qkv,0,1,128,1,32,0.021964606943710885,0.044947463970548274,0.6133184217178345,0.6045448333843487,0.027950007852327752,0.27250207226360884,131072,4194304,saved factor eigenvalue sum / calibration trace
llama31_8b,E11_g128_kmax,qkv,0,2,128,1,32,0.021947889537545923,0.04516880367085019,0.6133184217178345,0.6045448437612757,0.028087645125156404,0.2797424133699641,131072,4194304,saved factor eigenvalue sum / calibration trace
llama31_8b,E11_g256_kmax,qkv,0,0,256,1,16,0.027058338512032987,0.048806955064004676,0.5483453269588338,0.5410966885684166,0.032800840172802395,0.21222669153228635,131072,2097152,frozen E11 selected eigenvalue fractions
llama31_8b,E11_g256_kmax,qkv,0,1,256,1,16,0.027046046742750685,0.04859234115481037,0.5483453269588338,0.5410966903956179,0.03265660834098435,0.2074447941171845,131072,2097152,frozen E11 selected eigenvalue fractions
llama31_8b,E11_g256_kmax,qkv,0,2,256,1,16,0.02708202726462794,0.048867888941129145,0.5483453269588338,0.5410966779392492,0.03284179094225827,0.2126784535496426,131072,2097152,frozen E11 selected eigenvalue fractions
llama31_8b,E20_hadamard_g64_m1,qkv,0,0,64,1,0,0.040932846775603604,0.040932846775603604,0.010552121326327324,0.014446569469706506,0.040716309846985814,-0.005290052993500769,131072,8388608,E11 energy-weighted P_N capture; frozen E20 construction
llama31_8b,E20_hadamard_g64_m1,qkv,0,1,64,1,0,0.04095621906092006,0.04095621906092006,0.010552121326327324,0.014446569528447195,0.04073955849167437,-0.005290052993500751,131072,8388608,E11 energy-weighted P_N capture; frozen E20 construction
llama31_8b,E20_hadamard_g64_m1,qkv,0,2,64,1,0,0.040991715144929275,0.040991715144929275,0.010552122257649899,0.01444656959714404,0.040774866780328343,-0.005290053461638475,131072,8388608,E11 energy-weighted P_N capture; frozen E20 construction
llama31_8b,E20_hadamard_g128_m1,qkv,0,0,128,1,0,0.04498200483658854,0.04498200483658854,0.007217623759061098,0.009234130264380329,0.04481937926922049,-0.003615347247390087,131072,4194304,E11 energy-weighted P_N capture; frozen E20 construction
llama31_8b,E20_hadamard_g128_m1,qkv,0,1,128,1,0,0.04494701471312812,0.04494701471312812,0.007217623759061098,0.009234130205051915,0.04478451564720661,-0.00361534724739005,131072,4194304,E11 energy-weighted P_N capture; frozen E20 construction
llama31_8b,E20_hadamard_g128_m1,qkv,0,2,128,1,0,0.04506803320715003,0.04506803320715003,0.007217624224722385,0.009234130289248127,0.044905096606817976,-0.0036153474810655937,131072,4194304,E11 energy-weighted P_N capture; frozen E20 construction
llama31_8b,E20_hadamard_g256_m1,qkv,0,0,256,1,0,0.048676427374442,0.048676427374442,0.007039316464215517,0.008608452534561916,0.048504800418602466,-0.0035258741262849526,131072,2097152,E11 energy-weighted P_N capture; frozen E20 construction
llama31_8b,E20_hadamard_g256_m1,qkv,0,1,256,1,0,0.04855983157167465,0.04855983157167465,0.007039316929876804,0.008608452505228629,0.048388615706613104,-0.003525874359939444,131072,2097152,E11 energy-weighted P_N capture; frozen E20 construction
llama31_8b,E20_hadamard_g256_m1,qkv,0,2,256,1,0,0.048788234190178414,0.048788234190178414,0.007039317395538092,0.008608452509211455,0.04861621299478096,-0.0035258745935938425,131072,2097152,E11 energy-weighted P_N capture; frozen E20 construction
llama31_8b,E20_hadamard_g256_m2,qkv,0,0,256,2,0,0.048658031950203906,0.048676427374442,0.007217623759061098,0.009234130584009128,0.048500445186721024,-0.0032386588023978215,131072,2097152,E11 energy-weighted P_N capture; frozen E20 construction
llama31_8b,E20_hadamard_g256_m2,qkv,0,1,256,2,0,0.04853986886329231,0.04855983157167465,0.007217624224722385,0.00923413059262056,0.048384270906921024,-0.0032055701841616872,131072,2097152,E11 energy-weighted P_N capture; frozen E20 construction
llama31_8b,E20_hadamard_g256_m2,qkv,0,2,256,2,0,0.04877192541773567,0.048788234190178414,0.007217624224722385,0.009234130546800464,0.04861184777059331,-0.003282167881855872,131072,2097152,E11 energy-weighted P_N capture; frozen E20 construction
llama31_8b,E20_hadamard_g256_m3,qkv,0,0,256,3,0,0.04858068776550084,0.048676427374442,0.009171528741717339,0.011592579895066655,0.048452694573476514,-0.0026346517085585625,131072,2097152,E11 energy-weighted P_N capture; frozen E20 construction
llama31_8b,E20_hadamard_g256_m3,qkv,0,1,256,3,0,0.048435117304890696,0.04855983157167465,0.009171529673039913,0.011592579971780037,0.0483366346604851,-0.0020332900978780343,131072,2097152,E11 energy-weighted P_N capture; frozen E20 construction
llama31_8b,E20_hadamard_g256_m3,qkv,0,2,256,3,0,0.048708916485831644,0.048788234190178414,0.009171529673039913,0.011592579940204791,0.04856398746564916,-0.0029754104718104197,131072,2097152,E11 energy-weighted P_N capture; frozen E20 construction
llama31_8b,E20_hadamard_g128_m2,qkv,0,0,128,2,0,0.04483141094684484,0.04498200483658854,0.010552121326327324,0.014446568915550944,0.04474404764724908,-0.0019487073404703189,131072,4194304,E11 energy-weighted P_N capture; frozen E20 construction
llama31_8b,E20_hadamard_g128_m2,qkv,0,1,128,2,0,0.04477067468621687,0.04494701471312812,0.010552121326327324,0.014446568908557228,0.04470924262339602,-0.001372149587903471,131072,4194304,E11 energy-weighted P_N capture; frozen E20 construction
llama31_8b,E20_hadamard_g128_m2,qkv,0,2,128,2,0,0.04494055794983387,0.04506803320715003,0.010552122257649899,0.01444656892799903,0.044829620902073306,-0.0024685284923342808,131072,4194304,E11 energy-weighted P_N capture; frozen E20 construction
llama31_8b,E20_nar_g64_m1,qkv,0,0,64,1,64,0.012093458925722014,0.040932846775603604,0.6880288124084473,0.6785770307254315,0.022862788188609564,0.8905086070935317,131072,8388608,E11 energy-weighted P_N capture; frozen E20 construction
llama31_8b,E20_nar_g64_m1,qkv,0,1,64,1,64,0.012083949225117305,0.04095621906092006,0.6880288124084473,0.6785770323306868,0.022875842633896578,0.893076692704699,131072,8388608,E11 energy-weighted P_N capture; frozen E20 construction
llama31_8b,E20_nar_g64_m1,qkv,0,2,64,1,64,0.012086511993918641,0.040991715144929275,0.6880288124084473,0.6785770220711954,0.022895668751896057,0.8943156440349432,131072,8388608,E11 energy-weighted P_N capture; frozen E20 construction
llama31_8b,E20_nar_g128_m1,qkv,0,0,128,1,32,0.01504580945327005,0.04498200483658854,0.617672324180603,0.6087242554598609,0.027813566167099225,0.8485922112388733,131072,4194304,E11 energy-weighted P_N capture; frozen E20 construction
llama31_8b,E20_nar_g128_m1,qkv,0,1,128,1,32,0.01500218369220832,0.04494701471312812,0.6176723837852478,0.6087242503819766,0.027791928679722442,0.8525255556067299,131072,4194304,E11 energy-weighted P_N capture; frozen E20 construction
llama31_8b,E20_nar_g128_m1,qkv,0,2,128,1,32,0.015050699710592082,0.04506803320715003,0.617672324180603,0.6087242570487279,0.0278667597894278,0.8515258642637249,131072,4194304,E11 energy-weighted P_N capture; frozen E20 construction
llama31_8b,E20_nar_g256_m1,qkv,0,0,256,1,16,0.018237583580199047,0.048676427374442,0.5483453869819641,0.5410966419129313,0.03271311652828017,0.7937198963023552,131072,2097152,E11 energy-weighted P_N capture; frozen E20 construction
llama31_8b,E20_nar_g256_m1,qkv,0,1,256,1,16,0.01823761162382852,0.04855983157167465,0.5483453869819641,0.5410966411497026,0.03263475802318086,0.7894206048637209,131072,2097152,E11 energy-weighted P_N capture; frozen E20 construction
llama31_8b,E20_nar_g256_m1,qkv,0,2,256,1,16,0.018279751655917578,0.048788234190178414,0.5483453869819641,0.5410966593536618,0.0327882565824938,0.7936926715237667,131072,2097152,E11 energy-weighted P_N capture; frozen E20 construction
llama31_8b,E20_nar_g256_m2,qkv,0,0,256,2,32,0.016423384091155898,0.048676427374442,0.617672324180603,0.6087243178626883,0.030097925569911532,0.8326262969225365,131072,2097152,E11 energy-weighted P_N capture; frozen E20 construction
llama31_8b,E20_nar_g256_m2,qkv,0,1,256,2,32,0.016403123879718824,0.04855983157167465,0.617672324180603,0.608724274345645,0.030025831293836985,0.8304946980837943,131072,2097152,E11 energy-weighted P_N capture; frozen E20 construction
llama31_8b,E20_nar_g256_m2,qkv,0,2,256,2,32,0.016421347203629272,0.048788234190178414,0.617672324180603,0.608724315526726,0.030167058688337772,0.8370635681870588,131072,2097152,E11 energy-weighted P_N capture; frozen E20 construction
llama31_8b,E20_nar_g256_m3,qkv,0,0,256,3,48,0.015473145016811714,0.048676427374442,0.6584897041320801,0.6493447984264533,0.028445960077064476,0.838408419630119,131072,2097152,E11 energy-weighted P_N capture; frozen E20 construction
llama31_8b,E20_nar_g256_m3,qkv,0,1,256,3,48,0.015454704112187244,0.04855983157167465,0.6584897041320801,0.6493448009052599,0.028377822793176324,0.8361932125764989,131072,2097152,E11 energy-weighted P_N capture; frozen E20 construction
llama31_8b,E20_nar_g256_m3,qkv,0,2,256,3,48,0.015473122855669954,0.048788234190178414,0.6584897041320801,0.6493448123206836,0.02851129873046063,0.8426337718900088,131072,2097152,E11 energy-weighted P_N capture; frozen E20 construction
llama31_8b,E20_nar_g128_m2,qkv,0,0,128,2,64,0.013588504420126742,0.04498200483658854,0.6880288124084473,0.6785769479750533,0.025124420358929936,0.8489466965707178,131072,4194304,E11 energy-weighted P_N capture; frozen E20 construction
llama31_8b,E20_nar_g128_m2,qkv,0,1,128,2,64,0.013586177247625548,0.04494701471312812,0.6880288124084473,0.6785769750940984,0.025104876842063042,0.8478249167881726,131072,4194304,E11 energy-weighted P_N capture; frozen E20 construction
llama31_8b,E20_nar_g128_m2,qkv,0,2,128,2,64,0.013577961562402936,0.04506803320715003,0.6880288124084473,0.67857695581567,0.02517247097278391,0.853921213217005,131072,4194304,E11 energy-weighted P_N capture; frozen E20 construction
llama31_8b,E20_nar_g128_m2_c32,qkv,0,0,128,2,64,0.013588504420126742,0.04498200483658854,0.6880288124084473,0.6785769479750533,0.025124420358929936,0.8489466965707178,131072,4194304,E11 energy-weighted P_N capture; frozen E20 construction
llama31_8b,E20_nar_g128_m2_c32,qkv,0,1,128,2,64,0.013586177247625548,0.04494701471312812,0.6880288124084473,0.6785769750940984,0.025104876842063042,0.8478249167881726,131072,4194304,E11 energy-weighted P_N capture; frozen E20 construction
llama31_8b,E20_nar_g128_m2_c32,qkv,0,2,128,2,64,0.013577961562402936,0.04506803320715003,0.6880288124084473,0.67857695581567,0.02517247097278391,0.853921213217005,131072,4194304,E11 energy-weighted P_N capture; frozen E20 construction
llama31_8b,E20_nar_g256_m3_c32,qkv,0,0,256,3,48,0.015473145016811714,0.048676427374442,0.6584897041320801,0.6493447984264533,0.028445960077064476,0.838408419630119,131072,2097152,E11 energy-weighted P_N capture; frozen E20 construction
llama31_8b,E20_nar_g256_m3_c32,qkv,0,1,256,3,48,0.015454704112187244,0.04855983157167465,0.6584897041320801,0.6493448009052599,0.028377822793176324,0.8361932125764989,131072,2097152,E11 energy-weighted P_N capture; frozen E20 construction
llama31_8b,E20_nar_g256_m3_c32,qkv,0,2,256,3,48,0.015473122855669954,0.048788234190178414,0.6584897041320801,0.6493448123206836,0.02851129873046063,0.8426337718900088,131072,2097152,E11 energy-weighted P_N capture; frozen E20 construction
llama31_8b,E11_g64_kmax,down,0,0,64,1,224,0.0012396462175350445,0.001944781612164413,0.36787393105517185,0.34334141870860163,0.0015462249974996958,0.24731151164584939,131072,29360128,frozen E11 selected eigenvalue fractions
llama31_8b,E11_g64_kmax,down,0,1,64,1,224,0.0012397052915832899,0.0019442487941721523,0.36787393105517185,0.34334141870417506,0.0015458013733284275,0.2469103615377869,131072,29360128,frozen E11 selected eigenvalue fractions
llama31_8b,E11_g64_kmax,down,0,2,64,1,224,0.0012397024137681552,0.0019444281905092611,0.36787393105517185,0.3433414186843822,0.0015459440048193685,0.24702830909264123,131072,29360128,frozen E11 selected eigenvalue fractions
llama31_8b,E11_g128_k8,down,0,0,128,1,8,0.0015679937162181698,0.002135684089051023,0.16063499209152557,0.1570561246948444,0.0019566468234548293,0.24786649539262728,131072,14680064,frozen E11 selected eigenvalue fractions
llama31_8b,E11_g128_k8,down,0,1,128,1,8,0.0015679179007127664,0.00213514336649264,0.16063499209152557,0.15705612465549904,0.0019561514303947534,0.24761087905527346,131072,14680064,frozen E11 selected eigenvalue fractions
llama31_8b,E11_g128_k8,down,0,2,128,1,8,0.0015680992786817457,0.002135063550092004,0.16063499209152557,0.1570561246929183,0.001956078305110183,0.24741993807598703,131072,14680064,frozen E11 selected eigenvalue fractions
llama31_8b,E11_g128_k16,down,0,0,128,1,16,0.001522596605503324,0.002135684089051023,0.19875078929750387,0.1919354646129214,0.0019117047511682528,0.2555556371651711,131072,14680064,frozen E11 selected eigenvalue fractions
llama31_8b,E11_g128_k16,down,0,1,128,1,16,0.001522957583290921,0.00213514336649264,0.19875078929750387,0.19193549138883412,0.00191122073675375,0.25494022796343474,131072,14680064,frozen E11 selected eigenvalue fractions
llama31_8b,E11_g128_k16,down,0,2,128,1,16,0.0015228819862882134,0.002135063550092004,0.19875078929750387,0.19193546460495772,0.0019111492910782876,0.25495560935513784,131072,14680064,frozen E11 selected eigenvalue fractions
llama31_8b,E11_g128_k32,down,0,0,128,1,32,0.0014823945805044955,0.002135684089051023,0.2369832771106369,0.2281238639219482,0.0018655377446154683,0.25846233462387563,131072,14680064,frozen E11 selected eigenvalue fractions
llama31_8b,E11_g128_k32,down,0,1,128,1,32,0.001482412795707983,0.00213514336649264,0.2369832771106369,0.22812384788972642,0.0018650654189811668,0.25812825171306847,131072,14680064,frozen E11 selected eigenvalue fractions
llama31_8b,E11_g128_k32,down,0,2,128,1,32,0.001482480388000971,0.002135063550092004,0.2369832771106369,0.2281238478512949,0.0018649956986939815,0.2580238590601578,131072,14680064,frozen E11 selected eigenvalue fractions
llama31_8b,E11_g128_kmax,down,0,0,128,1,112,0.0014416371277252372,0.002135684089051023,0.30934961862982524,0.29211700237114757,0.0017748683301034834,0.23114776663948192,131072,14680064,saved factor eigenvalue sum / calibration trace
llama31_8b,E11_g128_kmax,down,0,1,128,1,112,0.0014417148681644136,0.00213514336649264,0.30934961862982524,0.2921170023337941,0.0017744189605786707,0.23076968945867554,131072,14680064,saved factor eigenvalue sum / calibration trace
llama31_8b,E11_g128_kmax,down,0,2,128,1,112,0.0014417996537138139,0.002135063550092004,0.30934961862982524,0.2921170023831348,0.0017743526288574027,0.23065130740390508,131072,14680064,saved factor eigenvalue sum / calibration trace
llama31_8b,E11_g256_kmax,down,0,0,256,1,56,0.0016317984978998898,0.0023108737278576224,0.2695640557046949,0.25675339213687964,0.0019750008339959007,0.21032151735505905,131072,7340032,frozen E11 selected eigenvalue fractions
llama31_8b,E11_g256_kmax,down,0,1,256,1,56,0.0016317513100698217,0.002310605869954225,0.2695640557046949,0.2567533921039995,0.0019747719077779836,0.2102162232635096,131072,7340032,frozen E11 selected eigenvalue fractions
llama31_8b,E11_g256_kmax,down,0,2,256,1,56,0.0016316724966745236,0.0023098969514602536,0.2695640557046949,0.25675340278429554,0.0019741660267209834,0.20990335422364992,131072,7340032,frozen E11 selected eigenvalue fractions
llama31_8b,E20_hadamard_g64_m1,down,0,0,64,1,0,0.001944128475444663,0.001944128475444663,0.0036150545347481966,0.013251570040080991,0.001940611228576156,-0.0018091638042093362,131072,29360128,E11 energy-weighted P_N capture; frozen E20 construction
llama31_8b,E20_hadamard_g64_m1,down,0,1,64,1,0,0.001944730549355864,0.001944730549355864,0.0036150545347481966,0.01325157003911958,0.001941212213237029,-0.0018091638042094058,131072,29360128,E11 energy-weighted P_N capture; frozen E20 construction
llama31_8b,E20_hadamard_g64_m1,down,0,2,64,1,0,0.0019445928335130927,0.0019445928335130927,0.0036150545347481966,0.013251570039627791,0.001941074746544776,-0.0018091638042093366,131072,29360128,E11 energy-weighted P_N capture; frozen E20 construction
llama31_8b,E20_hadamard_g128_m1,down,0,0,128,1,0,0.0021350632270396496,0.0021350632270396496,0.0020673107355833054,0.0066981292584894405,0.002132855165696808,-0.0010341901424170154,131072,14680064,E11 energy-weighted P_N capture; frozen E20 construction
llama31_8b,E20_hadamard_g128_m1,down,0,1,128,1,0,0.002135551141344497,0.002135551141344497,0.0020673107355833054,0.006698129255048575,0.0021333425754054914,-0.001034190142416975,131072,14680064,E11 energy-weighted P_N capture; frozen E20 construction
llama31_8b,E20_hadamard_g128_m1,down,0,2,128,1,0,0.0021354657889741907,0.0021354657889741907,0.0020673107355833054,0.006698129257921284,0.002133257311305765,-0.0010341901424169384,131072,14680064,E11 energy-weighted P_N capture; frozen E20 construction
llama31_8b,E20_hadamard_g256_m1,down,0,0,256,1,0,0.002310189340267967,0.002310189340267967,0.0008345364476554096,0.003118327187058482,0.0023092251704645507,-0.00041735531655785486,131072,7340032,E11 energy-weighted P_N capture; frozen E20 construction
llama31_8b,E20_hadamard_g256_m1,down,0,1,256,1,0,0.002310555860567038,0.002310555860567038,0.0008345364476554096,0.0031183271876685822,0.0023095915377944263,-0.00041735531655786635,131072,7340032,E11 energy-weighted P_N capture; frozen E20 construction
llama31_8b,E20_hadamard_g256_m1,down,0,2,256,1,0,0.00231063401644227,0.00231063401644227,0.0008345363894477487,0.003118327187925156,0.002309669661118165,-0.00041735528744186215,131072,7340032,E11 energy-weighted P_N capture; frozen E20 construction
llama31_8b,E20_hadamard_g256_m2,down,0,0,256,2,0,0.0023052615125181025,0.002310189340267967,0.0020673107355833054,0.006698129485803757,0.002307800165225145,0.001101242827877388,131072,7340032,E11 energy-weighted P_N capture; frozen E20 construction
llama31_8b,E20_hadamard_g256_m2,down,0,1,256,2,0,0.0023056683990762944,0.002310555860567038,0.002067310968413949,0.006698129484189396,0.002308166306203273,0.0010833765722683562,131072,7340032,E11 energy-weighted P_N capture; frozen E20 construction
llama31_8b,E20_hadamard_g256_m2,down,0,2,256,2,0,0.0023055925804682915,0.00231063401644227,0.0020673107355833054,0.006698129481631807,0.002308244381519732,0.0011501602988772904,131072,7340032,E11 energy-weighted P_N capture; frozen E20 construction
llama31_8b,E20_hadamard_g256_m3,down,0,0,256,3,0,0.0023000749200502513,0.002310189340267967,0.0030689509585499763,0.010407165260050078,0.002306641687388117,0.0028550232345136125,131072,7340032,E11 energy-weighted P_N capture; frozen E20 construction
llama31_8b,E20_hadamard_g256_m3,down,0,1,256,3,0,0.0023005402731144215,0.002310555860567038,0.0030689509585499763,0.01040716525901861,0.002307007644838606,0.0028112403854721702,131072,7340032,E11 energy-weighted P_N capture; frozen E20 construction
llama31_8b,E20_hadamard_g256_m3,down,0,2,256,3,0,0.002300620069641205,0.00231063401644227,0.0030689509585499763,0.010407165254474509,0.002307085680693409,0.0028103775749520497,131072,7340032,E11 energy-weighted P_N capture; frozen E20 construction
llama31_8b,E20_hadamard_g128_m2,down,0,0,128,2,0,0.0021264828911555433,0.0021350632270396496,0.0036150545347481966,0.013251569591595439,0.0021312005479295912,0.00221852561977788,131072,14680064,E11 energy-weighted P_N capture; frozen E20 construction
llama31_8b,E20_hadamard_g128_m2,down,0,1,128,2,0,0.002127137769866287,0.002135551141344497,0.003615054301917553,0.013251569584871356,0.0021316875797666003,0.0021389352230812226,131072,14680064,E11 energy-weighted P_N capture; frozen E20 construction
llama31_8b,E20_hadamard_g128_m2,down,0,2,128,2,0,0.0021271099790595876,0.0021354657889741907,0.0036150545347481966,0.013251569582074862,0.002131602381563651,0.0021119747207662787,131072,14680064,E11 energy-weighted P_N capture; frozen E20 construction
llama31_8b,E20_nar_g64_m1,down,0,0,64,1,224,0.0012218843296799224,0.001944128475444663,0.36787402629852295,0.3433414136029982,0.00154570559584541,0.2650179385231284,131072,29360128,E11 energy-weighted P_N capture; frozen E20 construction
llama31_8b,E20_nar_g64_m1,down,0,1,64,1,224,0.001221948510426913,0.001944730549355864,0.36787402629852295,0.3433414135685629,0.001546184282838276,0.2653432363513291,131072,29360128,E11 energy-weighted P_N capture; frozen E20 construction
llama31_8b,E20_nar_g64_m1,down,0,2,64,1,224,0.001221938917763968,0.0019445928335130927,0.36787402629852295,0.34334141361297266,0.0015460747899979125,0.2652635639325428,131072,29360128,E11 energy-weighted P_N capture; frozen E20 construction
llama31_8b,E20_nar_g128_m1,down,0,0,128,1,112,0.0014008427484436341,0.0021350632270396496,0.3163050413131714,0.2988609406306634,0.0017653951510607261,0.26023791965380655,131072,14680064,E11 energy-weighted P_N capture; frozen E20 construction
llama31_8b,E20_nar_g128_m1,down,0,1,128,1,112,0.001400824579934929,0.002135551141344497,0.3163050413131714,0.29886095140403546,0.001765798587144961,0.2605422637765149,131072,14680064,E11 energy-weighted P_N capture; frozen E20 construction
llama31_8b,E20_nar_g128_m1,down,0,2,128,1,112,0.0014009491803827962,0.0021354657889741907,0.3163050413131714,0.29886096750278884,0.0017657280128131276,0.26037977503984755,131072,14680064,E11 energy-weighted P_N capture; frozen E20 construction
llama31_8b,E20_nar_g256_m1,down,0,0,256,1,56,0.0016020934207159768,0.002310189340267967,0.2695641815662384,0.2567533725199036,0.001974415748304074,0.2323973888000276,131072,7340032,E11 energy-weighted P_N capture; frozen E20 construction
llama31_8b,E20_nar_g256_m1,down,0,1,256,1,56,0.001602305474088709,0.002310555860567038,0.2695641815662384,0.2567533833337773,0.0019747289968495263,0.2324297886909663,131072,7340032,E11 energy-weighted P_N capture; frozen E20 construction
llama31_8b,E20_nar_g256_m1,down,0,2,256,1,56,0.001602198840444265,0.00231063401644227,0.269564151763916,0.2567533832608538,0.0019747958334753314,0.2325535280800422,131072,7340032,E11 energy-weighted P_N capture; frozen E20 construction
llama31_8b,E20_nar_g256_m2,down,0,0,256,2,112,0.0015618204965257645,0.002310189340267967,0.3163050413131714,0.2988609984900835,0.0019101996642020324,0.22305967199894589,131072,7340032,E11 energy-weighted P_N capture; frozen E20 construction
llama31_8b,E20_nar_g256_m2,down,0,1,256,2,112,0.0015616115590720095,0.002310555860567038,0.3163050413131714,0.29886104139154424,0.001910502724622235,0.22341738156546093,131072,7340032,E11 energy-weighted P_N capture; frozen E20 construction
llama31_8b,E20_nar_g256_m2,down,0,2,256,2,112,0.001561962521605707,0.00231063401644227,0.3163050413131714,0.2988609446585184,0.0019105673484710343,0.22318386135600704,131072,7340032,E11 energy-weighted P_N capture; frozen E20 construction
llama31_8b,E20_nar_g256_m3,down,0,0,256,3,168,0.0015435752340046583,0.002310189340267967,0.34638354182243347,0.32493566854041495,0.0018677083707694187,0.209988557489244,131072,7340032,E11 energy-weighted P_N capture; frozen E20 construction
llama31_8b,E20_nar_g256_m3,down,0,1,256,3,168,0.0015431802537437314,0.002310555860567038,0.34638354182243347,0.3249356416698901,0.001868004689784791,0.21049027503627044,131072,7340032,E11 energy-weighted P_N capture; frozen E20 construction
llama31_8b,E20_nar_g256_m3,down,0,2,256,3,168,0.0015436262018883814,0.00231063401644227,0.34638354182243347,0.3249356579745746,0.0018680678761132238,0.21018150237922856,131072,7340032,E11 energy-weighted P_N capture; frozen E20 construction
llama31_8b,E20_nar_g128_m2,down,0,0,128,2,224,0.0013799157074926734,0.0021350632270396496,0.36787405610084534,0.34334138721217455,0.0016975108082652357,0.23015543561688792,131072,14680064,E11 energy-weighted P_N capture; frozen E20 construction
llama31_8b,E20_nar_g128_m2,down,0,1,128,2,224,0.0013799454661249217,0.002135551141344497,0.36787405610084534,0.34334133365641784,0.001697898731112436,0.23041002183975515,131072,14680064,E11 energy-weighted P_N capture; frozen E20 construction
llama31_8b,E20_nar_g128_m2,down,0,2,128,2,224,0.001380204143521815,0.0021354657889741907,0.36787402629852295,0.34334138719391527,0.0016978309105826338,0.23013028076436762,131072,14680064,E11 energy-weighted P_N capture; frozen E20 construction
llama31_8b,E20_nar_g128_m2_c32,down,0,0,128,2,224,0.0013799157074926734,0.0021350632270396496,0.36787405610084534,0.34334138721217455,0.0016975108082652357,0.23015543561688792,131072,14680064,E11 energy-weighted P_N capture; frozen E20 construction
llama31_8b,E20_nar_g128_m2_c32,down,0,1,128,2,224,0.0013799454661249217,0.002135551141344497,0.36787405610084534,0.34334133365641784,0.001697898731112436,0.23041002183975515,131072,14680064,E11 energy-weighted P_N capture; frozen E20 construction
llama31_8b,E20_nar_g128_m2_c32,down,0,2,128,2,224,0.001380204143521815,0.0021354657889741907,0.36787402629852295,0.34334138719391527,0.0016978309105826338,0.23013028076436762,131072,14680064,E11 energy-weighted P_N capture; frozen E20 construction
llama31_8b,E20_nar_g256_m3_c32,down,0,0,256,3,168,0.0015435752340046583,0.002310189340267967,0.34638354182243347,0.32493566854041495,0.0018677083707694187,0.209988557489244,131072,7340032,E11 energy-weighted P_N capture; frozen E20 construction
llama31_8b,E20_nar_g256_m3_c32,down,0,1,256,3,168,0.0015431802537437314,0.002310555860567038,0.34638354182243347,0.3249356416698901,0.001868004689784791,0.21049027503627044,131072,7340032,E11 energy-weighted P_N capture; frozen E20 construction
llama31_8b,E20_nar_g256_m3_c32,down,0,2,256,3,168,0.0015436262018883814,0.00231063401644227,0.34638354182243347,0.3249356579745746,0.0018680678761132238,0.21018150237922856,131072,7340032,E11 energy-weighted P_N capture; frozen E20 construction
llama31_8b,E11_g64_kmax,qkv,1,0,64,1,64,0.026969035674522135,0.06936385907577947,0.8173796446401328,0.8147316546495186,0.029642022936640908,0.09911319390051329,131072,8388608,frozen E11 selected eigenvalue fractions
llama31_8b,E11_g64_kmax,qkv,1,1,64,1,64,0.026963353209045554,0.06925573646209893,0.8173796446401328,0.8147316547246586,0.029595817707615418,0.09763119884090438,131072,8388608,frozen E11 selected eigenvalue fractions
llama31_8b,E11_g64_kmax,qkv,1,2,64,1,64,0.02696581520931729,0.06947726408433486,0.8173796446401328,0.8147316547479998,0.029690485549729608,0.10104164547826776,131072,8388608,frozen E11 selected eigenvalue fractions
llama31_8b,E11_g128_k8,qkv,1,0,128,1,8,0.043621854563380635,0.07775094768546253,0.5661152717340748,0.5653752558263963,0.0512144924802979,0.17405582575324702,131072,4194304,frozen E11 selected eigenvalue fractions
llama31_8b,E11_g128_k8,qkv,1,1,128,1,8,0.043638433523155884,0.07744113598540459,0.5661152717340748,0.5653752557976656,0.05101041973963994,0.16893333745750191,131072,4194304,frozen E11 selected eigenvalue fractions
llama31_8b,E11_g128_k8,qkv,1,2,128,1,8,0.043633076337421084,0.07765782209931871,0.5661152717340748,0.5653752557730343,0.05115315072468895,0.172348021696064,131072,4194304,frozen E11 selected eigenvalue fractions
llama31_8b,E11_g128_k16,qkv,1,0,128,1,16,0.040203314491529474,0.07775094768546253,0.6442467754798908,0.6425464929708381,0.04637459328906122,0.15350174172410547,131072,4194304,frozen E11 selected eigenvalue fractions
llama31_8b,E11_g128_k16,qkv,1,1,128,1,16,0.04020380563659742,0.07744113598540459,0.6442467754798908,0.6425464929555452,0.046189805939014984,0.14889138497298177,131072,4194304,frozen E11 selected eigenvalue fractions
llama31_8b,E11_g128_k16,qkv,1,2,128,1,16,0.040185882934636874,0.07765782209931871,0.6442467754798908,0.6425464929113702,0.04631904848464679,0.15261990286453653,131072,4194304,frozen E11 selected eigenvalue fractions
llama31_8b,E11_g128_k32,qkv,1,0,128,1,32,0.03564414558373019,0.07775094768546253,0.7322235294452691,0.7299101362247241,0.04023387828282005,0.12876540099154038,131072,4194304,frozen E11 selected eigenvalue fractions
llama31_8b,E11_g128_k32,qkv,1,1,128,1,32,0.03563511720707602,0.07744113598540459,0.7322235294452691,0.7299101360357239,0.040073559642317416,0.12455248594945167,131072,4194304,frozen E11 selected eigenvalue fractions
llama31_8b,E11_g128_k32,qkv,1,2,128,1,32,0.035647360332682676,0.07765782209931871,0.7322235294452691,0.7299101362401131,0.04018568847151274,0.12731175875227926,131072,4194304,frozen E11 selected eigenvalue fractions
llama31_8b,E11_g128_kmax,qkv,1,0,128,1,32,0.03583244302886113,0.07775094768546253,0.7290070175353607,0.7267833882286521,0.04047480019973693,0.12955737255025082,131072,4194304,saved factor eigenvalue sum / calibration trace
llama31_8b,E11_g128_kmax,qkv,1,1,128,1,32,0.03582531748478701,0.07744113598540459,0.7290070175353607,0.7267833883163047,0.04031352156542221,0.1252802318511506,131072,4194304,saved factor eigenvalue sum / calibration trace
llama31_8b,E11_g128_kmax,qkv,1,2,128,1,32,0.03583246722595168,0.07765782209931871,0.7290070175353607,0.7267833885878637,0.040426321826098274,0.12820369223192904,131072,4194304,saved factor eigenvalue sum / calibration trace
llama31_8b,E11_g256_kmax,qkv,1,0,256,1,16,0.04495385525933271,0.0844357724009992,0.6442467754798908,0.6425465353868923,0.05036176047634478,0.12029903076865374,131072,2097152,frozen E11 selected eigenvalue fractions
llama31_8b,E11_g256_kmax,qkv,1,1,256,1,16,0.04491342962671663,0.08402079891472347,0.6442467754798908,0.6425465356491015,0.05011424932407391,0.1157965388210655,131072,2097152,frozen E11 selected eigenvalue fractions
llama31_8b,E11_g256_kmax,qkv,1,2,256,1,16,0.04489203917372908,0.08431440092152265,0.6442467754798908,0.6425465357102519,0.05028936839412365,0.12022909450620588,131072,2097152,frozen E11 selected eigenvalue fractions
llama31_8b,E20_hadamard_g64_m1,qkv,1,0,64,1,0,0.06926756212116691,0.06926756212116691,0.041923027485609055,0.04538413969080508,0.0678000640054903,-0.021185935678082395,131072,8388608,E11 energy-weighted P_N capture; frozen E20 construction
llama31_8b,E20_hadamard_g64_m1,qkv,1,1,64,1,0,0.06950829570327333,0.06950829570327333,0.041923023760318756,0.045384139688505326,0.06803569755368223,-0.02118593377512127,131072,8388608,E11 energy-weighted P_N capture; frozen E20 construction
llama31_8b,E20_hadamard_g64_m1,qkv,1,2,64,1,0,0.06947030287085543,0.06947030287085543,0.04192302003502846,0.045384139694431974,0.06799850976709515,-0.021185931872160186,131072,8388608,E11 energy-weighted P_N capture; frozen E20 construction
llama31_8b,E20_hadamard_g128_m1,qkv,1,0,128,1,0,0.07774562383430794,0.07774562383430794,0.006028786301612854,0.006791680486418184,0.07751091366916887,-0.00301895018090387,131072,4194304,E11 energy-weighted P_N capture; frozen E20 construction
llama31_8b,E20_hadamard_g128_m1,qkv,1,1,128,1,0,0.07776120252065599,0.07776120252065599,0.006028785370290279,0.006791680488802233,0.077526445360559,-0.0030189497138323434,131072,4194304,E11 energy-weighted P_N capture; frozen E20 construction
llama31_8b,E20_hadamard_g128_m1,qkv,1,2,128,1,0,0.07801237811894257,0.07801237811894257,0.006028785835951567,0.006791680490627517,0.07777686265412632,-0.0030189499473681596,131072,4194304,E11 energy-weighted P_N capture; frozen E20 construction
llama31_8b,E20_hadamard_g256_m1,qkv,1,0,256,1,0,0.08451255748167164,0.08451255748167164,0.005946899764239788,0.006427407086212178,0.08426088890770819,-0.0029778837780175156,131072,2097152,E11 energy-weighted P_N capture; frozen E20 construction
llama31_8b,E20_hadamard_g256_m1,qkv,1,1,256,1,0,0.08448038627980736,0.08448038627980736,0.005946899298578501,0.006427407087585536,0.08422881352767243,-0.002977883544491564,131072,2097152,E11 energy-weighted P_N capture; frozen E20 construction
llama31_8b,E20_hadamard_g256_m1,qkv,1,2,256,1,0,0.08472570674796209,0.08472570674796209,0.005946899298578501,0.006427407088184863,0.08447340346004192,-0.0029778835444915054,131072,2097152,E11 energy-weighted P_N capture; frozen E20 construction
llama31_8b,E20_hadamard_g256_m2,qkv,1,0,256,2,0,0.08449252096363047,0.08451255748167164,0.006028786301612854,0.006791680718329205,0.0842574182809737,-0.00278252654762147,131072,2097152,E11 energy-weighted P_N capture; frozen E20 construction
llama31_8b,E20_hadamard_g256_m2,qkv,1,1,256,2,0,0.08446291209910939,0.08448038627980736,0.006028786301612854,0.006791680717582026,0.08422534420236512,-0.002812688916829037,131072,2097152,E11 energy-weighted P_N capture; frozen E20 construction
llama31_8b,E20_hadamard_g256_m2,qkv,1,2,256,2,0,0.08471103163057236,0.08472570674796209,0.006028786301612854,0.006791680717334418,0.08446992406024813,-0.002846235793417258,131072,2097152,E11 energy-weighted P_N capture; frozen E20 construction
llama31_8b,E20_hadamard_g256_m3,qkv,1,0,256,3,0,0.08317412411220992,0.08451255748167164,0.03200804442167282,0.03462240670794544,0.08314901683081272,-0.00030186409132887745,131072,2097152,E11 energy-weighted P_N capture; frozen E20 construction
llama31_8b,E20_hadamard_g256_m3,qkv,1,1,256,3,0,0.08337934228203281,0.08448038627980736,0.03200804442167282,0.03462240670510048,0.08311736468484777,-0.003141996446780403,131072,2097152,E11 energy-weighted P_N capture; frozen E20 construction
llama31_8b,E20_hadamard_g256_m3,qkv,1,2,256,3,0,0.08340131300502485,0.08472570674796209,0.03200804442167282,0.03462240670531917,0.08335872710888712,-0.0005106142170107738,131072,2097152,E11 energy-weighted P_N capture; frozen E20 construction
llama31_8b,E20_hadamard_g128_m2,qkv,1,0,128,2,0,0.07599698831238744,0.07774562383430794,0.041923023760318756,0.04538413813490392,0.07609851019644881,0.001335867201000977,131072,4194304,E11 energy-weighted P_N capture; frozen E20 construction
llama31_8b,E20_hadamard_g128_m2,qkv,1,1,128,2,0,0.07631438439762306,0.07776120252065599,0.04192302003502846,0.04538413813146646,0.07611375898175612,-0.002628933161821887,131072,4194304,E11 energy-weighted P_N capture; frozen E20 construction
llama31_8b,E20_hadamard_g128_m2,qkv,1,2,128,2,0,0.07636836522828183,0.07801237811894257,0.04192302003502846,0.045384138130388926,0.07635961319092946,-0.00011460291609241853,131072,4194304,E11 energy-weighted P_N capture; frozen E20 construction
llama31_8b,E20_nar_g64_m1,qkv,1,0,64,1,64,0.022635961401335142,0.06926756212116691,0.8173797130584717,0.814731522614264,0.02960086575198103,0.30769200508687367,131072,8388608,E11 energy-weighted P_N capture; frozen E20 construction
llama31_8b,E20_nar_g64_m1,qkv,1,1,64,1,64,0.022635650640135244,0.06950829570327333,0.8173797130584717,0.8147315227869533,0.029703741069484774,0.31225479407325313,131072,8388608,E11 energy-weighted P_N capture; frozen E20 construction
llama31_8b,E20_nar_g64_m1,qkv,1,2,64,1,64,0.022634314789147264,0.06947030287085543,0.8173797130584717,0.8147315226744638,0.02968750517641303,0.3116149286148322,131072,8388608,E11 energy-weighted P_N capture; frozen E20 construction
llama31_8b,E20_nar_g128_m1,qkv,1,0,128,1,32,0.02843484544322461,0.07774562383430794,0.732223629951477,0.7299099733614088,0.04023111579293227,0.41485262767687914,131072,4194304,E11 energy-weighted P_N capture; frozen E20 construction
llama31_8b,E20_nar_g128_m1,qkv,1,1,128,1,32,0.028445218670578254,0.07776120252065599,0.7322236895561218,0.729909973250689,0.040239172834913454,0.41461991559706457,131072,4194304,E11 energy-weighted P_N capture; frozen E20 construction
llama31_8b,E20_nar_g128_m1,qkv,1,2,128,1,32,0.02843526463791951,0.07801237811894257,0.7322236895561218,0.7299099730985336,0.04036914894104018,0.419686064296598,131072,4194304,E11 energy-weighted P_N capture; frozen E20 construction
llama31_8b,E20_nar_g256_m1,qkv,1,0,256,1,16,0.03413304788502303,0.08451255748167164,0.6442468762397766,0.6425463991309883,0.050407551839290396,0.4767960953586079,131072,2097152,E11 energy-weighted P_N capture; frozen E20 construction
llama31_8b,E20_nar_g256_m1,qkv,1,1,256,1,16,0.03417436977011812,0.08448038627980736,0.6442468762397766,0.6425463990766622,0.050388363311880645,0.47444894085332784,131072,2097152,E11 energy-weighted P_N capture; frozen E20 construction
llama31_8b,E20_nar_g256_m1,qkv,1,2,256,1,16,0.03412746554933621,0.08472570674796209,0.6442468762397766,0.6425463992564688,0.05053468481230891,0.48076289870555083,131072,2097152,E11 energy-weighted P_N capture; frozen E20 construction
llama31_8b,E20_nar_g256_m2,qkv,1,0,256,2,32,0.031104591909125068,0.08451255748167164,0.732223629951477,0.7299100405601278,0.0437328085918785,0.4059920387204543,131072,2097152,E11 energy-weighted P_N capture; frozen E20 construction
llama31_8b,E20_nar_g256_m2,qkv,1,1,256,2,32,0.03115733148643529,0.08448038627980736,0.7322236895561218,0.7299100402628009,0.043716156058291655,0.40307766977168746,131072,2097152,E11 energy-weighted P_N capture; frozen E20 construction
llama31_8b,E20_nar_g256_m2,qkv,1,2,256,2,32,0.031127775091569387,0.08472570674796209,0.7322236895561218,0.7299100406269358,0.04384310230395186,0.4084881484454787,131072,2097152,E11 energy-weighted P_N capture; frozen E20 construction
llama31_8b,E20_nar_g256_m3,qkv,1,0,256,3,48,0.02912797632810049,0.08451255748167164,0.7850073575973511,0.7825504508058432,0.03918619028816042,0.34531111419355687,131072,2097152,E11 energy-weighted P_N capture; frozen E20 construction
llama31_8b,E20_nar_g256_m3,qkv,1,1,256,3,48,0.0291209141901545,0.08448038627980736,0.7850073575973511,0.7825504508684347,0.0391712733707742,0.34512512605176493,131072,2097152,E11 energy-weighted P_N capture; frozen E20 construction
llama31_8b,E20_nar_g256_m3,qkv,1,2,256,3,48,0.029122939667202363,0.08472570674796209,0.7850072979927063,0.7825504506447273,0.03928502729164642,0.3489375640155031,131072,2097152,E11 energy-weighted P_N capture; frozen E20 construction
llama31_8b,E20_nar_g128_m2,qkv,1,0,128,2,64,0.02533253189063145,0.07774562383430794,0.8173797130584717,0.8147314432804375,0.0332238886926283,0.31151078131733284,131072,4194304,E11 energy-weighted P_N capture; frozen E20 construction
llama31_8b,E20_nar_g128_m2,qkv,1,1,128,2,64,0.025346351745197726,0.07776120252065599,0.8173797130584717,0.8147314435022802,0.033230546103241,0.3110583502234029,131072,4194304,E11 energy-weighted P_N capture; frozen E20 construction
llama31_8b,E20_nar_g128_m2,qkv,1,2,128,2,64,0.0253408088371897,0.07801237811894257,0.8173797130584717,0.814731443991252,0.033337883721851695,0.3155808852054335,131072,4194304,E11 energy-weighted P_N capture; frozen E20 construction
llama31_8b,E20_nar_g128_m2_c32,qkv,1,0,128,2,64,0.02533253189063145,0.07774562383430794,0.8173797130584717,0.8147314432804375,0.0332238886926283,0.31151078131733284,131072,4194304,E11 energy-weighted P_N capture; frozen E20 construction
llama31_8b,E20_nar_g128_m2_c32,qkv,1,1,128,2,64,0.025346351745197726,0.07776120252065599,0.8173797130584717,0.8147314435022802,0.033230546103241,0.3110583502234029,131072,4194304,E11 energy-weighted P_N capture; frozen E20 construction
llama31_8b,E20_nar_g128_m2_c32,qkv,1,2,128,2,64,0.0253408088371897,0.07801237811894257,0.8173797130584717,0.814731443991252,0.033337883721851695,0.3155808852054335,131072,4194304,E11 energy-weighted P_N capture; frozen E20 construction
llama31_8b,E20_nar_g256_m3_c32,qkv,1,0,256,3,48,0.02912797632810049,0.08451255748167164,0.7850073575973511,0.7825504508058432,0.03918619028816042,0.34531111419355687,131072,2097152,E11 energy-weighted P_N capture; frozen E20 construction
llama31_8b,E20_nar_g256_m3_c32,qkv,1,1,256,3,48,0.0291209141901545,0.08448038627980736,0.7850073575973511,0.7825504508684347,0.0391712733707742,0.34512512605176493,131072,2097152,E11 energy-weighted P_N capture; frozen E20 construction
llama31_8b,E20_nar_g256_m3_c32,qkv,1,2,256,3,48,0.029122939667202363,0.08472570674796209,0.7850072979927063,0.7825504506447273,0.03928502729164642,0.3489375640155031,131072,2097152,E11 energy-weighted P_N capture; frozen E20 construction
llama31_8b,E11_g64_kmax,down,1,0,64,1,224,0.0019369498424844538,0.002878451598405484,0.9922926718923876,0.9920080165370895,0.0002527032660435349,-0.8695354621473306,131072,29360128,frozen E11 selected eigenvalue fractions
llama31_8b,E11_g64_kmax,down,1,1,64,1,224,0.0019369764390929005,0.0028783576304337887,0.9922926718923876,0.9920080946285399,0.0002526950164647113,-0.8695415125529095,131072,29360128,frozen E11 selected eigenvalue fractions
llama31_8b,E11_g64_kmax,down,1,2,64,1,224,0.0019368594244738714,0.002878234272543154,0.9922926718923876,0.9920080946285064,0.00025268418670406056,-0.869539222355954,131072,29360128,frozen E11 selected eigenvalue fractions
llama31_8b,E11_g128_k8,down,1,0,128,1,8,0.002403415094545435,0.003154893826294513,0.990211741130252,0.9901375687843554,0.0003121314080683432,-0.8701300458764999,131072,14680064,frozen E11 selected eigenvalue fractions
llama31_8b,E11_g128_k8,down,1,1,128,1,8,0.002403446663308509,0.0031549539857029956,0.990211741130252,0.9901374126017787,0.0003121373599773177,-0.8701292752851694,131072,14680064,frozen E11 selected eigenvalue fractions
llama31_8b,E11_g128_k8,down,1,2,128,1,8,0.002403413074410541,0.003153823644860082,0.990211741130252,0.9901375687860932,0.00031202552899398784,-0.8701739903489062,131072,14680064,frozen E11 selected eigenvalue fractions
llama31_8b,E11_g128_k16,down,1,0,128,1,16,0.002356393122198113,0.003154893826294513,0.9905921524235792,0.9904939338765769,0.00030600595947340023,-0.8701379847909466,131072,14680064,frozen E11 selected eigenvalue fractions
llama31_8b,E11_g128_k16,down,1,1,128,1,16,0.0023563675659442696,0.0031549539857029956,0.9905921524235792,0.9904937776937905,0.00030601179457864547,-0.8701341000439304,131072,14680064,frozen E11 selected eigenvalue fractions
llama31_8b,E11_g128_k16,down,1,2,128,1,16,0.0023563541174119037,0.003153823644860082,0.9905921524235792,0.9904939338762558,0.00030590215823168355,-0.8701798868127383,131072,14680064,frozen E11 selected eigenvalue fractions
llama31_8b,E11_g128_k32,down,1,0,128,1,32,0.002314331704609765,0.003154893826294513,0.9909672000976162,0.9908419029654018,0.0002998444005995823,-0.8704401793388813,131072,14680064,frozen E11 selected eigenvalue fractions
llama31_8b,E11_g128_k32,down,1,1,128,1,32,0.00231446564599328,0.0031549539857029956,0.9909672000976162,0.9908419029647877,0.0002998501182125259,-0.8704452067665744,131072,14680064,frozen E11 selected eigenvalue fractions
llama31_8b,E11_g128_k32,down,1,2,128,1,32,0.002314509638789705,0.003153823644860082,0.9909672000976162,0.9908419029652067,0.0002997426894395853,-0.8704940846146895,131072,14680064,frozen E11 selected eigenvalue fractions
llama31_8b,E11_g128_kmax,down,1,0,128,1,112,0.0022441181530823604,0.003154893826294513,0.9916891057829648,0.9914882407600288,0.000287613075099668,-0.871836928592809,131072,14680064,saved factor eigenvalue sum / calibration trace
llama31_8b,E11_g128_kmax,down,1,1,128,1,112,0.0022441124812103723,0.0031549539857029956,0.9916891057829648,0.991488396942028,0.0002876185594783579,-0.8718341607711082,131072,14680064,saved factor eigenvalue sum / calibration trace
llama31_8b,E11_g128_kmax,down,1,2,128,1,112,0.0022440784983503515,0.003153823644860082,0.9916891057829648,0.9914882407592512,0.000287515512965974,-0.8718781392106694,131072,14680064,saved factor eigenvalue sum / calibration trace
llama31_8b,E11_g256_kmax,down,1,0,256,1,56,0.0025318758450244344,0.0034073329936936047,0.9912906388473752,0.991136355795601,0.0003179858014846237,-0.8744070321972858,131072,7340032,frozen E11 selected eigenvalue fractions
llama31_8b,E11_g256_kmax,down,1,1,256,1,56,0.00253185994092241,0.0034075029373305137,0.9912906388473752,0.9911364338864898,0.0003180016612974714,-0.8743999791783046,131072,7340032,frozen E11 selected eigenvalue fractions
llama31_8b,E11_g256_kmax,down,1,2,256,1,56,0.0025320848008604994,0.0034057022440935176,0.9912906388473752,0.9911364338862914,0.00031783361347729826,-0.8744775003707277,131072,7340032,frozen E11 selected eigenvalue fractions
llama31_8b,E20_hadamard_g64_m1,down,1,0,64,1,0,0.002878745829809029,0.002878745829809029,4.381087637739256e-05,0.00016206609052795516,0.0028786827689294974,-2.1905678118122413e-05,131072,29360128,E11 energy-weighted P_N capture; frozen E20 construction
llama31_8b,E20_hadamard_g64_m1,down,1,1,64,1,0,0.002878608689774516,0.002878608689774516,4.381087637739256e-05,0.00016206609112732627,0.00287854563189913,-2.1905678118091046e-05,131072,29360128,E11 energy-weighted P_N capture; frozen E20 construction
llama31_8b,E20_hadamard_g64_m1,down,1,2,64,1,0,0.0028775907599592893,0.0028775907599592893,4.381087637739256e-05,0.00016206609063274105,0.002877527724382346,-2.1905678118035175e-05,131072,29360128,E11 energy-weighted P_N capture; frozen E20 construction
llama31_8b,E20_hadamard_g128_m1,down,1,0,128,1,0,0.0031551000021982157,0.0031551000021982157,1.3020447113376576e-05,6.912715991498976e-05,0.003155079461724996,-6.5102447482282e-06,131072,14680064,E11 energy-weighted P_N capture; frozen E20 construction
llama31_8b,E20_hadamard_g128_m1,down,1,1,128,1,0,0.0031549709657261926,0.0031549709657261926,1.3020447113376576e-05,6.91271599089451e-05,0.003154950426093032,-6.510244748256447e-06,131072,14680064,E11 energy-weighted P_N capture; frozen E20 construction
llama31_8b,E20_hadamard_g128_m1,down,1,2,128,1,0,0.0031540050177977746,0.0031540050177977746,1.3020447113376576e-05,6.912716009417624e-05,0.0031539844844531715,-6.510244748281686e-06,131072,14680064,E11 energy-weighted P_N capture; frozen E20 construction
llama31_8b,E20_hadamard_g256_m1,down,1,0,256,1,0,0.0034073969369878515,0.0034073969369878515,4.816145974473329e-06,3.290346239267478e-05,0.0034073887317174513,-2.4080758866472084e-06,131072,7340032,E11 energy-weighted P_N capture; frozen E20 construction
llama31_8b,E20_hadamard_g256_m1,down,1,1,256,1,0,0.0034075032469501293,0.0034075032469501293,4.81614642922068e-06,3.290346238638472e-05,0.003407495041422952,-2.408076114022396e-06,131072,7340032,E11 energy-weighted P_N capture; frozen E20 construction
llama31_8b,E20_hadamard_g256_m1,down,1,2,256,1,0,0.003406190533355145,0.003406190533355145,4.816146883968031e-06,3.2903462474776757e-05,0.0034061823309883073,-2.4080763414439362e-06,131072,7340032,E11 energy-weighted P_N capture; frozen E20 construction
llama31_8b,E20_hadamard_g256_m2,down,1,0,256,2,0,0.003401989407760264,0.0034073969369878515,1.3020448022871278e-05,6.912716230703316e-05,0.0034073747539982878,0.0015829991197912363,131072,7340032,E11 energy-weighted P_N capture; frozen E20 construction
llama31_8b,E20_hadamard_g256_m2,down,1,1,256,2,0,0.0034021426188062492,0.0034075032469501293,1.3020448022871278e-05,6.912716225278262e-05,0.0034074810632684616,0.0015691418792095069,131072,7340032,E11 energy-weighted P_N capture; frozen E20 construction
llama31_8b,E20_hadamard_g256_m2,down,1,2,256,2,0,0.003400877659591826,0.003406190533355145,1.3020448022871278e-05,6.912716245199793e-05,0.003406168358219565,0.0015556862543458245,131072,7340032,E11 energy-weighted P_N capture; frozen E20 construction
llama31_8b,E20_hadamard_g256_m3,down,1,0,256,3,0,0.003395895541043779,0.0034073969369878515,2.8446902433643118e-05,0.00011589485298331527,0.0034073484716990675,0.003372580374415223,131072,7340032,E11 energy-weighted P_N capture; frozen E20 construction
llama31_8b,E20_hadamard_g256_m3,down,1,1,256,3,0,0.0033959245486001204,0.0034075032469501293,2.8446902433643118e-05,0.00011589485287981534,0.0034074547801492398,0.003395314408228642,131072,7340032,E11 energy-weighted P_N capture; frozen E20 construction
llama31_8b,E20_hadamard_g256_m3,down,1,2,256,3,0,0.0033945165884371226,0.003406190533355145,2.8446906071621925e-05,0.00011589485299206534,0.0034061420852195107,0.0034247871470089557,131072,7340032,E11 energy-weighted P_N capture; frozen E20 construction
llama31_8b,E20_hadamard_g128_m2,down,1,0,128,2,0,0.003142610512059924,0.0031551000021982157,4.381087273941375e-05,0.00016206608499782783,0.0031550308875988764,0.003952247817948971,131072,14680064,E11 energy-weighted P_N capture; frozen E20 construction
llama31_8b,E20_hadamard_g128_m2,down,1,1,128,2,0,0.003142461585489888,0.0031549709657261926,4.381087637739256e-05,0.00016206608553639832,0.0031549018539477453,0.003958765483498505,131072,14680064,E11 energy-weighted P_N capture; frozen E20 construction
llama31_8b,E20_hadamard_g128_m2,down,1,2,128,2,0,0.0031415288327279627,0.0031540050177977746,4.381087273941375e-05,0.0001620660852123763,0.0031539359271848095,0.003949381055361177,131072,14680064,E11 energy-weighted P_N capture; frozen E20 construction
llama31_8b,E20_nar_g64_m1,down,1,0,64,1,224,0.001897729197105253,0.002878745829809029,0.9922927618026733,0.9920082508055245,0.0002527276229100358,-0.8668262978218705,131072,29360128,E11 energy-weighted P_N capture; frozen E20 construction
llama31_8b,E20_nar_g64_m1,down,1,1,64,1,224,0.0018975836728289852,0.002878608689774516,0.9922927618026733,0.9920082508056616,0.0002527155832660459,-0.8668224295536394,131072,29360128,E11 energy-weighted P_N capture; frozen E20 construction
llama31_8b,E20_nar_g64_m1,down,1,2,64,1,224,0.0018976918267202094,0.0028775907599592893,0.9922927618026733,0.9920080165311957,0.00025262621831418817,-0.866877111047686,131072,29360128,E11 energy-weighted P_N capture; frozen E20 construction
llama31_8b,E20_nar_g128_m1,down,1,0,128,1,112,0.0021752614905342586,0.0031551000021982157,0.9917576909065247,0.9915564265200555,0.00028644258040307573,-0.8683180934110485,131072,14680064,E11 energy-weighted P_N capture; frozen E20 construction
llama31_8b,E20_nar_g128_m1,down,1,1,128,1,112,0.0021749971441423735,0.0031549709657261926,0.9917576909065247,0.9915561141532465,0.00028643086554776633,-0.8683074751067275,131072,14680064,E11 energy-weighted P_N capture; frozen E20 construction
llama31_8b,E20_nar_g128_m1,down,1,2,128,1,112,0.002174883261344312,0.0031540050177977746,0.9917576909065247,0.9915561141543159,0.0002863431698750592,-0.8683409013419561,131072,14680064,E11 energy-weighted P_N capture; frozen E20 construction
llama31_8b,E20_nar_g256_m1,down,1,0,256,1,56,0.0024563243653359505,0.0034073969369878515,0.9912908673286438,0.991136355919711,0.00031798759780258927,-0.8705433198114704,131072,7340032,E11 energy-weighted P_N capture; frozen E20 construction
llama31_8b,E20_nar_g256_m1,down,1,1,256,1,56,0.002456745917956217,0.0034075032469501293,0.9912908673286438,0.9911363559205931,0.00031799751893891483,-0.870561494937393,131072,7340032,E11 energy-weighted P_N capture; frozen E20 construction
llama31_8b,E20_nar_g256_m1,down,1,2,256,1,56,0.0024564846787773578,0.003406190533355145,0.9912908673286438,0.9911363559196714,0.0003178750129173414,-0.8705976000324357,131072,7340032,E11 energy-weighted P_N capture; frozen E20 construction
llama31_8b,E20_nar_g256_m2,down,1,0,256,2,112,0.002404404270100232,0.0034073969369878515,0.9917576909065247,0.9915520536214143,0.000309347903523921,-0.8713411436792093,131072,7340032,E11 energy-weighted P_N capture; frozen E20 construction
llama31_8b,E20_nar_g256_m2,down,1,1,256,2,112,0.002404451047584311,0.0034075032469501293,0.9917576909065247,0.9915520535971281,0.00030935755510386973,-0.8713396326306276,131072,7340032,E11 energy-weighted P_N capture; frozen E20 construction
llama31_8b,E20_nar_g256_m2,down,1,2,256,2,112,0.0024041870331916316,0.003406190533355145,0.9917576909065247,0.9915522097787784,0.000309238377559825,-0.8713750746965383,131072,7340032,E11 energy-weighted P_N capture; frozen E20 construction
llama31_8b,E20_nar_g256_m3,down,1,0,256,3,168,0.0023732222764865757,0.0034073969369878515,0.9920691251754761,0.9918161255495364,0.00030344729911441134,-0.8721370087745645,131072,7340032,E11 energy-weighted P_N capture; frozen E20 construction
llama31_8b,E20_nar_g256_m3,down,1,1,256,3,168,0.002373272894312609,0.0034075032469501293,0.9920691251754761,0.9918143298855662,0.0003034567665969262,-0.8721357466627035,131072,7340032,E11 energy-weighted P_N capture; frozen E20 construction
llama31_8b,E20_nar_g256_m3,down,1,2,256,3,168,0.002373121821761439,0.003406190533355145,0.9920691251754761,0.991816125551984,0.0003033398622848443,-0.8721768686701082,131072,7340032,E11 energy-weighted P_N capture; frozen E20 construction
llama31_8b,E20_nar_g128_m2,down,1,0,128,2,224,0.002130823599418611,0.0031551000021982157,0.9922927618026733,0.992009890398701,0.000276988998244385,-0.8700084801388719,131072,14680064,E11 energy-weighted P_N capture; frozen E20 construction
llama31_8b,E20_nar_g128_m2,down,1,1,128,2,224,0.0021307292965555965,0.0031549709657261926,0.9922927618026733,0.9920097342345777,0.0002769776700192581,-0.8700080435055721,131072,14680064,E11 energy-weighted P_N capture; frozen E20 construction
llama31_8b,E20_nar_g128_m2,down,1,2,128,2,224,0.0021307992024665826,0.0031540050177977746,0.9922927618026733,0.9920100465915987,0.00027689286860286486,-0.8700521061382331,131072,14680064,E11 energy-weighted P_N capture; frozen E20 construction
llama31_8b,E20_nar_g128_m2_c32,down,1,0,128,2,224,0.002130823599418611,0.0031551000021982157,0.9922927618026733,0.992009890398701,0.000276988998244385,-0.8700084801388719,131072,14680064,E11 energy-weighted P_N capture; frozen E20 construction
llama31_8b,E20_nar_g128_m2_c32,down,1,1,128,2,224,0.0021307292965555965,0.0031549709657261926,0.9922927618026733,0.9920097342345777,0.0002769776700192581,-0.8700080435055721,131072,14680064,E11 energy-weighted P_N capture; frozen E20 construction
llama31_8b,E20_nar_g128_m2_c32,down,1,2,128,2,224,0.0021307992024665826,0.0031540050177977746,0.9922927618026733,0.9920100465915987,0.00027689286860286486,-0.8700521061382331,131072,14680064,E11 energy-weighted P_N capture; frozen E20 construction
llama31_8b,E20_nar_g256_m3_c32,down,1,0,256,3,168,0.0023732222764865757,0.0034073969369878515,0.9920691251754761,0.9918161255495364,0.00030344729911441134,-0.8721370087745645,131072,7340032,E11 energy-weighted P_N capture; frozen E20 construction
llama31_8b,E20_nar_g256_m3_c32,down,1,1,256,3,168,0.002373272894312609,0.0034075032469501293,0.9920691251754761,0.9918143298855662,0.0003034567665969262,-0.8721357466627035,131072,7340032,E11 energy-weighted P_N capture; frozen E20 construction
llama31_8b,E20_nar_g256_m3_c32,down,1,2,256,3,168,0.002373121821761439,0.003406190533355145,0.9920691251754761,0.991816125551984,0.0003033398622848443,-0.8721768686701082,131072,7340032,E11 energy-weighted P_N capture; frozen E20 construction
llama31_8b,E11_g64_kmax,qkv,2,0,64,1,64,0.07894595000143823,0.12644764570104083,0.5754125944438172,0.5713267156985853,0.08239375609489343,0.04367299517445022,131072,8388608,frozen E11 selected eigenvalue fractions
llama31_8b,E11_g64_kmax,qkv,2,1,64,1,64,0.0789401453586962,0.12657970521846584,0.5754125944438172,0.5713267157651983,0.08247980656746966,0.04483981113398748,131072,8388608,frozen E11 selected eigenvalue fractions
llama31_8b,E11_g64_kmax,qkv,2,2,64,1,64,0.07894821437973376,0.12661886739095074,0.5754125944438172,0.5713267156900651,0.08250532478467312,0.04505624899671553,131072,8388608,frozen E11 selected eigenvalue fractions
llama31_8b,E11_g128_k8,qkv,2,0,128,1,8,0.10909435148619906,0.14009855619284117,0.29451651942983537,0.2935116250565429,0.11767307001277863,0.07863577178571723,131072,4194304,frozen E11 selected eigenvalue fractions
llama31_8b,E11_g128_k8,qkv,2,1,128,1,8,0.1091742705689196,0.14024933602975231,0.29451651942983537,0.2935116249777691,0.11779971461774472,0.0790061981076397,131072,4194304,frozen E11 selected eigenvalue fractions
llama31_8b,E11_g128_k8,qkv,2,2,128,1,8,0.10904104130659409,0.1402299705686012,0.29451651942983537,0.29351162494851063,0.11778344897355972,0.08017538682874763,131072,4194304,frozen E11 selected eigenvalue fractions
llama31_8b,E11_g128_k16,qkv,2,0,128,1,16,0.10456095780319075,0.14009855619284117,0.3638347351167598,0.36175043074558966,0.11174256493573616,0.06868344823373701,131072,4194304,frozen E11 selected eigenvalue fractions
llama31_8b,E11_g128_k16,qkv,2,1,128,1,16,0.10451357285736229,0.14024933602975231,0.3638347351167598,0.3617504307481715,0.11186282688685757,0.0703186565014419,131072,4194304,frozen E11 selected eigenvalue fractions
llama31_8b,E11_g128_k16,qkv,2,2,128,1,16,0.10451873725104832,0.1402299705686012,0.3638347351167598,0.3617504306428669,0.11184738100105408,0.07011798977634755,131072,4194304,frozen E11 selected eigenvalue fractions
llama31_8b,E11_g128_k32,qkv,2,0,128,1,32,0.097442632548987,0.14009855619284117,0.46103865651258086,0.45754112638020056,0.10285193533097887,0.05551269131888938,131072,4194304,frozen E11 selected eigenvalue fractions
llama31_8b,E11_g128_k32,qkv,2,1,128,1,32,0.09745313947448597,0.14024933602975231,0.46103865651258086,0.4575411264705262,0.10296262882030972,0.0565347548117337,131072,4194304,frozen E11 selected eigenvalue fractions
llama31_8b,E11_g128_k32,qkv,2,2,128,1,32,0.09748807771491608,0.1402299705686012,0.46103865651258086,0.4575411264609236,0.10294841186324682,0.05601027609035822,131072,4194304,frozen E11 selected eigenvalue fractions
llama31_8b,E11_g128_kmax,qkv,2,0,128,1,32,0.0979909171404505,0.14009855619284117,0.454649250654001,0.45101026738683525,0.10345979575933277,0.05581005646721038,131072,4194304,saved factor eigenvalue sum / calibration trace
llama31_8b,E11_g128_kmax,qkv,2,1,128,1,32,0.09797664998952094,0.14024933602975231,0.454649250654001,0.45101026746750633,0.10357114345309473,0.057100273015786455,131072,4194304,saved factor eigenvalue sum / calibration trace
llama31_8b,E11_g128_kmax,qkv,2,2,128,1,32,0.09796437266795222,0.1402299705686012,0.454649250654001,0.4510102674543821,0.10355684247305663,0.05708677198454537,131072,4194304,saved factor eigenvalue sum / calibration trace
llama31_8b,E11_g256_kmax,qkv,2,0,256,1,16,0.1155185978276041,0.15240490223327186,0.3638347351167598,0.3615452125956584,0.12155810271795017,0.05228166722867621,131072,2097152,frozen E11 selected eigenvalue fractions
llama31_8b,E11_g256_kmax,qkv,2,1,256,1,16,0.11546877085765672,0.15255551685581636,0.3638347351167598,0.3615452127579837,0.12167823289414403,0.053776116177264764,131072,2097152,frozen E11 selected eigenvalue fractions
llama31_8b,E11_g256_kmax,qkv,2,2,256,1,16,0.11551365090525856,0.15248450122107826,0.3638347351167598,0.36154521263255146,0.1216215908459187,0.05287634745152087,131072,2097152,frozen E11 selected eigenvalue fractions
llama31_8b,E20_hadamard_g64_m1,qkv,2,0,64,1,0,0.12661373242999563,0.12661373242999563,0.012560347095131874,0.018037686831724277,0.1258160635524215,-0.006300018665156678,131072,8388608,E11 energy-weighted P_N capture; frozen E20 construction
llama31_8b,E20_hadamard_g64_m1,qkv,2,1,64,1,0,0.12659900678271718,0.12659900678271718,0.012560347095131874,0.01803768683064452,0.12580143067699578,-0.006300018665156544,131072,8388608,E11 energy-weighted P_N capture; frozen E20 construction
llama31_8b,E20_hadamard_g64_m1,qkv,2,2,64,1,0,0.12664331305210563,0.12664331305210563,0.012560347095131874,0.018037686830117885,0.1258454578160601,-0.006300018665156557,131072,8388608,E11 energy-weighted P_N capture; frozen E20 construction
llama31_8b,E20_hadamard_g128_m1,qkv,2,0,128,1,0,0.14036458079326408,0.14036458079326408,0.004073058720678091,0.00631616274298149,0.1400784325313562,-0.0020386073202421605,131072,4194304,E11 energy-weighted P_N capture; frozen E20 construction
llama31_8b,E20_hadamard_g128_m1,qkv,2,1,128,1,0,0.14022204825597306,0.14022204825597306,0.004073058720678091,0.006316162743545633,0.1399361905619391,-0.002038607320242114,131072,4194304,E11 energy-weighted P_N capture; frozen E20 construction
llama31_8b,E20_hadamard_g128_m1,qkv,2,2,128,1,0,0.14036735875884787,0.14036735875884787,0.004073059186339378,0.006316162744614005,0.14008120480101047,-0.0020386075535482467,131072,4194304,E11 energy-weighted P_N capture; frozen E20 construction
llama31_8b,E20_hadamard_g256_m1,qkv,2,0,256,1,0,0.15270018320090273,0.15270018320090273,0.003813654650002718,0.0050405618878537955,0.1524087321802228,-0.0019086487951129394,131072,2097152,E11 energy-weighted P_N capture; frozen E20 construction
llama31_8b,E20_hadamard_g256_m1,qkv,2,1,256,1,0,0.15254033371880737,0.15254033371880737,0.0038136551156640053,0.005040561888725528,0.15224918775906487,-0.0019086490283887695,131072,2097152,E11 energy-weighted P_N capture; frozen E20 construction
llama31_8b,E20_hadamard_g256_m1,qkv,2,2,256,1,0,0.15267782034193544,0.15267782034193544,0.0038136551156640053,0.005040561888712064,0.1523864119684833,-0.0019086490283887754,131072,2097152,E11 energy-weighted P_N capture; frozen E20 construction
llama31_8b,E20_hadamard_g256_m2,qkv,2,0,256,2,0,0.1526066344463679,0.15270018320090273,0.004073059186339378,0.006316162955066463,0.15238888745400114,-0.0014268514154493592,131072,2097152,E11 energy-weighted P_N capture; frozen E20 construction
llama31_8b,E20_hadamard_g256_m2,qkv,2,1,256,2,0,0.15243978577898432,0.15254033371880737,0.004073059186339378,0.006316162959127814,0.15222936384226743,-0.0013803610103596468,131072,2097152,E11 energy-weighted P_N capture; frozen E20 construction
llama31_8b,E20_hadamard_g256_m2,qkv,2,2,256,2,0,0.15258489185358215,0.15267782034193544,0.004073059652000666,0.0063161629550263524,0.15236657014850638,-0.0014308212459544609,131072,2097152,E11 energy-weighted P_N capture; frozen E20 construction
llama31_8b,E20_hadamard_g256_m3,qkv,2,0,256,3,0,0.15214254251678483,0.15270018320090273,0.007805948611348867,0.011791620879397198,0.15210303069088965,-0.00025970267909002895,131072,2097152,E11 energy-weighted P_N capture; frozen E20 construction
llama31_8b,E20_hadamard_g256_m3,qkv,2,1,256,3,0,0.1520489908104068,0.15254033371880737,0.007805949077010155,0.011791620884518204,0.15194380628384566,-0.0006917804978547544,131072,2097152,E11 energy-weighted P_N capture; frozen E20 construction
llama31_8b,E20_hadamard_g256_m3,qkv,2,2,256,3,0,0.15220082086088382,0.15267782034193544,0.007805949077010155,0.011791620881107742,0.15208075524889578,-0.0007888631040813487,131072,2097152,E11 energy-weighted P_N capture; frozen E20 construction
llama31_8b,E20_hadamard_g128_m2,qkv,2,0,128,2,0,0.13949665240935438,0.14036458079326408,0.012560347095131874,0.018037686209427403,0.13948028131433962,-0.00011735833607476067,131072,4194304,E11 energy-weighted P_N capture; frozen E20 construction
llama31_8b,E20_hadamard_g128_m2,qkv,2,1,128,2,0,0.13944369339684748,0.14022204825597306,0.012560347095131874,0.018037686206793482,0.13933864673469396,-0.0007533267342149936,131072,4194304,E11 energy-weighted P_N capture; frozen E20 construction
llama31_8b,E20_hadamard_g128_m2,qkv,2,2,128,2,0,0.13948128193123566,0.14036735875884787,0.012560347095131874,0.018037686208769166,0.1394830417786884,1.2617086883418133e-05,131072,4194304,E11 energy-weighted P_N capture; frozen E20 construction
llama31_8b,E20_nar_g64_m1,qkv,2,0,64,1,64,0.07203845583569979,0.12661373242999563,0.5754126310348511,0.5713267260609349,0.08250197527000282,0.14524907999371173,131072,8388608,E11 energy-weighted P_N capture; frozen E20 construction
llama31_8b,E20_nar_g64_m1,qkv,2,1,64,1,64,0.07201930763783448,0.12659900678271718,0.5754126310348511,0.5713267258685621,0.08249237998389691,0.14542034198285633,131072,8388608,E11 energy-weighted P_N capture; frozen E20 construction
llama31_8b,E20_nar_g64_m1,qkv,2,2,64,1,64,0.0720493454961681,0.12664331305210563,0.5754126310348511,0.5713267260100294,0.08252125011252544,0.14534350790062744,131072,8388608,E11 energy-weighted P_N capture; frozen E20 construction
llama31_8b,E20_nar_g128_m1,qkv,2,0,128,1,32,0.08621119984557124,0.14036458079326408,0.461038738489151,0.45754115147494545,0.1030472267588064,0.19528816375822708,131072,4194304,E11 energy-weighted P_N capture; frozen E20 construction
llama31_8b,E20_nar_g128_m1,qkv,2,1,128,1,32,0.086269234924365,0.14022204825597306,0.46103864908218384,0.45754115134896917,0.10294259648732182,0.19327123484490025,131072,4194304,E11 energy-weighted P_N capture; frozen E20 construction
llama31_8b,E20_nar_g128_m1,qkv,2,2,128,1,32,0.08625778702655928,0.14036735875884787,0.4610386788845062,0.4575411513367698,0.1030492718721308,0.19466630694341036,131072,4194304,E11 energy-weighted P_N capture; frozen E20 construction
llama31_8b,E20_nar_g256_m1,qkv,2,0,256,1,16,0.09936881146460852,0.15270018320090273,0.36383479833602905,0.3615452172997588,0.12179361267442979,0.22567243060774805,131072,2097152,E11 energy-weighted P_N capture; frozen E20 construction
llama31_8b,E20_nar_g256_m1,qkv,2,1,256,1,16,0.09932714117186237,0.15254033371880737,0.36383479833602905,0.3615452173583835,0.12166611678345947,0.2249030360487748,131072,2097152,E11 energy-weighted P_N capture; frozen E20 construction
llama31_8b,E20_nar_g256_m1,qkv,2,2,256,1,16,0.09935689076175347,0.15267782034193544,0.36383479833602905,0.3615452172408662,0.12177577606594471,0.22563996449878027,131072,2097152,E11 energy-weighted P_N capture; frozen E20 construction
llama31_8b,E20_nar_g256_m2,qkv,2,0,256,2,32,0.09409621981355887,0.15270018320090273,0.461038738489151,0.4575411949738257,0.11210328357401271,0.1913686202924286,131072,2097152,E11 energy-weighted P_N capture; frozen E20 construction
llama31_8b,E20_nar_g256_m2,qkv,2,1,256,2,32,0.09417096198489006,0.15254033371880737,0.461038738489151,0.4575411950491416,0.11198593170550239,0.1891768900425036,131072,2097152,E11 energy-weighted P_N capture; frozen E20 construction
llama31_8b,E20_nar_g256_m2,qkv,2,2,256,2,32,0.09420906236719695,0.15267782034193544,0.461038738489151,0.45754119510407576,0.11208686610896595,0.1897673460763999,131072,2097152,E11 energy-weighted P_N capture; frozen E20 construction
llama31_8b,E20_nar_g256_m3,qkv,2,0,256,3,48,0.09032722905569024,0.15270018320090273,0.5286354422569275,0.5250426402413313,0.10483782934261068,0.16064480709326417,131072,2097152,E11 energy-weighted P_N capture; frozen E20 construction
llama31_8b,E20_nar_g256_m3,qkv,2,1,256,3,48,0.09028763257576067,0.15254033371880737,0.5286353826522827,0.5250426400299144,0.10472808971251317,0.15993837389229876,131072,2097152,E11 energy-weighted P_N capture; frozen E20 construction
llama31_8b,E20_nar_g256_m3,qkv,2,2,256,3,48,0.09030112502756982,0.15267782034193544,0.5286354422569275,0.5250426400411865,0.10482247589939352,0.16081029851389103,131072,2097152,E11 energy-weighted P_N capture; frozen E20 construction
llama31_8b,E20_nar_g128_m2,qkv,2,0,128,2,64,0.08021492300403965,0.14036458079326408,0.5754126310348511,0.571326668307314,0.09146207880565349,0.1402127606735648,131072,4194304,E11 energy-weighted P_N capture; frozen E20 construction
llama31_8b,E20_nar_g128_m2,qkv,2,1,128,2,64,0.0801813806135998,0.14022204825597306,0.5754126310348511,0.5713266685478533,0.0913692040783939,0.13953143958332503,131072,4194304,E11 energy-weighted P_N capture; frozen E20 construction
llama31_8b,E20_nar_g128_m2,qkv,2,2,128,2,64,0.08021490114642615,0.14036735875884787,0.5754126310348511,0.5713266681148876,0.09146388893827888,0.1402356374075505,131072,4194304,E11 energy-weighted P_N capture; frozen E20 construction
llama31_8b,E20_nar_g128_m2_c32,qkv,2,0,128,2,64,0.08021492300403965,0.14036458079326408,0.5754126310348511,0.571326668307314,0.09146207880565349,0.1402127606735648,131072,4194304,E11 energy-weighted P_N capture; frozen E20 construction
llama31_8b,E20_nar_g128_m2_c32,qkv,2,1,128,2,64,0.0801813806135998,0.14022204825597306,0.5754126310348511,0.5713266685478533,0.0913692040783939,0.13953143958332503,131072,4194304,E11 energy-weighted P_N capture; frozen E20 construction
llama31_8b,E20_nar_g128_m2_c32,qkv,2,2,128,2,64,0.08021490114642615,0.14036735875884787,0.5754126310348511,0.5713266681148876,0.09146388893827888,0.1402356374075505,131072,4194304,E11 energy-weighted P_N capture; frozen E20 construction
llama31_8b,E20_nar_g256_m3_c32,qkv,2,0,256,3,48,0.09032722905569024,0.15270018320090273,0.5286354422569275,0.5250426402413313,0.10483782934261068,0.16064480709326417,131072,2097152,E11 energy-weighted P_N capture; frozen E20 construction
llama31_8b,E20_nar_g256_m3_c32,qkv,2,1,256,3,48,0.09028763257576067,0.15254033371880737,0.5286353826522827,0.5250426400299144,0.10472808971251317,0.15993837389229876,131072,2097152,E11 energy-weighted P_N capture; frozen E20 construction
llama31_8b,E20_nar_g256_m3_c32,qkv,2,2,256,3,48,0.09030112502756982,0.15267782034193544,0.5286354422569275,0.5250426400411865,0.10482247589939352,0.16081029851389103,131072,2097152,E11 energy-weighted P_N capture; frozen E20 construction
llama31_8b,E11_g64_kmax,down,2,0,64,1,224,0.0029150840654491605,0.004046016988327774,0.2936671631451117,0.27759984895500667,0.0034004187350065453,0.16649079706132033,131072,29360128,frozen E11 selected eigenvalue fractions
llama31_8b,E11_g64_kmax,down,2,1,64,1,224,0.0029153273946488376,0.004045441619054997,0.2936671631451117,0.2775998489603655,0.003399935173899327,0.1662275668043322,131072,29360128,frozen E11 selected eigenvalue fractions
llama31_8b,E11_g64_kmax,down,2,2,64,1,224,0.0029155523647403747,0.004046361239361708,0.2936671631451117,0.2775998490008636,0.003400708056002653,0.16640266768300038,131072,29360128,frozen E11 selected eigenvalue fractions
llama31_8b,E11_g128_k8,down,2,0,128,1,8,0.003600933876134011,0.004462882386470738,0.10081719390510321,0.09979570291459243,0.004231939385680179,0.17523385078751305,131072,14680064,frozen E11 selected eigenvalue fractions
llama31_8b,E11_g128_k8,down,2,1,128,1,8,0.003600448349119303,0.004461812923841314,0.10081719390510321,0.09979570297789302,0.004230925265066853,0.17511066812047713,131072,14680064,frozen E11 selected eigenvalue fractions
llama31_8b,E11_g128_k8,down,2,2,128,1,8,0.0036011773787322154,0.004463371274581645,0.10081719390510321,0.09979570289631316,0.00423240297505417,0.17528311714103229,131072,14680064,frozen E11 selected eigenvalue fractions
llama31_8b,E11_g128_k16,down,2,0,128,1,16,0.003542482929751987,0.004462882386470738,0.13078941980248474,0.12817154984944618,0.004160810566929746,0.17454639851180562,131072,14680064,frozen E11 selected eigenvalue fractions
llama31_8b,E11_g128_k16,down,2,1,128,1,16,0.0035422732195827416,0.004461812923841314,0.13078941980248474,0.12817154978920642,0.004159813491267853,0.1743344551377812,131072,14680064,frozen E11 selected eigenvalue fractions
llama31_8b,E11_g128_k16,down,2,2,128,1,16,0.003542474253585381,0.004463371274581645,0.13078941980248474,0.12817154985370488,0.004161266364470831,0.1746779416277094,131072,14680064,frozen E11 selected eigenvalue fractions
llama31_8b,E11_g128_k32,down,2,0,128,1,32,0.003484388409681647,0.004462882386470738,0.1643005213460433,0.15840663161146545,0.004079815347272392,0.1708842033615726,131072,14680064,frozen E11 selected eigenvalue fractions
llama31_8b,E11_g128_k32,down,2,1,128,1,32,0.003484219853935425,0.004461812923841314,0.1643005213460433,0.15840663168647554,0.0040788376808964895,0.17066024874677285,131072,14680064,frozen E11 selected eigenvalue fractions
llama31_8b,E11_g128_k32,down,2,2,128,1,32,0.003484434065066417,0.004463371274581645,0.1643005213460433,0.1584066316303182,0.0040802622721620154,0.17099712491883282,131072,14680064,frozen E11 selected eigenvalue fractions
llama31_8b,E11_g128_kmax,down,2,0,128,1,112,0.0033747243460071235,0.004462882386470738,0.23534033491072323,0.22321849289780665,0.0039025594967258197,0.15640837490718773,131072,14680064,saved factor eigenvalue sum / calibration trace
llama31_8b,E11_g128_kmax,down,2,1,128,1,112,0.0033752576791166206,0.004461812923841314,0.23534033491072323,0.22321849287633724,0.0039016243070480673,0.15594857577487492,131072,14680064,saved factor eigenvalue sum / calibration trace
llama31_8b,E11_g128_kmax,down,2,2,128,1,112,0.0033744932245239018,0.004463371274581645,0.23534033491072323,0.2232184929424927,0.0039029870040573683,0.15661426601561196,131072,14680064,saved factor eigenvalue sum / calibration trace
llama31_8b,E11_g256_kmax,down,2,0,256,1,56,0.0038178530018614216,0.004845615707062133,0.1952232847783406,0.18559509280285102,0.004346970266473989,0.13859026640224037,131072,7340032,frozen E11 selected eigenvalue fractions
llama31_8b,E11_g256_kmax,down,2,1,256,1,56,0.0038175581389778357,0.004844706558752894,0.1952232847783406,0.1855950929667515,0.004346154675451713,0.1384645674618098,131072,7340032,frozen E11 selected eigenvalue fractions
llama31_8b,E11_g256_kmax,down,2,2,256,1,56,0.0038172362211017575,0.0048460664190913706,0.1952232847783406,0.18559509286774648,0.00434737459729762,0.13888015975151013,131072,7340032,frozen E11 selected eigenvalue fractions
llama31_8b,E20_hadamard_g64_m1,down,2,0,64,1,0,0.004046709099191066,0.004046709099191066,0.005065914709120989,0.017070003873138416,0.0040364459430444755,-0.002536173442425596,131072,29360128,E11 energy-weighted P_N capture; frozen E20 construction
llama31_8b,E20_hadamard_g64_m1,down,2,1,64,1,0,0.004046938841392035,0.004046938841392035,0.0050659142434597015,0.017070003871975083,0.0040366751035240235,-0.0025361732090028273,131072,29360128,E11 energy-weighted P_N capture; frozen E20 construction
llama31_8b,E20_hadamard_g64_m1,down,2,2,64,1,0,0.004046786304214468,0.004046786304214468,0.0050659142434597015,0.0170700038722478,0.00403652295320716,-0.0025361732090028095,131072,29360128,E11 energy-weighted P_N capture; frozen E20 construction
llama31_8b,E20_hadamard_g128_m1,down,2,0,128,1,0,0.004464012682790778,0.004464012682790778,0.0038095153868198395,0.009449028349219258,0.004455501706881921,-0.0019065752079217074,131072,14680064,E11 energy-weighted P_N capture; frozen E20 construction
llama31_8b,E20_hadamard_g128_m1,down,2,1,128,1,0,0.0044640286451787204,0.0044640286451787204,0.003809514921158552,0.009449028348067094,0.0044555176398777185,-0.0019065749746462906,131072,14680064,E11 energy-weighted P_N capture; frozen E20 construction
llama31_8b,E20_hadamard_g128_m1,down,2,2,128,1,0,0.004463835241097288,0.004463835241097288,0.003809515153989196,0.009449028348268704,0.004455324604015016,-0.0019065750912840723,131072,14680064,E11 energy-weighted P_N capture; frozen E20 construction
llama31_8b,E20_hadamard_g256_m1,down,2,0,256,1,0,0.0048465626112626425,0.0048465626112626425,0.0029943587724119425,0.005855456727075335,0.004839300997582533,-0.0014983018404085174,131072,7340032,E11 energy-weighted P_N capture; frozen E20 construction
llama31_8b,E20_hadamard_g256_m1,down,2,1,256,1,0,0.004847990741174067,0.004847990741174067,0.0029943587724119425,0.00585545672491855,0.0048407269877242835,-0.0014983018404083766,131072,7340032,E11 energy-weighted P_N capture; frozen E20 construction
llama31_8b,E20_hadamard_g256_m1,down,2,2,256,1,0,0.004846299691529007,0.004846299691529007,0.002994358539581299,0.005855456726479154,0.004839038472347048,-0.0014983017238184568,131072,7340032,E11 energy-weighted P_N capture; frozen E20 construction
llama31_8b,E20_hadamard_g256_m2,down,2,0,256,2,0,0.004837827415575845,0.0048465626112626425,0.0038095153868198395,0.009449028680953429,0.004837322275144369,-0.00010441472753856387,131072,7340032,E11 energy-weighted P_N capture; frozen E20 construction
llama31_8b,E20_hadamard_g256_m2,down,2,1,256,2,0,0.004838827223676646,0.004847990741174067,0.003809515153989196,0.009449028668737886,0.0048387476827841695,-1.643805178401386e-05,131072,7340032,E11 energy-weighted P_N capture; frozen E20 construction
llama31_8b,E20_hadamard_g256_m2,down,2,2,256,2,0,0.004837465602876155,0.004846299691529007,0.0038095153868198395,0.009449028669626857,0.0048370598566869795,-8.387577762506678e-05,131072,7340032,E11 energy-weighted P_N capture; frozen E20 construction
llama31_8b,E20_hadamard_g256_m3,down,2,0,256,3,0,0.004827257101024052,0.0048465626112626425,0.004503607749938965,0.013706058083238062,0.004835636787506731,0.001735910540356634,131072,7340032,E11 energy-weighted P_N capture; frozen E20 construction
llama31_8b,E20_hadamard_g256_m3,down,2,1,256,3,0,0.004828497029137997,0.004847990741174067,0.0045036072842776775,0.013706058069598976,0.00483706169905207,0.0017737755376856818,131072,7340032,E11 energy-weighted P_N capture; frozen E20 construction
llama31_8b,E20_hadamard_g256_m3,down,2,2,256,3,0,0.004826986250552493,0.004846299691529007,0.0045036072842776775,0.01370605807097688,0.004835374461615775,0.001737773970730079,131072,7340032,E11 energy-weighted P_N capture; frozen E20 construction
llama31_8b,E20_hadamard_g128_m2,down,2,0,128,2,0,0.004446312285815823,0.004464012682790778,0.0050659142434597015,0.017070003283824225,0.004452691173420034,0.001434646780110421,131072,14680064,E11 energy-weighted P_N capture; frozen E20 construction
llama31_8b,E20_hadamard_g128_m2,down,2,1,128,2,0,0.0044466395826988315,0.0044640286451787204,0.0050659142434597015,0.017070003282019026,0.0044527070953245965,0.0013645163978148144,131072,14680064,E11 energy-weighted P_N capture; frozen E20 construction
llama31_8b,E20_hadamard_g128_m2,down,2,2,128,2,0,0.004446450772895619,0.004463835241097288,0.0050659142434597015,0.017070003291155492,0.004452514181749414,0.001363651407265339,131072,14680064,E11 energy-weighted P_N capture; frozen E20 construction
llama31_8b,E20_nar_g64_m1,down,2,0,64,1,224,0.002870823185428926,0.004046709099191066,0.29366716742515564,0.27759986350947236,0.003401000399656481,0.18467776661360008,131072,29360128,E11 energy-weighted P_N capture; frozen E20 construction
llama31_8b,E20_nar_g64_m1,down,2,1,64,1,224,0.0028709464483671837,0.004046938841392035,0.29366716742515564,0.2775998635737795,0.0034011934832951026,0.1846941572976711,131072,29360128,E11 energy-weighted P_N capture; frozen E20 construction
llama31_8b,E20_nar_g64_m1,down,2,2,64,1,224,0.002871039552823408,0.004046786304214468,0.29366716742515564,0.2775998634645922,0.003401065285544992,0.18461108701910844,131072,29360128,E11 energy-weighted P_N capture; frozen E20 construction
llama31_8b,E20_nar_g128_m1,down,2,0,128,1,112,0.0032929146214648103,0.004464012682790778,0.24217796325683594,0.23028789698927477,0.0038860558219481834,0.18012650453096837,131072,14680064,E11 energy-weighted P_N capture; frozen E20 construction
llama31_8b,E20_nar_g128_m1,down,2,1,128,1,112,0.0032927655544183337,0.0044640286451787204,0.24217794835567474,0.2302878969184693,0.0038860697558878547,0.18018416181298033,131072,14680064,E11 energy-weighted P_N capture; frozen E20 construction
llama31_8b,E20_nar_g128_m1,down,2,2,128,1,112,0.003293170900016482,0.004463835241097288,0.24217794835567474,0.2302878968955114,0.0038859013918805287,0.17998777162189789,131072,14680064,E11 energy-weighted P_N capture; frozen E20 construction
llama31_8b,E20_nar_g256_m1,down,2,0,256,1,56,0.0037391702952086175,0.0048465626112626425,0.19522327184677124,0.18559510131048565,0.004347819762991736,0.16277661077994854,131072,7340032,E11 energy-weighted P_N capture; frozen E20 construction
llama31_8b,E20_nar_g256_m1,down,2,1,256,1,56,0.0037388643376317166,0.004847990741174067,0.19522327184677124,0.18559510135472887,0.004349100929036838,0.163214424568199,131072,7340032,E11 energy-weighted P_N capture; frozen E20 construction
llama31_8b,E20_nar_g256_m1,down,2,2,256,1,56,0.0037396988181346213,0.004846299691529007,0.19522327184677124,0.18559510131810159,0.00434758389941054,0.1625492080613954,131072,7340032,E11 energy-weighted P_N capture; frozen E20 construction
llama31_8b,E20_nar_g256_m2,down,2,0,256,2,112,0.003647111886325914,0.0048465626112626425,0.24217794835567474,0.23028791756352557,0.004219076955069715,0.15682685000377,131072,7340032,E11 energy-weighted P_N capture; frozen E20 construction
llama31_8b,E20_nar_g256_m2,down,2,1,256,2,112,0.0036471020121427327,0.004847990741174067,0.24217794835567474,0.23028791825195535,0.004220320184649404,0.1571708634960545,131072,7340032,E11 energy-weighted P_N capture; frozen E20 construction
llama31_8b,E20_nar_g256_m2,down,2,2,256,2,112,0.003647299898490723,0.004846299691529007,0.24217794835567474,0.23028791786969122,0.004218848075618816,0.15670446440793181,131072,7340032,E11 energy-weighted P_N capture; frozen E20 construction
llama31_8b,E20_nar_g256_m3,down,2,0,256,3,168,0.003596689642165101,0.0048465626112626425,0.2723080515861511,0.2579431116216997,0.004134353548218477,0.14948854628716812,131072,7340032,E11 energy-weighted P_N capture; frozen E20 construction
llama31_8b,E20_nar_g256_m3,down,2,1,256,3,168,0.0035966230955333917,0.004847990741174067,0.2723080515861511,0.25794311092561095,0.0041355718124688745,0.14984853920467717,131072,7340032,E11 energy-weighted P_N capture; frozen E20 construction
llama31_8b,E20_nar_g256_m3,down,2,2,256,3,168,0.0035971154909777347,0.004846299691529007,0.2723080515861511,0.25794311158633204,0.004134129264902478,0.149290111833128,131072,7340032,E11 energy-weighted P_N capture; frozen E20 construction
llama31_8b,E20_nar_g128_m2,down,2,0,128,2,224,0.0032253931354240778,0.004464012682790778,0.29366716742515564,0.277599835459771,0.00375171739458068,0.16318142845163608,131072,14680064,E11 energy-weighted P_N capture; frozen E20 construction
llama31_8b,E20_nar_g128_m2,down,2,1,128,2,224,0.00322566257511563,0.0044640286451787204,0.29366716742515564,0.2775998354865277,0.003751730809947696,0.1630884268213356,131072,14680064,E11 energy-weighted P_N capture; frozen E20 construction
llama31_8b,E20_nar_g128_m2,down,2,2,128,2,224,0.0032256389333848346,0.004463835241097288,0.29366716742515564,0.27759983574600694,0.0037515682661764184,0.1630465602793609,131072,14680064,E11 energy-weighted P_N capture; frozen E20 construction
llama31_8b,E20_nar_g128_m2_c32,down,2,0,128,2,224,0.0032253931354240778,0.004464012682790778,0.29366716742515564,0.277599835459771,0.00375171739458068,0.16318142845163608,131072,14680064,E11 energy-weighted P_N capture; frozen E20 construction
llama31_8b,E20_nar_g128_m2_c32,down,2,1,128,2,224,0.00322566257511563,0.0044640286451787204,0.29366716742515564,0.2775998354865277,0.003751730809947696,0.1630884268213356,131072,14680064,E11 energy-weighted P_N capture; frozen E20 construction
llama31_8b,E20_nar_g128_m2_c32,down,2,2,128,2,224,0.0032256389333848346,0.004463835241097288,0.29366716742515564,0.27759983574600694,0.0037515682661764184,0.1630465602793609,131072,14680064,E11 energy-weighted P_N capture; frozen E20 construction
llama31_8b,E20_nar_g256_m3_c32,down,2,0,256,3,168,0.003596689642165101,0.0048465626112626425,0.2723080515861511,0.2579431116216997,0.004134353548218477,0.14948854628716812,131072,7340032,E11 energy-weighted P_N capture; frozen E20 construction
llama31_8b,E20_nar_g256_m3_c32,down,2,1,256,3,168,0.0035966230955333917,0.004847990741174067,0.2723080515861511,0.25794311092561095,0.0041355718124688745,0.14984853920467717,131072,7340032,E11 energy-weighted P_N capture; frozen E20 construction
llama31_8b,E20_nar_g256_m3_c32,down,2,2,256,3,168,0.0035971154909777347,0.004846299691529007,0.2723080515861511,0.25794311158633204,0.004134129264902478,0.149290111833128,131072,7340032,E11 energy-weighted P_N capture; frozen E20 construction
llama31_8b,E11_g64_kmax,qkv,3,0,64,1,64,0.08092138763174872,0.11212390498265812,0.46876374675864807,0.46282966747617993,0.08172257966947485,0.009900868746494332,131072,8388608,frozen E11 selected eigenvalue fractions
llama31_8b,E11_g64_kmax,qkv,3,1,64,1,64,0.08093855097107916,0.1119431996480631,0.46876374675864807,0.462829667421705,0.08159087085942739,0.00805944609239808,131072,8388608,frozen E11 selected eigenvalue fractions
llama31_8b,E11_g64_kmax,qkv,3,2,64,1,64,0.08093215490373495,0.11200920091780286,0.46876374675864807,0.46282966736954617,0.0816389765156247,0.008733507871259268,131072,8388608,frozen E11 selected eigenvalue fractions
llama31_8b,E11_g128_k8,qkv,3,0,128,1,8,0.10269385922457896,0.12448538261283915,0.2959167023129213,0.29617665673741006,0.1044552756577351,0.01715211061748234,131072,4194304,frozen E11 selected eigenvalue fractions
llama31_8b,E11_g128_k8,qkv,3,1,128,1,8,0.10272296354708832,0.1242867854033971,0.2959167023129213,0.2961766568302784,0.10428863339161745,0.015241673239026325,131072,4194304,frozen E11 selected eigenvalue fractions
llama31_8b,E11_g128_k8,qkv,3,2,128,1,8,0.10267809749246748,0.12428636071369148,0.2959167023129213,0.2961766568976096,0.10428827703588044,0.01568182097969901,131072,4194304,frozen E11 selected eigenvalue fractions
llama31_8b,E11_g128_k16,qkv,3,0,128,1,16,0.09907077186993796,0.12448538261283915,0.3462598255340895,0.3442939080750681,0.1006516608984354,0.01595716878609631,131072,4194304,frozen E11 selected eigenvalue fractions
llama31_8b,E11_g128_k16,qkv,3,1,128,1,16,0.0990613832048548,0.1242867854033971,0.3462598255340895,0.3442939080543603,0.10049108671245001,0.014432500953864526,131072,4194304,frozen E11 selected eigenvalue fractions
llama31_8b,E11_g128_k16,qkv,3,2,128,1,16,0.09910312725490167,0.12428636071369148,0.3462598255340895,0.3442939079661415,0.10049074333298376,0.014001738557785609,131072,4194304,frozen E11 selected eigenvalue fractions
llama31_8b,E11_g128_k32,qkv,3,0,128,1,32,0.09427043166858606,0.12448538261283915,0.4074618121522754,0.40320553749328153,0.09582449318482412,0.016485142676565517,131072,4194304,frozen E11 selected eigenvalue fractions
llama31_8b,E11_g128_k32,qkv,3,1,128,1,32,0.09425836353017214,0.1242867854033971,0.4074618121522754,0.4032055374182295,0.09567161999968969,0.01499343311922838,131072,4194304,frozen E11 selected eigenvalue fractions
llama31_8b,E11_g128_k32,qkv,3,2,128,1,32,0.09428909598455304,0.12428636071369148,0.4074618121522754,0.4032055373372379,0.09567129308840944,0.014659140480918775,131072,4194304,frozen E11 selected eigenvalue fractions
llama31_8b,E11_g128_kmax,qkv,3,0,128,1,32,0.0946230330213047,0.12448538261283915,0.40356490701606706,0.39936905907570003,0.09613907798142417,0.01602194425302475,131072,4194304,saved factor eigenvalue sum / calibration trace
llama31_8b,E11_g128_kmax,qkv,3,1,128,1,32,0.09466427266706479,0.1242867854033971,0.40356490701606706,0.3993690591216644,0.09598570292481352,0.013959123336807553,131072,4194304,saved factor eigenvalue sum / calibration trace
llama31_8b,E11_g128_kmax,qkv,3,2,128,1,32,0.09461081790428105,0.12428636071369148,0.40356490701606706,0.3993690591862733,0.09598537494030747,0.014528539827412474,131072,4194304,saved factor eigenvalue sum / calibration trace
llama31_8b,E11_g256_kmax,qkv,3,0,256,1,16,0.10824292458612028,0.1355599012742026,0.3462598255340895,0.34334972111070866,0.10960587442552612,0.01259158364962181,131072,2097152,frozen E11 selected eigenvalue fractions
llama31_8b,E11_g256_kmax,qkv,3,1,256,1,16,0.10817180881762667,0.13530454960720917,0.3462598255340895,0.34334972107589273,0.10939941187661781,0.011348641318005772,131072,2097152,frozen E11 selected eigenvalue fractions
llama31_8b,E11_g256_kmax,qkv,3,2,256,1,16,0.10821912146908552,0.1353126257822055,0.3462598255340895,0.3433497212561501,0.10940594180334515,0.01096682654736445,131072,2097152,frozen E11 selected eigenvalue fractions
llama31_8b,E20_hadamard_g64_m1,qkv,3,0,64,1,0,0.1121670161875028,0.1121670161875028,0.014451520517468452,0.02268704415592098,0.11135357465765999,-0.007252056419892865,131072,8388608,E11 energy-weighted P_N capture; frozen E20 construction
llama31_8b,E20_hadamard_g64_m1,qkv,3,1,64,1,0,0.11196163531111036,0.11196163531111036,0.014451519586145878,0.0226870441571965,0.11114968326748778,-0.007252055950829878,131072,8388608,E11 energy-weighted P_N capture; frozen E20 construction
llama31_8b,E20_hadamard_g64_m1,qkv,3,2,64,1,0,0.11203770178774475,0.11203770178774475,0.014451519586145878,0.022687044156051082,0.11122519810577763,-0.007252055950829845,131072,8388608,E11 energy-weighted P_N capture; frozen E20 construction
llama31_8b,E20_hadamard_g128_m1,qkv,3,0,128,1,0,0.12455035433387529,0.12455035433387529,0.0044745830819010735,0.008283250955925022,0.12427138646359875,-0.002239799892730313,131072,4194304,E11 energy-weighted P_N capture; frozen E20 construction
llama31_8b,E20_hadamard_g128_m1,qkv,3,1,128,1,0,0.12429128979210802,0.12429128979210802,0.0044745830819010735,0.008283250955430818,0.12401290217456434,-0.002239799892730298,131072,4194304,E11 energy-weighted P_N capture; frozen E20 construction
llama31_8b,E20_hadamard_g128_m1,qkv,3,2,128,1,0,0.12443859818059444,0.12443859818059444,0.0044745830819010735,0.00828325095682867,0.12415988062173804,-0.0022397998927302923,131072,4194304,E11 energy-weighted P_N capture; frozen E20 construction
llama31_8b,E20_hadamard_g256_m1,qkv,3,0,256,1,0,0.13557271923719227,0.13557271923719227,0.0039694299921393394,0.005870188826124328,0.13530337848017718,-0.0019866884615913705,131072,2097152,E11 energy-weighted P_N capture; frozen E20 construction
llama31_8b,E20_hadamard_g256_m1,qkv,3,1,256,1,0,0.13532038399294422,0.13532038399294422,0.003969429526478052,0.005870188826485884,0.13505154457901677,-0.0019866882282972126,131072,2097152,E11 energy-weighted P_N capture; frozen E20 construction
llama31_8b,E20_hadamard_g256_m1,qkv,3,2,256,1,0,0.13548432574168245,0.13548432574168245,0.0039694299921393394,0.005870188825853605,0.13521516059500496,-0.001986688461591401,131072,2097152,E11 energy-weighted P_N capture; frozen E20 construction
llama31_8b,E20_hadamard_g256_m2,qkv,3,0,256,2,0,0.13541011072690878,0.13557271923719227,0.0044745830819010735,0.008283251230540984,0.13526906347518766,-0.001041630133554661,131072,2097152,E11 energy-weighted P_N capture; frozen E20 construction
llama31_8b,E20_hadamard_g256_m2,qkv,3,1,256,2,0,0.13513958605202347,0.13532038399294422,0.0044745830819010735,0.008283251232889841,0.1350172934113926,-0.0009049357349947768,131072,2097152,E11 energy-weighted P_N capture; frozen E20 construction
llama31_8b,E20_hadamard_g256_m2,qkv,3,2,256,2,0,0.13531765095057935,0.13548432574168245,0.0044745830819010735,0.008283251232324868,0.1351808679634196,-0.0010108288623019374,131072,2097152,E11 energy-weighted P_N capture; frozen E20 construction
llama31_8b,E20_hadamard_g256_m3,qkv,3,0,256,3,0,0.13483744270296327,0.13557271923719227,0.010057525709271431,0.016114360448518703,0.13488923329528893,0.00038409651864836623,131072,2097152,E11 energy-weighted P_N capture; frozen E20 construction
llama31_8b,E20_hadamard_g256_m3,qkv,3,1,256,3,0,0.1345577434680365,0.13532038399294422,0.010057525709271431,0.01611436045110929,0.13463817019187466,0.0005977115977517533,131072,2097152,E11 energy-weighted P_N capture; frozen E20 construction
llama31_8b,E20_hadamard_g256_m3,qkv,3,2,256,3,0,0.1347780810211141,0.13548432574168245,0.010057525709271431,0.01611436045324451,0.1348012854330295,0.00017216754934917358,131072,2097152,E11 energy-weighted P_N capture; frozen E20 construction
llama31_8b,E20_hadamard_g128_m2,qkv,3,0,128,2,0,0.12364379370254142,0.12455035433387529,0.014451518654823303,0.022687043375533417,0.1236471082539723,2.6807260854932143e-05,131072,4194304,E11 energy-weighted P_N capture; frozen E20 construction
llama31_8b,E20_hadamard_g128_m2,qkv,3,1,128,2,0,0.12335377778498646,0.12429128979210802,0.014451518654823303,0.022687043375214974,0.12338992246263528,0.00029301638180726327,131072,4194304,E11 energy-weighted P_N capture; frozen E20 construction
llama31_8b,E20_hadamard_g128_m2,qkv,3,2,128,2,0,0.12347808059257659,0.12443859818059444,0.014451518654823303,0.02268704336695161,0.12353616256251546,0.0004703828376674546,131072,4194304,E11 energy-weighted P_N capture; frozen E20 construction
llama31_8b,E20_nar_g64_m1,qkv,3,0,64,1,64,0.07913412001053055,0.1121670161875028,0.4687637686729431,0.4628297342022549,0.08175399999688446,0.03310683161707331,131072,8388608,E11 energy-weighted P_N capture; frozen E20 construction
llama31_8b,E20_nar_g64_m1,qkv,3,1,64,1,64,0.07912949072873598,0.11196163531111036,0.4687637686729431,0.46282973424308577,0.0816043061854713,0.03127551351517278,131072,8388608,E11 energy-weighted P_N capture; frozen E20 construction
llama31_8b,E20_nar_g64_m1,qkv,3,2,64,1,64,0.07912908097840565,0.11203770178774475,0.4687637686729431,0.4628297342647292,0.08165974796275934,0.031981503551700576,131072,8388608,E11 energy-weighted P_N capture; frozen E20 construction
llama31_8b,E20_nar_g128_m1,qkv,3,0,128,1,32,0.09145327773025036,0.12455035433387529,0.4074617624282837,0.4032055973478397,0.0958745101657918,0.04834416595304823,131072,4194304,E11 energy-weighted P_N capture; frozen E20 construction
llama31_8b,E20_nar_g128_m1,qkv,3,1,128,1,32,0.09143867461879784,0.12429128979210802,0.4074617624282837,0.4032055974998468,0.09567509133494141,0.04633068812299529,131072,4194304,E11 energy-weighted P_N capture; frozen E20 construction
llama31_8b,E20_nar_g128_m1,qkv,3,2,128,1,32,0.09148106002897372,0.12443859818059444,0.40746182203292847,0.40320559752181234,0.0957884793667031,0.04708536757625175,131072,4194304,E11 energy-weighted P_N capture; frozen E20 construction
llama31_8b,E20_nar_g256_m1,qkv,3,0,256,1,16,0.1040877813568164,0.13557271923719227,0.3462597727775574,0.3433497910778793,0.10961624271001667,0.05311345175327085,131072,2097152,E11 energy-weighted P_N capture; frozen E20 construction
llama31_8b,E20_nar_g256_m1,qkv,3,1,256,1,16,0.10403238227618239,0.13532038399294422,0.3462597727775574,0.3433497911218123,0.10941221905737168,0.051713098013146004,131072,2097152,E11 energy-weighted P_N capture; frozen E20 construction
llama31_8b,E20_nar_g256_m1,qkv,3,2,256,1,16,0.10404087340792234,0.13548432574168245,0.3462597727775574,0.34334979116670467,0.10954477285301072,0.05290131911435177,131072,2097152,E11 energy-weighted P_N capture; frozen E20 construction
llama31_8b,E20_nar_g256_m2,qkv,3,0,256,2,32,0.09949349066140112,0.13557271923719227,0.4074617624282837,0.40320563555655936,0.10435914147516023,0.04890421254107996,131072,2097152,E11 energy-weighted P_N capture; frozen E20 construction
llama31_8b,E20_nar_g256_m2,qkv,3,1,256,2,32,0.09951155702542991,0.13532038399294422,0.4074617624282837,0.40320563551102434,0.10416490262237466,0.04676186099425213,131072,2097152,E11 energy-weighted P_N capture; frozen E20 construction
llama31_8b,E20_nar_g256_m2,qkv,3,2,256,2,32,0.09951879927022578,0.13548432574168245,0.4074617624282837,0.40320563542866206,0.10429109925136111,0.047953753623744926,131072,2097152,E11 energy-weighted P_N capture; frozen E20 construction
llama31_8b,E20_nar_g256_m3,qkv,3,0,256,3,48,0.09699039535395038,0.13557271923719227,0.4435536861419678,0.43824623581006783,0.10113091622150167,0.04269000917504403,131072,2097152,E11 energy-weighted P_N capture; frozen E20 construction
llama31_8b,E20_nar_g256_m3,qkv,3,1,256,3,48,0.09702746397370543,0.13532038399294422,0.44355371594429016,0.4382462354863051,0.1009426832122054,0.040351660016188784,131072,2097152,E11 energy-weighted P_N capture; frozen E20 construction
llama31_8b,E20_nar_g256_m3,qkv,3,2,256,3,48,0.09697630362866771,0.13548432574168245,0.44355371594429016,0.43824623580018895,0.10106497609609938,0.04216156230379345,131072,2097152,E11 energy-weighted P_N capture; frozen E20 construction
llama31_8b,E20_nar_g128_m2,qkv,3,0,128,2,64,0.08748578834306509,0.12455035433387529,0.46876370906829834,0.4628296885917563,0.09077971925400263,0.037651039938290214,131072,4194304,E11 energy-weighted P_N capture; frozen E20 construction
llama31_8b,E20_nar_g128_m2,qkv,3,1,128,2,64,0.08750106633782773,0.12429128979210802,0.46876370906829834,0.4628296881137226,0.09059089758026209,0.035311926719898676,131072,4194304,E11 energy-weighted P_N capture; frozen E20 construction
llama31_8b,E20_nar_g128_m2,qkv,3,2,128,2,64,0.08751363981326854,0.12443859818059444,0.4687637388706207,0.46282968821592907,0.09069826216670245,0.03639001143397835,131072,4194304,E11 energy-weighted P_N capture; frozen E20 construction
llama31_8b,E20_nar_g128_m2_c32,qkv,3,0,128,2,64,0.08748578834306509,0.12455035433387529,0.46876370906829834,0.4628296885917563,0.09077971925400263,0.037651039938290214,131072,4194304,E11 energy-weighted P_N capture; frozen E20 construction
llama31_8b,E20_nar_g128_m2_c32,qkv,3,1,128,2,64,0.08750106633782773,0.12429128979210802,0.46876370906829834,0.4628296881137226,0.09059089758026209,0.035311926719898676,131072,4194304,E11 energy-weighted P_N capture; frozen E20 construction
llama31_8b,E20_nar_g128_m2_c32,qkv,3,2,128,2,64,0.08751363981326854,0.12443859818059444,0.4687637388706207,0.46282968821592907,0.09069826216670245,0.03639001143397835,131072,4194304,E11 energy-weighted P_N capture; frozen E20 construction
llama31_8b,E20_nar_g256_m3_c32,qkv,3,0,256,3,48,0.09699039535395038,0.13557271923719227,0.4435536861419678,0.43824623581006783,0.10113091622150167,0.04269000917504403,131072,2097152,E11 energy-weighted P_N capture; frozen E20 construction
llama31_8b,E20_nar_g256_m3_c32,qkv,3,1,256,3,48,0.09702746397370543,0.13532038399294422,0.44355371594429016,0.4382462354863051,0.1009426832122054,0.040351660016188784,131072,2097152,E11 energy-weighted P_N capture; frozen E20 construction
llama31_8b,E20_nar_g256_m3_c32,qkv,3,2,256,3,48,0.09697630362866771,0.13548432574168245,0.44355371594429016,0.43824623580018895,0.10106497609609938,0.04216156230379345,131072,2097152,E11 energy-weighted P_N capture; frozen E20 construction
llama31_8b,E11_g64_kmax,down,3,0,64,1,224,0.004491942367576954,0.005780069113397076,0.27256979556806726,0.26127922534439385,0.004929793142335012,0.09747470891845922,131072,29360128,frozen E11 selected eigenvalue fractions
llama31_8b,E11_g64_kmax,down,3,1,64,1,224,0.004491449806526764,0.005779962454931818,0.27256979556806726,0.2612792253456091,0.004929702173843064,0.09757481129577626,131072,29360128,frozen E11 selected eigenvalue fractions
llama31_8b,E11_g64_kmax,down,3,2,64,1,224,0.004491877040866766,0.005779184454636821,0.27256979556806726,0.26127922529673014,0.004929038621133959,0.09732269523184388,131072,29360128,frozen E11 selected eigenvalue fractions
llama31_8b,E11_g128_k8,down,3,0,128,1,8,0.005517485413389652,0.0063976406380009355,0.08278112899511084,0.08114157661474024,0.0061271192419335724,0.11049124426581733,131072,14680064,frozen E11 selected eigenvalue fractions
llama31_8b,E11_g128_k8,down,3,1,128,1,8,0.005517589401822168,0.006397635184300492,0.08278112899511084,0.0811415765927125,0.006127114018840432,0.11046936852839578,131072,14680064,frozen E11 selected eigenvalue fractions
llama31_8b,E11_g128_k8,down,3,2,128,1,8,0.005517876441944204,0.006396354666235005,0.08278112899511084,0.08114157659714004,0.006125887646913243,0.11018934754450718,131072,14680064,frozen E11 selected eigenvalue fractions
llama31_8b,E11_g128_k16,down,3,0,128,1,16,0.0054318995643096646,0.0063976406380009355,0.10954494172935116,0.10714244153471726,0.006037064895210731,0.11140952142733082,131072,14680064,frozen E11 selected eigenvalue fractions
llama31_8b,E11_g128_k16,down,3,1,128,1,16,0.005431105251451153,0.006397635184300492,0.10954494172935116,0.10714244151966282,0.006037059748884866,0.11157112031143313,131072,14680064,frozen E11 selected eigenvalue fractions
llama31_8b,E11_g128_k16,down,3,2,128,1,16,0.005431521620787598,0.006396354666235005,0.10954494172935116,0.10714244153770819,0.006035851401761565,0.11126344018609205,131072,14680064,frozen E11 selected eigenvalue fractions
llama31_8b,E11_g128_k32,down,3,0,128,1,32,0.005352679757376101,0.0063976406380009355,0.14163586112732438,0.1356306826045842,0.0059272824677277965,0.10734860600615631,131072,14680064,frozen E11 selected eigenvalue fractions
llama31_8b,E11_g128_k32,down,3,1,128,1,32,0.005352597125433812,0.006397635184300492,0.14163586112732438,0.13563068256469196,0.005927277414986504,0.10736475697414191,131072,14680064,frozen E11 selected eigenvalue fractions
llama31_8b,E11_g128_k32,down,3,2,128,1,32,0.005352428428833322,0.006396354666235005,0.14163586112732438,0.13563068256292954,0.005926091041335867,0.10717800716628853,131072,14680064,frozen E11 selected eigenvalue fractions
llama31_8b,E11_g128_kmax,down,3,0,128,1,112,0.005196334043298033,0.0063976406380009355,0.2140444913986593,0.2050248086937372,0.0056717727635929565,0.09149502636538928,131072,14680064,saved factor eigenvalue sum / calibration trace
llama31_8b,E11_g128_kmax,down,3,1,128,1,112,0.005196096896108076,0.006397635184300492,0.2140444913986593,0.20502480869301828,0.005671767928662177,0.09154391114422507,131072,14680064,saved factor eigenvalue sum / calibration trace
llama31_8b,E11_g128_kmax,down,3,2,128,1,112,0.005196677307280588,0.006396354666235005,0.2140444913986593,0.20502480869906958,0.0056706326964886195,0.09120354433861337,131072,14680064,saved factor eigenvalue sum / calibration trace
llama31_8b,E11_g256_kmax,down,3,0,256,1,56,0.005860902603427246,0.0069636963205447055,0.17355506815990643,0.16183086879180128,0.006330627851379617,0.0801455474925812,131072,7340032,frozen E11 selected eigenvalue fractions
llama31_8b,E11_g256_kmax,down,3,1,256,1,56,0.005859897645856403,0.00696319885234956,0.17355506815990643,0.16183086882773592,0.006330175607934987,0.08025361371475864,131072,7340032,frozen E11 selected eigenvalue fractions
llama31_8b,E11_g256_kmax,down,3,2,256,1,56,0.0058603520855138634,0.006961963393119338,0.17355506815990643,0.16183086878899666,0.006329052464096992,0.07997819444017763,131072,7340032,frozen E11 selected eigenvalue fractions
llama31_8b,E20_hadamard_g64_m1,down,3,0,64,1,0,0.005780150812314985,0.005780150812314985,0.006345362868160009,0.017345266134042296,0.005761783051250034,-0.0031777304193892275,131072,29360128,E11 energy-weighted P_N capture; frozen E20 construction
llama31_8b,E20_hadamard_g64_m1,down,3,1,64,1,0,0.005779341204371073,0.005779341204371073,0.006345362868160009,0.017345266135275247,0.005760976016021914,-0.0031777304193892054,131072,29360128,E11 energy-weighted P_N capture; frozen E20 construction
llama31_8b,E20_hadamard_g64_m1,down,3,2,64,1,0,0.005779202731773784,0.005779202731773784,0.006345362868160009,0.017345266136273393,0.005760837983453209,-0.0031777304193891897,131072,29360128,E11 energy-weighted P_N capture; frozen E20 construction
llama31_8b,E20_hadamard_g128_m1,down,3,0,128,1,0,0.006397533365201388,0.006397533365201388,0.002303904388099909,0.00772061694010523,0.006390159462964303,-0.0011526164563978045,131072,14680064,E11 energy-weighted P_N capture; frozen E20 construction
llama31_8b,E20_hadamard_g128_m1,down,3,1,128,1,0,0.006396913676579035,0.006396913676579035,0.002303904388099909,0.007720616939238697,0.006389540488605254,-0.0011526164563976818,131072,14680064,E11 energy-weighted P_N capture; frozen E20 construction
llama31_8b,E20_hadamard_g128_m1,down,3,2,128,1,0,0.006396444853705671,0.006396444853705671,0.002303904388099909,0.0077206169402258724,0.0063890722061048484,-0.0011526164563978052,131072,14680064,E11 energy-weighted P_N capture; frozen E20 construction
llama31_8b,E20_hadamard_g256_m1,down,3,0,256,1,0,0.006963263868041374,0.006963263868041374,0.0009263972169719636,0.0034977584561493797,0.006960037746566563,-0.0004633059346805938,131072,7340032,E11 energy-weighted P_N capture; frozen E20 construction
llama31_8b,E20_hadamard_g256_m1,down,3,1,256,1,0,0.006962117743372552,0.006962117743372552,0.0009263971587643027,0.0034977584563922583,0.006958892153106821,-0.0004633059055632495,131072,7340032,E11 energy-weighted P_N capture; frozen E20 construction
llama31_8b,E20_hadamard_g256_m1,down,3,2,256,1,0,0.006961763850455739,0.006961763850455739,0.0009263971587643027,0.0034977584560422553,0.006958538424150686,-0.0004633059055632393,131072,7340032,E11 energy-weighted P_N capture; frozen E20 construction
llama31_8b,E20_hadamard_g256_m2,down,3,0,256,2,0,0.006947645257929632,0.006963263868041374,0.0023039046209305525,0.007720617200585754,0.006955237894705263,0.0010928359888503821,131072,7340032,E11 energy-weighted P_N capture; frozen E20 construction
llama31_8b,E20_hadamard_g256_m2,down,3,1,256,2,0,0.006946680770618029,0.006962117743372552,0.0023039046209305525,0.007720617204215847,0.006954093091078729,0.0010670305294655275,131072,7340032,E11 energy-weighted P_N capture; frozen E20 construction
llama31_8b,E20_hadamard_g256_m2,down,3,2,256,2,0,0.006946031575252468,0.006961763850455739,0.0023039046209305525,0.00772061720299629,0.006953739606064758,0.0011097028179013935,131072,7340032,E11 energy-weighted P_N capture; frozen E20 construction
llama31_8b,E20_hadamard_g256_m3,down,3,0,256,3,0,0.006928151610868001,0.006963263868041374,0.00465884804725647,0.013032004817204738,0.006947024537680165,0.002724092640028047,131072,7340032,E11 energy-weighted P_N capture; frozen E20 construction
llama31_8b,E20_hadamard_g256_m3,down,3,1,256,3,0,0.006926912481730734,0.006962117743372552,0.00465884804725647,0.013032004821051355,0.0069458810859385055,0.0027383923584714245,131072,7340032,E11 energy-weighted P_N capture; frozen E20 construction
llama31_8b,E20_hadamard_g256_m3,down,3,2,256,3,0,0.006926638931232227,0.006961763850455739,0.00465884804725647,0.013032004816831427,0.006945528018350747,0.002727020609281244,131072,7340032,E11 energy-weighted P_N capture; frozen E20 construction
llama31_8b,E20_hadamard_g128_m2,down,3,0,128,2,0,0.006364782798587447,0.006397533365201388,0.006345362402498722,0.01734526553943733,0.006377203730312021,0.0019515091272761008,131072,14680064,E11 energy-weighted P_N capture; frozen E20 construction
llama31_8b,E20_hadamard_g128_m2,down,3,1,128,2,0,0.006363767319714442,0.006396913676579035,0.006345362402498722,0.017345265540006226,0.006376586010892909,0.002014324304214579,131072,14680064,E11 energy-weighted P_N capture; frozen E20 construction
llama31_8b,E20_hadamard_g128_m2,down,3,2,128,2,0,0.006363782874621233,0.006396444853705671,0.006345362402498722,0.017345265542179644,0.0063761186778121415,0.001938438729596438,131072,14680064,E11 energy-weighted P_N capture; frozen E20 construction
llama31_8b,E20_nar_g64_m1,down,3,0,64,1,224,0.004425148692712895,0.005780150812314985,0.27256980538368225,0.2612792254636947,0.004929862789688419,0.11405585032807164,131072,29360128,E11 energy-weighted P_N capture; frozen E20 construction
llama31_8b,E20_nar_g64_m1,down,3,1,64,1,224,0.004424869103322293,0.005779341204371073,0.27256980538368225,0.26127922545195675,0.004929172278972258,0.11397019072752297,131072,29360128,E11 energy-weighted P_N capture; frozen E20 construction
llama31_8b,E20_nar_g64_m1,down,3,2,64,1,224,0.0044250714880993336,0.005779202731773784,0.27256980538368225,0.26127922540961634,0.004929054176360937,0.11389255283603901,131072,29360128,E11 energy-weighted P_N capture; frozen E20 construction
llama31_8b,E20_nar_g128_m1,down,3,0,128,1,112,0.005075814749246522,0.006397533365201388,0.22089643776416779,0.2130806408353272,0.005646900749154608,0.11251119832394603,131072,14680064,E11 energy-weighted P_N capture; frozen E20 construction
llama31_8b,E20_nar_g128_m1,down,3,1,128,1,112,0.005075708125849644,0.006396913676579035,0.22089643776416779,0.2130806408598728,0.005646353769569501,0.11242680421548747,131072,14680064,E11 energy-weighted P_N capture; frozen E20 construction
llama31_8b,E20_nar_g128_m1,down,3,2,128,1,112,0.0050759183795470175,0.006396444853705671,0.22089643776416779,0.21308064085061487,0.0056459399544186144,0.11229920031189833,131072,14680064,E11 energy-weighted P_N capture; frozen E20 construction
llama31_8b,E20_nar_g256_m1,down,3,0,256,1,56,0.005737289797333995,0.006963263868041374,0.17355507612228394,0.16183086907939137,0.0063302346825668205,0.10334930013616445,131072,7340032,E11 energy-weighted P_N capture; frozen E20 construction
llama31_8b,E20_nar_g256_m1,down,3,1,256,1,56,0.005737187983873364,0.006962117743372552,0.17355507612228394,0.16183086909913955,0.006329192751905192,0.10318727043560208,131072,7340032,E11 energy-weighted P_N capture; frozen E20 construction
llama31_8b,E20_nar_g256_m1,down,3,2,256,1,56,0.005738386347670876,0.006961763850455739,0.17355507612228394,0.16183086908508226,0.0063288710313358755,0.10290082401033664,131072,7340032,E11 energy-weighted P_N capture; frozen E20 construction
llama31_8b,E20_nar_g256_m2,down,3,0,256,2,112,0.0056040136471454905,0.006963263868041374,0.22089643776416779,0.21308066062492742,0.006146253205475274,0.09675914308416848,131072,7340032,E11 energy-weighted P_N capture; frozen E20 construction
llama31_8b,E20_nar_g256_m2,down,3,1,256,2,112,0.005604402827794032,0.006962117743372552,0.22089643776416779,0.213080660396821,0.006145241557410069,0.09650247247286439,131072,7340032,E11 energy-weighted P_N capture; frozen E20 construction
llama31_8b,E20_nar_g256_m2,down,3,2,256,2,112,0.005604436576353503,0.006961763850455739,0.22089643776416779,0.21308066035922996,0.006144929187303811,0.09644013338125354,131072,7340032,E11 energy-weighted P_N capture; frozen E20 construction
llama31_8b,E20_nar_g256_m3,down,3,0,256,3,168,0.005523518854687421,0.006963263868041374,0.25122275948524475,0.241726885310039,0.006025445608366833,0.09087083196130709,131072,7340032,E11 energy-weighted P_N capture; frozen E20 construction
llama31_8b,E20_nar_g256_m3,down,3,1,256,3,168,0.0055239700300024975,0.006962117743372552,0.25122272968292236,0.24172688530930883,0.006024453964627155,0.09060221759103773,131072,7340032,E11 energy-weighted P_N capture; frozen E20 construction
llama31_8b,E20_nar_g256_m3,down,3,2,256,3,168,0.005523870322496714,0.006961763850455739,0.25122272968292236,0.2417268853934465,0.00602414773430122,0.09056646564765611,131072,7340032,E11 energy-weighted P_N capture; frozen E20 construction
llama31_8b,E20_nar_g128_m2,down,3,0,128,2,224,0.004960234584035601,0.006397533365201388,0.27256980538368225,0.2612791995183713,0.00545642539563166,0.10003373896731368,131072,14680064,E11 energy-weighted P_N capture; frozen E20 construction
llama31_8b,E20_nar_g128_m2,down,3,1,128,2,224,0.004960330545024162,0.006396913676579035,0.27256977558135986,0.2612791995031148,0.005455896977952373,0.09990592933878703,131072,14680064,E11 energy-weighted P_N capture; frozen E20 construction
llama31_8b,E20_nar_g128_m2,down,3,2,128,2,224,0.0049599961601153875,0.006396444853705671,0.27256977558135986,0.2612791994640698,0.005455497121173416,0.0998994646492834,131072,14680064,E11 energy-weighted P_N capture; frozen E20 construction
llama31_8b,E20_nar_g128_m2_c32,down,3,0,128,2,224,0.004960234584035601,0.006397533365201388,0.27256980538368225,0.2612791995183713,0.00545642539563166,0.10003373896731368,131072,14680064,E11 energy-weighted P_N capture; frozen E20 construction
llama31_8b,E20_nar_g128_m2_c32,down,3,1,128,2,224,0.004960330545024162,0.006396913676579035,0.27256977558135986,0.2612791995031148,0.005455896977952373,0.09990592933878703,131072,14680064,E11 energy-weighted P_N capture; frozen E20 construction
llama31_8b,E20_nar_g128_m2_c32,down,3,2,128,2,224,0.0049599961601153875,0.006396444853705671,0.27256977558135986,0.2612791994640698,0.005455497121173416,0.0998994646492834,131072,14680064,E11 energy-weighted P_N capture; frozen E20 construction
llama31_8b,E20_nar_g256_m3_c32,down,3,0,256,3,168,0.005523518854687421,0.006963263868041374,0.25122275948524475,0.241726885310039,0.006025445608366833,0.09087083196130709,131072,7340032,E11 energy-weighted P_N capture; frozen E20 construction
llama31_8b,E20_nar_g256_m3_c32,down,3,1,256,3,168,0.0055239700300024975,0.006962117743372552,0.25122272968292236,0.24172688530930883,0.006024453964627155,0.09060221759103773,131072,7340032,E11 energy-weighted P_N capture; frozen E20 construction
llama31_8b,E20_nar_g256_m3_c32,down,3,2,256,3,168,0.005523870322496714,0.006961763850455739,0.25122272968292236,0.2417268853934465,0.00602414773430122,0.09056646564765611,131072,7340032,E11 energy-weighted P_N capture; frozen E20 construction
llama31_8b,E11_g64_kmax,qkv,4,0,64,1,64,0.07587691262520613,0.11079752093449846,0.5285436196713308,0.521456087087413,0.07607654868740477,0.00263105146600706,131072,8388608,frozen E11 selected eigenvalue fractions
llama31_8b,E11_g64_kmax,qkv,4,1,64,1,64,0.07588213171135516,0.11077524833928143,0.5285436196713308,0.5214560871559153,0.07606125572633368,0.002360555916640342,131072,8388608,frozen E11 selected eigenvalue fractions
llama31_8b,E11_g64_kmax,qkv,4,2,64,1,64,0.07589017646317986,0.11088100257481459,0.5285436196713308,0.5214560870182159,0.07613386942003893,0.0032111265016929037,131072,8388608,frozen E11 selected eigenvalue fractions
llama31_8b,E11_g128_k8,qkv,4,0,128,1,8,0.09773840283440016,0.12311977150962505,0.338951776500628,0.3375699681483889,0.10010237281474295,0.024186705652926428,131072,4194304,frozen E11 selected eigenvalue fractions
llama31_8b,E11_g128_k8,qkv,4,1,128,1,8,0.09772934192839067,0.12300830705660637,0.338951776500628,0.337569968129626,0.1000117467837257,0.02335434589345149,131072,4194304,frozen E11 selected eigenvalue fractions
llama31_8b,E11_g128_k8,qkv,4,2,128,1,8,0.0977760070515723,0.12318602520678112,0.338951776500628,0.33756996838600817,0.10015624029850898,0.02434373542868459,131072,4194304,frozen E11 selected eigenvalue fractions
llama31_8b,E11_g128_k16,qkv,4,0,128,1,16,0.09411951629386106,0.12311977150962505,0.3929987898363227,0.39023871584899844,0.09592296165749413,0.019161226434720836,131072,4194304,frozen E11 selected eigenvalue fractions
llama31_8b,E11_g128_k16,qkv,4,1,128,1,16,0.09410467519551524,0.12300830705660637,0.3929987898363227,0.39023871602525406,0.09583611938738604,0.018399130418052932,131072,4194304,frozen E11 selected eigenvalue fractions
llama31_8b,E11_g128_k16,qkv,4,2,128,1,16,0.09413592296319884,0.12318602520678112,0.3929987898363227,0.3902387159907996,0.09597458010004031,0.01953193933797488,131072,4194304,frozen E11 selected eigenvalue fractions
llama31_8b,E11_g128_k32,qkv,4,0,128,1,32,0.08947033395076476,0.12311977150962505,0.45847207412972907,0.4526429499689242,0.09060209282711548,0.012649543445020872,131072,4194304,frozen E11 selected eigenvalue fractions
llama31_8b,E11_g128_k32,qkv,4,1,128,1,32,0.08946759932169623,0.12300830705660637,0.45847207412972907,0.45264294998406945,0.09052006771778093,0.011763682093451076,131072,4194304,frozen E11 selected eigenvalue fractions
llama31_8b,E11_g128_k32,qkv,4,2,128,1,32,0.08946467335326647,0.12318602520678112,0.45847207412972907,0.45264295004710875,0.09065084798273568,0.013258581124925131,131072,4194304,frozen E11 selected eigenvalue fractions
llama31_8b,E11_g128_kmax,qkv,4,0,128,1,32,0.08974370112332064,0.12311977150962505,0.4549681547500599,0.44939102790559926,0.09089473752623038,0.012825818285876724,131072,4194304,saved factor eigenvalue sum / calibration trace
llama31_8b,E11_g128_kmax,qkv,4,1,128,1,32,0.08974606486164838,0.12300830705660637,0.4549681547500599,0.44939102803673264,0.09081244747584764,0.011882221419325628,131072,4194304,saved factor eigenvalue sum / calibration trace
llama31_8b,E11_g128_kmax,qkv,4,2,128,1,32,0.08975449589110207,0.12318602520678112,0.4549681547500599,0.4493910278936668,0.09094365016097054,0.013248966060833962,131072,4194304,saved factor eigenvalue sum / calibration trace
llama31_8b,E11_g256_kmax,qkv,4,0,256,1,16,0.10302920276441618,0.13405674126102696,0.3929987898363227,0.38937327338806477,0.10444398567540243,0.013731863132254385,131072,2097152,frozen E11 selected eigenvalue fractions
llama31_8b,E11_g256_kmax,qkv,4,1,256,1,16,0.10307279492399246,0.1339533646288409,0.3929987898363227,0.3893732734033119,0.104363444649344,0.012521730164620834,131072,2097152,frozen E11 selected eigenvalue fractions
llama31_8b,E11_g256_kmax,qkv,4,2,256,1,16,0.10303949639816778,0.13409578312732862,0.3929987898363227,0.38937327339558364,0.10447440330368725,0.01392579501722972,131072,2097152,frozen E11 selected eigenvalue fractions
llama31_8b,E20_hadamard_g64_m1,qkv,4,0,64,1,0,0.11078962708268181,0.11078962708268181,0.020125282928347588,0.027270306494714933,0.10966912452597823,-0.010113785795734787,131072,8388608,E11 energy-weighted P_N capture; frozen E20 construction
llama31_8b,E20_hadamard_g64_m1,qkv,4,1,64,1,0,0.11065770402292374,0.11065770402292374,0.020125284790992737,0.027270306495971952,0.1095385356036771,-0.010113786736572768,131072,8388608,E11 energy-weighted P_N capture; frozen E20 construction
llama31_8b,E20_hadamard_g64_m1,qkv,4,2,64,1,0,0.11075573466754163,0.11075573466754163,0.020125284790992737,0.02727030649352225,0.10963557478726167,-0.010113786736572771,131072,8388608,E11 energy-weighted P_N capture; frozen E20 construction
llama31_8b,E20_hadamard_g128_m1,qkv,4,0,128,1,0,0.12312204261666615,0.12312204261666615,0.007567916996777058,0.010899545739021795,0.12265526911417891,-0.003791144888170108,131072,4194304,E11 energy-weighted P_N capture; frozen E20 construction
llama31_8b,E20_hadamard_g128_m1,qkv,4,1,128,1,0,0.1228559120506425,0.1228559120506425,0.007567917462438345,0.010899545736059857,0.12239014745897675,-0.0037911451218868367,131072,4194304,E11 energy-weighted P_N capture; frozen E20 construction
llama31_8b,E20_hadamard_g128_m1,qkv,4,2,128,1,0,0.12305405263293423,0.12305405263293423,0.007567917928099632,0.010899545736601299,0.1225875368328067,-0.0037911453556034765,131072,4194304,E11 energy-weighted P_N capture; frozen E20 construction
llama31_8b,E20_hadamard_g256_m1,qkv,4,0,256,1,0,0.13403534220753954,0.13403534220753954,0.007140832953155041,0.00885722585818464,0.1335559228164573,-0.003576813273173136,131072,2097152,E11 energy-weighted P_N capture; frozen E20 construction
llama31_8b,E20_hadamard_g256_m1,qkv,4,1,256,1,0,0.13371297201239685,0.13371297201239685,0.007140833418816328,0.008857225856645123,0.13323470564806325,-0.003576813506839522,131072,2097152,E11 energy-weighted P_N capture; frozen E20 construction
llama31_8b,E20_hadamard_g256_m1,qkv,4,2,256,1,0,0.13391503566866092,0.13391503566866092,0.007140833418816328,0.008857225856076094,0.13343604656031235,-0.0035768135068395416,131072,2097152,E11 energy-weighted P_N capture; frozen E20 construction
llama31_8b,E20_hadamard_g256_m2,qkv,4,0,256,2,0,0.13389034816326983,0.13403534220753954,0.007567917928099632,0.01089954610494366,0.1335271947424427,-0.0027123196392341,131072,2097152,E11 energy-weighted P_N capture; frozen E20 construction
llama31_8b,E20_hadamard_g256_m2,qkv,4,1,256,2,0,0.13356493759138033,0.13371297201239685,0.007567918859422207,0.01089954610518214,0.1332060466370662,-0.0026870147269644627,131072,2097152,E11 energy-weighted P_N capture; frozen E20 construction
llama31_8b,E20_hadamard_g256_m2,qkv,4,2,256,2,0,0.13378149464017852,0.13391503566866092,0.007567918859422207,0.01089954610690848,0.13340734424054385,-0.0027967276090089953,131072,2097152,E11 energy-weighted P_N capture; frozen E20 construction
llama31_8b,E20_hadamard_g256_m3,qkv,4,0,256,3,0,0.13342419683026918,0.13403534220753954,0.012067382223904133,0.01724470046371279,0.13322415971452906,-0.0014992566602787648,131072,2097152,E11 energy-weighted P_N capture; frozen E20 construction
llama31_8b,E20_hadamard_g256_m3,qkv,4,1,256,3,0,0.1331332184474725,0.13371297201239685,0.012067381292581558,0.017244700465741676,0.13290374056789925,-0.0017236710886231103,131072,2097152,E11 energy-weighted P_N capture; frozen E20 construction
llama31_8b,E20_hadamard_g256_m3,qkv,4,2,256,3,0,0.13332971844705455,0.13391503566866092,0.012067382223904133,0.017244700470090656,0.13310458127136401,-0.0016885745977175686,131072,2097152,E11 energy-weighted P_N capture; frozen E20 construction
llama31_8b,E20_hadamard_g128_m2,qkv,4,0,128,2,0,0.12207340607824158,0.12312204261666615,0.02012528106570244,0.02727030554809147,0.12187681276674575,-0.0016104515947545509,131072,4194304,E11 energy-weighted P_N capture; frozen E20 construction
llama31_8b,E20_hadamard_g128_m2,qkv,4,1,128,2,0,0.12182311518761502,0.1228559120506425,0.020125284790992737,0.027270305560009304,0.12161337355683516,-0.0017216899309859498,131072,4194304,E11 energy-weighted P_N capture; frozen E20 construction
llama31_8b,E20_hadamard_g128_m2,qkv,4,2,128,2,0,0.12199264980541358,0.12305405263293423,0.020125282928347588,0.027270305554859375,0.12180951030330767,-0.001501233905469149,131072,4194304,E11 energy-weighted P_N capture; frozen E20 construction
llama31_8b,E20_nar_g64_m1,qkv,4,0,64,1,64,0.07310719026715307,0.11078962708268181,0.5285435914993286,0.5214561282605856,0.0760711308299149,0.04054239469374778,131072,8388608,E11 energy-weighted P_N capture; frozen E20 construction
llama31_8b,E20_nar_g64_m1,qkv,4,1,64,1,64,0.07311237020813244,0.11065770402292374,0.5285435914993286,0.5214561284160432,0.07598054891712583,0.03922973227141195,131072,8388608,E11 energy-weighted P_N capture; frozen E20 construction
llama31_8b,E20_nar_g64_m1,qkv,4,2,64,1,64,0.07311856521125315,0.11075573466754163,0.5285435914993286,0.521456128473035,0.07604785938822708,0.040062249149865815,131072,8388608,E11 energy-weighted P_N capture; frozen E20 construction
llama31_8b,E20_nar_g128_m1,qkv,4,0,128,1,32,0.0850543658068208,0.12312204261666615,0.45847201347351074,0.45264297465230613,0.09060376917679731,0.06524536768142583,131072,4194304,E11 energy-weighted P_N capture; frozen E20 construction
llama31_8b,E20_nar_g128_m1,qkv,4,1,128,1,32,0.08506251467807369,0.1228559120506425,0.45847201347351074,0.4526429747243275,0.0904079274585928,0.06284099171943464,131072,4194304,E11 energy-weighted P_N capture; frozen E20 construction
llama31_8b,E20_nar_g128_m1,qkv,4,2,128,1,32,0.08504062680386681,0.12305405263293423,0.45847201347351074,0.4526429747263395,0.09055373630972119,0.06482912594905395,131072,4194304,E11 energy-weighted P_N capture; frozen E20 construction
llama31_8b,E20_nar_g256_m1,qkv,4,0,256,1,16,0.0965185033473297,0.13403534220753954,0.39299872517585754,0.38937331352963694,0.10442731917443274,0.08194092897029827,131072,2097152,E11 energy-weighted P_N capture; frozen E20 construction
llama31_8b,E20_nar_g256_m1,qkv,4,1,256,1,16,0.09649245451564159,0.13371297201239685,0.39299875497817993,0.3893733133043258,0.10417615707428675,0.07963008711110792,131072,2097152,E11 energy-weighted P_N capture; frozen E20 construction
llama31_8b,E20_nar_g256_m1,qkv,4,2,256,1,16,0.09660062005044612,0.13391503566866092,0.39299869537353516,0.38937331342200193,0.10433359056653571,0.08005094079159465,131072,2097152,E11 energy-weighted P_N capture; frozen E20 construction
llama31_8b,E20_nar_g256_m2,qkv,4,0,256,2,32,0.09256695839587703,0.13403534220753954,0.45847201347351074,0.4526430179797923,0.09863471193955883,0.0655498857133461,131072,2097152,E11 energy-weighted P_N capture; frozen E20 construction
llama31_8b,E20_nar_g256_m2,qkv,4,1,256,2,32,0.09259360569065933,0.13371297201239685,0.45847201347351074,0.4526430179047476,0.09839748427398862,0.06268120287613738,131072,2097152,E11 energy-weighted P_N capture; frozen E20 construction
llama31_8b,E20_nar_g256_m2,qkv,4,2,256,2,32,0.09253331952247379,0.13391503566866092,0.45847201347351074,0.45264301794056894,0.09854618005974787,0.0649804910091194,131072,2097152,E11 energy-weighted P_N capture; frozen E20 construction
llama31_8b,E20_nar_g256_m3,qkv,4,0,256,3,48,0.08994789947577075,0.13403534220753954,0.49964120984077454,0.49322067512241025,0.09481129845778004,0.05406906676369176,131072,2097152,E11 energy-weighted P_N capture; frozen E20 construction
llama31_8b,E20_nar_g256_m3,qkv,4,1,256,3,48,0.08997188981175164,0.13371297201239685,0.49964120984077454,0.4932206751405076,0.09458326653513802,0.05125352744101265,131072,2097152,E11 energy-weighted P_N capture; frozen E20 construction
llama31_8b,E20_nar_g256_m3,qkv,4,2,256,3,48,0.09000447019047542,0.13391503566866092,0.49964115023612976,0.4932206751439638,0.09472620401373967,0.05246110346821334,131072,2097152,E11 energy-weighted P_N capture; frozen E20 construction
llama31_8b,E20_nar_g128_m2,qkv,4,0,128,2,64,0.08097147057870746,0.12312204261666615,0.5285435914993286,0.5214560766304372,0.08453889825758634,0.04405783485692286,131072,4194304,E11 energy-weighted P_N capture; frozen E20 construction
llama31_8b,E20_nar_g128_m2,qkv,4,1,128,2,64,0.0809581353857225,0.1228559120506425,0.5285435914993286,0.5214560759763806,0.08435616586973639,0.041972687090977144,131072,4194304,E11 energy-weighted P_N capture; frozen E20 construction
llama31_8b,E20_nar_g128_m2,qkv,4,2,128,2,64,0.0809686028156551,0.12305405263293423,0.5285435318946838,0.5214560758686732,0.08449221985137864,0.04351831343497332,131072,4194304,E11 energy-weighted P_N capture; frozen E20 construction
llama31_8b,E20_nar_g128_m2_c32,qkv,4,0,128,2,64,0.08097147057870746,0.12312204261666615,0.5285435914993286,0.5214560766304372,0.08453889825758634,0.04405783485692286,131072,4194304,E11 energy-weighted P_N capture; frozen E20 construction
llama31_8b,E20_nar_g128_m2_c32,qkv,4,1,128,2,64,0.0809581353857225,0.1228559120506425,0.5285435914993286,0.5214560759763806,0.08435616586973639,0.041972687090977144,131072,4194304,E11 energy-weighted P_N capture; frozen E20 construction
llama31_8b,E20_nar_g128_m2_c32,qkv,4,2,128,2,64,0.0809686028156551,0.12305405263293423,0.5285435318946838,0.5214560758686732,0.08449221985137864,0.04351831343497332,131072,4194304,E11 energy-weighted P_N capture; frozen E20 construction
llama31_8b,E20_nar_g256_m3_c32,qkv,4,0,256,3,48,0.08994789947577075,0.13403534220753954,0.49964120984077454,0.49322067512241025,0.09481129845778004,0.05406906676369176,131072,2097152,E11 energy-weighted P_N capture; frozen E20 construction
llama31_8b,E20_nar_g256_m3_c32,qkv,4,1,256,3,48,0.08997188981175164,0.13371297201239685,0.49964120984077454,0.4932206751405076,0.09458326653513802,0.05125352744101265,131072,2097152,E11 energy-weighted P_N capture; frozen E20 construction
llama31_8b,E20_nar_g256_m3_c32,qkv,4,2,256,3,48,0.09000447019047542,0.13391503566866092,0.49964115023612976,0.4932206751439638,0.09472620401373967,0.05246110346821334,131072,2097152,E11 energy-weighted P_N capture; frozen E20 construction
llama31_8b,E11_g64_kmax,down,4,0,64,1,224,0.0061303581879856095,0.007838352432927733,0.2801653758829741,0.25352415014598834,0.006650298709470061,0.08481405254646299,131072,29360128,frozen E11 selected eigenvalue fractions
llama31_8b,E11_g64_kmax,down,4,1,64,1,224,0.0061302470071512094,0.007837521475818463,0.2801653758829741,0.2535241501019724,0.006649593699962171,0.08471872213389126,131072,29360128,frozen E11 selected eigenvalue fractions
llama31_8b,E11_g64_kmax,down,4,2,64,1,224,0.006130559968990721,0.007836692661297131,0.2801653758829741,0.2535241501139269,0.0066488905082916295,0.08454864513563218,131072,29360128,frozen E11 selected eigenvalue fractions
llama31_8b,E11_g128_k8,down,4,0,128,1,8,0.0075608899894026305,0.008666018387385645,0.0789279278336801,0.07401439679830994,0.008316994481218285,0.10000204908091684,131072,14680064,frozen E11 selected eigenvalue fractions
llama31_8b,E11_g128_k8,down,4,1,128,1,8,0.007561043105709407,0.008665124112378011,0.0789279278336801,0.07401439676212988,0.008316136223138195,0.09986626274602389,131072,14680064,frozen E11 selected eigenvalue fractions
llama31_8b,E11_g128_k8,down,4,2,128,1,8,0.007560644533603516,0.008663943525859894,0.0789279278336801,0.07401439677223595,0.008315003184744223,0.09977438402082486,131072,14680064,frozen E11 selected eigenvalue fractions
llama31_8b,E11_g128_k16,down,4,0,128,1,16,0.007451010208412513,0.008666018387385645,0.10677888909714373,0.10119500257494453,0.008190286533432097,0.09921826763636814,131072,14680064,frozen E11 selected eigenvalue fractions
llama31_8b,E11_g128_k16,down,4,1,128,1,16,0.007451079419568415,0.008665124112378011,0.10677888909714373,0.10119500255555076,0.008189441350762872,0.0990946263779356,131072,14680064,frozen E11 selected eigenvalue fractions
llama31_8b,E11_g128_k16,down,4,2,128,1,16,0.007450741765400678,0.008663943525859894,0.10677888909714373,0.1011950025381544,0.008188325574009506,0.09899468158109803,131072,14680064,frozen E11 selected eigenvalue fractions
llama31_8b,E11_g128_k32,down,4,0,128,1,32,0.007331509029082021,0.008666018387385645,0.14235908258430174,0.13088438720994816,0.00802550468365508,0.09465931935979004,131072,14680064,frozen E11 selected eigenvalue fractions
llama31_8b,E11_g128_k32,down,4,1,128,1,32,0.0073327147104026115,0.008665124112378011,0.14235908258430174,0.13088438720256354,0.008024676505368188,0.09436638711498208,131072,14680064,frozen E11 selected eigenvalue fractions
llama31_8b,E11_g128_k32,down,4,2,128,1,32,0.007331694125847872,0.008663943525859894,0.14235908258430174,0.13088438722640539,0.008023583177128266,0.09436960126870826,131072,14680064,frozen E11 selected eigenvalue fractions
llama31_8b,E11_g128_kmax,down,4,0,128,1,112,0.007091155790514487,0.008666018387385645,0.21988387968299336,0.1981397657636347,0.007654189890501213,0.0793994824849104,131072,14680064,saved factor eigenvalue sum / calibration trace
llama31_8b,E11_g128_kmax,down,4,1,128,1,112,0.007091919881899825,0.008665124112378011,0.21988387968299336,0.1981397657770644,0.007653400029411982,0.07917181198636779,131072,14680064,saved factor eigenvalue sum / calibration trace
llama31_8b,E11_g128_kmax,down,4,2,128,1,112,0.007091980526550658,0.008663943525859894,0.21988387968299336,0.1981397657655766,0.007652357286021893,0.07901555247836914,131072,14680064,saved factor eigenvalue sum / calibration trace
llama31_8b,E11_g256_kmax,down,4,0,256,1,56,0.007992398377990626,0.009428203306942226,0.17718995669230778,0.16044184619831403,0.008552217375551343,0.07004393063067771,131072,7340032,frozen E11 selected eigenvalue fractions
llama31_8b,E11_g256_kmax,down,4,1,256,1,56,0.007992188206858606,0.009427475509073333,0.17718995669230778,0.16044184622506902,0.008551557198274972,0.06998946683166653,131072,7340032,frozen E11 selected eigenvalue fractions
llama31_8b,E11_g256_kmax,down,4,2,256,1,56,0.007992037123087301,0.00942605600442741,0.17718995669230778,0.16044184627038446,0.008550269581546492,0.06984858176478886,131072,7340032,frozen E11 selected eigenvalue fractions
llama31_8b,E20_hadamard_g64_m1,down,4,0,64,1,0,0.007837868901491232,0.007837868901491232,0.0035833169240504503,0.01503308453074037,0.007823813514823558,-0.0017932663641516207,131072,29360128,E11 energy-weighted P_N capture; frozen E20 construction
llama31_8b,E20_hadamard_g64_m1,down,4,1,64,1,0,0.00783753724240223,0.00783753724240223,0.0035833169240504503,0.015033084532310868,0.007823482450487645,-0.0017932663641516053,131072,29360128,E11 energy-weighted P_N capture; frozen E20 construction
llama31_8b,E20_hadamard_g64_m1,down,4,2,64,1,0,0.007837698082293565,0.007837698082293565,0.0035833169240504503,0.015033084531720605,0.007823643001950212,-0.0017932663641515845,131072,29360128,E11 energy-weighted P_N capture; frozen E20 construction
llama31_8b,E20_hadamard_g128_m1,down,4,0,128,1,0,0.008665150906850796,0.008665150906850796,0.0014779528137296438,0.007226564354760569,0.008658745197059343,-0.0007392496518886767,131072,14680064,E11 energy-weighted P_N capture; frozen E20 construction
llama31_8b,E20_hadamard_g128_m1,down,4,1,128,1,0,0.008665023470694866,0.008665023470694866,0.0014779528137296438,0.007226564354571247,0.008658617855110547,-0.0007392496518887338,131072,14680064,E11 energy-weighted P_N capture; frozen E20 construction
llama31_8b,E20_hadamard_g128_m1,down,4,2,128,1,0,0.008665196679618308,0.008665196679618308,0.0014779528137296438,0.007226564355054653,0.008658790935989352,-0.0007392496518888533,131072,14680064,E11 energy-weighted P_N capture; frozen E20 construction
llama31_8b,E20_hadamard_g256_m1,down,4,0,256,1,0,0.009427728738413623,0.009427728738413623,0.000697698793374002,0.00355125090931645,0.009424439307072917,-0.0003489102658738335,131072,7340032,E11 energy-weighted P_N capture; frozen E20 construction
llama31_8b,E20_hadamard_g256_m1,down,4,1,256,1,0,0.009427449953015619,0.009427449953015619,0.000697698793374002,0.003551250909506212,0.009424160618946,-0.00034891026587386754,131072,7340032,E11 energy-weighted P_N capture; frozen E20 construction
llama31_8b,E20_hadamard_g256_m1,down,4,2,256,1,0,0.009428166144908426,0.009428166144908426,0.000697698793374002,0.0035512509105700227,0.009424876560952103,-0.0003489102658738259,131072,7340032,E11 energy-weighted P_N capture; frozen E20 construction
llama31_8b,E20_hadamard_g256_m2,down,4,0,256,2,0,0.009409595536560258,0.009427728738413623,0.0014779528137296438,0.007226564603107084,0.00942075929322565,0.0011864225855421399,131072,7340032,E11 energy-weighted P_N capture; frozen E20 construction
llama31_8b,E20_hadamard_g256_m2,down,4,1,256,2,0,0.009409319975575687,0.009427449953015619,0.0014779529301449656,0.0072265646025977594,0.009420480713370497,0.001186136492730594,131072,7340032,E11 energy-weighted P_N capture; frozen E20 construction
llama31_8b,E20_hadamard_g256_m2,down,4,2,256,2,0,0.00940989736164753,0.009428166144908426,0.0014779528137296438,0.007226564600646481,0.009421196376367853,0.0012007585509248284,131072,7340032,E11 energy-weighted P_N capture; frozen E20 construction
llama31_8b,E20_hadamard_g256_m3,down,4,0,256,3,0,0.009393459187271207,0.009427728738413623,0.0022023816127330065,0.010443971531462662,0.009417341287766905,0.002542418082580255,131072,7340032,E11 energy-weighted P_N capture; frozen E20 construction
llama31_8b,E20_hadamard_g256_m3,down,4,1,256,3,0,0.0093932703687941,0.009427449953015619,0.0022023816127330065,0.010443971528248866,0.009417062809534034,0.00253292408349878,131072,7340032,E11 energy-weighted P_N capture; frozen E20 construction
llama31_8b,E20_hadamard_g256_m3,down,4,2,256,3,0,0.009393668550914771,0.009428166144908426,0.0022023816127330065,0.010443971526137862,0.0094177782123282,0.0025665863429981234,131072,7340032,E11 energy-weighted P_N capture; frozen E20 construction
llama31_8b,E20_hadamard_g128_m2,down,4,0,128,2,0,0.008629759560297736,0.008665150906850796,0.0035833169240504503,0.015033084015890995,0.008649611983189242,0.0023004607199995533,131072,14680064,E11 energy-weighted P_N capture; frozen E20 construction
llama31_8b,E20_hadamard_g128_m2,down,4,1,128,2,0,0.008629625266228442,0.008665023470694866,0.0035833169240504503,0.015033084017667439,0.008649484775560283,0.002301317695631607,131072,14680064,E11 energy-weighted P_N capture; frozen E20 construction
llama31_8b,E20_hadamard_g128_m2,down,4,2,128,2,0,0.008629847912086399,0.008665196679618308,0.0035833169240504503,0.015033084017437819,0.00864965767387399,0.0022954937316851426,131072,14680064,E11 energy-weighted P_N capture; frozen E20 construction
llama31_8b,E20_nar_g64_m1,down,4,0,64,1,224,0.006062344495680337,0.007837868901491232,0.2801653742790222,0.2535241412019191,0.00664988847397178,0.09691695658504586,131072,29360128,E11 energy-weighted P_N capture; frozen E20 construction
llama31_8b,E20_nar_g64_m1,down,4,1,64,1,224,0.006062011504580134,0.00783753724240223,0.2801653742790222,0.25352414117592603,0.0066496070842240115,0.09693079255951953,131072,29360128,E11 energy-weighted P_N capture; frozen E20 construction
llama31_8b,E20_nar_g64_m1,down,4,2,64,1,224,0.006061842466986362,0.007837698082293565,0.2801653742790222,0.2535241411810174,0.006649743545723046,0.09698389259346064,131072,29360128,E11 energy-weighted P_N capture; frozen E20 construction
llama31_8b,E20_nar_g128_m1,down,4,0,128,1,112,0.006967000174165842,0.008665150906850796,0.22685517370700836,0.20467850544564045,0.00761915059330303,0.09360562693186242,131072,14680064,E11 energy-weighted P_N capture; frozen E20 construction
llama31_8b,E20_nar_g128_m1,down,4,1,128,1,112,0.006966921420771773,0.008665023470694866,0.22685515880584717,0.20467850547273497,0.007619038613828458,0.09360191592119975,131072,14680064,E11 energy-weighted P_N capture; frozen E20 construction
llama31_8b,E20_nar_g128_m1,down,4,2,128,1,112,0.006967281886881814,0.008665196679618308,0.22685517370700836,0.20467850545772798,0.00761919084068158,0.09356718507789931,131072,14680064,E11 energy-weighted P_N capture; frozen E20 construction
llama31_8b,E20_nar_g256_m1,down,4,0,256,1,56,0.007874040503318589,0.009427728738413623,0.17718996107578278,0.1604418423904983,0.008551786876987127,0.0860735188475213,131072,7340032,E11 energy-weighted P_N capture; frozen E20 construction
llama31_8b,E20_nar_g256_m1,down,4,1,256,1,56,0.007873463661308746,0.009427449953015619,0.17718996107578278,0.1604418424204596,0.008551533993883009,0.08612097060997322,131072,7340032,E11 energy-weighted P_N capture; frozen E20 construction
llama31_8b,E20_nar_g256_m1,down,4,2,256,1,56,0.007874226654584895,0.009428166144908426,0.17718996107578278,0.16044184244006418,0.008552183643507032,0.08609823144059309,131072,7340032,E11 energy-weighted P_N capture; frozen E20 construction
llama31_8b,E20_nar_g256_m2,down,4,0,256,2,112,0.007689257736548637,0.009427728738413623,0.22685517370700836,0.2046785242394724,0.008289675019276735,0.07808520709017072,131072,7340032,E11 energy-weighted P_N capture; frozen E20 construction
llama31_8b,E20_nar_g256_m2,down,4,1,256,2,112,0.007689104661197289,0.009427449953015619,0.22685515880584717,0.20467852423105368,0.00828942996691055,0.07807479962430158,131072,7340032,E11 energy-weighted P_N capture; frozen E20 construction
llama31_8b,E20_nar_g256_m2,down,4,2,256,2,112,0.007689940205415421,0.009428166144908426,0.22685515880584717,0.2046785242929115,0.008290059704810818,0.07803955341197322,131072,7340032,E11 energy-weighted P_N capture; frozen E20 construction
llama31_8b,E20_nar_g256_m3,down,4,0,256,3,168,0.007568266401271474,0.009427728738413623,0.25833308696746826,0.23357263797588446,0.00811916805230876,0.07279099622401417,131072,7340032,E11 energy-weighted P_N capture; frozen E20 construction
llama31_8b,E20_nar_g256_m3,down,4,1,256,3,168,0.007569612005970584,0.009427449953015619,0.25833308696746826,0.233572638172405,0.008118927962085574,0.07256857493907393,131072,7340032,E11 energy-weighted P_N capture; frozen E20 construction
llama31_8b,E20_nar_g256_m3,down,4,2,256,3,168,0.007570173489592261,0.009428166144908426,0.25833308696746826,0.23357263842302267,0.008119544747156161,0.0725704976668229,131072,7340032,E11 energy-weighted P_N capture; frozen E20 construction
llama31_8b,E20_nar_g128_m2,down,4,0,128,2,224,0.006790169133907239,0.008665150906850796,0.2801653742790222,0.2535241160926604,0.007351779911721925,0.08270939452895781,131072,14680064,E11 energy-weighted P_N capture; frozen E20 construction
llama31_8b,E20_nar_g128_m2,down,4,1,128,2,224,0.006790664771549089,0.008665023470694866,0.2801653742790222,0.25352411612446313,0.00735167179097697,0.08261444767209508,131072,14680064,E11 energy-weighted P_N capture; frozen E20 construction
llama31_8b,E20_nar_g128_m2,down,4,2,128,2,224,0.0067901777275715825,0.008665196679618308,0.2801653742790222,0.2535241159338687,0.0073518187467423775,0.08271374354315443,131072,14680064,E11 energy-weighted P_N capture; frozen E20 construction
llama31_8b,E20_nar_g128_m2_c32,down,4,0,128,2,224,0.006790169133907239,0.008665150906850796,0.2801653742790222,0.2535241160926604,0.007351779911721925,0.08270939452895781,131072,14680064,E11 energy-weighted P_N capture; frozen E20 construction
llama31_8b,E20_nar_g128_m2_c32,down,4,1,128,2,224,0.006790664771549089,0.008665023470694866,0.2801653742790222,0.25352411612446313,0.00735167179097697,0.08261444767209508,131072,14680064,E11 energy-weighted P_N capture; frozen E20 construction
llama31_8b,E20_nar_g128_m2_c32,down,4,2,128,2,224,0.0067901777275715825,0.008665196679618308,0.2801653742790222,0.2535241159338687,0.0073518187467423775,0.08271374354315443,131072,14680064,E11 energy-weighted P_N capture; frozen E20 construction
llama31_8b,E20_nar_g256_m3_c32,down,4,0,256,3,168,0.007568266401271474,0.009427728738413623,0.25833308696746826,0.23357263797588446,0.00811916805230876,0.07279099622401417,131072,7340032,E11 energy-weighted P_N capture; frozen E20 construction
llama31_8b,E20_nar_g256_m3_c32,down,4,1,256,3,168,0.007569612005970584,0.009427449953015619,0.25833308696746826,0.233572638172405,0.008118927962085574,0.07256857493907393,131072,7340032,E11 energy-weighted P_N capture; frozen E20 construction
llama31_8b,E20_nar_g256_m3_c32,down,4,2,256,3,168,0.007570173489592261,0.009428166144908426,0.25833308696746826,0.23357263842302267,0.008119544747156161,0.0725704976668229,131072,7340032,E11 energy-weighted P_N capture; frozen E20 construction
llama31_8b,E11_g64_kmax,qkv,5,0,64,1,64,0.09226456516041459,0.12911502136902087,0.4797921727597993,0.4711901326783968,0.09312476990391728,0.009323240639644369,131072,8388608,frozen E11 selected eigenvalue fractions
llama31_8b,E11_g64_kmax,qkv,5,1,64,1,64,0.09228186432958996,0.12908876474599396,0.4797921727597993,0.47119013274190324,0.09310583220052764,0.008928816912441535,131072,8388608,frozen E11 selected eigenvalue fractions
llama31_8b,E11_g64_kmax,qkv,5,2,64,1,64,0.09226760898207331,0.12910467953444815,0.4797921727597993,0.4711901328284888,0.09311731081081753,0.009209102068628537,131072,8388608,frozen E11 selected eigenvalue fractions
llama31_8b,E11_g128_k8,qkv,5,0,128,1,8,0.11823394885523797,0.1431499007690178,0.2754463852268385,0.2723307927523847,0.1218502192718111,0.030585719681922988,131072,4194304,frozen E11 selected eigenvalue fractions
llama31_8b,E11_g128_k8,qkv,5,1,128,1,8,0.11817021576520226,0.14311103190588526,0.2754463852268385,0.2723307928856664,0.12181713381754182,0.03086156717853328,131072,4194304,frozen E11 selected eigenvalue fractions
llama31_8b,E11_g128_k8,qkv,5,2,128,1,8,0.11821179386608804,0.1431605419897224,0.2754463852268385,0.2723307926928122,0.1218592771549756,0.030855493936751178,131072,4194304,frozen E11 selected eigenvalue fractions
llama31_8b,E11_g128_k16,qkv,5,0,128,1,16,0.11437649388391602,0.1431499007690178,0.32848627799306446,0.3237666490919164,0.11730553299596937,0.025608750649640587,131072,4194304,frozen E11 selected eigenvalue fractions
llama31_8b,E11_g128_k16,qkv,5,1,128,1,16,0.11437849612423623,0.14311103190588526,0.32848627799306446,0.32376664895818674,0.1172736815403818,0.025312322807609425,131072,4194304,frozen E11 selected eigenvalue fractions
llama31_8b,E11_g128_k16,qkv,5,2,128,1,16,0.11437938414637383,0.1431605419897224,0.32848627799306446,0.3237666489670378,0.11731425304439255,0.025659072392476823,131072,4194304,frozen E11 selected eigenvalue fractions
llama31_8b,E11_g128_k32,qkv,5,0,128,1,32,0.10916805624255765,0.1431499007690178,0.3973590635855906,0.3902722375547664,0.11112719848628759,0.017946112728955885,131072,4194304,frozen E11 selected eigenvalue fractions
llama31_8b,E11_g128_k32,qkv,5,1,128,1,32,0.10919404956078615,0.14311103190588526,0.3973590635855906,0.3902722376766353,0.11109702460670359,0.01742746105279381,131072,4194304,frozen E11 selected eigenvalue fractions
llama31_8b,E11_g128_k32,qkv,5,2,128,1,32,0.10919848244546415,0.1431605419897224,0.3973590635855906,0.39027223759861296,0.11113545926075565,0.017738129431046426,131072,4194304,frozen E11 selected eigenvalue fractions
llama31_8b,E11_g128_kmax,qkv,5,0,128,1,32,0.10960734721919252,0.1431499007690178,0.3917954834289774,0.38492104578065867,0.1116389830603195,0.01853558080430609,131072,4194304,saved factor eigenvalue sum / calibration trace
llama31_8b,E11_g128_kmax,qkv,5,1,128,1,32,0.10963044902460872,0.14311103190588526,0.3917954834289774,0.3849210455929442,0.1116086702181204,0.018044450343057798,131072,4194304,saved factor eigenvalue sum / calibration trace
llama31_8b,E11_g128_kmax,qkv,5,2,128,1,32,0.10962084300417096,0.1431605419897224,0.3917954834289774,0.38492104572775604,0.11164728187891175,0.018485890266905548,131072,4194304,saved factor eigenvalue sum / calibration trace
llama31_8b,E11_g256_kmax,qkv,5,0,256,1,16,0.1254694578554787,0.15582226497657103,0.32848627799306446,0.3228882484195138,0.12769002107245578,0.01769803787256997,131072,2097152,frozen E11 selected eigenvalue fractions
llama31_8b,E11_g256_kmax,qkv,5,1,256,1,16,0.12546000273071378,0.15578245179154848,0.32848627799306446,0.3228882483907232,0.12765739578341087,0.017514689979830092,131072,2097152,frozen E11 selected eigenvalue fractions
llama31_8b,E11_g256_kmax,qkv,5,2,256,1,16,0.12548051498777646,0.15581465447461085,0.32848627799306446,0.3228882484499848,0.12768378457502189,0.017558659107033914,131072,2097152,frozen E11 selected eigenvalue fractions
llama31_8b,E20_hadamard_g64_m1,qkv,5,0,64,1,0,0.129147454038554,0.129147454038554,0.013561442494392395,0.02103616128599776,0.12826875186633385,-0.006803867554042682,131072,8388608,E11 energy-weighted P_N capture; frozen E20 construction
llama31_8b,E20_hadamard_g64_m1,qkv,5,1,64,1,0,0.1290963275259691,0.1290963275259691,0.013561442494392395,0.02103616128660896,0.1282179732117691,-0.00680386755404281,131072,8388608,E11 energy-weighted P_N capture; frozen E20 construction
llama31_8b,E20_hadamard_g64_m1,qkv,5,2,64,1,0,0.12905198887863722,0.12905198887863722,0.013561442494392395,0.021036161287465646,0.12817393623872117,-0.006803867554042822,131072,8388608,E11 energy-weighted P_N capture; frozen E20 construction
llama31_8b,E20_hadamard_g128_m1,qkv,5,0,128,1,0,0.14316554376978274,0.14316554376978274,0.0055273668840527534,0.00891924212596438,0.14276933126536792,-0.0027675130061458894,131072,4194304,E11 energy-weighted P_N capture; frozen E20 construction
llama31_8b,E20_hadamard_g128_m1,qkv,5,1,128,1,0,0.14315379757782942,0.14315379757782942,0.005527367815375328,0.008919242123604223,0.1427576175143074,-0.002767513473099608,131072,4194304,E11 energy-weighted P_N capture; frozen E20 construction
llama31_8b,E20_hadamard_g128_m1,qkv,5,2,128,1,0,0.14301927209167076,0.14301927209167076,0.005527367349714041,0.008919242126227139,0.14262346436263584,-0.0027675132396227952,131072,4194304,E11 energy-weighted P_N capture; frozen E20 construction
llama31_8b,E20_hadamard_g256_m1,qkv,5,0,256,1,0,0.15584425383295297,0.15584425383295297,0.005096446257084608,0.00676973098730458,0.1554466206246643,-0.002551478148914552,131072,2097152,E11 energy-weighted P_N capture; frozen E20 construction
llama31_8b,E20_hadamard_g256_m1,qkv,5,1,256,1,0,0.1558099545139804,0.1558099545139804,0.005096446257084608,0.006769730988502399,0.1554124088196546,-0.002551478148914547,131072,2097152,E11 energy-weighted P_N capture; frozen E20 construction
llama31_8b,E20_hadamard_g256_m1,qkv,5,2,256,1,0,0.15565802957725694,0.15565802957725694,0.005096446257084608,0.006769730987608846,0.15526087151608747,-0.002551478148914557,131072,2097152,E11 energy-weighted P_N capture; frozen E20 construction
llama31_8b,E20_hadamard_g256_m2,qkv,5,0,256,2,0,0.1556756128932122,0.15584425383295297,0.005527367815375328,0.008919242422368651,0.15541295276076514,-0.0016872272256748815,131072,2097152,E11 energy-weighted P_N capture; frozen E20 construction
llama31_8b,E20_hadamard_g256_m2,qkv,5,1,256,2,0,0.15563956151409286,0.1558099545139804,0.005527367815375328,0.008919242424811362,0.1553787483656199,-0.0016757509847477863,131072,2097152,E11 energy-weighted P_N capture; frozen E20 construction
llama31_8b,E20_hadamard_g256_m2,qkv,5,2,256,2,0,0.15548818398928432,0.15565802957725694,0.005527367815375328,0.008919242427537579,0.15522724388320575,-0.0016781989433779785,131072,2097152,E11 energy-weighted P_N capture; frozen E20 construction
llama31_8b,E20_hadamard_g256_m3,qkv,5,0,256,3,0,0.15531137229940484,0.15584425383295297,0.008329402655363083,0.013712379739492572,0.15519385186506388,-0.0007566762987220884,131072,2097152,E11 energy-weighted P_N capture; frozen E20 construction
llama31_8b,E20_hadamard_g256_m3,qkv,5,1,256,3,0,0.15526422227222625,0.1558099545139804,0.008329401724040508,0.013712379745029757,0.15515969576407093,-0.0006732169628367424,131072,2097152,E11 energy-weighted P_N capture; frozen E20 construction
llama31_8b,E20_hadamard_g256_m3,qkv,5,2,256,3,0,0.15512034984224243,0.15565802957725694,0.008329402655363083,0.01371237974729787,0.1550084047995394,-0.0007216657441585579,131072,2097152,E11 energy-weighted P_N capture; frozen E20 construction
llama31_8b,E20_hadamard_g128_m2,qkv,5,0,128,2,0,0.1422864084606985,0.14316554376978274,0.013561440631747246,0.021036160559255435,0.14219146450591733,-0.0006672735351768305,131072,4194304,E11 energy-weighted P_N capture; frozen E20 construction
llama31_8b,E20_hadamard_g128_m2,qkv,5,1,128,2,0,0.14224478654395867,0.14315379757782942,0.01356144156306982,0.021036160563380753,0.14217979816636947,-0.000456877043919738,131072,4194304,E11 energy-weighted P_N capture; frozen E20 construction
llama31_8b,E20_hadamard_g128_m2,qkv,5,2,128,2,0,0.14217184190010634,0.14301927209167076,0.01356144156306982,0.021036160560216514,0.1420461879737382,-0.0008838172502290568,131072,4194304,E11 energy-weighted P_N capture; frozen E20 construction
llama31_8b,E20_nar_g64_m1,qkv,5,0,64,1,64,0.08756294719354218,0.129147454038554,0.47979217767715454,0.4711901215726446,0.09314816166742225,0.06378513575536637,131072,8388608,E11 energy-weighted P_N capture; frozen E20 construction
llama31_8b,E20_nar_g64_m1,qkv,5,1,64,1,64,0.08755565967815082,0.1290963275259691,0.47979217767715454,0.47119012172199376,0.09311128644835423,0.06345251455617545,131072,8388608,E11 energy-weighted P_N capture; frozen E20 construction
llama31_8b,E20_nar_g64_m1,qkv,5,2,64,1,64,0.08755416870279054,0.12905198887863722,0.47979217767715454,0.4711901215652782,0.09307930700655624,0.0631053710591579,131072,8388608,E11 energy-weighted P_N capture; frozen E20 construction
llama31_8b,E20_nar_g128_m1,qkv,5,0,128,1,32,0.10202164164874006,0.14316554376978274,0.39735913276672363,0.39027223452038956,0.11113933576097908,0.08937019601812711,131072,4194304,E11 energy-weighted P_N capture; frozen E20 construction
llama31_8b,E20_nar_g128_m1,qkv,5,1,128,1,32,0.10201735583040294,0.14315379757782942,0.39735907316207886,0.3902722345462681,0.11113022269409875,0.08932663260597874,131072,4194304,E11 energy-weighted P_N capture; frozen E20 construction
llama31_8b,E20_nar_g128_m1,qkv,5,2,128,1,32,0.10203598561943172,0.14301927209167076,0.39735907316207886,0.3902722345274877,0.11102579062531821,0.08810425999525477,131072,4194304,E11 energy-weighted P_N capture; frozen E20 construction
llama31_8b,E20_nar_g256_m1,qkv,5,0,256,1,16,0.11531034796687667,0.15584425383295297,0.3284863233566284,0.32288824705885505,0.12770803573409129,0.10751582998236982,131072,2097152,E11 energy-weighted P_N capture; frozen E20 construction
llama31_8b,E20_nar_g256_m1,qkv,5,1,256,1,16,0.11527608707254622,0.1558099545139804,0.3284863233566284,0.32288824696417723,0.12767992883540702,0.10760116931323964,131072,2097152,E11 energy-weighted P_N capture; frozen E20 construction
llama31_8b,E20_nar_g256_m1,qkv,5,2,256,1,16,0.11534614046926528,0.15565802957725694,0.3284863233566284,0.32288824703606006,0.1275554325208443,0.10584915977168975,131072,2097152,E11 energy-weighted P_N capture; frozen E20 construction
llama31_8b,E20_nar_g256_m2,qkv,5,0,256,2,32,0.11111276080523069,0.15584425383295297,0.39735910296440125,0.39027227206372433,0.12098181465565724,0.0888201659188902,131072,2097152,E11 energy-weighted P_N capture; frozen E20 construction
llama31_8b,E20_nar_g256_m2,qkv,5,1,256,2,32,0.1111040144173705,0.1558099545139804,0.39735910296440125,0.390272272150125,0.12095518811185664,0.08866622638385929,131072,2097152,E11 energy-weighted P_N capture; frozen E20 construction
llama31_8b,E20_nar_g256_m2,qkv,5,2,256,2,32,0.11112201385623699,0.15565802957725694,0.39735910296440125,0.3902722721336758,0.12083724886107136,0.08742853614409257,131072,2097152,E11 energy-weighted P_N capture; frozen E20 construction
llama31_8b,E20_nar_g256_m3,qkv,5,0,256,3,48,0.1080821043054252,0.15584425383295297,0.4449284076690674,0.4372976482034536,0.116108842256334,0.07426518943623027,131072,2097152,E11 energy-weighted P_N capture; frozen E20 construction
llama31_8b,E20_nar_g256_m3,qkv,5,1,256,3,48,0.10805774539110669,0.1558099545139804,0.4449284076690674,0.43729764805369997,0.11608328819118151,0.07427087036683015,131072,2097152,E11 energy-weighted P_N capture; frozen E20 construction
llama31_8b,E20_nar_g256_m3,qkv,5,2,256,3,48,0.10807016421017757,0.15565802957725694,0.4449284076690674,0.43729764818689015,0.11597009936272631,0.0731000568962286,131072,2097152,E11 energy-weighted P_N capture; frozen E20 construction
llama31_8b,E20_nar_g128_m2,qkv,5,0,128,2,64,0.09711561910409605,0.14316554376978274,0.47979217767715454,0.47119007451087896,0.10325876971830278,0.06325605161021547,131072,4194304,E11 energy-weighted P_N capture; frozen E20 construction
llama31_8b,E20_nar_g128_m2,qkv,5,1,128,2,64,0.09712387898128139,0.14315379757782942,0.47979217767715454,0.47119007352829223,0.10325029772638324,0.06307839852939348,131072,4194304,E11 energy-weighted P_N capture; frozen E20 construction
llama31_8b,E20_nar_g128_m2,qkv,5,2,128,2,64,0.09714947171359611,0.14301927209167076,0.4797922372817993,0.47119007479956054,0.103153264726136,0.0617995435964851,131072,4194304,E11 energy-weighted P_N capture; frozen E20 construction
llama31_8b,E20_nar_g128_m2_c32,qkv,5,0,128,2,64,0.09711561910409605,0.14316554376978274,0.47979217767715454,0.47119007451087896,0.10325876971830278,0.06325605161021547,131072,4194304,E11 energy-weighted P_N capture; frozen E20 construction
llama31_8b,E20_nar_g128_m2_c32,qkv,5,1,128,2,64,0.09712387898128139,0.14315379757782942,0.47979217767715454,0.47119007352829223,0.10325029772638324,0.06307839852939348,131072,4194304,E11 energy-weighted P_N capture; frozen E20 construction
llama31_8b,E20_nar_g128_m2_c32,qkv,5,2,128,2,64,0.09714947171359611,0.14301927209167076,0.4797922372817993,0.47119007479956054,0.103153264726136,0.0617995435964851,131072,4194304,E11 energy-weighted P_N capture; frozen E20 construction
llama31_8b,E20_nar_g256_m3_c32,qkv,5,0,256,3,48,0.1080821043054252,0.15584425383295297,0.4449284076690674,0.4372976482034536,0.116108842256334,0.07426518943623027,131072,2097152,E11 energy-weighted P_N capture; frozen E20 construction
llama31_8b,E20_nar_g256_m3_c32,qkv,5,1,256,3,48,0.10805774539110669,0.1558099545139804,0.4449284076690674,0.43729764805369997,0.11608328819118151,0.07427087036683015,131072,2097152,E11 energy-weighted P_N capture; frozen E20 construction
llama31_8b,E20_nar_g256_m3_c32,qkv,5,2,256,3,48,0.10807016421017757,0.15565802957725694,0.4449284076690674,0.43729764818689015,0.11597009936272631,0.0731000568962286,131072,2097152,E11 energy-weighted P_N capture; frozen E20 construction
llama31_8b,E11_g64_kmax,down,5,0,64,1,224,0.0074576653451252795,0.009501228990179245,0.28384236648719213,0.2594314201914753,0.008040519284815917,0.07815501403151874,131072,29360128,frozen E11 selected eigenvalue fractions
llama31_8b,E11_g64_kmax,down,5,1,64,1,224,0.007457807490151173,0.009500910604972077,0.28384236648719213,0.25943142018456616,0.008040249847840882,0.0780983363352951,131072,29360128,frozen E11 selected eigenvalue fractions
llama31_8b,E11_g64_kmax,down,5,2,64,1,224,0.007456957973796883,0.009501631972380449,0.28384236648719213,0.2594314202191983,0.008040860312925393,0.07830302130980128,131072,29360128,frozen E11 selected eigenvalue fractions
llama31_8b,E11_g128_k8,down,5,0,128,1,8,0.009209931630375201,0.010507892945407533,0.08683111432327728,0.08540224682682904,0.010041328894643514,0.09027181716814146,131072,14680064,frozen E11 selected eigenvalue fractions
llama31_8b,E11_g128_k8,down,5,1,128,1,8,0.009208722739057786,0.010508516222045738,0.08683111432327728,0.08540224684327624,0.010041924496992061,0.09047962258656578,131072,14680064,frozen E11 selected eigenvalue fractions
llama31_8b,E11_g128_k8,down,5,2,128,1,8,0.00920989805368195,0.010508480140871166,0.08683111432327728,0.08540224677422906,0.010041890017868352,0.09033671809795833,131072,14680064,frozen E11 selected eigenvalue fractions
llama31_8b,E11_g128_k16,down,5,0,128,1,16,0.009076795823075079,0.010507892945407533,0.11296275203736696,0.10918199109264008,0.009896612547587816,0.09032005792491166,131072,14680064,frozen E11 selected eigenvalue fractions
llama31_8b,E11_g128_k16,down,5,1,128,1,16,0.009076233082457688,0.010508516222045738,0.11296275203736696,0.10918199112874624,0.009897199566072904,0.09045233591477062,131072,14680064,frozen E11 selected eigenvalue fractions
llama31_8b,E11_g128_k16,down,5,2,128,1,16,0.00907682036813113,0.010508480140871166,0.11296275203736696,0.10918199111951206,0.00989716558386478,0.09037803795411614,131072,14680064,frozen E11 selected eigenvalue fractions
llama31_8b,E11_g128_k32,down,5,0,128,1,32,0.00892868891412917,0.010507892945407533,0.14573738014548837,0.13652804800652094,0.009712059651329402,0.08773636809773824,131072,14680064,frozen E11 selected eigenvalue fractions
llama31_8b,E11_g128_k32,down,5,1,128,1,32,0.008927930917443325,0.010508516222045738,0.14573738014548837,0.1365280480190391,0.009712635723042444,0.08789324344635877,131072,14680064,frozen E11 selected eigenvalue fractions
llama31_8b,E11_g128_k32,down,5,2,128,1,32,0.008928575037422457,0.010508480140871166,0.14573738014548837,0.13652804800277457,0.009712602374537511,0.08781102626443188,131072,14680064,frozen E11 selected eigenvalue fractions
llama31_8b,E11_g128_kmax,down,5,0,128,1,112,0.008639629015513264,0.010507892945407533,0.2207530117315214,0.20077646505665026,0.009275839079849938,0.07363858600806816,131072,14680064,saved factor eigenvalue sum / calibration trace
llama31_8b,E11_g128_kmax,down,5,1,128,1,112,0.008638965105128833,0.010508516222045738,0.2207530117315214,0.2007764650718068,0.009276389277099593,0.07378478373437694,131072,14680064,saved factor eigenvalue sum / calibration trace
llama31_8b,E11_g128_kmax,down,5,2,128,1,112,0.008639961628410584,0.010508480140871166,0.2207530117315214,0.20077646504546898,0.009276357426454475,0.07365724819323799,131072,14680064,saved factor eigenvalue sum / calibration trace
llama31_8b,E11_g256_kmax,down,5,0,256,1,56,0.009744528807616368,0.011433247528998245,0.17810378009581704,0.16151876171833945,0.010365209813649053,0.06369533286694759,131072,7340032,frozen E11 selected eigenvalue fractions
llama31_8b,E11_g256_kmax,down,5,1,256,1,56,0.009743782080925063,0.011434493100942054,0.17810378009581704,0.1615187617106752,0.010366339030391962,0.0638927414731133,131072,7340032,frozen E11 selected eigenvalue fractions
llama31_8b,E11_g256_kmax,down,5,2,256,1,56,0.009744747195106842,0.01143472391377046,0.17810378009581704,0.1615187616440718,0.010366548281821885,0.06380884739906541,131072,7340032,frozen E11 selected eigenvalue fractions
llama31_8b,E20_hadamard_g64_m1,down,5,0,64,1,0,0.009502437585694785,0.009502437585694785,0.0037802166771143675,0.01568816631302071,0.009484459943244749,-0.001891897977535838,131072,29360128,E11 energy-weighted P_N capture; frozen E20 construction
llama31_8b,E20_hadamard_g64_m1,down,5,1,64,1,0,0.0095022478471224,0.0095022478471224,0.0037802166771143675,0.01568816631280245,0.009484270563638385,-0.0018918979775357874,131072,29360128,E11 energy-weighted P_N capture; frozen E20 construction
llama31_8b,E20_hadamard_g64_m1,down,5,2,64,1,0,0.009501730502210648,0.009501730502210648,0.0037802166771143675,0.01568816631429026,0.009483754197490426,-0.001891897977535787,131072,29360128,E11 energy-weighted P_N capture; frozen E20 construction
llama31_8b,E20_hadamard_g128_m1,down,5,0,128,1,0,0.010509456268070825,0.010509456268070825,0.001919346977956593,0.007520651387132132,0.010499365777393082,-0.0009601344180287031,131072,14680064,E11 energy-weighted P_N capture; frozen E20 construction
llama31_8b,E20_hadamard_g128_m1,down,5,1,128,1,0,0.010509632641284636,0.010509632641284636,0.0019193470943719149,0.0075206513884871285,0.010499541980652572,-0.0009601344762922477,131072,14680064,E11 energy-weighted P_N capture; frozen E20 construction
llama31_8b,E20_hadamard_g128_m1,down,5,2,128,1,0,0.010508830066714785,0.010508830066714785,0.001919346977956593,0.007520651389226884,0.010498740177274517,-0.0009601344180286852,131072,14680064,E11 energy-weighted P_N capture; frozen E20 construction
llama31_8b,E20_hadamard_g256_m1,down,5,0,256,1,0,0.011436067692252663,0.011436067692252663,0.001188625581562519,0.0041433207076148745,0.011429269070092172,-0.0005944894996639511,131072,7340032,E11 energy-weighted P_N capture; frozen E20 construction
llama31_8b,E20_hadamard_g256_m1,down,5,1,256,1,0,0.01143597767678076,0.01143597767678076,0.001188625581562519,0.004143320707199556,0.011429179108133522,-0.0005944894996639509,131072,7340032,E11 energy-weighted P_N capture; frozen E20 construction
llama31_8b,E20_hadamard_g256_m1,down,5,2,256,1,0,0.011435141762593557,0.011435141762593557,0.001188625581562519,0.004143320708263854,0.011428343690888527,-0.000594489499663867,131072,7340032,E11 energy-weighted P_N capture; frozen E20 construction
llama31_8b,E20_hadamard_g256_m2,down,5,0,256,2,0,0.01141568107354177,0.011436067692252663,0.0019193470943719149,0.007520651648438019,0.011425087529388119,0.0008239942746955276,131072,7340032,E11 energy-weighted P_N capture; frozen E20 construction
llama31_8b,E20_hadamard_g256_m2,down,5,1,256,2,0,0.0114158275711829,0.01143597767678076,0.0019193470943719149,0.007520651644911674,0.011424997600343174,0.0008032732715254226,131072,7340032,E11 energy-weighted P_N capture; frozen E20 construction
llama31_8b,E20_hadamard_g256_m2,down,5,2,256,2,0,0.011414934171163729,0.011435141762593557,0.0019193470943719149,0.007520651646718261,0.011424162488746002,0.0008084424705300062,131072,7340032,E11 energy-weighted P_N capture; frozen E20 construction
llama31_8b,E20_hadamard_g256_m3,down,5,0,256,3,0,0.011393631378921259,0.011436067692252663,0.0029360568150877953,0.011212106993762207,0.011419266878909009,0.0022499850254219435,131072,7340032,E11 energy-weighted P_N capture; frozen E20 construction
llama31_8b,E20_hadamard_g256_m3,down,5,1,256,3,0,0.011393833228110559,0.01143597767678076,0.0029360568150877953,0.011212106987354543,0.011419176995679516,0.002224340751840165,131072,7340032,E11 energy-weighted P_N capture; frozen E20 construction
llama31_8b,E20_hadamard_g256_m3,down,5,2,256,3,0,0.011392637733102173,0.011435141762593557,0.0029360568150877953,0.011212106988579097,0.011418342309540154,0.0022562445186239655,131072,7340032,E11 energy-weighted P_N capture; frozen E20 construction
llama31_8b,E20_hadamard_g128_m2,down,5,0,128,2,0,0.01046553784567718,0.010509456268070825,0.003780216444283724,0.015688165774340516,0.01048957345023804,0.0022966430311833477,131072,14680064,E11 energy-weighted P_N capture; frozen E20 construction
llama31_8b,E20_hadamard_g128_m2,down,5,1,128,2,0,0.010465639463686631,0.010509632641284636,0.0037802166771143675,0.015688165773794838,0.010489749488545945,0.002303731648980416,131072,14680064,E11 energy-weighted P_N capture; frozen E20 construction
llama31_8b,E20_hadamard_g128_m2,down,5,2,128,2,0,0.010464616655714045,0.010508830066714785,0.003780216444283724,0.015688165773717795,0.010488948433591007,0.0023251475593877072,131072,14680064,E11 energy-weighted P_N capture; frozen E20 construction
llama31_8b,E20_nar_g64_m1,down,5,0,64,1,224,0.007381620295013539,0.009502437585694785,0.28384238481521606,0.25943140599189235,0.008041541969131977,0.0894006529385196,131072,29360128,E11 energy-weighted P_N capture; frozen E20 construction
llama31_8b,E20_nar_g64_m1,down,5,1,64,1,224,0.007381226350086288,0.0095022478471224,0.28384238481521606,0.25943140601632814,0.008041381400785252,0.0894370419478122,131072,29360128,E11 energy-weighted P_N capture; frozen E20 construction
llama31_8b,E20_nar_g64_m1,down,5,2,64,1,224,0.00738111691530829,0.009501730502210648,0.28384238481521606,0.2594314060279975,0.008040943591982735,0.0893938795774902,131072,29360128,E11 energy-weighted P_N capture; frozen E20 construction
llama31_8b,E20_nar_g128_m1,down,5,0,128,1,112,0.008497001169400538,0.010509456268070825,0.2283419966697693,0.20753389415905177,0.009231933761314636,0.0864931729750424,131072,14680064,E11 energy-weighted P_N capture; frozen E20 construction
llama31_8b,E20_nar_g128_m1,down,5,1,128,1,112,0.008497315795570583,0.010509632641284636,0.2283419966697693,0.20753389417407642,0.009232088694718006,0.08647117711341738,131072,14680064,E11 energy-weighted P_N capture; frozen E20 construction
llama31_8b,E20_nar_g128_m1,down,5,2,128,1,112,0.008497357711577194,0.010508830066714785,0.2283419966697693,0.20753389417654586,0.009231383680578511,0.08638284910628709,131072,14680064,E11 energy-weighted P_N capture; frozen E20 construction
llama31_8b,E20_nar_g256_m1,down,5,0,256,1,56,0.009611449707474502,0.011436067692252663,0.17810380458831787,0.16151874443102907,0.010367766376652017,0.07868913558267421,131072,7340032,E11 energy-weighted P_N capture; frozen E20 construction
llama31_8b,E20_nar_g256_m1,down,5,1,256,1,56,0.009610810595516574,0.01143597767678076,0.17810380458831787,0.1615187443872925,0.010367684769983704,0.07875237649779612,131072,7340032,E11 energy-weighted P_N capture; frozen E20 construction
llama31_8b,E20_nar_g256_m1,down,5,2,256,1,56,0.00961124377747916,0.011435141762593557,0.17810380458831787,0.1615187444403486,0.010366926942797203,0.07862490878534817,131072,7340032,E11 energy-weighted P_N capture; frozen E20 construction
llama31_8b,E20_nar_g256_m2,down,5,0,256,2,112,0.009372757863270045,0.011436067692252663,0.22834201157093048,0.20753391329646337,0.010045906820714203,0.07181973195766578,131072,7340032,E11 energy-weighted P_N capture; frozen E20 construction
llama31_8b,E20_nar_g256_m2,down,5,1,256,2,112,0.009373156815191066,0.01143597767678076,0.2283419966697693,0.20753391346152777,0.010045827844459261,0.07176568604698877,131072,7340032,E11 energy-weighted P_N capture; frozen E20 construction
llama31_8b,E20_nar_g256_m2,down,5,2,256,2,112,0.009373364875853258,0.011435141762593557,0.22834201157093048,0.2075339134021339,0.010045093446455829,0.07166354660245985,131072,7340032,E11 energy-weighted P_N capture; frozen E20 construction
llama31_8b,E20_nar_g256_m3,down,5,0,256,3,168,0.009215508561913983,0.011436067692252663,0.2611374855041504,0.23846764297977374,0.009830113542283898,0.06669246479895481,131072,7340032,E11 energy-weighted P_N capture; frozen E20 construction
llama31_8b,E20_nar_g256_m3,down,5,1,256,3,168,0.009215427108467107,0.01143597767678076,0.2611374855041504,0.2384676429408399,0.009830036167583678,0.06669349688110174,131072,7340032,E11 energy-weighted P_N capture; frozen E20 construction
llama31_8b,E20_nar_g256_m3,down,5,2,256,3,168,0.009215633691626448,0.011435141762593557,0.2611374855041504,0.2384676428937215,0.00982931763988754,0.06659161689756612,131072,7340032,E11 energy-weighted P_N capture; frozen E20 construction
llama31_8b,E20_nar_g128_m2,down,5,0,128,2,224,0.008264449758964112,0.010509456268070825,0.28384238481521606,0.2594313802581925,0.008893742567662382,0.07614455009732518,131072,14680064,E11 energy-weighted P_N capture; frozen E20 construction
llama31_8b,E20_nar_g128_m2,down,5,1,128,2,224,0.008264534974786004,0.010509632641284636,0.28384238481521606,0.25943138010408284,0.008893891825427908,0.07615151397652589,131072,14680064,E11 energy-weighted P_N capture; frozen E20 construction
llama31_8b,E20_nar_g128_m2,down,5,2,128,2,224,0.008264891152845106,0.010508830066714785,0.28384238481521606,0.25943138021130563,0.008893212637900643,0.07602295946017915,131072,14680064,E11 energy-weighted P_N capture; frozen E20 construction
llama31_8b,E20_nar_g128_m2_c32,down,5,0,128,2,224,0.008264449758964112,0.010509456268070825,0.28384238481521606,0.2594313802581925,0.008893742567662382,0.07614455009732518,131072,14680064,E11 energy-weighted P_N capture; frozen E20 construction
llama31_8b,E20_nar_g128_m2_c32,down,5,1,128,2,224,0.008264534974786004,0.010509632641284636,0.28384238481521606,0.25943138010408284,0.008893891825427908,0.07615151397652589,131072,14680064,E11 energy-weighted P_N capture; frozen E20 construction
llama31_8b,E20_nar_g128_m2_c32,down,5,2,128,2,224,0.008264891152845106,0.010508830066714785,0.28384238481521606,0.25943138021130563,0.008893212637900643,0.07602295946017915,131072,14680064,E11 energy-weighted P_N capture; frozen E20 construction
llama31_8b,E20_nar_g256_m3_c32,down,5,0,256,3,168,0.009215508561913983,0.011436067692252663,0.2611374855041504,0.23846764297977374,0.009830113542283898,0.06669246479895481,131072,7340032,E11 energy-weighted P_N capture; frozen E20 construction
llama31_8b,E20_nar_g256_m3_c32,down,5,1,256,3,168,0.009215427108467107,0.01143597767678076,0.2611374855041504,0.2384676429408399,0.009830036167583678,0.06669349688110174,131072,7340032,E11 energy-weighted P_N capture; frozen E20 construction
llama31_8b,E20_nar_g256_m3_c32,down,5,2,256,3,168,0.009215633691626448,0.011435141762593557,0.2611374855041504,0.2384676428937215,0.00982931763988754,0.06659161689756612,131072,7340032,E11 energy-weighted P_N capture; frozen E20 construction
llama31_8b,E11_g64_kmax,qkv,6,0,64,1,64,0.08942722267779701,0.12441017016382716,0.49003532893626045,0.47755258885728136,0.08884355523668182,-0.006526731163486182,131072,8388608,frozen E11 selected eigenvalue fractions
llama31_8b,E11_g64_kmax,qkv,6,1,64,1,64,0.08941648521354639,0.12438717824289336,0.49003532893626045,0.4775525888987648,0.08882713628962315,-0.0065910544628963105,131072,8388608,frozen E11 selected eigenvalue fractions
llama31_8b,E11_g64_kmax,qkv,6,2,64,1,64,0.08943758873209551,0.12439586534638858,0.49003532893626045,0.47755258888996394,0.0888333399075284,-0.006756094759856494,131072,8388608,frozen E11 selected eigenvalue fractions
llama31_8b,E11_g128_k8,qkv,6,0,128,1,8,0.11293999811080546,0.13785872572127822,0.312101253755906,0.3064742967486811,0.11433956056704139,0.012392088539463405,131072,4194304,frozen E11 selected eigenvalue fractions
llama31_8b,E11_g128_k8,qkv,6,1,128,1,8,0.11298597437415481,0.13776934518855555,0.312101253755906,0.3064742966757239,0.11426542865568584,0.011324009804031969,131072,4194304,frozen E11 selected eigenvalue fractions
llama31_8b,E11_g128_k8,qkv,6,2,128,1,8,0.11299651398741517,0.13778411180344285,0.312101253755906,0.3064742968375531,0.11427767603609969,0.011338067020609192,131072,4194304,frozen E11 selected eigenvalue fractions
llama31_8b,E11_g128_k16,qkv,6,0,128,1,16,0.10917931220080312,0.13785872572127822,0.3643488587570094,0.35730186195882485,0.10991163678715617,0.006707539840571142,131072,4194304,frozen E11 selected eigenvalue fractions
llama31_8b,E11_g128_k16,qkv,6,1,128,1,16,0.10918883180825567,0.13776934518855555,0.3643488587570094,0.35730186187263635,0.10984037571465562,0.005967129564533751,131072,4194304,frozen E11 selected eigenvalue fractions
llama31_8b,E11_g128_k16,qkv,6,2,128,1,16,0.109161012806398,0.13778411180344285,0.3643488587570094,0.35730186189312424,0.10985214880194899,0.006331344660357314,131072,4194304,frozen E11 selected eigenvalue fractions
llama31_8b,E11_g128_k32,qkv,6,0,128,1,32,0.10442349613881774,0.13785872572127822,0.42596970035273835,0.41584241399843874,0.10444837033412399,0.0002382049656064415,131072,4194304,frozen E11 selected eigenvalue fractions
llama31_8b,E11_g128_k32,qkv,6,1,128,1,32,0.10442690196141591,0.13776934518855555,0.42596970035273835,0.4158424139713576,0.10438065136360808,-0.0004428992619633355,131072,4194304,frozen E11 selected eigenvalue fractions
llama31_8b,E11_g128_k32,qkv,6,2,128,1,32,0.10442277357564489,0.13778411180344285,0.42596970035273835,0.4158424139804858,0.10439183925797067,-0.00029624110349652313,131072,4194304,frozen E11 selected eigenvalue fractions
llama31_8b,E11_g128_kmax,qkv,6,0,128,1,32,0.10473067035180339,0.13785872572127822,0.42246155153386433,0.41209795030529367,0.10476704888889686,0.0003473532344562529,131072,4194304,saved factor eigenvalue sum / calibration trace
llama31_8b,E11_g128_kmax,qkv,6,1,128,1,32,0.10469960386289667,0.13776934518855555,0.42246155153386433,0.4120979503348226,0.1046991233035378,-4.589887078322648e-06,131072,4194304,saved factor eigenvalue sum / calibration trace
llama31_8b,E11_g128_kmax,qkv,6,2,128,1,32,0.1047363506659087,0.13778411180344285,0.42246155153386433,0.41209795015890366,0.10471034533287057,-0.0002482932895100871,131072,4194304,saved factor eigenvalue sum / calibration trace
llama31_8b,E11_g256_kmax,qkv,6,0,256,1,16,0.1193408678737029,0.15005772240676052,0.3643488587570094,0.3562969272740357,0.11963762029561609,0.002486595138785416,131072,2097152,frozen E11 selected eigenvalue fractions
llama31_8b,E11_g256_kmax,qkv,6,1,256,1,16,0.11932790779287572,0.14986561836651902,0.3643488587570094,0.3562969271709974,0.11948446009929266,0.001311950484279625,131072,2097152,frozen E11 selected eigenvalue fractions
llama31_8b,E11_g256_kmax,qkv,6,2,256,1,16,0.11934710335575005,0.14994590008984332,0.3643488587570094,0.3562969272049044,0.11954846689732812,0.0016872092905166314,131072,2097152,frozen E11 selected eigenvalue fractions
llama31_8b,E20_hadamard_g64_m1,qkv,6,0,64,1,0,0.12440340107046666,0.12440340107046666,0.011515150777995586,0.01932180402136875,0.12368506518597637,-0.005774246349449845,131072,8388608,E11 energy-weighted P_N capture; frozen E20 construction
llama31_8b,E20_hadamard_g64_m1,qkv,6,1,64,1,0,0.1244279520530438,0.1244279520530438,0.011515149846673012,0.01932180402073196,0.12370947446340978,-0.0057742458810840945,131072,8388608,E11 energy-weighted P_N capture; frozen E20 construction
llama31_8b,E20_hadamard_g64_m1,qkv,6,2,64,1,0,0.12445397248419532,0.12445397248419532,0.011515149846673012,0.019321804020484803,0.1237353446461939,-0.005774245881084092,131072,8388608,E11 energy-weighted P_N capture; frozen E20 construction
llama31_8b,E20_hadamard_g128_m1,qkv,6,0,128,1,0,0.13784977132414689,0.13784977132414689,0.004756453912705183,0.008331512608076432,0.13752154251553692,-0.0023810616837234844,131072,4194304,E11 energy-weighted P_N capture; frozen E20 construction
llama31_8b,E20_hadamard_g128_m1,qkv,6,1,128,1,0,0.1378857192881089,0.1378857192881089,0.004756453912705183,0.008331512609621831,0.13755740488517934,-0.0023810616837233304,131072,4194304,E11 energy-weighted P_N capture; frozen E20 construction
llama31_8b,E20_hadamard_g128_m1,qkv,6,2,128,1,0,0.13792711508496502,0.13792711508496502,0.004756453912705183,0.008331512609397245,0.1375987021160897,-0.0023810616837233673,131072,4194304,E11 energy-weighted P_N capture; frozen E20 construction
llama31_8b,E20_hadamard_g256_m1,qkv,6,0,256,1,0,0.15001526622385342,0.15001526622385342,0.004297430161386728,0.005988706232675892,0.14969257910438183,-0.0021510285425889414,131072,2097152,E11 energy-weighted P_N capture; frozen E20 construction
llama31_8b,E20_hadamard_g256_m1,qkv,6,1,256,1,0,0.1500550497072446,0.1500550497072446,0.004297430627048016,0.00598870623245675,0.14973227697735197,-0.0021510287759215225,131072,2097152,E11 energy-weighted P_N capture; frozen E20 construction
llama31_8b,E20_hadamard_g256_m1,qkv,6,2,256,1,0,0.1501266305336344,0.1501266305336344,0.004297430627048016,0.005988706231919385,0.14980370383132444,-0.0021510287759213564,131072,2097152,E11 energy-weighted P_N capture; frozen E20 construction
llama31_8b,E20_hadamard_g256_m2,qkv,6,0,256,2,0,0.14983633330827573,0.15001526622385342,0.00475645437836647,0.008331512888435443,0.14965807058646272,-0.0011897162582472569,131072,2097152,E11 energy-weighted P_N capture; frozen E20 construction
llama31_8b,E20_hadamard_g256_m2,qkv,6,1,256,2,0,0.14987126776651394,0.1500550497072446,0.00475645437836647,0.008331512888891142,0.14969775934291665,-0.0011577163934290305,131072,2097152,E11 energy-weighted P_N capture; frozen E20 construction
llama31_8b,E20_hadamard_g256_m2,qkv,6,2,256,2,0,0.14995873069593202,0.1501266305336344,0.00475645437836647,0.008331512884518427,0.14976916973092674,-0.0012640875534592512,131072,2097152,E11 energy-weighted P_N capture; frozen E20 construction
llama31_8b,E20_hadamard_g256_m3,qkv,6,0,256,3,0,0.1493914398263314,0.15001526622385342,0.008043624460697174,0.013732403941673185,0.14941071484080992,0.00012902355383228182,131072,2097152,E11 energy-weighted P_N capture; frozen E20 construction
llama31_8b,E20_hadamard_g256_m3,qkv,6,1,256,3,0,0.14945908384886053,0.1500550497072446,0.008043624460697174,0.013732403943650294,0.1494503379994521,-5.851668017235475e-05,131072,2097152,E11 energy-weighted P_N capture; frozen E20 construction
llama31_8b,E20_hadamard_g256_m3,qkv,6,2,256,3,0,0.14952272279396794,0.1501266305336344,0.008043624460697174,0.013732403936308105,0.14952163035994984,-7.306140482825635e-06,131072,2097152,E11 energy-weighted P_N capture; frozen E20 construction
llama31_8b,E20_hadamard_g128_m2,qkv,6,0,128,2,0,0.13704315027958813,0.13784977132414689,0.011515149846673012,0.01932180335237363,0.13705379284987004,7.765853499571321e-05,131072,4194304,E11 energy-weighted P_N capture; frozen E20 construction
llama31_8b,E20_hadamard_g128_m2,qkv,6,1,128,2,0,0.13707804588932682,0.1378857192881089,0.011515148915350437,0.01932180335837918,0.13708953330603016,8.380201679135114e-05,131072,4194304,E11 energy-weighted P_N capture; frozen E20 construction
llama31_8b,E20_hadamard_g128_m2,qkv,6,2,128,2,0,0.1371007789645624,0.13792711508496502,0.011515149846673012,0.019321803351391963,0.13713069000879585,0.0002181683026117246,131072,4194304,E11 energy-weighted P_N capture; frozen E20 construction
llama31_8b,E20_nar_g64_m1,qkv,6,0,64,1,64,0.08682303168316352,0.12440340107046666,0.49003535509109497,0.4775525070687405,0.08883871902638374,0.023216044224024658,131072,8388608,E11 energy-weighted P_N capture; frozen E20 construction
llama31_8b,E20_nar_g64_m1,qkv,6,1,64,1,64,0.08684082105259217,0.1244279520530438,0.49003535509109497,0.477552507128429,0.08885625132714259,0.023208328181626086,131072,8388608,E11 energy-weighted P_N capture; frozen E20 construction
llama31_8b,E20_nar_g64_m1,qkv,6,2,64,1,64,0.08680249808258145,0.12445397248419532,0.49003535509109497,0.4775525071133437,0.08887483298770914,0.023874139004111717,131072,8388608,E11 energy-weighted P_N capture; frozen E20 construction
llama31_8b,E20_nar_g128_m1,qkv,6,0,128,1,32,0.10055264867998126,0.13784977132414689,0.4259697496891022,0.415842326846902,0.10444158156594521,0.03867558872905343,131072,4194304,E11 energy-weighted P_N capture; frozen E20 construction
llama31_8b,E20_nar_g128_m1,qkv,6,1,128,1,32,0.10054542382755827,0.1378857192881089,0.4259697496891022,0.4158423268998756,0.1044688174632137,0.0390211059469429,131072,4194304,E11 energy-weighted P_N capture; frozen E20 construction
llama31_8b,E20_nar_g128_m1,qkv,6,2,128,1,32,0.10053007182896412,0.13792711508496502,0.4259697496891022,0.415842326948546,0.10450018089931015,0.039491756029982165,131072,4194304,E11 energy-weighted P_N capture; frozen E20 construction
llama31_8b,E20_nar_g256_m1,qkv,6,0,256,1,16,0.11360749565816874,0.15001526622385342,0.3643488883972168,0.3562968442090944,0.119603768154915,0.05278060626200504,131072,2097152,E11 energy-weighted P_N capture; frozen E20 construction
llama31_8b,E20_nar_g256_m1,qkv,6,1,256,1,16,0.11359805643689569,0.1500550497072446,0.3643488883972168,0.35629684404871564,0.11963548662359946,0.05314730177674825,131072,2097152,E11 energy-weighted P_N capture; frozen E20 construction
llama31_8b,E20_nar_g256_m1,qkv,6,2,256,1,16,0.1135883859703295,0.1501266305336344,0.3643488883972168,0.35629684414631685,0.11969255639242611,0.05373938867034424,131072,2097152,E11 energy-weighted P_N capture; frozen E20 construction
llama31_8b,E20_nar_g256_m2,qkv,6,0,256,2,32,0.10940740300436325,0.15001526622385342,0.4259697496891022,0.41584236668232494,0.11365874250609706,0.03885787784912752,131072,2097152,E11 energy-weighted P_N capture; frozen E20 construction
llama31_8b,E20_nar_g256_m2,qkv,6,1,256,2,32,0.1094304893099256,0.1500550497072446,0.4259697496891022,0.41584236674672453,0.11368888437637849,0.03891415539952846,131072,2097152,E11 energy-weighted P_N capture; frozen E20 construction
llama31_8b,E20_nar_g256_m2,qkv,6,2,256,2,32,0.10937260438123708,0.1501266305336344,0.4259697496891022,0.41584236674690006,0.11374311743491848,0.03995985172344641,131072,2097152,E11 energy-weighted P_N capture; frozen E20 construction
llama31_8b,E20_nar_g256_m3,qkv,6,0,256,3,48,0.10646041193690792,0.15001526622385342,0.464281290769577,0.4531253809244498,0.10980038525915609,0.0313729137571584,131072,2097152,E11 energy-weighted P_N capture; frozen E20 construction
llama31_8b,E20_nar_g256_m3,qkv,6,1,256,3,48,0.10651148104278718,0.1500550497072446,0.4642813205718994,0.4531253810604288,0.10982950085269524,0.031151757326284543,131072,2097152,E11 energy-weighted P_N capture; frozen E20 construction
llama31_8b,E20_nar_g256_m3,qkv,6,2,256,3,48,0.10645898793021402,0.1501266305336344,0.464281290769577,0.4531253809338692,0.10988189592420951,0.032152362713040915,131072,2097152,E11 energy-weighted P_N capture; frozen E20 construction
llama31_8b,E20_nar_g128_m2,qkv,6,0,128,2,64,0.09607352669918434,0.13784977132414689,0.49003538489341736,0.4775524591663668,0.09844101237827682,0.02464243543911227,131072,4194304,E11 energy-weighted P_N capture; frozen E20 construction
llama31_8b,E20_nar_g128_m2,qkv,6,1,128,2,64,0.09608609253220779,0.1378857192881089,0.49003535509109497,0.47755245912403843,0.09846668634604698,0.024775633508472856,131072,4194304,E11 energy-weighted P_N capture; frozen E20 construction
llama31_8b,E20_nar_g128_m2,qkv,6,2,128,2,64,0.09603429657033136,0.13792711508496502,0.49003535509109497,0.47755245914144234,0.0984962478333868,0.02563616698386931,131072,4194304,E11 energy-weighted P_N capture; frozen E20 construction
llama31_8b,E20_nar_g128_m2_c32,qkv,6,0,128,2,64,0.09607352669918434,0.13784977132414689,0.49003538489341736,0.4775524591663668,0.09844101237827682,0.02464243543911227,131072,4194304,E11 energy-weighted P_N capture; frozen E20 construction
llama31_8b,E20_nar_g128_m2_c32,qkv,6,1,128,2,64,0.09608609253220779,0.1378857192881089,0.49003535509109497,0.47755245912403843,0.09846668634604698,0.024775633508472856,131072,4194304,E11 energy-weighted P_N capture; frozen E20 construction
llama31_8b,E20_nar_g128_m2_c32,qkv,6,2,128,2,64,0.09603429657033136,0.13792711508496502,0.49003535509109497,0.47755245914144234,0.0984962478333868,0.02563616698386931,131072,4194304,E11 energy-weighted P_N capture; frozen E20 construction
llama31_8b,E20_nar_g256_m3_c32,qkv,6,0,256,3,48,0.10646041193690792,0.15001526622385342,0.464281290769577,0.4531253809244498,0.10980038525915609,0.0313729137571584,131072,2097152,E11 energy-weighted P_N capture; frozen E20 construction
llama31_8b,E20_nar_g256_m3_c32,qkv,6,1,256,3,48,0.10651148104278718,0.1500550497072446,0.4642813205718994,0.4531253810604288,0.10982950085269524,0.031151757326284543,131072,2097152,E11 energy-weighted P_N capture; frozen E20 construction
llama31_8b,E20_nar_g256_m3_c32,qkv,6,2,256,3,48,0.10645898793021402,0.1501266305336344,0.464281290769577,0.4531253809338692,0.10988189592420951,0.032152362713040915,131072,2097152,E11 energy-weighted P_N capture; frozen E20 construction
llama31_8b,E11_g64_kmax,down,6,0,64,1,224,0.008490434817933474,0.010651786805613905,0.2847128759386229,0.2613967907053337,0.009008711294978343,0.061042395137427645,131072,29360128,frozen E11 selected eigenvalue fractions
llama31_8b,E11_g64_kmax,down,6,1,64,1,224,0.008491110390165047,0.010652513649504472,0.2847128759386229,0.2613967906727718,0.009009326020647015,0.06103037255082663,131072,29360128,frozen E11 selected eigenvalue fractions
llama31_8b,E11_g64_kmax,down,6,2,64,1,224,0.008490469133327818,0.01065045307394265,0.2847128759386229,0.2613967906805985,0.00900758329609979,0.06090525207165914,131072,29360128,frozen E11 selected eigenvalue fractions
llama31_8b,E11_g128_k8,down,6,0,128,1,8,0.010507807867377419,0.011783948022988782,0.0942698998208196,0.0935895196013537,0.011214766061686447,0.0672793225030173,131072,14680064,frozen E11 selected eigenvalue fractions
llama31_8b,E11_g128_k8,down,6,1,128,1,8,0.010506328695352538,0.011785580954551511,0.0942698998208196,0.09358951961142187,0.011216320120261301,0.06757749976191271,131072,14680064,frozen E11 selected eigenvalue fractions
llama31_8b,E11_g128_k8,down,6,2,128,1,8,0.010507917734964607,0.011781672952261861,0.0942698998208196,0.0935895196066649,0.01121260088021022,0.06706211097378628,131072,14680064,frozen E11 selected eigenvalue fractions
llama31_8b,E11_g128_k16,down,6,0,128,1,16,0.010355456968142504,0.011783948022988782,0.12035042689775899,0.11852510388838974,0.011052121900657555,0.06727515112643206,131072,14680064,frozen E11 selected eigenvalue fractions
llama31_8b,E11_g128_k16,down,6,1,128,1,16,0.010355872150236653,0.011785580954551511,0.12035042689775899,0.11852510394267335,0.011053653421218534,0.0673802515962825,131072,14680064,frozen E11 selected eigenvalue fractions
llama31_8b,E11_g128_k16,down,6,2,128,1,16,0.010355642489853656,0.011781672952261861,0.12035042689775899,0.11852510393831361,0.01104998812011495,0.0670499808139964,131072,14680064,frozen E11 selected eigenvalue fractions
llama31_8b,E11_g128_k32,down,6,0,128,1,32,0.010178502378360836,0.011783948022988782,0.15282803839823267,0.14784213044787414,0.010846174943190824,0.06559634610386669,131072,14680064,frozen E11 selected eigenvalue fractions
llama31_8b,E11_g128_k32,down,6,1,128,1,32,0.010177946989385551,0.011785580954551511,0.15282803839823267,0.14784213043985175,0.010847677925159607,0.06580216388162657,131072,14680064,frozen E11 selected eigenvalue fractions
llama31_8b,E11_g128_k32,down,6,2,128,1,32,0.010177546980613477,0.011781672952261861,0.15282803839823267,0.14784213041409208,0.010844080923846528,0.06549062799736387,131072,14680064,frozen E11 selected eigenvalue fractions
llama31_8b,E11_g128_kmax,down,6,0,128,1,112,0.009818863113148089,0.011783948022988782,0.22592669113912425,0.20920013045003732,0.010367686693467678,0.05589481938949527,131072,14680064,saved factor eigenvalue sum / calibration trace
llama31_8b,E11_g128_kmax,down,6,1,128,1,112,0.009818134762567321,0.011785580954551511,0.22592669113912425,0.20920013040620322,0.010369123370106207,0.05611947899101859,131072,14680064,saved factor eigenvalue sum / calibration trace
llama31_8b,E11_g128_kmax,down,6,2,128,1,112,0.009818946214758555,0.011781672952261861,0.22592669113912425,0.2092001304526904,0.010365685053571086,0.0556820280765715,131072,14680064,saved factor eigenvalue sum / calibration trace
llama31_8b,E11_g256_kmax,down,6,0,256,1,56,0.011052494458975761,0.01282523004989595,0.1849630400750678,0.17381346179095916,0.011578540407294077,0.04759522389003436,131072,7340032,frozen E11 selected eigenvalue fractions
llama31_8b,E11_g256_kmax,down,6,1,256,1,56,0.0110540866652569,0.012827229853121316,0.1849630400750678,0.17381346180754725,0.011580345817595605,0.04760765572724727,131072,7340032,frozen E11 selected eigenvalue fractions
llama31_8b,E11_g256_kmax,down,6,2,256,1,56,0.011053892917160952,0.012821754157829459,0.1849630400750678,0.17381346180984925,0.011575402392881339,0.047178806564224386,131072,7340032,frozen E11 selected eigenvalue fractions
llama31_8b,E20_hadamard_g64_m1,down,6,0,64,1,0,0.010651710897322657,0.010651710897322657,0.0038517704233527184,0.014721182546004257,0.010631177132912978,-0.0019277433088087795,131072,29360128,E11 energy-weighted P_N capture; frozen E20 construction
llama31_8b,E20_hadamard_g64_m1,down,6,1,64,1,0,0.010650936966973334,0.010650936966973334,0.0038517704233527184,0.014721182547612054,0.010630404694502708,-0.0019277433088087034,131072,29360128,E11 energy-weighted P_N capture; frozen E20 construction
llama31_8b,E20_hadamard_g64_m1,down,6,2,64,1,0,0.010650607910152043,0.010650607910152043,0.0038517704233527184,0.01472118254750045,0.010630076272018502,-0.0019277433088087847,131072,29360128,E11 energy-weighted P_N capture; frozen E20 construction
llama31_8b,E20_hadamard_g128_m1,down,6,0,128,1,0,0.011784415658353182,0.011784415658353182,0.0018597182352095842,0.007075668051901172,0.011773452712638152,-0.0009302918390577536,131072,14680064,E11 energy-weighted P_N capture; frozen E20 construction
llama31_8b,E20_hadamard_g128_m1,down,6,1,128,1,0,0.011783145856154618,0.011783145856154618,0.0018597182352095842,0.007075668053039705,0.011772184091726211,-0.0009302918390576235,131072,14680064,E11 energy-weighted P_N capture; frozen E20 construction
llama31_8b,E20_hadamard_g128_m1,down,6,2,128,1,0,0.011782757862067252,0.011782757862067252,0.001859718351624906,0.007075668051373419,0.011771796457900094,-0.0009302918973194643,131072,14680064,E11 energy-weighted P_N capture; frozen E20 construction
llama31_8b,E20_hadamard_g256_m1,down,6,0,256,1,0,0.012825471150229488,0.012825471150229488,0.0012293823529034853,0.003968380262619081,0.012817585021767422,-0.0006148802152913409,131072,7340032,E11 energy-weighted P_N capture; frozen E20 construction
llama31_8b,E20_hadamard_g256_m1,down,6,1,256,1,0,0.012824406885229804,0.012824406885229804,0.0012293823529034853,0.003968380261649466,0.012816521411163231,-0.0006148802152913001,131072,7340032,E11 energy-weighted P_N capture; frozen E20 construction
llama31_8b,E20_hadamard_g256_m1,down,6,2,256,1,0,0.012824135396491965,0.012824135396491965,0.0012293823529034853,0.003968380261613079,0.012816250089358444,-0.0006148802152913875,131072,7340032,E11 energy-weighted P_N capture; frozen E20 construction
llama31_8b,E20_hadamard_g256_m2,down,6,0,256,2,0,0.012804855556970514,0.012825471150229488,0.0018597182352095842,0.007075668294689093,0.01281353971908636,0.0006781928993427464,131072,7340032,E11 energy-weighted P_N capture; frozen E20 construction
llama31_8b,E20_hadamard_g256_m2,down,6,1,256,2,0,0.012804048577478966,0.012824406885229804,0.0018597182352095842,0.007075668293145701,0.01281247644416372,0.0006582188933254545,131072,7340032,E11 energy-weighted P_N capture; frozen E20 construction
llama31_8b,E20_hadamard_g256_m2,down,6,2,256,2,0,0.012803620702334317,0.012824135396491965,0.001859718351624906,0.007075668291767149,0.01281220520724248,0.0006704747905096697,131072,7340032,E11 energy-weighted P_N capture; frozen E20 construction
llama31_8b,E20_hadamard_g256_m3,down,6,0,256,3,0,0.012779500854898604,0.012825471150229488,0.0028811804950237274,0.010894571304888266,0.012806981574012433,0.0021503749971029016,131072,7340032,E11 energy-weighted P_N capture; frozen E20 construction
llama31_8b,E20_hadamard_g256_m3,down,6,1,256,3,0,0.01277879149136967,0.012824406885229804,0.0028811804950237274,0.01089457130660192,0.012805918843288458,0.0021228417364121165,131072,7340032,E11 energy-weighted P_N capture; frozen E20 construction
llama31_8b,E20_hadamard_g256_m3,down,6,2,256,3,0,0.012778559334337278,0.012824135396491965,0.0028811804950237274,0.01089457130434577,0.012805647745936764,0.002119832986704211,131072,7340032,E11 energy-weighted P_N capture; frozen E20 construction
llama31_8b,E20_hadamard_g128_m2,down,6,0,128,2,0,0.011737398229346465,0.011784415658353182,0.003851769957691431,0.014721182044313006,0.011761698332668644,0.002070314293454081,131072,14680064,E11 energy-weighted P_N capture; frozen E20 construction
llama31_8b,E20_hadamard_g128_m2,down,6,1,128,2,0,0.011736109571795605,0.011783145856154618,0.0038517704233527184,0.014721182040441996,0.011760430975573699,0.0020723565700632926,131072,14680064,E11 energy-weighted P_N capture; frozen E20 construction
llama31_8b,E20_hadamard_g128_m2,down,6,2,128,2,0,0.011735934604805534,0.011782757862067252,0.003851769957691431,0.01472118204148699,0.011760043732188025,0.0020542997378853226,131072,14680064,E11 energy-weighted P_N capture; frozen E20 construction
llama31_8b,E20_nar_g64_m1,down,6,0,64,1,224,0.008407779725024433,0.010651710897322657,0.28471291065216064,0.2613967928849062,0.009008646877208575,0.07146561539852848,131072,29360128,E11 energy-weighted P_N capture; frozen E20 construction
llama31_8b,E20_nar_g64_m1,down,6,1,64,1,224,0.008406907158714136,0.010650936966973334,0.28471291065216064,0.26139679282755235,0.009007992328348603,0.07149896606285412,131072,29360128,E11 energy-weighted P_N capture; frozen E20 construction
llama31_8b,E20_nar_g64_m1,down,6,2,64,1,224,0.008406795378332832,0.010650607910152043,0.28471291065216064,0.2613967928893564,0.00900771402970399,0.07148010916501296,131072,29360128,E11 energy-weighted P_N capture; frozen E20 construction
llama31_8b,E20_nar_g128_m1,down,6,0,128,1,112,0.009663534807580301,0.011784415658353182,0.2327520251274109,0.21514760436673533,0.010322286949909514,0.06816885906102108,131072,14680064,E11 energy-weighted P_N capture; frozen E20 construction
llama31_8b,E20_nar_g128_m1,down,6,1,128,1,112,0.009664087171742355,0.011783145856154618,0.2327520251274109,0.21514760435822453,0.01032117469597659,0.06799271494110161,131072,14680064,E11 energy-weighted P_N capture; frozen E20 construction
llama31_8b,E20_nar_g128_m1,down,6,2,128,1,112,0.00966411297507814,0.011782757862067252,0.2327520251274109,0.21514760436116187,0.010320834841509405,0.06795469673469481,131072,14680064,E11 energy-weighted P_N capture; frozen E20 construction
llama31_8b,E20_nar_g256_m1,down,6,0,256,1,56,0.010910352940003325,0.012825471150229488,0.18496304750442505,0.17381347131727798,0.011578758018450095,0.061263378198887726,131072,7340032,E11 energy-weighted P_N capture; frozen E20 construction
llama31_8b,E20_nar_g256_m1,down,6,1,256,1,56,0.010910210754888532,0.012824406885229804,0.18496304750442505,0.17381347130006947,0.011577797206425764,0.061189143503768466,131072,7340032,E11 energy-weighted P_N capture; frozen E20 construction
llama31_8b,E20_nar_g256_m1,down,6,2,256,1,56,0.010910857796140507,0.012824135396491965,0.18496304750442505,0.17381347133364639,0.011577552108030286,0.06110374860953719,131072,7340032,E11 energy-weighted P_N capture; frozen E20 construction
llama31_8b,E20_nar_g256_m2,down,6,0,256,2,112,0.010640249723135264,0.012825471150229488,0.2327520251274109,0.2151476244221911,0.011234175483840278,0.055818780212801865,131072,7340032,E11 energy-weighted P_N capture; frozen E20 construction
llama31_8b,E20_nar_g256_m2,down,6,1,256,2,112,0.010640372607865847,0.012824406885229804,0.2327520251274109,0.21514762445474608,0.011233243265473583,0.0557189752142194,131072,7340032,E11 energy-weighted P_N capture; frozen E20 construction
llama31_8b,E20_nar_g256_m2,down,6,2,256,2,112,0.010641218322138586,0.012824135396491965,0.2327520251274109,0.21514762441053328,0.01123300546117875,0.05561272413789101,131072,7340032,E11 energy-weighted P_N capture; frozen E20 construction
llama31_8b,E20_nar_g256_m3,down,6,0,256,3,168,0.010466946535674784,0.012825471150229488,0.26328349113464355,0.24206141866174313,0.011008382951688886,0.051728210722077346,131072,7340032,E11 energy-weighted P_N capture; frozen E20 construction
llama31_8b,E20_nar_g256_m3,down,6,1,256,3,168,0.010466938316595207,0.012824406885229804,0.26328349113464355,0.2420614186239185,0.011007469469716851,0.05164176350066365,131072,7340032,E11 energy-weighted P_N capture; frozen E20 construction
llama31_8b,E20_nar_g256_m3,down,6,2,256,3,168,0.010467560343971513,0.012824135396491965,0.26328349113464355,0.24206141872816395,0.01100723644498363,0.05155700882325719,131072,7340032,E11 energy-weighted P_N capture; frozen E20 construction
llama31_8b,E20_nar_g128_m2,down,6,0,128,2,224,0.009399543821761114,0.011784415658353182,0.28471288084983826,0.2613967670944603,0.009966628136578433,0.060331046439131224,131072,14680064,E11 energy-weighted P_N capture; frozen E20 construction
llama31_8b,E20_nar_g128_m2,down,6,1,128,2,224,0.009399834892030026,0.011783145856154618,0.28471288084983826,0.26139676700851794,0.009965554205830654,0.06018396283537847,131072,14680064,E11 energy-weighted P_N capture; frozen E20 construction
llama31_8b,E20_nar_g128_m2,down,6,2,128,2,224,0.00939917687528544,0.011782757862067252,0.28471288084983826,0.26139676710927434,0.009965226061194545,0.06022327203965025,131072,14680064,E11 energy-weighted P_N capture; frozen E20 construction
llama31_8b,E20_nar_g128_m2_c32,down,6,0,128,2,224,0.009399543821761114,0.011784415658353182,0.28471288084983826,0.2613967670944603,0.009966628136578433,0.060331046439131224,131072,14680064,E11 energy-weighted P_N capture; frozen E20 construction
llama31_8b,E20_nar_g128_m2_c32,down,6,1,128,2,224,0.009399834892030026,0.011783145856154618,0.28471288084983826,0.26139676700851794,0.009965554205830654,0.06018396283537847,131072,14680064,E11 energy-weighted P_N capture; frozen E20 construction
llama31_8b,E20_nar_g128_m2_c32,down,6,2,128,2,224,0.00939917687528544,0.011782757862067252,0.28471288084983826,0.26139676710927434,0.009965226061194545,0.06022327203965025,131072,14680064,E11 energy-weighted P_N capture; frozen E20 construction
llama31_8b,E20_nar_g256_m3_c32,down,6,0,256,3,168,0.010466946535674784,0.012825471150229488,0.26328349113464355,0.24206141866174313,0.011008382951688886,0.051728210722077346,131072,7340032,E11 energy-weighted P_N capture; frozen E20 construction
llama31_8b,E20_nar_g256_m3_c32,down,6,1,256,3,168,0.010466938316595207,0.012824406885229804,0.26328349113464355,0.2420614186239185,0.011007469469716851,0.05164176350066365,131072,7340032,E11 energy-weighted P_N capture; frozen E20 construction
llama31_8b,E20_nar_g256_m3_c32,down,6,2,256,3,168,0.010467560343971513,0.012824135396491965,0.26328349113464355,0.24206141872816395,0.01100723644498363,0.05155700882325719,131072,7340032,E11 energy-weighted P_N capture; frozen E20 construction
llama31_8b,E11_g64_kmax,qkv,7,0,64,1,64,0.09096679418210663,0.12621016533576057,0.4919203465961411,0.4791080384740846,0.08996223520593197,-0.011043139259844958,131072,8388608,frozen E11 selected eigenvalue fractions
llama31_8b,E11_g64_kmax,qkv,7,1,64,1,64,0.0909833758562133,0.12632881084049163,0.4919203465961411,0.47910803852979716,0.09004680537327424,-0.0102938638418867,131072,8388608,frozen E11 selected eigenvalue fractions
llama31_8b,E11_g64_kmax,qkv,7,2,64,1,64,0.0909717042287228,0.12626682401417666,0.4919203465961411,0.4791080385676164,0.09000262134551561,-0.010652574791505621,131072,8388608,frozen E11 selected eigenvalue fractions
llama31_8b,E11_g128_k8,qkv,7,0,128,1,8,0.11461333515522565,0.13970836485810523,0.3162596226850043,0.3097596522275003,0.11552288425271827,0.007935805168401916,131072,4194304,frozen E11 selected eigenvalue fractions
llama31_8b,E11_g128_k8,qkv,7,1,128,1,8,0.11461234061011094,0.13988258401366416,0.3162596226850043,0.3097596521736434,0.11566694362498765,0.009201478734862139,131072,4194304,frozen E11 selected eigenvalue fractions
llama31_8b,E11_g128_k8,qkv,7,2,128,1,8,0.11465498268425911,0.1397719500191723,0.3162596226850043,0.30975965217262813,0.11557546192914876,0.008028253315640891,131072,4194304,frozen E11 selected eigenvalue fractions
llama31_8b,E11_g128_k16,qkv,7,0,128,1,16,0.11086480963090217,0.13970836485810523,0.3686512197682449,0.3604447850362224,0.11100871682851136,0.0012980421658441133,131072,4194304,frozen E11 selected eigenvalue fractions
llama31_8b,E11_g128_k16,qkv,7,1,128,1,16,0.11088209448549957,0.13988258401366416,0.3686512197682449,0.36044478502458793,0.11114714694273671,0.002390399085325725,131072,4194304,frozen E11 selected eigenvalue fractions
llama31_8b,E11_g128_k16,qkv,7,2,128,1,16,0.11084802440760377,0.1397719500191723,0.3686512197682449,0.36044478501356336,0.11105923998184267,0.0019054518595859127,131072,4194304,frozen E11 selected eigenvalue fractions
llama31_8b,E11_g128_k32,qkv,7,0,128,1,32,0.10591755505368194,0.13970836485810523,0.43125069885621353,0.42044933572719706,0.10536171902482996,-0.0052478177821444925,131072,4194304,frozen E11 selected eigenvalue fractions
llama31_8b,E11_g128_k32,qkv,7,1,128,1,32,0.1059161013151515,0.13988258401366416,0.43125069885621353,0.42044933584807154,0.10549310721862484,-0.003993671323570022,131072,4194304,frozen E11 selected eigenvalue fractions
llama31_8b,E11_g128_k32,qkv,7,2,128,1,32,0.10591778214898362,0.1397719500191723,0.43125069885621353,0.4204493358823207,0.10540967207246102,-0.0047972121981169685,131072,4194304,frozen E11 selected eigenvalue fractions
llama31_8b,E11_g128_kmax,qkv,7,0,128,1,32,0.10615066522133532,0.13970836485810523,0.42811287895990685,0.4177381300861042,0.10565196233442863,-0.004698066525224713,131072,4194304,saved factor eigenvalue sum / calibration trace
llama31_8b,E11_g128_kmax,qkv,7,1,128,1,32,0.1061703565944514,0.13988258401366416,0.42811287895990685,0.4177381301590262,0.10578371246749864,-0.003641733336449638,131072,4194304,saved factor eigenvalue sum / calibration trace
llama31_8b,E11_g128_kmax,qkv,7,2,128,1,32,0.10616661206408828,0.1397719500191723,0.42811287895990685,0.4177381300871444,0.10570004747985934,-0.004394645125788702,131072,4194304,saved factor eigenvalue sum / calibration trace
llama31_8b,E11_g256_kmax,qkv,7,0,256,1,16,0.12104508639811051,0.15202648248735073,0.3686512197682449,0.35930582953057427,0.12079638010231766,-0.0020546583359432598,131072,2097152,frozen E11 selected eigenvalue fractions
llama31_8b,E11_g256_kmax,qkv,7,1,256,1,16,0.12107436874205035,0.15223730137629232,0.3686512197682449,0.359305829508272,0.12096389143471632,-0.000912474774651962,131072,2097152,frozen E11 selected eigenvalue fractions
llama31_8b,E11_g256_kmax,qkv,7,2,256,1,16,0.12110220668113314,0.15205298636902143,0.3686512197682449,0.3593058295173935,0.12081743941324888,-0.0023514622539791124,131072,2097152,frozen E11 selected eigenvalue fractions
llama31_8b,E20_hadamard_g64_m1,qkv,7,0,64,1,0,0.12620259732815375,0.12620259732815375,0.008504850789904594,0.016467586686171588,0.12566478425164523,-0.004261505609984324,131072,8388608,E11 energy-weighted P_N capture; frozen E20 construction
llama31_8b,E20_hadamard_g64_m1,qkv,7,1,64,1,0,0.12628409208241642,0.12628409208241642,0.00850484985858202,0.0164675866858563,0.1257459317746127,-0.004261505142330127,131072,8388608,E11 energy-weighted P_N capture; frozen E20 construction
llama31_8b,E20_hadamard_g64_m1,qkv,7,2,64,1,0,0.12607850897585582,0.12607850897585582,0.008504850789904594,0.016467586687667794,0.12554122470255674,-0.00426150560998439,131072,8388608,E11 energy-weighted P_N capture; frozen E20 construction
llama31_8b,E20_hadamard_g128_m1,qkv,7,0,128,1,0,0.1396440554670786,0.1396440554670786,0.003478960134088993,0.007166315070645316,0.13940093578096047,-0.0017409955998838537,131072,4194304,E11 energy-weighted P_N capture; frozen E20 construction
llama31_8b,E20_hadamard_g128_m1,qkv,7,1,128,1,0,0.13988461231381066,0.13988461231381066,0.003478960134088993,0.007166315071191645,0.13964107381928084,-0.001740995599883984,131072,4194304,E11 energy-weighted P_N capture; frozen E20 construction
llama31_8b,E20_hadamard_g128_m1,qkv,7,2,128,1,0,0.1395118377712219,0.1395118377712219,0.003478960134088993,0.007166315072414352,0.13926894827553046,-0.0017409955998840053,131072,4194304,E11 energy-weighted P_N capture; frozen E20 construction
llama31_8b,E20_hadamard_g256_m1,qkv,7,0,256,1,0,0.15195297837332689,0.15195297837332689,0.0029507908038794994,0.004691296935734627,0.1517286220182818,-0.0014764854065174942,131072,2097152,E11 energy-weighted P_N capture; frozen E20 construction
llama31_8b,E20_hadamard_g256_m1,qkv,7,1,256,1,0,0.15224789720225473,0.15224789720225473,0.0029507908038794994,0.0046912969353987265,0.15202310540386263,-0.0014764854065174918,131072,2097152,E11 energy-weighted P_N capture; frozen E20 construction
llama31_8b,E20_hadamard_g256_m1,qkv,7,2,256,1,0,0.15175296023675955,0.15175296023675955,0.0029507905710488558,0.004691296936135426,0.15152889922326662,-0.0014764852899301249,131072,2097152,E11 energy-weighted P_N capture; frozen E20 construction
llama31_8b,E20_hadamard_g256_m2,qkv,7,0,256,2,0,0.1517570504169079,0.15195297837332689,0.003478960134088993,0.007166315309627297,0.15168842890658965,-0.0004521800478444552,131072,2097152,E11 energy-weighted P_N capture; frozen E20 construction
llama31_8b,E20_hadamard_g256_m2,qkv,7,1,256,2,0,0.15205641055883845,0.15224789720225473,0.003478960134088993,0.0071663153074387935,0.15198283428313403,-0.0004838748687675547,131072,2097152,E11 energy-weighted P_N capture; frozen E20 construction
llama31_8b,E20_hadamard_g256_m2,qkv,7,2,256,2,0,0.1515597174058705,0.15175296023675955,0.003478960134088993,0.0071663153077003335,0.15148875900071798,-0.0004681877636554385,131072,2097152,E11 energy-weighted P_N capture; frozen E20 construction
llama31_8b,E20_hadamard_g256_m3,qkv,7,0,256,3,0,0.15142545826753917,0.15195297837332689,0.006080917082726955,0.011861701669238528,0.15149026714255484,0.0004279919358154819,131072,2097152,E11 energy-weighted P_N capture; frozen E20 construction
llama31_8b,E20_hadamard_g256_m3,qkv,7,1,256,3,0,0.15171500471441846,0.15224789720225473,0.006080917082726955,0.011861701665737212,0.15178428791567772,0.0004566667706314097,131072,2097152,E11 energy-weighted P_N capture; frozen E20 construction
llama31_8b,E20_hadamard_g256_m3,qkv,7,2,256,3,0,0.15120517558535695,0.15175296023675955,0.006080917082726955,0.011861701666117878,0.1512908580801836,0.0005666637699070477,131072,2097152,E11 energy-weighted P_N capture; frozen E20 construction
llama31_8b,E20_hadamard_g128_m2,qkv,7,0,128,2,0,0.13903192844543355,0.1396440554670786,0.00850484985858202,0.016467586110348358,0.13904896160660982,0.00012251258661747963,131072,4194304,E11 energy-weighted P_N capture; frozen E20 construction
llama31_8b,E20_hadamard_g128_m2,qkv,7,1,128,2,0,0.1391856375593079,0.13988461231381066,0.00850484985858202,0.016467586114126017,0.1392884933191025,0.0007389825674417997,131072,4194304,E11 energy-weighted P_N capture; frozen E20 construction
llama31_8b,E20_hadamard_g128_m2,qkv,7,2,128,2,0,0.1388443491299043,0.1395118377712219,0.00850484985858202,0.016467586122014044,0.13891730735714392,0.0005254677464141327,131072,4194304,E11 energy-weighted P_N capture; frozen E20 construction
llama31_8b,E20_nar_g64_m1,qkv,7,0,64,1,64,0.08919026258222629,0.12620259732815375,0.4919202923774719,0.4791080337878549,0.08995684555211397,0.008594917737583266,131072,8388608,E11 energy-weighted P_N capture; frozen E20 construction
llama31_8b,E20_nar_g64_m1,qkv,7,1,64,1,64,0.08920113859147416,0.12628409208241642,0.4919202923774719,0.479108033672963,0.0900149347767236,0.009123159167020195,131072,8388608,E11 energy-weighted P_N capture; frozen E20 construction
llama31_8b,E20_nar_g64_m1,qkv,7,2,64,1,64,0.08920669987815844,0.12607850897585582,0.4919202923774719,0.4791080338340596,0.08986839573429084,0.007417557840791911,131072,8388608,E11 energy-weighted P_N capture; frozen E20 construction
llama31_8b,E20_nar_g128_m1,qkv,7,0,128,1,32,0.10316749687918225,0.1396440554670786,0.431250661611557,0.420449313060174,0.10531322324400409,0.020798472675310372,131072,4194304,E11 energy-weighted P_N capture; frozen E20 construction
llama31_8b,E20_nar_g128_m1,qkv,7,1,128,1,32,0.1031581954993177,0.13988461231381066,0.431250661611557,0.4204493130914346,0.10549464032486752,0.022649144008778918,131072,4194304,E11 energy-weighted P_N capture; frozen E20 construction
llama31_8b,E20_nar_g128_m1,qkv,7,2,128,1,32,0.10314508545299272,0.1395118377712219,0.431250661611557,0.42044931313957273,0.10521351064489638,0.020053550615810205,131072,4194304,E11 energy-weighted P_N capture; frozen E20 construction
llama31_8b,E20_nar_g256_m1,qkv,7,0,256,1,16,0.11685678385596354,0.15195297837332689,0.3686511218547821,0.359305815145189,0.12073798496339488,0.033213314446641544,131072,2097152,E11 energy-weighted P_N capture; frozen E20 construction
llama31_8b,E20_nar_g256_m1,qkv,7,1,256,1,16,0.11679033937823036,0.15224789720225473,0.3686511218547821,0.35930581502072406,0.12097231998935949,0.03580759019447334,131072,2097152,E11 energy-weighted P_N capture; frozen E20 construction
llama31_8b,E20_nar_g256_m1,qkv,7,2,256,1,16,0.11679636393624548,0.15175296023675955,0.3686511814594269,0.359305815088844,0.12057904993023101,0.03238701845247807,131072,2097152,E11 energy-weighted P_N capture; frozen E20 construction
llama31_8b,E20_nar_g256_m2,qkv,7,0,256,2,32,0.1122232796627447,0.15195297837332689,0.43125060200691223,0.4204493537253742,0.11459606152966101,0.02114340156558453,131072,2097152,E11 energy-weighted P_N capture; frozen E20 construction
llama31_8b,E20_nar_g256_m2,qkv,7,1,256,2,32,0.11222548458783521,0.15224789720225473,0.431250661611557,0.4204493536661723,0.11481846995106229,0.023105138487485296,131072,2097152,E11 energy-weighted P_N capture; frozen E20 construction
llama31_8b,E20_nar_g256_m2,qkv,7,2,256,2,32,0.11220502126015397,0.15175296023675955,0.431250661611557,0.4204493532461067,0.11444521090351771,0.019965146106694538,131072,2097152,E11 energy-weighted P_N capture; frozen E20 construction
llama31_8b,E20_nar_g256_m3,qkv,7,0,256,3,48,0.10928784061480634,0.15195297837332689,0.4677358865737915,0.45601621289041855,0.11085947304775177,0.014380670567778678,131072,2097152,E11 energy-weighted P_N capture; frozen E20 construction
llama31_8b,E20_nar_g256_m3,qkv,7,1,256,3,48,0.1092509532330741,0.15224789720225473,0.4677359461784363,0.4560162129668737,0.11107462908670296,0.016692539512568466,131072,2097152,E11 energy-weighted P_N capture; frozen E20 construction
llama31_8b,E20_nar_g256_m3,qkv,7,2,256,3,48,0.10924661444421524,0.15175296023675955,0.4677358865737915,0.4560162128603296,0.11071354694970997,0.01342771593387725,131072,2097152,E11 energy-weighted P_N capture; frozen E20 construction
llama31_8b,E20_nar_g128_m2,qkv,7,0,128,2,64,0.09859297467352768,0.1396440554670786,0.4919202923774719,0.4791079857006081,0.09953787795079286,0.009583880397097781,131072,4194304,E11 energy-weighted P_N capture; frozen E20 construction
llama31_8b,E20_nar_g128_m2,qkv,7,1,128,2,64,0.09860065629629933,0.13988461231381066,0.4919202923774719,0.47910798551505523,0.0997093461738415,0.011244244401482601,131072,4194304,E11 energy-weighted P_N capture; frozen E20 construction
llama31_8b,E20_nar_g128_m2,qkv,7,2,128,2,64,0.09859210897220816,0.1395118377712219,0.4919202923774719,0.479107985688297,0.09944363356044557,0.008636843223197946,131072,4194304,E11 energy-weighted P_N capture; frozen E20 construction
llama31_8b,E20_nar_g128_m2_c32,qkv,7,0,128,2,64,0.09859297467352768,0.1396440554670786,0.4919202923774719,0.4791079857006081,0.09953787795079286,0.009583880397097781,131072,4194304,E11 energy-weighted P_N capture; frozen E20 construction
llama31_8b,E20_nar_g128_m2_c32,qkv,7,1,128,2,64,0.09860065629629933,0.13988461231381066,0.4919202923774719,0.47910798551505523,0.0997093461738415,0.011244244401482601,131072,4194304,E11 energy-weighted P_N capture; frozen E20 construction
llama31_8b,E20_nar_g128_m2_c32,qkv,7,2,128,2,64,0.09859210897220816,0.1395118377712219,0.4919202923774719,0.479107985688297,0.09944363356044557,0.008636843223197946,131072,4194304,E11 energy-weighted P_N capture; frozen E20 construction
llama31_8b,E20_nar_g256_m3_c32,qkv,7,0,256,3,48,0.10928784061480634,0.15195297837332689,0.4677358865737915,0.45601621289041855,0.11085947304775177,0.014380670567778678,131072,2097152,E11 energy-weighted P_N capture; frozen E20 construction
llama31_8b,E20_nar_g256_m3_c32,qkv,7,1,256,3,48,0.1092509532330741,0.15224789720225473,0.4677359461784363,0.4560162129668737,0.11107462908670296,0.016692539512568466,131072,2097152,E11 energy-weighted P_N capture; frozen E20 construction
llama31_8b,E20_nar_g256_m3_c32,qkv,7,2,256,3,48,0.10924661444421524,0.15175296023675955,0.4677358865737915,0.4560162128603296,0.11071354694970997,0.01342771593387725,131072,2097152,E11 energy-weighted P_N capture; frozen E20 construction
llama31_8b,E11_g64_kmax,down,7,0,64,1,224,0.008980550076404668,0.011043178197500487,0.2724701445908835,0.25265885576348374,0.009419318674455598,0.04885765285177167,131072,29360128,frozen E11 selected eigenvalue fractions
llama31_8b,E11_g64_kmax,down,7,1,64,1,224,0.008980606456070826,0.011043112398488717,0.2724701445908835,0.25265885573524993,0.009419262550951183,0.048844818779897596,131072,29360128,frozen E11 selected eigenvalue fractions
llama31_8b,E11_g64_kmax,down,7,2,64,1,224,0.008980458747494202,0.011043233849828011,0.2724701445908835,0.25265885571596897,0.009419366143309089,0.04887360525288911,131072,29360128,frozen E11 selected eigenvalue fractions
llama31_8b,E11_g128_k8,down,7,0,128,1,8,0.011106733674570601,0.012219595337030098,0.08650574026872143,0.08621115286105353,0.011679109638154257,0.05153413959084458,131072,14680064,frozen E11 selected eigenvalue fractions
llama31_8b,E11_g128_k8,down,7,1,128,1,8,0.01110667434086259,0.01222038075729651,0.08650574026872143,0.08621115286042524,0.01167986031844689,0.051607345276658605,131072,14680064,frozen E11 selected eigenvalue fractions
llama31_8b,E11_g128_k8,down,7,2,128,1,8,0.011106153694094813,0.012220256943590873,0.08650574026872143,0.08621115284451164,0.011679741981153145,0.051645988598493016,131072,14680064,frozen E11 selected eigenvalue fractions
llama31_8b,E11_g128_k16,down,7,0,128,1,16,0.010951696708172325,0.012219595337030098,0.11272459243290738,0.11035176995412876,0.011510284183967712,0.05100465166996089,131072,14680064,frozen E11 selected eigenvalue fractions
llama31_8b,E11_g128_k16,down,7,1,128,1,16,0.010951867678425629,0.01222038075729651,0.11272459243290738,0.11035176998441042,0.011511024012924474,0.05105579714045869,131072,14680064,frozen E11 selected eigenvalue fractions
llama31_8b,E11_g128_k16,down,7,2,128,1,16,0.010952031850120883,0.012220256943590873,0.11272459243290738,0.1103517699483879,0.011510907386236073,0.05102939288010035,131072,14680064,frozen E11 selected eigenvalue fractions
llama31_8b,E11_g128_k32,down,7,0,128,1,32,0.010757267833490831,0.012219595337030098,0.1453594553297503,0.14036666414836596,0.01129662130405965,0.05013851834102696,131072,14680064,frozen E11 selected eigenvalue fractions
llama31_8b,E11_g128_k32,down,7,1,128,1,32,0.010757204763331371,0.01222038075729651,0.1453594553297503,0.14036666414864463,0.01129734739973381,0.050212173913770766,131072,14680064,frozen E11 selected eigenvalue fractions
llama31_8b,E11_g128_k32,down,7,2,128,1,32,0.010756796098289088,0.012220256943590873,0.1453594553297503,0.14036666415483817,0.011297232937961036,0.050241431996457295,131072,14680064,frozen E11 selected eigenvalue fractions
llama31_8b,E11_g128_kmax,down,7,0,128,1,112,0.010370982927515386,0.012219595337030098,0.21543158582699318,0.2016566085484751,0.010823612463262543,0.043643841563587873,131072,14680064,saved factor eigenvalue sum / calibration trace
llama31_8b,E11_g128_kmax,down,7,1,128,1,112,0.010370974027894156,0.01222038075729651,0.21543158582699318,0.20165660860086326,0.010824308156069872,0.04371181790219626,131072,14680064,saved factor eigenvalue sum / calibration trace
llama31_8b,E11_g128_kmax,down,7,2,128,1,112,0.010371270325323098,0.012220256943590873,0.21543158582699318,0.20165660858082884,0.01082419848700715,0.043671425724788576,131072,14680064,saved factor eigenvalue sum / calibration trace
llama31_8b,E11_g256_kmax,down,7,0,256,1,56,0.011660102908241012,0.013308008976573138,0.1765042250581481,0.16702873196604276,0.012076574720679944,0.03571767897044735,131072,7340032,frozen E11 selected eigenvalue fractions
llama31_8b,E11_g256_kmax,down,7,1,256,1,56,0.011661494874168106,0.013309445336840944,0.1765042250581481,0.16702873191258916,0.012077878169763162,0.03570582503255269,131072,7340032,frozen E11 selected eigenvalue fractions
llama31_8b,E11_g256_kmax,down,7,2,256,1,56,0.011660265473909812,0.013308804256994338,0.1765042250581481,0.16702873195522885,0.012077296411163278,0.035765132293650206,131072,7340032,frozen E11 selected eigenvalue fractions
llama31_8b,E20_hadamard_g64_m1,down,7,0,64,1,0,0.011042900568583194,0.011042900568583194,0.003896512556821108,0.015671827312077644,0.011021365169504955,-0.0019501578362035193,131072,29360128,E11 energy-weighted P_N capture; frozen E20 construction
llama31_8b,E20_hadamard_g64_m1,down,7,1,64,1,0,0.011042706230792834,0.011042706230792834,0.003896512556821108,0.015671827310902445,0.01102117121070396,-0.0019501578362035685,131072,29360128,E11 energy-weighted P_N capture; frozen E20 construction
llama31_8b,E20_hadamard_g64_m1,down,7,2,64,1,0,0.011043850872954508,0.011043850872954508,0.003896512556821108,0.015671827310686958,0.011022313620632752,-0.001950157836203563,131072,29360128,E11 energy-weighted P_N capture; frozen E20 construction
llama31_8b,E20_hadamard_g128_m1,down,7,0,128,1,0,0.012219194669168829,0.012219194669168829,0.0018051144434139132,0.00787833726937571,0.012208161165343418,-0.0009029648945073481,131072,14680064,E11 energy-weighted P_N capture; frozen E20 construction
llama31_8b,E20_hadamard_g128_m1,down,7,1,128,1,0,0.012219925538227625,0.012219925538227625,0.0018051144434139132,0.007878337269194534,0.012208891374453112,-0.0009029648945073264,131072,14680064,E11 energy-weighted P_N capture; frozen E20 construction
llama31_8b,E20_hadamard_g128_m1,down,7,2,128,1,0,0.012221688634530705,0.012221688634530705,0.0018051144434139132,0.007878337268588843,0.012210652878742125,-0.0009029648945073374,131072,14680064,E11 energy-weighted P_N capture; frozen E20 construction
llama31_8b,E20_hadamard_g256_m1,down,7,0,256,1,0,0.013308131833146244,0.013308131833146244,0.0008017119253054261,0.0039214751260387235,0.013302796119508416,-0.0004009363376261818,131072,7340032,E11 energy-weighted P_N capture; frozen E20 construction
llama31_8b,E20_hadamard_g256_m1,down,7,1,256,1,0,0.013309376394307166,0.013309376394307166,0.000801711983513087,0.003921475126140223,0.013304040181292035,-0.00040093636674171465,131072,7340032,E11 energy-weighted P_N capture; frozen E20 construction
llama31_8b,E20_hadamard_g256_m1,down,7,2,256,1,0,0.01331131434430098,0.01331131434430098,0.000801711983513087,0.003921475127469621,0.01330597735429122,-0.000400936366741633,131072,7340032,E11 energy-weighted P_N capture; frozen E20 construction
llama31_8b,E20_hadamard_g256_m2,down,7,0,256,2,0,0.013281178562990143,0.013308131833146244,0.0018051144434139132,0.007878337539094,0.013296115057289436,0.0011246362081837533,131072,7340032,E11 energy-weighted P_N capture; frozen E20 construction
llama31_8b,E20_hadamard_g256_m2,down,7,1,256,2,0,0.013282217364201099,0.013309376394307166,0.0018051144434139132,0.007878337538879667,0.013297358494655322,0.001139955027014745,131072,7340032,E11 energy-weighted P_N capture; frozen E20 construction
llama31_8b,E20_hadamard_g256_m2,down,7,2,256,2,0,0.013284162839202767,0.01331131434430098,0.0018051144434139132,0.007878337538222493,0.013299294694748323,0.0011390898868614155,131072,7340032,E11 energy-weighted P_N capture; frozen E20 construction
llama31_8b,E20_hadamard_g256_m3,down,7,0,256,3,0,0.013253536390694456,0.013308131833146244,0.002920399885624647,0.01195390468553798,0.01328868509135775,0.0026520243071103656,131072,7340032,E11 energy-weighted P_N capture; frozen E20 construction
llama31_8b,E20_hadamard_g256_m3,down,7,1,256,3,0,0.013254603242449647,0.013309376394307166,0.002920399885624647,0.011953904685043468,0.013289927833881778,0.0026650810126853685,131072,7340032,E11 energy-weighted P_N capture; frozen E20 construction
llama31_8b,E20_hadamard_g256_m3,down,7,2,256,3,0,0.013256439419720514,0.01331131434430098,0.002920399885624647,0.0119539046811006,0.013291862952012066,0.002672175474121345,131072,7340032,E11 energy-weighted P_N capture; frozen E20 construction
llama31_8b,E20_hadamard_g128_m2,down,7,0,128,2,0,0.012170032494207308,0.012219194669168829,0.003896512556821108,0.01567182677650312,0.012195365310932653,0.002081573466414547,131072,14680064,E11 energy-weighted P_N capture; frozen E20 construction
llama31_8b,E20_hadamard_g128_m2,down,7,1,128,2,0,0.012170439613849147,0.012219925538227625,0.003896512556821108,0.015671826775468887,0.012196094754681426,0.0021079880140965047,131072,14680064,E11 energy-weighted P_N capture; frozen E20 construction
llama31_8b,E20_hadamard_g128_m2,down,7,2,128,2,0,0.012172246423994646,0.012221688634530705,0.003896512556821108,0.015671826772976925,0.012197854412668435,0.0021038013676184793,131072,14680064,E11 energy-weighted P_N capture; frozen E20 construction
llama31_8b,E20_nar_g64_m1,down,7,0,64,1,224,0.00889432047967119,0.011042900568583194,0.2724701762199402,0.2526588462346578,0.009419081665123903,0.0589995814353782,131072,29360128,E11 energy-weighted P_N capture; frozen E20 construction
llama31_8b,E20_nar_g64_m1,down,7,1,64,1,224,0.008894342856296648,0.011042706230792834,0.2724701762199402,0.25265884623634244,0.009418915904008274,0.058978280485360565,131072,29360128,E11 energy-weighted P_N capture; frozen E20 construction
llama31_8b,E20_nar_g64_m1,down,7,2,64,1,224,0.008894273454478093,0.011043850872954508,0.2724701762199402,0.25265884625387425,0.009419892230647386,0.05909631392147646,131072,29360128,E11 energy-weighted P_N capture; frozen E20 construction
llama31_8b,E20_nar_g128_m1,down,7,0,128,1,112,0.010214436979028463,0.012219194669168829,0.22235418856143951,0.2074185453689372,0.010775402518991149,0.054918889911839415,131072,14680064,E11 energy-weighted P_N capture; frozen E20 construction
llama31_8b,E20_nar_g128_m1,down,7,1,128,1,112,0.010214593927423474,0.012219925538227625,0.22235418856143951,0.20741854538532145,0.010776047030230263,0.05496577806186073,131072,14680064,E11 energy-weighted P_N capture; frozen E20 construction
llama31_8b,E20_nar_g128_m1,down,7,2,128,1,112,0.010214267756288269,0.012221688634530705,0.22235418856143951,0.20741854538541996,0.010777601803098672,0.05515168196600237,131072,14680064,E11 energy-weighted P_N capture; frozen E20 construction
llama31_8b,E20_nar_g256_m1,down,7,0,256,1,56,0.011514944097512858,0.013308131833146244,0.1765042394399643,0.16702872646243086,0.01207668610347071,0.04878373713331225,131072,7340032,E11 energy-weighted P_N capture; frozen E20 construction
llama31_8b,E20_nar_g256_m1,down,7,1,256,1,56,0.011512870039505043,0.013309376394307166,0.1765042394399643,0.16702872645909989,0.012077815501245356,0.04907077555829001,131072,7340032,E11 energy-weighted P_N capture; frozen E20 construction
llama31_8b,E20_nar_g256_m1,down,7,2,256,1,56,0.011514150743248162,0.01331131434430098,0.1765042394399643,0.16702872644100272,0.012079574126276497,0.049106824779056917,131072,7340032,E11 energy-weighted P_N capture; frozen E20 construction
llama31_8b,E20_nar_g256_m2,down,7,0,256,2,112,0.011237267055626539,0.013308131833146244,0.22235418856143951,0.20741856446589257,0.011735673353316392,0.04435298148763847,131072,7340032,E11 energy-weighted P_N capture; frozen E20 construction
llama31_8b,E20_nar_g256_m2,down,7,1,256,2,112,0.011238455404329883,0.013309376394307166,0.22235418856143951,0.20741856455613705,0.011736770859971414,0.044340208481811715,131072,7340032,E11 energy-weighted P_N capture; frozen E20 construction
llama31_8b,E20_nar_g256_m2,down,7,2,256,2,112,0.011236427928402673,0.01331131434430098,0.22235418856143951,0.20741856474835296,0.011738479826217587,0.04468073848859582,131072,7340032,E11 energy-weighted P_N capture; frozen E20 construction
llama31_8b,E20_nar_g256_m3,down,7,0,256,3,168,0.011057687752659298,0.013308131833146244,0.2516707181930542,0.23378823798726528,0.011512336201962216,0.041116050613165325,131072,7340032,E11 energy-weighted P_N capture; frozen E20 construction
llama31_8b,E20_nar_g256_m3,down,7,1,256,3,168,0.011057726221950828,0.013309376394307166,0.2516707181930542,0.23378823811993743,0.01151341282238408,0.04120979225626539,131072,7340032,E11 energy-weighted P_N capture; frozen E20 construction
llama31_8b,E20_nar_g256_m3,down,7,2,256,3,168,0.011056652552941986,0.01331131434430098,0.2516706883907318,0.23378823818191305,0.01151508949523643,0.04146254393898461,131072,7340032,E11 energy-weighted P_N capture; frozen E20 construction
llama31_8b,E20_nar_g128_m2,down,7,0,128,2,224,0.009937607648133522,0.012219194669168829,0.2724701762199402,0.25265882139626294,0.010422405939105036,0.048784205226956076,131072,14680064,E11 energy-weighted P_N capture; frozen E20 construction
llama31_8b,E20_nar_g128_m2,down,7,1,128,2,224,0.009938443890826765,0.012219925538227625,0.2724701464176178,0.252658821479015,0.010423029549974292,0.04875870553485767,131072,14680064,E11 energy-weighted P_N capture; frozen E20 construction
llama31_8b,E20_nar_g128_m2,down,7,2,128,2,224,0.009938383905230028,0.012221688634530705,0.2724701762199402,0.2526588215268207,0.010424533175809525,0.048916330382816314,131072,14680064,E11 energy-weighted P_N capture; frozen E20 construction
llama31_8b,E20_nar_g128_m2_c32,down,7,0,128,2,224,0.009937607648133522,0.012219194669168829,0.2724701762199402,0.25265882139626294,0.010422405939105036,0.048784205226956076,131072,14680064,E11 energy-weighted P_N capture; frozen E20 construction
llama31_8b,E20_nar_g128_m2_c32,down,7,1,128,2,224,0.009938443890826765,0.012219925538227625,0.2724701464176178,0.252658821479015,0.010423029549974292,0.04875870553485767,131072,14680064,E11 energy-weighted P_N capture; frozen E20 construction
llama31_8b,E20_nar_g128_m2_c32,down,7,2,128,2,224,0.009938383905230028,0.012221688634530705,0.2724701762199402,0.2526588215268207,0.010424533175809525,0.048916330382816314,131072,14680064,E11 energy-weighted P_N capture; frozen E20 construction
llama31_8b,E20_nar_g256_m3_c32,down,7,0,256,3,168,0.011057687752659298,0.013308131833146244,0.2516707181930542,0.23378823798726528,0.011512336201962216,0.041116050613165325,131072,7340032,E11 energy-weighted P_N capture; frozen E20 construction
llama31_8b,E20_nar_g256_m3_c32,down,7,1,256,3,168,0.011057726221950828,0.013309376394307166,0.2516707181930542,0.23378823811993743,0.01151341282238408,0.04120979225626539,131072,7340032,E11 energy-weighted P_N capture; frozen E20 construction
llama31_8b,E20_nar_g256_m3_c32,down,7,2,256,3,168,0.011056652552941986,0.01331131434430098,0.2516706883907318,0.23378823818191305,0.01151508949523643,0.04146254393898461,131072,7340032,E11 energy-weighted P_N capture; frozen E20 construction
llama31_8b,E11_g64_kmax,qkv,8,0,64,1,64,0.09950641791846415,0.1398202982945067,0.5037139776597697,0.49161121978446365,0.09850000355223368,-0.01011406487423889,131072,8388608,frozen E11 selected eigenvalue fractions
llama31_8b,E11_g64_kmax,qkv,8,1,64,1,64,0.09951746259197947,0.13974620136159466,0.5037139776597697,0.4916112198462634,0.09844780406300306,-0.010748450584617436,131072,8388608,frozen E11 selected eigenvalue fractions
llama31_8b,E11_g64_kmax,qkv,8,2,64,1,64,0.09949321836832103,0.13971613852720033,0.5037139776597697,0.49161121980333156,0.09842662552647617,-0.010720256710325388,131072,8388608,frozen E11 selected eigenvalue fractions
llama31_8b,E11_g128_k8,qkv,8,0,128,1,8,0.12614300558928804,0.15458136362497754,0.3149788966245858,0.30926567643112135,0.12794081401164428,0.014252145126538142,131072,4194304,frozen E11 selected eigenvalue fractions
llama31_8b,E11_g128_k8,qkv,8,1,128,1,8,0.12614521013638136,0.15449031436330252,0.3149788966245858,0.3092656763761377,0.12786545617819858,0.013637030212700017,131072,4194304,frozen E11 selected eigenvalue fractions
llama31_8b,E11_g128_k8,qkv,8,2,128,1,8,0.1261477387122314,0.1544683554896089,0.3149788966245858,0.30926567641981123,0.12784728169642887,0.013472639315988648,131072,4194304,frozen E11 selected eigenvalue fractions
llama31_8b,E11_g128_k16,qkv,8,0,128,1,16,0.12186060467117521,0.15458136362497754,0.37264980589338137,0.3645974137439996,0.12243685131979967,0.00472873616686367,131072,4194304,frozen E11 selected eigenvalue fractions
llama31_8b,E11_g128_k16,qkv,8,1,128,1,16,0.12184621856094147,0.15449031436330252,0.37264980589338137,0.36459741381274163,0.12236473535023475,0.00425550169235612,131072,4194304,frozen E11 selected eigenvalue fractions
llama31_8b,E11_g128_k16,qkv,8,2,128,1,16,0.12184140359542184,0.1544683554896089,0.37264980589338137,0.36459741386954714,0.12234734272740799,0.004152440115234897,131072,4194304,frozen E11 selected eigenvalue fractions
llama31_8b,E11_g128_k32,qkv,8,0,128,1,32,0.11600093166899494,0.15458136362497754,0.4417130250474891,0.43140015375173574,0.11550103659114269,-0.004309405714763462,131072,4194304,frozen E11 selected eigenvalue fractions
llama31_8b,E11_g128_k32,qkv,8,1,128,1,32,0.11599401175362267,0.15449031436330252,0.4417130250474891,0.4314001537544359,0.1154330058540751,-0.004836507428841968,131072,4194304,frozen E11 selected eigenvalue fractions
llama31_8b,E11_g128_k32,qkv,8,2,128,1,32,0.11600093857603966,0.1544683554896089,0.4417130250474891,0.43140015377721835,0.11541659849024734,-0.005037373774430973,131072,4194304,frozen E11 selected eigenvalue fractions
llama31_8b,E11_g128_kmax,qkv,8,0,128,1,32,0.11631766392536669,0.15458136362497754,0.43856549840322145,0.42820287103226223,0.11582616654040835,-0.004225475034244994,131072,4194304,saved factor eigenvalue sum / calibration trace
llama31_8b,E11_g128_kmax,qkv,8,1,128,1,32,0.11630491019559841,0.15449031436330252,0.43856549840322145,0.42820287097127596,0.11575794430003701,-0.004702861595796145,131072,4194304,saved factor eigenvalue sum / calibration trace
llama31_8b,E11_g128_kmax,qkv,8,2,128,1,32,0.11629832316288446,0.1544683554896089,0.43856549840322145,0.42820287106606036,0.11574149075025694,-0.00478796596101938,131072,4194304,saved factor eigenvalue sum / calibration trace
llama31_8b,E11_g256_kmax,qkv,8,0,256,1,16,0.13319325264232873,0.16820325732691188,0.37264980589338137,0.36350470938220675,0.13322613234803585,0.0002468571421963168,131072,2097152,frozen E11 selected eigenvalue fractions
llama31_8b,E11_g256_kmax,qkv,8,1,256,1,16,0.1331562408476259,0.16805173210035207,0.37264980589338137,0.3635047094722698,0.1331061161235671,-0.00037643540955888545,131072,2097152,frozen E11 selected eigenvalue fractions
llama31_8b,E11_g256_kmax,qkv,8,2,256,1,16,0.13322673259289353,0.16802213927842402,0.37264980589338137,0.3635047094787974,0.13308267699834805,-0.0010812814496146891,131072,2097152,frozen E11 selected eigenvalue fractions
llama31_8b,E20_hadamard_g64_m1,qkv,8,0,64,1,0,0.13968593861302114,0.13968593861302114,0.005123365204781294,0.013203496448994293,0.13932764807164863,-0.0025649721434388858,131072,8388608,E11 energy-weighted P_N capture; frozen E20 construction
llama31_8b,E20_hadamard_g64_m1,qkv,8,1,64,1,0,0.1397582659772727,0.1397582659772727,0.005123365204781294,0.013203496450771969,0.13939978991822566,-0.002564972143438989,131072,8388608,E11 energy-weighted P_N capture; frozen E20 construction
llama31_8b,E20_hadamard_g64_m1,qkv,8,2,64,1,0,0.1397684839974005,0.1397684839974005,0.005123365204781294,0.013203496448456078,0.13940998172941646,-0.0025649721434390176,131072,8388608,E11 energy-weighted P_N capture; frozen E20 construction
llama31_8b,E20_hadamard_g128_m1,qkv,8,0,128,1,0,0.15442661277093706,0.15442661277093706,0.002035886747762561,0.005908308751772317,0.15426933513306665,-0.0010184620063103922,131072,4194304,E11 energy-weighted P_N capture; frozen E20 construction
llama31_8b,E20_hadamard_g128_m1,qkv,8,1,128,1,0,0.15452752375190748,0.15452752375190748,0.0020358869805932045,0.005908308751681994,0.15437014332202922,-0.0010184621228444032,131072,4194304,E11 energy-weighted P_N capture; frozen E20 construction
llama31_8b,E20_hadamard_g128_m1,qkv,8,2,128,1,0,0.154567266834583,0.154567266834583,0.002035886747762561,0.0059083087506823645,0.15440984594589274,-0.0010184620063103183,131072,4194304,E11 energy-weighted P_N capture; frozen E20 construction
llama31_8b,E20_hadamard_g256_m1,qkv,8,0,256,1,0,0.1679207304245871,0.1679207304245871,0.001535911113023758,0.0034244860898967164,0.16779172521243424,-0.0007682506610510618,131072,2097152,E11 energy-weighted P_N capture; frozen E20 construction
llama31_8b,E20_hadamard_g256_m1,qkv,8,1,256,1,0,0.16810448724007898,0.16810448724007898,0.0015359112294390798,0.003424486088934857,0.16797534084683866,-0.0007682507193034353,131072,2097152,E11 energy-weighted P_N capture; frozen E20 construction
llama31_8b,E20_hadamard_g256_m1,qkv,8,2,256,1,0,0.16816073771810736,0.16816073771810736,0.001535911113023758,0.0034244860893757056,0.16803154812019258,-0.0007682506610510905,131072,2097152,E11 energy-weighted P_N capture; frozen E20 construction
llama31_8b,E20_hadamard_g256_m2,qkv,8,0,256,2,0,0.1677042409793259,0.1679207304245871,0.002035886747762561,0.0059083089458131155,0.16774970954057777,0.00027112350281873013,131072,2097152,E11 energy-weighted P_N capture; frozen E20 construction
llama31_8b,E20_hadamard_g256_m2,qkv,8,1,256,2,0,0.16789121271266438,0.16810448724007898,0.0020358869805932045,0.005908308945494139,0.1679332791871448,0.0002505579285581843,131072,2097152,E11 energy-weighted P_N capture; frozen E20 construction
llama31_8b,E20_hadamard_g256_m2,qkv,8,2,256,2,0,0.16794066931045037,0.16816073771810736,0.0020358869805932045,0.005908308945850315,0.16798947237619188,0.000290597065867908,131072,2097152,E11 energy-weighted P_N capture; frozen E20 construction
llama31_8b,E20_hadamard_g256_m3,qkv,8,0,256,3,0,0.16737671652465735,0.1679207304245871,0.0038423072546720505,0.009794943540438061,0.16759781842391908,0.001320983610221258,131072,2097152,E11 energy-weighted P_N capture; frozen E20 construction
llama31_8b,E20_hadamard_g256_m3,qkv,8,1,256,3,0,0.16756395717230887,0.16810448724007898,0.003842307487502694,0.009794943540450322,0.16778122185496994,0.0012966074944007462,131072,2097152,E11 energy-weighted P_N capture; frozen E20 construction
llama31_8b,E20_hadamard_g256_m3,qkv,8,2,256,3,0,0.16759283909084033,0.16816073771810736,0.0038423072546720505,0.00979494354093881,0.16783736418279063,0.0014590426015622542,131072,2097152,E11 energy-weighted P_N capture; frozen E20 construction
llama31_8b,E20_hadamard_g128_m2,qkv,8,0,128,2,0,0.15383017091083495,0.15442661277093706,0.005123365204781294,0.013203495993238992,0.15403051281097396,0.0013023576516412794,131072,4194304,E11 energy-weighted P_N capture; frozen E20 construction
llama31_8b,E20_hadamard_g128_m2,qkv,8,1,128,2,0,0.15396148783713848,0.15452752375190748,0.005123365204781294,0.013203495993997953,0.15413116495808923,0.0011020750925078225,131072,4194304,E11 energy-weighted P_N capture; frozen E20 construction
llama31_8b,E20_hadamard_g128_m2,qkv,8,2,128,2,0,0.15395417271342637,0.154567266834583,0.005123365204781294,0.01320349599584597,0.15417080610086478,0.0014071290411962695,131072,4194304,E11 energy-weighted P_N capture; frozen E20 construction
llama31_8b,E20_nar_g64_m1,qkv,8,0,64,1,64,0.0975267875101371,0.13968593861302114,0.5037139654159546,0.49161127112786784,0.09840535163444437,0.009008439083630759,131072,8388608,E11 energy-weighted P_N capture; frozen E20 construction
llama31_8b,E20_nar_g64_m1,qkv,8,1,64,1,64,0.0975188496593351,0.1397582659772727,0.5037139654159546,0.4916112710115488,0.0984563045061696,0.009613063014066807,131072,8388608,E11 energy-weighted P_N capture; frozen E20 construction
llama31_8b,E20_nar_g64_m1,qkv,8,2,64,1,64,0.0975075931434517,0.1397684839974005,0.5037139654159546,0.49161127112709646,0.09846350285321633,0.009803438675368665,131072,8388608,E11 energy-weighted P_N capture; frozen E20 construction
llama31_8b,E20_nar_g128_m1,qkv,8,0,128,1,32,0.11286397061114162,0.15442661277093706,0.44171303510665894,0.43140020056876177,0.11538540787417706,0.02234049758645061,131072,4194304,E11 energy-weighted P_N capture; frozen E20 construction
llama31_8b,E20_nar_g128_m1,qkv,8,1,128,1,32,0.11285099327626735,0.15452752375190748,0.44171303510665894,0.4314002004896853,0.11546080714953076,0.02312619319950863,131072,4194304,E11 energy-weighted P_N capture; frozen E20 construction
llama31_8b,E20_nar_g128_m1,qkv,8,2,128,1,32,0.11284474293031632,0.154567266834583,0.44171303510665894,0.4314002006302271,0.11549050262573404,0.0234460164178984,131072,4194304,E11 energy-weighted P_N capture; frozen E20 construction
llama31_8b,E20_nar_g256_m1,qkv,8,0,256,1,16,0.12813381487299225,0.1679207304245871,0.3726498484611511,0.36350478422239607,0.13300235115576492,0.037995717895376986,131072,2097152,E11 energy-weighted P_N capture; frozen E20 construction
llama31_8b,E20_nar_g256_m1,qkv,8,1,256,1,16,0.1281598265085595,0.16810448724007898,0.37264981865882874,0.36350478427079136,0.1331478997101679,0.0389207237361176,131072,2097152,E11 energy-weighted P_N capture; frozen E20 construction
llama31_8b,E20_nar_g256_m1,qkv,8,2,256,1,16,0.1281532519860562,0.16816073771810736,0.3726498484611511,0.3635047843711352,0.1331924499854449,0.039321655293905446,131072,2097152,E11 energy-weighted P_N capture; frozen E20 construction
llama31_8b,E20_nar_g256_m2,qkv,8,0,256,2,32,0.12279402426605124,0.1679207304245871,0.44171303510665894,0.4314002418244537,0.1254680240854003,0.021776302514163546,131072,2097152,E11 energy-weighted P_N capture; frozen E20 construction
llama31_8b,E20_nar_g256_m2,qkv,8,1,256,2,32,0.12278271204257507,0.16810448724007898,0.44171303510665894,0.43140024184866416,0.1256053246110334,0.022988680747494755,131072,2097152,E11 energy-weighted P_N capture; frozen E20 construction
llama31_8b,E20_nar_g256_m2,qkv,8,2,256,2,32,0.12276199667073051,0.16816073771810736,0.44171303510665894,0.4314002416931737,0.12564735418245224,0.023503670435246888,131072,2097152,E11 energy-weighted P_N capture; frozen E20 construction
llama31_8b,E20_nar_g256_m3,qkv,8,0,256,3,48,0.11947238542508032,0.1679207304245871,0.47992169857025146,0.46852363600791874,0.12109847720681594,0.013610607806565637,131072,2097152,E11 energy-weighted P_N capture; frozen E20 construction
llama31_8b,E20_nar_g256_m3,qkv,8,1,256,3,48,0.11946713499424,0.16810448724007898,0.47992169857025146,0.4685236362854671,0.12123099610711,0.014764404561597963,131072,2097152,E11 energy-weighted P_N capture; frozen E20 construction
llama31_8b,E20_nar_g256_m3,qkv,8,2,256,3,48,0.11949705835806945,0.16816073771810736,0.47992169857025146,0.4685236363049731,0.12127156195752148,0.014849768051484398,131072,2097152,E11 energy-weighted P_N capture; frozen E20 construction
llama31_8b,E20_nar_g128_m2,qkv,8,0,128,2,64,0.1078269398641023,0.15442661277093706,0.5037139654159546,0.4916112217641963,0.10878979861773769,0.008929667807033276,131072,4194304,E11 energy-weighted P_N capture; frozen E20 construction
llama31_8b,E20_nar_g128_m2,qkv,8,1,128,2,64,0.10780452938405283,0.15452752375190748,0.5037139654159546,0.49161122180711775,0.10886088795331986,0.009798832899717601,131072,4194304,E11 energy-weighted P_N capture; frozen E20 construction
llama31_8b,E20_nar_g128_m2,qkv,8,2,128,2,64,0.10780034380417991,0.154567266834583,0.5037139654159546,0.4916112222773844,0.10888888598994798,0.01009776172648772,131072,4194304,E11 energy-weighted P_N capture; frozen E20 construction
llama31_8b,E20_nar_g128_m2_c32,qkv,8,0,128,2,64,0.1078269398641023,0.15442661277093706,0.5037139654159546,0.4916112217641963,0.10878979861773769,0.008929667807033276,131072,4194304,E11 energy-weighted P_N capture; frozen E20 construction
llama31_8b,E20_nar_g128_m2_c32,qkv,8,1,128,2,64,0.10780452938405283,0.15452752375190748,0.5037139654159546,0.49161122180711775,0.10886088795331986,0.009798832899717601,131072,4194304,E11 energy-weighted P_N capture; frozen E20 construction
llama31_8b,E20_nar_g128_m2_c32,qkv,8,2,128,2,64,0.10780034380417991,0.154567266834583,0.5037139654159546,0.4916112222773844,0.10888888598994798,0.01009776172648772,131072,4194304,E11 energy-weighted P_N capture; frozen E20 construction
llama31_8b,E20_nar_g256_m3_c32,qkv,8,0,256,3,48,0.11947238542508032,0.1679207304245871,0.47992169857025146,0.46852363600791874,0.12109847720681594,0.013610607806565637,131072,2097152,E11 energy-weighted P_N capture; frozen E20 construction
llama31_8b,E20_nar_g256_m3_c32,qkv,8,1,256,3,48,0.11946713499424,0.16810448724007898,0.47992169857025146,0.4685236362854671,0.12123099610711,0.014764404561597963,131072,2097152,E11 energy-weighted P_N capture; frozen E20 construction
llama31_8b,E20_nar_g256_m3_c32,qkv,8,2,256,3,48,0.11949705835806945,0.16816073771810736,0.47992169857025146,0.4685236363049731,0.12127156195752148,0.014849768051484398,131072,2097152,E11 energy-weighted P_N capture; frozen E20 construction
llama31_8b,E11_g64_kmax,down,8,0,64,1,224,0.009459530607093147,0.011518141433682414,0.27073916390311115,0.24067928879826125,0.00983612077168719,0.03981066082831424,131072,29360128,frozen E11 selected eigenvalue fractions
llama31_8b,E11_g64_kmax,down,8,1,64,1,224,0.009460035041976884,0.011517226595938504,0.27073916390311115,0.24067928878122846,0.0098353395298013,0.0396726318834003,131072,29360128,frozen E11 selected eigenvalue fractions
llama31_8b,E11_g64_kmax,down,8,2,64,1,224,0.00946010873528764,0.011518480055621862,0.27073916390311115,0.24067928881389314,0.009836409943886675,0.039777683230571556,131072,29360128,frozen E11 selected eigenvalue fractions
llama31_8b,E11_g128_k8,down,8,0,128,1,8,0.011691232428835756,0.012750958941973043,0.07264686302529777,0.06975542234553521,0.012279068440533723,0.05028007229144661,131072,14680064,frozen E11 selected eigenvalue fractions
llama31_8b,E11_g128_k8,down,8,1,128,1,8,0.011690291727810236,0.0127495167382374,0.07264686302529777,0.06975542233643162,0.012277679610214707,0.05024578479997411,131072,14680064,frozen E11 selected eigenvalue fractions
llama31_8b,E11_g128_k8,down,8,2,128,1,8,0.01169047038079615,0.012751534112396363,0.07264686302529777,0.06975542235350485,0.01227962232491411,0.05039591435822429,131072,14680064,frozen E11 selected eigenvalue fractions
llama31_8b,E11_g128_k16,down,8,0,128,1,16,0.011530732026819248,0.012750958941973043,0.0993470497280549,0.0940296954224566,0.012101009038162224,0.04945713854216479,131072,14680064,frozen E11 selected eigenvalue fractions
llama31_8b,E11_g128_k16,down,8,1,128,1,16,0.011531690725101693,0.0127495167382374,0.0993470497280549,0.09402969538812919,0.012099640347343024,0.049251201387585146,131072,14680064,frozen E11 selected eigenvalue fractions
llama31_8b,E11_g128_k16,down,8,2,128,1,16,0.011531205940140074,0.012751534112396363,0.0993470497280549,0.0940296953896005,0.012101554890636752,0.049461344585937525,131072,14680064,frozen E11 selected eigenvalue fractions
llama31_8b,E11_g128_k32,down,8,0,128,1,32,0.01134514442244199,0.012750958941973043,0.1341595365111427,0.1226136259415021,0.011864837274760627,0.045807513149909704,131072,14680064,frozen E11 selected eigenvalue fractions
llama31_8b,E11_g128_k32,down,8,1,128,1,32,0.01134489953818366,0.0127495167382374,0.1341595365111427,0.1226136259011221,0.011863495296269573,0.045711798182123155,131072,14680064,frozen E11 selected eigenvalue fractions
llama31_8b,E11_g128_k32,down,8,2,128,1,32,0.011345170650137373,0.012751534112396363,0.1341595365111427,0.12261362591565715,0.011865372473996152,0.04585226964853813,131072,14680064,frozen E11 selected eigenvalue fractions
llama31_8b,E11_g128_kmax,down,8,0,128,1,112,0.010929952554753248,0.012750958941973043,0.21050270230321386,0.18753993716861989,0.011329693763570528,0.03657300494350629,131072,14680064,saved factor eigenvalue sum / calibration trace
llama31_8b,E11_g128_kmax,down,8,1,128,1,112,0.010930019038340202,0.0127495167382374,0.21050270230321386,0.18753993716822398,0.011328412312760133,0.036449458415621416,131072,14680064,saved factor eigenvalue sum / calibration trace
llama31_8b,E11_g128_kmax,down,8,2,128,1,112,0.01093097305140156,0.012751534112396363,0.21050270230321386,0.18753993716795136,0.011330204823545527,0.036522985672604646,131072,14680064,saved factor eigenvalue sum / calibration trace
llama31_8b,E11_g256_kmax,down,8,0,256,1,56,0.012302843852864065,0.013889951657037118,0.16814787062382264,0.14979165818151965,0.012668459301019194,0.02971796216612266,131072,7340032,frozen E11 selected eigenvalue fractions
llama31_8b,E11_g256_kmax,down,8,1,256,1,56,0.012302176006407388,0.013887598480162109,0.16814787062382264,0.14979165818699322,0.012666313064213968,0.029599402383523418,131072,7340032,frozen E11 selected eigenvalue fractions
llama31_8b,E11_g256_kmax,down,8,2,256,1,56,0.012301627741601009,0.013890430028695975,0.16814787062382264,0.14979165814875878,0.012668895604329718,0.029855224889199127,131072,7340032,frozen E11 selected eigenvalue fractions
llama31_8b,E20_hadamard_g64_m1,down,8,0,64,1,0,0.011517564644384224,0.011517564644384224,0.004757987800985575,0.01620910326466743,0.011490131758104647,-0.0023818304586597167,131072,29360128,E11 energy-weighted P_N capture; frozen E20 construction
llama31_8b,E20_hadamard_g64_m1,down,8,1,64,1,0,0.011519096342227888,0.011519096342227888,0.004757988266646862,0.016209103266587834,0.011491659805015332,-0.0023818306920462577,131072,29360128,E11 energy-weighted P_N capture; frozen E20 construction
llama31_8b,E20_hadamard_g64_m1,down,8,2,64,1,0,0.01151817241847868,0.01151817241847868,0.004757987800985575,0.016209103263377392,0.011490738084584255,-0.0023818304586596313,131072,29360128,E11 energy-weighted P_N capture; frozen E20 construction
llama31_8b,E20_hadamard_g128_m1,down,8,0,128,1,0,0.012749601143538403,0.012749601143538403,0.0021912241354584694,0.007748113461063117,0.012735624866178977,-0.0010962129091002394,131072,14680064,E11 energy-weighted P_N capture; frozen E20 construction
llama31_8b,E20_hadamard_g128_m1,down,8,1,128,1,0,0.0127516691372043,0.0127516691372043,0.0021912241354584694,0.007748113462001874,0.012737690592883521,-0.00109621290910028,131072,14680064,E11 energy-weighted P_N capture; frozen E20 construction
llama31_8b,E20_hadamard_g128_m1,down,8,2,128,1,0,0.012750650637295349,0.012750650637295349,0.0021912241354584694,0.007748113459552253,0.012736673209467319,-0.0010962129091002142,131072,14680064,E11 energy-weighted P_N capture; frozen E20 construction
llama31_8b,E20_hadamard_g256_m1,down,8,0,256,1,0,0.01388728687877716,0.01388728687877716,0.0008304191287606955,0.003627970974330613,0.01388151954686744,-0.00041529579968094574,131072,7340032,E11 energy-weighted P_N capture; frozen E20 construction
llama31_8b,E20_hadamard_g256_m1,down,8,1,256,1,0,0.013889820933611638,0.013889820933611638,0.0008304191287606955,0.0036279709747167516,0.013884052549319589,-0.00041529579968094076,131072,7340032,E11 energy-weighted P_N capture; frozen E20 construction
llama31_8b,E20_hadamard_g256_m1,down,8,2,256,1,0,0.013888267426036613,0.013888267426036613,0.0008304191287606955,0.0036279709745897994,0.013882499686909735,-0.0004152957996808971,131072,7340032,E11 energy-weighted P_N capture; frozen E20 construction
llama31_8b,E20_hadamard_g256_m2,down,8,0,256,2,0,0.013858018887241983,0.01388728687877716,0.0021912241354584694,0.007748113725677802,0.013872063455628266,0.0010134614839653231,131072,7340032,E11 energy-weighted P_N capture; frozen E20 construction
llama31_8b,E20_hadamard_g256_m2,down,8,1,256,2,0,0.013860352552850992,0.013889820933611638,0.0021912241354584694,0.007748113728915806,0.013874594732599123,0.0010275481589536594,131072,7340032,E11 energy-weighted P_N capture; frozen E20 construction
llama31_8b,E20_hadamard_g256_m2,down,8,2,256,2,0,0.013859224656294458,0.013888267426036613,0.0021912241354584694,0.007748113725343795,0.013873042927999155,0.0009970450762858214,131072,7340032,E11 energy-weighted P_N capture; frozen E20 construction
llama31_8b,E20_hadamard_g256_m3,down,8,0,256,3,0,0.013829077654885946,0.01388728687877716,0.003198577556759119,0.011805700324211316,0.013865059308322018,0.002601883822914185,131072,7340032,E11 energy-weighted P_N capture; frozen E20 construction
llama31_8b,E20_hadamard_g256_m3,down,8,1,256,3,0,0.013831646024572588,0.013889820933611638,0.0031985777895897627,0.011805700328630726,0.013867589305605553,0.0025986264374543255,131072,7340032,E11 energy-weighted P_N capture; frozen E20 construction
llama31_8b,E20_hadamard_g256_m3,down,8,2,256,3,0,0.013830373834809593,0.013888267426036613,0.0031985777895897627,0.011805700324598998,0.013866038284527848,0.0025787046788635255,131072,7340032,E11 energy-weighted P_N capture; frozen E20 construction
llama31_8b,E20_hadamard_g128_m2,down,8,0,128,2,0,0.012693884724677426,0.012749601143538403,0.004757988266646862,0.016209102712047452,0.012719233752223376,0.001996947986826249,131072,14680064,E11 energy-weighted P_N capture; frozen E20 construction
llama31_8b,E20_hadamard_g128_m2,down,8,1,128,2,0,0.012695666037455247,0.0127516691372043,0.004757987800985575,0.016209102711029103,0.012721296823254557,0.0020188610604353332,131072,14680064,E11 energy-weighted P_N capture; frozen E20 construction
llama31_8b,E20_hadamard_g128_m2,down,8,2,128,2,0,0.012694689774723671,0.012750650637295349,0.004757987800985575,0.016209102711097517,0.01272028074923971,0.00201588025939742,131072,14680064,E11 energy-weighted P_N capture; frozen E20 construction
llama31_8b,E20_nar_g64_m1,down,8,0,64,1,224,0.009357964309417714,0.011517564644384224,0.27073919773101807,0.24067929239646188,0.009835627984135146,0.05104354525446514,131072,29360128,E11 energy-weighted P_N capture; frozen E20 construction
llama31_8b,E20_nar_g64_m1,down,8,1,64,1,224,0.009357652585954898,0.011519096342227888,0.27073919773101807,0.2406792924104457,0.009836936004592555,0.05121833859883012,131072,29360128,E11 energy-weighted P_N capture; frozen E20 construction
llama31_8b,E20_nar_g64_m1,down,8,2,64,1,224,0.009357988202289379,0.01151817241847868,0.27073919773101807,0.24067929240661495,0.0098361470035699,0.051096324439000855,131072,29360128,E11 energy-weighted P_N capture; frozen E20 construction
llama31_8b,E20_nar_g128_m1,down,8,0,128,1,112,0.010749196799651552,0.012749601143538403,0.2176283597946167,0.19367480901517617,0.011277248445820402,0.04912475378494946,131072,14680064,E11 energy-weighted P_N capture; frozen E20 construction
llama31_8b,E20_nar_g128_m1,down,8,1,128,1,112,0.010748899386232167,0.0127516691372043,0.2176283597946167,0.19367480900435582,0.011279077622913249,0.04932395565634989,131072,14680064,E11 energy-weighted P_N capture; frozen E20 construction
llama31_8b,E20_nar_g128_m1,down,8,2,128,1,112,0.010748607617991917,0.012750650637295349,0.2176283597946167,0.1936748090536169,0.011278176741671085,0.04926862552808525,131072,14680064,E11 energy-weighted P_N capture; frozen E20 construction
llama31_8b,E20_nar_g256_m1,down,8,0,256,1,56,0.01212848594278063,0.01388728687877716,0.16814789175987244,0.14979166348296205,0.01266602870436741,0.04432068142081225,131072,7340032,E11 energy-weighted P_N capture; frozen E20 construction
llama31_8b,E20_nar_g256_m1,down,8,1,256,1,56,0.012129319059666141,0.013889820933611638,0.16814789175987244,0.1497916634627077,0.012668339912564669,0.044439498231268706,131072,7340032,E11 energy-weighted P_N capture; frozen E20 construction
llama31_8b,E20_nar_g256_m1,down,8,2,256,1,56,0.012127149763949685,0.013888267426036613,0.16814789175987244,0.14979166345272438,0.012666923021583048,0.04450949053486121,131072,7340032,E11 energy-weighted P_N capture; frozen E20 construction
llama31_8b,E20_nar_g256_m2,down,8,0,256,2,112,0.01182304222843454,0.01388728687877716,0.2176283597946167,0.19367482708772252,0.012283551666220019,0.03895016433908604,131072,7340032,E11 energy-weighted P_N capture; frozen E20 construction
llama31_8b,E20_nar_g256_m2,down,8,1,256,2,112,0.011822795466455562,0.013889820933611638,0.2176283597946167,0.1936748269985946,0.012285793082686463,0.039161433312836155,131072,7340032,E11 energy-weighted P_N capture; frozen E20 construction
llama31_8b,E20_nar_g256_m2,down,8,2,256,2,112,0.011822668022200349,0.013888267426036613,0.2176283597946167,0.1936748269071332,0.012284418977670252,0.03905640880745677,131072,7340032,E11 energy-weighted P_N capture; frozen E20 construction
llama31_8b,E20_nar_g256_m3,down,8,0,256,3,168,0.011630373765097726,0.01388728687877716,0.24895642697811127,0.22120329108006856,0.012035107507943666,0.03479971934010664,131072,7340032,E11 energy-weighted P_N capture; frozen E20 construction
llama31_8b,E20_nar_g256_m3,down,8,1,256,3,168,0.011632209299495726,0.013889820933611638,0.24895644187927246,0.22120329104218459,0.012037303470646653,0.03482521339849758,131072,7340032,E11 energy-weighted P_N capture; frozen E20 construction
llama31_8b,E20_nar_g256_m3,down,8,2,256,3,168,0.011631708403862058,0.013888267426036613,0.24895644187927246,0.22120329099520383,0.01203595715796099,0.03475403096975075,131072,7340032,E11 energy-weighted P_N capture; frozen E20 construction
llama31_8b,E20_nar_g128_m2,down,8,0,128,2,224,0.010454406046336786,0.012749601143538403,0.27073919773101807,0.24067926852521043,0.010887747337723077,0.04145058929848365,131072,14680064,E11 energy-weighted P_N capture; frozen E20 construction
llama31_8b,E20_nar_g128_m2,down,8,1,128,2,224,0.0104539157262615,0.0127516691372043,0.27073919773101807,0.24067926847825133,0.010889513337480781,0.04166836835359284,131072,14680064,E11 energy-weighted P_N capture; frozen E20 construction
llama31_8b,E20_nar_g128_m2,down,8,2,128,2,224,0.010454828292559773,0.012750650637295349,0.27073919773101807,0.24067926845503182,0.010888643571474196,0.041494251916423155,131072,14680064,E11 energy-weighted P_N capture; frozen E20 construction
llama31_8b,E20_nar_g128_m2_c32,down,8,0,128,2,224,0.010454406046336786,0.012749601143538403,0.27073919773101807,0.24067926852521043,0.010887747337723077,0.04145058929848365,131072,14680064,E11 energy-weighted P_N capture; frozen E20 construction
llama31_8b,E20_nar_g128_m2_c32,down,8,1,128,2,224,0.0104539157262615,0.0127516691372043,0.27073919773101807,0.24067926847825133,0.010889513337480781,0.04166836835359284,131072,14680064,E11 energy-weighted P_N capture; frozen E20 construction
llama31_8b,E20_nar_g128_m2_c32,down,8,2,128,2,224,0.010454828292559773,0.012750650637295349,0.27073919773101807,0.24067926845503182,0.010888643571474196,0.041494251916423155,131072,14680064,E11 energy-weighted P_N capture; frozen E20 construction
llama31_8b,E20_nar_g256_m3_c32,down,8,0,256,3,168,0.011630373765097726,0.01388728687877716,0.24895642697811127,0.22120329108006856,0.012035107507943666,0.03479971934010664,131072,7340032,E11 energy-weighted P_N capture; frozen E20 construction
llama31_8b,E20_nar_g256_m3_c32,down,8,1,256,3,168,0.011632209299495726,0.013889820933611638,0.24895644187927246,0.22120329104218459,0.012037303470646653,0.03482521339849758,131072,7340032,E11 energy-weighted P_N capture; frozen E20 construction
llama31_8b,E20_nar_g256_m3_c32,down,8,2,256,3,168,0.011631708403862058,0.013888267426036613,0.24895644187927246,0.22120329099520383,0.01203595715796099,0.03475403096975075,131072,7340032,E11 energy-weighted P_N capture; frozen E20 construction
llama31_8b,E11_g64_kmax,qkv,9,0,64,1,64,0.09945924355137992,0.1402958075679388,0.5131272387587943,0.5004275364683771,0.09789317904735052,-0.01574579142279899,131072,8388608,frozen E11 selected eigenvalue fractions
llama31_8b,E11_g64_kmax,qkv,9,1,64,1,64,0.09946981084913942,0.14035825600172647,0.5131272387587943,0.5004275365414699,0.09793675323403492,-0.015412290442872225,131072,8388608,frozen E11 selected eigenvalue fractions
llama31_8b,E11_g64_kmax,qkv,9,2,64,1,64,0.0994772938576749,0.1402516982037536,0.5131272387587943,0.5004275364269181,0.0978624011790685,-0.016233781760457564,131072,8388608,frozen E11 selected eigenvalue fractions
llama31_8b,E11_g128_k8,qkv,9,0,128,1,8,0.12594760038470465,0.15500499367585796,0.3213920031835612,0.3169188384405048,0.12768949703257576,0.013830328188472976,131072,4194304,frozen E11 selected eigenvalue fractions
llama31_8b,E11_g128_k8,qkv,9,1,128,1,8,0.12592631627198347,0.1551206096189226,0.3213920031835612,0.31691883842620633,0.12778473874878618,0.014758015098200527,131072,4194304,frozen E11 selected eigenvalue fractions
llama31_8b,E11_g128_k8,qkv,9,2,128,1,8,0.12591264791741885,0.15499661264178677,0.3213920031835612,0.3169188382953649,0.127682592932264,0.014056927910895696,131072,4194304,frozen E11 selected eigenvalue fractions
llama31_8b,E11_g128_k16,qkv,9,0,128,1,16,0.12152485039410088,0.15500499367585796,0.38368751845994914,0.3763441181222165,0.12168755671983965,0.0013388728742402636,131072,4194304,frozen E11 selected eigenvalue fractions
llama31_8b,E11_g128_k16,qkv,9,1,128,1,16,0.12151543909396167,0.1551206096189226,0.38368751845994914,0.3763441179054654,0.12177832167712108,0.0021633677590230166,131072,4194304,frozen E11 selected eigenvalue fractions
llama31_8b,E11_g128_k16,qkv,9,2,128,1,16,0.12152129569552717,0.15499661264178677,0.38368751845994914,0.37634411794707157,0.12168097714111303,0.001314020268397665,131072,4194304,frozen E11 selected eigenvalue fractions
llama31_8b,E11_g128_k32,qkv,9,0,128,1,32,0.11547159176888133,0.15500499367585796,0.4559308307095209,0.4450641248798148,0.11433330243784871,-0.009857743481279163,131072,4194304,frozen E11 selected eigenvalue fractions
llama31_8b,E11_g128_k32,qkv,9,1,128,1,32,0.11551072256424444,0.1551206096189226,0.4559308307095209,0.44506412486174046,0.11441858196511795,-0.009454885008784063,131072,4194304,frozen E11 selected eigenvalue fractions
llama31_8b,E11_g128_k32,qkv,9,2,128,1,32,0.11550454494461437,0.15499661264178677,0.4559308307095209,0.445064124931428,0.11432712049957383,-0.010193749913521842,131072,4194304,frozen E11 selected eigenvalue fractions
llama31_8b,E11_g128_kmax,qkv,9,0,128,1,32,0.11570029971497142,0.15500499367585796,0.4537095327636965,0.4429448546548171,0.11456646179491363,-0.009799783776282437,131072,4194304,saved factor eigenvalue sum / calibration trace
llama31_8b,E11_g128_kmax,qkv,9,1,128,1,32,0.1157234499070201,0.1551206096189226,0.4537095327636965,0.442944854643083,0.11465191523231512,-0.009259442883580877,131072,4194304,saved factor eigenvalue sum / calibration trace
llama31_8b,E11_g128_kmax,qkv,9,2,128,1,32,0.11572250315611576,0.15499661264178677,0.4537095327636965,0.4429448546975133,0.11456026724984157,-0.01004330078054287,131072,4194304,saved factor eigenvalue sum / calibration trace
llama31_8b,E11_g256_kmax,qkv,9,0,256,1,16,0.13276087042621754,0.1685647205446159,0.38368751845994914,0.37516256448312385,0.13233269784282858,-0.0032251414292053136,131072,2097152,frozen E11 selected eigenvalue fractions
llama31_8b,E11_g256_kmax,qkv,9,1,256,1,16,0.1327704193173851,0.16870240775684664,0.38368751845994914,0.375162564370931,0.1324407899761889,-0.002482701665709196,131072,2097152,frozen E11 selected eigenvalue fractions
llama31_8b,E11_g256_kmax,qkv,9,2,256,1,16,0.1327878056529883,0.16861000543067206,0.38368751845994914,0.37516256429847683,0.13236824900159985,-0.0031596022641181185,131072,2097152,frozen E11 selected eigenvalue fractions
llama31_8b,E20_hadamard_g64_m1,qkv,9,0,64,1,0,0.14030610913961805,0.14030610913961805,0.0033400505781173706,0.011422069690679182,0.14007159840593222,-0.0016714221150018987,131072,8388608,E11 energy-weighted P_N capture; frozen E20 construction
llama31_8b,E20_hadamard_g64_m1,qkv,9,1,64,1,0,0.14032786181455403,0.14032786181455403,0.0033400505781173706,0.011422069689118321,0.14009331472296627,-0.0016714221150018324,131072,8388608,E11 energy-weighted P_N capture; frozen E20 construction
llama31_8b,E20_hadamard_g64_m1,qkv,9,2,64,1,0,0.1403023059381523,0.1403023059381523,0.0033400508109480143,0.01142206968965362,0.14006780154486081,-0.0016714222316121649,131072,8388608,E11 energy-weighted P_N capture; frozen E20 construction
llama31_8b,E20_hadamard_g128_m1,qkv,9,0,128,1,0,0.15504979637747063,0.15504979637747063,0.001185469445772469,0.005177306500888062,0.15495786572605727,-0.0005929104943133977,131072,4194304,E11 energy-weighted P_N capture; frozen E20 construction
llama31_8b,E20_hadamard_g128_m1,qkv,9,1,128,1,0,0.15505730423110187,0.15505730423110187,0.001185469445772469,0.005177306499747046,0.1549653691282033,-0.0005929104943134009,131072,4194304,E11 energy-weighted P_N capture; frozen E20 construction
llama31_8b,E20_hadamard_g128_m1,qkv,9,2,128,1,0,0.15504205615827438,0.15504205615827438,0.001185469445772469,0.005177306498968425,0.15495013009611822,-0.0005929104943133542,131072,4194304,E11 energy-weighted P_N capture; frozen E20 construction
llama31_8b,E20_hadamard_g256_m1,qkv,9,0,256,1,0,0.16864517706416748,0.16864517706416748,0.0007203496061265469,0.0027219442747975437,0.16858442437796642,-0.00036023968938020547,131072,2097152,E11 energy-weighted P_N capture; frozen E20 construction
llama31_8b,E20_hadamard_g256_m1,qkv,9,1,256,1,0,0.16864539057211303,0.16864539057211303,0.0007203496061265469,0.002721944274316444,0.16858463780899793,-0.00036023968938017414,131072,2097152,E11 energy-weighted P_N capture; frozen E20 construction
llama31_8b,E20_hadamard_g256_m1,qkv,9,2,256,1,0,0.16865027288085344,0.16865027288085344,0.0007203496643342078,0.002721944274118573,0.1685895183540268,-0.00036023971849458787,131072,2097152,E11 energy-weighted P_N capture; frozen E20 construction
llama31_8b,E20_hadamard_g256_m2,qkv,9,0,256,2,0,0.1684205753942294,0.16864517706416748,0.001185469445772469,0.005177306668775623,0.16854518556887083,0.0007398750084409636,131072,2097152,E11 energy-weighted P_N capture; frozen E20 construction
llama31_8b,E20_hadamard_g256_m2,qkv,9,1,256,2,0,0.1684261978228605,0.16864539057211303,0.001185469445772469,0.005177306668708165,0.16854539895022524,0.0007077350727237275,131072,2097152,E11 energy-weighted P_N capture; frozen E20 construction
llama31_8b,E20_hadamard_g256_m2,qkv,9,2,256,2,0,0.16842242340477043,0.16865027288085344,0.0011854695621877909,0.005177306669094593,0.168550278354371,0.0007591325846992535,131072,2097152,E11 energy-weighted P_N capture; frozen E20 construction
llama31_8b,E20_hadamard_g256_m3,qkv,9,0,256,3,0,0.1681183611946082,0.16864517706416748,0.0025392714887857437,0.00861467189651922,0.16843092302049842,0.0018591772110388058,131072,2097152,E11 energy-weighted P_N capture; frozen E20 construction
llama31_8b,E20_hadamard_g256_m3,qkv,9,1,256,3,0,0.16813273176220633,0.16864539057211303,0.0025392714887857437,0.008614671895680595,0.16843113625719433,0.0017748150039579261,131072,2097152,E11 energy-weighted P_N capture; frozen E20 construction
llama31_8b,E20_hadamard_g256_m3,qkv,9,2,256,3,0,0.16811175012831114,0.16865027288085344,0.0025392714887857437,0.008614671897053885,0.16843601236324096,0.0019288493200643297,131072,2097152,E11 energy-weighted P_N capture; frozen E20 construction
llama31_8b,E20_hadamard_g128_m2,qkv,9,0,128,2,0,0.15453084756225088,0.15504979637747063,0.003340050345286727,0.01142206929416729,0.15479064273695917,0.0016811864996962977,131072,4194304,E11 energy-weighted P_N capture; frozen E20 construction
llama31_8b,E20_hadamard_g128_m2,qkv,9,1,128,2,0,0.15455989707327156,0.15505730423110187,0.0033400505781173706,0.011422069294945204,0.15479813802371742,0.0015414150433402508,131072,4194304,E11 energy-weighted P_N capture; frozen E20 construction
llama31_8b,E20_hadamard_g128_m2,qkv,9,2,128,2,0,0.15451703037468612,0.15504205615827438,0.0033400505781173706,0.011422069297944168,0.15478291543685607,0.0017207492373184773,131072,4194304,E11 energy-weighted P_N capture; frozen E20 construction
llama31_8b,E20_nar_g64_m1,qkv,9,0,64,1,64,0.09847197385500595,0.14030610913961805,0.5131272673606873,0.5004276159606845,0.09790036422400639,-0.005804795096737064,131072,8388608,E11 energy-weighted P_N capture; frozen E20 construction
llama31_8b,E20_nar_g64_m1,qkv,9,1,64,1,64,0.09847257120038977,0.14032786181455403,0.5131272673606873,0.5004276160507184,0.0979155424283778,-0.0056566896265806505,131072,8388608,E11 energy-weighted P_N capture; frozen E20 construction
llama31_8b,E20_nar_g64_m1,qkv,9,2,64,1,64,0.09844557780312746,0.1403023059381523,0.5131272673606873,0.5004276159792739,0.09789771049202708,-0.005565179496391459,131072,8388608,E11 energy-weighted P_N capture; frozen E20 construction
llama31_8b,E20_nar_g128_m1,qkv,9,0,128,1,32,0.11375079768582985,0.15504979637747063,0.45593082904815674,0.4450642015544233,0.11436634955315819,0.005411407039346155,131072,4194304,E11 energy-weighted P_N capture; frozen E20 construction
llama31_8b,E20_nar_g128_m1,qkv,9,1,128,1,32,0.11374823254756539,0.15505730423110187,0.45593082904815674,0.4450642015199594,0.11437188742442823,0.005482765427603964,131072,4194304,E11 energy-weighted P_N capture; frozen E20 construction
llama31_8b,E20_nar_g128_m1,qkv,9,2,128,1,32,0.11373728396047067,0.15504205615827438,0.4559308886528015,0.44506420147281245,0.11436063402231951,0.005480613217961889,131072,4194304,E11 energy-weighted P_N capture; frozen E20 construction
llama31_8b,E20_nar_g256_m1,qkv,9,0,256,1,16,0.1293644163168839,0.16864517706416748,0.3836875557899475,0.3751626561096912,0.1323958566840097,0.023433340121136174,131072,2097152,E11 energy-weighted P_N capture; frozen E20 construction
llama31_8b,E20_nar_g256_m1,qkv,9,1,256,1,16,0.12933094893962505,0.16864539057211303,0.3836875557899475,0.37516265625097905,0.13239602429963826,0.0236994732130518,131072,2097152,E11 energy-weighted P_N capture; frozen E20 construction
llama31_8b,E20_nar_g256_m1,qkv,9,2,256,1,16,0.12933745443127265,0.16865027288085344,0.3836875557899475,0.37516265623436607,0.13239985718391953,0.023677617331445015,131072,2097152,E11 energy-weighted P_N capture; frozen E20 construction
llama31_8b,E20_nar_g256_m2,qkv,9,0,256,2,32,0.12374022306222976,0.16864517706416748,0.4559308886528015,0.44506424414483947,0.12439443755941985,0.005286999497819606,131072,2097152,E11 energy-weighted P_N capture; frozen E20 construction
llama31_8b,E20_nar_g256_m2,qkv,9,1,256,2,32,0.12371804476348736,0.16864539057211303,0.4559308886528015,0.44506424396884525,0.12439459504510231,0.005468485077567443,131072,2097152,E11 energy-weighted P_N capture; frozen E20 construction
llama31_8b,E20_nar_g256_m2,qkv,9,2,256,2,32,0.1237289121503764,0.16865027288085344,0.4559308886528015,0.4450642442001608,0.12439819628683554,0.005409278436439447,131072,2097152,E11 energy-weighted P_N capture; frozen E20 construction
llama31_8b,E20_nar_g256_m3,qkv,9,0,256,3,48,0.12038753769150112,0.16864517706416748,0.4918549060821533,0.48040062745908335,0.12021752818951742,-0.0014121852248474497,131072,2097152,E11 energy-weighted P_N capture; frozen E20 construction
llama31_8b,E20_nar_g256_m3,qkv,9,1,256,3,48,0.12039633208895495,0.16864539057211303,0.4918549060821533,0.48040062750841694,0.12021768038715454,-0.0014838633262383306,131072,2097152,E11 energy-weighted P_N capture; frozen E20 construction
llama31_8b,E20_nar_g256_m3,qkv,9,2,256,3,48,0.12040247346282484,0.16865027288085344,0.4918549060821533,0.4804006274074813,0.1202211607065971,-0.0015058889656758725,131072,2097152,E11 energy-weighted P_N capture; frozen E20 construction
llama31_8b,E20_nar_g128_m2,qkv,9,0,128,2,64,0.1087516553426644,0.15504979637747063,0.5131272673606873,0.5004275663666271,0.10818795868045496,-0.005183338685128947,131072,4194304,E11 energy-weighted P_N capture; frozen E20 construction
llama31_8b,E20_nar_g128_m2,qkv,9,1,128,2,64,0.10874606013192967,0.15505730423110187,0.5131272673606873,0.500427566200674,0.10819319738039145,-0.005083979602272431,131072,4194304,E11 energy-weighted P_N capture; frozen E20 construction
llama31_8b,E20_nar_g128_m2,qkv,9,2,128,2,64,0.10872992360198719,0.15504205615827438,0.5131272673606873,0.5004275658257429,0.10818255784450323,-0.005034177707027789,131072,4194304,E11 energy-weighted P_N capture; frozen E20 construction
llama31_8b,E20_nar_g128_m2_c32,qkv,9,0,128,2,64,0.1087516553426644,0.15504979637747063,0.5131272673606873,0.5004275663666271,0.10818795868045496,-0.005183338685128947,131072,4194304,E11 energy-weighted P_N capture; frozen E20 construction
llama31_8b,E20_nar_g128_m2_c32,qkv,9,1,128,2,64,0.10874606013192967,0.15505730423110187,0.5131272673606873,0.500427566200674,0.10819319738039145,-0.005083979602272431,131072,4194304,E11 energy-weighted P_N capture; frozen E20 construction
llama31_8b,E20_nar_g128_m2_c32,qkv,9,2,128,2,64,0.10872992360198719,0.15504205615827438,0.5131272673606873,0.5004275658257429,0.10818255784450323,-0.005034177707027789,131072,4194304,E11 energy-weighted P_N capture; frozen E20 construction
llama31_8b,E20_nar_g256_m3_c32,qkv,9,0,256,3,48,0.12038753769150112,0.16864517706416748,0.4918549060821533,0.48040062745908335,0.12021752818951742,-0.0014121852248474497,131072,2097152,E11 energy-weighted P_N capture; frozen E20 construction
llama31_8b,E20_nar_g256_m3_c32,qkv,9,1,256,3,48,0.12039633208895495,0.16864539057211303,0.4918549060821533,0.48040062750841694,0.12021768038715454,-0.0014838633262383306,131072,2097152,E11 energy-weighted P_N capture; frozen E20 construction
llama31_8b,E20_nar_g256_m3_c32,qkv,9,2,256,3,48,0.12040247346282484,0.16865027288085344,0.4918549060821533,0.4804006274074813,0.1202211607065971,-0.0015058889656758725,131072,2097152,E11 energy-weighted P_N capture; frozen E20 construction
llama31_8b,E11_g64_kmax,down,9,0,64,1,224,0.009904087026391086,0.012267015494597602,0.30008831911032163,0.2688943784137289,0.010262674026333877,0.036205962143433953,131072,29360128,frozen E11 selected eigenvalue fractions
llama31_8b,E11_g64_kmax,down,9,1,64,1,224,0.00990396726743155,0.01226796568597561,0.30008831911032163,0.26889437845902364,0.010263468963324005,0.03629875646647671,131072,29360128,frozen E11 selected eigenvalue fractions
llama31_8b,E11_g64_kmax,down,9,2,64,1,224,0.009903939988896144,0.012267740346087923,0.30008831911032163,0.268894378473685,0.010263280442341581,0.03628257580804342,131072,29360128,frozen E11 selected eigenvalue fractions
llama31_8b,E11_g128_k8,down,9,0,128,1,8,0.01229741452075899,0.013568316575594113,0.09792595762304852,0.09516700893028875,0.012886858531031905,0.04793235271348207,131072,14680064,frozen E11 selected eigenvalue fractions
llama31_8b,E11_g128_k8,down,9,1,128,1,8,0.012298208578347403,0.013569394258563643,0.09792595762304852,0.09516700897204278,0.012887882088220615,0.04794791909054209,131072,14680064,frozen E11 selected eigenvalue fractions
llama31_8b,E11_g128_k8,down,9,2,128,1,8,0.012298110928208443,0.013569571239735298,0.09792595762304852,0.09516700893364068,0.01288805018065191,0.04796990821495276,131072,14680064,frozen E11 selected eigenvalue fractions
llama31_8b,E11_g128_k16,down,9,0,128,1,16,0.012123316114583758,0.013568316575594113,0.12601567609775965,0.12003413986433832,0.012684629584131206,0.04630032445266488,131072,14680064,frozen E11 selected eigenvalue fractions
llama31_8b,E11_g128_k16,down,9,1,128,1,16,0.012122241776527178,0.013569394258563643,0.12601567609775965,0.12003413986427815,0.012685637078996281,0.04647616446324555,131072,14680064,frozen E11 selected eigenvalue fractions
llama31_8b,E11_g128_k16,down,9,2,128,1,16,0.012122672633450111,0.013569571239735298,0.12601567609775965,0.12003413992878673,0.012685802533612062,0.04645261958226156,131072,14680064,frozen E11 selected eigenvalue fractions
llama31_8b,E11_g128_k32,down,9,0,128,1,32,0.01191013938921705,0.013568316575594113,0.16187421108611647,0.15112570901210737,0.012421686663055365,0.04295056985659209,131072,14680064,frozen E11 selected eigenvalue fractions
llama31_8b,E11_g128_k32,down,9,1,128,1,32,0.011910116211097752,0.013569394258563643,0.16187421108611647,0.15112570903164024,0.012422673273302482,0.0430354375322663,131072,14680064,frozen E11 selected eigenvalue fractions
llama31_8b,E11_g128_k32,down,9,2,128,1,32,0.01190937895335753,0.013569571239735298,0.16187421108611647,0.15112570900697903,0.012422835298167345,0.04311361212207122,131072,14680064,frozen E11 selected eigenvalue fractions
llama31_8b,E11_g128_kmax,down,9,0,128,1,112,0.011457919282445692,0.013568316575594113,0.23922775108938357,0.2156069645544353,0.011834592244205367,0.03287446459295307,131072,14680064,saved factor eigenvalue sum / calibration trace
llama31_8b,E11_g128_kmax,down,9,1,128,1,112,0.011457125959238059,0.013569394258563643,0.23922775108938357,0.21560696455222497,0.011835532223637736,0.03302802690185685,131072,14680064,saved factor eigenvalue sum / calibration trace
llama31_8b,E11_g128_kmax,down,9,2,128,1,112,0.011457273901804685,0.013569571239735298,0.23922775108938357,0.2156069645798898,0.011835686590613901,0.03302816115355422,131072,14680064,saved factor eigenvalue sum / calibration trace
llama31_8b,E11_g256_kmax,down,9,0,256,1,56,0.012906811797536388,0.014774939179073243,0.19621639260111826,0.17784067505692666,0.0132463209705969,0.026304650473428035,131072,7340032,frozen E11 selected eigenvalue fractions
llama31_8b,E11_g256_kmax,down,9,1,256,1,56,0.01290767961948117,0.014776813416957055,0.19621639260111826,0.1778406750783989,0.013248001299448569,0.026365829490667108,131072,7340032,frozen E11 selected eigenvalue fractions
llama31_8b,E11_g256_kmax,down,9,2,256,1,56,0.012905988882117025,0.01477686220836892,0.19621639260111826,0.17784067504056955,0.01324804504289105,0.026503677005951028,131072,7340032,frozen E11 selected eigenvalue fractions
llama31_8b,E20_hadamard_g64_m1,down,9,0,64,1,0,0.012268450703011762,0.012268450703011762,0.003875181544572115,0.014029442571047025,0.01224465639194471,-0.001939471547227227,131072,29360128,E11 energy-weighted P_N capture; frozen E20 construction
llama31_8b,E20_hadamard_g64_m1,down,9,1,64,1,0,0.012266133507861512,0.012266133507861512,0.003875181544572115,0.014029442571091552,0.012242343690928524,-0.0019394715472272372,131072,29360128,E11 energy-weighted P_N capture; frozen E20 construction
llama31_8b,E20_hadamard_g64_m1,down,9,2,64,1,0,0.012266206412275018,0.012266206412275018,0.0038751813117414713,0.014029442570986594,0.012242416455376742,-0.0019394714305857924,131072,29360128,E11 energy-weighted P_N capture; frozen E20 construction
llama31_8b,E20_hadamard_g128_m1,down,9,0,128,1,0,0.01356997020335658,0.01356997020335658,0.001969499047845602,0.00721744511401077,0.013556600595557293,-0.0009852348677951038,131072,14680064,E11 energy-weighted P_N capture; frozen E20 construction
llama31_8b,E20_hadamard_g128_m1,down,9,1,128,1,0,0.013566783522390333,0.013566783522390333,0.001969499047845602,0.007217445115766712,0.013553417054220246,-0.0009852348677950866,131072,14680064,E11 energy-weighted P_N capture; frozen E20 construction
llama31_8b,E20_hadamard_g128_m1,down,9,2,128,1,0,0.013567281912964286,0.013567281912964286,0.001969499047845602,0.007217445114353372,0.013553914953762429,-0.0009852348677950541,131072,14680064,E11 energy-weighted P_N capture; frozen E20 construction
llama31_8b,E20_hadamard_g256_m1,down,9,0,256,1,0,0.014776985411127961,0.014776985411127961,0.0009281659731641412,0.0036060154174641004,0.014770126071584793,-0.0004641907230957998,131072,7340032,E11 energy-weighted P_N capture; frozen E20 construction
llama31_8b,E20_hadamard_g256_m1,down,9,1,256,1,0,0.014772649197581636,0.014772649197581636,0.0009281659731641412,0.0036060154184752854,0.01476579187086857,-0.00046419072309575375,131072,7340032,E11 energy-weighted P_N capture; frozen E20 construction
llama31_8b,E20_hadamard_g256_m1,down,9,2,256,1,0,0.01477334398363642,0.01477334398363642,0.0009281659731641412,0.003606015417643021,0.014766486334410113,-0.00046419072309579707,131072,7340032,E11 energy-weighted P_N capture; frozen E20 construction
llama31_8b,E20_hadamard_g256_m2,down,9,0,256,2,0,0.014749608505453895,0.014776985411127961,0.001969499047845602,0.007217445359488083,0.014762426609860019,0.0008690470937845022,131072,7340032,E11 energy-weighted P_N capture; frozen E20 construction
llama31_8b,E20_hadamard_g256_m2,down,9,1,256,2,0,0.014745459034657848,0.014772649197581636,0.001969499047845602,0.007217445364611322,0.014758094668502473,0.0008569169542247468,131072,7340032,E11 energy-weighted P_N capture; frozen E20 construction
llama31_8b,E20_hadamard_g256_m2,down,9,2,256,2,0,0.01474601668226391,0.01477334398363642,0.001969499047845602,0.007217445362175774,0.01475878877002981,0.0008661381606372062,131072,7340032,E11 energy-weighted P_N capture; frozen E20 construction
llama31_8b,E20_hadamard_g256_m3,down,9,0,256,3,0,0.014725488479666244,0.014776985411127961,0.0028485478833317757,0.01040318795628217,0.014755923926512317,0.0020668548203409175,131072,7340032,E11 energy-weighted P_N capture; frozen E20 construction
llama31_8b,E20_hadamard_g256_m3,down,9,1,256,3,0,0.0147210915594455,0.014772649197581636,0.0028485478833317757,0.010403187962467636,0.014751593893326354,0.002072015771227389,131072,7340032,E11 energy-weighted P_N capture; frozen E20 construction
llama31_8b,E20_hadamard_g256_m3,down,9,2,256,3,0,0.014721739394647684,0.01477334398363642,0.0028485478833317757,0.010403187959570508,0.014752287689109753,0.0020750465446478187,131072,7340032,E11 energy-weighted P_N capture; frozen E20 construction
llama31_8b,E20_hadamard_g128_m2,down,9,0,128,2,0,0.01352186535798123,0.01356997020335658,0.0038751813117414713,0.014029442092427234,0.01354365163383327,0.001611188639678267,131072,14680064,E11 energy-weighted P_N capture; frozen E20 construction
llama31_8b,E20_hadamard_g128_m2,down,9,1,128,2,0,0.013518699028766947,0.013566783522390333,0.0038751813117414713,0.014029442093466106,0.013540471133343715,0.0016105177377229473,131072,14680064,E11 energy-weighted P_N capture; frozen E20 construction
llama31_8b,E20_hadamard_g128_m2,down,9,2,128,2,0,0.013519109682027328,0.013567281912964286,0.0038751810789108276,0.014029442088722536,0.013540968558885898,0.001616887307869801,131072,14680064,E11 energy-weighted P_N capture; frozen E20 construction
llama31_8b,E20_nar_g64_m1,down,9,0,64,1,224,0.00978855649364684,0.012268450703011762,0.3000883460044861,0.26889439109528956,0.010263874534894845,0.04855854298399402,131072,29360128,E11 energy-weighted P_N capture; frozen E20 construction
llama31_8b,E20_nar_g64_m1,down,9,1,64,1,224,0.009787987464264474,0.012266133507861512,0.3000883460044861,0.2688943911018056,0.010261935952683383,0.04842144415787979,131072,29360128,E11 energy-weighted P_N capture; frozen E20 construction
llama31_8b,E20_nar_g64_m1,down,9,2,64,1,224,0.009788525389806116,0.012266206412275018,0.3000883460044861,0.26889439112315144,0.010261996945042678,0.04837005947082098,131072,29360128,E11 energy-weighted P_N capture; frozen E20 construction
llama31_8b,E20_nar_g128_m1,down,9,0,128,1,112,0.011253066967457188,0.01356997020335658,0.24636906385421753,0.22160915347462198,0.01178035160456576,0.04685697140463391,131072,14680064,E11 energy-weighted P_N capture; frozen E20 construction
llama31_8b,E20_nar_g128_m1,down,9,1,128,1,112,0.011253142326567394,0.013566783522390333,0.24636906385421753,0.22160915342776769,0.011777585185651687,0.04660412566240659,131072,14680064,E11 energy-weighted P_N capture; frozen E20 construction
llama31_8b,E20_nar_g128_m1,down,9,2,128,1,112,0.011253092800529314,0.013567281912964286,0.24636906385421753,0.22160915344249585,0.011778017848075376,0.04664718018866516,131072,14680064,E11 energy-weighted P_N capture; frozen E20 construction
llama31_8b,E20_nar_g256_m1,down,9,0,256,1,56,0.01270730966813757,0.014776985411127961,0.1962164044380188,0.17784068870918018,0.01324815540151829,0.04256178117204796,131072,7340032,E11 energy-weighted P_N capture; frozen E20 construction
llama31_8b,E20_nar_g256_m1,down,9,1,256,1,56,0.012706972383681046,0.014772649197581636,0.1962164044380188,0.1778406887182184,0.013244267813534842,0.04228351283298762,131072,7340032,E11 energy-weighted P_N capture; frozen E20 construction
llama31_8b,E20_nar_g256_m1,down,9,2,256,1,56,0.012707154030086234,0.01477334398363642,0.1962164044380188,0.1778406887311134,0.01324489071687869,0.042317633477903745,131072,7340032,E11 energy-weighted P_N capture; frozen E20 construction
llama31_8b,E20_nar_g256_m2,down,9,0,256,2,112,0.012373547705860697,0.014776985411127961,0.24636907875537872,0.22160917408291533,0.012828184547862054,0.03674264267684681,131072,7340032,E11 energy-weighted P_N capture; frozen E20 construction
llama31_8b,E20_nar_g256_m2,down,9,1,256,2,112,0.012374562385684065,0.014772649197581636,0.24636907875537872,0.22160917403975508,0.012824420197687538,0.03635343198268621,131072,7340032,E11 energy-weighted P_N capture; frozen E20 construction
llama31_8b,E20_nar_g256_m2,down,9,2,256,2,112,0.012373776281539779,0.01477334398363642,0.24636907875537872,0.22160917399675134,0.01282502335479192,0.036468016148420934,131072,7340032,E11 energy-weighted P_N capture; frozen E20 construction
llama31_8b,E20_nar_g256_m3,down,9,0,256,3,168,0.012165444436029071,0.014776985411127961,0.2779965400695801,0.24910931926485771,0.012556120760368395,0.032113608869257626,131072,7340032,E11 energy-weighted P_N capture; frozen E20 construction
llama31_8b,E20_nar_g256_m3,down,9,1,256,3,168,0.012166799469030052,0.014772649197581636,0.2779965102672577,0.24910931919631468,0.012552436504668401,0.03169584874148441,131072,7340032,E11 energy-weighted P_N capture; frozen E20 construction
llama31_8b,E20_nar_g256_m3,down,9,2,256,3,168,0.012166609385663068,0.01477334398363642,0.2779965400695801,0.24910931921090712,0.012553026610780248,0.03176046940181443,131072,7340032,E11 energy-weighted P_N capture; frozen E20 construction
llama31_8b,E20_nar_g128_m2,down,9,0,128,2,224,0.010932749331103728,0.01356997020335658,0.3000883460044861,0.26889436450448984,0.011352735156308016,0.03841538962294015,131072,14680064,E11 energy-weighted P_N capture; frozen E20 construction
llama31_8b,E20_nar_g128_m2,down,9,1,128,2,224,0.010932621080681779,0.013566783522390333,0.3000883460044861,0.26889436454329024,0.01135006915597822,0.038183713879380965,131072,14680064,E11 energy-weighted P_N capture; frozen E20 construction
llama31_8b,E20_nar_g128_m2,down,9,2,128,2,224,0.010932073604106116,0.013567281912964286,0.3000883460044861,0.2688943646867579,0.011350486113134772,0.03827384668097177,131072,14680064,E11 energy-weighted P_N capture; frozen E20 construction
llama31_8b,E20_nar_g128_m2_c32,down,9,0,128,2,224,0.010932749331103728,0.01356997020335658,0.3000883460044861,0.26889436450448984,0.011352735156308016,0.03841538962294015,131072,14680064,E11 energy-weighted P_N capture; frozen E20 construction
llama31_8b,E20_nar_g128_m2_c32,down,9,1,128,2,224,0.010932621080681779,0.013566783522390333,0.3000883460044861,0.26889436454329024,0.01135006915597822,0.038183713879380965,131072,14680064,E11 energy-weighted P_N capture; frozen E20 construction
llama31_8b,E20_nar_g128_m2_c32,down,9,2,128,2,224,0.010932073604106116,0.013567281912964286,0.3000883460044861,0.2688943646867579,0.011350486113134772,0.03827384668097177,131072,14680064,E11 energy-weighted P_N capture; frozen E20 construction
llama31_8b,E20_nar_g256_m3_c32,down,9,0,256,3,168,0.012165444436029071,0.014776985411127961,0.2779965400695801,0.24910931926485771,0.012556120760368395,0.032113608869257626,131072,7340032,E11 energy-weighted P_N capture; frozen E20 construction
llama31_8b,E20_nar_g256_m3_c32,down,9,1,256,3,168,0.012166799469030052,0.014772649197581636,0.2779965102672577,0.24910931919631468,0.012552436504668401,0.03169584874148441,131072,7340032,E11 energy-weighted P_N capture; frozen E20 construction
llama31_8b,E20_nar_g256_m3_c32,down,9,2,256,3,168,0.012166609385663068,0.01477334398363642,0.2779965400695801,0.24910931921090712,0.012553026610780248,0.03176046940181443,131072,7340032,E11 energy-weighted P_N capture; frozen E20 construction
llama31_8b,E11_g64_kmax,qkv,10,0,64,1,64,0.10446472980001031,0.1504781423764605,0.5298897569412817,0.5182331153968323,0.10317471509110855,-0.012348806256153599,131072,8388608,frozen E11 selected eigenvalue fractions
llama31_8b,E11_g64_kmax,qkv,10,1,64,1,64,0.10445848602755747,0.1504437545455728,0.5298897569412817,0.5182331153726123,0.10315113721728308,-0.012515486869391291,131072,8388608,frozen E11 selected eigenvalue fractions
llama31_8b,E11_g64_kmax,qkv,10,2,64,1,64,0.10446984267263781,0.15059399300636844,0.5298897569412817,0.5182331152962902,0.10325414759569099,-0.011636803941174452,131072,8388608,frozen E11 selected eigenvalue fractions
llama31_8b,E11_g128_k8,qkv,10,0,128,1,8,0.1344340491989211,0.16635475002800781,0.3188951539503995,0.31484833158492254,0.1372910388369449,0.021251979353804462,131072,4194304,frozen E11 selected eigenvalue fractions
llama31_8b,E11_g128_k8,qkv,10,1,128,1,8,0.13441456698940968,0.16632813973229332,0.3188951539503995,0.31484833158115283,0.13726907760564983,0.02123661653773768,131072,4194304,frozen E11 selected eigenvalue fractions
llama31_8b,E11_g128_k8,qkv,10,2,128,1,8,0.13437335016710783,0.16650023816691117,0.3188951539503995,0.3148483315058692,0.13741110885433325,0.022606853840048156,131072,4194304,frozen E11 selected eigenvalue fractions
llama31_8b,E11_g128_k16,qkv,10,0,128,1,16,0.12924763656595673,0.16635475002800781,0.38683564807877413,0.3801522461528423,0.13026377359177946,0.007861938932277384,131072,4194304,frozen E11 selected eigenvalue fractions
llama31_8b,E11_g128_k16,qkv,10,1,128,1,16,0.12922311859003877,0.16632813973229332,0.38683564807877413,0.3801522460528376,0.13024293644985488,0.007891914937074786,131072,4194304,frozen E11 selected eigenvalue fractions
llama31_8b,E11_g128_k16,qkv,10,2,128,1,16,0.12925069922296206,0.16650023816691117,0.38683564807877413,0.3801522461152228,0.13037769780484346,0.008719477640405501,131072,4194304,frozen E11 selected eigenvalue fractions
llama31_8b,E11_g128_k32,qkv,10,0,128,1,32,0.1224302220452742,0.16635475002800781,0.4643114697230901,0.4540676279082402,0.12175628258298847,-0.005504682185714861,131072,4194304,frozen E11 selected eigenvalue fractions
llama31_8b,E11_g128_k32,qkv,10,1,128,1,32,0.12244268736497066,0.16632813973229332,0.4643114697230901,0.45406762793000804,0.12173680630903726,-0.005764991532972071,131072,4194304,frozen E11 selected eigenvalue fractions
llama31_8b,E11_g128_k32,qkv,10,2,128,1,32,0.12244957509860388,0.16650023816691117,0.4643114697230901,0.45406762776978404,0.12186276643722051,-0.004792247428468728,131072,4194304,frozen E11 selected eigenvalue fractions
llama31_8b,E11_g128_kmax,qkv,10,0,128,1,32,0.12266996197960367,0.16635475002800781,0.461773318894754,0.45173692602557786,0.1220443890061646,-0.005099642678156892,131072,4194304,saved factor eigenvalue sum / calibration trace
llama31_8b,E11_g128_kmax,qkv,10,1,128,1,32,0.12266434893990574,0.16632813973229332,0.461773318894754,0.45173692601511123,0.12202486664638106,-0.005213269373304015,131072,4194304,saved factor eigenvalue sum / calibration trace
llama31_8b,E11_g128_kmax,qkv,10,2,128,1,32,0.12265914748070017,0.16650023816691117,0.461773318894754,0.4517369260002561,0.12215112482835852,-0.004141742893016476,131072,4194304,saved factor eigenvalue sum / calibration trace
llama31_8b,E11_g256_kmax,qkv,10,0,256,1,16,0.1414063609047176,0.18082786922308713,0.38683564807877413,0.3791597415347461,0.1415969223096684,0.0013476155084650324,131072,2097152,frozen E11 selected eigenvalue fractions
llama31_8b,E11_g256_kmax,qkv,10,1,256,1,16,0.14141485718941027,0.1807978248409583,0.38683564807877413,0.3791597414960723,0.14157339611284697,0.0011210909984115437,131072,2097152,frozen E11 selected eigenvalue fractions
llama31_8b,E11_g256_kmax,qkv,10,2,256,1,16,0.14143003791960496,0.18103890473866358,0.38683564807877413,0.3791597415308591,0.14176217327254287,0.002348407437511348,131072,2097152,frozen E11 selected eigenvalue fractions
llama31_8b,E20_hadamard_g64_m1,qkv,10,0,64,1,0,0.15061355496624884,0.15061355496624884,0.005161396227777004,0.013086789766183578,0.15022436400715344,-0.0025840367368170293,131072,8388608,E11 energy-weighted P_N capture; frozen E20 construction
llama31_8b,E20_hadamard_g64_m1,qkv,10,1,64,1,0,0.15062885296572137,0.15062885296572137,0.005161396227777004,0.013086789765467514,0.15023962247603334,-0.002584036736817001,131072,8388608,E11 energy-weighted P_N capture; frozen E20 construction
llama31_8b,E20_hadamard_g64_m1,qkv,10,2,64,1,0,0.15055788826636718,0.15055788826636718,0.005161396227777004,0.013086789765470291,0.1501688411520693,-0.0025840367368169886,131072,8388608,E11 energy-weighted P_N capture; frozen E20 construction
llama31_8b,E20_hadamard_g128_m1,qkv,10,0,128,1,0,0.16654393173245552,0.16654393173245552,0.001820991514250636,0.005478260032768899,0.1663922250936427,-0.0009109106362189093,131072,4194304,E11 energy-weighted P_N capture; frozen E20 construction
llama31_8b,E20_hadamard_g128_m1,qkv,10,1,128,1,0,0.1665932054257393,0.1665932054257393,0.0018209913978353143,0.005478260032235657,0.16644145391270102,-0.0009109105779582883,131072,4194304,E11 energy-weighted P_N capture; frozen E20 construction
llama31_8b,E20_hadamard_g128_m1,qkv,10,2,128,1,0,0.1664639164329902,0.1664639164329902,0.0018209913978353143,0.005478260033269349,0.16631228269066303,-0.0009109105779581743,131072,4194304,E11 energy-weighted P_N capture; frozen E20 construction
llama31_8b,E20_hadamard_g256_m1,qkv,10,0,256,1,0,0.18105533767410975,0.18105533767410975,0.0014233703259378672,0.003293585431906603,0.18092643739206815,-0.0007119385912477957,131072,2097152,E11 energy-weighted P_N capture; frozen E20 construction
llama31_8b,E20_hadamard_g256_m1,qkv,10,1,256,1,0,0.18118011915854382,0.18118011915854382,0.0014233703259378672,0.003293585431772104,0.181051130039748,-0.0007119385912477342,131072,2097152,E11 energy-weighted P_N capture; frozen E20 construction
llama31_8b,E20_hadamard_g256_m1,qkv,10,2,256,1,0,0.1809725402540714,0.1809725402540714,0.0014233703259378672,0.003293585431728921,0.18084369891870838,-0.000711938591247725,131072,2097152,E11 energy-weighted P_N capture; frozen E20 construction
llama31_8b,E20_hadamard_g256_m2,qkv,10,0,256,2,0,0.18086496711008593,0.18105533767410975,0.001820991514250636,0.005478260211135544,0.18089041244127818,0.00014068689807001414,131072,2097152,E11 energy-weighted P_N capture; frozen E20 construction
llama31_8b,E20_hadamard_g256_m2,qkv,10,1,256,2,0,0.1809746255710678,0.18118011915854382,0.001820991514250636,0.0054782602151300696,0.18101508026093088,0.0002235379116570809,131072,2097152,E11 energy-weighted P_N capture; frozen E20 construction
llama31_8b,E20_hadamard_g256_m2,qkv,10,2,256,2,0,0.18076112158140845,0.1809725402540714,0.001820991514250636,0.005478260213079541,0.1808076904422904,0.00025762653204700834,131072,2097152,E11 energy-weighted P_N capture; frozen E20 construction
llama31_8b,E20_hadamard_g256_m3,qkv,10,0,256,3,0,0.18045791021864943,0.18105533767410975,0.0038386844098567963,0.009618048174964347,0.18070749638888733,0.0013830713762311413,131072,2097152,E11 energy-weighted P_N capture; frozen E20 construction
llama31_8b,E20_hadamard_g256_m3,qkv,10,1,256,3,0,0.18059050886525085,0.18118011915854382,0.0038386844098567963,0.00961804818151285,0.18083203814467008,0.0013374417123961217,131072,2097152,E11 energy-weighted P_N capture; frozen E20 construction
llama31_8b,E20_hadamard_g256_m3,qkv,10,2,256,3,0,0.1803766142357368,0.1809725402540714,0.0038386844098567963,0.009618048179565356,0.1806248580382328,0.001376252700760654,131072,2097152,E11 energy-weighted P_N capture; frozen E20 construction
llama31_8b,E20_hadamard_g128_m2,qkv,10,0,128,2,0,0.16587137937537655,0.16654393173245552,0.005161396227777004,0.013086789313517418,0.1661135760945649,0.0014601477367607984,131072,4194304,E11 energy-weighted P_N capture; frozen E20 construction
llama31_8b,E20_hadamard_g128_m2,qkv,10,1,128,2,0,0.16590246612662618,0.1665932054257393,0.005161396227777004,0.01308678931165812,0.16616272246281508,0.001568730967448393,131072,4194304,E11 energy-weighted P_N capture; frozen E20 construction
llama31_8b,E20_hadamard_g128_m2,qkv,10,2,128,2,0,0.16577743765867048,0.1664639164329902,0.005161396227777004,0.013086789315382107,0.1660337675575729,0.0015462291040485132,131072,4194304,E11 energy-weighted P_N capture; frozen E20 construction
llama31_8b,E20_nar_g64_m1,qkv,10,0,64,1,64,0.10216174272789003,0.15061355496624884,0.5298898220062256,0.5182331291111008,0.10326755302616339,0.010824113496367346,131072,8388608,E11 energy-weighted P_N capture; frozen E20 construction
llama31_8b,E20_nar_g64_m1,qkv,10,1,64,1,64,0.10217548369636464,0.15062885296572137,0.5298898220062256,0.5182331291218191,0.10327804203541675,0.010790830629474552,131072,8388608,E11 energy-weighted P_N capture; frozen E20 construction
llama31_8b,E20_nar_g64_m1,qkv,10,2,64,1,64,0.10216261553218997,0.15055788826636718,0.5298898220062256,0.5182331290523506,0.10322938538658334,0.01044188080773291,131072,8388608,E11 energy-weighted P_N capture; frozen E20 construction
llama31_8b,E20_nar_g128_m1,qkv,10,0,128,1,32,0.11860217580263566,0.16654393173245552,0.46431154012680054,0.4540676408131404,0.12189473807369963,0.027761398547553513,131072,4194304,E11 energy-weighted P_N capture; frozen E20 construction
llama31_8b,E20_nar_g128_m1,qkv,10,1,128,1,32,0.11860933210372426,0.1665932054257393,0.46431154012680054,0.45406764076879813,0.12193080185503512,0.028003443678497556,131072,4194304,E11 energy-weighted P_N capture; frozen E20 construction
llama31_8b,E20_nar_g128_m1,qkv,10,2,128,1,32,0.11863019717760537,0.1664639164329902,0.46431154012680054,0.45406764080228146,0.1218361742829403,0.027024966506084068,131072,4194304,E11 energy-weighted P_N capture; frozen E20 construction
llama31_8b,E20_nar_g256_m1,qkv,10,0,256,1,16,0.13511557398583385,0.18105533767410975,0.3868357539176941,0.37915975556923986,0.14177502881571658,0.04928710017233791,131072,2097152,E11 energy-weighted P_N capture; frozen E20 construction
llama31_8b,E20_nar_g256_m1,qkv,10,1,256,1,16,0.13517312854822272,0.18118011915854382,0.3868357539176941,0.3791597555783473,0.14187273871357747,0.04956318047314175,131072,2097152,E11 energy-weighted P_N capture; frozen E20 construction
llama31_8b,E20_nar_g256_m1,qkv,10,2,256,1,16,0.13517592109701937,0.1809725402540714,0.3868357539176941,0.37915975558302295,0.14171019445754407,0.04833903336848638,131072,2097152,E11 energy-weighted P_N capture; frozen E20 construction
llama31_8b,E20_nar_g256_m2,qkv,10,0,256,2,32,0.12905273325382183,0.18105533767410975,0.46431154012680054,0.4540676841887647,0.13251574364225233,0.026834072406815478,131072,2097152,E11 energy-weighted P_N capture; frozen E20 construction
llama31_8b,E20_nar_g256_m2,qkv,10,1,256,2,32,0.12905685253083554,0.18118011915854382,0.46431151032447815,0.4540676841294073,0.13260707582431122,0.027508987115793988,131072,2097152,E11 energy-weighted P_N capture; frozen E20 construction
llama31_8b,E20_nar_g256_m2,qkv,10,2,256,2,32,0.12907539476002938,0.1809725402540714,0.4643115699291229,0.454067684079196,0.13245513991234045,0.026184271282644733,131072,2097152,E11 energy-weighted P_N capture; frozen E20 construction
llama31_8b,E20_nar_g256_m3,qkv,10,0,256,3,48,0.12535496851759653,0.18105533767410975,0.5051208734512329,0.4941606926350104,0.12736816759602765,0.016059986311180923,131072,2097152,E11 energy-weighted P_N capture; frozen E20 construction
llama31_8b,E20_nar_g256_m3,qkv,10,1,256,3,48,0.12534287729255134,0.18118011915854382,0.5051208734512329,0.4941606929754359,0.12745594843268482,0.016858326422502304,131072,2097152,E11 energy-weighted P_N capture; frozen E20 construction
llama31_8b,E20_nar_g256_m3,qkv,10,2,256,3,48,0.1253561212893448,0.1809725402540714,0.5051208734512329,0.4941606928445016,0.12730992156027174,0.015585998121441534,131072,2097152,E11 energy-weighted P_N capture; frozen E20 construction
llama31_8b,E20_nar_g128_m2,qkv,10,0,128,2,64,0.11300034772358902,0.16654393173245552,0.5298898220062256,0.5182330775600484,0.11419014912184454,0.010529183513363145,131072,4194304,E11 energy-weighted P_N capture; frozen E20 construction
llama31_8b,E20_nar_g128_m2,qkv,10,1,128,2,64,0.11299956819819279,0.1665932054257393,0.5298898220062256,0.5182330773418533,0.11422393342323174,0.010835131890871529,131072,4194304,E11 energy-weighted P_N capture; frozen E20 construction
llama31_8b,E20_nar_g128_m2,qkv,10,2,128,2,64,0.11299983301156402,0.1664639164329902,0.5298898220062256,0.5182330772534129,0.11413528696695886,0.010048279941074273,131072,4194304,E11 energy-weighted P_N capture; frozen E20 construction
llama31_8b,E20_nar_g128_m2_c32,qkv,10,0,128,2,64,0.11300034772358902,0.16654393173245552,0.5298898220062256,0.5182330775600484,0.11419014912184454,0.010529183513363145,131072,4194304,E11 energy-weighted P_N capture; frozen E20 construction
llama31_8b,E20_nar_g128_m2_c32,qkv,10,1,128,2,64,0.11299956819819279,0.1665932054257393,0.5298898220062256,0.5182330773418533,0.11422393342323174,0.010835131890871529,131072,4194304,E11 energy-weighted P_N capture; frozen E20 construction
llama31_8b,E20_nar_g128_m2_c32,qkv,10,2,128,2,64,0.11299983301156402,0.1664639164329902,0.5298898220062256,0.5182330772534129,0.11413528696695886,0.010048279941074273,131072,4194304,E11 energy-weighted P_N capture; frozen E20 construction
llama31_8b,E20_nar_g256_m3_c32,qkv,10,0,256,3,48,0.12535496851759653,0.18105533767410975,0.5051208734512329,0.4941606926350104,0.12736816759602765,0.016059986311180923,131072,2097152,E11 energy-weighted P_N capture; frozen E20 construction
llama31_8b,E20_nar_g256_m3_c32,qkv,10,1,256,3,48,0.12534287729255134,0.18118011915854382,0.5051208734512329,0.4941606929754359,0.12745594843268482,0.016858326422502304,131072,2097152,E11 energy-weighted P_N capture; frozen E20 construction
llama31_8b,E20_nar_g256_m3_c32,qkv,10,2,256,3,48,0.1253561212893448,0.1809725402540714,0.5051208734512329,0.4941606928445016,0.12730992156027174,0.015585998121441534,131072,2097152,E11 energy-weighted P_N capture; frozen E20 construction
llama31_8b,E11_g64_kmax,down,10,0,64,1,224,0.010036874572799757,0.012375898242797865,0.28818276765424095,0.2651931986370823,0.010441453978872178,0.04030930177894657,131072,29360128,frozen E11 selected eigenvalue fractions
llama31_8b,E11_g64_kmax,down,10,1,64,1,224,0.010036292404470246,0.01237556160426434,0.28818276765424095,0.2651931986720678,0.010441169959426773,0.04034134704726128,131072,29360128,frozen E11 selected eigenvalue fractions
llama31_8b,E11_g64_kmax,down,10,2,64,1,224,0.01003626270693043,0.01237595352237034,0.28818276765424095,0.26519319866571794,0.010441500617839357,0.04037737181083302,131072,29360128,frozen E11 selected eigenvalue fractions
llama31_8b,E11_g128_k8,down,10,0,128,1,8,0.012454866242669418,0.013694678605718697,0.09289606353323185,0.09067329038540349,0.013043086373291534,0.04722813711213685,131072,14680064,frozen E11 selected eigenvalue fractions
llama31_8b,E11_g128_k8,down,10,1,128,1,8,0.012455005032614002,0.013693785795610345,0.09289606353323185,0.09067329035218666,0.013042236043050609,0.04714819535591641,131072,14680064,frozen E11 selected eigenvalue fractions
llama31_8b,E11_g128_k8,down,10,2,128,1,8,0.012454997487533124,0.013694483636456882,0.09289606353323185,0.09067329032448282,0.013042900680659,0.04720219283178012,131072,14680064,frozen E11 selected eigenvalue fractions
llama31_8b,E11_g128_k16,down,10,0,128,1,16,0.01228076837100413,0.013694678605718697,0.12003388174368088,0.1155281311706049,0.012846499956602786,0.04606646493996202,131072,14680064,frozen E11 selected eigenvalue fractions
llama31_8b,E11_g128_k16,down,10,1,128,1,16,0.012281099551561092,0.013693785795610345,0.12003388174368088,0.11552813113451528,0.012845662442605677,0.04597006063458065,131072,14680064,frozen E11 selected eigenvalue fractions
llama31_8b,E11_g128_k16,down,10,2,128,1,16,0.012280687446953051,0.013694483636456882,0.12003388174368088,0.11552813114778118,0.012846317062744115,0.04605846523122788,131072,14680064,frozen E11 selected eigenvalue fractions
llama31_8b,E11_g128_k32,down,10,0,128,1,32,0.012059866504701366,0.013694678605718697,0.1547237747741356,0.14708563655413393,0.012590737553113532,0.04401964550811677,131072,14680064,frozen E11 selected eigenvalue fractions
llama31_8b,E11_g128_k32,down,10,1,128,1,32,0.012058989866146048,0.013693785795610345,0.1547237747741356,0.14708563653132353,0.0125899167132762,0.044027472700732234,131072,14680064,frozen E11 selected eigenvalue fractions
llama31_8b,E11_g128_k32,down,10,2,128,1,32,0.012059607781832824,0.013694483636456882,0.1547237747741356,0.14708563657984067,0.012590558300509137,0.04402717967960467,131072,14680064,frozen E11 selected eigenvalue fractions
llama31_8b,E11_g128_kmax,down,10,0,128,1,112,0.011604381134386983,0.013694678605718697,0.22962846357125977,0.2125670965432173,0.012019930554634696,0.03580970113230125,131072,14680064,saved factor eigenvalue sum / calibration trace
llama31_8b,E11_g128_kmax,down,10,1,128,1,112,0.0116052160508604,0.013693785795610345,0.22962846357125977,0.21256709659402057,0.012019146927956782,0.035667657998119995,131072,14680064,saved factor eigenvalue sum / calibration trace
llama31_8b,E11_g128_kmax,down,10,2,128,1,112,0.011605678632089453,0.013694483636456882,0.22962846357125977,0.21256709659387082,0.012019759428531281,0.035679154107964316,131072,14680064,saved factor eigenvalue sum / calibration trace
llama31_8b,E11_g256_kmax,down,10,0,256,1,56,0.013063563547702804,0.014915784567727654,0.18804164613195445,0.17545125595069133,0.013440424305441267,0.028848235503453706,131072,7340032,frozen E11 selected eigenvalue fractions
llama31_8b,E11_g256_kmax,down,10,1,256,1,56,0.01306542968673341,0.014914069725753836,0.18804164613195445,0.17545125597981603,0.013438879083087038,0.028583016809070393,131072,7340032,frozen E11 selected eigenvalue fractions
llama31_8b,E11_g256_kmax,down,10,2,256,1,56,0.0130649404992946,0.014915163721915117,0.18804164613195445,0.17545125590838614,0.013439864869153429,0.028696982575548098,131072,7340032,frozen E11 selected eigenvalue fractions
llama31_8b,E20_hadamard_g64_m1,down,10,0,64,1,0,0.012375031304086983,0.012375031304086983,0.0044185202568769455,0.015534163530357772,0.012347661373719763,-0.0022117059500432025,131072,29360128,E11 energy-weighted P_N capture; frozen E20 construction
llama31_8b,E20_hadamard_g64_m1,down,10,1,64,1,0,0.012376141337212685,0.012376141337212685,0.0044185202568769455,0.015534163529563058,0.012348768951778596,-0.002211705950043178,131072,29360128,E11 energy-weighted P_N capture; frozen E20 construction
llama31_8b,E20_hadamard_g64_m1,down,10,2,64,1,0,0.012375398254469776,0.012375398254469776,0.0044185202568769455,0.015534163530515867,0.012348027512516211,-0.0022117059500432034,131072,29360128,E11 energy-weighted P_N capture; frozen E20 construction
llama31_8b,E20_hadamard_g128_m1,down,10,0,128,1,0,0.013692999867021025,0.013692999867021025,0.0022096880711615086,0.007894098343920698,0.01367786287115447,-0.0011054550510156353,131072,14680064,E11 energy-weighted P_N capture; frozen E20 construction
llama31_8b,E20_hadamard_g128_m1,down,10,1,128,1,0,0.013694283689762823,0.013694283689762823,0.0022096880711615086,0.00789409834298966,0.013679145274687934,-0.0011054550510156101,131072,14680064,E11 energy-weighted P_N capture; frozen E20 construction
llama31_8b,E20_hadamard_g128_m1,down,10,2,128,1,0,0.013693694507221878,0.013693694507221878,0.0022096880711615086,0.007894098342668432,0.013678556743461804,-0.0011054550510157034,131072,14680064,E11 energy-weighted P_N capture; frozen E20 construction
llama31_8b,E20_hadamard_g256_m1,down,10,0,256,1,0,0.014913468411013042,0.014913468411013042,0.0011639383155852556,0.00402201416122196,0.014904786705384135,-0.0005821386004677882,131072,7340032,E11 energy-weighted P_N capture; frozen E20 construction
llama31_8b,E20_hadamard_g256_m1,down,10,1,256,1,0,0.014914610852713903,0.014914610852713903,0.0011639383155852556,0.004022014160866718,0.014905928482025583,-0.0005821386004677346,131072,7340032,E11 energy-weighted P_N capture; frozen E20 construction
llama31_8b,E20_hadamard_g256_m1,down,10,2,256,1,0,0.014914615570570484,0.014914615570570484,0.0011639381991699338,0.0040220141610854436,0.01490593319800437,-0.0005821385422260972,131072,7340032,E11 energy-weighted P_N capture; frozen E20 construction
llama31_8b,E20_hadamard_g256_m2,down,10,0,256,2,0,0.014883674835271548,0.014913468411013042,0.002209688303992152,0.007894098612161195,0.014896982240291849,0.000894094043815362,131072,7340032,E11 energy-weighted P_N capture; frozen E20 construction
llama31_8b,E20_hadamard_g256_m2,down,10,1,256,2,0,0.01488478120830112,0.014914610852713903,0.0022096880711615086,0.007894098615168732,0.014898123420812837,0.0008963660483148543,131072,7340032,E11 energy-weighted P_N capture; frozen E20 construction
llama31_8b,E20_hadamard_g256_m2,down,10,2,256,2,0,0.014884959099968422,0.014914615570570484,0.0022096880711615086,0.007894098609527772,0.01489812813345404,0.0008847208378050141,131072,7340032,E11 energy-weighted P_N capture; frozen E20 construction
llama31_8b,E20_hadamard_g256_m3,down,10,0,256,3,0,0.014853759158482431,0.014913468411013042,0.0033486501779407263,0.011778921653567588,0.014888477477671509,0.0023373422726630892,131072,7340032,E11 energy-weighted P_N capture; frozen E20 construction
llama31_8b,E20_hadamard_g256_m3,down,10,1,256,3,0,0.014855054236614722,0.014914610852713903,0.0033486501779407263,0.011778921652626341,0.014889618004949541,0.0023267345769513413,131072,7340032,E11 energy-weighted P_N capture; frozen E20 construction
llama31_8b,E20_hadamard_g256_m3,down,10,2,256,3,0,0.014855128483517697,0.014914615570570484,0.0033486501779407263,0.011778921647716227,0.014889622714900273,0.0023220419413301197,131072,7340032,E11 energy-weighted P_N capture; frozen E20 construction
llama31_8b,E20_hadamard_g128_m2,down,10,0,128,2,0,0.013638424496277375,0.013692999867021025,0.004418519791215658,0.015534162998592574,0.013662714980936411,0.0017810330412920282,131072,14680064,E11 energy-weighted P_N capture; frozen E20 construction
llama31_8b,E20_hadamard_g128_m2,down,10,1,128,2,0,0.013639912071149007,0.013694283689762823,0.0044185202568769455,0.015534162999023217,0.013663995961044596,0.0017656924597432623,131072,14680064,E11 energy-weighted P_N capture; frozen E20 construction
llama31_8b,E20_hadamard_g128_m2,down,10,2,128,2,0,0.013639254619442534,0.013693694507221878,0.0044185202568769455,0.015534162996223275,0.013663408081602182,0.0017708784558664744,131072,14680064,E11 energy-weighted P_N capture; frozen E20 construction
llama31_8b,E20_nar_g64_m1,down,10,0,64,1,224,0.009925693832008245,0.012375031304086983,0.28818279504776,0.26519320688456294,0.010440722348182248,0.051888414542180065,131072,29360128,E11 energy-weighted P_N capture; frozen E20 construction
llama31_8b,E20_nar_g64_m1,down,10,1,64,1,224,0.009925900562593126,0.012376141337212685,0.28818279504776,0.2651932068555943,0.010441658874917248,0.051960858268902524,131072,29360128,E11 energy-weighted P_N capture; frozen E20 construction
llama31_8b,E20_nar_g64_m1,down,10,2,64,1,224,0.009925980404037924,0.012375398254469776,0.28818279504776,0.2651932068413435,0.010441031941505138,0.05188923577339414,131072,29360128,E11 energy-weighted P_N capture; frozen E20 construction
llama31_8b,E20_nar_g128_m1,down,10,0,128,1,112,0.01140509925595282,0.013692999867021025,0.2362806797027588,0.21866795066205758,0.011966454466629568,0.049219669033897476,131072,14680064,E11 energy-weighted P_N capture; frozen E20 construction
llama31_8b,E20_nar_g128_m1,down,10,1,128,1,112,0.011404006791878649,0.013694283689762823,0.2362806797027588,0.21866795060903843,0.011967576412626219,0.049418562355549894,131072,14680064,E11 energy-weighted P_N capture; frozen E20 construction
llama31_8b,E20_nar_g128_m1,down,10,2,128,1,112,0.011405191369823795,0.013693694507221878,0.2362806797027588,0.21866795055891722,0.011967061519898752,0.049264421074210994,131072,14680064,E11 energy-weighted P_N capture; frozen E20 construction
llama31_8b,E20_nar_g256_m1,down,10,0,256,1,56,0.012871270842239253,0.014913468411013042,0.18804167211055756,0.17545126931541588,0.013438337031020483,0.044056736567169914,131072,7340032,E11 energy-weighted P_N capture; frozen E20 construction
llama31_8b,E20_nar_g256_m1,down,10,1,256,1,56,0.012870274702438829,0.014914610852713903,0.18804167211055756,0.17545126936769725,0.013439366470731712,0.04421753081812964,131072,7340032,E11 energy-weighted P_N capture; frozen E20 construction
llama31_8b,E20_nar_g256_m1,down,10,2,256,1,56,0.012870925904773456,0.014914615570570484,0.18804167211055756,0.17545126942120837,0.013439370721932376,0.044165029102381834,131072,7340032,E11 energy-weighted P_N capture; frozen E20 construction
llama31_8b,E20_nar_g256_m2,down,10,0,256,2,112,0.01254055793649941,0.014913468411013042,0.2362806797027588,0.21866797112428094,0.013033034573360518,0.03927071182596668,131072,7340032,E11 energy-weighted P_N capture; frozen E20 construction
llama31_8b,E20_nar_g256_m2,down,10,1,256,2,112,0.012539507351333436,0.014914610852713903,0.2362806797027588,0.21866797086363,0.013034032965000544,0.039437403704262776,131072,7340032,E11 energy-weighted P_N capture; frozen E20 construction
llama31_8b,E20_nar_g256_m2,down,10,2,256,2,112,0.012539967842079827,0.014914615570570484,0.2362806797027588,0.21866797069913899,0.013034037087984295,0.03939956243320989,131072,7340032,E11 energy-weighted P_N capture; frozen E20 construction
llama31_8b,E20_nar_g256_m3,down,10,0,256,3,168,0.012333563431576242,0.014913468411013042,0.2667633891105652,0.24597321841216002,0.012770289105820471,0.03540952918165799,131072,7340032,E11 energy-weighted P_N capture; frozen E20 construction
llama31_8b,E20_nar_g256_m3,down,10,1,256,3,168,0.012332190447099878,0.014914610852713903,0.2667633891105652,0.245973218768251,0.012771267369924063,0.035604130888802606,131072,7340032,E11 energy-weighted P_N capture; frozen E20 construction
llama31_8b,E20_nar_g256_m3,down,10,2,256,3,168,0.012331967986048107,0.014914615570570484,0.2667633891105652,0.2459732186286878,0.012771271409788622,0.035623140137691356,131072,7340032,E11 energy-weighted P_N capture; frozen E20 construction
llama31_8b,E20_nar_g128_m2,down,10,0,128,2,224,0.011085978267307886,0.013692999867021025,0.28818279504776,0.26519318091138805,0.011552682673056943,0.0420986217450336,131072,14680064,E11 energy-weighted P_N capture; frozen E20 construction
llama31_8b,E20_nar_g128_m2,down,10,1,128,2,224,0.011086420641895292,0.013694283689762823,0.28818279504776,0.2651931807865682,0.011553765824805171,0.042154740290458945,131072,14680064,E11 energy-weighted P_N capture; frozen E20 construction
llama31_8b,E20_nar_g128_m2,down,10,2,128,2,224,0.011086627671741432,0.013693694507221878,0.28818279504776,0.2651931808876172,0.011553268735854749,0.04209044246184374,131072,14680064,E11 energy-weighted P_N capture; frozen E20 construction
llama31_8b,E20_nar_g128_m2_c32,down,10,0,128,2,224,0.011085978267307886,0.013692999867021025,0.28818279504776,0.26519318091138805,0.011552682673056943,0.0420986217450336,131072,14680064,E11 energy-weighted P_N capture; frozen E20 construction
llama31_8b,E20_nar_g128_m2_c32,down,10,1,128,2,224,0.011086420641895292,0.013694283689762823,0.28818279504776,0.2651931807865682,0.011553765824805171,0.042154740290458945,131072,14680064,E11 energy-weighted P_N capture; frozen E20 construction
llama31_8b,E20_nar_g128_m2_c32,down,10,2,128,2,224,0.011086627671741432,0.013693694507221878,0.28818279504776,0.2651931808876172,0.011553268735854749,0.04209044246184374,131072,14680064,E11 energy-weighted P_N capture; frozen E20 construction
llama31_8b,E20_nar_g256_m3_c32,down,10,0,256,3,168,0.012333563431576242,0.014913468411013042,0.2667633891105652,0.24597321841216002,0.012770289105820471,0.03540952918165799,131072,7340032,E11 energy-weighted P_N capture; frozen E20 construction
llama31_8b,E20_nar_g256_m3_c32,down,10,1,256,3,168,0.012332190447099878,0.014914610852713903,0.2667633891105652,0.245973218768251,0.012771267369924063,0.035604130888802606,131072,7340032,E11 energy-weighted P_N capture; frozen E20 construction
llama31_8b,E20_nar_g256_m3_c32,down,10,2,256,3,168,0.012331967986048107,0.014914615570570484,0.2667633891105652,0.2459732186286878,0.012771271409788622,0.035623140137691356,131072,7340032,E11 energy-weighted P_N capture; frozen E20 construction
llama31_8b,E11_g64_kmax,qkv,11,0,64,1,64,0.10422624395582769,0.149544845014983,0.5307820023539748,0.5180293293016824,0.10243745447771102,-0.017162562999725677,131072,8388608,frozen E11 selected eigenvalue fractions
llama31_8b,E11_g64_kmax,qkv,11,1,64,1,64,0.10422175002344147,0.14947335153971508,0.5307820023539748,0.5180293292597845,0.10238848181257183,-0.017590073189687402,131072,8388608,frozen E11 selected eigenvalue fractions
llama31_8b,E11_g64_kmax,qkv,11,2,64,1,64,0.1042118627797115,0.1495332405795855,0.5307820023539748,0.5180293292271843,0.10242950549877664,-0.01710320911067976,131072,8388608,frozen E11 selected eigenvalue fractions
llama31_8b,E11_g128_k8,qkv,11,0,128,1,8,0.13285773923271726,0.16531565389811576,0.3330070972875071,0.3277376898623499,0.13501268856664886,0.016219975941009546,131072,4194304,frozen E11 selected eigenvalue fractions
llama31_8b,E11_g128_k8,qkv,11,1,128,1,8,0.13285229183613545,0.16521142369475328,0.3330070972875071,0.32773768986577256,0.1349275641416232,0.015620899547954165,131072,4194304,frozen E11 selected eigenvalue fractions
llama31_8b,E11_g128_k8,qkv,11,2,128,1,8,0.1328224383086951,0.1652621471845439,0.3330070972875071,0.32773768986886415,0.13496898982980599,0.01616106095057548,131072,4194304,frozen E11 selected eigenvalue fractions
llama31_8b,E11_g128_k16,qkv,11,0,128,1,16,0.12784751449616927,0.16531565389811576,0.3991659425497482,0.3911446199738106,0.12814192690799353,0.0023028403249332205,131072,4194304,frozen E11 selected eigenvalue fractions
llama31_8b,E11_g128_k16,qkv,11,1,128,1,16,0.12786226939937073,0.16521142369475328,0.3991659425497482,0.3911446199710789,0.1280611344434813,0.0015553066987214566,131072,4194304,frozen E11 selected eigenvalue fractions
llama31_8b,E11_g128_k16,qkv,11,2,128,1,16,0.12782260154409286,0.1652621471845439,0.3991659425497482,0.39114461988305815,0.1281004519888438,0.0021737192123654375,131072,4194304,frozen E11 selected eigenvalue fractions
llama31_8b,E11_g128_k32,qkv,11,0,128,1,32,0.1211983043059206,0.16531565389811576,0.4739220226994597,0.46262465513632556,0.11990548225682633,-0.01066699783052257,131072,4194304,frozen E11 selected eigenvalue fractions
llama31_8b,E11_g128_k32,qkv,11,1,128,1,32,0.12121325453643017,0.16521142369475328,0.4739220226994597,0.46262465506123596,0.11982988280507927,-0.011412710075655445,131072,4194304,frozen E11 selected eigenvalue fractions
llama31_8b,E11_g128_k32,qkv,11,2,128,1,32,0.12119964594574828,0.1652621471845439,0.4739220226994597,0.46262465514015916,0.11986667317768876,-0.010998157277259618,131072,4194304,frozen E11 selected eigenvalue fractions
llama31_8b,E11_g128_kmax,qkv,11,0,128,1,32,0.12135817967664586,0.16531565389811576,0.47231702159933975,0.46103194061152103,0.12008825161652036,-0.010464297202785829,131072,4194304,saved factor eigenvalue sum / calibration trace
llama31_8b,E11_g128_kmax,qkv,11,1,128,1,32,0.12136926260156766,0.16521142369475328,0.47231702159933975,0.46103194068093867,0.1200125369301474,-0.011178494804521715,131072,4194304,saved factor eigenvalue sum / calibration trace
llama31_8b,E11_g128_kmax,qkv,11,2,128,1,32,0.12135990801437213,0.1652621471845439,0.47231702159933975,0.4610319406440182,0.12004938338153427,-0.010798662048117729,131072,4194304,saved factor eigenvalue sum / calibration trace
llama31_8b,E11_g256_kmax,qkv,11,0,256,1,16,0.13972713344584875,0.17977347376887565,0.3991659425497482,0.3900248202277938,0.13934868714782925,-0.0027084667715320254,131072,2097152,frozen E11 selected eigenvalue fractions
llama31_8b,E11_g256_kmax,qkv,11,1,256,1,16,0.13970269839583693,0.17958908206443525,0.3991659425497482,0.39002482011051604,0.13920575870907775,-0.0035571230367443473,131072,2097152,frozen E11 selected eigenvalue fractions
llama31_8b,E11_g256_kmax,qkv,11,2,256,1,16,0.13970116785204567,0.17972919984773128,0.3991659425497482,0.39002482011104705,0.13931436888798251,-0.002768759703374895,131072,2097152,frozen E11 selected eigenvalue fractions
llama31_8b,E20_hadamard_g64_m1,qkv,11,0,64,1,0,0.14959721923371827,0.14959721923371827,0.0034768457990139723,0.011544409023973714,0.14933692955833483,-0.0017399365891740642,131072,8388608,E11 energy-weighted P_N capture; frozen E20 construction
llama31_8b,E20_hadamard_g64_m1,qkv,11,1,64,1,0,0.14942414617797883,0.14942414617797883,0.003476846031844616,0.011544409024150458,0.14916415762131208,-0.0017399367057924166,131072,8388608,E11 energy-weighted P_N capture; frozen E20 construction
llama31_8b,E20_hadamard_g64_m1,qkv,11,2,64,1,0,0.14934289905549925,0.14934289905549925,0.003476846031844616,0.011544409023508843,0.14908305186368312,-0.001739936705792492,131072,8388608,E11 energy-weighted P_N capture; frozen E20 construction
llama31_8b,E20_hadamard_g128_m1,qkv,11,0,128,1,0,0.16536910788673076,0.16536910788673076,0.001086104428395629,0.00498314275929337,0.16527927942913523,-0.000543199747180464,131072,4194304,E11 energy-weighted P_N capture; frozen E20 construction
llama31_8b,E20_hadamard_g128_m1,qkv,11,1,128,1,0,0.1651119352699144,0.1651119352699144,0.001086104428395629,0.004983142759731726,0.16502224650841932,-0.0005431997471804579,131072,4194304,E11 energy-weighted P_N capture; frozen E20 construction
llama31_8b,E20_hadamard_g128_m1,qkv,11,2,128,1,0,0.16496683754958852,0.16496683754958852,0.001086104428395629,0.004983142757953111,0.1648772276051384,-0.0005431997471806008,131072,4194304,E11 energy-weighted P_N capture; frozen E20 construction
llama31_8b,E20_hadamard_g256_m1,qkv,11,0,256,1,0,0.17985120222349948,0.17985120222349948,0.0006623795488849282,0.0026844711009627246,0.17979162747749436,-0.0003312446359468449,131072,2097152,E11 energy-weighted P_N capture; frozen E20 construction
llama31_8b,E20_hadamard_g256_m1,qkv,11,1,256,1,0,0.17950815152343225,0.17950815152343225,0.0006623795488849282,0.002684471101750223,0.17944869041113137,-0.00033124463594686333,131072,2097152,E11 energy-weighted P_N capture; frozen E20 construction
llama31_8b,E20_hadamard_g256_m1,qkv,11,2,256,1,0,0.1792569738055505,0.1792569738055505,0.0006623795488849282,0.002684471101419792,0.17919759589452133,-0.000331244635946931,131072,2097152,E11 energy-weighted P_N capture; frozen E20 construction
llama31_8b,E20_hadamard_g256_m2,qkv,11,0,256,2,0,0.17962949046070165,0.17985120222349948,0.001086104428395629,0.004983142922898221,0.17975350709592156,0.0006904024216838754,131072,2097152,E11 energy-weighted P_N capture; frozen E20 construction
llama31_8b,E20_hadamard_g256_m2,qkv,11,1,256,2,0,0.1793052539902078,0.17950815152343225,0.0010861045448109508,0.004983142923766764,0.17941064273045346,0.000587761584785518,131072,2097152,E11 energy-weighted P_N capture; frozen E20 construction
llama31_8b,E20_hadamard_g256_m2,qkv,11,2,256,2,0,0.17903899392630862,0.1792569738055505,0.0010861045448109508,0.0049831429229714435,0.1791596014522592,0.0006736383136749795,131072,2097152,E11 energy-weighted P_N capture; frozen E20 construction
llama31_8b,E20_hadamard_g256_m3,qkv,11,0,256,3,0,0.1792700679755015,0.17985120222349948,0.0027820132672786713,0.008836915503087983,0.1796008537686894,0.00184518138986319,131072,2097152,E11 energy-weighted P_N capture; frozen E20 construction
llama31_8b,E20_hadamard_g256_m3,qkv,11,1,256,3,0,0.17894233513333546,0.17950815152343225,0.0027820132672786713,0.008836915503535422,0.17925828058676838,0.001765627196032138,131072,2097152,E11 energy-weighted P_N capture; frozen E20 construction
llama31_8b,E20_hadamard_g256_m3,qkv,11,2,256,3,0,0.17867639237482535,0.1792569738055505,0.002782013500109315,0.008836915502345296,0.1790074524812015,0.0018528474969522432,131072,2097152,E11 energy-weighted P_N capture; frozen E20 construction
llama31_8b,E20_hadamard_g128_m2,qkv,11,0,128,2,0,0.1647941644690718,0.16536910788673076,0.0034768457990139723,0.011544408627788744,0.16508137612519955,0.0017428508894903748,131072,4194304,E11 energy-weighted P_N capture; frozen E20 construction
llama31_8b,E20_hadamard_g128_m2,qkv,11,1,128,2,0,0.16452678597164905,0.1651119352699144,0.0034768457990139723,0.011544408624514793,0.16482465097242893,0.0018104346901373978,131072,4194304,E11 energy-weighted P_N capture; frozen E20 construction
llama31_8b,E20_hadamard_g128_m2,qkv,11,2,128,2,0,0.1644069718453416,0.16496683754958852,0.0034768457990139723,0.011544408622871262,0.16467980571293564,0.001659503027953756,131072,4194304,E11 energy-weighted P_N capture; frozen E20 construction
llama31_8b,E20_nar_g64_m1,qkv,11,0,64,1,64,0.10319546891047437,0.14959721923371827,0.5307821035385132,0.5180293155679332,0.10247331950091436,-0.006997879046283569,131072,8388608,E11 energy-weighted P_N capture; frozen E20 construction
llama31_8b,E20_nar_g64_m1,qkv,11,1,64,1,64,0.10319640809286934,0.14942414617797883,0.5307821035385132,0.5180293158262872,0.10235476535513122,-0.008155736747937063,131072,8388608,E11 energy-weighted P_N capture; frozen E20 construction
llama31_8b,E20_nar_g64_m1,qkv,11,2,64,1,64,0.10319722521064145,0.14934289905549925,0.5307821035385132,0.5180293156857414,0.10229911149750587,-0.008702886257865904,131072,8388608,E11 energy-weighted P_N capture; frozen E20 construction
llama31_8b,E20_nar_g128_m1,qkv,11,0,128,1,32,0.11933053138939176,0.16536910788673076,0.47392207384109497,0.46262464193768993,0.11994424726383014,0.00514299121350382,131072,4194304,E11 energy-weighted P_N capture; frozen E20 construction
llama31_8b,E20_nar_g128_m1,qkv,11,1,128,1,32,0.11931836081353264,0.1651119352699144,0.4739220440387726,0.4626246418741465,0.11975772019489797,0.003682244529422818,131072,4194304,E11 energy-weighted P_N capture; frozen E20 construction
llama31_8b,E20_nar_g128_m1,qkv,11,2,128,1,32,0.11932883763692459,0.16496683754958852,0.4739220440387726,0.46262464188242775,0.11965247903130008,0.002712180900984021,131072,4194304,E11 energy-weighted P_N capture; frozen E20 construction
llama31_8b,E20_nar_g256_m1,qkv,11,0,256,1,16,0.1359858782677641,0.17985120222349948,0.3991659879684448,0.39002481322056365,0.13940893191378384,0.0251721258826564,131072,2097152,E11 energy-weighted P_N capture; frozen E20 construction
llama31_8b,E20_nar_g256_m1,qkv,11,1,256,1,16,0.13597659218895863,0.17950815152343225,0.3991660475730896,0.39002481325361565,0.13914301446436356,0.023286524720407268,131072,2097152,E11 energy-weighted P_N capture; frozen E20 construction
llama31_8b,E20_nar_g256_m1,qkv,11,2,256,1,16,0.1360096850703627,0.1792569738055505,0.3991660475730896,0.39002481326921307,0.1389483178751795,0.02160605550477183,131072,2097152,E11 energy-weighted P_N capture; frozen E20 construction
llama31_8b,E20_nar_g256_m2,qkv,11,0,256,2,32,0.1298013133921092,0.17985120222349948,0.47392207384109497,0.46262468575507903,0.13044828835243108,0.004984348335270409,131072,2097152,E11 energy-weighted P_N capture; frozen E20 construction
llama31_8b,E20_nar_g256_m2,qkv,11,1,256,2,32,0.12979791279381736,0.17950815152343225,0.47392207384109497,0.4626246856456146,0.13019946946165567,0.003093706664422088,131072,2097152,E11 energy-weighted P_N capture; frozen E20 construction
llama31_8b,E20_nar_g256_m2,qkv,11,2,256,2,32,0.1297865120433883,0.1792569738055505,0.47392207384109497,0.46262468592622924,0.1300172871744935,0.0017781133607169387,131072,2097152,E11 energy-weighted P_N capture; frozen E20 construction
llama31_8b,E20_nar_g256_m3,qkv,11,0,256,3,48,0.12626581836977202,0.17985120222349948,0.5096093416213989,0.4975415983184472,0.12594601754262622,-0.002532758519089165,131072,2097152,E11 energy-weighted P_N capture; frozen E20 construction
llama31_8b,E20_nar_g256_m3,qkv,11,1,256,3,48,0.1262740545781149,0.17950815152343225,0.5096093416213989,0.4975415982762103,0.12570578634620092,-0.004500277066516937,131072,2097152,E11 energy-weighted P_N capture; frozen E20 construction
llama31_8b,E20_nar_g256_m3,qkv,11,2,256,3,48,0.12627684846061804,0.1792569738055505,0.5096093416213989,0.49754159811788556,0.12552989186859081,-0.0059152299184927724,131072,2097152,E11 energy-weighted P_N capture; frozen E20 construction
llama31_8b,E20_nar_g128_m2,qkv,11,0,128,2,64,0.11394052561755696,0.16536910788673076,0.5307820439338684,0.5180292641795663,0.11327698864443136,-0.005823537933753015,131072,4194304,E11 energy-weighted P_N capture; frozen E20 construction
llama31_8b,E20_nar_g128_m2,qkv,11,1,128,2,64,0.113940455893486,0.1651119352699144,0.5307821035385132,0.5180292643499369,0.11310081954059922,-0.00736908015947988,131072,4194304,E11 energy-weighted P_N capture; frozen E20 construction
llama31_8b,E20_nar_g128_m2,qkv,11,2,128,2,64,0.11395803641441216,0.16496683754958852,0.5307820439338684,0.5180292645389768,0.11300143553179279,-0.00839432577743493,131072,4194304,E11 energy-weighted P_N capture; frozen E20 construction
llama31_8b,E20_nar_g128_m2_c32,qkv,11,0,128,2,64,0.11394052561755696,0.16536910788673076,0.5307820439338684,0.5180292641795663,0.11327698864443136,-0.005823537933753015,131072,4194304,E11 energy-weighted P_N capture; frozen E20 construction
llama31_8b,E20_nar_g128_m2_c32,qkv,11,1,128,2,64,0.113940455893486,0.1651119352699144,0.5307821035385132,0.5180292643499369,0.11310081954059922,-0.00736908015947988,131072,4194304,E11 energy-weighted P_N capture; frozen E20 construction
llama31_8b,E20_nar_g128_m2_c32,qkv,11,2,128,2,64,0.11395803641441216,0.16496683754958852,0.5307820439338684,0.5180292645389768,0.11300143553179279,-0.00839432577743493,131072,4194304,E11 energy-weighted P_N capture; frozen E20 construction
llama31_8b,E20_nar_g256_m3_c32,qkv,11,0,256,3,48,0.12626581836977202,0.17985120222349948,0.5096093416213989,0.4975415983184472,0.12594601754262622,-0.002532758519089165,131072,2097152,E11 energy-weighted P_N capture; frozen E20 construction
llama31_8b,E20_nar_g256_m3_c32,qkv,11,1,256,3,48,0.1262740545781149,0.17950815152343225,0.5096093416213989,0.4975415982762103,0.12570578634620092,-0.004500277066516937,131072,2097152,E11 energy-weighted P_N capture; frozen E20 construction
llama31_8b,E20_nar_g256_m3_c32,qkv,11,2,256,3,48,0.12627684846061804,0.1792569738055505,0.5096093416213989,0.49754159811788556,0.12552989186859081,-0.0059152299184927724,131072,2097152,E11 energy-weighted P_N capture; frozen E20 construction
llama31_8b,E11_g64_kmax,down,11,0,64,1,224,0.010345861912633893,0.012800666270644388,0.29274699107195007,0.2745067146824709,0.010765147308691783,0.04052686954441926,131072,29360128,frozen E11 selected eigenvalue fractions
llama31_8b,E11_g64_kmax,down,11,1,64,1,224,0.01034609375825614,0.012800710383330638,0.29274699107195007,0.27450671467951776,0.010765184406726809,0.04050713808158133,131072,29360128,frozen E11 selected eigenvalue fractions
llama31_8b,E11_g64_kmax,down,11,2,64,1,224,0.010345799866921206,0.01280147014652287,0.29274699107195007,0.27450671465351734,0.010765823354927722,0.04059845477481771,131072,29360128,frozen E11 selected eigenvalue fractions
llama31_8b,E11_g128_k8,down,11,0,128,1,8,0.012859827017969774,0.014160659289398485,0.10335561403171192,0.10169423003555988,0.013408913539142746,0.04269781548427531,131072,14680064,frozen E11 selected eigenvalue fractions
llama31_8b,E11_g128_k8,down,11,1,128,1,8,0.012860876181858367,0.014160870010270252,0.10335561403171192,0.10169423006468502,0.013409113073492997,0.04262826916940356,131072,14680064,frozen E11 selected eigenvalue fractions
llama31_8b,E11_g128_k8,down,11,2,128,1,8,0.012861037371791704,0.014161994321956608,0.10335561403171192,0.10169423003427694,0.013410177698937707,0.04269798082932566,131072,14680064,frozen E11 selected eigenvalue fractions
llama31_8b,E11_g128_k16,down,11,0,128,1,16,0.012681810277107575,0.014160659289398485,0.13004113749473403,0.12640916996711288,0.013207871408667965,0.04148154877462596,131072,14680064,frozen E11 selected eigenvalue fractions
llama31_8b,E11_g128_k16,down,11,1,128,1,16,0.012681909296059788,0.014160870010270252,0.13004113749473403,0.1264091699872635,0.013208067951365629,0.04148891488045231,131072,14680064,frozen E11 selected eigenvalue fractions
llama31_8b,E11_g128_k16,down,11,2,128,1,16,0.012681865641823784,0.014161994321956608,0.13004113749473403,0.12640917004596444,0.013209116614699246,0.04157518994181981,131072,14680064,frozen E11 selected eigenvalue fractions
llama31_8b,E11_g128_k32,down,11,0,128,1,32,0.012448360697856107,0.014160659289398485,0.16385454106583358,0.1576614299268357,0.012948646996096769,0.04018893012369275,131072,14680064,frozen E11 selected eigenvalue fractions
llama31_8b,E11_g128_k32,down,11,1,128,1,32,0.012448708654461951,0.014160870010270252,0.16385454106583358,0.15766142990071352,0.012948839681347326,0.04017533390550631,131072,14680064,frozen E11 selected eigenvalue fractions
llama31_8b,E11_g128_k32,down,11,2,128,1,32,0.012448792280588388,0.014161994321956608,0.16385454106583358,0.1576614299539434,0.012949867763080151,0.04025093127090723,131072,14680064,frozen E11 selected eigenvalue fractions
llama31_8b,E11_g128_kmax,down,11,0,128,1,112,0.011962122941902924,0.014160659289398485,0.23606417184276815,0.2224528764824378,0.012376900881155352,0.0346742748981014,131072,14680064,saved factor eigenvalue sum / calibration trace
llama31_8b,E11_g128_kmax,down,11,1,128,1,112,0.011962562234522871,0.014160870010270252,0.23606417184276815,0.222452876526386,0.012377085058409402,0.03465167543206215,131072,14680064,saved factor eigenvalue sum / calibration trace
llama31_8b,E11_g128_kmax,down,11,2,128,1,112,0.01196224142221555,0.014161994321956608,0.23606417184276815,0.2224528764733453,0.012378067745303927,0.03476157255245918,131072,14680064,saved factor eigenvalue sum / calibration trace
llama31_8b,E11_g256_kmax,down,11,0,256,1,56,0.013461822950505084,0.015422737699563134,0.19649329497040904,0.1861183495452087,0.013824716211087388,0.026957215372431256,131072,7340032,frozen E11 selected eigenvalue fractions
llama31_8b,E11_g256_kmax,down,11,1,256,1,56,0.013462329216808058,0.015422375452806352,0.19649329497040904,0.186118349462639,0.013824391498399638,0.026894475373513804,131072,7340032,frozen E11 selected eigenvalue fractions
llama31_8b,E11_g256_kmax,down,11,2,256,1,56,0.013463153593513561,0.015424179884614324,0.19649329497040904,0.18611834950206396,0.013826008964646773,0.026951736724450073,131072,7340032,frozen E11 selected eigenvalue fractions
llama31_8b,E20_hadamard_g64_m1,down,11,0,64,1,0,0.012799571036121424,0.012799571036121424,0.004050690680742264,0.014678239483380505,0.012773621179187988,-0.002027400516798874,131072,29360128,E11 energy-weighted P_N capture; frozen E20 construction
llama31_8b,E20_hadamard_g64_m1,down,11,1,64,1,0,0.012801048948106186,0.012801048948106186,0.004050690680742264,0.014678239483977826,0.012775096094853229,-0.0020274005167987908,131072,29360128,E11 energy-weighted P_N capture; frozen E20 construction
llama31_8b,E20_hadamard_g64_m1,down,11,2,64,1,0,0.012801029138416933,0.012801029138416933,0.004050690680742264,0.014678239485544756,0.01277507632532615,-0.0020274005167988138,131072,29360128,E11 energy-weighted P_N capture; frozen E20 construction
llama31_8b,E20_hadamard_g128_m1,down,11,0,128,1,0,0.014159859052657804,0.014159859052657804,0.002297320170328021,0.00766623612892589,0.014143584835606389,-0.0011493205540319639,131072,14680064,E11 energy-weighted P_N capture; frozen E20 construction
llama31_8b,E20_hadamard_g128_m1,down,11,1,128,1,0,0.014161493479744491,0.014161493479744491,0.002297320170328021,0.007666236129499227,0.014145217384212433,-0.0011493205540318797,131072,14680064,E11 energy-weighted P_N capture; frozen E20 construction
llama31_8b,E20_hadamard_g128_m1,down,11,2,128,1,0,0.014161392085377335,0.014161392085377335,0.002297320170328021,0.007666236128780913,0.014145116106379906,-0.001149320554031955,131072,14680064,E11 energy-weighted P_N capture; frozen E20 construction
llama31_8b,E20_hadamard_g256_m1,down,11,0,256,1,0,0.015421988413001575,0.015421988413001575,0.001273149042390287,0.003907348626149332,0.015412168041417018,-0.0006367772638370083,131072,7340032,E11 energy-weighted P_N capture; frozen E20 construction
llama31_8b,E20_hadamard_g256_m1,down,11,1,256,1,0,0.015423893870373018,0.015423893870373018,0.001273148925974965,0.00390734862552736,0.015414072286334889,-0.0006367772055923275,131072,7340032,E11 energy-weighted P_N capture; frozen E20 construction
llama31_8b,E20_hadamard_g256_m1,down,11,2,256,1,0,0.015424195222773067,0.015424195222773067,0.001273149042390287,0.003907348626679797,0.015414373445942221,-0.0006367772638370747,131072,7340032,E11 energy-weighted P_N capture; frozen E20 construction
llama31_8b,E20_hadamard_g256_m2,down,11,0,256,2,0,0.015392323486952377,0.015421988413001575,0.0022973204031586647,0.0076662363901033115,0.015404263602937047,0.0007757188831686968,131072,7340032,E11 energy-weighted P_N capture; frozen E20 construction
llama31_8b,E20_hadamard_g256_m2,down,11,1,256,2,0,0.015394288706552508,0.015423893870373018,0.0022973204031586647,0.007666236389424745,0.015406166870326947,0.000771595492384293,131072,7340032,E11 energy-weighted P_N capture; frozen E20 construction
llama31_8b,E20_hadamard_g256_m2,down,11,2,256,2,0,0.01539461691284221,0.015424195222773067,0.0022973204031586647,0.007666236389689396,0.015406467876376454,0.000769812175342822,131072,7340032,E11 energy-weighted P_N capture; frozen E20 construction
llama31_8b,E20_hadamard_g256_m3,down,11,0,256,3,0,0.015365602887096572,0.015421988413001575,0.003096434287726879,0.011002263078244257,0.015398093314406246,0.002114490889059585,131072,7340032,E11 energy-weighted P_N capture; frozen E20 construction
llama31_8b,E20_hadamard_g256_m3,down,11,1,256,3,0,0.015368212339404965,0.015423893870373018,0.003096434287726879,0.011002263078906538,0.015399995819428709,0.0020681312388070566,131072,7340032,E11 energy-weighted P_N capture; frozen E20 construction
llama31_8b,E20_hadamard_g256_m3,down,11,2,256,3,0,0.015368342775525536,0.015424195222773067,0.003096434287726879,0.011002263075891904,0.015400296704908077,0.0020792046253307367,131072,7340032,E11 energy-weighted P_N capture; frozen E20 construction
llama31_8b,E20_hadamard_g128_m2,down,11,0,128,2,0,0.014108103227753846,0.014159859052657804,0.004050690680742264,0.014678238984844395,0.014131151347096646,0.0016336795223797235,131072,14680064,E11 energy-weighted P_N capture; frozen E20 construction
llama31_8b,E20_hadamard_g128_m2,down,11,1,128,2,0,0.01411028881835771,0.014161493479744491,0.004050690680742264,0.014678238986302373,0.014132782460545014,0.0015941305296344405,131072,14680064,E11 energy-weighted P_N capture; frozen E20 construction
llama31_8b,E20_hadamard_g128_m2,down,11,2,128,2,0,0.014109916144708563,0.014161392085377335,0.0040506902150809765,0.01467823898348855,0.014132681275048754,0.0016134135813931315,131072,14680064,E11 energy-weighted P_N capture; frozen E20 construction
llama31_8b,E20_nar_g64_m1,down,11,0,64,1,224,0.010213963422585293,0.012799571036121424,0.29274699091911316,0.2745067095949988,0.010764226235847612,0.0538735836908882,131072,29360128,E11 energy-weighted P_N capture; frozen E20 construction
llama31_8b,E20_nar_g64_m1,down,11,1,64,1,224,0.010214166807589797,0.012801048948106186,0.29274699091911316,0.274506709574417,0.010765469135231956,0.05397428278070653,131072,29360128,E11 energy-weighted P_N capture; frozen E20 construction
llama31_8b,E20_nar_g64_m1,down,11,2,64,1,224,0.010213725819145179,0.012801029138416933,0.29274699091911316,0.2745067095641534,0.010765452475612959,0.05401815813712101,131072,29360128,E11 energy-weighted P_N capture; frozen E20 construction
llama31_8b,E20_nar_g128_m1,down,11,0,128,1,112,0.011729545218744015,0.014159859052657804,0.24284414947032928,0.2288481448731206,0.01232115927313485,0.05043793628464172,131072,14680064,E11 energy-weighted P_N capture; frozen E20 construction
llama31_8b,E20_nar_g128_m1,down,11,1,128,1,112,0.011729370966556891,0.014161493479744491,0.24284414947032928,0.22884814491007507,0.012322581465006996,0.05057479213007097,131072,14680064,E11 energy-weighted P_N capture; frozen E20 construction
llama31_8b,E20_nar_g128_m1,down,11,2,128,1,112,0.011729265455768008,0.014161392085377335,0.24284414947032928,0.2288481448455579,0.012322493236999747,0.0505767205515851,131072,14680064,E11 energy-weighted P_N capture; frozen E20 construction
llama31_8b,E20_nar_g256_m1,down,11,0,256,1,56,0.01323061626083041,0.015421988413001575,0.19649331271648407,0.1861183402784849,0.013824044408929325,0.04485264604459694,131072,7340032,E11 energy-weighted P_N capture; frozen E20 construction
llama31_8b,E20_nar_g256_m1,down,11,1,256,1,56,0.013231070376955431,0.015423893870373018,0.19649331271648407,0.18611834031249228,0.013825752432993197,0.04494587656895272,131072,7340032,E11 energy-weighted P_N capture; frozen E20 construction
llama31_8b,E20_nar_g256_m1,down,11,2,256,1,56,0.013229800812717851,0.015424195222773067,0.19649331271648407,0.18611834030407445,0.013826022560868375,0.045066570282552815,131072,7340032,E11 energy-weighted P_N capture; frozen E20 construction
llama31_8b,E20_nar_g256_m2,down,11,0,256,2,112,0.012891105796765492,0.015421988413001575,0.24284414947032928,0.22884816597877247,0.013419397385129088,0.04098109166834621,131072,7340032,E11 energy-weighted P_N capture; frozen E20 construction
llama31_8b,E20_nar_g256_m2,down,11,1,256,2,112,0.01289005519703371,0.015423893870373018,0.24284414947032928,0.22884816625585808,0.01342105541319804,0.04119456496094173,131072,7340032,E11 energy-weighted P_N capture; frozen E20 construction
llama31_8b,E20_nar_g256_m2,down,11,2,256,2,112,0.012890964118250383,0.015424195222773067,0.24284414947032928,0.2288481661186602,0.013421317634093356,0.041141493450604305,131072,7340032,E11 energy-weighted P_N capture; frozen E20 construction
llama31_8b,E20_nar_g256_m3,down,11,0,256,3,168,0.012681916407040734,0.015421988413001575,0.27209436893463135,0.25542924664742334,0.01315763734413417,0.0375117546768662,131072,7340032,E11 energy-weighted P_N capture; frozen E20 construction
llama31_8b,E20_nar_g256_m3,down,11,1,256,3,168,0.0126802406001635,0.015423893870373018,0.27209433913230896,0.2554292467845437,0.01315926329993698,0.037777098627553234,131072,7340032,E11 energy-weighted P_N capture; frozen E20 construction
llama31_8b,E20_nar_g256_m3,down,11,2,256,3,168,0.012681887667035723,0.015424195222773067,0.27209433913230896,0.2554292468057068,0.013159520405931852,0.03766259025757252,131072,7340032,E11 energy-weighted P_N capture; frozen E20 construction
llama31_8b,E20_nar_g128_m2,down,11,0,128,2,224,0.011403828043073383,0.014159859052657804,0.29274702072143555,0.2745066826910313,0.011908205569470757,0.04422879093689332,131072,14680064,E11 energy-weighted P_N capture; frozen E20 construction
llama31_8b,E20_nar_g128_m2,down,11,1,128,2,224,0.01140386870756216,0.014161493479744491,0.29274702072143555,0.27450668251357746,0.011909580095422196,0.04434559892159123,131072,14680064,E11 energy-weighted P_N capture; frozen E20 construction
llama31_8b,E20_nar_g128_m2,down,11,2,128,2,224,0.011403475939416279,0.014161392085377335,0.29274702072143555,0.27450668250844623,0.01190949482444858,0.044374091524430705,131072,14680064,E11 energy-weighted P_N capture; frozen E20 construction
llama31_8b,E20_nar_g128_m2_c32,down,11,0,128,2,224,0.011403828043073383,0.014159859052657804,0.29274702072143555,0.2745066826910313,0.011908205569470757,0.04422879093689332,131072,14680064,E11 energy-weighted P_N capture; frozen E20 construction
llama31_8b,E20_nar_g128_m2_c32,down,11,1,128,2,224,0.01140386870756216,0.014161493479744491,0.29274702072143555,0.27450668251357746,0.011909580095422196,0.04434559892159123,131072,14680064,E11 energy-weighted P_N capture; frozen E20 construction
llama31_8b,E20_nar_g128_m2_c32,down,11,2,128,2,224,0.011403475939416279,0.014161392085377335,0.29274702072143555,0.27450668250844623,0.01190949482444858,0.044374091524430705,131072,14680064,E11 energy-weighted P_N capture; frozen E20 construction
llama31_8b,E20_nar_g256_m3_c32,down,11,0,256,3,168,0.012681916407040734,0.015421988413001575,0.27209436893463135,0.25542924664742334,0.01315763734413417,0.0375117546768662,131072,7340032,E11 energy-weighted P_N capture; frozen E20 construction
llama31_8b,E20_nar_g256_m3_c32,down,11,1,256,3,168,0.0126802406001635,0.015423893870373018,0.27209433913230896,0.2554292467845437,0.01315926329993698,0.037777098627553234,131072,7340032,E11 energy-weighted P_N capture; frozen E20 construction
llama31_8b,E20_nar_g256_m3_c32,down,11,2,256,3,168,0.012681887667035723,0.015424195222773067,0.27209433913230896,0.2554292468057068,0.013159520405931852,0.03766259025757252,131072,7340032,E11 energy-weighted P_N capture; frozen E20 construction
llama31_8b,E11_g64_kmax,qkv,12,0,64,1,64,0.0958093807061573,0.1343309989535868,0.5079418284090933,0.49613618815178795,0.09422897536015189,-0.016495309064280855,131072,8388608,frozen E11 selected eigenvalue fractions
llama31_8b,E11_g64_kmax,qkv,12,1,64,1,64,0.09579623423081385,0.13424754971237807,0.5079418284090933,0.49613618814481825,0.09417043833924878,-0.01697139667983021,131072,8388608,frozen E11 selected eigenvalue fractions
llama31_8b,E11_g64_kmax,qkv,12,2,64,1,64,0.09579541223119703,0.13424918082471748,0.5079418284090933,0.49613618814522137,0.09417158251330866,-0.016951017591211384,131072,8388608,frozen E11 selected eigenvalue fractions
llama31_8b,E11_g128_k8,qkv,12,0,128,1,8,0.12066501630652127,0.14850850008400407,0.3232073163190431,0.31914633567930223,0.12217409744957405,0.012506368367939547,131072,4194304,frozen E11 selected eigenvalue fractions
llama31_8b,E11_g128_k8,qkv,12,1,128,1,8,0.12071007784669341,0.1484553501757837,0.3232073163190431,0.3191463357297208,0.12213037239637725,0.011766163811837427,131072,4194304,frozen E11 selected eigenvalue fractions
llama31_8b,E11_g128_k8,qkv,12,2,128,1,8,0.12069383262654032,0.14844500759081036,0.3232073163190431,0.31914633561406786,0.12212186381953687,0.01183184891820665,131072,4194304,frozen E11 selected eigenvalue fractions
llama31_8b,E11_g128_k16,qkv,12,0,128,1,16,0.1166400155603533,0.14850850008400407,0.3837208525686885,0.3764910999382376,0.11658429433483979,-0.0004777196337451383,131072,4194304,frozen E11 selected eigenvalue fractions
llama31_8b,E11_g128_k16,qkv,12,1,128,1,16,0.11662135994714529,0.1484553501757837,0.3837208525686885,0.3764910999555306,0.11654256982385,-0.0006756062811391916,131072,4194304,frozen E11 selected eigenvalue fractions
llama31_8b,E11_g128_k16,qkv,12,2,128,1,16,0.11663416619685663,0.14844500759081036,0.3837208525686885,0.3764911000683257,0.11653445053795031,-0.0008549438141309062,131072,4194304,frozen E11 selected eigenvalue fractions
llama31_8b,E11_g128_k32,qkv,12,0,128,1,32,0.11109237463550592,0.14850850008400407,0.4525752171422578,0.4419823510045961,0.10987870673997309,-0.010924853299021417,131072,4194304,frozen E11 selected eigenvalue fractions
llama31_8b,E11_g128_k32,qkv,12,1,128,1,32,0.11109470848170755,0.1484553501757837,0.4525752171422578,0.4419823509004701,0.10983938210080901,-0.011299605517262178,131072,4194304,frozen E11 selected eigenvalue fractions
llama31_8b,E11_g128_k32,qkv,12,2,128,1,32,0.11106929238423469,0.14844500759081036,0.4525752171422578,0.4419823510161806,0.10983172981248493,-0.011142256740670632,131072,4194304,frozen E11 selected eigenvalue fractions
llama31_8b,E11_g128_kmax,qkv,12,0,128,1,32,0.11124694323854012,0.14850850008400407,0.4506784703529951,0.4402811970963732,0.11006889895767179,-0.010589453036406783,131072,4194304,saved factor eigenvalue sum / calibration trace
llama31_8b,E11_g128_kmax,qkv,12,1,128,1,32,0.1112393529488358,0.1484553501757837,0.4506784703529951,0.44028119701984986,0.11002950625035735,-0.010876067384488666,131072,4194304,saved factor eigenvalue sum / calibration trace
llama31_8b,E11_g128_kmax,qkv,12,2,128,1,32,0.11124546721660789,0.14844500759081036,0.4506784703529951,0.4402811969769005,0.11002184071646703,-0.010999338047260006,131072,4194304,saved factor eigenvalue sum / calibration trace
llama31_8b,E11_g256_kmax,qkv,12,0,256,1,16,0.1273606661181681,0.1615292882794641,0.3837208525686885,0.37515948445791236,0.12680606212989834,-0.004354593966674015,131072,2097152,frozen E11 selected eigenvalue fractions
llama31_8b,E11_g256_kmax,qkv,12,1,256,1,16,0.12734976810120457,0.161482826228589,0.3837208525686885,0.37515948453895637,0.12676958781757575,-0.004555801649891976,131072,2097152,frozen E11 selected eigenvalue fractions
llama31_8b,E11_g256_kmax,qkv,12,2,256,1,16,0.12740504710660616,0.16144846526809076,0.3837208525686885,0.37515948451903813,0.126742613278542,-0.00519943160108776,131072,2097152,frozen E11 selected eigenvalue fractions
llama31_8b,E20_hadamard_g64_m1,qkv,12,0,64,1,0,0.13418130628275282,0.13418130628275282,0.0040750824846327305,0.012522531702286364,0.13390762723645186,-0.002039621269778469,131072,8388608,E11 energy-weighted P_N capture; frozen E20 construction
llama31_8b,E20_hadamard_g64_m1,qkv,12,1,64,1,0,0.13428064474405588,0.13428064474405588,0.0040750824846327305,0.012522531700438759,0.13400676308491635,-0.0020396212697783318,131072,8388608,E11 energy-weighted P_N capture; frozen E20 construction
llama31_8b,E20_hadamard_g64_m1,qkv,12,2,64,1,0,0.13430250053652504,0.13430250053652504,0.0040750824846327305,0.01252253170188356,0.13402857429984633,-0.00203962126977833,131072,8388608,E11 energy-weighted P_N capture; frozen E20 construction
llama31_8b,E20_hadamard_g128_m1,qkv,12,0,128,1,0,0.14832171773473313,0.14832171773473313,0.0011660164454951882,0.00525440112644594,0.1482352197318038,-0.0005831782711956704,131072,4194304,E11 energy-weighted P_N capture; frozen E20 construction
llama31_8b,E20_hadamard_g128_m1,qkv,12,1,128,1,0,0.14846419952815992,0.14846419952815992,0.00116601656191051,0.005254401126202853,0.14837761842429786,-0.0005831783294371774,131072,4194304,E11 energy-weighted P_N capture; frozen E20 construction
llama31_8b,E20_hadamard_g128_m1,qkv,12,2,128,1,0,0.14848394598233305,0.14848394598233305,0.00116601656191051,0.005254401124738534,0.14839735336276683,-0.0005831783294372516,131072,4194304,E11 energy-weighted P_N capture; frozen E20 construction
llama31_8b,E20_hadamard_g256_m1,qkv,12,0,256,1,0,0.16128905269382443,0.16128905269382443,0.0007444476941600442,0.0028815775243785442,0.16122900588463102,-0.0003722931481741779,131072,2097152,E11 energy-weighted P_N capture; frozen E20 construction
llama31_8b,E20_hadamard_g256_m1,qkv,12,1,256,1,0,0.16152022148992629,0.16152022148992629,0.0007444476941600442,0.0028815775246189505,0.161460088618174,-0.0003722931481741583,131072,2097152,E11 energy-weighted P_N capture; frozen E20 construction
llama31_8b,E20_hadamard_g256_m1,qkv,12,2,256,1,0,0.16151743782280192,0.16151743782280192,0.0007444477523677051,0.0028815775242790505,0.16145730598268732,-0.00037229317728886615,131072,2097152,E11 energy-weighted P_N capture; frozen E20 construction
llama31_8b,E20_hadamard_g256_m2,qkv,12,0,256,2,0,0.1610758844370963,0.16128905269382443,0.00116601656191051,0.00525440129582302,0.16119499241351792,0.0007394525681970209,131072,2097152,E11 energy-weighted P_N capture; frozen E20 construction
llama31_8b,E20_hadamard_g256_m2,qkv,12,1,256,2,0,0.16131140508352715,0.16152022148992629,0.00116601656191051,0.005254401296746527,0.16142602639698747,0.0007105592651739129,131072,2097152,E11 energy-weighted P_N capture; frozen E20 construction
llama31_8b,E20_hadamard_g256_m2,qkv,12,2,256,2,0,0.1613206166895118,0.16151743782280192,0.00116601656191051,0.0052544012962138014,0.16142324435323743,0.0006361720270580662,131072,2097152,E11 energy-weighted P_N capture; frozen E20 construction
llama31_8b,E20_hadamard_g256_m3,qkv,12,0,256,3,0,0.1607374916824078,0.16128905269382443,0.0032493420876562595,0.009604525413271779,0.16102679782794213,0.001799867240095718,131072,2097152,E11 energy-weighted P_N capture; frozen E20 construction
llama31_8b,E20_hadamard_g256_m3,qkv,12,1,256,3,0,0.16094821682216676,0.16152022148992629,0.0032493420876562595,0.009604525414175915,0.16125759074520654,0.0019221954063748058,131072,2097152,E11 energy-weighted P_N capture; frozen E20 construction
llama31_8b,E20_hadamard_g256_m3,qkv,12,2,256,3,0,0.16096467334423892,0.16151743782280192,0.003249342553317547,0.0096045254124084,0.16125481156663787,0.0018024962643726574,131072,2097152,E11 energy-weighted P_N capture; frozen E20 construction
llama31_8b,E20_hadamard_g128_m2,qkv,12,0,128,2,0,0.14777310207218441,0.14832171773473313,0.0040750824846327305,0.01252253127412338,0.1480191976044713,0.001665360805423641,131072,4194304,E11 energy-weighted P_N capture; frozen E20 construction
llama31_8b,E20_hadamard_g128_m2,qkv,12,1,128,2,0,0.1478968079568439,0.14846419952815992,0.0040750824846327305,0.0125225312668799,0.14816138878900167,0.0017889556631606137,131072,4194304,E11 energy-weighted P_N capture; frozen E20 construction
llama31_8b,E20_hadamard_g128_m2,qkv,12,2,128,2,0,0.14791949160298934,0.14848394598233305,0.004075082950294018,0.01252253126918928,0.14818109493324458,0.0017685521185901113,131072,4194304,E11 energy-weighted P_N capture; frozen E20 construction
llama31_8b,E20_nar_g64_m1,qkv,12,0,64,1,64,0.09514267120012265,0.13418130628275282,0.5079418420791626,0.49613621800765095,0.09412396934715175,-0.010707097458175904,131072,8388608,E11 energy-weighted P_N capture; frozen E20 construction
llama31_8b,E20_nar_g64_m1,qkv,12,1,64,1,64,0.09514621436549975,0.13428064474405588,0.5079418420791626,0.49613621802299984,0.09419365215577621,-0.01001156184800281,131072,8388608,E11 energy-weighted P_N capture; frozen E20 construction
llama31_8b,E20_nar_g64_m1,qkv,12,2,64,1,64,0.09514646695621254,0.13430250053652504,0.5079419016838074,0.4961362181916783,0.09420897760139173,-0.009853117880375467,131072,8388608,E11 energy-weighted P_N capture; frozen E20 construction
llama31_8b,E20_nar_g128_m1,qkv,12,0,128,1,32,0.10981993314792415,0.14832171773473313,0.4525752663612366,0.4419823896929341,0.10974050498305042,-0.0007232581790661337,131072,4194304,E11 energy-weighted P_N capture; frozen E20 construction
llama31_8b,E20_nar_g128_m1,qkv,12,1,128,1,32,0.10983573507840827,0.14846419952815992,0.4525752663612366,0.44198238963504455,0.10984592463568357,9.277087523499537e-05,131072,4194304,E11 energy-weighted P_N capture; frozen E20 construction
llama31_8b,E20_nar_g128_m1,qkv,12,2,128,1,32,0.1098228810707651,0.14848394598233305,0.4525752663612366,0.4419823896961315,0.10986053467314591,0.0003428575358221403,131072,4194304,E11 energy-weighted P_N capture; frozen E20 construction
llama31_8b,E20_nar_g256_m1,qkv,12,0,256,1,16,0.12449165833999665,0.16128905269382443,0.38372093439102173,0.37515952464257046,0.12661746050452058,0.017075860285499588,131072,2097152,E11 energy-weighted P_N capture; frozen E20 construction
llama31_8b,E20_nar_g256_m1,qkv,12,1,256,1,16,0.124494125533813,0.16152022148992629,0.38372093439102173,0.37515952453746265,0.12679893596997494,0.018513407169046998,131072,2097152,E11 energy-weighted P_N capture; frozen E20 construction
llama31_8b,E20_nar_g256_m1,qkv,12,2,256,1,16,0.12453318371689903,0.16151743782280192,0.38372093439102173,0.3751595244988354,0.12679675069542415,0.01817641620462284,131072,2097152,E11 energy-weighted P_N capture; frozen E20 construction
llama31_8b,E20_nar_g256_m2,qkv,12,0,256,2,32,0.11944865184388576,0.16128905269382443,0.4525752663612366,0.44198243208041615,0.1193347970963611,-0.000953168962287269,131072,2097152,E11 energy-weighted P_N capture; frozen E20 construction
llama31_8b,E20_nar_g256_m2,qkv,12,1,256,2,32,0.11945928178936605,0.16152022148992629,0.4525752663612366,0.44198243192687053,0.11950583462753311,0.00038969628370235857,131072,2097152,E11 energy-weighted P_N capture; frozen E20 construction
llama31_8b,E20_nar_g256_m2,qkv,12,2,256,2,32,0.11944836498780731,0.16151743782280192,0.45257532596588135,0.44198243182872754,0.11950376853763911,0.0004638284486979453,131072,2097152,E11 energy-weighted P_N capture; frozen E20 construction
llama31_8b,E20_nar_g256_m3,qkv,12,0,256,3,48,0.11630605309564856,0.16128905269382443,0.48728257417678833,0.47606269474847024,0.1154898800360995,-0.007017459864086812,131072,2097152,E11 energy-weighted P_N capture; frozen E20 construction
llama31_8b,E20_nar_g256_m3,qkv,12,1,256,3,48,0.11630199315909451,0.16152022148992629,0.4872826337814331,0.4760626948382952,0.11565540008721548,-0.005559604391255177,131072,2097152,E11 energy-weighted P_N capture; frozen E20 construction
llama31_8b,E20_nar_g256_m3,qkv,12,2,256,3,48,0.11631385895807433,0.16151743782280192,0.48728257417678833,0.4760626946707454,0.11565341358476328,-0.00567813138715583,131072,2097152,E11 energy-weighted P_N capture; frozen E20 construction
llama31_8b,E20_nar_g128_m2,qkv,12,0,128,2,64,0.10503510509376568,0.14832171773473313,0.5079418420791626,0.4961361685935088,0.10404302358006902,-0.009445237502366673,131072,4194304,E11 energy-weighted P_N capture; frozen E20 construction
llama31_8b,E20_nar_g128_m2,qkv,12,1,128,2,64,0.10505484499425943,0.14846419952815992,0.5079418420791626,0.49613616845424224,0.10414297008028248,-0.008679989143068886,131072,4194304,E11 energy-weighted P_N capture; frozen E20 construction
llama31_8b,E20_nar_g128_m2,qkv,12,2,128,2,64,0.1050396301184362,0.14848394598233305,0.5079418420791626,0.49613616866608545,0.10415682159729923,-0.008404528082796611,131072,4194304,E11 energy-weighted P_N capture; frozen E20 construction
llama31_8b,E20_nar_g128_m2_c32,qkv,12,0,128,2,64,0.10503510509376568,0.14832171773473313,0.5079418420791626,0.4961361685935088,0.10404302358006902,-0.009445237502366673,131072,4194304,E11 energy-weighted P_N capture; frozen E20 construction
llama31_8b,E20_nar_g128_m2_c32,qkv,12,1,128,2,64,0.10505484499425943,0.14846419952815992,0.5079418420791626,0.49613616845424224,0.10414297008028248,-0.008679989143068886,131072,4194304,E11 energy-weighted P_N capture; frozen E20 construction
llama31_8b,E20_nar_g128_m2_c32,qkv,12,2,128,2,64,0.1050396301184362,0.14848394598233305,0.5079418420791626,0.49613616866608545,0.10415682159729923,-0.008404528082796611,131072,4194304,E11 energy-weighted P_N capture; frozen E20 construction
llama31_8b,E20_nar_g256_m3_c32,qkv,12,0,256,3,48,0.11630605309564856,0.16128905269382443,0.48728257417678833,0.47606269474847024,0.1154898800360995,-0.007017459864086812,131072,2097152,E11 energy-weighted P_N capture; frozen E20 construction
llama31_8b,E20_nar_g256_m3_c32,qkv,12,1,256,3,48,0.11630199315909451,0.16152022148992629,0.4872826337814331,0.4760626948382952,0.11565540008721548,-0.005559604391255177,131072,2097152,E11 energy-weighted P_N capture; frozen E20 construction
llama31_8b,E20_nar_g256_m3_c32,qkv,12,2,256,3,48,0.11631385895807433,0.16151743782280192,0.48728257417678833,0.4760626946707454,0.11565341358476328,-0.00567813138715583,131072,2097152,E11 energy-weighted P_N capture; frozen E20 construction
llama31_8b,E11_g64_kmax,down,12,0,64,1,224,0.010651986854953166,0.013246377779610971,0.29485233427035434,0.279520651502598,0.011123390221054774,0.044254970694261195,131072,29360128,frozen E11 selected eigenvalue fractions
llama31_8b,E11_g64_kmax,down,12,1,64,1,224,0.010651880082431175,0.013246060955106973,0.29485233427035434,0.27952065151787175,0.011123124173789007,0.044240461562751236,131072,29360128,frozen E11 selected eigenvalue fractions
llama31_8b,E11_g64_kmax,down,12,2,64,1,224,0.010651833143001102,0.013245408635715581,0.29485233427035434,0.2795206515299356,0.011122576401163167,0.044193638019139676,131072,29360128,frozen E11 selected eigenvalue fractions
llama31_8b,E11_g128_k8,down,12,0,128,1,8,0.01332870078707187,0.014661269278974804,0.09311072502962804,0.09247204233419085,0.013962034387746902,0.04751652923961891,131072,14680064,frozen E11 selected eigenvalue fractions
llama31_8b,E11_g128_k8,down,12,1,128,1,8,0.01332886744259208,0.014661446236708635,0.09311072502962804,0.09247204239930869,0.013962202905896177,0.0475160748677182,131072,14680064,frozen E11 selected eigenvalue fractions
llama31_8b,E11_g128_k8,down,12,2,128,1,8,0.013328826013672928,0.014660058704032006,0.09311072502962804,0.09247204240020068,0.01396088154833998,0.04742019544847237,131072,14680064,frozen E11 selected eigenvalue fractions
llama31_8b,E11_g128_k16,down,12,0,128,1,16,0.013142731046920033,0.014661269278974804,0.12040543802993528,0.11750824005597565,0.013750321043507896,0.04623011719700756,131072,14680064,frozen E11 selected eigenvalue fractions
llama31_8b,E11_g128_k16,down,12,1,128,1,16,0.013142580088901568,0.014661446236708635,0.12040543802993528,0.11750824009743574,0.013750487006331783,0.046254762255059076,131072,14680064,frozen E11 selected eigenvalue fractions
llama31_8b,E11_g128_k16,down,12,2,128,1,16,0.013141394075458937,0.014660058704032006,0.12040543802993528,0.1175082400613239,0.013749185685184278,0.04625016236750479,131072,14680064,frozen E11 selected eigenvalue fractions
llama31_8b,E11_g128_k32,down,12,0,128,1,32,0.0128832087929202,0.014661269278974804,0.15657456903050004,0.15188266140643886,0.013464645268524623,0.04513133994412511,131072,14680064,frozen E11 selected eigenvalue fractions
llama31_8b,E11_g128_k32,down,12,1,128,1,32,0.012883576537649282,0.014661446236708635,0.15657456903050004,0.15188266138745096,0.013464807783315685,0.04511412215139867,131072,14680064,frozen E11 selected eigenvalue fractions
llama31_8b,E11_g128_k32,down,12,2,128,1,32,0.012883280988806993,0.014660058704032006,0.15657456903050004,0.151882661407729,0.013463533498331636,0.04503918761290441,131072,14680064,frozen E11 selected eigenvalue fractions
llama31_8b,E11_g128_kmax,down,12,0,128,1,112,0.012348008358703708,0.014661269278974804,0.23440561041085176,0.2235214424395246,0.012828354166553202,0.038900670771810246,131072,14680064,saved factor eigenvalue sum / calibration trace
llama31_8b,E11_g128_kmax,down,12,1,128,1,112,0.01234749386545751,0.014661446236708635,0.23440561041085176,0.22352144249306996,0.012828509001474989,0.03895649929117459,131072,14680064,saved factor eigenvalue sum / calibration trace
llama31_8b,E11_g128_kmax,down,12,2,128,1,112,0.012347936554147312,0.014660058704032006,0.23440561041085176,0.22352144242523792,0.012827294934653436,0.038820929991345114,131072,14680064,saved factor eigenvalue sum / calibration trace
llama31_8b,E11_g256_kmax,down,12,0,256,1,56,0.013929229145395437,0.01596714045212425,0.1914407438790948,0.18321062131170082,0.014357640407738887,0.030756279322540263,131072,7340032,frozen E11 selected eigenvalue fractions
llama31_8b,E11_g256_kmax,down,12,1,256,1,56,0.013928861758977831,0.015966636783748354,0.1914407438790948,0.18321062131900454,0.014357187509522858,0.030750951366787065,131072,7340032,frozen E11 selected eigenvalue fractions
llama31_8b,E11_g256_kmax,down,12,2,256,1,56,0.013929461038623803,0.01596561307390993,0.1914407438790948,0.18321062130627613,0.014356266990423899,0.030640521597830848,131072,7340032,frozen E11 selected eigenvalue fractions
llama31_8b,E20_hadamard_g64_m1,down,12,0,64,1,0,0.013246778643254234,0.013246778643254234,0.0044396622106432915,0.015450181767240204,0.013217340321579391,-0.0022223004148887032,131072,29360128,E11 energy-weighted P_N capture; frozen E20 construction
llama31_8b,E20_hadamard_g64_m1,down,12,1,64,1,0,0.013246641074504652,0.013246641074504652,0.0044396622106432915,0.015450181766616477,0.013217203058548899,-0.002222300414888729,131072,29360128,E11 energy-weighted P_N capture; frozen E20 construction
llama31_8b,E20_hadamard_g64_m1,down,12,2,64,1,0,0.013245697168749555,0.013245697168749555,0.0044396622106432915,0.01545018176692716,0.013216261250435953,-0.002222300414888667,131072,29360128,E11 energy-weighted P_N capture; frozen E20 construction
llama31_8b,E20_hadamard_g128_m1,down,12,0,128,1,0,0.014662057978279368,0.014662057978279368,0.0020979950204491615,0.007512509576965459,0.014646669440458638,-0.0010495482860269254,131072,14680064,E11 energy-weighted P_N capture; frozen E20 construction
llama31_8b,E20_hadamard_g128_m1,down,12,1,128,1,0,0.014661486198918114,0.014661486198918114,0.002097995253279805,0.007512509576103935,0.014646098259498818,-0.0010495484025645164,131072,14680064,E11 energy-weighted P_N capture; frozen E20 construction
llama31_8b,E20_hadamard_g128_m1,down,12,2,128,1,0,0.014660120159767429,0.014660120159767429,0.0020979950204491615,0.007512509576723193,0.014644733655780796,-0.0010495482860269374,131072,14680064,E11 energy-weighted P_N capture; frozen E20 construction
llama31_8b,E20_hadamard_g256_m1,down,12,0,256,1,0,0.015967876416193554,0.015967876416193554,0.0009986527729779482,0.003840637934988805,0.015959901242558083,-0.000499451112195673,131072,7340032,E11 energy-weighted P_N capture; frozen E20 construction
llama31_8b,E20_hadamard_g256_m1,down,12,1,256,1,0,0.01596761965255533,0.01596761965255533,0.0009986527729779482,0.0038406379358647555,0.015959644607160744,-0.0004994511121957664,131072,7340032,E11 energy-weighted P_N capture; frozen E20 construction
llama31_8b,E20_hadamard_g256_m1,down,12,2,256,1,0,0.0159645703551072,0.0159645703551072,0.0009986527729779482,0.0038406379358150162,0.015956596832687617,-0.0004994511121956931,131072,7340032,E11 energy-weighted P_N capture; frozen E20 construction
llama31_8b,E20_hadamard_g256_m2,down,12,0,256,2,0,0.015937914284686334,0.015967876416193554,0.002097995253279805,0.007512509836132042,0.01595111735700859,0.0008284065334032816,131072,7340032,E11 energy-weighted P_N capture; frozen E20 construction
llama31_8b,E20_hadamard_g256_m2,down,12,1,256,2,0,0.015937475485375354,0.01596761965255533,0.0020979950204491615,0.007512509833840086,0.015950860864717063,0.0008398682309498327,131072,7340032,E11 energy-weighted P_N capture; frozen E20 construction
llama31_8b,E20_hadamard_g256_m2,down,12,2,256,2,0,0.015934808949737343,0.0159645703551072,0.002097995253279805,0.007512509834809899,0.01594781476579337,0.0008161890172045424,131072,7340032,E11 energy-weighted P_N capture; frozen E20 construction
llama31_8b,E20_hadamard_g256_m3,down,12,0,256,3,0,0.01590486793165478,0.015967876416193554,0.0032708048820495605,0.011512701530507327,0.015941741123760393,0.0023183588989271198,131072,7340032,E11 energy-weighted P_N capture; frozen E20 construction
llama31_8b,E20_hadamard_g256_m3,down,12,1,256,3,0,0.01590452698879195,0.01596761965255533,0.0032708048820495605,0.011512701528849666,0.015941484780377976,0.0023237278047986594,131072,7340032,E11 energy-weighted P_N capture; frozen E20 construction
llama31_8b,E20_hadamard_g256_m3,down,12,2,256,3,0,0.015901997229046647,0.0159645703551072,0.0032708048820495605,0.011512701531903195,0.015938440473842755,0.002291740104792637,131072,7340032,E11 energy-weighted P_N capture; frozen E20 construction
llama31_8b,E20_hadamard_g128_m2,down,12,0,128,2,0,0.014601456288818562,0.014662057978279368,0.0044396622106432915,0.015450181239769144,0.014629474480751116,0.0019188628434281595,131072,14680064,E11 energy-weighted P_N capture; frozen E20 construction
llama31_8b,E20_hadamard_g128_m2,down,12,1,128,2,0,0.01460140830655589,0.014661486198918114,0.0044396622106432915,0.01545018123605702,0.014628903972055374,0.0018830831192590514,131072,14680064,E11 energy-weighted P_N capture; frozen E20 construction
llama31_8b,E20_hadamard_g128_m2,down,12,2,128,2,0,0.014599765436285399,0.014660120159767429,0.0044396622106432915,0.015450181231671304,0.01462754096865406,0.0019024642888870401,131072,14680064,E11 energy-weighted P_N capture; frozen E20 construction
llama31_8b,E20_nar_g64_m1,down,12,0,64,1,224,0.01047836023159386,0.013246778643254234,0.2948523163795471,0.27952064860069575,0.011123726979680667,0.06159043340969782,131072,29360128,E11 energy-weighted P_N capture; frozen E20 construction
llama31_8b,E20_nar_g64_m1,down,12,1,64,1,224,0.010478743318222794,0.013246641074504652,0.2948523163795471,0.27952064861927156,0.011123611458975408,0.06154059901736238,131072,29360128,E11 energy-weighted P_N capture; frozen E20 construction
llama31_8b,E20_nar_g64_m1,down,12,2,64,1,224,0.010478161441801652,0.013245697168749555,0.2948523163795471,0.27952064860835757,0.011122818832315222,0.06152390322425921,131072,29360128,E11 energy-weighted P_N capture; frozen E20 construction
llama31_8b,E20_nar_g128_m1,down,12,0,128,1,112,0.01205479534117396,0.014662057978279368,0.2413538545370102,0.22979040884749952,0.012770695807318275,0.0593871937169359,131072,14680064,E11 energy-weighted P_N capture; frozen E20 construction
llama31_8b,E20_nar_g128_m1,down,12,1,128,1,112,0.012055182087923,0.014661486198918114,0.2413538545370102,0.22979040886971083,0.012770197785805721,0.05931189530509301,131072,14680064,E11 energy-weighted P_N capture; frozen E20 construction
llama31_8b,E20_nar_g128_m1,down,12,2,128,1,112,0.01205524409354102,0.014660120159767429,0.2413538545370102,0.22979040888936408,0.01276900796167052,0.05920774914146462,131072,14680064,E11 energy-weighted P_N capture; frozen E20 construction
llama31_8b,E20_nar_g256_m1,down,12,0,256,1,56,0.013612673182281336,0.015967876416193554,0.19144074618816376,0.18321062055965023,0.014358302165561587,0.054774618717121894,131072,7340032,E11 energy-weighted P_N capture; frozen E20 construction
llama31_8b,E20_nar_g256_m1,down,12,1,256,1,56,0.013614640481891158,0.01596761965255533,0.19144074618816376,0.183210620569949,0.014358071283896007,0.05460524668232608,131072,7340032,E11 energy-weighted P_N capture; frozen E20 construction
llama31_8b,E20_nar_g256_m1,down,12,2,256,1,56,0.013613324735901091,0.0159645703551072,0.19144074618816376,0.18321062058468554,0.014355329357981018,0.05450576082440099,131072,7340032,E11 energy-weighted P_N capture; frozen E20 construction
llama31_8b,E20_nar_g256_m2,down,12,0,256,2,112,0.013250187957705035,0.015967876416193554,0.2413538545370102,0.22979043010575384,0.013908067523819057,0.04965058369088739,131072,7340032,E11 energy-weighted P_N capture; frozen E20 construction
llama31_8b,E20_nar_g256_m2,down,12,1,256,2,112,0.013251473888494856,0.01596761965255533,0.2413538545370102,0.22979043029126225,0.013907843881931746,0.049531848227596896,131072,7340032,E11 energy-weighted P_N capture; frozen E20 construction
llama31_8b,E20_nar_g256_m2,down,12,2,256,2,112,0.01325098907723486,0.0159645703551072,0.2413538545370102,0.22979043014566775,0.013905187934847523,0.04936981336257939,131072,7340032,E11 energy-weighted P_N capture; frozen E20 construction
llama31_8b,E20_nar_g256_m3,down,12,0,256,3,168,0.013020673836595569,0.015967876416193554,0.272840678691864,0.25900474537884,0.013616389014703694,0.04575148610464567,131072,7340032,E11 energy-weighted P_N capture; frozen E20 construction
llama31_8b,E20_nar_g256_m3,down,12,1,256,3,168,0.0130207481713392,0.01596761965255533,0.2728407084941864,0.25900474541717544,0.01361616978398366,0.04572867893682795,131072,7340032,E11 energy-weighted P_N capture; frozen E20 construction
llama31_8b,E20_nar_g256_m3,down,12,2,256,3,168,0.01302093073172994,0.0159645703551072,0.272840678691864,0.25900474518053235,0.013613569816165027,0.04551434122838232,131072,7340032,E11 energy-weighted P_N capture; frozen E20 construction
llama31_8b,E20_nar_g128_m2,down,12,0,128,2,224,0.01170026532166178,0.014662057978279368,0.2948523163795471,0.27952062108553366,0.012312180515953853,0.05229925796290944,131072,14680064,E11 energy-weighted P_N capture; frozen E20 construction
llama31_8b,E20_nar_g128_m2,down,12,1,128,2,224,0.011700711335210667,0.014661486198918114,0.2948523163795471,0.27952062115739884,0.012311700375258633,0.05221811072369006,131072,14680064,E11 energy-weighted P_N capture; frozen E20 construction
llama31_8b,E20_nar_g128_m2,down,12,2,128,2,224,0.01170096328017992,0.014660120159767429,0.2948523163795471,0.2795206210882805,0.012310553270217852,0.05209741928431718,131072,14680064,E11 energy-weighted P_N capture; frozen E20 construction
llama31_8b,E20_nar_g128_m2_c32,down,12,0,128,2,224,0.01170026532166178,0.014662057978279368,0.2948523163795471,0.27952062108553366,0.012312180515953853,0.05229925796290944,131072,14680064,E11 energy-weighted P_N capture; frozen E20 construction
llama31_8b,E20_nar_g128_m2_c32,down,12,1,128,2,224,0.011700711335210667,0.014661486198918114,0.2948523163795471,0.27952062115739884,0.012311700375258633,0.05221811072369006,131072,14680064,E11 energy-weighted P_N capture; frozen E20 construction
llama31_8b,E20_nar_g128_m2_c32,down,12,2,128,2,224,0.01170096328017992,0.014660120159767429,0.2948523163795471,0.2795206210882805,0.012310553270217852,0.05209741928431718,131072,14680064,E11 energy-weighted P_N capture; frozen E20 construction
llama31_8b,E20_nar_g256_m3_c32,down,12,0,256,3,168,0.013020673836595569,0.015967876416193554,0.272840678691864,0.25900474537884,0.013616389014703694,0.04575148610464567,131072,7340032,E11 energy-weighted P_N capture; frozen E20 construction
llama31_8b,E20_nar_g256_m3_c32,down,12,1,256,3,168,0.0130207481713392,0.01596761965255533,0.2728407084941864,0.25900474541717544,0.01361616978398366,0.04572867893682795,131072,7340032,E11 energy-weighted P_N capture; frozen E20 construction
llama31_8b,E20_nar_g256_m3_c32,down,12,2,256,3,168,0.01302093073172994,0.0159645703551072,0.272840678691864,0.25900474518053235,0.013613569816165027,0.04551434122838232,131072,7340032,E11 energy-weighted P_N capture; frozen E20 construction
llama31_8b,E11_g64_kmax,qkv,13,0,64,1,64,0.10954376057614112,0.15587001514843113,0.5232754581300798,0.5108948887453815,0.10762082889219722,-0.017554004662888333,131072,8388608,frozen E11 selected eigenvalue fractions
llama31_8b,E11_g64_kmax,qkv,13,1,64,1,64,0.10955206852237609,0.15589653173454376,0.5232754581300798,0.5108948887514926,0.10763913733320248,-0.017461388132373752,131072,8388608,frozen E11 selected eigenvalue fractions
llama31_8b,E11_g64_kmax,qkv,13,2,64,1,64,0.10954810273790416,0.1559071214106682,0.5232754581300798,0.5108948887307807,0.10764644900069109,-0.017359075051831915,131072,8388608,frozen E11 selected eigenvalue fractions
llama31_8b,E11_g128_k8,qkv,13,0,128,1,8,0.1418741729091817,0.1721838922389196,0.29013061412719077,0.28486859181151364,0.14507138068819947,0.022535516602196593,131072,4194304,frozen E11 selected eigenvalue fractions
llama31_8b,E11_g128_k8,qkv,13,1,128,1,8,0.14189502437007206,0.1722101159866707,0.29013061412719077,0.28486859189049696,0.14509347517824497,0.022540965212642886,131072,4194304,frozen E11 selected eigenvalue fractions
llama31_8b,E11_g128_k8,qkv,13,2,128,1,8,0.14187864881339785,0.17223623078060868,0.29013061412719077,0.2848685917761209,0.14511547787062062,0.022814067404038595,131072,4194304,frozen E11 selected eigenvalue fractions
llama31_8b,E11_g128_k16,qkv,13,0,128,1,16,0.13562833767050542,0.1721838922389196,0.3752410840684656,0.3668955893610828,0.13609706270392316,0.0034559520633251546,131072,4194304,frozen E11 selected eigenvalue fractions
llama31_8b,E11_g128_k16,qkv,13,1,128,1,16,0.13561807126295733,0.1722101159866707,0.3752410840684656,0.3668955893151041,0.1361177903979926,0.003684753295645515,131072,4194304,frozen E11 selected eigenvalue fractions
llama31_8b,E11_g128_k16,qkv,13,2,128,1,16,0.13561026811129828,0.17223623078060868,0.3752410840684656,0.36689558931314226,0.13613843197312406,0.003894718808403948,131072,4194304,frozen E11 selected eigenvalue fractions
llama31_8b,E11_g128_k32,qkv,13,0,128,1,32,0.12768949881193947,0.1721838922389196,0.4626653759224593,0.4516163374384418,0.1262161515135086,-0.011538515791348014,131072,4194304,frozen E11 selected eigenvalue fractions
llama31_8b,E11_g128_k32,qkv,13,1,128,1,32,0.12767382975334218,0.1722101159866707,0.4626653759224593,0.45161633749606284,0.12623537433671442,-0.01126664265814514,131072,4194304,frozen E11 selected eigenvalue fractions
llama31_8b,E11_g128_k32,qkv,13,2,128,1,32,0.12769252933981345,0.17223623078060868,0.4626653759224593,0.4516163375170165,0.12625451729338455,-0.011261520574959312,131072,4194304,frozen E11 selected eigenvalue fractions
llama31_8b,E11_g128_kmax,qkv,13,0,128,1,32,0.12788063148446938,0.1721838922389196,0.46101563217127534,0.449933652042573,0.12640975966605225,-0.011501912379872446,131072,4194304,saved factor eigenvalue sum / calibration trace
llama31_8b,E11_g128_kmax,qkv,13,1,128,1,32,0.12786052829722916,0.1722101159866707,0.46101563217127534,0.44993365203413066,0.12642901197593823,-0.011195920589059181,131072,4194304,saved factor eigenvalue sum / calibration trace
llama31_8b,E11_g128_kmax,qkv,13,2,128,1,32,0.12786984230241494,0.17223623078060868,0.46101563217127534,0.4499336520250554,0.1264481842967779,-0.011118008594041955,131072,4194304,saved factor eigenvalue sum / calibration trace
llama31_8b,E11_g256_kmax,qkv,13,0,256,1,16,0.1483365699778112,0.1871567398619831,0.3752410840684656,0.36569188048263257,0.1479318548863696,-0.002728356813846668,131072,2097152,frozen E11 selected eigenvalue fractions
llama31_8b,E11_g256_kmax,qkv,13,1,256,1,16,0.14830513419829927,0.1871844237986231,0.3752410840684656,0.3656918805564743,0.14795373673845105,-0.00236942208203233,131072,2097152,frozen E11 selected eigenvalue fractions
llama31_8b,E11_g256_kmax,qkv,13,2,256,1,16,0.14833371381686078,0.18723738410162127,0.3752410840684656,0.36569188043586337,0.1479955974583142,-0.0022794302781634244,131072,2097152,frozen E11 selected eigenvalue fractions
llama31_8b,E20_hadamard_g64_m1,qkv,13,0,64,1,0,0.15589938049408136,0.15589938049408136,0.003159546758979559,0.011456762374110927,0.15565289995717468,-0.0015810231966639319,131072,8388608,E11 energy-weighted P_N capture; frozen E20 construction
llama31_8b,E20_hadamard_g64_m1,qkv,13,1,64,1,0,0.15593520397413219,0.15593520397413219,0.003159546758979559,0.011456762372515202,0.15568866679947255,-0.0015810231966640234,131072,8388608,E11 energy-weighted P_N capture; frozen E20 construction
llama31_8b,E20_hadamard_g64_m1,qkv,13,2,64,1,0,0.15581763643419144,0.15581763643419144,0.003159546758979559,0.011456762372976914,0.15557128513653964,-0.0015810231966638943,131072,8388608,E11 energy-weighted P_N capture; frozen E20 construction
llama31_8b,E20_hadamard_g128_m1,qkv,13,0,128,1,0,0.1722194643945496,0.1722194643945496,0.0010515060275793076,0.005164685062894362,0.17212889567746098,-0.0005258912946165806,131072,4194304,E11 energy-weighted P_N capture; frozen E20 construction
llama31_8b,E20_hadamard_g128_m1,qkv,13,1,128,1,0,0.17229453146540408,0.17229453146540408,0.0010515060275793076,0.005164685061977185,0.17220392327119638,-0.0005258912946165746,131072,4194304,E11 energy-weighted P_N capture; frozen E20 construction
llama31_8b,E20_hadamard_g128_m1,qkv,13,2,128,1,0,0.17213477899593244,0.17213477899593244,0.0010515060275793076,0.005164685060675852,0.17204425481415772,-0.0005258912946166095,131072,4194304,E11 energy-weighted P_N capture; frozen E20 construction
llama31_8b,E20_hadamard_g256_m1,qkv,13,0,256,1,0,0.18718183435514746,0.18718183435514746,0.000664221472106874,0.0027745316571999024,0.18711965893208618,-0.000332165903146938,131072,2097152,E11 energy-weighted P_N capture; frozen E20 construction
llama31_8b,E20_hadamard_g256_m1,qkv,13,1,256,1,0,0.18728710029554207,0.18728710029554207,0.000664221472106874,0.0027745316574163347,0.18722488990672462,-0.0003321659031470317,131072,2097152,E11 energy-weighted P_N capture; frozen E20 construction
llama31_8b,E20_hadamard_g256_m1,qkv,13,2,256,1,0,0.18712123036734596,0.18712123036734596,0.000664221472106874,0.002774531657010372,0.18705907507486302,-0.0003321659031469339,131072,2097152,E11 energy-weighted P_N capture; frozen E20 construction
llama31_8b,E20_hadamard_g256_m2,qkv,13,0,256,2,0,0.1869427421063783,0.18718183435514746,0.0010515060275793076,0.0051646852310070455,0.18708339705794974,0.0007523958939866838,131072,2097152,E11 energy-weighted P_N capture; frozen E20 construction
llama31_8b,E20_hadamard_g256_m2,qkv,13,1,256,2,0,0.18705943872378583,0.18728710029554207,0.0010515060275793076,0.005164685232594782,0.18718860763990267,0.0006905233812209095,131072,2097152,E11 energy-weighted P_N capture; frozen E20 construction
llama31_8b,E20_hadamard_g256_m2,qkv,13,2,256,2,0,0.186883399821955,0.18712123036734596,0.0010515060275793076,0.005164685229263405,0.18702282494125783,0.0007460540606369928,131072,2097152,E11 energy-weighted P_N capture; frozen E20 construction
llama31_8b,E20_hadamard_g256_m3,qkv,13,0,256,3,0,0.1865615972084882,0.18718183435514746,0.002524299081414938,0.008809917740852258,0.18694543360807328,0.002057424493188365,131072,2097152,E11 energy-weighted P_N capture; frozen E20 construction
llama31_8b,E20_hadamard_g256_m3,qkv,13,1,256,3,0,0.1867049273015411,0.18728710029554207,0.002524299081414938,0.00880991774366233,0.18705056660315814,0.001851259667393859,131072,2097152,E11 energy-weighted P_N capture; frozen E20 construction
llama31_8b,E20_hadamard_g256_m3,qkv,13,2,256,3,0,0.18650631809915907,0.18712123036734596,0.002524299081414938,0.00880991774136029,0.1868849061598999,0.0020298940250352907,131072,2097152,E11 energy-weighted P_N capture; frozen E20 construction
llama31_8b,E20_hadamard_g128_m2,qkv,13,0,128,2,0,0.1716314432623509,0.1722194643945496,0.0031595465261489153,0.011456761981237256,0.1719471814465055,0.0018396290222413498,131072,4194304,E11 energy-weighted P_N capture; frozen E20 construction
llama31_8b,E20_hadamard_g128_m2,qkv,13,1,128,2,0,0.17171385465484512,0.17229453146540408,0.0031595465261489153,0.011456761983854168,0.1720221298345884,0.001795284255675954,131072,4194304,E11 energy-weighted P_N capture; frozen E20 construction
llama31_8b,E20_hadamard_g128_m2,qkv,13,2,128,2,0,0.17154093346115395,0.17213477899593244,0.003159546758979559,0.01145676197528888,0.17186262991738724,0.0018753334830495887,131072,4194304,E11 energy-weighted P_N capture; frozen E20 construction
llama31_8b,E20_nar_g64_m1,qkv,13,0,64,1,64,0.10865518581111511,0.15589938049408136,0.5232754349708557,0.5108948840826555,0.10764110688071049,-0.009333000747589524,131072,8388608,E11 energy-weighted P_N capture; frozen E20 construction
llama31_8b,E20_nar_g64_m1,qkv,13,1,64,1,64,0.10864660831363038,0.15593520397413219,0.5232754349708557,0.5108948841591365,0.10766584128974258,-0.009027129692411748,131072,8388608,E11 energy-weighted P_N capture; frozen E20 construction
llama31_8b,E20_nar_g64_m1,qkv,13,2,64,1,64,0.10864500011440548,0.15581763643419144,0.5232754349708557,0.5108948841368994,0.10758466649551084,-0.009759617265203984,131072,8388608,E11 energy-weighted P_N capture; frozen E20 construction
llama31_8b,E20_nar_g128_m1,qkv,13,0,128,1,32,0.1258769051038353,0.1722194643945496,0.462665319442749,0.45161633704234644,0.12624223364533474,0.002902268221466589,131072,4194304,E11 energy-weighted P_N capture; frozen E20 construction
llama31_8b,E20_nar_g128_m1,qkv,13,1,128,1,32,0.12587421576448232,0.17229453146540408,0.462665319442749,0.45161633700561793,0.12629726014731113,0.0033608501968373523,131072,4194304,E11 energy-weighted P_N capture; frozen E20 construction
llama31_8b,E20_nar_g128_m1,qkv,13,2,128,1,32,0.12586028210762024,0.17213477899593244,0.462665319442749,0.45161633716494975,0.12618015660940757,0.0025415047259612395,131072,4194304,E11 energy-weighted P_N capture; frozen E20 construction
llama31_8b,E20_nar_g256_m1,qkv,13,0,256,1,16,0.1441014427112055,0.18718183435514746,0.3752410411834717,0.36569188579513906,0.1479516950763851,0.02671904106398082,131072,2097152,E11 energy-weighted P_N capture; frozen E20 construction
llama31_8b,E20_nar_g256_m1,qkv,13,1,256,1,16,0.14412062156877958,0.18728710029554207,0.3752410411834717,0.3656918857860382,0.14803489906019499,0.027159732235455057,131072,2097152,E11 energy-weighted P_N capture; frozen E20 construction
llama31_8b,E20_nar_g256_m1,qkv,13,2,256,1,16,0.14409703798201257,0.18712123036734596,0.3752410411834717,0.36569188597082897,0.14790379265703701,0.026417993931975484,131072,2097152,E11 energy-weighted P_N capture; frozen E20 construction
llama31_8b,E20_nar_g256_m2,qkv,13,0,256,2,32,0.1369140798581352,0.18718183435514746,0.462665319442749,0.45161638021796374,0.13721011704396358,0.0021622114112377715,131072,2097152,E11 energy-weighted P_N capture; frozen E20 construction
llama31_8b,E20_nar_g256_m2,qkv,13,1,256,2,32,0.13693372037282536,0.18728710029554207,0.462665319442749,0.45161638009609445,0.13728728025828962,0.002581978233715069,131072,2097152,E11 energy-weighted P_N capture; frozen E20 construction
llama31_8b,E20_nar_g256_m2,qkv,13,2,256,2,32,0.1369053920802923,0.18712123036734596,0.462665319442749,0.45161638008401367,0.13716569243252508,0.00190131556016529,131072,2097152,E11 energy-weighted P_N capture; frozen E20 construction
llama31_8b,E20_nar_g256_m3,qkv,13,0,256,3,48,0.13298270620672525,0.18718183435514746,0.5014433264732361,0.4895713227688131,0.13216637117733077,-0.006138655564171427,131072,2097152,E11 energy-weighted P_N capture; frozen E20 construction
llama31_8b,E20_nar_g256_m3,qkv,13,1,256,3,48,0.13298532711257316,0.18728710029554207,0.5014433860778809,0.48957132271148257,0.1322406900220519,-0.005599392855505843,131072,2097152,E11 energy-weighted P_N capture; frozen E20 construction
llama31_8b,E20_nar_g256_m3,qkv,13,2,256,3,48,0.13299141420658245,0.18712123036734596,0.5014433264732361,0.48957132289887695,0.1321235795828676,-0.006525493610939343,131072,2097152,E11 energy-weighted P_N capture; frozen E20 construction
llama31_8b,E20_nar_g128_m2,qkv,13,0,128,2,64,0.11994019516506071,0.1722194643945496,0.5232753753662109,0.5108948328798252,0.11890935598315723,-0.008594609842720796,131072,4194304,E11 energy-weighted P_N capture; frozen E20 construction
llama31_8b,E20_nar_g128_m2,qkv,13,1,128,2,64,0.11995276982567304,0.17229453146540408,0.5232753753662109,0.5108948332081078,0.11896118622825891,-0.008266450194148926,131072,4194304,E11 energy-weighted P_N capture; frozen E20 construction
llama31_8b,E20_nar_g128_m2,qkv,13,2,128,2,64,0.11996019310553141,0.17213477899593244,0.5232753753662109,0.5108948332866757,0.11885088473981581,-0.009247303934728739,131072,4194304,E11 energy-weighted P_N capture; frozen E20 construction
llama31_8b,E20_nar_g128_m2_c32,qkv,13,0,128,2,64,0.11994019516506071,0.1722194643945496,0.5232753753662109,0.5108948328798252,0.11890935598315723,-0.008594609842720796,131072,4194304,E11 energy-weighted P_N capture; frozen E20 construction
llama31_8b,E20_nar_g128_m2_c32,qkv,13,1,128,2,64,0.11995276982567304,0.17229453146540408,0.5232753753662109,0.5108948332081078,0.11896118622825891,-0.008266450194148926,131072,4194304,E11 energy-weighted P_N capture; frozen E20 construction
llama31_8b,E20_nar_g128_m2_c32,qkv,13,2,128,2,64,0.11996019310553141,0.17213477899593244,0.5232753753662109,0.5108948332866757,0.11885088473981581,-0.009247303934728739,131072,4194304,E11 energy-weighted P_N capture; frozen E20 construction
llama31_8b,E20_nar_g256_m3_c32,qkv,13,0,256,3,48,0.13298270620672525,0.18718183435514746,0.5014433264732361,0.4895713227688131,0.13216637117733077,-0.006138655564171427,131072,2097152,E11 energy-weighted P_N capture; frozen E20 construction
llama31_8b,E20_nar_g256_m3_c32,qkv,13,1,256,3,48,0.13298532711257316,0.18728710029554207,0.5014433860778809,0.48957132271148257,0.1322406900220519,-0.005599392855505843,131072,2097152,E11 energy-weighted P_N capture; frozen E20 construction
llama31_8b,E20_nar_g256_m3_c32,qkv,13,2,256,3,48,0.13299141420658245,0.18712123036734596,0.5014433264732361,0.48957132289887695,0.1321235795828676,-0.006525493610939343,131072,2097152,E11 energy-weighted P_N capture; frozen E20 construction
llama31_8b,E11_g64_kmax,down,13,0,64,1,224,0.011449093292070469,0.014483226576710148,0.3160643700621782,0.29550113104016373,0.011977686433751238,0.0461689959367234,131072,29360128,frozen E11 selected eigenvalue fractions
llama31_8b,E11_g64_kmax,down,13,1,64,1,224,0.011449384172045432,0.014483389814826839,0.3160643700621782,0.29550113103047215,0.011977821432328067,0.04615420815146166,131072,29360128,frozen E11 selected eigenvalue fractions
llama31_8b,E11_g64_kmax,down,13,2,64,1,224,0.01144934227212141,0.01448265167914921,0.3160643700621782,0.2955011310263829,0.011977210991163912,0.04610471994778567,131072,29360128,frozen E11 selected eigenvalue fractions
llama31_8b,E11_g128_k8,down,13,0,128,1,8,0.014329476455782229,0.016029145827123874,0.11258327737694643,0.11101021563263115,0.01509990392863096,0.053765221306312866,131072,14680064,frozen E11 selected eigenvalue fractions
llama31_8b,E11_g128_k8,down,13,1,128,1,8,0.014328988837332135,0.016029407786214516,0.11258327737694643,0.11101021561120031,0.015100150701425006,0.0538183030810743,131072,14680064,frozen E11 selected eigenvalue fractions
llama31_8b,E11_g128_k8,down,13,2,128,1,8,0.014328779597185402,0.016027276013162308,0.11258327737694643,0.11101021565810665,0.015098142511554308,0.05369354097120957,131072,14680064,frozen E11 selected eigenvalue fractions
llama31_8b,E11_g128_k16,down,13,0,128,1,16,0.014113240345896116,0.016029145827123874,0.14141345312210152,0.13728526485285564,0.014852597760469589,0.05238750254745463,131072,14680064,frozen E11 selected eigenvalue fractions
llama31_8b,E11_g128_k16,down,13,1,128,1,16,0.014113602863292916,0.016029407786214516,0.14141345312210152,0.13728526484782416,0.014852840491619768,0.052377669648724784,131072,14680064,frozen E11 selected eigenvalue fractions
llama31_8b,E11_g128_k16,down,13,2,128,1,16,0.014113134721007756,0.016027276013162308,0.14141345312210152,0.13728526487580867,0.014850865191875007,0.05227261593196018,131072,14680064,frozen E11 selected eigenvalue fractions
llama31_8b,E11_g128_k32,down,13,0,128,1,32,0.013832235259160284,0.016029145827123874,0.17785297115373017,0.17091362257059456,0.01453399899363621,0.05073393571810385,131072,14680064,frozen E11 selected eigenvalue fractions
llama31_8b,E11_g128_k32,down,13,1,128,1,32,0.0138327663108333,0.016029407786214516,0.17785297115373017,0.17091362261293908,0.014534236518030888,0.05071076828994235,131072,14680064,frozen E11 selected eigenvalue fractions
llama31_8b,E11_g128_k32,down,13,2,128,1,32,0.013831595464372055,0.016027276013162308,0.17785297115373017,0.17091362260058982,0.014532303589868052,0.05065996379816828,131072,14680064,frozen E11 selected eigenvalue fractions
llama31_8b,E11_g128_kmax,down,13,0,128,1,112,0.013265829639413982,0.016029145827123874,0.2554315291184915,0.2402520537173293,0.013831290434627509,0.042625362346995016,131072,14680064,saved factor eigenvalue sum / calibration trace
llama31_8b,E11_g128_kmax,down,13,1,128,1,112,0.01326652526789943,0.016029407786214516,0.2554315291184915,0.24025205368209052,0.013831516474885907,0.042587730817018665,131072,14680064,saved factor eigenvalue sum / calibration trace
llama31_8b,E11_g128_kmax,down,13,2,128,1,112,0.013266692341574626,0.016027276013162308,0.2554315291184915,0.24025205372646655,0.013829677002430929,0.04243594758672771,131072,14680064,saved factor eigenvalue sum / calibration trace
llama31_8b,E11_g256_kmax,down,13,0,256,1,56,0.014965060019984464,0.01745228144673267,0.21269517786060116,0.20126903837639967,0.015485444064427565,0.03477326811574264,131072,7340032,frozen E11 selected eigenvalue fractions
llama31_8b,E11_g256_kmax,down,13,1,256,1,56,0.014966495000629567,0.017453699070625866,0.21269517786060116,0.20126903840582244,0.01548670192492961,0.03475809962707773,131072,7340032,frozen E11 selected eigenvalue fractions
llama31_8b,E11_g256_kmax,down,13,2,256,1,56,0.014965660119495627,0.017449646958300567,0.21269517786060116,0.20126903837726656,0.015483106477598114,0.03457557862271734,131072,7340032,frozen E11 selected eigenvalue fractions
llama31_8b,E20_hadamard_g64_m1,down,13,0,64,1,0,0.01448155998023372,0.01448155998023372,0.004269586876034737,0.015443685430665464,0.014450611771663499,-0.00213707698704168,131072,29360128,E11 energy-weighted P_N capture; frozen E20 construction
llama31_8b,E20_hadamard_g64_m1,down,13,1,64,1,0,0.014482563672558593,0.014482563672558593,0.004269586876034737,0.015443685431079867,0.014451613319020602,-0.0021370769870416675,131072,29360128,E11 energy-weighted P_N capture; frozen E20 construction
llama31_8b,E20_hadamard_g64_m1,down,13,2,64,1,0,0.014481044879670581,0.014481044879670581,0.004269586876034737,0.015443685431653602,0.01445009777190992,-0.002137076987041657,131072,29360128,E11 energy-weighted P_N capture; frozen E20 construction
llama31_8b,E20_hadamard_g128_m1,down,13,0,128,1,0,0.01602633924270675,0.01602633924270675,0.002004611771553755,0.0075356078175479275,0.01601026789031034,-0.0010028086984196246,131072,14680064,E11 energy-weighted P_N capture; frozen E20 construction
llama31_8b,E20_hadamard_g128_m1,down,13,1,128,1,0,0.016027727860399712,0.016027727860399712,0.002004611771553755,0.0075356078184992585,0.0160116551154854,-0.0010028086984197363,131072,14680064,E11 energy-weighted P_N capture; frozen E20 construction
llama31_8b,E20_hadamard_g128_m1,down,13,2,128,1,0,0.0160256183298161,0.0160256183298161,0.002004611538723111,0.007535607817865663,0.016009547702224906,-0.001002808581887566,131072,14680064,E11 energy-weighted P_N capture; frozen E20 construction
llama31_8b,E20_hadamard_g256_m1,down,13,0,256,1,0,0.01744912553572028,0.01744912553572028,0.0011000966187566519,0.0040616378410220115,0.017439525032622413,-0.0005501996692163245,131072,7340032,E11 energy-weighted P_N capture; frozen E20 construction
llama31_8b,E20_hadamard_g256_m1,down,13,1,256,1,0,0.01744996525080619,0.01744996525080619,0.0011000966187566519,0.004061637841762448,0.01744036428569736,-0.0005501996692162234,131072,7340032,E11 energy-weighted P_N capture; frozen E20 construction
llama31_8b,E20_hadamard_g256_m1,down,13,2,256,1,0,0.01744778738279429,0.01744778738279429,0.0011000966187566519,0.004061637841808516,0.017438187615947717,-0.0005501996692163933,131072,7340032,E11 energy-weighted P_N capture; frozen E20 construction
llama31_8b,E20_hadamard_g256_m2,down,13,0,256,2,0,0.01741797910751102,0.01744912553572028,0.002004611771553755,0.007535608072612363,0.01743162740085324,0.0007835750208435284,131072,7340032,E11 energy-weighted P_N capture; frozen E20 construction
llama31_8b,E20_hadamard_g256_m2,down,13,1,256,2,0,0.017419059730857,0.01744996525080619,0.002004611771553755,0.007535608075485274,0.01743246627386556,0.0007696479153125447,131072,7340032,E11 energy-weighted P_N capture; frozen E20 construction
llama31_8b,E20_hadamard_g256_m2,down,13,2,256,2,0,0.017416404827675005,0.01744778738279429,0.002004611771553755,0.007535608073915289,0.017430290589838644,0.0007972806271461195,131072,7340032,E11 energy-weighted P_N capture; frozen E20 construction
llama31_8b,E20_hadamard_g256_m3,down,13,0,256,3,0,0.017381440402519082,0.01744912553572028,0.0032050213776528835,0.011615048357813153,0.01742114068453163,0.0022840616826436976,131072,7340032,E11 energy-weighted P_N capture; frozen E20 construction
llama31_8b,E20_hadamard_g256_m3,down,13,1,256,3,0,0.017382554990176553,0.01744996525080619,0.0032050213776528835,0.01161504835709015,0.017421979052885197,0.002268024621865046,131072,7340032,E11 energy-weighted P_N capture; frozen E20 construction
llama31_8b,E20_hadamard_g256_m3,down,13,2,256,3,0,0.0173794585554584,0.01744778738279429,0.0032050213776528835,0.011615048356401557,0.01741980467773098,0.002321483269679279,131072,7340032,E11 energy-weighted P_N capture; frozen E20 construction
llama31_8b,E20_hadamard_g128_m2,down,13,0,128,2,0,0.015960620644625795,0.01602633924270675,0.004269586876034737,0.015443684901899474,0.01599208972192464,0.001971670024588913,131072,14680064,E11 energy-weighted P_N capture; frozen E20 construction
llama31_8b,E20_hadamard_g128_m2,down,13,1,128,2,0,0.01596183082539523,0.016027727860399712,0.004269586876034737,0.01544368489919146,0.015993475372034684,0.0019825135966926094,131072,14680064,E11 energy-weighted P_N capture; frozen E20 construction
llama31_8b,E20_hadamard_g128_m2,down,13,2,128,2,0,0.015959464713469065,0.0160256183298161,0.004269586410373449,0.015443684904108577,0.015991370353419583,0.001999167298110662,131072,14680064,E11 energy-weighted P_N capture; frozen E20 construction
llama31_8b,E20_nar_g64_m1,down,13,0,64,1,224,0.011285270770677583,0.01448155998023372,0.31606435775756836,0.29550111579034616,0.011976308259517031,0.06123357630327886,131072,29360128,E11 energy-weighted P_N capture; frozen E20 construction
llama31_8b,E20_nar_g64_m1,down,13,1,64,1,224,0.011285707311493368,0.014482563672558593,0.31606435775756836,0.29550111580732896,0.011977138317100384,0.06126607633204011,131072,29360128,E11 energy-weighted P_N capture; frozen E20 construction
llama31_8b,E20_nar_g64_m1,down,13,2,64,1,224,0.011284791831328269,0.014481044879670581,0.31606435775756836,0.2955011157727584,0.011975882269282746,0.0612408672028762,131072,29360128,E11 energy-weighted P_N capture; frozen E20 construction
llama31_8b,E20_nar_g128_m1,down,13,0,128,1,112,0.01298560889168283,0.01602633924270675,0.26226571202278137,0.24611574220401938,0.01376525674037328,0.06003937552668852,131072,14680064,E11 energy-weighted P_N capture; frozen E20 construction
llama31_8b,E20_nar_g128_m1,down,13,1,128,1,112,0.012985735345380547,0.016027727860399712,0.26226571202278137,0.24611574224565602,0.013766449444381872,0.0601209002214149,131072,14680064,E11 energy-weighted P_N capture; frozen E20 construction
llama31_8b,E20_nar_g128_m1,down,13,2,128,1,112,0.012985361154900963,0.0160256183298161,0.26226571202278137,0.2461157422281695,0.01376463753776706,0.06001191446046003,131072,14680064,E11 energy-weighted P_N capture; frozen E20 construction
llama31_8b,E20_nar_g256_m1,down,13,0,256,1,56,0.014675340397479817,0.01744912553572028,0.2126951813697815,0.20126902784748538,0.015482643783800123,0.05501087977890746,131072,7340032,E11 energy-weighted P_N capture; frozen E20 construction
llama31_8b,E20_nar_g256_m1,down,13,1,256,1,56,0.014674643799863116,0.01744996525080619,0.2126951813697815,0.20126902788283257,0.015483388864665545,0.05511173394273274,131072,7340032,E11 energy-weighted P_N capture; frozen E20 construction
llama31_8b,E20_nar_g256_m1,down,13,2,256,1,56,0.01467267042811003,0.01744778738279429,0.2126951813697815,0.2012690279269788,0.015481456438048097,0.055121936657732545,131072,7340032,E11 energy-weighted P_N capture; frozen E20 construction
llama31_8b,E20_nar_g256_m2,down,13,0,256,2,112,0.014283699329194313,0.01744912553572028,0.26226571202278137,0.24611576488040104,0.014987308658369957,0.04925960095908376,131072,7340032,E11 energy-weighted P_N capture; frozen E20 construction
llama31_8b,E20_nar_g256_m2,down,13,1,256,2,112,0.014283620784319741,0.01744996525080619,0.26226571202278137,0.2461157648680758,0.01498802990191605,0.04931586523002589,131072,7340032,E11 energy-weighted P_N capture; frozen E20 construction
llama31_8b,E20_nar_g256_m2,down,13,2,256,2,112,0.014284060310062716,0.01744778738279429,0.26226571202278137,0.2461157649385726,0.014986159299286438,0.04915262005223495,131072,7340032,E11 energy-weighted P_N capture; frozen E20 construction
llama31_8b,E20_nar_g256_m3,down,13,0,256,3,168,0.014035445391980492,0.01744912553572028,0.2938768267631531,0.275085994847978,0.014662698321395117,0.04469063231673589,131072,7340032,E11 energy-weighted P_N capture; frozen E20 construction
llama31_8b,E20_nar_g256_m3,down,13,1,256,3,168,0.014035855655764358,0.01744996525080619,0.2938768267631531,0.2750859947542098,0.01466340394351672,0.044710369153350166,131072,7340032,E11 energy-weighted P_N capture; frozen E20 construction
llama31_8b,E20_nar_g256_m3,down,13,2,256,3,168,0.014034422919204077,0.01744778738279429,0.2938768267631531,0.2750859948544354,0.014661573856296763,0.044686620939327765,131072,7340032,E11 energy-weighted P_N capture; frozen E20 construction
llama31_8b,E20_nar_g128_m2,down,13,0,128,2,224,0.012605987614464234,0.01602633924270675,0.31606435775756836,0.29550108631910166,0.013253846913193746,0.05139298233056743,131072,14680064,E11 energy-weighted P_N capture; frozen E20 construction
llama31_8b,E20_nar_g128_m2,down,13,1,128,2,224,0.012606406816553086,0.016027727860399712,0.31606435775756836,0.2955010865206875,0.013254995305602313,0.051449116190474285,131072,14680064,E11 energy-weighted P_N capture; frozen E20 construction
llama31_8b,E20_nar_g128_m2,down,13,2,128,2,224,0.012605580482637935,0.0160256183298161,0.31606435775756836,0.2955010865162434,0.013253250715338095,0.05137964361040076,131072,14680064,E11 energy-weighted P_N capture; frozen E20 construction
llama31_8b,E20_nar_g128_m2_c32,down,13,0,128,2,224,0.012605987614464234,0.01602633924270675,0.31606435775756836,0.29550108631910166,0.013253846913193746,0.05139298233056743,131072,14680064,E11 energy-weighted P_N capture; frozen E20 construction
llama31_8b,E20_nar_g128_m2_c32,down,13,1,128,2,224,0.012606406816553086,0.016027727860399712,0.31606435775756836,0.2955010865206875,0.013254995305602313,0.051449116190474285,131072,14680064,E11 energy-weighted P_N capture; frozen E20 construction
llama31_8b,E20_nar_g128_m2_c32,down,13,2,128,2,224,0.012605580482637935,0.0160256183298161,0.31606435775756836,0.2955010865162434,0.013253250715338095,0.05137964361040076,131072,14680064,E11 energy-weighted P_N capture; frozen E20 construction
llama31_8b,E20_nar_g256_m3_c32,down,13,0,256,3,168,0.014035445391980492,0.01744912553572028,0.2938768267631531,0.275085994847978,0.014662698321395117,0.04469063231673589,131072,7340032,E11 energy-weighted P_N capture; frozen E20 construction
llama31_8b,E20_nar_g256_m3_c32,down,13,1,256,3,168,0.014035855655764358,0.01744996525080619,0.2938768267631531,0.2750859947542098,0.01466340394351672,0.044710369153350166,131072,7340032,E11 energy-weighted P_N capture; frozen E20 construction
llama31_8b,E20_nar_g256_m3_c32,down,13,2,256,3,168,0.014034422919204077,0.01744778738279429,0.2938768267631531,0.2750859948544354,0.014661573856296763,0.044686620939327765,131072,7340032,E11 energy-weighted P_N capture; frozen E20 construction
llama31_8b,E11_g64_kmax,qkv,14,0,64,1,64,0.1092227736785043,0.160146976951121,0.5471762655993314,0.5364644572681765,0.10776639026736357,-0.013334063603141797,131072,8388608,frozen E11 selected eigenvalue fractions
llama31_8b,E11_g64_kmax,qkv,14,1,64,1,64,0.1092374906321516,0.16019687022027185,0.5471762655993314,0.5364644572879743,0.10779996453531035,-0.013159640417610877,131072,8388608,frozen E11 selected eigenvalue fractions
llama31_8b,E11_g64_kmax,qkv,14,2,64,1,64,0.10923334650483874,0.16014300399514436,0.5471762655993314,0.5364644574354646,0.10776371677871929,-0.013454039202711252,131072,8388608,frozen E11 selected eigenvalue fractions
llama31_8b,E11_g128_k8,qkv,14,0,128,1,8,0.14294907504530663,0.17691210756260922,0.3088446153893092,0.3059197594340684,0.14707721723093165,0.028878411310577792,131072,4194304,frozen E11 selected eigenvalue fractions
llama31_8b,E11_g128_k8,qkv,14,1,128,1,8,0.1429260948261062,0.17700206327044654,0.3088446153893092,0.3059197594107346,0.1471520025882768,0.029567083374887827,131072,4194304,frozen E11 selected eigenvalue fractions
llama31_8b,E11_g128_k8,qkv,14,2,128,1,8,0.14295508439633053,0.1769347105158161,0.3088446153893092,0.3059197594696911,0.14709600836685033,0.028966608554050744,131072,4194304,frozen E11 selected eigenvalue fractions
llama31_8b,E11_g128_k16,qkv,14,0,128,1,16,0.1366138507610346,0.17691210756260922,0.39224460944851625,0.3862298857821814,0.1379183224637749,0.009548605031433234,131072,4194304,frozen E11 selected eigenvalue fractions
llama31_8b,E11_g128_k16,qkv,14,1,128,1,16,0.13659191757225475,0.17700206327044654,0.39224460944851625,0.38622988569165984,0.13798845073533242,0.01022412737077892,131072,4194304,frozen E11 selected eigenvalue fractions
llama31_8b,E11_g128_k16,qkv,14,2,128,1,16,0.13659805992415652,0.1769347105158161,0.39224460944851625,0.3862298857241957,0.13793594342500795,0.009794308217805305,131072,4194304,frozen E11 selected eigenvalue fractions
llama31_8b,E11_g128_k32,qkv,14,0,128,1,32,0.1282332113989053,0.17691210756260922,0.4810491118990764,0.47228844727972036,0.12744437917916596,-0.006151543824988297,131072,4194304,frozen E11 selected eigenvalue fractions
llama31_8b,E11_g128_k32,qkv,14,1,128,1,32,0.1282160538317747,0.17700206327044654,0.4810491118990764,0.472288447230335,0.12750918169323297,-0.005513132852062187,131072,4194304,frozen E11 selected eigenvalue fractions
llama31_8b,E11_g128_k32,qkv,14,2,128,1,32,0.12824919371863341,0.1769347105158161,0.4810491118990764,0.47228844724762065,0.12746066195019137,-0.006148434509241479,131072,4194304,frozen E11 selected eigenvalue fractions
llama31_8b,E11_g128_kmax,qkv,14,0,128,1,32,0.1284215087945606,0.17691210756260922,0.4794551869349475,0.47075699329546883,0.12763994781657928,-0.006085904030543715,131072,4194304,saved factor eigenvalue sum / calibration trace
llama31_8b,E11_g128_kmax,qkv,14,1,128,1,32,0.12841213767795168,0.17700206327044654,0.4794551869349475,0.47075699329237647,0.12770484977276728,-0.005507952113983394,131072,4194304,saved factor eigenvalue sum / calibration trace
llama31_8b,E11_g128_kmax,qkv,14,2,128,1,32,0.1284412833832489,0.1769347105158161,0.4794551869349475,0.47075699332427356,0.127656255574186,-0.006111958619414385,131072,4194304,saved factor eigenvalue sum / calibration trace
llama31_8b,E11_g256_kmax,qkv,14,0,256,1,16,0.14957687287816412,0.19228478347501365,0.39224460944851625,0.3850758286134021,0.14990265583037485,0.002178030239180664,131072,2097152,frozen E11 selected eigenvalue fractions
llama31_8b,E11_g256_kmax,qkv,14,1,256,1,16,0.14952523016547659,0.1923907778402345,0.39224460944851625,0.3850758286074942,0.14998528762558253,0.003076788175459104,131072,2097152,frozen E11 selected eigenvalue fractions
llama31_8b,E11_g256_kmax,qkv,14,2,256,1,16,0.149568219914606,0.19231272157827917,0.39224460944851625,0.38507582855314393,0.14992443600352573,0.00238162952746982,131072,2097152,frozen E11 selected eigenvalue fractions
llama31_8b,E20_hadamard_g64_m1,qkv,14,0,64,1,0,0.16024554788916845,0.16024554788916845,0.003704574890434742,0.01155466099490165,0.1599484516635519,-0.0018540061145538489,131072,8388608,E11 energy-weighted P_N capture; frozen E20 construction
llama31_8b,E20_hadamard_g64_m1,qkv,14,1,64,1,0,0.16010677375733007,0.16010677375733007,0.003704574890434742,0.011554660994247377,0.1598099348198025,-0.0018540061145538326,131072,8388608,E11 energy-weighted P_N capture; frozen E20 construction
llama31_8b,E20_hadamard_g64_m1,qkv,14,2,64,1,0,0.16014629187776386,0.16014629187776386,0.0037045744247734547,0.0115546609943619,0.15984937971075558,-0.0018540058812907458,131072,8388608,E11 energy-weighted P_N capture; frozen E20 construction
llama31_8b,E20_hadamard_g128_m1,qkv,14,0,128,1,0,0.17707244323846183,0.17707244323846183,0.0012079228181391954,0.004951454472622186,0.17696546600131327,-0.0006041439039980582,131072,4194304,E11 energy-weighted P_N capture; frozen E20 construction
llama31_8b,E20_hadamard_g128_m1,qkv,14,1,128,1,0,0.176897152670616,0.176897152670616,0.001207923050969839,0.004951454472612874,0.17679028131358945,-0.0006041440204837608,131072,4194304,E11 energy-weighted P_N capture; frozen E20 construction
llama31_8b,E20_hadamard_g128_m1,qkv,14,2,128,1,0,0.17692523880645084,0.17692523880645084,0.0012079228181391954,0.004951454472249492,0.17681835050196254,-0.0006041439039979292,131072,4194304,E11 energy-weighted P_N capture; frozen E20 construction
llama31_8b,E20_hadamard_g256_m1,qkv,14,0,256,1,0,0.19251823822500214,0.19251823822500214,0.000759981747251004,0.002715389126681898,0.19244506914703696,-0.0003800630976045963,131072,2097152,E11 energy-weighted P_N capture; frozen E20 construction
llama31_8b,E20_hadamard_g256_m1,qkv,14,1,256,1,0,0.1922755472267177,0.1922755472267177,0.0007599818054586649,0.0027153891266012233,0.192202470381047,-0.0003800631267194397,131072,2097152,E11 energy-weighted P_N capture; frozen E20 construction
llama31_8b,E20_hadamard_g256_m1,qkv,14,2,256,1,0,0.19228110825378053,0.19228110825378053,0.0007599816890433431,0.002715389126420913,0.192208029305765,-0.00038006306848969675,131072,2097152,E11 energy-weighted P_N capture; frozen E20 construction
llama31_8b,E20_hadamard_g256_m2,qkv,14,0,256,2,0,0.19230112650198805,0.19251823822500214,0.0012079229345545173,0.0049514546340256186,0.19240192949375726,0.0005241934543122053,131072,2097152,E11 energy-weighted P_N capture; frozen E20 construction
llama31_8b,E20_hadamard_g256_m2,qkv,14,1,256,2,0,0.19204426348190395,0.1922755472267177,0.001207923050969839,0.004951454634901954,0.19215938510457545,0.000599453587335824,131072,2097152,E11 energy-weighted P_N capture; frozen E20 construction
llama31_8b,E20_hadamard_g256_m2,qkv,14,2,256,2,0,0.19204627818717412,0.19228110825378053,0.0012079229345545173,0.0049514546343878045,0.19216494278317603,0.000617895838034679,131072,2097152,E11 energy-weighted P_N capture; frozen E20 construction
llama31_8b,E20_hadamard_g256_m3,qkv,14,0,256,3,0,0.19196223205637608,0.19251823822500214,0.0026205494068562984,0.008396333788315438,0.19226582097105516,0.001581503358378939,131072,2097152,E11 energy-weighted P_N capture; frozen E20 construction
llama31_8b,E20_hadamard_g256_m3,qkv,14,1,256,3,0,0.19168287971725206,0.1922755472267177,0.002620549639686942,0.008396333790622214,0.19202344815083508,0.0017767284907519256,131072,2097152,E11 energy-weighted P_N capture; frozen E20 construction
llama31_8b,E20_hadamard_g256_m3,qkv,14,2,256,3,0,0.19170577755645013,0.19228110825378053,0.0026205494068562984,0.008396333789230286,0.19202900190905814,0.0016860438779046803,131072,2097152,E11 energy-weighted P_N capture; frozen E20 construction
llama31_8b,E20_hadamard_g128_m2,qkv,14,0,128,2,0,0.1764683182177169,0.17707244323846183,0.0037045744247734547,0.011554660594182717,0.1767441498872832,0.001563066233940018,131072,4194304,E11 energy-weighted P_N capture; frozen E20 construction
llama31_8b,E20_hadamard_g128_m2,qkv,14,1,128,2,0,0.17626047880762563,0.176897152670616,0.003704574890434742,0.011554660601495511,0.17656918426791754,0.0017514162129834887,131072,4194304,E11 energy-weighted P_N capture; frozen E20 construction
llama31_8b,E20_hadamard_g128_m2,qkv,14,2,128,2,0,0.17630808139102783,0.17692523880645084,0.0037045746576040983,0.011554660591668396,0.17659721835251987,0.0016399529687512212,131072,4194304,E11 energy-weighted P_N capture; frozen E20 construction
llama31_8b,E20_nar_g64_m1,qkv,14,0,64,1,64,0.10755841230667729,0.16024554788916845,0.5471764802932739,0.5364644081550257,0.1078326952363939,0.002550083474034158,131072,8388608,E11 energy-weighted P_N capture; frozen E20 construction
llama31_8b,E20_nar_g64_m1,qkv,14,1,64,1,64,0.10756926086910878,0.16010677375733007,0.5471764802932739,0.536464408219273,0.10773931112143818,0.0015808442946941602,131072,8388608,E11 energy-weighted P_N capture; frozen E20 construction
llama31_8b,E20_nar_g64_m1,qkv,14,2,64,1,64,0.10757290949395593,0.16014629187776386,0.5471764802932739,0.5364644081963434,0.10776590371944283,0.0017940783269207044,131072,8388608,E11 energy-weighted P_N capture; frozen E20 construction
llama31_8b,E20_nar_g128_m1,qkv,14,0,128,1,32,0.12514754639068304,0.17707244323846183,0.4810492992401123,0.47228840025879504,0.1275598591631665,0.01927574964156914,131072,4194304,E11 energy-weighted P_N capture; frozen E20 construction
llama31_8b,E20_nar_g128_m1,qkv,14,1,128,1,32,0.12513861716998687,0.176897152670616,0.4810492992401123,0.47228839999894323,0.12743358293554968,0.018339388891003665,131072,4194304,E11 energy-weighted P_N capture; frozen E20 construction
llama31_8b,E20_nar_g128_m1,qkv,14,2,128,1,32,0.1251233806479286,0.17692523880645084,0.4810492992401123,0.47228840004105643,0.12745381569151107,0.018625096536832125,131072,4194304,E11 energy-weighted P_N capture; frozen E20 construction
llama31_8b,E20_nar_g256_m1,qkv,14,0,256,1,16,0.14354112286052612,0.19251823822500214,0.39224475622177124,0.3850757770759082,0.15008463592092303,0.04558633045357331,131072,2097152,E11 energy-weighted P_N capture; frozen E20 construction
llama31_8b,E20_nar_g256_m1,qkv,14,1,256,1,16,0.143597397283882,0.1922755472267177,0.39224475622177124,0.38507577703893486,0.14989543727431875,0.043859012137845245,131072,2097152,E11 energy-weighted P_N capture; frozen E20 construction
llama31_8b,E20_nar_g256_m1,qkv,14,2,256,1,16,0.14355483065142138,0.19228110825378053,0.39224475622177124,0.3850757770301113,0.14989977257641673,0.044198735049202804,131072,2097152,E11 energy-weighted P_N capture; frozen E20 construction
llama31_8b,E20_nar_g256_m2,qkv,14,0,256,2,32,0.1361580813183192,0.19251823822500214,0.4810492694377899,0.47228844498267397,0.13868674091991898,0.01857149848996566,131072,2097152,E11 energy-weighted P_N capture; frozen E20 construction
llama31_8b,E20_nar_g256_m2,qkv,14,1,256,2,32,0.13613972558061604,0.1922755472267177,0.4810492694377899,0.47228844499828604,0.13851191060818854,0.01742463500242472,131072,2097152,E11 energy-weighted P_N capture; frozen E20 construction
llama31_8b,E20_nar_g256_m2,qkv,14,2,256,2,32,0.13613479720947375,0.19228110825378053,0.48104923963546753,0.4722884449743551,0.13851592065128254,0.017490924367741977,131072,2097152,E11 energy-weighted P_N capture; frozen E20 construction
llama31_8b,E20_nar_g256_m3,qkv,14,0,256,3,48,0.13196695887323528,0.19251823822500214,0.5228595733642578,0.5130205690826574,0.13298265089138456,0.007696563039881255,131072,2097152,E11 energy-weighted P_N capture; frozen E20 construction
llama31_8b,E20_nar_g256_m3,qkv,14,1,256,3,48,0.13198392963654193,0.1922755472267177,0.522859513759613,0.5130205693260678,0.13281501952549074,0.006296902139809524,131072,2097152,E11 energy-weighted P_N capture; frozen E20 construction
llama31_8b,E20_nar_g256_m3,qkv,14,2,256,3,48,0.13199652976824083,0.19228110825378053,0.5228595733642578,0.5130205690875893,0.13281885252885234,0.006229881664732678,131072,2097152,E11 energy-weighted P_N capture; frozen E20 construction
llama31_8b,E20_nar_g128_m2,qkv,14,0,128,2,64,0.11891441040630912,0.17707244323846183,0.5471764802932739,0.5364643548232111,0.1191558770774895,0.002030592174281677,131072,4194304,E11 energy-weighted P_N capture; frozen E20 construction
llama31_8b,E20_nar_g128_m2,qkv,14,1,128,2,64,0.11892030586242353,0.176897152670616,0.5471764802932739,0.5364643547865646,0.11903792026290512,0.000989018651008685,131072,4194304,E11 energy-weighted P_N capture; frozen E20 construction
llama31_8b,E20_nar_g128_m2,qkv,14,2,128,2,64,0.11891140365919384,0.17692523880645084,0.5471764802932739,0.5364643546536413,0.11905682003120284,0.0012228967746926369,131072,4194304,E11 energy-weighted P_N capture; frozen E20 construction
llama31_8b,E20_nar_g128_m2_c32,qkv,14,0,128,2,64,0.11891441040630912,0.17707244323846183,0.5471764802932739,0.5364643548232111,0.1191558770774895,0.002030592174281677,131072,4194304,E11 energy-weighted P_N capture; frozen E20 construction
llama31_8b,E20_nar_g128_m2_c32,qkv,14,1,128,2,64,0.11892030586242353,0.176897152670616,0.5471764802932739,0.5364643547865646,0.11903792026290512,0.000989018651008685,131072,4194304,E11 energy-weighted P_N capture; frozen E20 construction
llama31_8b,E20_nar_g128_m2_c32,qkv,14,2,128,2,64,0.11891140365919384,0.17692523880645084,0.5471764802932739,0.5364643546536413,0.11905682003120284,0.0012228967746926369,131072,4194304,E11 energy-weighted P_N capture; frozen E20 construction
llama31_8b,E20_nar_g256_m3_c32,qkv,14,0,256,3,48,0.13196695887323528,0.19251823822500214,0.5228595733642578,0.5130205690826574,0.13298265089138456,0.007696563039881255,131072,2097152,E11 energy-weighted P_N capture; frozen E20 construction
llama31_8b,E20_nar_g256_m3_c32,qkv,14,1,256,3,48,0.13198392963654193,0.1922755472267177,0.522859513759613,0.5130205693260678,0.13281501952549074,0.006296902139809524,131072,2097152,E11 energy-weighted P_N capture; frozen E20 construction
llama31_8b,E20_nar_g256_m3_c32,qkv,14,2,256,3,48,0.13199652976824083,0.19228110825378053,0.5228595733642578,0.5130205690875893,0.13281885252885234,0.006229881664732678,131072,2097152,E11 energy-weighted P_N capture; frozen E20 construction
llama31_8b,E11_g64_kmax,down,14,0,64,1,224,0.012367091132297345,0.01568460996355598,0.2957532850734338,0.2794234870595739,0.013162431931503082,0.06431106480073231,131072,29360128,frozen E11 selected eigenvalue fractions
llama31_8b,E11_g64_kmax,down,14,1,64,1,224,0.012367226398933855,0.0156839568667791,0.2957532850734338,0.2794234870670717,0.013161883856549969,0.06425510716652033,131072,29360128,frozen E11 selected eigenvalue fractions
llama31_8b,E11_g64_kmax,down,14,2,64,1,224,0.012366721842796627,0.01568383949410885,0.2957532850734338,0.2794234870403819,0.01316178535809917,0.0642905634499779,131072,29360128,frozen E11 selected eigenvalue fractions
llama31_8b,E11_g128_k8,down,14,0,128,1,8,0.015408711767630479,0.017345810531986614,0.09134544579073435,0.09095821872188867,0.01653461176607853,0.07306905440422758,131072,14680064,frozen E11 selected eigenvalue fractions
llama31_8b,E11_g128_k8,down,14,1,128,1,8,0.015409188085409349,0.017344572383468395,0.09134544579073435,0.09095821876554103,0.016533431521141593,0.07295929087897679,131072,14680064,frozen E11 selected eigenvalue fractions
llama31_8b,E11_g128_k8,down,14,2,128,1,8,0.015409650431541808,0.017344798265252974,0.09134544579073435,0.09095821876655563,0.016533646839278854,0.0729410710989493,131072,14680064,frozen E11 selected eigenvalue fractions
llama31_8b,E11_g128_k16,down,14,0,128,1,16,0.015195028332668599,0.017345810531986614,0.11823614013225363,0.11625544234644411,0.016288111952214374,0.07193692539524241,131072,14680064,frozen E11 selected eigenvalue fractions
llama31_8b,E11_g128_k16,down,14,1,128,1,16,0.015193611587953943,0.017344572383468395,0.11823614013225363,0.11625544232851193,0.016286949302498986,0.07196035703662987,131072,14680064,frozen E11 selected eigenvalue fractions
llama31_8b,E11_g128_k16,down,14,2,128,1,16,0.015194185478659758,0.017344798265252974,0.11823614013225363,0.11625544235912284,0.016287161410649734,0.07193382847175726,131072,14680064,frozen E11 selected eigenvalue fractions
llama31_8b,E11_g128_k32,down,14,0,128,1,32,0.01491511578811828,0.017345810531986614,0.1536922158190647,0.14839779097144842,0.015957276340679782,0.06987277654201725,131072,14680064,frozen E11 selected eigenvalue fractions
llama31_8b,E11_g128_k32,down,14,1,128,1,32,0.014916033324206752,0.017344572383468395,0.1536922158190647,0.1483977910109206,0.01595613730609736,0.06973060191563517,131072,14680064,frozen E11 selected eigenvalue fractions
llama31_8b,E11_g128_k32,down,14,2,128,1,32,0.01491563424014283,0.017344798265252974,0.1536922158190647,0.14839779097630154,0.015956345106018285,0.06977315540994986,131072,14680064,frozen E11 selected eigenvalue fractions
llama31_8b,E11_g128_kmax,down,14,0,128,1,112,0.01435258986334945,0.017345810531986614,0.2325957101189793,0.22095579987458458,0.015195210109578286,0.05870858529724579,131072,14680064,saved factor eigenvalue sum / calibration trace
llama31_8b,E11_g128_kmax,down,14,1,128,1,112,0.014352401523337959,0.017344572383468395,0.2325957101189793,0.2209557998936469,0.01519412547148389,0.058646906357603744,131072,14680064,saved factor eigenvalue sum / calibration trace
llama31_8b,E11_g128_kmax,down,14,2,128,1,112,0.014353009707756563,0.017344798265252974,0.2325957101189793,0.22095579988926448,0.015194323347574503,0.05861583437537023,131072,14680064,saved factor eigenvalue sum / calibration trace
llama31_8b,E11_g256_kmax,down,14,0,256,1,56,0.016187120264602863,0.018887676053857026,0.18885016263156562,0.17987549115422818,0.017010969589483938,0.05089536071975847,131072,7340032,frozen E11 selected eigenvalue fractions
llama31_8b,E11_g256_kmax,down,14,1,256,1,56,0.016188408985213534,0.018885892297149733,0.18885016263156562,0.1798754911715805,0.017009363069390295,0.05071246253579457,131072,7340032,frozen E11 selected eigenvalue fractions
llama31_8b,E11_g256_kmax,down,14,2,256,1,56,0.016186989701888508,0.018886545382709334,0.18885016263156562,0.17987549113378165,0.017009951263436084,0.05084092698542724,131072,7340032,frozen E11 selected eigenvalue fractions
llama31_8b,E20_hadamard_g64_m1,down,14,0,64,1,0,0.01568366257136698,0.01568366257136698,0.003720771986991167,0.014593350595752877,0.015654457713721558,-0.0018621197384557035,131072,29360128,E11 energy-weighted P_N capture; frozen E20 construction
llama31_8b,E20_hadamard_g64_m1,down,14,1,64,1,0,0.01568416739907454,0.01568416739907454,0.003720771986991167,0.014593350596512985,0.01565496160137948,-0.0018621197384557071,131072,29360128,E11 energy-weighted P_N capture; frozen E20 construction
llama31_8b,E20_hadamard_g64_m1,down,14,2,64,1,0,0.015684058760047113,0.015684058760047113,0.003720771986991167,0.014593350597666003,0.015654853164650928,-0.00186211973845582,131072,29360128,E11 energy-weighted P_N capture; frozen E20 construction
llama31_8b,E20_hadamard_g128_m1,down,14,0,128,1,0,0.017344264168022434,0.017344264168022434,0.002040599472820759,0.007515784310598483,0.01732655878285107,-0.001020820773936707,131072,14680064,E11 energy-weighted P_N capture; frozen E20 construction
llama31_8b,E20_hadamard_g128_m1,down,14,1,128,1,0,0.01734465798864258,0.01734465798864258,0.002040599472820759,0.007515784310377812,0.01732695220145095,-0.0010208207739365641,131072,14680064,E11 energy-weighted P_N capture; frozen E20 construction
llama31_8b,E20_hadamard_g128_m1,down,14,2,128,1,0,0.01734501211194669,0.01734501211194669,0.002040599472820759,0.007515784312069485,0.017327305963258634,-0.0010208207739366316,131072,14680064,E11 energy-weighted P_N capture; frozen E20 construction
llama31_8b,E20_hadamard_g256_m1,down,14,0,256,1,0,0.018884574483987265,0.018884574483987265,0.0008449701126664877,0.003542283136032376,0.018876594347372082,-0.0004225743408700432,131072,7340032,E11 energy-weighted P_N capture; frozen E20 construction
llama31_8b,E20_hadamard_g256_m1,down,14,1,256,1,0,0.01888480844929243,0.01888480844929243,0.0008449701126664877,0.003542283135866375,0.018876828213809514,-0.0004225743408699811,131072,7340032,E11 energy-weighted P_N capture; frozen E20 construction
llama31_8b,E20_hadamard_g256_m1,down,14,2,256,1,0,0.018885724465780233,0.018885724465780233,0.0008449701126664877,0.003542283136525834,0.018877743843212252,-0.00042257434087007804,131072,7340032,E11 energy-weighted P_N capture; frozen E20 construction
llama31_8b,E20_hadamard_g256_m2,down,14,0,256,2,0,0.018846237944700434,0.018884574483987265,0.002040599472820759,0.007515784565308329,0.018865296718047056,0.0010112773383496977,131072,7340032,E11 energy-weighted P_N capture; frozen E20 construction
llama31_8b,E20_hadamard_g256_m2,down,14,1,256,2,0,0.01884681513595751,0.01888480844929243,0.002040599472820759,0.00751578457118315,0.01886553044451558,0.000993022344786725,131072,7340032,E11 energy-weighted P_N capture; frozen E20 construction
llama31_8b,E20_hadamard_g256_m2,down,14,2,256,2,0,0.01884722987322743,0.018885724465780233,0.002040599472820759,0.0075157845691550896,0.01886644552591472,0.0010195478495534803,131072,7340032,E11 energy-weighted P_N capture; frozen E20 construction
llama31_8b,E20_hadamard_g256_m3,down,14,0,256,3,0,0.018810597089262058,0.018884574483987265,0.002949380548670888,0.01119720134207247,0.018856705021073415,0.0024511679024626937,131072,7340032,E11 energy-weighted P_N capture; frozen E20 construction
llama31_8b,E20_hadamard_g256_m3,down,14,1,256,3,0,0.018810913959349054,0.01888480844929243,0.002949380548670888,0.011197201347125822,0.01885693864109744,0.002446700986876358,131072,7340032,E11 energy-weighted P_N capture; frozen E20 construction
llama31_8b,E20_hadamard_g256_m3,down,14,2,256,3,0,0.018811722442712484,0.018885724465780233,0.0029493803158402443,0.011197201345355857,0.018857853307948966,0.0024522403717662914,131072,7340032,E11 energy-weighted P_N capture; frozen E20 construction
llama31_8b,E20_hadamard_g128_m2,down,14,0,128,2,0,0.01728044650341262,0.017344264168022434,0.0037207717541605234,0.01459335009679503,0.017311967073389074,0.0018240599263583993,131072,14680064,E11 energy-weighted P_N capture; frozen E20 construction
llama31_8b,E20_hadamard_g128_m2,down,14,1,128,2,0,0.01728048369385138,0.01734465798864258,0.0037207717541605234,0.014593350094809355,0.017312360160668117,0.0018446513061483477,131072,14680064,E11 energy-weighted P_N capture; frozen E20 construction
llama31_8b,E20_hadamard_g128_m2,down,14,2,128,2,0,0.017281370084698038,0.01734501211194669,0.0037207717541605234,0.014593350097859689,0.017312713624552275,0.001813718455227737,131072,14680064,E11 energy-weighted P_N capture; frozen E20 construction
llama31_8b,E20_nar_g64_m1,down,14,0,64,1,224,0.012165459572167747,0.01568366257136698,0.2957533001899719,0.2794234860738128,0.013161636744324245,0.08188569993981663,131072,29360128,E11 energy-weighted P_N capture; frozen E20 construction
llama31_8b,E20_nar_g64_m1,down,14,1,64,1,224,0.012166243899260212,0.01568416739907454,0.2957533001899719,0.2794234860621306,0.013162060392746618,0.08185077512271134,131072,29360128,E11 energy-weighted P_N capture; frozen E20 construction
llama31_8b,E20_nar_g64_m1,down,14,2,64,1,224,0.012166031151652866,0.015684058760047113,0.2957533001899719,0.2794234860769555,0.01316196922351821,0.08186219971416367,131072,29360128,E11 energy-weighted P_N capture; frozen E20 construction
llama31_8b,E20_nar_g128_m1,down,14,0,128,1,112,0.01401248589132052,0.017344264168022434,0.24010412395000458,0.2277615112087038,0.015119343130965923,0.0789907835219303,131072,14680064,E11 energy-weighted P_N capture; frozen E20 construction
llama31_8b,E20_nar_g128_m1,down,14,1,128,1,112,0.014011696439743648,0.01734465798864258,0.24010412395000458,0.2277615112446831,0.015119686432303492,0.07907607742750347,131072,14680064,E11 energy-weighted P_N capture; frozen E20 construction
llama31_8b,E20_nar_g128_m1,down,14,2,128,1,112,0.014011795772805234,0.01734501211194669,0.24010412395000458,0.22776151120669744,0.015119995128694047,0.07909045877186281,131072,14680064,E11 energy-weighted P_N capture; frozen E20 construction
llama31_8b,E20_nar_g256_m1,down,14,0,256,1,56,0.01584138834175405,0.018884574483987265,0.18885016441345215,0.1798754906474053,0.017008176177344205,0.07365439255818165,131072,7340032,E11 energy-weighted P_N capture; frozen E20 construction
llama31_8b,E20_nar_g256_m1,down,14,1,256,1,56,0.015840040955457928,0.01888480844929243,0.18885014951229095,0.17987549069828676,0.017008387051747897,0.073759032541352,131072,7340032,E11 energy-weighted P_N capture; frozen E20 construction
llama31_8b,E20_nar_g256_m1,down,14,2,256,1,56,0.015841021238901107,0.018885724465780233,0.18885014951229095,0.17987549061650585,0.01700921205153607,0.07374466551223435,131072,7340032,E11 energy-weighted P_N capture; frozen E20 construction
llama31_8b,E20_nar_g256_m2,down,14,0,256,2,112,0.015431821025411185,0.018884574483987265,0.24010415375232697,0.22776153237885405,0.016462062220728824,0.06676083098820071,131072,7340032,E11 energy-weighted P_N capture; frozen E20 construction
llama31_8b,E20_nar_g256_m2,down,14,1,256,2,112,0.015431148589152954,0.01888480844929243,0.24010413885116577,0.22776153224031043,0.016462266334384655,0.0668205441269943,131072,7340032,E11 energy-weighted P_N capture; frozen E20 construction
llama31_8b,E20_nar_g256_m2,down,14,2,256,2,112,0.015431896702488299,0.018885724465780233,0.24010413885116577,0.22776153230273297,0.01646306484433139,0.06682057051851704,131072,7340032,E11 energy-weighted P_N capture; frozen E20 construction
llama31_8b,E20_nar_g256_m3,down,14,0,256,3,168,0.015161679840471707,0.018884574483987265,0.2729995548725128,0.2582934011775499,0.016101804224879484,0.06200661102856582,131072,7340032,E11 energy-weighted P_N capture; frozen E20 construction
llama31_8b,E20_nar_g256_m3,down,14,1,256,3,168,0.015162793316455061,0.01888480844929243,0.2729995548725128,0.2582934011579043,0.016102003713808523,0.06194177931148123,131072,7340032,E11 energy-weighted P_N capture; frozen E20 construction
llama31_8b,E20_nar_g256_m3,down,14,2,256,3,168,0.015161913339520503,0.018885724465780233,0.2729995846748352,0.2582934009657042,0.016102784418992853,0.06205490418019399,131072,7340032,E11 energy-weighted P_N capture; frozen E20 construction
llama31_8b,E20_nar_g128_m2,down,14,0,128,2,224,0.013603021011741299,0.017344264168022434,0.2957533001899719,0.2794234584784287,0.01455520376942245,0.06999788920852841,131072,14680064,E11 energy-weighted P_N capture; frozen E20 construction
llama31_8b,E20_nar_g128_m2,down,14,1,128,2,224,0.013602978811865831,0.01734465798864258,0.2957533001899719,0.2794234581961285,0.014555534261354497,0.07002550416808376,131072,14680064,E11 energy-weighted P_N capture; frozen E20 construction
llama31_8b,E20_nar_g128_m2,down,14,2,128,2,224,0.013603353379717884,0.01734501211194669,0.2957533001899719,0.2794234583010079,0.014555831439534032,0.07001788700396912,131072,14680064,E11 energy-weighted P_N capture; frozen E20 construction
llama31_8b,E20_nar_g128_m2_c32,down,14,0,128,2,224,0.013603021011741299,0.017344264168022434,0.2957533001899719,0.2794234584784287,0.01455520376942245,0.06999788920852841,131072,14680064,E11 energy-weighted P_N capture; frozen E20 construction
llama31_8b,E20_nar_g128_m2_c32,down,14,1,128,2,224,0.013602978811865831,0.01734465798864258,0.2957533001899719,0.2794234581961285,0.014555534261354497,0.07002550416808376,131072,14680064,E11 energy-weighted P_N capture; frozen E20 construction
llama31_8b,E20_nar_g128_m2_c32,down,14,2,128,2,224,0.013603353379717884,0.01734501211194669,0.2957533001899719,0.2794234583010079,0.014555831439534032,0.07001788700396912,131072,14680064,E11 energy-weighted P_N capture; frozen E20 construction
llama31_8b,E20_nar_g256_m3_c32,down,14,0,256,3,168,0.015161679840471707,0.018884574483987265,0.2729995548725128,0.2582934011775499,0.016101804224879484,0.06200661102856582,131072,7340032,E11 energy-weighted P_N capture; frozen E20 construction
llama31_8b,E20_nar_g256_m3_c32,down,14,1,256,3,168,0.015162793316455061,0.01888480844929243,0.2729995548725128,0.2582934011579043,0.016102003713808523,0.06194177931148123,131072,7340032,E11 energy-weighted P_N capture; frozen E20 construction
llama31_8b,E20_nar_g256_m3_c32,down,14,2,256,3,168,0.015161913339520503,0.018885724465780233,0.2729995846748352,0.2582934009657042,0.016102784418992853,0.06205490418019399,131072,7340032,E11 energy-weighted P_N capture; frozen E20 construction
llama31_8b,E11_g64_kmax,qkv,15,0,64,1,64,0.1093990375564573,0.15154661945180425,0.492039246922292,0.4810483582088717,0.10800934495184045,-0.012702969200251685,131072,8388608,frozen E11 selected eigenvalue fractions
llama31_8b,E11_g64_kmax,qkv,15,1,64,1,64,0.1094111521941743,0.15157772384311752,0.492039246922292,0.48104835821246233,0.10803151347623924,-0.012609671777211402,131072,8388608,frozen E11 selected eigenvalue fractions
llama31_8b,E11_g64_kmax,qkv,15,2,64,1,64,0.10940590165735031,0.151482228472954,0.492039246922292,0.48104835823606296,0.10796345262199779,-0.013184380490461554,131072,8388608,frozen E11 selected eigenvalue fractions
llama31_8b,E11_g128_k8,qkv,15,0,128,1,8,0.14021806240959567,0.16754745545257954,0.2684620083343807,0.2642627980762212,0.14330332901707263,0.022003346462344385,131072,4194304,frozen E11 selected eigenvalue fractions
llama31_8b,E11_g128_k8,qkv,15,1,128,1,8,0.1402713778218665,0.16760953726593542,0.2684620083343807,0.2642627979358446,0.14335642758846712,0.021993437396176367,131072,4194304,frozen E11 selected eigenvalue fractions
llama31_8b,E11_g128_k8,qkv,15,2,128,1,8,0.14026177453934885,0.16741527066248096,0.2684620083343807,0.26426279798286073,0.1431902713737,0.020878794981519285,131072,4194304,frozen E11 selected eigenvalue fractions
llama31_8b,E11_g128_k16,qkv,15,0,128,1,16,0.13497156585905756,0.16754745545257954,0.3416856120957794,0.33530431518422343,0.13594226764179287,0.007191898356939529,131072,4194304,frozen E11 selected eigenvalue fractions
llama31_8b,E11_g128_k16,qkv,15,1,128,1,16,0.1349819395169023,0.16760953726593542,0.3416856120957794,0.3353043151624313,0.13599263869913966,0.0074876623187860565,131072,4194304,frozen E11 selected eigenvalue fractions
llama31_8b,E11_g128_k16,qkv,15,2,128,1,16,0.1350031784701251,0.16741527066248096,0.3416856120957794,0.33530431521087506,0.13583501742981433,0.006161625001098002,131072,4194304,frozen E11 selected eigenvalue fractions
llama31_8b,E11_g128_k32,qkv,15,0,128,1,32,0.12783815627623873,0.16754745545257954,0.4248508033343525,0.4156189391526407,0.12706563037508062,-0.006042999395961296,131072,4194304,frozen E11 selected eigenvalue fractions
llama31_8b,E11_g128_k32,qkv,15,1,128,1,32,0.12783880273725856,0.16760953726593542,0.4248508033343525,0.41561893925770843,0.12711271234793173,-0.005679733960111742,131072,4194304,frozen E11 selected eigenvalue fractions
llama31_8b,E11_g128_k32,qkv,15,2,128,1,32,0.1278452741427829,0.16741527066248096,0.4248508033343525,0.41561893926359267,0.12696538329204074,-0.006882466768067366,131072,4194304,frozen E11 selected eigenvalue fractions
llama31_8b,E11_g128_kmax,qkv,15,0,128,1,32,0.12800036174621,0.16754745545257954,0.42295291290760345,0.4138590566422671,0.12727510474179402,-0.005666054333924169,131072,4194304,saved factor eigenvalue sum / calibration trace
llama31_8b,E11_g128_kmax,qkv,15,1,128,1,32,0.1279952405642888,0.16760953726593542,0.42295291290760345,0.41385905658852395,0.1273222643317507,-0.005257822318792179,131072,4194304,saved factor eigenvalue sum / calibration trace
llama31_8b,E11_g128_kmax,qkv,15,2,128,1,32,0.12800059255128282,0.16741527066248096,0.42295291290760345,0.41385905654381316,0.12717469239617155,-0.006452315092060082,131072,4194304,saved factor eigenvalue sum / calibration trace
llama31_8b,E11_g256_kmax,qkv,15,0,256,1,16,0.147687237726295,0.18220036187020838,0.3416856120957794,0.3338943282627735,0.14783113411591978,0.0009743319181814537,131072,2097152,frozen E11 selected eigenvalue fractions
llama31_8b,E11_g256_kmax,qkv,15,1,256,1,16,0.14765840148554332,0.18231556720982667,0.3416856120957794,0.33389432840686645,0.14792460778324493,0.0018028523607420176,131072,2097152,frozen E11 selected eigenvalue fractions
llama31_8b,E11_g256_kmax,qkv,15,2,256,1,16,0.14763382575008777,0.18204394283109337,0.3416856120957794,0.3338943283128333,0.14770422106419837,0.00047682374789747445,131072,2097152,frozen E11 selected eigenvalue fractions
llama31_8b,E20_hadamard_g64_m1,qkv,15,0,64,1,0,0.15154257491381973,0.15154257491381973,0.003380149370059371,0.012083938266589675,0.15128623984819517,-0.001691505280086023,131072,8388608,E11 energy-weighted P_N capture; frozen E20 construction
llama31_8b,E20_hadamard_g64_m1,qkv,15,1,64,1,0,0.15151636845560734,0.15151636845560734,0.003380149370059371,0.012083938266099603,0.15126007771834524,-0.0016915052800859285,131072,8388608,E11 energy-weighted P_N capture; frozen E20 construction
llama31_8b,E20_hadamard_g64_m1,qkv,15,2,64,1,0,0.1515934708447384,0.1515934708447384,0.0033801496028900146,0.01208393826484096,0.15133704967070027,-0.0016915053966984487,131072,8388608,E11 energy-weighted P_N capture; frozen E20 construction
llama31_8b,E20_hadamard_g128_m1,qkv,15,0,128,1,0,0.16751164463080315,0.16751164463080315,0.0011887126602232456,0.005402612582260459,0.16741205341931534,-0.0005945330648941404,131072,4194304,E11 energy-weighted P_N capture; frozen E20 construction
llama31_8b,E20_hadamard_g128_m1,qkv,15,1,128,1,0,0.16746889876070448,0.16746889876070448,0.0011887126602232456,0.005402612582346424,0.16736933296304982,-0.0005945330648942139,131072,4194304,E11 energy-weighted P_N capture; frozen E20 construction
llama31_8b,E20_hadamard_g128_m1,qkv,15,2,128,1,0,0.16759058983820907,0.16759058983820907,0.0011887126602232456,0.005402612581086806,0.16749095169118514,-0.0005945330648941797,131072,4194304,E11 energy-weighted P_N capture; frozen E20 construction
llama31_8b,E20_hadamard_g256_m1,qkv,15,0,256,1,0,0.18214446647991522,0.18214446647991522,0.0007545101689174771,0.0029484997068022958,0.18207573858740994,-0.00037732627201640006,131072,2097152,E11 energy-weighted P_N capture; frozen E20 construction
llama31_8b,E20_hadamard_g256_m1,qkv,15,1,256,1,0,0.18212495765986247,0.18212495765986247,0.0007545101107098162,0.0029484997069429307,0.18205623713385005,-0.00037732624290167424,131072,2097152,E11 energy-weighted P_N capture; frozen E20 construction
llama31_8b,E20_hadamard_g256_m1,qkv,15,2,256,1,0,0.182280428030424,0.182280428030424,0.0007545101689174771,0.002948499706565041,0.1822116488360537,-0.0003773262720164828,131072,2097152,E11 energy-weighted P_N capture; frozen E20 construction
llama31_8b,E20_hadamard_g256_m2,qkv,15,0,256,2,0,0.18190871940311482,0.18214446647991522,0.0011887126602232456,0.0054026127580574885,0.1820361755720054,0.000700660030529639,131072,2097152,E11 energy-weighted P_N capture; frozen E20 construction
llama31_8b,E20_hadamard_g256_m2,qkv,15,1,256,2,0,0.18189700494370342,0.18212495765986247,0.0011887126602232456,0.0054026127602004705,0.18201667835059124,0.0006579185123188497,131072,2097152,E11 energy-weighted P_N capture; frozen E20 construction
llama31_8b,E20_hadamard_g256_m2,qkv,15,2,256,2,0,0.18204315918275782,0.182280428030424,0.0011887126602232456,0.005402612758192652,0.18217205628887684,0.0007080579500909235,131072,2097152,E11 energy-weighted P_N capture; frozen E20 construction
llama31_8b,E20_hadamard_g256_m3,qkv,15,0,256,3,0,0.18158336197394576,0.18214446647991522,0.0023322484921664,0.008730939730414297,0.18193193941244457,0.0019196551639396597,131072,2097152,E11 energy-weighted P_N capture; frozen E20 construction
llama31_8b,E20_hadamard_g256_m3,qkv,15,1,256,3,0,0.18156829615933034,0.18212495765986247,0.0023322484921664,0.008730939732150236,0.18191245335537987,0.0018954696570348147,131072,2097152,E11 energy-weighted P_N capture; frozen E20 construction
llama31_8b,E20_hadamard_g256_m3,qkv,15,2,256,3,0,0.1817241354689081,0.182280428030424,0.0023322482593357563,0.008730939729750186,0.18206774234358644,0.001890815844531245,131072,2097152,E11 energy-weighted P_N capture; frozen E20 construction
llama31_8b,E20_hadamard_g128_m2,qkv,15,0,128,2,0,0.16693462191520148,0.16751164463080315,0.0033801496028900146,0.012083937851096413,0.1672282977799003,0.0017592268238281535,131072,4194304,E11 energy-weighted P_N capture; frozen E20 construction
llama31_8b,E20_hadamard_g128_m2,qkv,15,1,128,2,0,0.16686124762692245,0.16746889876070448,0.003380149370059371,0.012083937849522018,0.16718562423420055,0.0019439900629495655,131072,4194304,E11 energy-weighted P_N capture; frozen E20 construction
llama31_8b,E20_hadamard_g128_m2,qkv,15,2,128,2,0,0.16701335582812327,0.16759058983820907,0.003380149370059371,0.01208393784648548,0.167307109470605,0.0017588631820801795,131072,4194304,E11 energy-weighted P_N capture; frozen E20 construction
llama31_8b,E20_nar_g64_m1,qkv,15,0,64,1,64,0.10797499473619787,0.15154257491381973,0.4920392334461212,0.4810483415474927,0.10800646378709614,0.00029144757983224273,131072,8388608,E11 energy-weighted P_N capture; frozen E20 construction
llama31_8b,E20_nar_g64_m1,qkv,15,1,64,1,64,0.10797012993350696,0.15151636845560734,0.4920392334461212,0.48104834164623905,0.10798778608624861,0.00016352812349598026,131072,8388608,E11 energy-weighted P_N capture; frozen E20 construction
llama31_8b,E20_nar_g64_m1,qkv,15,2,64,1,64,0.10797042720710204,0.1515934708447384,0.4920392334461212,0.48104834165413457,0.10804273801249321,0.0006697278806952796,131072,8388608,E11 energy-weighted P_N capture; frozen E20 construction
llama31_8b,E20_nar_g128_m1,qkv,15,0,128,1,32,0.12524430578614254,0.16751164463080315,0.4248507618904114,0.41561893582902965,0.12703847652927816,0.014325367783180554,131072,4194304,E11 energy-weighted P_N capture; frozen E20 construction
llama31_8b,E20_nar_g128_m1,qkv,15,1,128,1,32,0.12524047639365588,0.16746889876070448,0.42485082149505615,0.41561893582737414,0.12700605208125404,0.014097484602730245,131072,4194304,E11 energy-weighted P_N capture; frozen E20 construction
llama31_8b,E20_nar_g128_m1,qkv,15,2,128,1,32,0.12524023909305182,0.16759058983820907,0.42485082149505615,0.41561893586529197,0.12709834087900543,0.014836300213169219,131072,4194304,E11 energy-weighted P_N capture; frozen E20 construction
llama31_8b,E20_nar_g256_m1,qkv,15,0,256,1,16,0.14284662484692845,0.18214446647991522,0.34168559312820435,0.33389432997214274,0.14778578463941694,0.034576664291376805,131072,2097152,E11 energy-weighted P_N capture; frozen E20 construction
llama31_8b,E20_nar_g256_m1,qkv,15,1,256,1,16,0.14284387692695155,0.18212495765986247,0.34168559312820435,0.3338943299222694,0.14776995585068345,0.034485754865439755,131072,2097152,E11 energy-weighted P_N capture; frozen E20 construction
llama31_8b,E20_nar_g256_m1,qkv,15,2,256,1,16,0.14286918588609332,0.182280428030424,0.34168559312820435,0.333894330045017,0.14789609918704524,0.03518542693285716,131072,2097152,E11 energy-weighted P_N capture; frozen E20 construction
llama31_8b,E20_nar_g256_m2,qkv,15,0,256,2,32,0.13626156061233985,0.18214446647991522,0.4248507618904114,0.41561897545237486,0.1381358029219157,0.013754739789807836,131072,2097152,E11 energy-weighted P_N capture; frozen E20 construction
llama31_8b,E20_nar_g256_m2,qkv,15,1,256,2,32,0.1362978369333252,0.18212495765986247,0.4248507618904114,0.41561897551042437,0.13812100770702873,0.013376373497368104,131072,2097152,E11 energy-weighted P_N capture; frozen E20 construction
llama31_8b,E20_nar_g256_m2,qkv,15,2,256,2,32,0.1362576080577167,0.182280428030424,0.4248507618904114,0.4156189755448137,0.13823891425057147,0.014540884880464981,131072,2097152,E11 energy-weighted P_N capture; frozen E20 construction
llama31_8b,E20_nar_g256_m3,qkv,15,0,256,3,48,0.13239124154419812,0.18214446647991522,0.4666496813297272,0.45637618769187704,0.1330216288407429,0.004761548341053358,131072,2097152,E11 energy-weighted P_N capture; frozen E20 construction
llama31_8b,E20_nar_g256_m3,qkv,15,1,256,3,48,0.13240468131340855,0.18212495765986247,0.4666496813297272,0.45637618784286293,0.13300738138612445,0.004551954407784714,131072,2097152,E11 energy-weighted P_N capture; frozen E20 construction
llama31_8b,E20_nar_g256_m3,qkv,15,2,256,3,48,0.13238803121966747,0.182280428030424,0.4666496813297272,0.4563761876372386,0.1331209226993921,0.005535934577866557,131072,2097152,E11 energy-weighted P_N capture; frozen E20 construction
llama31_8b,E20_nar_g128_m2,qkv,15,0,128,2,64,0.11929995930692794,0.16751164463080315,0.49203920364379883,0.48104829347419464,0.11938784147468878,0.0007366487656106089,131072,4194304,E11 energy-weighted P_N capture; frozen E20 construction
llama31_8b,E20_nar_g128_m2,qkv,15,1,128,2,64,0.11930904773128503,0.16746889876070448,0.49203920364379883,0.48104829352342887,0.11935737590810513,0.0004050671574292345,131072,4194304,E11 energy-weighted P_N capture; frozen E20 construction
llama31_8b,E20_nar_g128_m2,qkv,15,2,128,2,64,0.11930457442056319,0.16759058983820907,0.49203920364379883,0.48104829360382095,0.11944410680434833,0.0011695476427690998,131072,4194304,E11 energy-weighted P_N capture; frozen E20 construction
llama31_8b,E20_nar_g128_m2_c32,qkv,15,0,128,2,64,0.11929995930692794,0.16751164463080315,0.49203920364379883,0.48104829347419464,0.11938784147468878,0.0007366487656106089,131072,4194304,E11 energy-weighted P_N capture; frozen E20 construction
llama31_8b,E20_nar_g128_m2_c32,qkv,15,1,128,2,64,0.11930904773128503,0.16746889876070448,0.49203920364379883,0.48104829352342887,0.11935737590810513,0.0004050671574292345,131072,4194304,E11 energy-weighted P_N capture; frozen E20 construction
llama31_8b,E20_nar_g128_m2_c32,qkv,15,2,128,2,64,0.11930457442056319,0.16759058983820907,0.49203920364379883,0.48104829360382095,0.11944410680434833,0.0011695476427690998,131072,4194304,E11 energy-weighted P_N capture; frozen E20 construction
llama31_8b,E20_nar_g256_m3_c32,qkv,15,0,256,3,48,0.13239124154419812,0.18214446647991522,0.4666496813297272,0.45637618769187704,0.1330216288407429,0.004761548341053358,131072,2097152,E11 energy-weighted P_N capture; frozen E20 construction
llama31_8b,E20_nar_g256_m3_c32,qkv,15,1,256,3,48,0.13240468131340855,0.18212495765986247,0.4666496813297272,0.45637618784286293,0.13300738138612445,0.004551954407784714,131072,2097152,E11 energy-weighted P_N capture; frozen E20 construction
llama31_8b,E20_nar_g256_m3_c32,qkv,15,2,256,3,48,0.13238803121966747,0.182280428030424,0.4666496813297272,0.4563761876372386,0.1331209226993921,0.005535934577866557,131072,2097152,E11 energy-weighted P_N capture; frozen E20 construction
llama31_8b,E11_g64_kmax,down,15,0,64,1,224,0.013676605181555057,0.01778711822390119,0.3082265692656271,0.2864436691712685,0.014794065274933661,0.08170595542859319,131072,29360128,frozen E11 selected eigenvalue fractions
llama31_8b,E11_g64_kmax,down,15,1,64,1,224,0.01367661781128159,0.01778673194124306,0.3082265692656271,0.28644366919912434,0.01479374399237473,0.08168146514788496,131072,29360128,frozen E11 selected eigenvalue fractions
llama31_8b,E11_g64_kmax,down,15,2,64,1,224,0.013676541113944047,0.01778495952557741,0.3082265692656271,0.2864436691564115,0.01479226982254453,0.08157974295583627,131072,29360128,frozen E11 selected eigenvalue fractions
llama31_8b,E11_g128_k8,down,15,0,128,1,8,0.01708600820766531,0.01967200543043595,0.09015249921136026,0.08829194566127598,0.01876432467562299,0.09822753492560878,131072,14680064,frozen E11 selected eigenvalue fractions
llama31_8b,E11_g128_k8,down,15,1,128,1,8,0.01708695501851817,0.019672193970809295,0.09015249921136026,0.08829194564735961,0.018764504516605267,0.09817720572618316,131072,14680064,frozen E11 selected eigenvalue fractions
llama31_8b,E11_g128_k8,down,15,2,128,1,8,0.0170873357633859,0.019670314492433887,0.09015249921136026,0.0882919456486221,0.018762711758740204,0.09804781848696614,131072,14680064,frozen E11 selected eigenvalue fractions
llama31_8b,E11_g128_k16,down,15,0,128,1,16,0.016851840336700268,0.01967200543043595,0.11892534104075275,0.11468298948841386,0.01846524145090875,0.09574035131906554,131072,14680064,frozen E11 selected eigenvalue fractions
llama31_8b,E11_g128_k16,down,15,1,128,1,16,0.016852087361958392,0.019672193970809295,0.11892534104075275,0.11468298953162505,0.018465418425418514,0.09573479111567075,131072,14680064,frozen E11 selected eigenvalue fractions
llama31_8b,E11_g128_k16,down,15,2,128,1,16,0.01685125419556042,0.019670314492433887,0.11892534104075275,0.11468298947747009,0.018463654242192436,0.09568427536134444,131072,14680064,frozen E11 selected eigenvalue fractions
llama31_8b,E11_g128_k32,down,15,0,128,1,32,0.016548859383593278,0.01967200543043595,0.15702994271398063,0.14682127105341022,0.018061537198098932,0.0914067718773017,131072,14680064,frozen E11 selected eigenvalue fractions
llama31_8b,E11_g128_k32,down,15,1,128,1,32,0.016549420539361925,0.019672193970809295,0.15702994271398063,0.14682127106794096,0.018061710303427646,0.0913802244899644,131072,14680064,frozen E11 selected eigenvalue fractions
llama31_8b,E11_g128_k32,down,15,2,128,1,32,0.01655058710214322,0.019670314492433887,0.15702994271398063,0.1468212710390862,0.018059984690413228,0.09119903595894484,131072,14680064,frozen E11 selected eigenvalue fractions
llama31_8b,E11_g128_kmax,down,15,0,128,1,112,0.015902736172883847,0.01967200543043595,0.24166904602014136,0.22350380407407783,0.017130815093694685,0.07722437871445455,131072,14680064,saved factor eigenvalue sum / calibration trace
llama31_8b,E11_g128_kmax,down,15,1,128,1,112,0.015902918525690226,0.019672193970809295,0.24166904602014136,0.2235038040331233,0.0171309792787995,0.07722235079840299,131072,14680064,saved factor eigenvalue sum / calibration trace
llama31_8b,E11_g128_kmax,down,15,2,128,1,112,0.015904011495459298,0.019670314492433887,0.24166904602014136,0.22350380406622677,0.017129342587683505,0.07704541037171957,131072,14680064,saved factor eigenvalue sum / calibration trace
llama31_8b,E11_g256_kmax,down,15,0,256,1,56,0.017992646124841766,0.02140285391700785,0.19475267460563755,0.17904506229041373,0.019205973830113857,0.0674346450685147,131072,7340032,frozen E11 selected eigenvalue fractions
llama31_8b,E11_g256_kmax,down,15,1,256,1,56,0.01799199296395258,0.021403037029140797,0.19475267460563755,0.17904506228950232,0.01920613814683755,0.06748252877363514,131072,7340032,frozen E11 selected eigenvalue fractions
llama31_8b,E11_g256_kmax,down,15,2,256,1,56,0.017991335682867975,0.02140085450524725,0.19475267460563755,0.17904506232485903,0.01920417964649243,0.06741266935391416,131072,7340032,frozen E11 selected eigenvalue fractions
llama31_8b,E20_hadamard_g64_m1,down,15,0,64,1,0,0.017786234435957646,0.017786234435957646,0.005409450735896826,0.015405084431241054,0.01773806232196872,-0.00270839306444413,131072,29360128,E11 energy-weighted P_N capture; frozen E20 construction
llama31_8b,E20_hadamard_g64_m1,down,15,1,64,1,0,0.017787693784500402,0.017787693784500402,0.005409450735896826,0.015405084431730649,0.017739517718022006,-0.002708393064444092,131072,29360128,E11 energy-weighted P_N capture; frozen E20 construction
llama31_8b,E20_hadamard_g64_m1,down,15,2,64,1,0,0.017785297299728522,0.017785297299728522,0.0054094502702355385,0.015405084432579323,0.017737127728025066,-0.0027083928309813163,131072,29360128,E11 energy-weighted P_N capture; frozen E20 construction
llama31_8b,E20_hadamard_g128_m1,down,15,0,128,1,0,0.019672116833873283,0.019672116833873283,0.002264663577079773,0.007311175705278285,0.019649828844782766,-0.0011329736031325105,131072,14680064,E11 energy-weighted P_N capture; frozen E20 construction
llama31_8b,E20_hadamard_g128_m1,down,15,1,128,1,0,0.019673277474493784,0.019673277474493784,0.002264663577079773,0.007311175706263031,0.01965098817042808,-0.001132973603132613,131072,14680064,E11 energy-weighted P_N capture; frozen E20 construction
llama31_8b,E20_hadamard_g128_m1,down,15,2,128,1,0,0.01967024137491315,0.01967024137491315,0.002264663577079773,0.007311175706745253,0.019647955510668128,-0.0011329736031325914,131072,14680064,E11 energy-weighted P_N capture; frozen E20 construction
llama31_8b,E20_hadamard_g256_m1,down,15,0,256,1,0,0.02140312843098816,0.02140312843098816,0.0013910976704210043,0.0039746910174749,0.021388236329043634,-0.0006957908976971539,131072,7340032,E11 energy-weighted P_N capture; frozen E20 construction
llama31_8b,E20_hadamard_g256_m1,down,15,1,256,1,0,0.02140498475537798,0.02140498475537798,0.0013910976704210043,0.003974691018299247,0.021390091361819845,-0.0006957908976970414,131072,7340032,E11 energy-weighted P_N capture; frozen E20 construction
llama31_8b,E20_hadamard_g256_m1,down,15,2,256,1,0,0.02140132185520535,0.02140132185520535,0.0013910976704210043,0.003974691018861731,0.02138643101025981,-0.0006957908976970671,131072,7340032,E11 energy-weighted P_N capture; frozen E20 construction
llama31_8b,E20_hadamard_g256_m2,down,15,0,256,2,0,0.021365619447818802,0.02140312843098816,0.0022646638099104166,0.007311175957555133,0.021378879248956914,0.0006206139340119141,131072,7340032,E11 energy-weighted P_N capture; frozen E20 construction
llama31_8b,E20_hadamard_g256_m2,down,15,1,256,2,0,0.0213677577190236,0.02140498475537798,0.0022646638099104166,0.007311175959435154,0.021380733470179988,0.0006072584370814315,131072,7340032,E11 energy-weighted P_N capture; frozen E20 construction
llama31_8b,E20_hadamard_g256_m2,down,15,2,256,2,0,0.021363810407048538,0.02140132185520535,0.002264663577079773,0.007311175958827059,0.021377074722471256,0.000620877791460921,131072,7340032,E11 energy-weighted P_N capture; frozen E20 construction
llama31_8b,E20_hadamard_g256_m3,down,15,0,256,3,0,0.021327578493611807,0.02140312843098816,0.003347477875649929,0.010717151489586336,0.02136727515187532,0.0018612829522771262,131072,7340032,E11 energy-weighted P_N capture; frozen E20 construction
llama31_8b,E20_hadamard_g256_m3,down,15,1,256,3,0,0.021329811320647835,0.02140498475537798,0.0033474781084805727,0.010717151493186828,0.02136912836416216,0.0018432907316092686,131072,7340032,E11 energy-weighted P_N capture; frozen E20 construction
llama31_8b,E20_hadamard_g256_m3,down,15,2,256,3,0,0.021326182748299338,0.02140132185520535,0.0033474783413112164,0.01071715148982468,0.02136547159737221,0.0018422823032408855,131072,7340032,E11 energy-weighted P_N capture; frozen E20 construction
llama31_8b,E20_hadamard_g128_m2,down,15,0,128,2,0,0.01958824983243484,0.019672116833873283,0.0054094502702355385,0.015405083903251801,0.019618837013670194,0.0015615065918093386,131072,14680064,E11 energy-weighted P_N capture; frozen E20 construction
llama31_8b,E20_hadamard_g128_m2,down,15,1,128,2,0,0.019589233884399832,0.019673277474493784,0.0054094502702355385,0.015405083903755563,0.01961999451081996,0.0015702822581859848,131072,14680064,E11 energy-weighted P_N capture; frozen E20 construction
llama31_8b,E20_hadamard_g128_m2,down,15,2,128,2,0,0.019586984043587576,0.01967024137491315,0.0054094502702355385,0.01540508390386808,0.019616966634189666,0.001530740543585889,131072,14680064,E11 energy-weighted P_N capture; frozen E20 construction
llama31_8b,E20_nar_g64_m1,down,15,0,64,1,224,0.013489627929181966,0.017786234435957646,0.3082265853881836,0.2864436642119796,0.014793330030323503,0.09664477834271853,131072,29360128,E11 energy-weighted P_N capture; frozen E20 construction
llama31_8b,E20_nar_g64_m1,down,15,1,64,1,224,0.013490214853296307,0.017787693784500402,0.3082265853881836,0.2864436641653298,0.014794543813077802,0.09668704123439399,131072,29360128,E11 energy-weighted P_N capture; frozen E20 construction
llama31_8b,E20_nar_g64_m1,down,15,2,64,1,224,0.013489882685299413,0.017785297299728522,0.3082265853881836,0.2864436641608276,0.014792550586784135,0.09656628837138098,131072,29360128,E11 energy-weighted P_N capture; frozen E20 construction
llama31_8b,E20_nar_g128_m1,down,15,0,128,1,112,0.01556262643354746,0.019672116833873283,0.24939708411693573,0.23041865541299666,0.01704339928759963,0.09514928989493394,131072,14680064,E11 energy-weighted P_N capture; frozen E20 construction
llama31_8b,E20_nar_g128_m1,down,15,1,128,1,112,0.01556146419144065,0.019673277474493784,0.24939708411693573,0.23041865540211906,0.01704440483579211,0.0952957013625447,131072,14680064,E11 energy-weighted P_N capture; frozen E20 construction
llama31_8b,E20_nar_g128_m1,down,15,2,128,1,112,0.015561166586186068,0.01967024137491315,0.24939708411693573,0.23041865538148135,0.0170417744397922,0.09514761283517735,131072,14680064,E11 energy-weighted P_N capture; frozen E20 construction
llama31_8b,E20_nar_g256_m1,down,15,0,256,1,56,0.01765872888133511,0.02140312843098816,0.19475269317626953,0.17904506507170562,0.01920621994534285,0.08763320816615527,131072,7340032,E11 energy-weighted P_N capture; frozen E20 construction
llama31_8b,E20_nar_g256_m1,down,15,1,256,1,56,0.0176591345478625,0.02140498475537798,0.19475269317626953,0.17904506508461054,0.019207885728671478,0.08770255284092868,131072,7340032,E11 energy-weighted P_N capture; frozen E20 construction
llama31_8b,E20_nar_g256_m1,down,15,2,256,1,56,0.017657729459045615,0.02140132185520535,0.19475269317626953,0.17904506509630638,0.0192045988042118,0.08760295873565806,131072,7340032,E11 energy-weighted P_N capture; frozen E20 construction
llama31_8b,E20_nar_g256_m2,down,15,0,256,2,112,0.017174271852790524,0.02140312843098816,0.24939708411693573,0.23041867691167742,0.018543101738039254,0.07970235343784425,131072,7340032,E11 energy-weighted P_N capture; frozen E20 construction
llama31_8b,E20_nar_g256_m2,down,15,1,256,2,112,0.01717561121505797,0.02140498475537798,0.24939708411693573,0.23041867677594519,0.018544710008163424,0.07971179458843117,131072,7340032,E11 energy-weighted P_N capture; frozen E20 construction
llama31_8b,E20_nar_g256_m2,down,15,2,256,2,112,0.017174073970255627,0.02140132185520535,0.24939708411693573,0.23041867693506793,0.01854153656878626,0.07962365836428717,131072,7340032,E11 energy-weighted P_N capture; frozen E20 construction
llama31_8b,E20_nar_g256_m3,down,15,0,256,3,168,0.016867030115991825,0.02140312843098816,0.2841508388519287,0.26443200143173656,0.018108731009944992,0.07361704374831796,131072,7340032,E11 energy-weighted P_N capture; frozen E20 construction
llama31_8b,E20_nar_g256_m3,down,15,1,256,3,168,0.016869572568560205,0.02140498475537798,0.2841508388519287,0.26443200148082224,0.018110301606465536,0.07354833875386244,131072,7340032,E11 energy-weighted P_N capture; frozen E20 construction
llama31_8b,E20_nar_g256_m3,down,15,2,256,3,168,0.01686816368817401,0.02140132185520535,0.2841508388519287,0.26443200141979667,0.018107202504661035,0.07345427987254444,131072,7340032,E11 energy-weighted P_N capture; frozen E20 construction
llama31_8b,E20_nar_g128_m2,down,15,0,128,2,224,0.015103937577616997,0.019672116833873283,0.3082265555858612,0.28644363582103494,0.016361873787004346,0.08328531569486386,131072,14680064,E11 energy-weighted P_N capture; frozen E20 construction
llama31_8b,E20_nar_g128_m2,down,15,1,128,2,224,0.015104544938414082,0.019673277474493784,0.3082265555858612,0.286443635788956,0.01636283912568676,0.08330566676474759,131072,14680064,E11 energy-weighted P_N capture; frozen E20 construction
llama31_8b,E20_nar_g128_m2,down,15,2,128,2,224,0.015104620034943108,0.01967024137491315,0.3082265853881836,0.2864436358938494,0.016360313560634072,0.08313307602482124,131072,14680064,E11 energy-weighted P_N capture; frozen E20 construction
llama31_8b,E20_nar_g128_m2_c32,down,15,0,128,2,224,0.015103937577616997,0.019672116833873283,0.3082265555858612,0.28644363582103494,0.016361873787004346,0.08328531569486386,131072,14680064,E11 energy-weighted P_N capture; frozen E20 construction
llama31_8b,E20_nar_g128_m2_c32,down,15,1,128,2,224,0.015104544938414082,0.019673277474493784,0.3082265555858612,0.286443635788956,0.01636283912568676,0.08330566676474759,131072,14680064,E11 energy-weighted P_N capture; frozen E20 construction
llama31_8b,E20_nar_g128_m2_c32,down,15,2,128,2,224,0.015104620034943108,0.01967024137491315,0.3082265853881836,0.2864436358938494,0.016360313560634072,0.08313307602482124,131072,14680064,E11 energy-weighted P_N capture; frozen E20 construction
llama31_8b,E20_nar_g256_m3_c32,down,15,0,256,3,168,0.016867030115991825,0.02140312843098816,0.2841508388519287,0.26443200143173656,0.018108731009944992,0.07361704374831796,131072,7340032,E11 energy-weighted P_N capture; frozen E20 construction
llama31_8b,E20_nar_g256_m3_c32,down,15,1,256,3,168,0.016869572568560205,0.02140498475537798,0.2841508388519287,0.26443200148082224,0.018110301606465536,0.07354833875386244,131072,7340032,E11 energy-weighted P_N capture; frozen E20 construction
llama31_8b,E20_nar_g256_m3_c32,down,15,2,256,3,168,0.01686816368817401,0.02140132185520535,0.2841508388519287,0.26443200141979667,0.018107202504661035,0.07345427987254444,131072,7340032,E11 energy-weighted P_N capture; frozen E20 construction
llama31_8b,E11_g64_kmax,qkv,16,0,64,1,64,0.10693983534070206,0.1557681023973707,0.5373017500197694,0.5274597667451261,0.10595646429528577,-0.009195554138299804,131072,8388608,frozen E11 selected eigenvalue fractions
llama31_8b,E11_g64_kmax,qkv,16,1,64,1,64,0.10694379095665107,0.1557416346999938,0.5373017500197694,0.527459766871922,0.10593846045760055,-0.009400550420529095,131072,8388608,frozen E11 selected eigenvalue fractions
llama31_8b,E11_g64_kmax,qkv,16,2,64,1,64,0.10692670895178669,0.1555875634695454,0.5373017500197694,0.5274597667766319,0.10583365823829706,-0.010222429215346784,131072,8388608,frozen E11 selected eigenvalue fractions
llama31_8b,E11_g128_k8,qkv,16,0,128,1,8,0.14065210076457202,0.17224699135692134,0.28362945538893575,0.28066008512295276,0.14578757264003547,0.036511874671956525,131072,4194304,frozen E11 selected eigenvalue fractions
llama31_8b,E11_g128_k8,qkv,16,1,128,1,8,0.14066373150531497,0.17217641865125444,0.28362945538893575,0.2806600850129381,0.1457278408364622,0.03600152844627106,131072,4194304,frozen E11 selected eigenvalue fractions
llama31_8b,E11_g128_k8,qkv,16,2,128,1,8,0.14062550940244734,0.17197697702219372,0.28362945538893575,0.28066008511608675,0.14555903608257315,0.03508272930771657,131072,4194304,frozen E11 selected eigenvalue fractions
llama31_8b,E11_g128_k16,qkv,16,0,128,1,16,0.1345916944117853,0.17224699135692134,0.3675342356252654,0.3626386606950219,0.1369840984467676,0.017775272429981344,131072,4194304,frozen E11 selected eigenvalue fractions
llama31_8b,E11_g128_k16,qkv,16,1,128,1,16,0.13458628053092703,0.17217641865125444,0.3675342356252654,0.3626386606751852,0.13692797358569123,0.017399195858051025,131072,4194304,frozen E11 selected eigenvalue fractions
llama31_8b,E11_g128_k16,qkv,16,2,128,1,16,0.13455707488838797,0.17197697702219372,0.3675342356252654,0.3626386606605927,0.1367693622129502,0.016441256072170563,131072,4194304,frozen E11 selected eigenvalue fractions
llama31_8b,E11_g128_k32,qkv,16,0,128,1,32,0.1263167446039306,0.17224699135692134,0.46257302423610347,0.45476963832485706,0.12627325502249262,-0.00034428991638718565,131072,4194304,frozen E11 selected eigenvalue fractions
llama31_8b,E11_g128_k32,qkv,16,1,128,1,32,0.12632907697042572,0.17217641865125444,0.46257302423610347,0.45476963823453914,0.12622151858756217,-0.0008514143017821145,131072,4194304,frozen E11 selected eigenvalue fractions
llama31_8b,E11_g128_k32,qkv,16,2,128,1,32,0.12631009305360408,0.17197697702219372,0.46257302423610347,0.4547696381532124,0.1260753091037849,-0.0018587900946248628,131072,4194304,frozen E11 selected eigenvalue fractions
llama31_8b,E11_g128_kmax,qkv,16,0,128,1,32,0.12667278197780085,0.17224699135692134,0.4597446344951679,0.4516113515450046,0.12660509667002562,-0.0005343318960745289,131072,4194304,saved factor eigenvalue sum / calibration trace
llama31_8b,E11_g128_kmax,qkv,16,1,128,1,32,0.1266537083210082,0.17217641865125444,0.4597446344951679,0.4516113515111657,0.12655322427357424,-0.0007933762758787698,131072,4194304,saved factor eigenvalue sum / calibration trace
llama31_8b,E11_g128_kmax,qkv,16,2,128,1,32,0.12666203525087116,0.17197697702219372,0.4597446344951679,0.4516113515384278,0.12640663055644547,-0.002016426578965315,131072,4194304,saved factor eigenvalue sum / calibration trace
llama31_8b,E11_g256_kmax,qkv,16,0,256,1,16,0.1475151232200993,0.18726685110886976,0.3675342356252654,0.36137840668855653,0.14892904988370817,0.009584960733139402,131072,2097152,frozen E11 selected eigenvalue fractions
llama31_8b,E11_g256_kmax,qkv,16,1,256,1,16,0.14752883011386686,0.18719256961108144,0.3675342356252654,0.36137840684625905,0.14886997550495906,0.009090734265682639,131072,2097152,frozen E11 selected eigenvalue fractions
llama31_8b,E11_g256_kmax,qkv,16,2,256,1,16,0.14758503246642718,0.18687508702808842,0.3675342356252654,0.3613784068559507,0.14861748885737674,0.006995671401735334,131072,2097152,frozen E11 selected eigenvalue fractions
llama31_8b,E20_hadamard_g64_m1,qkv,16,0,64,1,0,0.15569534955678233,0.15569534955678233,0.004429471679031849,0.01232614631549342,0.1553501427909201,-0.002217193813719684,131072,8388608,E11 energy-weighted P_N capture; frozen E20 construction
llama31_8b,E20_hadamard_g64_m1,qkv,16,1,64,1,0,0.15582368825217774,0.15582368825217774,0.004429471213370562,0.012326146314893928,0.15547819697091517,-0.0022171935803717165,131072,8388608,E11 energy-weighted P_N capture; frozen E20 construction
llama31_8b,E20_hadamard_g64_m1,qkv,16,2,64,1,0,0.15573735445249337,0.15573735445249337,0.004429471679031849,0.01232614631584516,0.15539205455363622,-0.002217193813719753,131072,8388608,E11 energy-weighted P_N capture; frozen E20 construction
llama31_8b,E20_hadamard_g128_m1,qkv,16,0,128,1,0,0.17220221245069034,0.17220221245069034,0.0011166277108713984,0.00485055221488416,0.1721060427155961,-0.0005584697996942431,131072,4194304,E11 energy-weighted P_N capture; frozen E20 construction
llama31_8b,E20_hadamard_g128_m1,qkv,16,1,128,1,0,0.17229210515426452,0.17229210515426452,0.0011166277108713984,0.004850552216695265,0.17219588521681012,-0.0005584697996942362,131072,4194304,E11 energy-weighted P_N capture; frozen E20 construction
llama31_8b,E20_hadamard_g128_m1,qkv,16,2,128,1,0,0.17218493921493838,0.17218493921493838,0.0011166277108713984,0.0048505522165418116,0.17208877912642465,-0.0005584697996942655,131072,4194304,E11 energy-weighted P_N capture; frozen E20 construction
llama31_8b,E20_hadamard_g256_m1,qkv,16,0,256,1,0,0.18718089701481233,0.18718089701481233,0.0007507916889153421,0.0027470655026504373,0.18711061689000077,-0.0003754663319408836,131072,2097152,E11 energy-weighted P_N capture; frozen E20 construction
llama31_8b,E20_hadamard_g256_m1,qkv,16,1,256,1,0,0.18731614889886217,0.18731614889886217,0.000750791747123003,0.0027470655025666263,0.18724581798606815,-0.0003754663610556516,131072,2097152,E11 energy-weighted P_N capture; frozen E20 construction
llama31_8b,E20_hadamard_g256_m1,qkv,16,2,256,1,0,0.18714695750583132,0.18714695750583132,0.000750791747123003,0.002747065502655382,0.18707669011871397,-0.00037546636105565036,131072,2097152,E11 energy-weighted P_N capture; frozen E20 construction
llama31_8b,E20_hadamard_g256_m2,qkv,16,0,256,2,0,0.1869765997435131,0.18718089701481233,0.0011166278272867203,0.0048505523748616445,0.1870763621258484,0.0005335554420828891,131072,2097152,E11 energy-weighted P_N capture; frozen E20 construction
llama31_8b,E20_hadamard_g256_m2,qkv,16,1,256,2,0,0.18710183012358783,0.18731614889886217,0.0011166277108713984,0.004850552374324028,0.1872115384867071,0.0005863564404837957,131072,2097152,E11 energy-weighted P_N capture; frozen E20 construction
llama31_8b,E20_hadamard_g256_m2,qkv,16,2,256,2,0,0.18693712683940333,0.18714695750583132,0.0011166278272867203,0.004850552376063417,0.18704244157106018,0.000563369799447687,131072,2097152,E11 energy-weighted P_N capture; frozen E20 construction
llama31_8b,E20_hadamard_g256_m3,qkv,16,0,256,3,0,0.18653032714053452,0.18718089701481233,0.0031835646368563175,0.008968806014433168,0.18688270825761424,0.0018891357908477314,131072,2097152,E11 energy-weighted P_N capture; frozen E20 construction
llama31_8b,E20_hadamard_g256_m3,qkv,16,1,256,3,0,0.18670254545993004,0.18731614889886217,0.0031835646368563175,0.008968806014169611,0.18701774467848456,0.0016882427487962216,131072,2097152,E11 energy-weighted P_N capture; frozen E20 construction
llama31_8b,E20_hadamard_g256_m3,qkv,16,2,256,3,0,0.18653081940241023,0.18714695750583132,0.0031835646368563175,0.008968806014914208,0.18684882281600956,0.0017048304115004792,131072,2097152,E11 energy-weighted P_N capture; frozen E20 construction
llama31_8b,E20_hadamard_g128_m2,qkv,16,0,128,2,0,0.17148510582857313,0.17220221245069034,0.004429470747709274,0.012326145891271388,0.1718204068509019,0.0019552778109136484,131072,4194304,E11 energy-weighted P_N capture; frozen E20 construction
llama31_8b,E20_hadamard_g128_m2,qkv,16,1,128,2,0,0.17162591596105514,0.17229210515426452,0.004429471679031849,0.012326145892599283,0.17191010016456373,0.001655835028860548,131072,4194304,E11 energy-weighted P_N capture; frozen E20 construction
llama31_8b,E20_hadamard_g128_m2,qkv,16,2,128,2,0,0.17150867467568354,0.17218493921493838,0.004429471213370562,0.012326145891546748,0.1718031718730743,0.0017170979715612532,131072,4194304,E11 energy-weighted P_N capture; frozen E20 construction
llama31_8b,E20_nar_g64_m1,qkv,16,0,64,1,64,0.10464507977845106,0.15569534955678233,0.537301778793335,0.5274597749226443,0.10590697311846374,0.012058792851840694,131072,8388608,E11 energy-weighted P_N capture; frozen E20 construction
llama31_8b,E20_nar_g64_m1,qkv,16,1,64,1,64,0.10465475873417729,0.15582368825217774,0.537301778793335,0.5274597750003742,0.10599427156894407,0.012799349508502927,131072,8388608,E11 energy-weighted P_N capture; frozen E20 construction
llama31_8b,E20_nar_g64_m1,qkv,16,2,64,1,64,0.10465541638517362,0.15573735445249337,0.537301778793335,0.527459774976319,0.1059355456569087,0.012231849205240349,131072,8388608,E11 energy-weighted P_N capture; frozen E20 construction
llama31_8b,E20_nar_g128_m1,qkv,16,0,128,1,32,0.1222700220309596,0.17220221245069034,0.46257302165031433,0.4547696402782909,0.12624042817373024,0.032472441542255585,131072,4194304,E11 energy-weighted P_N capture; frozen E20 construction
llama31_8b,E20_nar_g128_m1,qkv,16,1,128,1,32,0.12227472553890362,0.17229210515426452,0.4625730514526367,0.4547696402029378,0.1263063244834344,0.032971645830830905,131072,4194304,E11 energy-weighted P_N capture; frozen E20 construction
llama31_8b,E20_nar_g128_m1,qkv,16,2,128,1,32,0.12223119045251885,0.17218493921493838,0.4625730514526367,0.45476964031596456,0.1262277617663907,0.03269682066480677,131072,4194304,E11 energy-weighted P_N capture; frozen E20 construction
llama31_8b,E20_nar_g256_m1,qkv,16,0,256,1,16,0.14024450753580808,0.18718089701481233,0.36753422021865845,0.3613784208265576,0.1488606943688179,0.06143689321173514,131072,2097152,E11 energy-weighted P_N capture; frozen E20 construction
llama31_8b,E20_nar_g256_m1,qkv,16,1,256,1,16,0.14028185238066015,0.18731614889886217,0.36753422021865845,0.3613784209185166,0.14896825710462827,0.06192108655934501,131072,2097152,E11 energy-weighted P_N capture; frozen E20 construction
llama31_8b,E20_nar_g256_m1,qkv,16,2,256,1,16,0.14031443863113324,0.18714695750583132,0.36753422021865845,0.3613784209016729,0.14883370305210758,0.06071552225192074,131072,2097152,E11 energy-weighted P_N capture; frozen E20 construction
llama31_8b,E20_nar_g256_m2,qkv,16,0,256,2,32,0.1330764031905911,0.18718089701481233,0.46257302165031433,0.4547696835529575,0.13722121364648057,0.03114609620124234,131072,2097152,E11 energy-weighted P_N capture; frozen E20 construction
llama31_8b,E20_nar_g256_m2,qkv,16,1,256,2,32,0.133059812113407,0.18731614889886217,0.4625730514526367,0.4547696836139213,0.13732036219897212,0.032019811375758156,131072,2097152,E11 energy-weighted P_N capture; frozen E20 construction
llama31_8b,E20_nar_g256_m2,qkv,16,2,256,2,32,0.13306475857928035,0.18714695750583132,0.46257302165031433,0.45476968339777984,0.13719633279225232,0.031049349633098904,131072,2097152,E11 energy-weighted P_N capture; frozen E20 construction
llama31_8b,E20_nar_g256_m3,qkv,16,0,256,3,48,0.12876496166368057,0.18718089701481233,0.5091013312339783,0.5002953224361758,0.131146725460146,0.018496986802095484,131072,2097152,E11 energy-weighted P_N capture; frozen E20 construction
llama31_8b,E20_nar_g256_m3,qkv,16,1,256,3,48,0.1287775646692939,0.18731614889886217,0.5091013312339783,0.5002953223308818,0.13124148855824166,0.01913317661562566,131072,2097152,E11 energy-weighted P_N capture; frozen E20 construction
llama31_8b,E20_nar_g256_m3,qkv,16,2,256,3,48,0.12882532444498374,0.18714695750583132,0.5091013312339783,0.5002953223141191,0.1311229460278558,0.017835170163714824,131072,2097152,E11 energy-weighted P_N capture; frozen E20 construction
llama31_8b,E20_nar_g128_m2,qkv,16,0,128,2,64,0.11576654556349375,0.17220221245069034,0.537301778793335,0.5274597222288633,0.11713525893272766,0.011823047518362939,131072,4194304,E11 energy-weighted P_N capture; frozen E20 construction
llama31_8b,E20_nar_g128_m2,qkv,16,1,128,2,64,0.11579357410616264,0.17229210515426452,0.537301778793335,0.5274597222267741,0.11719640567967983,0.012114934566498758,131072,4194304,E11 energy-weighted P_N capture; frozen E20 construction
llama31_8b,E20_nar_g128_m2,qkv,16,2,128,2,64,0.11578707423857537,0.17218493921493838,0.537301778793335,0.5274597226375375,0.11712350934534654,0.011542178741104492,131072,4194304,E11 energy-weighted P_N capture; frozen E20 construction
llama31_8b,E20_nar_g128_m2_c32,qkv,16,0,128,2,64,0.11576654556349375,0.17220221245069034,0.537301778793335,0.5274597222288633,0.11713525893272766,0.011823047518362939,131072,4194304,E11 energy-weighted P_N capture; frozen E20 construction
llama31_8b,E20_nar_g128_m2_c32,qkv,16,1,128,2,64,0.11579357410616264,0.17229210515426452,0.537301778793335,0.5274597222267741,0.11719640567967983,0.012114934566498758,131072,4194304,E11 energy-weighted P_N capture; frozen E20 construction
llama31_8b,E20_nar_g128_m2_c32,qkv,16,2,128,2,64,0.11578707423857537,0.17218493921493838,0.537301778793335,0.5274597226375375,0.11712350934534654,0.011542178741104492,131072,4194304,E11 energy-weighted P_N capture; frozen E20 construction
llama31_8b,E20_nar_g256_m3_c32,qkv,16,0,256,3,48,0.12876496166368057,0.18718089701481233,0.5091013312339783,0.5002953224361758,0.131146725460146,0.018496986802095484,131072,2097152,E11 energy-weighted P_N capture; frozen E20 construction
llama31_8b,E20_nar_g256_m3_c32,qkv,16,1,256,3,48,0.1287775646692939,0.18731614889886217,0.5091013312339783,0.5002953223308818,0.13124148855824166,0.01913317661562566,131072,2097152,E11 energy-weighted P_N capture; frozen E20 construction
llama31_8b,E20_nar_g256_m3_c32,qkv,16,2,256,3,48,0.12882532444498374,0.18714695750583132,0.5091013312339783,0.5002953223141191,0.1311229460278558,0.017835170163714824,131072,2097152,E11 energy-weighted P_N capture; frozen E20 construction
llama31_8b,E11_g64_kmax,down,16,0,64,1,224,0.014004279879067907,0.018326908269361897,0.30065652634322326,0.2768772104510155,0.01532619931822405,0.09439396031580363,131072,29360128,frozen E11 selected eigenvalue fractions
llama31_8b,E11_g64_kmax,down,16,1,64,1,224,0.014004015662614016,0.0183280383946037,0.30065652634322326,0.27687721047009584,0.015327144405330714,0.0944820953213445,131072,29360128,frozen E11 selected eigenvalue fractions
llama31_8b,E11_g64_kmax,down,16,2,64,1,224,0.014003551961957073,0.018329035197187187,0.30065652634322326,0.27687721042904334,0.015327977999019892,0.09457786429191956,131072,29360128,frozen E11 selected eigenvalue fractions
llama31_8b,E11_g128_k8,down,16,0,128,1,8,0.01743969563652922,0.020257436611705554,0.09414291600519097,0.0937776622407703,0.019280324145404926,0.1055424674396451,131072,14680064,frozen E11 selected eigenvalue fractions
llama31_8b,E11_g128_k8,down,16,1,128,1,8,0.01743695532541453,0.02025921201248255,0.09414291600519097,0.09377766219749052,0.019282013910162658,0.10581311647102393,131072,14680064,frozen E11 selected eigenvalue fractions
llama31_8b,E11_g128_k8,down,16,2,128,1,8,0.017439583869977366,0.020261367019409424,0.09414291600519097,0.09377766220378866,0.019284064970861114,0.10576405461480438,131072,14680064,frozen E11 selected eigenvalue fractions
llama31_8b,E11_g128_k16,down,16,0,128,1,16,0.017203509671022767,0.020257436611705554,0.12094907813055003,0.11698472262976528,0.018992909789145435,0.10401366653321305,131072,14680064,frozen E11 selected eigenvalue fractions
llama31_8b,E11_g128_k16,down,16,1,128,1,16,0.017205163638713668,0.02025921201248255,0.12094907813055003,0.11698472262112715,0.01899457436435519,0.10400428401710365,131072,14680064,frozen E11 selected eigenvalue fractions
llama31_8b,E11_g128_k16,down,16,2,128,1,16,0.017204223552838523,0.020261367019409424,0.12094907813055003,0.11698472266550577,0.01899659484961903,0.10418205106877865,131072,14680064,frozen E11 selected eigenvalue fractions
llama31_8b,E11_g128_k32,down,16,0,128,1,32,0.016913894110602117,0.020257436611705554,0.15617711686558813,0.14608494661275614,0.01860844734517567,0.10018705470736973,131072,14680064,frozen E11 selected eigenvalue fractions
llama31_8b,E11_g128_k32,down,16,1,128,1,32,0.016913835849913683,0.02025921201248255,0.15617711686558813,0.1460849465457545,0.01861007822535605,0.10028726721094564,131072,14680064,frozen E11 selected eigenvalue fractions
llama31_8b,E11_g128_k32,down,16,2,128,1,32,0.016914336059274757,0.020261367019409424,0.15617711686558813,0.14608494660410326,0.01861205781110996,0.10037176427651012,131072,14680064,frozen E11 selected eigenvalue fractions
llama31_8b,E11_g128_kmax,down,16,0,128,1,112,0.01626382248546321,0.020257436611705554,0.23791358969386514,0.22000629365126742,0.01768424802108115,0.08733651248884046,131072,14680064,saved factor eigenvalue sum / calibration trace
llama31_8b,E11_g128_kmax,down,16,1,128,1,112,0.01626418094297685,0.02025921201248255,0.23791358969386514,0.220006293640709,0.017685797902652,0.08740784209542571,131072,14680064,saved factor eigenvalue sum / calibration trace
llama31_8b,E11_g128_kmax,down,16,2,128,1,112,0.0162641969466558,0.020261367019409424,0.23791358969386514,0.22000629362061982,0.017687679171131943,0.0875224414181012,131072,14680064,saved factor eigenvalue sum / calibration trace
llama31_8b,E11_g256_kmax,down,16,0,256,1,56,0.018418446508520554,0.022045057238674177,0.1925672794880282,0.17742679021183963,0.019809084437409936,0.0755024550113963,131072,7340032,frozen E11 selected eigenvalue fractions
llama31_8b,E11_g256_kmax,down,16,1,256,1,56,0.018417467465957023,0.022048558977733532,0.1925672794880282,0.1774267902025184,0.019812231004186946,0.07573047384544121,131072,7340032,frozen E11 selected eigenvalue fractions
llama31_8b,E11_g256_kmax,down,16,2,256,1,56,0.018417721069371482,0.022050005232213645,0.1925672794880282,0.1774267902020831,0.01981353056883785,0.0757862220960436,131072,7340032,frozen E11 selected eigenvalue fractions
llama31_8b,E20_hadamard_g64_m1,down,16,0,64,1,0,0.018330495485021477,0.018330495485021477,0.00430199084803462,0.015171482619008622,0.018291024176055992,-0.0021533138041870095,131072,29360128,E11 energy-weighted P_N capture; frozen E20 construction
llama31_8b,E20_hadamard_g64_m1,down,16,1,64,1,0,0.01833162165069992,0.01833162165069992,0.00430199084803462,0.015171482620387393,0.018292147916746337,-0.0021533138041869015,131072,29360128,E11 energy-weighted P_N capture; frozen E20 construction
llama31_8b,E20_hadamard_g64_m1,down,16,2,64,1,0,0.018328322576541108,0.018328322576541108,0.00430199084803462,0.015171482618923076,0.018288855946529452,-0.002153313804186871,131072,29360128,E11 energy-weighted P_N capture; frozen E20 construction
llama31_8b,E20_hadamard_g128_m1,down,16,0,128,1,0,0.02026256610646409,0.02026256610646409,0.0024211774580180645,0.007751502724231793,0.02023802160666385,-0.001211322379963051,131072,14680064,E11 energy-weighted P_N capture; frozen E20 construction
llama31_8b,E20_hadamard_g128_m1,down,16,1,128,1,0,0.02026365349715085,0.02026365349715085,0.0024211774580180645,0.007751502725403656,0.020239107680169934,-0.001211322379963169,131072,14680064,E11 energy-weighted P_N capture; frozen E20 construction
llama31_8b,E20_hadamard_g128_m1,down,16,2,128,1,0,0.020259789434021513,0.020259789434021513,0.0024211774580180645,0.007751502725776206,0.020235248297666743,-0.0012113223799631232,131072,14680064,E11 energy-weighted P_N capture; frozen E20 construction
llama31_8b,E20_hadamard_g256_m1,down,16,0,256,1,0,0.02205237290362851,0.02205237290362851,0.0009775299113243818,0.003597663434919649,0.022041591841217085,-0.0004888844596696759,131072,7340032,E11 energy-weighted P_N capture; frozen E20 construction
llama31_8b,E20_hadamard_g256_m1,down,16,1,256,1,0,0.022052417860579685,0.022052417860579685,0.00097752979490906,0.0035976634368423722,0.022041636777473755,-0.0004888844014334473,131072,7340032,E11 energy-weighted P_N capture; frozen E20 construction
llama31_8b,E20_hadamard_g256_m1,down,16,2,256,1,0,0.022049204992431397,0.022049204992431397,0.0009775299113243818,0.003597663435942745,0.022038425478762527,-0.000488884459669655,131072,7340032,E11 energy-weighted P_N capture; frozen E20 construction
llama31_8b,E20_hadamard_g256_m2,down,16,0,256,2,0,0.02200470928757944,0.02205237290362851,0.0024211774580180645,0.007751502990671266,0.02202566037079905,0.0009521181555184561,131072,7340032,E11 energy-weighted P_N capture; frozen E20 construction
llama31_8b,E20_hadamard_g256_m2,down,16,1,256,2,0,0.022005645198672954,0.022052417860579685,0.0024211774580180645,0.007751502989108791,0.022025705273292867,0.000911587660293776,131072,7340032,E11 energy-weighted P_N capture; frozen E20 construction
llama31_8b,E20_hadamard_g256_m2,down,16,2,256,2,0,0.022001677747099078,0.022049204992431397,0.002421177690848708,0.007751502991414232,0.022022496294393692,0.0009462254439827726,131072,7340032,E11 energy-weighted P_N capture; frozen E20 construction
llama31_8b,E20_hadamard_g256_m3,down,16,0,256,3,0,0.0219632868602156,0.02205237290362851,0.0033186450600624084,0.011374527215484922,0.02201575049498448,0.002388696878695114,131072,7340032,E11 energy-weighted P_N capture; frozen E20 construction
llama31_8b,E20_hadamard_g256_m3,down,16,1,256,3,0,0.02196450273147743,0.022052417860579685,0.0033186450600624084,0.011374527217260993,0.02201579537727558,0.0023352518572906846,131072,7340032,E11 energy-weighted P_N capture; frozen E20 construction
llama31_8b,E20_hadamard_g256_m3,down,16,2,256,3,0,0.021960008853643003,0.022049204992431397,0.0033186450600624084,0.011374527215781274,0.02201258784474223,0.002394306461789316,131072,7340032,E11 energy-weighted P_N capture; frozen E20 construction
llama31_8b,E20_hadamard_g128_m2,down,16,0,128,2,0,0.020184006063684708,0.02026256610646409,0.00430199084803462,0.015171482102493347,0.020218934443158792,0.001730497868652927,131072,14680064,E11 energy-weighted P_N capture; frozen E20 construction
llama31_8b,E20_hadamard_g128_m2,down,16,1,128,2,0,0.0201856389969542,0.02026365349715085,0.00430199084803462,0.015171482097625895,0.020220019492352175,0.0017032156080451202,131072,14680064,E11 energy-weighted P_N capture; frozen E20 construction
llama31_8b,E20_hadamard_g128_m2,down,16,2,128,2,0,0.02018099542153243,0.020259789434021513,0.00430199084803462,0.015171482103938443,0.020216163749763313,0.0017426458653946604,131072,14680064,E11 energy-weighted P_N capture; frozen E20 construction
llama31_8b,E20_nar_g64_m1,down,16,0,64,1,224,0.013851036242702588,0.018330495485021477,0.3006565570831299,0.2768772344911008,0.015329198853500047,0.10671855772352258,131072,29360128,E11 energy-weighted P_N capture; frozen E20 construction
llama31_8b,E20_nar_g64_m1,down,16,1,64,1,224,0.013851018046433286,0.01833162165069992,0.3006565570831299,0.27687723454864616,0.015330140629331527,0.10678800489175043,131072,29360128,E11 energy-weighted P_N capture; frozen E20 construction
llama31_8b,E20_nar_g64_m1,down,16,2,64,1,224,0.013850922219163175,0.018328322576541108,0.3006565570831299,0.2768772345151243,0.015327381720612763,0.10659647625533994,131072,29360128,E11 energy-weighted P_N capture; frozen E20 construction
llama31_8b,E20_nar_g128_m1,down,16,0,128,1,112,0.01594820414750139,0.02026256610646409,0.24504391849040985,0.2283813787404795,0.017605780731225373,0.103934999100427,131072,14680064,E11 energy-weighted P_N capture; frozen E20 construction
llama31_8b,E20_nar_g128_m1,down,16,1,128,1,112,0.015947767220929738,0.02026365349715085,0.24504391849040985,0.22838137877822365,0.01760672554551492,0.10402448829375804,131072,14680064,E11 energy-weighted P_N capture; frozen E20 construction
llama31_8b,E20_nar_g128_m1,down,16,2,128,1,112,0.01594753723440542,0.020259789434021513,0.24504393339157104,0.2283813787469434,0.01760336795655216,0.10382987026827117,131072,14680064,E11 energy-weighted P_N capture; frozen E20 construction
llama31_8b,E20_nar_g256_m1,down,16,0,256,1,56,0.01813777344465179,0.02205237290362851,0.19256728887557983,0.17742680201105632,0.01981565797830848,0.09250774571514124,131072,7340032,E11 energy-weighted P_N capture; frozen E20 construction
llama31_8b,E20_nar_g256_m1,down,16,1,256,1,56,0.01813889562145324,0.022052417860579685,0.19256728887557983,0.17742680212327236,0.019815698375392828,0.09244238397603419,131072,7340032,E11 energy-weighted P_N capture; frozen E20 construction
llama31_8b,E20_nar_g256_m1,down,16,2,256,1,56,0.018136580193336065,0.022049204992431397,0.19256728887557983,0.1774268020396762,0.01981281138011871,0.0924226711383298,131072,7340032,E11 energy-weighted P_N capture; frozen E20 construction
llama31_8b,E20_nar_g256_m2,down,16,0,256,2,112,0.017623596149325023,0.02205237290362851,0.24504393339157104,0.2283814000191834,0.019160911607787493,0.08723052011841231,131072,7340032,E11 energy-weighted P_N capture; frozen E20 construction
llama31_8b,E20_nar_g256_m2,down,16,1,256,2,112,0.01762297725159431,0.022052417860579685,0.24504393339157104,0.2283814001001269,0.01916095067007668,0.0872709188989752,131072,7340032,E11 energy-weighted P_N capture; frozen E20 construction
llama31_8b,E20_nar_g256_m2,down,16,2,256,2,112,0.017622316604544924,0.022049204992431397,0.24504393339157104,0.22838139985562858,0.01915815906652155,0.0871532668741476,131072,7340032,E11 energy-weighted P_N capture; frozen E20 construction
llama31_8b,E20_nar_g256_m3,down,16,0,256,3,168,0.017338707079510258,0.02205237290362851,0.27780264616012573,0.2569461516528872,0.018740590635703096,0.08085283116925665,131072,7340032,E11 energy-weighted P_N capture; frozen E20 construction
llama31_8b,E20_nar_g256_m3,down,16,1,256,3,168,0.017336600505354762,0.022052417860579685,0.27780264616012573,0.2569461515692137,0.0187406288411072,0.08098636957797897,131072,7340032,E11 energy-weighted P_N capture; frozen E20 construction
llama31_8b,E20_nar_g256_m3,down,16,2,256,3,168,0.017339830974856633,0.022049204992431397,0.27780264616012573,0.25694615138363097,0.018737898475218832,0.08062751605765052,131072,7340032,E11 energy-weighted P_N capture; frozen E20 construction
llama31_8b,E20_nar_g128_m2,down,16,0,128,2,224,0.015529473590864509,0.02026256610646409,0.3006565272808075,0.2768772071866823,0.01694492721160993,0.09114627179494911,131072,14680064,E11 energy-weighted P_N capture; frozen E20 construction
llama31_8b,E20_nar_g128_m2,down,16,1,128,2,224,0.015529523215607442,0.02026365349715085,0.3006565570831299,0.27687720718249137,0.01694583620012185,0.09120131795746232,131072,14680064,E11 energy-weighted P_N capture; frozen E20 construction
llama31_8b,E20_nar_g128_m2,down,16,2,128,2,224,0.01552889183882338,0.020259789434021513,0.3006565272808075,0.2768772072040915,0.016942605170453703,0.09103761854377365,131072,14680064,E11 energy-weighted P_N capture; frozen E20 construction
llama31_8b,E20_nar_g128_m2_c32,down,16,0,128,2,224,0.015529473590864509,0.02026256610646409,0.3006565272808075,0.2768772071866823,0.01694492721160993,0.09114627179494911,131072,14680064,E11 energy-weighted P_N capture; frozen E20 construction
llama31_8b,E20_nar_g128_m2_c32,down,16,1,128,2,224,0.015529523215607442,0.02026365349715085,0.3006565570831299,0.27687720718249137,0.01694583620012185,0.09120131795746232,131072,14680064,E11 energy-weighted P_N capture; frozen E20 construction
llama31_8b,E20_nar_g128_m2_c32,down,16,2,128,2,224,0.01552889183882338,0.020259789434021513,0.3006565272808075,0.2768772072040915,0.016942605170453703,0.09103761854377365,131072,14680064,E11 energy-weighted P_N capture; frozen E20 construction
llama31_8b,E20_nar_g256_m3_c32,down,16,0,256,3,168,0.017338707079510258,0.02205237290362851,0.27780264616012573,0.2569461516528872,0.018740590635703096,0.08085283116925665,131072,7340032,E11 energy-weighted P_N capture; frozen E20 construction
llama31_8b,E20_nar_g256_m3_c32,down,16,1,256,3,168,0.017336600505354762,0.022052417860579685,0.27780264616012573,0.2569461515692137,0.0187406288411072,0.08098636957797897,131072,7340032,E11 energy-weighted P_N capture; frozen E20 construction
llama31_8b,E20_nar_g256_m3_c32,down,16,2,256,3,168,0.017339830974856633,0.022049204992431397,0.27780264616012573,0.25694615138363097,0.018737898475218832,0.08062751605765052,131072,7340032,E11 energy-weighted P_N capture; frozen E20 construction
llama31_8b,E11_g64_kmax,qkv,17,0,64,1,64,0.11100082139004419,0.15303616958438138,0.48680589985746253,0.47356892794854805,0.10963138847480544,-0.012337142176873801,131072,8388608,frozen E11 selected eigenvalue fractions
llama31_8b,E11_g64_kmax,qkv,17,1,64,1,64,0.11099611527064424,0.15302426906196942,0.48680589985746253,0.47356892792821503,0.10962286323009277,-0.01237207299735707,131072,8388608,frozen E11 selected eigenvalue fractions
llama31_8b,E11_g64_kmax,qkv,17,2,64,1,64,0.11099865190131641,0.1530060169171854,0.48680589985746253,0.4735689279502366,0.1096097878376496,-0.012512440825872228,131072,8388608,frozen E11 selected eigenvalue fractions
llama31_8b,E11_g128_k8,qkv,17,0,128,1,8,0.14235393464351276,0.16926809565278234,0.25708180029337796,0.2523439099900542,0.14589674643561162,0.02488734716726227,131072,4194304,frozen E11 selected eigenvalue fractions
llama31_8b,E11_g128_k8,qkv,17,1,128,1,8,0.14241692641337877,0.16926684309531304,0.25708180029337796,0.25234390997003064,0.1458956668224761,0.02442645334866968,131072,4194304,frozen E11 selected eigenvalue fractions
llama31_8b,E11_g128_k8,qkv,17,2,128,1,8,0.1423802442997264,0.1692473072750147,0.25708180029337796,0.25234391002615336,0.14587882837096822,0.0245721173499106,131072,4194304,frozen E11 selected eigenvalue fractions
llama31_8b,E11_g128_k16,qkv,17,0,128,1,16,0.1373912304256546,0.16926809565278234,0.32787100333608016,0.3201167138813303,0.13877186475136855,0.01004892613186865,131072,4194304,frozen E11 selected eigenvalue fractions
llama31_8b,E11_g128_k16,qkv,17,1,128,1,16,0.13740000445143075,0.16926684309531304,0.32787100333608016,0.32011671374757555,0.1387708378612446,0.009976953168865715,131072,4194304,frozen E11 selected eigenvalue fractions
llama31_8b,E11_g128_k16,qkv,17,2,128,1,16,0.1373815578672204,0.1692473072750147,0.32787100333608016,0.32011671370904415,0.13875482171714024,0.00999598396785619,131072,4194304,frozen E11 selected eigenvalue fractions
llama31_8b,E11_g128_k32,qkv,17,0,128,1,32,0.13012949023321063,0.16926809565278234,0.4130725976139486,0.40298477084083545,0.12967829784769452,-0.0034672569969152033,131072,4194304,frozen E11 selected eigenvalue fractions
llama31_8b,E11_g128_k32,qkv,17,1,128,1,32,0.130124705355386,0.16926684309531304,0.4130725976139486,0.4029847708098619,0.12967733824854533,-0.003437987472239546,131072,4194304,frozen E11 selected eigenvalue fractions
llama31_8b,E11_g128_k32,qkv,17,2,128,1,32,0.1301303781821428,0.1692473072750147,0.4130725976139486,0.40298477086576767,0.12966237162466043,-0.003596443536245569,131072,4194304,frozen E11 selected eigenvalue fractions
llama31_8b,E11_g128_kmax,qkv,17,0,128,1,32,0.130395410265419,0.16926809565278234,0.4105745842829619,0.40009644531436084,0.1299539658177812,-0.0033854293394165002,131072,4194304,saved factor eigenvalue sum / calibration trace
llama31_8b,E11_g128_kmax,qkv,17,1,128,1,32,0.13044628715516904,0.16926684309531304,0.4105745842829619,0.4000964454593605,0.12995300417873207,-0.003781502618393412,131072,4194304,saved factor eigenvalue sum / calibration trace
llama31_8b,E11_g128_kmax,qkv,17,2,128,1,32,0.13043051636897296,0.1692473072750147,0.4105745842829619,0.4000964454060334,0.1299380057390469,-0.003776038335482789,131072,4194304,saved factor eigenvalue sum / calibration trace
llama31_8b,E11_g256_kmax,qkv,17,0,256,1,16,0.15039594162870884,0.18412164732459502,0.32787100333608016,0.3186188583839104,0.1509493223858331,0.003679492618826346,131072,2097152,frozen E11 selected eigenvalue fractions
llama31_8b,E11_g256_kmax,qkv,17,1,256,1,16,0.1504388001319903,0.18412274944271445,0.32787100333608016,0.3186188583862072,0.15095022594055216,0.0033995605396557084,131072,2097152,frozen E11 selected eigenvalue fractions
llama31_8b,E11_g256_kmax,qkv,17,2,256,1,16,0.15042727690798685,0.18407365906545792,0.32787100333608016,0.31861885848672333,0.15090997994400468,0.0032088797054611825,131072,2097152,frozen E11 selected eigenvalue fractions
llama31_8b,E20_hadamard_g64_m1,qkv,17,0,64,1,0,0.1530512393496002,0.1530512393496002,0.004339396953582764,0.013128720225621978,0.15271880327359397,-0.0021720573934515416,131072,8388608,E11 energy-weighted P_N capture; frozen E20 construction
llama31_8b,E20_hadamard_g64_m1,qkv,17,1,64,1,0,0.1529988389308201,0.1529988389308201,0.004339396953582764,0.013128720223537298,0.15266651667153092,-0.0021720573934515927,131072,8388608,E11 energy-weighted P_N capture; frozen E20 construction
llama31_8b,E20_hadamard_g64_m1,qkv,17,2,64,1,0,0.15306448181308774,0.15306448181308774,0.004339396953582764,0.0131287202238152,0.1527320169736908,-0.002172057393451536,131072,8388608,E11 energy-weighted P_N capture; frozen E20 construction
llama31_8b,E20_hadamard_g128_m1,qkv,17,0,128,1,0,0.1693035119363504,0.1693035119363504,0.0012013443047180772,0.005334889488608974,0.16920178547012452,-0.000600852664321173,131072,4194304,E11 energy-weighted P_N capture; frozen E20 construction
llama31_8b,E20_hadamard_g128_m1,qkv,17,1,128,1,0,0.16924486316549903,0.16924486316549903,0.001201344421133399,0.005334889489137821,0.16914317192868608,-0.0006008527225639025,131072,4194304,E11 energy-weighted P_N capture; frozen E20 construction
llama31_8b,E20_hadamard_g128_m1,qkv,17,2,128,1,0,0.16927478889879843,0.16927478889879843,0.0012013443047180772,0.005334889490022797,0.16917307969088619,-0.0006008526643211801,131072,4194304,E11 energy-weighted P_N capture; frozen E20 construction
llama31_8b,E20_hadamard_g256_m1,qkv,17,0,256,1,0,0.18412074056868377,0.18412074056868377,0.000764806754887104,0.0029299266684223303,0.1840503187082788,-0.00038247652158836774,131072,2097152,E11 energy-weighted P_N capture; frozen E20 construction
llama31_8b,E20_hadamard_g256_m1,qkv,17,1,256,1,0,0.18403899312942684,0.18403899312942684,0.000764806754887104,0.0029299266683999762,0.1839686025354981,-0.0003824765215882283,131072,2097152,E11 energy-weighted P_N capture; frozen E20 construction
llama31_8b,E20_hadamard_g256_m1,qkv,17,2,256,1,0,0.1840802535664885,0.1840802535664885,0.0007648066384717822,0.0029299266684153593,0.18400984720213026,-0.00038247646335842767,131072,2097152,E11 energy-weighted P_N capture; frozen E20 construction
llama31_8b,E20_hadamard_g256_m2,qkv,17,0,256,2,0,0.18388819772798826,0.18412074056868377,0.001201344421133399,0.005334889661712511,0.1840101111204326,0.0006629756229635423,131072,2097152,E11 energy-weighted P_N capture; frozen E20 construction
llama31_8b,E20_hadamard_g256_m2,qkv,17,1,256,2,0,0.18380158199732932,0.18403899312942684,0.0012013443047180772,0.0053348896627577625,0.18392841281006603,0.0006900420081180182,131072,2097152,E11 energy-weighted P_N capture; frozen E20 construction
llama31_8b,E20_hadamard_g256_m2,qkv,17,2,256,2,0,0.1838416550968205,0.1840802535664885,0.001201344421133399,0.00533488966259245,0.18396964844496283,0.0006962151644845305,131072,2097152,E11 energy-weighted P_N capture; frozen E20 construction
llama31_8b,E20_hadamard_g256_m3,qkv,17,0,256,3,0,0.18348116005940796,0.18412074056868377,0.003161022672429681,0.009705536637581797,0.1838295053185099,0.001898534209120687,131072,2097152,E11 energy-weighted P_N capture; frozen E20 construction
llama31_8b,E20_hadamard_g256_m3,qkv,17,1,256,3,0,0.18339962546957622,0.18403899312942684,0.003161022439599037,0.009705536639082087,0.1837478872057312,0.0018989228318394744,131072,2097152,E11 energy-weighted P_N capture; frozen E20 construction
llama31_8b,E20_hadamard_g256_m3,qkv,17,2,256,3,0,0.18342694635420642,0.1840802535664885,0.003161022672429681,0.00970553663929068,0.1837890823571292,0.0019742791891845797,131072,2097152,E11 energy-weighted P_N capture; frozen E20 construction
llama31_8b,E20_hadamard_g128_m2,qkv,17,0,128,2,0,0.16863077222349965,0.1693035119363504,0.004339396953582764,0.013128719767514247,0.16893577499151174,0.0018087017214619217,131072,4194304,E11 energy-weighted P_N capture; frozen E20 construction
llama31_8b,E20_hadamard_g128_m2,qkv,17,1,128,2,0,0.16855419258715365,0.16924486316549903,0.004339396953582764,0.013128719773390909,0.1688772536091567,0.0019166596632475205,131072,4194304,E11 energy-weighted P_N capture; frozen E20 construction
llama31_8b,E20_hadamard_g128_m2,qkv,17,2,128,2,0,0.1685927684254338,0.16927478889879843,0.004339396953582764,0.013128719770151188,0.16890711434204583,0.0018645278771316973,131072,4194304,E11 energy-weighted P_N capture; frozen E20 construction
llama31_8b,E20_nar_g64_m1,qkv,17,0,64,1,64,0.10902083098985904,0.1530512393496002,0.4868059754371643,0.47356890156979453,0.1096421760142822,0.005699323870324837,131072,8388608,E11 energy-weighted P_N capture; frozen E20 construction
llama31_8b,E20_nar_g64_m1,qkv,17,1,64,1,64,0.10904656003190283,0.1529988389308201,0.4868059754371643,0.4735689017374544,0.1096046376319501,0.005117791885264367,131072,8388608,E11 energy-weighted P_N capture; frozen E20 construction
llama31_8b,E20_nar_g64_m1,qkv,17,2,64,1,64,0.10900989595164257,0.15306448181308774,0.4868059754371643,0.4735689016074271,0.10965166259223304,0.005887232851549211,131072,8388608,E11 energy-weighted P_N capture; frozen E20 construction
llama31_8b,E20_nar_g128_m1,qkv,17,0,128,1,32,0.12669809821911748,0.1693035119363504,0.4130726456642151,0.4029847281457565,0.12970542537371524,0.023736166500279637,131072,4194304,E11 energy-weighted P_N capture; frozen E20 construction
llama31_8b,E20_nar_g128_m1,qkv,17,1,128,1,32,0.12672651813018554,0.16924486316549903,0.4130726456642151,0.40298472814863173,0.12966049385585174,0.023152026655164155,131072,4194304,E11 energy-weighted P_N capture; frozen E20 construction
llama31_8b,E20_nar_g128_m1,qkv,17,2,128,1,32,0.12674911797865196,0.16927478889879843,0.4130726456642151,0.40298472823052056,0.12968342031451066,0.02315047538518508,131072,4194304,E11 energy-weighted P_N capture; frozen E20 construction
llama31_8b,E20_nar_g256_m1,qkv,17,0,256,1,16,0.1443412397594095,0.18412074056868377,0.32787105441093445,0.3186188243425863,0.15094857326057295,0.04577578460720363,131072,2097152,E11 energy-weighted P_N capture; frozen E20 construction
llama31_8b,E20_nar_g256_m1,qkv,17,1,256,1,16,0.14438334956882137,0.18403899312942684,0.32787105441093445,0.3186188243315212,0.15088155387272223,0.04500660445478473,131072,2097152,E11 energy-weighted P_N capture; frozen E20 construction
llama31_8b,E20_nar_g256_m1,qkv,17,2,256,1,16,0.14438767364053184,0.1840802535664885,0.32787105441093445,0.3186188242726367,0.15091538061102083,0.04520958615027205,131072,2097152,E11 energy-weighted P_N capture; frozen E20 construction
llama31_8b,E20_nar_g256_m2,qkv,17,0,256,2,32,0.13787413774042,0.18412074056868377,0.4130726456642151,0.4029847666663984,0.14105707969343734,0.02308585210527265,131072,2097152,E11 energy-weighted P_N capture; frozen E20 construction
llama31_8b,E20_nar_g256_m2,qkv,17,1,256,2,32,0.13790120546159912,0.18403899312942684,0.4130726456642151,0.4029847666734315,0.14099445201217564,0.022430888404654944,131072,2097152,E11 energy-weighted P_N capture; frozen E20 construction
llama31_8b,E20_nar_g256_m2,qkv,17,2,256,2,32,0.1379330795134308,0.1840802535664885,0.4130726456642151,0.40298476654839216,0.14102606212161153,0.022423791443585892,131072,2097152,E11 energy-weighted P_N capture; frozen E20 construction
llama31_8b,E20_nar_g256_m3,qkv,17,0,256,3,48,0.13375515236399238,0.18412074056868377,0.4586911201477051,0.44770562062717284,0.13546443463243618,0.01277918822739833,131072,2097152,E11 energy-weighted P_N capture; frozen E20 construction
llama31_8b,E20_nar_g256_m3,qkv,17,1,256,3,48,0.13371925323604117,0.18403899312942684,0.4586911201477051,0.447705620543312,0.1354042900196816,0.012601302676032785,131072,2097152,E11 energy-weighted P_N capture; frozen E20 construction
llama31_8b,E20_nar_g256_m3,qkv,17,2,256,3,48,0.13371919669218357,0.1840802535664885,0.4586911201477051,0.4477056205501813,0.135434646848369,0.012828750086902877,131072,2097152,E11 energy-weighted P_N capture; frozen E20 construction
llama31_8b,E20_nar_g128_m2,qkv,17,0,128,2,64,0.1205459481960327,0.1693035119363504,0.4868059456348419,0.4735688543736768,0.12128491133712412,0.006130136700154404,131072,4194304,E11 energy-weighted P_N capture; frozen E20 construction
llama31_8b,E20_nar_g128_m2,qkv,17,1,128,2,64,0.12057947096490107,0.16924486316549903,0.4868059754371643,0.473568854328798,0.12124289326607941,0.005501950670951738,131072,4194304,E11 energy-weighted P_N capture; frozen E20 construction
llama31_8b,E20_nar_g128_m2,qkv,17,2,128,2,64,0.12053418743743638,0.16927478889879843,0.4868059754371643,0.4735688542798226,0.1212643313317345,0.006057566818352739,131072,4194304,E11 energy-weighted P_N capture; frozen E20 construction
llama31_8b,E20_nar_g128_m2_c32,qkv,17,0,128,2,64,0.1205459481960327,0.1693035119363504,0.4868059456348419,0.4735688543736768,0.12128491133712412,0.006130136700154404,131072,4194304,E11 energy-weighted P_N capture; frozen E20 construction
llama31_8b,E20_nar_g128_m2_c32,qkv,17,1,128,2,64,0.12057947096490107,0.16924486316549903,0.4868059754371643,0.473568854328798,0.12124289326607941,0.005501950670951738,131072,4194304,E11 energy-weighted P_N capture; frozen E20 construction
llama31_8b,E20_nar_g128_m2_c32,qkv,17,2,128,2,64,0.12053418743743638,0.16927478889879843,0.4868059754371643,0.4735688542798226,0.1212643313317345,0.006057566818352739,131072,4194304,E11 energy-weighted P_N capture; frozen E20 construction
llama31_8b,E20_nar_g256_m3_c32,qkv,17,0,256,3,48,0.13375515236399238,0.18412074056868377,0.4586911201477051,0.44770562062717284,0.13546443463243618,0.01277918822739833,131072,2097152,E11 energy-weighted P_N capture; frozen E20 construction
llama31_8b,E20_nar_g256_m3_c32,qkv,17,1,256,3,48,0.13371925323604117,0.18403899312942684,0.4586911201477051,0.447705620543312,0.1354042900196816,0.012601302676032785,131072,2097152,E11 energy-weighted P_N capture; frozen E20 construction
llama31_8b,E20_nar_g256_m3_c32,qkv,17,2,256,3,48,0.13371919669218357,0.1840802535664885,0.4586911201477051,0.4477056205501813,0.135434646848369,0.012828750086902877,131072,2097152,E11 energy-weighted P_N capture; frozen E20 construction
llama31_8b,E11_g64_kmax,down,17,0,64,1,224,0.015094117618407041,0.020107624344299708,0.3208341660241505,0.28905686036590167,0.016570998505519883,0.09784479785103888,131072,29360128,frozen E11 selected eigenvalue fractions
llama31_8b,E11_g64_kmax,down,17,1,64,1,224,0.015093577925645014,0.020109772184576213,0.3208341660241505,0.2890568603431683,0.016572768573301273,0.09800132579187955,131072,29360128,frozen E11 selected eigenvalue fractions
llama31_8b,E11_g64_kmax,down,17,2,64,1,224,0.015092549357981155,0.020110874341186826,0.3208341660241505,0.28905686034846584,0.016573676877297536,0.09813633761834537,131072,29360128,frozen E11 selected eigenvalue fractions
llama31_8b,E11_g128_k8,down,17,0,128,1,8,0.018873592354890674,0.02223070006981371,0.09795921504693508,0.09474020835385477,0.02111379139742055,0.11869489392406948,131072,14680064,frozen E11 selected eigenvalue fractions
llama31_8b,E11_g128_k8,down,17,1,128,1,8,0.018873366842540675,0.02223695963366084,0.09795921504693508,0.0947402083607663,0.021119736469995508,0.11902325887035178,131072,14680064,frozen E11 selected eigenvalue fractions
llama31_8b,E11_g128_k8,down,17,2,128,1,8,0.018871386153493135,0.02223683845644331,0.09795921504693508,0.09474020836436095,0.02111962138093016,0.11913460988772528,131072,14680064,frozen E11 selected eigenvalue fractions
llama31_8b,E11_g128_k16,down,17,0,128,1,16,0.018627545042083988,0.02223070006981371,0.12816732743329112,0.11739491725942562,0.020757244914170487,0.11433067896359977,131072,14680064,frozen E11 selected eigenvalue fractions
llama31_8b,E11_g128_k16,down,17,1,128,1,16,0.018629217125666977,0.02223695963366084,0.12816732743329112,0.11739491717680363,0.020763089592899575,0.11454439834149498,131072,14680064,frozen E11 selected eigenvalue fractions
llama31_8b,E11_g128_k16,down,17,2,128,1,16,0.018630318293345733,0.02223683845644331,0.12816732743329112,0.11739491718569091,0.02076297644733176,0.11447244864022307,131072,14680064,frozen E11 selected eigenvalue fractions
llama31_8b,E11_g128_k32,down,17,0,128,1,32,0.018292572690737887,0.02223070006981371,0.16768681779625091,0.15024287884569235,0.02028133440383196,0.10871962881968185,131072,14680064,frozen E11 selected eigenvalue fractions
llama31_8b,E11_g128_k32,down,17,1,128,1,32,0.01829255671964271,0.02223695963366084,0.16768681779625091,0.15024287879986967,0.02028704507903369,0.10903278256610671,131072,14680064,frozen E11 selected eigenvalue fractions
llama31_8b,E11_g128_k32,down,17,2,128,1,32,0.01829334284954414,0.02223683845644331,0.16768681779625091,0.15024287885301432,0.020286934527604217,0.1089790802291641,131072,14680064,frozen E11 selected eigenvalue fractions
llama31_8b,E11_g128_kmax,down,17,0,128,1,112,0.017556976833733806,0.02223070006981371,0.2545265625771367,0.22787630779581908,0.019194165096398104,0.09325000984899746,131072,14680064,saved factor eigenvalue sum / calibration trace
llama31_8b,E11_g128_kmax,down,17,1,128,1,112,0.017555537461069668,0.02223695963366084,0.2545265625771367,0.22787630783132778,0.01919956965412845,0.09364749992442607,131072,14680064,saved factor eigenvalue sum / calibration trace
llama31_8b,E11_g128_kmax,down,17,2,128,1,112,0.01755716917001049,0.02223683845644331,0.2545265625771367,0.2278763078333889,0.019199465028745,0.09353990058600818,131072,14680064,saved factor eigenvalue sum / calibration trace
llama31_8b,E11_g256_kmax,down,17,0,256,1,56,0.019923827490989483,0.024200447832200593,0.20714255215711083,0.1830179142504846,0.021548694186914165,0.0815539432199724,131072,7340032,frozen E11 selected eigenvalue fractions
llama31_8b,E11_g256_kmax,down,17,1,256,1,56,0.01992359277427377,0.024209042406030994,0.20714255215711083,0.18301791427596706,0.021556347014019775,0.08195079362665399,131072,7340032,frozen E11 selected eigenvalue fractions
llama31_8b,E11_g256_kmax,down,17,2,256,1,56,0.019923036584058997,0.024208034683072453,0.20714255215711083,0.18301791427098435,0.021555449711870272,0.08193595995890586,131072,7340032,frozen E11 selected eigenvalue fractions
llama31_8b,E20_hadamard_g64_m1,down,17,0,64,1,0,0.020107268548422232,0.020107268548422232,0.0058386316522955894,0.018130357350013032,0.020048483148939467,-0.0029235895139709442,131072,29360128,E11 energy-weighted P_N capture; frozen E20 construction
llama31_8b,E20_hadamard_g64_m1,down,17,1,64,1,0,0.020110018430731205,0.020110018430731205,0.0058386316522955894,0.01813035734808566,0.020051224991721357,-0.002923589513970899,131072,29360128,E11 energy-weighted P_N capture; frozen E20 construction
llama31_8b,E20_hadamard_g64_m1,down,17,2,64,1,0,0.0201052447889623,0.0201052447889623,0.0058386316522955894,0.018130357347857427,0.02004646530612147,-0.0029235895139708974,131072,29360128,E11 energy-weighted P_N capture; frozen E20 construction
llama31_8b,E20_hadamard_g128_m1,down,17,0,128,1,0,0.022232146350635546,0.022232146350635546,0.0036419122479856014,0.009834494874779066,0.022191625660737888,-0.0018226170905221767,131072,14680064,E11 energy-weighted P_N capture; frozen E20 construction
llama31_8b,E20_hadamard_g128_m1,down,17,1,128,1,0,0.022235431114171828,0.022235431114171828,0.0036419122479856014,0.009834494877441603,0.02219490443740801,-0.0018226170905221552,131072,14680064,E11 energy-weighted P_N capture; frozen E20 construction
llama31_8b,E20_hadamard_g128_m1,down,17,2,128,1,0,0.022228584472602324,0.022228584472602324,0.003641912480816245,0.009834494877854361,0.022188070272051972,-0.0018226172071500106,131072,14680064,E11 energy-weighted P_N capture; frozen E20 construction
llama31_8b,E20_hadamard_g256_m1,down,17,0,256,1,0,0.024202598935142587,0.024202598935142587,0.0014193570241332054,0.0043124898857802895,0.02418541677167109,-0.0007099305127330339,131072,7340032,E11 energy-weighted P_N capture; frozen E20 construction
llama31_8b,E20_hadamard_g256_m1,down,17,1,256,1,0,0.024206219204874202,0.024206219204874202,0.0014193570241332054,0.004312489886599398,0.024189034471262756,-0.0007099305127330872,131072,7340032,E11 energy-weighted P_N capture; frozen E20 construction
llama31_8b,E20_hadamard_g256_m1,down,17,2,256,1,0,0.024196447637717,0.024196447637717,0.0014193570241332054,0.004312489884911378,0.024179269841239238,-0.0007099305127330316,131072,7340032,E11 energy-weighted P_N capture; frozen E20 construction
llama31_8b,E20_hadamard_g256_m2,down,17,0,256,2,0,0.024137989705791237,0.024202598935142587,0.003641912480816245,0.009834495207032164,0.024158486861865645,0.0008491658304705638,131072,7340032,E11 energy-weighted P_N capture; frozen E20 construction
llama31_8b,E20_hadamard_g256_m2,down,17,1,256,2,0,0.02414183667666541,0.024206219204874202,0.0036419122479856014,0.009834495208005414,0.024162100536054474,0.0008393669322040107,131072,7340032,E11 energy-weighted P_N capture; frozen E20 construction
llama31_8b,E20_hadamard_g256_m2,down,17,2,256,2,0,0.02413222381210302,0.024196447637717,0.0036419122479856014,0.00983449522199718,0.024152346778722574,0.0008338629202278653,131072,7340032,E11 energy-weighted P_N capture; frozen E20 construction
llama31_8b,E20_hadamard_g256_m3,down,17,0,256,3,0,0.02408041883010232,0.024202598935142587,0.0047796331346035,0.014416752484981844,0.024144689884350066,0.0026690172916512037,131072,7340032,E11 energy-weighted P_N capture; frozen E20 construction
llama31_8b,E20_hadamard_g256_m3,down,17,1,256,3,0,0.024084274029100454,0.024206219204874202,0.0047796331346035,0.014416752488241568,0.024148301491938234,0.002658475931656353,131072,7340032,E11 energy-weighted P_N capture; frozen E20 construction
llama31_8b,E20_hadamard_g256_m3,down,17,2,256,3,0,0.0240735878602582,0.024196447637717,0.0047796331346035,0.014416752496391098,0.0241385533050048,0.002698619130796403,131072,7340032,E11 energy-weighted P_N capture; frozen E20 construction
llama31_8b,E20_hadamard_g128_m2,down,17,0,128,2,0,0.022135204589831124,0.022232146350635546,0.0058386316522955894,0.018130356727933946,0.02216714868069176,0.001443135107742015,131072,14680064,E11 energy-weighted P_N capture; frozen E20 construction
llama31_8b,E20_hadamard_g128_m2,down,17,1,128,2,0,0.02213845449007947,0.022235431114171828,0.005838630720973015,0.018130356727363846,0.022170423851312352,0.0014440647267048167,131072,14680064,E11 energy-weighted P_N capture; frozen E20 construction
llama31_8b,E20_hadamard_g128_m2,down,17,2,128,2,0,0.022131369313195672,0.022228584472602324,0.005838630720973015,0.01813035672635674,0.02216359722650915,0.0014562096387890704,131072,14680064,E11 energy-weighted P_N capture; frozen E20 construction
llama31_8b,E20_nar_g64_m1,down,17,0,64,1,224,0.014944713884201448,0.020107268548422232,0.3208341598510742,0.2890568738064818,0.01657070536404265,0.10880044224600977,131072,29360128,E11 energy-weighted P_N capture; frozen E20 construction
llama31_8b,E20_nar_g64_m1,down,17,1,64,1,224,0.014944177247763424,0.020110018430731205,0.3208341598510742,0.28905687381961487,0.016572971583813774,0.10899190427456412,131072,29360128,E11 energy-weighted P_N capture; frozen E20 construction
llama31_8b,E20_nar_g64_m1,down,17,2,64,1,224,0.014944265437250526,0.0201052447889623,0.3208341598510742,0.28905687380508416,0.016569037553138474,0.1087221130212257,131072,29360128,E11 energy-weighted P_N capture; frozen E20 construction
llama31_8b,E20_nar_g128_m1,down,17,0,128,1,112,0.017243646276798703,0.022232146350635546,0.2622622847557068,0.2348293001504242,0.019095559418153787,0.10739684122648874,131072,14680064,E11 energy-weighted P_N capture; frozen E20 construction
llama31_8b,E20_nar_g128_m1,down,17,1,128,1,112,0.01724181169270473,0.022235431114171828,0.2622622847557068,0.2348293001436069,0.019098380756062076,0.10767830529914026,131072,14680064,E11 energy-weighted P_N capture; frozen E20 construction
llama31_8b,E20_nar_g128_m1,down,17,2,128,1,112,0.017242316549352217,0.022228584472602324,0.2622622847557068,0.23482930017116901,0.019092500062005673,0.1073048106591551,131072,14680064,E11 energy-weighted P_N capture; frozen E20 construction
llama31_8b,E20_nar_g256_m1,down,17,0,256,1,56,0.01963321717445846,0.024202598935142587,0.20714253187179565,0.1830179335671339,0.02155060985936497,0.09766064664129084,131072,7340032,E11 energy-weighted P_N capture; frozen E20 construction
llama31_8b,E20_nar_g256_m1,down,17,1,256,1,56,0.019630414975863455,0.024206219204874202,0.20714253187179565,0.183017933605366,0.021553833439641647,0.09798154884362499,131072,7340032,E11 energy-weighted P_N capture; frozen E20 construction
llama31_8b,E20_nar_g256_m1,down,17,2,256,1,56,0.019630219594893257,0.024196447637717,0.20714253187179565,0.18301793360327992,0.021545132587634647,0.09754923950211689,131072,7340032,E11 energy-weighted P_N capture; frozen E20 construction
llama31_8b,E20_nar_g256_m2,down,17,0,256,2,112,0.019078666255518493,0.024202598935142587,0.2622622847557068,0.23482932204593582,0.020788013840442765,0.08959471076390596,131072,7340032,E11 energy-weighted P_N capture; frozen E20 construction
llama31_8b,E20_nar_g256_m2,down,17,1,256,2,112,0.019078689792083,0.024206219204874202,0.2622623145580292,0.23482932194253925,0.020791122930241025,0.08975632796695646,131072,7340032,E11 energy-weighted P_N capture; frozen E20 construction
llama31_8b,E20_nar_g256_m2,down,17,2,256,2,112,0.01907901814147677,0.024196447637717,0.2622622847557068,0.23482932215927207,0.020782730389010032,0.08929769000164013,131072,7340032,E11 energy-weighted P_N capture; frozen E20 construction
llama31_8b,E20_nar_g256_m3,down,17,0,256,3,168,0.01876160237709623,0.024202598935142587,0.2967785596847534,0.26706998565439793,0.020295887913534476,0.08177795827883379,131072,7340032,E11 energy-weighted P_N capture; frozen E20 construction
llama31_8b,E20_nar_g256_m3,down,17,1,256,3,168,0.018760770079272238,0.024206219204874202,0.2967785596847534,0.2670699857465006,0.020298923810170472,0.08198777152530949,131072,7340032,E11 energy-weighted P_N capture; frozen E20 construction
llama31_8b,E20_nar_g256_m3,down,17,2,256,3,168,0.018761790727318445,0.024196447637717,0.2967785596847534,0.26706998545367944,0.02029072954011321,0.08149215791904804,131072,7340032,E11 energy-weighted P_N capture; frozen E20 construction
llama31_8b,E20_nar_g128_m2,down,17,0,128,2,224,0.016773533928571265,0.022232146350635546,0.3208341598510742,0.2890568453070706,0.018321849429696172,0.09230705394094549,131072,14680064,E11 energy-weighted P_N capture; frozen E20 construction
llama31_8b,E20_nar_g128_m2,down,17,1,128,2,224,0.016772768852316884,0.022235431114171828,0.3208341598510742,0.28905684512039215,0.018324556453209545,0.09251827259744934,131072,14680064,E11 energy-weighted P_N capture; frozen E20 construction
llama31_8b,E20_nar_g128_m2,down,17,2,128,2,224,0.016773217669450946,0.022228584472602324,0.3208341598510742,0.289056845272778,0.01831891403191755,0.09215264434812533,131072,14680064,E11 energy-weighted P_N capture; frozen E20 construction
llama31_8b,E20_nar_g128_m2_c32,down,17,0,128,2,224,0.016773533928571265,0.022232146350635546,0.3208341598510742,0.2890568453070706,0.018321849429696172,0.09230705394094549,131072,14680064,E11 energy-weighted P_N capture; frozen E20 construction
llama31_8b,E20_nar_g128_m2_c32,down,17,1,128,2,224,0.016772768852316884,0.022235431114171828,0.3208341598510742,0.28905684512039215,0.018324556453209545,0.09251827259744934,131072,14680064,E11 energy-weighted P_N capture; frozen E20 construction
llama31_8b,E20_nar_g128_m2_c32,down,17,2,128,2,224,0.016773217669450946,0.022228584472602324,0.3208341598510742,0.289056845272778,0.01831891403191755,0.09215264434812533,131072,14680064,E11 energy-weighted P_N capture; frozen E20 construction
llama31_8b,E20_nar_g256_m3_c32,down,17,0,256,3,168,0.01876160237709623,0.024202598935142587,0.2967785596847534,0.26706998565439793,0.020295887913534476,0.08177795827883379,131072,7340032,E11 energy-weighted P_N capture; frozen E20 construction
llama31_8b,E20_nar_g256_m3_c32,down,17,1,256,3,168,0.018760770079272238,0.024206219204874202,0.2967785596847534,0.2670699857465006,0.020298923810170472,0.08198777152530949,131072,7340032,E11 energy-weighted P_N capture; frozen E20 construction
llama31_8b,E20_nar_g256_m3_c32,down,17,2,256,3,168,0.018761790727318445,0.024196447637717,0.2967785596847534,0.26706998545367944,0.02029072954011321,0.08149215791904804,131072,7340032,E11 energy-weighted P_N capture; frozen E20 construction
llama31_8b,E11_g64_kmax,qkv,18,0,64,1,64,0.11506126809248496,0.15648787193555957,0.47386589903487863,0.4577475375716125,0.1135086373912582,-0.013493947415726109,131072,8388608,frozen E11 selected eigenvalue fractions
llama31_8b,E11_g64_kmax,qkv,18,1,64,1,64,0.11507282829431364,0.15647939068465977,0.47386589903487863,0.45774753744248253,0.11350248550727446,-0.013646512476627683,131072,8388608,frozen E11 selected eigenvalue fractions
llama31_8b,E11_g64_kmax,qkv,18,2,64,1,64,0.11506649490922438,0.15646228836116993,0.47386589903487863,0.4577475375149708,0.11349008031950146,-0.013700031368527826,131072,8388608,frozen E11 selected eigenvalue fractions
llama31_8b,E11_g128_k8,qkv,18,0,128,1,8,0.1469296394131927,0.17322979866800026,0.24706793579681274,0.2424307731066874,0.15031436855373484,0.023036394522303744,131072,4194304,frozen E11 selected eigenvalue fractions
llama31_8b,E11_g128_k8,qkv,18,1,128,1,8,0.1469482085533329,0.1731564831506045,0.24706793579681274,0.24243077307184782,0.15025075146367717,0.02247419647273651,131072,4194304,frozen E11 selected eigenvalue fractions
llama31_8b,E11_g128_k8,qkv,18,2,128,1,8,0.14694224090763086,0.17315103698613932,0.24706793579681274,0.24243077316362485,0.1502460257364702,0.022483560944984646,131072,4194304,frozen E11 selected eigenvalue fractions
llama31_8b,E11_g128_k16,qkv,18,0,128,1,16,0.14183346377439676,0.17322979866800026,0.31596395391927024,0.30825192897307785,0.14327225440863978,0.010144225459596649,131072,4194304,frozen E11 selected eigenvalue fractions
llama31_8b,E11_g128_k16,qkv,18,1,128,1,16,0.1418517669561412,0.1731564831506045,0.31596395391927024,0.30825192902867254,0.14321161773099428,0.009586421121377467,131072,4194304,frozen E11 selected eigenvalue fractions
llama31_8b,E11_g128_k16,qkv,18,2,128,1,16,0.1418917435747442,0.17315103698613932,0.31596395391927024,0.3082519290857914,0.14320711340052222,0.009270235128833383,131072,4194304,frozen E11 selected eigenvalue fractions
llama31_8b,E11_g128_k32,qkv,18,0,128,1,32,0.13463115057498243,0.17322979866800026,0.3987831102743204,0.3882512239933361,0.13431922796126022,-0.002316868067977179,131072,4194304,frozen E11 selected eigenvalue fractions
llama31_8b,E11_g128_k32,qkv,18,1,128,1,32,0.1346385546279132,0.1731564831506045,0.3987831102743204,0.3882512239803055,0.13426238044559088,-0.0027939558870183744,131072,4194304,frozen E11 selected eigenvalue fractions
llama31_8b,E11_g128_k32,qkv,18,2,128,1,32,0.1346405145807923,0.17315103698613932,0.3987831102743204,0.3882512240106309,0.13425815758894646,-0.0028398360852697957,131072,4194304,frozen E11 selected eigenvalue fractions
llama31_8b,E11_g128_kmax,qkv,18,0,128,1,32,0.13496357548521143,0.17322979866800026,0.395468047462647,0.3849970389437998,0.13468903174285535,-0.0020342062024443362,131072,4194304,saved factor eigenvalue sum / calibration trace
llama31_8b,E11_g128_kmax,qkv,18,1,128,1,32,0.13495934241716512,0.1731564831506045,0.395468047462647,0.384997038855061,0.13463202771626354,-0.002425283756124405,131072,4194304,saved factor eigenvalue sum / calibration trace
llama31_8b,E11_g128_kmax,qkv,18,2,128,1,32,0.13494466650332626,0.17315103698613932,0.395468047462647,0.3849970389199251,0.13462779323337337,-0.002348171870468686,131072,4194304,saved factor eigenvalue sum / calibration trace
llama31_8b,E11_g256_kmax,qkv,18,0,256,1,16,0.1552285561493889,0.18846700805653072,0.31596395391927024,0.3068058483866858,0.15587441267919902,0.004160681164801617,131072,2097152,frozen E11 selected eigenvalue fractions
llama31_8b,E11_g256_kmax,qkv,18,1,256,1,16,0.1552265225700431,0.18836671876534794,0.31596395391927024,0.30680584843933084,0.15579146694497034,0.0036394835468424483,131072,2097152,frozen E11 selected eigenvalue fractions
llama31_8b,E11_g256_kmax,qkv,18,2,256,1,16,0.1552265964983448,0.1883351112675733,0.31596395391927024,0.3068058484584763,0.1557653254987688,0.003470597259598657,131072,2097152,frozen E11 selected eigenvalue fractions
llama31_8b,E20_hadamard_g64_m1,qkv,18,0,64,1,0,0.15643584828611967,0.15643584828611967,0.005041040945798159,0.013970691007553422,0.1560410503510546,-0.0025237050164039227,131072,8388608,E11 energy-weighted P_N capture; frozen E20 construction
llama31_8b,E20_hadamard_g64_m1,qkv,18,1,64,1,0,0.15646374458278522,0.15646374458278522,0.005041040480136871,0.013970691008949205,0.15606887628221802,-0.00252370478298426,131072,8388608,E11 energy-weighted P_N capture; frozen E20 construction
llama31_8b,E20_hadamard_g64_m1,qkv,18,2,64,1,0,0.15656978001092714,0.15656978001092714,0.005041040480136871,0.013970691009383323,0.15617464410824278,-0.0025237047829842116,131072,8388608,E11 energy-weighted P_N capture; frozen E20 construction
llama31_8b,E20_hadamard_g128_m1,qkv,18,0,128,1,0,0.1730969314386801,0.1730969314386801,0.0012239250354468822,0.005328328011208752,0.17299097017261847,-0.0006121498814620505,131072,4194304,E11 energy-weighted P_N capture; frozen E20 construction
llama31_8b,E20_hadamard_g128_m1,qkv,18,1,128,1,0,0.17314898383669508,0.17314898383669508,0.0012239248026162386,0.0053283280116693255,0.17304299072693372,-0.000612149764975418,131072,4194304,E11 energy-weighted P_N capture; frozen E20 construction
llama31_8b,E20_hadamard_g128_m1,qkv,18,2,128,1,0,0.1733119841009767,0.1733119841009767,0.0012239248026162386,0.005328328011548263,0.17320589121064187,-0.0006121497649754148,131072,4194304,E11 energy-weighted P_N capture; frozen E20 construction
llama31_8b,E20_hadamard_g256_m1,qkv,18,0,256,1,0,0.1882858415218429,0.1882858415218429,0.0007357279537245631,0.002883950438287181,0.18821656519891744,-0.00036793166371691546,131072,2097152,E11 energy-weighted P_N capture; frozen E20 construction
llama31_8b,E20_hadamard_g256_m1,qkv,18,1,256,1,0,0.1883502416835583,0.1883502416835583,0.0007357278373092413,0.002883950438347448,0.18828094167674164,-0.00036793160548783164,131072,2097152,E11 energy-weighted P_N capture; frozen E20 construction
llama31_8b,E20_hadamard_g256_m1,qkv,18,2,256,1,0,0.18857836056729482,0.18857836056729482,0.0007357278373092413,0.002883950438673161,0.18850897662833105,-0.0003679316054877577,131072,2097152,E11 energy-weighted P_N capture; frozen E20 construction
llama31_8b,E20_hadamard_g256_m2,qkv,18,0,256,2,0,0.18803805419467068,0.1882858415218429,0.0012239250354468822,0.00532832818639527,0.18817058236627432,0.0007047944213804618,131072,2097152,E11 energy-weighted P_N capture; frozen E20 construction
llama31_8b,E20_hadamard_g256_m2,qkv,18,1,256,2,0,0.18811291860947676,0.1883502416835583,0.0012239249190315604,0.0053283281865617645,0.18823494311640848,0.0006486769108348193,131072,2097152,E11 energy-weighted P_N capture; frozen E20 construction
llama31_8b,E20_hadamard_g256_m2,qkv,18,2,256,2,0,0.18833845036256847,0.18857836056729482,0.0012239250354468822,0.00532832818654168,0.18846292234622725,0.0006608952310012144,131072,2097152,E11 energy-weighted P_N capture; frozen E20 construction
llama31_8b,E20_hadamard_g256_m3,qkv,18,0,256,3,0,0.187546155602341,0.1882858415218429,0.003688271390274167,0.010314189005874908,0.18793829612413432,0.00209090141322215,131072,2097152,E11 energy-weighted P_N capture; frozen E20 construction
llama31_8b,E20_hadamard_g256_m3,qkv,18,1,256,3,0,0.18761572773545154,0.1883502416835583,0.0036882711574435234,0.010314189006072288,0.1880025774354705,0.0020619257494469407,131072,2097152,E11 energy-weighted P_N capture; frozen E20 construction
llama31_8b,E20_hadamard_g256_m3,qkv,18,2,256,3,0,0.18784053666725598,0.18857836056729482,0.0036882711574435234,0.01031418900644367,0.18823027524844288,0.0020748374557579895,131072,2097152,E11 energy-weighted P_N capture; frozen E20 construction
llama31_8b,E20_hadamard_g128_m2,qkv,18,0,128,2,0,0.17231667723458344,0.1730969314386801,0.005041040945798159,0.013970690525422094,0.17266008584448417,0.0019928924780346765,131072,4194304,E11 energy-weighted P_N capture; frozen E20 construction
llama31_8b,E20_hadamard_g128_m2,qkv,18,1,128,2,0,0.1723589241658452,0.17314898383669508,0.005041040480136871,0.013970690532246963,0.17271200691801755,0.002048531887055744,131072,4194304,E11 energy-weighted P_N capture; frozen E20 construction
llama31_8b,E20_hadamard_g128_m2,qkv,18,2,128,2,0,0.17252826970818802,0.1733119841009767,0.005041040480136871,0.013970690529895689,0.17287459581775258,0.002007358620997771,131072,4194304,E11 energy-weighted P_N capture; frozen E20 construction
llama31_8b,E20_nar_g64_m1,qkv,18,0,64,1,64,0.11282603804976388,0.15643584828611967,0.47386592626571655,0.4577475348118103,0.11347089904769159,0.005715533480341503,131072,8388608,E11 energy-weighted P_N capture; frozen E20 construction
llama31_8b,E20_nar_g64_m1,qkv,18,1,64,1,64,0.11282320450758654,0.15646374458278522,0.47386592626571655,0.4577475347899772,0.1134911336543845,0.0059201398303931965,131072,8388608,E11 energy-weighted P_N capture; frozen E20 construction
llama31_8b,E20_nar_g64_m1,qkv,18,2,64,1,64,0.11281643250497675,0.15656978001092714,0.47386592626571655,0.4577475347742081,0.11356804655826164,0.0066622746048252465,131072,8388608,E11 energy-weighted P_N capture; frozen E20 construction
llama31_8b,E20_nar_g128_m1,qkv,18,0,128,1,32,0.13092795333173513,0.1730969314386801,0.3987831473350525,0.38825122094396514,0.13421620099703824,0.025114939794190508,131072,4194304,E11 energy-weighted P_N capture; frozen E20 construction
llama31_8b,E20_nar_g128_m1,qkv,18,1,128,1,32,0.1309811491850068,0.17314898383669508,0.3987831473350525,0.38825122091358544,0.1342565614763159,0.025006745716383012,131072,4194304,E11 energy-weighted P_N capture; frozen E20 construction
llama31_8b,E20_nar_g128_m1,qkv,18,2,128,1,32,0.13096061832819395,0.1733119841009767,0.3987831473350525,0.3882512209478496,0.13438294890589977,0.02613251694589052,131072,4194304,E11 energy-weighted P_N capture; frozen E20 construction
llama31_8b,E20_nar_g256_m1,qkv,18,0,256,1,16,0.14887229430901527,0.1882858415218429,0.3159639835357666,0.3068058378904448,0.155724572859281,0.04602789647375499,131072,2097152,E11 energy-weighted P_N capture; frozen E20 construction
llama31_8b,E20_nar_g256_m1,qkv,18,1,256,1,16,0.1488630801508073,0.1883502416835583,0.3159639835357666,0.3068058380493847,0.15577783595965086,0.046450441585909046,131072,2097152,E11 energy-weighted P_N capture; frozen E20 construction
llama31_8b,E20_nar_g256_m1,qkv,18,2,256,1,16,0.14881604013741345,0.18857836056729482,0.3159639835357666,0.3068058378917341,0.15596650503558285,0.04804902006239928,131072,2097152,E11 energy-weighted P_N capture; frozen E20 construction
llama31_8b,E20_nar_g256_m2,qkv,18,0,256,2,32,0.14249420614796016,0.1882858415218429,0.3987831473350525,0.38825125802085575,0.14599340462337693,0.024556777219302137,131072,2097152,E11 energy-weighted P_N capture; frozen E20 construction
llama31_8b,E20_nar_g256_m2,qkv,18,1,256,2,32,0.14251202125030638,0.1883502416835583,0.3987831473350525,0.3882512578446085,0.14604333933323685,0.024779089174015077,131072,2097152,E11 energy-weighted P_N capture; frozen E20 construction
llama31_8b,E20_nar_g256_m2,qkv,18,2,256,2,32,0.14249982372696124,0.18857836056729482,0.3987831473350525,0.38825125801556243,0.14622021855169745,0.026108066153574517,131072,2097152,E11 energy-weighted P_N capture; frozen E20 construction
llama31_8b,E20_nar_g256_m3,qkv,18,0,256,3,48,0.13845039238310974,0.1882858415218429,0.4445803761482239,0.43186934410638544,0.14032281024348967,0.013524106563733705,131072,2097152,E11 energy-weighted P_N capture; frozen E20 construction
llama31_8b,E20_nar_g256_m3,qkv,18,1,256,3,48,0.13844341179070874,0.1883502416835583,0.44458043575286865,0.4318693442470824,0.14037079788528545,0.013921833257695417,131072,2097152,E11 energy-weighted P_N capture; frozen E20 construction
llama31_8b,E20_nar_g256_m3,qkv,18,2,256,3,48,0.13843734999818835,0.18857836056729482,0.4445803761482239,0.4318693442402596,0.14054081439173463,0.01519434165399587,131072,2097152,E11 energy-weighted P_N capture; frozen E20 construction
llama31_8b,E20_nar_g128_m2,qkv,18,0,128,2,64,0.12477268414014109,0.1730969314386801,0.4738658666610718,0.45774748883004096,0.125556039491601,0.0062782599962349145,131072,4194304,E11 energy-weighted P_N capture; frozen E20 construction
llama31_8b,E20_nar_g128_m2,qkv,18,1,128,2,64,0.12479983865619726,0.17314898383669508,0.47386592626571655,0.4577474890239783,0.1255937886385808,0.006361786929634993,131072,4194304,E11 energy-weighted P_N capture; frozen E20 construction
llama31_8b,E20_nar_g128_m2,qkv,18,2,128,2,64,0.12474918552430303,0.1733119841009767,0.4738658666610718,0.4577474891069717,0.12571202816416535,0.007718227865100931,131072,4194304,E11 energy-weighted P_N capture; frozen E20 construction
llama31_8b,E20_nar_g128_m2_c32,qkv,18,0,128,2,64,0.12477268414014109,0.1730969314386801,0.4738658666610718,0.45774748883004096,0.125556039491601,0.0062782599962349145,131072,4194304,E11 energy-weighted P_N capture; frozen E20 construction
llama31_8b,E20_nar_g128_m2_c32,qkv,18,1,128,2,64,0.12479983865619726,0.17314898383669508,0.47386592626571655,0.4577474890239783,0.1255937886385808,0.006361786929634993,131072,4194304,E11 energy-weighted P_N capture; frozen E20 construction
llama31_8b,E20_nar_g128_m2_c32,qkv,18,2,128,2,64,0.12474918552430303,0.1733119841009767,0.4738658666610718,0.4577474891069717,0.12571202816416535,0.007718227865100931,131072,4194304,E11 energy-weighted P_N capture; frozen E20 construction
llama31_8b,E20_nar_g256_m3_c32,qkv,18,0,256,3,48,0.13845039238310974,0.1882858415218429,0.4445803761482239,0.43186934410638544,0.14032281024348967,0.013524106563733705,131072,2097152,E11 energy-weighted P_N capture; frozen E20 construction
llama31_8b,E20_nar_g256_m3_c32,qkv,18,1,256,3,48,0.13844341179070874,0.1883502416835583,0.44458043575286865,0.4318693442470824,0.14037079788528545,0.013921833257695417,131072,2097152,E11 energy-weighted P_N capture; frozen E20 construction
llama31_8b,E20_nar_g256_m3_c32,qkv,18,2,256,3,48,0.13843734999818835,0.18857836056729482,0.4445803761482239,0.4318693442402596,0.14054081439173463,0.01519434165399587,131072,2097152,E11 energy-weighted P_N capture; frozen E20 construction
llama31_8b,E11_g64_kmax,down,18,0,64,1,224,0.01508627494116289,0.020037395238061344,0.3131278271110861,0.2767898981328375,0.01660654267501693,0.10077157812535892,131072,29360128,frozen E11 selected eigenvalue fractions
llama31_8b,E11_g64_kmax,down,18,1,64,1,224,0.015086110110689412,0.020040713147586597,0.3131278271110861,0.27678989811558247,0.016609292483835306,0.10096587934000482,131072,29360128,frozen E11 selected eigenvalue fractions
llama31_8b,E11_g64_kmax,down,18,2,64,1,224,0.015086583148431087,0.02003715242410764,0.3131278271110861,0.2767898981015385,0.016606341436271255,0.1007357512889334,131072,29360128,frozen E11 selected eigenvalue fractions
llama31_8b,E11_g128_k8,down,18,0,128,1,8,0.018712652590299226,0.02214987177985041,0.09931932387208517,0.09656412506722337,0.021021158127816533,0.12336602340996024,131072,14680064,frozen E11 selected eigenvalue fractions
llama31_8b,E11_g128_k8,down,18,1,128,1,8,0.0187124975729057,0.02215420447175807,0.09931932387208517,0.09656412509225011,0.02102527003431492,0.12359507074875686,131072,14680064,frozen E11 selected eigenvalue fractions
llama31_8b,E11_g128_k8,down,18,2,128,1,8,0.018713609651201786,0.022149989692105163,0.09931932387208517,0.09656412508830658,0.02102127003149602,0.12331455145779614,131072,14680064,frozen E11 selected eigenvalue fractions
llama31_8b,E11_g128_k16,down,18,0,128,1,16,0.01846483412199995,0.02214987177985041,0.12878111021142347,0.12023973650807263,0.02067449252371999,0.1196684674836769,131072,14680064,frozen E11 selected eigenvalue fractions
llama31_8b,E11_g128_k16,down,18,1,128,1,16,0.018465851670973445,0.02215420447175807,0.12878111021142347,0.12023973653901578,0.020678536619656202,0.11982577289737933,131072,14680064,frozen E11 selected eigenvalue fractions
llama31_8b,E11_g128_k16,down,18,2,128,1,16,0.01846502744806314,0.022149989692105163,0.12878111021142347,0.12023973654335413,0.020674602581965636,0.11966270508491797,131072,14680064,frozen E11 selected eigenvalue fractions
llama31_8b,E11_g128_k32,down,18,0,128,1,32,0.01816655136895373,0.02214987177985041,0.16588789125102515,0.14966363884813472,0.02022941991764276,0.11355311785892548,131072,14680064,frozen E11 selected eigenvalue fractions
llama31_8b,E11_g128_k32,down,18,1,128,1,32,0.018167817031031604,0.02215420447175807,0.16588789125102515,0.1496636388618203,0.020233376953820888,0.11369334682648978,131072,14680064,frozen E11 selected eigenvalue fractions
llama31_8b,E11_g128_k32,down,18,2,128,1,32,0.018166792942202564,0.022149989692105163,0.16588789125102515,0.14966363883978218,0.02022952760659638,0.11354423815785118,131072,14680064,frozen E11 selected eigenvalue fractions
llama31_8b,E11_g128_kmax,down,18,0,128,1,112,0.017507961350488425,0.02214987177985041,0.25012871627061917,0.22033929140866654,0.01918070552744357,0.0955419162442051,131072,14680064,saved factor eigenvalue sum / calibration trace
llama31_8b,E11_g128_kmax,down,18,1,128,1,112,0.017507095888163442,0.02215420447175807,0.25012871627061917,0.2203392913668055,0.019184457426707276,0.09581038164518756,131072,14680064,saved factor eigenvalue sum / calibration trace
llama31_8b,E11_g128_kmax,down,18,2,128,1,112,0.017507597780533932,0.022149989692105163,0.25012871627061917,0.22033929138670738,0.01918080763368865,0.09557049882737771,131072,14680064,saved factor eigenvalue sum / calibration trace
llama31_8b,E11_g256_kmax,down,18,0,256,1,56,0.01986289463546953,0.024101912508813456,0.20358935581231857,0.17925934747207115,0.02150899078585977,0.08287292363977879,131072,7340032,frozen E11 selected eigenvalue fractions
llama31_8b,E11_g256_kmax,down,18,1,256,1,56,0.019862833411377956,0.02410674024554828,0.20358935581231857,0.17925934748264932,0.021513299147070022,0.08309316709803527,131072,7340032,frozen E11 selected eigenvalue fractions
llama31_8b,E11_g256_kmax,down,18,2,256,1,56,0.01986599384830079,0.024102491678789053,0.20358935581231857,0.1792593475052068,0.021509507647816842,0.08273000646562814,131072,7340032,frozen E11 selected eigenvalue fractions
llama31_8b,E20_hadamard_g64_m1,down,18,0,64,1,0,0.020037604294240428,0.020037604294240428,0.004412707407027483,0.015830984934787354,0.019993345372395985,-0.002208793086964226,131072,29360128,E11 energy-weighted P_N capture; frozen E20 construction
llama31_8b,E20_hadamard_g64_m1,down,18,1,64,1,0,0.020038539886879123,0.020038539886879123,0.004412706941366196,0.01583098493411381,0.019994278903180042,-0.0022087928536181746,131072,29360128,E11 energy-weighted P_N capture; frozen E20 construction
llama31_8b,E20_hadamard_g64_m1,down,18,2,64,1,0,0.020036903589794344,0.020036903589794344,0.004412707407027483,0.015830984936219566,0.019992646215661037,-0.0022087930869642346,131072,29360128,E11 energy-weighted P_N capture; frozen E20 construction
llama31_8b,E20_hadamard_g128_m1,down,18,0,128,1,0,0.022150700159593053,0.022150700159593053,0.0026045204140245914,0.007767602497127091,0.022121835377235253,-0.001303109253876079,131072,14680064,E11 energy-weighted P_N capture; frozen E20 construction
llama31_8b,E20_hadamard_g128_m1,down,18,1,128,1,0,0.022152143512614915,0.022152143512614915,0.0026045204140245914,0.007767602498159999,0.022123276849410435,-0.0013031092538760966,131072,14680064,E11 energy-weighted P_N capture; frozen E20 construction
llama31_8b,E20_hadamard_g128_m1,down,18,2,128,1,0,0.022148788067058525,0.022148788067058525,0.002604520646855235,0.007767602497677126,0.02211992577378438,-0.001303109370443249,131072,14680064,E11 energy-weighted P_N capture; frozen E20 construction
llama31_8b,E20_hadamard_g256_m1,down,18,0,256,1,0,0.024103066391778886,0.024103066391778886,0.0008864430710673332,0.003353506210397097,0.02409238102516435,-0.000443319801756916,131072,7340032,E11 energy-weighted P_N capture; frozen E20 construction
llama31_8b,E20_hadamard_g256_m1,down,18,1,256,1,0,0.024105340703497267,0.024105340703497267,0.0008864430710673332,0.0033535062107597677,0.02409465432863531,-0.0004433198017568934,131072,7340032,E11 energy-weighted P_N capture; frozen E20 construction
llama31_8b,E20_hadamard_g256_m1,down,18,2,256,1,0,0.024098114580948553,0.024098114580948553,0.0008864431292749941,0.0033535062118393794,0.02408743140886815,-0.0004433198308737734,131072,7340032,E11 energy-weighted P_N capture; frozen E20 construction
llama31_8b,E20_hadamard_g256_m2,down,18,0,256,2,0,0.024046903420338012,0.024103066391778886,0.002604520646855235,0.0077676027630210346,0.02407165746010734,0.001029406545060287,131072,7340032,E11 energy-weighted P_N capture; frozen E20 construction
llama31_8b,E20_hadamard_g256_m2,down,18,1,256,2,0,0.024050209479433322,0.024105340703497267,0.002604520646855235,0.007767602763418582,0.02407392880814881,0.0009862420839107874,131072,7340032,E11 energy-weighted P_N capture; frozen E20 construction
llama31_8b,E20_hadamard_g256_m2,down,18,2,256,2,0,0.02404321589695067,0.024098114580948553,0.0026045208796858788,0.0077676027626418925,0.024066712099219054,0.0009772487328271204,131072,7340032,E11 energy-weighted P_N capture; frozen E20 construction
llama31_8b,E20_hadamard_g256_m3,down,18,0,256,3,0,0.024003853805917203,0.024103066391778886,0.0034302661661058664,0.01121760447024666,0.024061690912499985,0.002409492536091221,131072,7340032,E11 energy-weighted P_N capture; frozen E20 construction
llama31_8b,E20_hadamard_g256_m3,down,18,1,256,3,0,0.024007733005459997,0.024105340703497267,0.0034302661661058664,0.01121760446992386,0.024063961320120196,0.0023420918021460546,131072,7340032,E11 energy-weighted P_N capture; frozen E20 construction
llama31_8b,E20_hadamard_g256_m3,down,18,2,256,3,0,0.02400017492050553,0.024098114580948553,0.0034302661661058664,0.011217604467133858,0.024056747601980073,0.002357177881491586,131072,7340032,E11 energy-weighted P_N capture; frozen E20 construction
llama31_8b,E20_hadamard_g128_m2,down,18,0,128,2,0,0.022057488163901136,0.022150700159593053,0.004412707407027483,0.015830984397016662,0.022101773846209125,0.002007739139602783,131072,14680064,E11 energy-weighted P_N capture; frozen E20 construction
llama31_8b,E20_hadamard_g128_m2,down,18,1,128,2,0,0.022059175002108283,0.022152143512614915,0.004412706941366196,0.01583098439339012,0.022103214016331925,0.0019964035019185127,131072,14680064,E11 energy-weighted P_N capture; frozen E20 construction
llama31_8b,E20_hadamard_g128_m2,down,18,2,128,2,0,0.022056799484313494,0.022148788067058525,0.004412707407027483,0.015830984395221133,0.02209986597709137,0.0019525268300373184,131072,14680064,E11 energy-weighted P_N capture; frozen E20 construction
llama31_8b,E20_nar_g64_m1,down,18,0,64,1,224,0.014929458707602499,0.020037604294240428,0.3131278455257416,0.27678988087566436,0.01660671571346962,0.11234546668547442,131072,29360128,E11 energy-weighted P_N capture; frozen E20 construction
llama31_8b,E20_nar_g64_m1,down,18,1,64,1,224,0.014928591019799407,0.020038539886879123,0.3131278455257416,0.276789880879638,0.016607491111603367,0.11246205951903156,131072,29360128,E11 energy-weighted P_N capture; frozen E20 construction
llama31_8b,E20_nar_g64_m1,down,18,2,64,1,224,0.014929095395304206,0.020036903589794344,0.3131278455257416,0.2767898809004615,0.016606134985386344,0.11233363748279304,131072,29360128,E11 energy-weighted P_N capture; frozen E20 construction
llama31_8b,E20_nar_g128_m1,down,18,0,128,1,112,0.01721190838781423,0.022150700159593053,0.25722116231918335,0.22697676104580847,0.01909049631301833,0.1091446621069695,131072,14680064,E11 energy-weighted P_N capture; frozen E20 construction
llama31_8b,E20_nar_g128_m1,down,18,1,128,1,112,0.01721013466510116,0.022152143512614915,0.25722116231918335,0.22697676105154582,0.019091740261306358,0.10933125352125987,131072,14680064,E11 energy-weighted P_N capture; frozen E20 construction
llama31_8b,E20_nar_g128_m1,down,18,2,128,1,112,0.017212670553284078,0.022148788067058525,0.25722116231918335,0.22697676101158035,0.019088848383371968,0.1089998105918507,131072,14680064,E11 energy-weighted P_N capture; frozen E20 construction
llama31_8b,E20_nar_g256_m1,down,18,0,256,1,56,0.01958824408809758,0.024103066391778886,0.20358934998512268,0.1792593303150172,0.021510020610970217,0.09810866733278907,131072,7340032,E11 energy-weighted P_N capture; frozen E20 construction
llama31_8b,E20_nar_g256_m1,down,18,1,256,1,56,0.019590418196727338,0.024105340703497267,0.20358934998512268,0.17925933039468303,0.021512050248657925,0.09809040484146503,131072,7340032,E11 energy-weighted P_N capture; frozen E20 construction
llama31_8b,E20_nar_g256_m1,down,18,2,256,1,56,0.019587835790771786,0.024098114580948553,0.20358934998512268,0.17925933040455916,0.021505601523734975,0.09790595313580715,131072,7340032,E11 energy-weighted P_N capture; frozen E20 construction
llama31_8b,E20_nar_g256_m2,down,18,0,256,2,112,0.019058601870961693,0.024103066391778886,0.25722116231918335,0.2269767820283873,0.020773135691849135,0.08996115415474215,131072,7340032,E11 energy-weighted P_N capture; frozen E20 construction
llama31_8b,E20_nar_g256_m2,down,18,1,256,2,112,0.019057050853438895,0.024105340703497267,0.25722116231918335,0.2269767819358309,0.020775095798715355,0.09015271872281508,131072,7340032,E11 energy-weighted P_N capture; frozen E20 construction
llama31_8b,E20_nar_g256_m2,down,18,2,256,2,112,0.019058874025715284,0.024098114580948553,0.25722116231918335,0.22697678207275998,0.020768867992601792,0.08972166795264454,131072,7340032,E11 energy-weighted P_N capture; frozen E20 construction
llama31_8b,E20_nar_g256_m3,down,18,0,256,3,168,0.018755444242652835,0.024103066391778886,0.29030126333236694,0.2561333799398033,0.020305295453397498,0.08263473744972977,131072,7340032,E11 energy-weighted P_N capture; frozen E20 construction
llama31_8b,E20_nar_g256_m3,down,18,1,256,3,168,0.0187573779307921,0.024105340703497267,0.29030129313468933,0.2561333800784824,0.020307210989520146,0.0826252509517251,131072,7340032,E11 energy-weighted P_N capture; frozen E20 construction
llama31_8b,E20_nar_g256_m3,down,18,2,256,3,168,0.01875636016250778,0.024098114580948553,0.29030126333236694,0.25613337997517605,0.020301123868740802,0.08235946062290167,131072,7340032,E11 energy-weighted P_N capture; frozen E20 construction
llama31_8b,E20_nar_g128_m2,down,18,0,128,2,224,0.01677148092530643,0.022150700159593053,0.3131278157234192,0.27678985358891756,0.018358002432987075,0.09459638744761935,131072,14680064,E11 energy-weighted P_N capture; frozen E20 construction
llama31_8b,E20_nar_g128_m2,down,18,1,128,2,224,0.016770770811734788,0.022152143512614915,0.3131278157234192,0.2767898535634342,0.01835919865153078,0.09471406279576271,131072,14680064,E11 energy-weighted P_N capture; frozen E20 construction
llama31_8b,E20_nar_g128_m2,down,18,2,128,2,224,0.0167707277237262,0.022148788067058525,0.3131278157234192,0.27678985361405184,0.018356417733670662,0.09455105562897699,131072,14680064,E11 energy-weighted P_N capture; frozen E20 construction
llama31_8b,E20_nar_g128_m2_c32,down,18,0,128,2,224,0.01677148092530643,0.022150700159593053,0.3131278157234192,0.27678985358891756,0.018358002432987075,0.09459638744761935,131072,14680064,E11 energy-weighted P_N capture; frozen E20 construction
llama31_8b,E20_nar_g128_m2_c32,down,18,1,128,2,224,0.016770770811734788,0.022152143512614915,0.3131278157234192,0.2767898535634342,0.01835919865153078,0.09471406279576271,131072,14680064,E11 energy-weighted P_N capture; frozen E20 construction
llama31_8b,E20_nar_g128_m2_c32,down,18,2,128,2,224,0.0167707277237262,0.022148788067058525,0.3131278157234192,0.27678985361405184,0.018356417733670662,0.09455105562897699,131072,14680064,E11 energy-weighted P_N capture; frozen E20 construction
llama31_8b,E20_nar_g256_m3_c32,down,18,0,256,3,168,0.018755444242652835,0.024103066391778886,0.29030126333236694,0.2561333799398033,0.020305295453397498,0.08263473744972977,131072,7340032,E11 energy-weighted P_N capture; frozen E20 construction
llama31_8b,E20_nar_g256_m3_c32,down,18,1,256,3,168,0.0187573779307921,0.024105340703497267,0.29030129313468933,0.2561333800784824,0.020307210989520146,0.0826252509517251,131072,7340032,E11 energy-weighted P_N capture; frozen E20 construction
llama31_8b,E20_nar_g256_m3_c32,down,18,2,256,3,168,0.01875636016250778,0.024098114580948553,0.29030126333236694,0.25613337997517605,0.020301123868740802,0.08235946062290167,131072,7340032,E11 energy-weighted P_N capture; frozen E20 construction
llama31_8b,E11_g64_kmax,qkv,19,0,64,1,64,0.1170012012308308,0.1569679901794787,0.4590528234546475,0.4415722572289159,0.11544856172173855,-0.013270286909525468,131072,8388608,frozen E11 selected eigenvalue fractions
llama31_8b,E11_g64_kmax,qkv,19,1,64,1,64,0.11700115559087232,0.15690878461603308,0.4590528234546475,0.4415722573365739,0.11540501655601458,-0.01364207923244015,131072,8388608,frozen E11 selected eigenvalue fractions
llama31_8b,E11_g64_kmax,qkv,19,2,64,1,64,0.11699167160645496,0.15696862125469213,0.4590528234546475,0.4415722573474648,0.11544902587194933,-0.013185944890973909,131072,8388608,frozen E11 selected eigenvalue fractions
llama31_8b,E11_g128_k8,qkv,19,0,128,1,8,0.14832955343887022,0.17373196495265475,0.24136836841110595,0.2367599850286193,0.15131960714684226,0.020158179126483378,131072,4194304,frozen E11 selected eigenvalue fractions
llama31_8b,E11_g128_k8,qkv,19,1,128,1,8,0.14839751297520642,0.17364622924894668,0.24136836841110595,0.23675998498358,0.15124493180999737,0.019187780022072762,131072,4194304,frozen E11 selected eigenvalue fractions
llama31_8b,E11_g128_k8,qkv,19,2,128,1,8,0.1483606029762452,0.17372451513838882,0.24136836841110595,0.2367599850298482,0.15131311839868158,0.019900939758981183,131072,4194304,frozen E11 selected eigenvalue fractions
llama31_8b,E11_g128_k16,qkv,19,0,128,1,16,0.14364206075519093,0.17373196495265475,0.3044351032936624,0.29618532194047426,0.1448933854115999,0.008711408412203253,131072,4194304,frozen E11 selected eigenvalue fractions
llama31_8b,E11_g128_k16,qkv,19,1,128,1,16,0.14362432929918967,0.17364622924894668,0.3044351032936624,0.29618532199431186,0.14482188137741545,0.0083380864792838,131072,4194304,frozen E11 selected eigenvalue fractions
llama31_8b,E11_g128_k16,qkv,19,2,128,1,16,0.14364700222777582,0.17372451513838882,0.3044351032936624,0.2961853219847093,0.14488717222676675,0.008633455482937532,131072,4194304,frozen E11 selected eigenvalue fractions
llama31_8b,E11_g128_k32,qkv,19,0,128,1,32,0.1367581798981483,0.17373196495265475,0.3836530492172829,0.371524211715378,0.13639308656490373,-0.0026696270271839508,131072,4194304,frozen E11 selected eigenvalue fractions
llama31_8b,E11_g128_k32,qkv,19,1,128,1,32,0.13673715774964101,0.17364622924894668,0.3836530492172829,0.3715242116948305,0.13632577737824517,-0.0030085485040508494,131072,4194304,frozen E11 selected eigenvalue fractions
llama31_8b,E11_g128_k32,qkv,19,2,128,1,32,0.13677159439214126,0.17372451513838882,0.3836530492172829,0.37152421176729744,0.13638723788206436,-0.0028102071324466803,131072,4194304,frozen E11 selected eigenvalue fractions
llama31_8b,E11_g128_kmax,qkv,19,0,128,1,32,0.1370484481941281,0.17373196495265475,0.38062144612726684,0.36826783598566076,0.13672811093278514,-0.002337401594574758,131072,4194304,saved factor eigenvalue sum / calibration trace
llama31_8b,E11_g128_kmax,qkv,19,1,128,1,32,0.137065071554626,0.17364622924894668,0.38062144612726684,0.3682678359442657,0.13666063641356993,-0.0029506798228670565,131072,4194304,saved factor eigenvalue sum / calibration trace
llama31_8b,E11_g128_kmax,qkv,19,2,128,1,32,0.13706663834255473,0.17372451513838882,0.38062144612726684,0.36826783593554446,0.13672224788373913,-0.0025125768237993958,131072,4194304,saved factor eigenvalue sum / calibration trace
llama31_8b,E11_g256_kmax,qkv,19,0,256,1,16,0.15722315035922918,0.1890482042181496,0.3044351032936624,0.2946317912157888,0.15766721065185668,0.0028243950818495657,131072,2097152,frozen E11 selected eigenvalue fractions
llama31_8b,E11_g256_kmax,qkv,19,1,256,1,16,0.157179212653638,0.18889954057108937,0.3044351032936624,0.29463179111204846,0.15754322437727525,0.0023159024497685916,131072,2097152,frozen E11 selected eigenvalue fractions
llama31_8b,E11_g256_kmax,qkv,19,2,256,1,16,0.1571090622220659,0.18899169928938875,0.3044351032936624,0.2946317912014599,0.15762008523988752,0.003252664172225321,131072,2097152,frozen E11 selected eigenvalue fractions
llama31_8b,E20_hadamard_g64_m1,qkv,19,0,64,1,0,0.15703428368186856,0.15703428368186856,0.00511192949488759,0.013979945839109647,0.1566323953243377,-0.0025592396011117533,131072,8388608,E11 energy-weighted P_N capture; frozen E20 construction
llama31_8b,E20_hadamard_g64_m1,qkv,19,1,64,1,0,0.15704426629384827,0.15704426629384827,0.00511192949488759,0.013979945837195378,0.15664235238842153,-0.002559239601111633,131072,8388608,E11 energy-weighted P_N capture; frozen E20 construction
llama31_8b,E20_hadamard_g64_m1,qkv,19,2,64,1,0,0.15701744503377046,0.15701744503377046,0.005111929029226303,0.013979945840056823,0.15661559980702694,-0.0025592393676836223,131072,8388608,E11 energy-weighted P_N capture; frozen E20 construction
llama31_8b,E20_hadamard_g128_m1,qkv,19,0,128,1,0,0.17381792119463846,0.17381792119463846,0.001425697933882475,0.005555224802513589,0.17369397107446377,-0.0007131032250459952,131072,4194304,E11 energy-weighted P_N capture; frozen E20 construction
llama31_8b,E20_hadamard_g128_m1,qkv,19,1,128,1,0,0.17379383755328703,0.17379383755328703,0.001425697817467153,0.005555224801267925,0.173669904617358,-0.0007131031667968252,131072,4194304,E11 energy-weighted P_N capture; frozen E20 construction
llama31_8b,E20_hadamard_g128_m1,qkv,19,2,128,1,0,0.17376315913979035,0.17376315913979035,0.001425697817467153,0.0055552248040107305,0.17363924808073514,-0.00071310316679685,131072,4194304,E11 energy-weighted P_N capture; frozen E20 construction
llama31_8b,E20_hadamard_g256_m1,qkv,19,0,256,1,0,0.18909365101305653,0.18909365101305653,0.000936213880777359,0.0030637470554696223,0.18900511423544145,-0.00046821655375922866,131072,2097152,E11 energy-weighted P_N capture; frozen E20 construction
llama31_8b,E20_hadamard_g256_m1,qkv,19,1,256,1,0,0.18908713492733398,0.18908713492733398,0.0009362138225696981,0.003063747054703656,0.18899860120616382,-0.000468216524641809,131072,2097152,E11 energy-weighted P_N capture; frozen E20 construction
llama31_8b,E20_hadamard_g256_m1,qkv,19,2,256,1,0,0.18908813010304826,0.18908813010304826,0.0009362138225696981,0.003063747054493346,0.1889995959159204,-0.0004682165246418222,131072,2097152,E11 energy-weighted P_N capture; frozen E20 construction
llama31_8b,E20_hadamard_g256_m2,qkv,19,0,256,2,0,0.188854318856297,0.18909365101305653,0.001425697933882475,0.00555522498613452,0.18895880772068338,0.0005532776005291643,131072,2097152,E11 energy-weighted P_N capture; frozen E20 construction
llama31_8b,E20_hadamard_g256_m2,qkv,19,1,256,2,0,0.18884002949096157,0.18908713492733398,0.001425697933882475,0.0055552249831942995,0.1889522962816026,0.0005945073771893159,131072,2097152,E11 energy-weighted P_N capture; frozen E20 construction
llama31_8b,E20_hadamard_g256_m2,qkv,19,2,256,2,0,0.188841502098132,0.18908813010304826,0.001425697817467153,0.005555224983865664,0.18895329075866807,0.0005919708289440557,131072,2097152,E11 energy-weighted P_N capture; frozen E20 construction
llama31_8b,E20_hadamard_g256_m3,qkv,19,0,256,3,0,0.18841652570722545,0.18909365101305653,0.003373759798705578,0.009967270865799118,0.18877440324024805,0.001899395669670183,131072,2097152,E11 energy-weighted P_N capture; frozen E20 construction
llama31_8b,E20_hadamard_g256_m3,qkv,19,1,256,3,0,0.18841850792449222,0.18908713492733398,0.003373759565874934,0.009967270861625641,0.18876789817771605,0.0018543308567322493,131072,2097152,E11 energy-weighted P_N capture; frozen E20 construction
llama31_8b,E20_hadamard_g256_m3,qkv,19,2,256,3,0,0.18840933007456684,0.18908813010304826,0.003373759565874934,0.009967270863000205,0.1887688916732702,0.001908406545265402,131072,2097152,E11 energy-weighted P_N capture; frozen E20 construction
llama31_8b,E20_hadamard_g128_m2,qkv,19,0,128,2,0,0.17304723699747626,0.17381792119463846,0.005111929029226303,0.013979945357295763,0.1733730795279082,0.0018829686973661033,131072,4194304,E11 energy-weighted P_N capture; frozen E20 construction
llama31_8b,E20_hadamard_g128_m2,qkv,19,1,128,2,0,0.1730384549008921,0.17379383755328703,0.005111929029226303,0.013979945355832683,0.17334905752235985,0.0017949918799590367,131072,4194304,E11 energy-weighted P_N capture; frozen E20 construction
llama31_8b,E20_hadamard_g128_m2,qkv,19,2,128,2,0,0.1729990657264988,0.17376315913979035,0.005111929029226303,0.013979945354718368,0.17331845762226672,0.0018462058995904983,131072,4194304,E11 energy-weighted P_N capture; frozen E20 construction
llama31_8b,E20_nar_g64_m1,qkv,19,0,64,1,64,0.1145879102097791,0.15703428368186856,0.4590527415275574,0.4415722419872763,0.1154973287496644,0.007936426610978434,131072,8388608,E11 energy-weighted P_N capture; frozen E20 construction
llama31_8b,E20_nar_g64_m1,qkv,19,1,64,1,64,0.11455185714649718,0.15704426629384827,0.4590527415275574,0.4415722420518143,0.11550467087261086,0.00831775014258523,131072,8388608,E11 energy-weighted P_N capture; frozen E20 construction
llama31_8b,E20_nar_g64_m1,qkv,19,2,64,1,64,0.11455371628256761,0.15701744503377046,0.4590527415275574,0.44157224202536566,0.11548494407270414,0.008129180094336611,131072,8388608,E11 energy-weighted P_N capture; frozen E20 construction
llama31_8b,E20_nar_g128_m1,qkv,19,0,128,1,32,0.13274114042963436,0.17381792119463846,0.3836529552936554,0.37152420038585493,0.1364605792886866,0.028020241855793757,131072,4194304,E11 energy-weighted P_N capture; frozen E20 construction
llama31_8b,E20_nar_g128_m1,qkv,19,1,128,1,32,0.13273423039957333,0.17379383755328703,0.3836529552936554,0.3715242003892052,0.13644167175816496,0.02793131317694785,131072,4194304,E11 energy-weighted P_N capture; frozen E20 construction
llama31_8b,E20_nar_g128_m1,qkv,19,2,128,1,32,0.13274667860856493,0.17376315913979035,0.3836529552936554,0.37152420056295615,0.13641758681888688,0.027653484432152903,131072,4194304,E11 energy-weighted P_N capture; frozen E20 construction
llama31_8b,E20_nar_g256_m1,qkv,19,0,256,1,16,0.15043731461622478,0.18909365101305653,0.30443501472473145,0.29463178347962576,0.15770512356180688,0.04831121164401761,131072,2097152,E11 energy-weighted P_N capture; frozen E20 construction
llama31_8b,E20_nar_g256_m1,qkv,19,1,256,1,16,0.15035636818549492,0.18908713492733398,0.30443501472473145,0.2946317835558688,0.15769968911121318,0.048839440685736694,131072,2097152,E11 energy-weighted P_N capture; frozen E20 construction
llama31_8b,E20_nar_g256_m1,qkv,19,2,256,1,16,0.1504556216482147,0.18908813010304826,0.30443498492240906,0.2946317835461806,0.15770052247155433,0.04815307493314666,131072,2097152,E11 energy-weighted P_N capture; frozen E20 construction
llama31_8b,E20_nar_g256_m2,qkv,19,0,256,2,32,0.14441711449621053,0.18909365101305653,0.38365304470062256,0.3715242357359455,0.14845320383630034,0.02794744483137915,131072,2097152,E11 energy-weighted P_N capture; frozen E20 construction
llama31_8b,E20_nar_g256_m2,qkv,19,1,256,2,32,0.1444328903868577,0.18908713492733398,0.3836529850959778,0.3715242359270965,0.14844809538080705,0.027799796730473208,131072,2097152,E11 energy-weighted P_N capture; frozen E20 construction
llama31_8b,E20_nar_g256_m2,qkv,19,2,256,2,32,0.14444848896707896,0.18908813010304826,0.3836529850959778,0.3715242357461791,0.1484488766710805,0.02769421634388483,131072,2097152,E11 energy-weighted P_N capture; frozen E20 construction
llama31_8b,E20_nar_g256_m3,qkv,19,0,256,3,48,0.14060107648953668,0.18909365101305653,0.4288869798183441,0.4142756156268726,0.14290189169896444,0.016364136512133944,131072,2097152,E11 energy-weighted P_N capture; frozen E20 construction
llama31_8b,E20_nar_g256_m3,qkv,19,1,256,3,48,0.1406010215354936,0.18908713492733398,0.42888692021369934,0.41427561568209637,0.14289697481813632,0.016329563310200683,131072,2097152,E11 energy-weighted P_N capture; frozen E20 construction
llama31_8b,E20_nar_g256_m3,qkv,19,2,256,3,48,0.1406297467104718,0.18908813010304826,0.42888692021369934,0.4142756156662434,0.14289772689256508,0.0161273147050645,131072,2097152,E11 energy-weighted P_N capture; frozen E20 construction
llama31_8b,E20_nar_g128_m2,qkv,19,0,128,2,64,0.1267681838289043,0.17381792119463846,0.4590527415275574,0.4415721978455197,0.12784154591026017,0.008467125180278274,131072,4194304,E11 energy-weighted P_N capture; frozen E20 construction
llama31_8b,E20_nar_g128_m2,qkv,19,1,128,2,64,0.1267328220499513,0.17379383755328703,0.4590527415275574,0.4415721981088853,0.12782383260474856,0.008608745052384686,131072,4194304,E11 energy-weighted P_N capture; frozen E20 construction
llama31_8b,E20_nar_g128_m2,qkv,19,2,128,2,64,0.12673639774891754,0.17376315913979035,0.4590527415275574,0.44157219803610054,0.12780126890256793,0.00840225201729381,131072,4194304,E11 energy-weighted P_N capture; frozen E20 construction
llama31_8b,E20_nar_g128_m2_c32,qkv,19,0,128,2,64,0.1267681838289043,0.17381792119463846,0.4590527415275574,0.4415721978455197,0.12784154591026017,0.008467125180278274,131072,4194304,E11 energy-weighted P_N capture; frozen E20 construction
llama31_8b,E20_nar_g128_m2_c32,qkv,19,1,128,2,64,0.1267328220499513,0.17379383755328703,0.4590527415275574,0.4415721981088853,0.12782383260474856,0.008608745052384686,131072,4194304,E11 energy-weighted P_N capture; frozen E20 construction
llama31_8b,E20_nar_g128_m2_c32,qkv,19,2,128,2,64,0.12673639774891754,0.17376315913979035,0.4590527415275574,0.44157219803610054,0.12780126890256793,0.00840225201729381,131072,4194304,E11 energy-weighted P_N capture; frozen E20 construction
llama31_8b,E20_nar_g256_m3_c32,qkv,19,0,256,3,48,0.14060107648953668,0.18909365101305653,0.4288869798183441,0.4142756156268726,0.14290189169896444,0.016364136512133944,131072,2097152,E11 energy-weighted P_N capture; frozen E20 construction
llama31_8b,E20_nar_g256_m3_c32,qkv,19,1,256,3,48,0.1406010215354936,0.18908713492733398,0.42888692021369934,0.41427561568209637,0.14289697481813632,0.016329563310200683,131072,2097152,E11 energy-weighted P_N capture; frozen E20 construction
llama31_8b,E20_nar_g256_m3_c32,qkv,19,2,256,3,48,0.1406297467104718,0.18908813010304826,0.42888692021369934,0.4142756156662434,0.14289772689256508,0.0161273147050645,131072,2097152,E11 energy-weighted P_N capture; frozen E20 construction
llama31_8b,E11_g64_kmax,down,19,0,64,1,224,0.015518188460010756,0.020376248200691456,0.30244273783200637,0.26276631239486176,0.01701822081045427,0.0966628517438739,131072,29360128,frozen E11 selected eigenvalue fractions
llama31_8b,E11_g64_kmax,down,19,1,64,1,224,0.01551786081896436,0.02037331764996905,0.30244273783200637,0.262766312392414,0.01701577321760995,0.09652827900189646,131072,29360128,frozen E11 selected eigenvalue fractions
llama31_8b,E11_g64_kmax,down,19,2,64,1,224,0.015518542960176795,0.020373694322638962,0.30244273783200637,0.2627663123736109,0.017016087814222963,0.09650035173335024,131072,29360128,frozen E11 selected eigenvalue fractions
llama31_8b,E11_g128_k8,down,19,0,128,1,8,0.019158917964110258,0.02252701294796054,0.08707203422488656,0.08219000114561763,0.021523944532543412,0.12344259591608862,131072,14680064,frozen E11 selected eigenvalue fractions
llama31_8b,E11_g128_k8,down,19,1,128,1,8,0.019160841692293103,0.022522642013566938,0.08707203422488656,0.08219000118120622,0.021519768224319124,0.12311184288813531,131072,14680064,frozen E11 selected eigenvalue fractions
llama31_8b,E11_g128_k8,down,19,2,128,1,8,0.01915914243636799,0.022523000396101254,0.08707203422488656,0.0821900011808863,0.02152011064902531,0.12322932618193376,131072,14680064,frozen E11 selected eigenvalue fractions
llama31_8b,E11_g128_k16,down,19,0,128,1,16,0.0189508421663922,0.02252701294796054,0.1156555973945576,0.10247315982940877,0.02118431006297473,0.11785586503081145,131072,14680064,frozen E11 selected eigenvalue fractions
llama31_8b,E11_g128_k16,down,19,1,128,1,16,0.01895096219029045,0.022522642013566938,0.1156555973945576,0.10247315984332109,0.02118019965429903,0.11763188811335042,131072,14680064,frozen E11 selected eigenvalue fractions
llama31_8b,E11_g128_k16,down,19,2,128,1,16,0.018950575409950283,0.022523000396101254,0.1156555973945576,0.10247315984700847,0.021180536675756142,0.1176724831603258,131072,14680064,frozen E11 selected eigenvalue fractions
llama31_8b,E11_g128_k32,down,19,0,128,1,32,0.01866547202791494,0.02252701294796054,0.15344925485758928,0.12971506597930177,0.02072669739396468,0.11042985481251673,131072,14680064,frozen E11 selected eigenvalue fractions
llama31_8b,E11_g128_k32,down,19,1,128,1,32,0.018665911365006376,0.022522642013566938,0.15344925485758928,0.12971506601811725,0.020722675776242244,0.11018826624730224,131072,14680064,frozen E11 selected eigenvalue fractions
llama31_8b,E11_g128_k32,down,19,2,128,1,32,0.018666599589100313,0.022523000396101254,0.15344925485758928,0.12971506597622923,0.02072300551753361,0.11016499918035742,131072,14680064,frozen E11 selected eigenvalue fractions
llama31_8b,E11_g128_kmax,down,19,0,128,1,112,0.018019684802291547,0.02252701294796054,0.23731965911032007,0.20340995934283915,0.01967319445588106,0.09176129725527929,131072,14680064,saved factor eigenvalue sum / calibration trace
llama31_8b,E11_g128_kmax,down,19,1,128,1,112,0.018020241500768926,0.022522642013566938,0.23731965911032007,0.20340995933971753,0.019669377250178827,0.09151574074850956,131072,14680064,saved factor eigenvalue sum / calibration trace
llama31_8b,E11_g128_kmax,down,19,2,128,1,112,0.01801914775358699,0.022523000396101254,0.23731965911032007,0.20340995934424028,0.019669690231278607,0.09159936420206392,131072,14680064,saved factor eigenvalue sum / calibration trace
llama31_8b,E11_g256_kmax,down,19,0,256,1,56,0.02040905840193887,0.024526132949200048,0.19046367455702742,0.1599975797880732,0.02206720089219236,0.08124541846065607,131072,7340032,frozen E11 selected eigenvalue fractions
llama31_8b,E11_g256_kmax,down,19,1,256,1,56,0.020407875797886214,0.024520791194629053,0.19046367455702742,0.15999757979410534,0.022062394689295266,0.08107256765941419,131072,7340032,frozen E11 selected eigenvalue fractions
llama31_8b,E11_g256_kmax,down,19,2,256,1,56,0.020410151589009193,0.02452013345927132,0.19046367455702742,0.15999757977526957,0.0220618028969282,0.08092302993028314,131072,7340032,frozen E11 selected eigenvalue fractions
llama31_8b,E20_hadamard_g64_m1,down,19,0,64,1,0,0.020376277279463402,0.020376277279463402,0.00477788969874382,0.016912223543552443,0.020327541193194597,-0.0023918052154661613,131072,29360128,E11 energy-weighted P_N capture; frozen E20 construction
llama31_8b,E20_hadamard_g64_m1,down,19,1,64,1,0,0.020375533597603277,0.020375533597603277,0.00477788969874382,0.01691222354556164,0.020326799290076622,-0.00239180521546624,131072,29360128,E11 energy-weighted P_N capture; frozen E20 construction
llama31_8b,E20_hadamard_g64_m1,down,19,2,64,1,0,0.02037604003847588,0.02037604003847588,0.00477788969874382,0.016912223544024003,0.020327304519641307,-0.0023918052154661483,131072,29360128,E11 energy-weighted P_N capture; frozen E20 construction
llama31_8b,E20_hadamard_g128_m1,down,19,0,128,1,0,0.02252672323822859,0.02252672323822859,0.002290740143507719,0.008955344235658629,0.02250090701057297,-0.001146026760421617,131072,14680064,E11 energy-weighted P_N capture; frozen E20 construction
llama31_8b,E20_hadamard_g128_m1,down,19,1,128,1,0,0.02252557347897507,0.02252557347897507,0.002290740143507719,0.008955344235311347,0.02249975856897432,-0.0011460267604217033,131072,14680064,E11 energy-weighted P_N capture; frozen E20 construction
llama31_8b,E20_hadamard_g128_m1,down,19,2,128,1,0,0.022525857704372383,0.022525857704372383,0.002290740143507719,0.00895534423426463,0.022500042468641724,-0.0011460267604215708,131072,14680064,E11 energy-weighted P_N capture; frozen E20 construction
llama31_8b,E20_hadamard_g256_m1,down,19,0,256,1,0,0.024527108532952115,0.024527108532952115,0.001035365043208003,0.0036483271400095316,0.024514407989283022,-0.0005178165886137837,131072,7340032,E11 energy-weighted P_N capture; frozen E20 construction
llama31_8b,E20_hadamard_g256_m1,down,19,1,256,1,0,0.024524462113973428,0.024524462113973428,0.001035365043208003,0.003648327139728134,0.024511762940663984,-0.0005178165886137394,131072,7340032,E11 energy-weighted P_N capture; frozen E20 construction
llama31_8b,E20_hadamard_g256_m1,down,19,2,256,1,0,0.024524816448406712,0.024524816448406712,0.001035365043208003,0.0036483271403057625,0.02451211709161702,-0.0005178165886137755,131072,7340032,E11 energy-weighted P_N capture; frozen E20 construction
llama31_8b,E20_hadamard_g256_m2,down,19,0,256,2,0,0.024462588608500497,0.024527108532952115,0.002290740143507719,0.008955344543933097,0.024498999810217588,0.0014884443465822956,131072,7340032,E11 energy-weighted P_N capture; frozen E20 construction
llama31_8b,E20_hadamard_g256_m2,down,19,1,256,2,0,0.024459838409007086,0.024524462113973428,0.002290740143507719,0.0089553445445333,0.02449635642410587,0.0014929785916057083,131072,7340032,E11 energy-weighted P_N capture; frozen E20 construction
llama31_8b,E20_hadamard_g256_m2,down,19,2,256,2,0,0.024459813124273668,0.024524816448406712,0.002290740143507719,0.008955344540183229,0.024496710352462408,0.001508483650356401,131072,7340032,E11 energy-weighted P_N capture; frozen E20 construction
llama31_8b,E20_hadamard_g256_m3,down,19,0,256,3,0,0.024405014688104236,0.024527108532952115,0.0040167756378650665,0.01348249166779055,0.024477799020805026,0.002982351522052852,131072,7340032,E11 energy-weighted P_N capture; frozen E20 construction
llama31_8b,E20_hadamard_g256_m3,down,19,1,256,3,0,0.02440221658814082,0.024524462113973428,0.004016775172203779,0.013482491668683518,0.0244751579279316,0.0029891276281117604,131072,7340032,E11 energy-weighted P_N capture; frozen E20 construction
llama31_8b,E20_hadamard_g256_m3,down,19,2,256,3,0,0.024402185511712533,0.024524816448406712,0.004016775172203779,0.013482491662061917,0.024475511550007944,0.0030048963548865567,131072,7340032,E11 energy-weighted P_N capture; frozen E20 construction
llama31_8b,E20_hadamard_g128_m2,down,19,0,128,2,0,0.02243252303008157,0.02252672323822859,0.00477788969874382,0.016912222966020227,0.02247284370410003,0.0017974203777432118,131072,14680064,E11 energy-weighted P_N capture; frozen E20 construction
llama31_8b,E20_hadamard_g128_m2,down,19,1,128,2,0,0.02243151067318237,0.02252557347897507,0.00477788969874382,0.016912222961849143,0.02247169669484669,0.0017914986756716513,131072,14680064,E11 energy-weighted P_N capture; frozen E20 construction
llama31_8b,E20_hadamard_g128_m2,down,19,2,128,2,0,0.022431709783918143,0.022525857704372383,0.00477788969874382,0.016912222967930133,0.022471980240432215,0.0017952468582195405,131072,14680064,E11 energy-weighted P_N capture; frozen E20 construction
llama31_8b,E20_nar_g64_m1,down,19,0,64,1,224,0.015347723764431434,0.020376277279463402,0.302442729473114,0.2627663027812362,0.017018245198979244,0.1088448984480205,131072,29360128,E11 energy-weighted P_N capture; frozen E20 construction
llama31_8b,E20_nar_g64_m1,down,19,1,64,1,224,0.015345885990420352,0.020375533597603277,0.302442729473114,0.26276630279327057,0.017017624076677458,0.10893721530973752,131072,29360128,E11 energy-weighted P_N capture; frozen E20 construction
llama31_8b,E20_nar_g64_m1,down,19,2,64,1,224,0.015346870557871586,0.02037604003847588,0.302442729473114,0.2627663028346905,0.01701804705555778,0.10889363348601562,131072,29360128,E11 energy-weighted P_N capture; frozen E20 construction
llama31_8b,E20_nar_g128_m1,down,19,0,128,1,112,0.01769875786137211,0.02252672323822859,0.24487456679344177,0.20942005052722198,0.01957526149704344,0.10602459508002174,131072,14680064,E11 energy-weighted P_N capture; frozen E20 construction
llama31_8b,E20_nar_g128_m1,down,19,1,128,1,112,0.017698527394690133,0.02252557347897507,0.24487456679344177,0.20942005054218626,0.01957426237978132,0.10598254551132538,131072,14680064,E11 energy-weighted P_N capture; frozen E20 construction
llama31_8b,E20_nar_g128_m1,down,19,2,128,1,112,0.017699578923424362,0.022525857704372383,0.24487455189228058,0.2094200505207318,0.019574509558970478,0.10593080454952263,131072,14680064,E11 energy-weighted P_N capture; frozen E20 construction
llama31_8b,E20_nar_g256_m1,down,19,0,256,1,56,0.020094219426274065,0.024527108532952115,0.19046366214752197,0.1599975666221831,0.02206807883536829,0.09823021074973026,131072,7340032,E11 energy-weighted P_N capture; frozen E20 construction
llama31_8b,E20_nar_g256_m1,down,19,1,256,1,56,0.02009239082551189,0.024524462113973428,0.19046366214752197,0.1599975666723162,0.022065697740076332,0.09821165294370433,131072,7340032,E11 energy-weighted P_N capture; frozen E20 construction
llama31_8b,E20_nar_g256_m1,down,19,2,256,1,56,0.02009259380128154,0.024524816448406712,0.19046366214752197,0.1599975666489086,0.022066016549780187,0.09821642581421117,131072,7340032,E11 energy-weighted P_N capture; frozen E20 construction
llama31_8b,E20_nar_g256_m2,down,19,0,256,2,112,0.01959287407702472,0.024527108532952115,0.24487456679344177,0.20942006999231685,0.021313555381375485,0.08782179161598835,131072,7340032,E11 energy-weighted P_N capture; frozen E20 construction
llama31_8b,E20_nar_g256_m2,down,19,1,256,2,112,0.019591046421431724,0.024524462113973428,0.24487458169460297,0.20942006984952571,0.02131125548716918,0.08780587972348562,131072,7340032,E11 energy-weighted P_N capture; frozen E20 construction
llama31_8b,E20_nar_g256_m2,down,19,2,256,2,112,0.01959296571846414,0.024524816448406712,0.24487458169460297,0.20942007000557072,0.02131156339653741,0.08771503522071124,131072,7340032,E11 energy-weighted P_N capture; frozen E20 construction
llama31_8b,E20_nar_g256_m3,down,19,0,256,3,168,0.01927357521309411,0.024527108532952115,0.2789933383464813,0.2409548501894189,0.020826485654449608,0.08057199684988801,131072,7340032,E11 energy-weighted P_N capture; frozen E20 construction
llama31_8b,E20_nar_g256_m3,down,19,1,256,3,168,0.019271656334957945,0.024524462113973428,0.27899330854415894,0.24095485017841548,0.02082423895460336,0.08056300883848255,131072,7340032,E11 energy-weighted P_N capture; frozen E20 construction
llama31_8b,E20_nar_g256_m3,down,19,2,256,3,168,0.019274194340084833,0.024524816448406712,0.27899330854415894,0.24095485018851118,0.02082453982745734,0.08043633160573815,131072,7340032,E11 energy-weighted P_N capture; frozen E20 construction
llama31_8b,E20_nar_g128_m2,down,19,0,128,2,224,0.017235931656162534,0.02252672323822859,0.302442729473114,0.2627662768211573,0.0188142953857474,0.09157403040760721,131072,14680064,E11 energy-weighted P_N capture; frozen E20 construction
llama31_8b,E20_nar_g128_m2,down,19,1,128,2,224,0.017235160332454726,0.02252557347897507,0.302442729473114,0.26276627670205677,0.018813335108036816,0.09156716532600527,131072,14680064,E11 energy-weighted P_N capture; frozen E20 construction
llama31_8b,E20_nar_g128_m2,down,19,2,128,2,224,0.017234961523300445,0.022525857704372383,0.302442729473114,0.2627662767031339,0.018813572492787565,0.09159353024101331,131072,14680064,E11 energy-weighted P_N capture; frozen E20 construction
llama31_8b,E20_nar_g128_m2_c32,down,19,0,128,2,224,0.017235931656162534,0.02252672323822859,0.302442729473114,0.2627662768211573,0.0188142953857474,0.09157403040760721,131072,14680064,E11 energy-weighted P_N capture; frozen E20 construction
llama31_8b,E20_nar_g128_m2_c32,down,19,1,128,2,224,0.017235160332454726,0.02252557347897507,0.302442729473114,0.26276627670205677,0.018813335108036816,0.09156716532600527,131072,14680064,E11 energy-weighted P_N capture; frozen E20 construction
llama31_8b,E20_nar_g128_m2_c32,down,19,2,128,2,224,0.017234961523300445,0.022525857704372383,0.302442729473114,0.2627662767031339,0.018813572492787565,0.09159353024101331,131072,14680064,E11 energy-weighted P_N capture; frozen E20 construction
llama31_8b,E20_nar_g256_m3_c32,down,19,0,256,3,168,0.01927357521309411,0.024527108532952115,0.2789933383464813,0.2409548501894189,0.020826485654449608,0.08057199684988801,131072,7340032,E11 energy-weighted P_N capture; frozen E20 construction
llama31_8b,E20_nar_g256_m3_c32,down,19,1,256,3,168,0.019271656334957945,0.024524462113973428,0.27899330854415894,0.24095485017841548,0.02082423895460336,0.08056300883848255,131072,7340032,E11 energy-weighted P_N capture; frozen E20 construction
llama31_8b,E20_nar_g256_m3_c32,down,19,2,256,3,168,0.019274194340084833,0.024524816448406712,0.27899330854415894,0.24095485018851118,0.02082453982745734,0.08043633160573815,131072,7340032,E11 energy-weighted P_N capture; frozen E20 construction
llama31_8b,E11_g64_kmax,qkv,20,0,64,1,64,0.11875890999032856,0.1624482377201879,0.4770322981162779,0.46112824849023265,0.1174768893395793,-0.010795153398205434,131072,8388608,frozen E11 selected eigenvalue fractions
llama31_8b,E11_g64_kmax,qkv,20,1,64,1,64,0.11874554754312472,0.16234557212032552,0.4770322981162779,0.4611282485467598,0.11740264516504544,-0.011309075631585954,131072,8388608,frozen E11 selected eigenvalue fractions
llama31_8b,E11_g64_kmax,qkv,20,2,64,1,64,0.11873445053391185,0.16230672772985333,0.4770322981162779,0.46112824852398565,0.11737455425913593,-0.011453257825853352,131072,8388608,frozen E11 selected eigenvalue fractions
llama31_8b,E11_g128_k8,qkv,20,0,128,1,8,0.15176112557090704,0.1797822885468907,0.25093673195075467,0.24688282727791816,0.15559876835689565,0.025287390110951408,131072,4194304,frozen E11 selected eigenvalue fractions
llama31_8b,E11_g128_k8,qkv,20,1,128,1,8,0.15179445830070648,0.17961816987249257,0.25093673195075467,0.24688282720681606,0.15545672620242582,0.024126492776596245,131072,4194304,frozen E11 selected eigenvalue fractions
llama31_8b,E11_g128_k8,qkv,20,2,128,1,8,0.15176630078152087,0.17958944669859989,0.25093673195075467,0.2468828272860896,0.15543186674314802,0.02415270018937873,131072,4194304,frozen E11 selected eigenvalue fractions
llama31_8b,E11_g128_k16,qkv,20,0,128,1,16,0.1466744842378951,0.1797822885468907,0.31669501249898335,0.3102612129549774,0.14861210982515335,0.013210379414837988,131072,4194304,frozen E11 selected eigenvalue fractions
llama31_8b,E11_g128_k16,qkv,20,1,128,1,16,0.14660842829503196,0.17961816987249257,0.31669501249898335,0.31026121290505193,0.14847644561339396,0.012741541124790187,131072,4194304,frozen E11 selected eigenvalue fractions
llama31_8b,E11_g128_k16,qkv,20,2,128,1,16,0.14661725039903217,0.17958944669859989,0.31669501249898335,0.310261212877939,0.14845270238758695,0.012518663278430282,131072,4194304,frozen E11 selected eigenvalue fractions
llama31_8b,E11_g128_k32,qkv,20,0,128,1,32,0.1391867908716531,0.1797822885468907,0.3991006985040802,0.3897246366556433,0.13936308583130205,0.0012666069714297099,131072,4194304,frozen E11 selected eigenvalue fractions
llama31_8b,E11_g128_k32,qkv,20,1,128,1,32,0.13911776406459975,0.17961816987249257,0.3991006985040802,0.3897246367393769,0.13923586481808917,0.0008489264781065571,131072,4194304,frozen E11 selected eigenvalue fractions
llama31_8b,E11_g128_k32,qkv,20,2,128,1,32,0.13915615508857115,0.17958944669859989,0.3991006985040802,0.3897246367214694,0.1392135992757996,0.0004128037828573396,131072,4194304,frozen E11 selected eigenvalue fractions
llama31_8b,E11_g128_kmax,qkv,20,0,128,1,32,0.1396031292396387,0.1797822885468907,0.39532374682795274,0.3854947771728444,0.13980038298560132,0.001412960777004026,131072,4194304,saved factor eigenvalue sum / calibration trace
llama31_8b,E11_g128_kmax,qkv,20,1,128,1,32,0.13960259204854086,0.17961816987249257,0.39532374682795274,0.3854947773006517,0.1396727627749488,0.00050264630031757,131072,4194304,saved factor eigenvalue sum / calibration trace
llama31_8b,E11_g128_kmax,qkv,20,2,128,1,32,0.13959512397620344,0.17958944669859989,0.39532374682795274,0.38549477718643843,0.13965042736725533,0.00039616993399654377,131072,4194304,saved factor eigenvalue sum / calibration trace
llama31_8b,E11_g256_kmax,qkv,20,0,256,1,16,0.16056177690476048,0.19559228202660606,0.31669501249898335,0.3088141020385781,0.16168100835978072,0.006970721653660636,131072,2097152,frozen E11 selected eigenvalue fractions
llama31_8b,E11_g256_kmax,qkv,20,1,256,1,16,0.16054040221498767,0.19543223663023923,0.31669501249898335,0.3088141021586135,0.16154871121185743,0.0062807180183807555,131072,2097152,frozen E11 selected eigenvalue fractions
llama31_8b,E11_g256_kmax,qkv,20,2,256,1,16,0.16052860227475207,0.1953274186932923,0.31669501249898335,0.3088141021758798,0.16146206633219154,0.005814939171038182,131072,2097152,frozen E11 selected eigenvalue fractions
llama31_8b,E20_hadamard_g64_m1,qkv,20,0,64,1,0,0.1624365306283453,0.1624365306283453,0.0054158493876457214,0.014157836431937366,0.1619960675558054,-0.002711601084042309,131072,8388608,E11 energy-weighted P_N capture; frozen E20 construction
llama31_8b,E20_hadamard_g64_m1,qkv,20,1,64,1,0,0.1624346702970385,0.1624346702970385,0.0054158493876457214,0.014157836431533576,0.161994212268975,-0.002711601084042284,131072,8388608,E11 energy-weighted P_N capture; frozen E20 construction
llama31_8b,E20_hadamard_g64_m1,qkv,20,2,64,1,0,0.1623961871698354,0.1623961871698354,0.0054158493876457214,0.014157836429666873,0.16195583349266132,-0.0027116010840423574,131072,8388608,E11 energy-weighted P_N capture; frozen E20 construction
llama31_8b,E20_hadamard_g128_m1,qkv,20,0,128,1,0,0.17973006208176834,0.17973006208176834,0.001681524678133428,0.0057209270342601344,0.17957888823699622,-0.0008411160771943714,131072,4194304,E11 energy-weighted P_N capture; frozen E20 construction
llama31_8b,E20_hadamard_g128_m1,qkv,20,1,128,1,0,0.17976263202965725,0.17976263202965725,0.0016815244453027844,0.005720927035414604,0.1796114308107231,-0.0008411159606809765,131072,4194304,E11 energy-weighted P_N capture; frozen E20 construction
llama31_8b,E20_hadamard_g128_m1,qkv,20,2,128,1,0,0.17969268983815034,0.17969268983815034,0.0016815245617181063,0.005720927035053653,0.17954154743824147,-0.0008411160189377271,131072,4194304,E11 energy-weighted P_N capture; frozen E20 construction
llama31_8b,E20_hadamard_g256_m1,qkv,20,0,256,1,0,0.19551967632655476,0.19551967632655476,0.0012416124809533358,0.0033561549055315105,0.1953982587912676,-0.0006209990603931355,131072,2097152,E11 energy-weighted P_N capture; frozen E20 construction
llama31_8b,E20_hadamard_g256_m1,qkv,20,1,256,1,0,0.1955509110282776,0.1955509110282776,0.0012416124809533358,0.00335615490473875,0.19542947409627,-0.0006209990603931495,131072,2097152,E11 energy-weighted P_N capture; frozen E20 construction
llama31_8b,E20_hadamard_g256_m1,qkv,20,2,256,1,0,0.19547263856492947,0.19547263856492947,0.0012416124809533358,0.0033561549051837453,0.19535125024004807,-0.0006209990603931939,131072,2097152,E11 energy-weighted P_N capture; frozen E20 construction
llama31_8b,E20_hadamard_g256_m2,qkv,20,0,256,2,0,0.19528369046203053,0.19551967632655476,0.001681524678133428,0.005720927221827847,0.19535522158338864,0.00036629337139658244,131072,2097152,E11 energy-weighted P_N capture; frozen E20 construction
llama31_8b,E20_hadamard_g256_m2,qkv,20,1,256,2,0,0.19530696476957488,0.1955509110282776,0.0016815245617181063,0.005720927222937888,0.19538643002449385,0.0004068736361385244,131072,2097152,E11 energy-weighted P_N capture; frozen E20 construction
llama31_8b,E20_hadamard_g256_m2,qkv,20,2,256,2,0,0.19522578555668701,0.19547263856492947,0.001681524678133428,0.005720927224021032,0.1953082233859809,0.0004222691641823982,131072,2097152,E11 energy-weighted P_N capture; frozen E20 construction
llama31_8b,E20_hadamard_g256_m3,qkv,20,0,256,3,0,0.19483618470083996,0.19551967632655476,0.0038238149136304855,0.010210312730776145,0.195145502764227,0.0015875801708085642,131072,2097152,E11 energy-weighted P_N capture; frozen E20 construction
llama31_8b,E20_hadamard_g256_m3,qkv,20,1,256,3,0,0.19484448128031318,0.1955509110282776,0.003823814680799842,0.010210312732922226,0.1951766777137026,0.0017049311902834951,131072,2097152,E11 energy-weighted P_N capture; frozen E20 construction
llama31_8b,E20_hadamard_g256_m3,qkv,20,2,256,3,0,0.19476597044846145,0.19547263856492947,0.003823814680799842,0.010210312735508669,0.19509855504338403,0.001707611417727555,131072,2097152,E11 energy-weighted P_N capture; frozen E20 construction
llama31_8b,E20_hadamard_g128_m2,qkv,20,0,128,2,0,0.17893705355066558,0.17973006208176834,0.0054158493876457214,0.01415783593929647,0.17924270585059243,0.001708155431542892,131072,4194304,E11 energy-weighted P_N capture; frozen E20 construction
llama31_8b,E20_hadamard_g128_m2,qkv,20,1,128,2,0,0.1789556697577943,0.17976263202965725,0.0054158493876457214,0.01415783594807389,0.17927518748177534,0.0017854573951944697,131072,4194304,E11 energy-weighted P_N capture; frozen E20 construction
llama31_8b,E20_hadamard_g128_m2,qkv,20,2,128,2,0,0.17889630562546444,0.17969268983815034,0.0054158493876457214,0.014157835940970795,0.17920543494559074,0.0017279804579838323,131072,4194304,E11 energy-weighted P_N capture; frozen E20 construction
llama31_8b,E20_nar_g64_m1,qkv,20,0,64,1,64,0.11592032628833504,0.1624365306283453,0.4770323634147644,0.4611282936536266,0.11746841584618477,0.013354772259690492,131072,8388608,E11 energy-weighted P_N capture; frozen E20 construction
llama31_8b,E20_nar_g64_m1,qkv,20,1,64,1,64,0.11594179677614691,0.1624346702970385,0.4770323634147644,0.46112829367162483,0.1174670705196704,0.013155512385825695,131072,8388608,E11 energy-weighted P_N capture; frozen E20 construction
llama31_8b,E20_nar_g64_m1,qkv,20,2,64,1,64,0.11593802572812995,0.1623961871698354,0.4770323634147644,0.46112829369355895,0.11743924086847142,0.012948427669984346,131072,8388608,E11 energy-weighted P_N capture; frozen E20 construction
llama31_8b,E20_nar_g128_m1,qkv,20,0,128,1,32,0.1344794787023078,0.17973006208176834,0.39910075068473816,0.38972467858089255,0.13932259503021635,0.03601379462980792,131072,4194304,E11 energy-weighted P_N capture; frozen E20 construction
llama31_8b,E20_nar_g128_m1,qkv,20,1,128,1,32,0.1345052896027088,0.17976263202965725,0.39910075068473816,0.3897246785612548,0.13934784250193769,0.03600269486451008,131072,4194304,E11 energy-weighted P_N capture; frozen E20 construction
llama31_8b,E20_nar_g128_m1,qkv,20,2,128,1,32,0.13450276358395552,0.17969268983815034,0.39910075068473816,0.38972467855084403,0.13929362492970757,0.03561905508924082,131072,4194304,E11 energy-weighted P_N capture; frozen E20 construction
llama31_8b,E20_nar_g256_m1,qkv,20,0,256,1,16,0.15270795609347054,0.19551967632655476,0.31669509410858154,0.30881411997615643,0.16162098119289792,0.05836647498557199,131072,2097152,E11 energy-weighted P_N capture; frozen E20 construction
llama31_8b,E20_nar_g256_m1,qkv,20,1,256,1,16,0.1527124990753883,0.1955509110282776,0.31669509410858154,0.3088141200402598,0.16164680050292624,0.058504061433291094,131072,2097152,E11 energy-weighted P_N capture; frozen E20 construction
llama31_8b,E20_nar_g256_m1,qkv,20,2,256,1,16,0.15270818862616586,0.19547263856492947,0.31669509410858154,0.308814120026036,0.16158209871656698,0.058110243924932595,131072,2097152,E11 energy-weighted P_N capture; frozen E20 construction
llama31_8b,E20_nar_g256_m2,qkv,20,0,256,2,32,0.14631415248974378,0.19551967632655476,0.39910078048706055,0.3897247155223767,0.1515623357286918,0.035869279558010635,131072,2097152,E11 energy-weighted P_N capture; frozen E20 construction
llama31_8b,E20_nar_g256_m2,qkv,20,1,256,2,32,0.14633919863866396,0.1955509110282776,0.39910078048706055,0.3897247153061644,0.15158654814780914,0.03585744324117675,131072,2097152,E11 energy-weighted P_N capture; frozen E20 construction
llama31_8b,E20_nar_g256_m2,qkv,20,2,256,2,32,0.14635602264736214,0.19547263856492947,0.39910078048706055,0.3897247154345142,0.1515258731426579,0.035323797420706494,131072,2097152,E11 energy-weighted P_N capture; frozen E20 construction
llama31_8b,E20_nar_g256_m3,qkv,20,0,256,3,48,0.1424128190837095,0.19551967632655476,0.44586458802223206,0.4331045986548532,0.14554537919070432,0.021996335211604132,131072,2097152,E11 energy-weighted P_N capture; frozen E20 construction
llama31_8b,E20_nar_g256_m3,qkv,20,1,256,3,48,0.14241336192270104,0.1955509110282776,0.44586461782455444,0.43310459862402756,0.14556862647321492,0.022155677725145526,131072,2097152,E11 energy-weighted P_N capture; frozen E20 construction
llama31_8b,E20_nar_g256_m3,qkv,20,2,256,3,48,0.1423655028990325,0.19547263856492947,0.44586461782455444,0.433104598785401,0.1455103602400363,0.022090023755503355,131072,2097152,E11 energy-weighted P_N capture; frozen E20 construction
llama31_8b,E20_nar_g128_m2,qkv,20,0,128,2,64,0.12828070022865745,0.17973006208176834,0.4770323634147644,0.4611282476320563,0.1299744927511866,0.013203798541090057,131072,4194304,E11 energy-weighted P_N capture; frozen E20 construction
llama31_8b,E20_nar_g128_m2,qkv,20,1,128,2,64,0.12833188001981632,0.17976263202965725,0.4770323634147644,0.46112824754372195,0.1299980461979877,0.012983260105860544,131072,4194304,E11 energy-weighted P_N capture; frozen E20 construction
llama31_8b,E20_nar_g128_m2,qkv,20,2,128,2,64,0.12833803714141556,0.17969268983815034,0.4770323634147644,0.46112824752393067,0.12994746645213034,0.012540547966627806,131072,4194304,E11 energy-weighted P_N capture; frozen E20 construction
llama31_8b,E20_nar_g128_m2_c32,qkv,20,0,128,2,64,0.12828070022865745,0.17973006208176834,0.4770323634147644,0.4611282476320563,0.1299744927511866,0.013203798541090057,131072,4194304,E11 energy-weighted P_N capture; frozen E20 construction
llama31_8b,E20_nar_g128_m2_c32,qkv,20,1,128,2,64,0.12833188001981632,0.17976263202965725,0.4770323634147644,0.46112824754372195,0.1299980461979877,0.012983260105860544,131072,4194304,E11 energy-weighted P_N capture; frozen E20 construction
llama31_8b,E20_nar_g128_m2_c32,qkv,20,2,128,2,64,0.12833803714141556,0.17969268983815034,0.4770323634147644,0.46112824752393067,0.12994746645213034,0.012540547966627806,131072,4194304,E11 energy-weighted P_N capture; frozen E20 construction
llama31_8b,E20_nar_g256_m3_c32,qkv,20,0,256,3,48,0.1424128190837095,0.19551967632655476,0.44586458802223206,0.4331045986548532,0.14554537919070432,0.021996335211604132,131072,2097152,E11 energy-weighted P_N capture; frozen E20 construction
llama31_8b,E20_nar_g256_m3_c32,qkv,20,1,256,3,48,0.14241336192270104,0.1955509110282776,0.44586461782455444,0.43310459862402756,0.14556862647321492,0.022155677725145526,131072,2097152,E11 energy-weighted P_N capture; frozen E20 construction
llama31_8b,E20_nar_g256_m3_c32,qkv,20,2,256,3,48,0.1423655028990325,0.19547263856492947,0.44586461782455444,0.433104598785401,0.1455103602400363,0.022090023755503355,131072,2097152,E11 energy-weighted P_N capture; frozen E20 construction
llama31_8b,E11_g64_kmax,down,20,0,64,1,224,0.016077406223797084,0.021002715562917218,0.2967239007036248,0.2582615339972881,0.017613204597025547,0.09552525773437515,131072,29360128,frozen E11 selected eigenvalue fractions
llama31_8b,E11_g64_kmax,down,20,1,64,1,224,0.016076648112879947,0.021000340982417764,0.2967239007036248,0.25826153402494634,0.017611213236811023,0.0954530517279684,131072,29360128,frozen E11 selected eigenvalue fractions
llama31_8b,E11_g64_kmax,down,20,2,64,1,224,0.016077284424588407,0.021003351829687805,0.2967239007036248,0.2582615340197896,0.01761373818025554,0.0955667459186888,131072,29360128,frozen E11 selected eigenvalue fractions
llama31_8b,E11_g128_k8,down,20,0,128,1,8,0.019647663916169154,0.023199763354519627,0.09986606991194424,0.09660507539246614,0.022010865562152343,0.1202790141396087,131072,14680064,frozen E11 selected eigenvalue fractions
llama31_8b,E11_g128_k8,down,20,1,128,1,8,0.019649192462011338,0.02319687828413589,0.09986606991194424,0.09660507541810519,0.02200812834042368,0.12005256108987575,131072,14680064,frozen E11 selected eigenvalue fractions
llama31_8b,E11_g128_k8,down,20,2,128,1,8,0.019648034006902675,0.023201333574950515,0.09986606991194424,0.09660507540122136,0.022012355314882964,0.12033373451764513,131072,14680064,frozen E11 selected eigenvalue fractions
llama31_8b,E11_g128_k16,down,20,0,128,1,16,0.019450110888384633,0.023199763354519627,0.12582730452168198,0.11628421269508445,0.02169112982167584,0.11521882554559186,131072,14680064,frozen E11 selected eigenvalue fractions
llama31_8b,E11_g128_k16,down,20,1,128,1,16,0.019451754948163584,0.02319687828413589,0.12582730452168198,0.11628421272176778,0.021688432361564626,0.11498589301384367,131072,14680064,frozen E11 selected eigenvalue fractions
llama31_8b,E11_g128_k16,down,20,2,128,1,16,0.01944871843394704,0.023201333574950515,0.12582730452168198,0.11628421271485473,0.021692597933858474,0.11537415730153329,131072,14680064,frozen E11 selected eigenvalue fractions
llama31_8b,E11_g128_k32,down,20,0,128,1,32,0.019203733302307402,0.023199763354519627,0.16041393800203121,0.1412131354617645,0.02125769467999166,0.10695635819090799,131072,14680064,frozen E11 selected eigenvalue fractions
llama31_8b,E11_g128_k32,down,20,1,128,1,32,0.019203858579949187,0.02319687828413589,0.16041393800203121,0.14121313548287326,0.021255051120899673,0.10681147918325867,131072,14680064,frozen E11 selected eigenvalue fractions
llama31_8b,E11_g128_k32,down,20,2,128,1,32,0.019201417919924437,0.023201333574950515,0.16041393800203121,0.14121313549597342,0.02125913345615459,0.10716477006080652,131072,14680064,frozen E11 selected eigenvalue fractions
llama31_8b,E11_g128_kmax,down,20,0,128,1,112,0.018604004707293034,0.023199763354519627,0.23669367444967548,0.20523257903127862,0.02026903094220639,0.08949826992145633,131072,14680064,saved factor eigenvalue sum / calibration trace
llama31_8b,E11_g128_kmax,down,20,1,128,1,112,0.018603162731066516,0.02319687828413589,0.23669367444967548,0.20523257897482133,0.020266510331112868,0.08941208675601327,131072,14680064,saved factor eigenvalue sum / calibration trace
llama31_8b,E11_g128_kmax,down,20,2,128,1,112,0.018604214612378187,0.023201333574950515,0.23669367444967548,0.20523257896934427,0.02027040280303158,0.08955971672917622,131072,14680064,saved factor eigenvalue sum / calibration trace
llama31_8b,E11_g256_kmax,down,20,0,256,1,56,0.0210179621851192,0.02525606897335399,0.19483887644832668,0.1690835530640788,0.022662465373639033,0.07824275132077974,131072,7340032,frozen E11 selected eigenvalue fractions
llama31_8b,E11_g256_kmax,down,20,1,256,1,56,0.021017931292057312,0.02525314050698922,0.19483887644832668,0.1690835530558616,0.022659837638196133,0.07811931266324476,131072,7340032,frozen E11 selected eigenvalue fractions
llama31_8b,E11_g256_kmax,down,20,2,256,1,56,0.021019237592607962,0.025261176368107967,0.19483887644832668,0.169083553065185,0.02266704827832161,0.07839535941556462,131072,7340032,frozen E11 selected eigenvalue fractions
llama31_8b,E20_hadamard_g64_m1,down,20,0,64,1,0,0.0210044802769479,0.0210044802769479,0.006507028825581074,0.017040559466085316,0.02093603036451192,-0.0032588243809633963,131072,29360128,E11 energy-weighted P_N capture; frozen E20 construction
llama31_8b,E20_hadamard_g64_m1,down,20,1,64,1,0,0.021005689153039464,0.021005689153039464,0.006507028825581074,0.017040559464464974,0.0209372353010886,-0.0032588243809634075,131072,29360128,E11 energy-weighted P_N capture; frozen E20 construction
llama31_8b,E20_hadamard_g64_m1,down,20,2,64,1,0,0.021002546973731495,0.021002546973731495,0.006507028825581074,0.017040559463329996,0.02093410336159117,-0.00325882438096343,131072,29360128,E11 energy-weighted P_N capture; frozen E20 construction
llama31_8b,E20_hadamard_g128_m1,down,20,0,128,1,0,0.023201006081660314,0.023201006081660314,0.004801211878657341,0.010530323748261176,0.023145242595050283,-0.002403494331830279,131072,14680064,E11 energy-weighted P_N capture; frozen E20 construction
llama31_8b,E20_hadamard_g128_m1,down,20,1,128,1,0,0.023204631061828223,0.023204631061828223,0.004801211878657341,0.010530323749598388,0.023148858862598907,-0.0024034943318302438,131072,14680064,E11 energy-weighted P_N capture; frozen E20 construction
llama31_8b,E20_hadamard_g128_m1,down,20,2,128,1,0,0.023199702468003673,0.023199702468003673,0.004801211878657341,0.01053032374746474,0.023143942114621677,-0.002403494331830277,131072,14680064,E11 energy-weighted P_N capture; frozen E20 construction
llama31_8b,E20_hadamard_g256_m1,down,20,0,256,1,0,0.02525917001280182,0.02525917001280182,0.002434703754261136,0.005312867511970641,0.025228401975595015,-0.001218093753326426,131072,7340032,E11 energy-weighted P_N capture; frozen E20 construction
llama31_8b,E20_hadamard_g256_m1,down,20,1,256,1,0,0.02526544528487738,0.02526544528487738,0.0024347035214304924,0.005312867512576461,0.02523466960674573,-0.0012180936367691517,131072,7340032,E11 energy-weighted P_N capture; frozen E20 construction
llama31_8b,E20_hadamard_g256_m1,down,20,2,256,1,0,0.025256418351079852,0.025256418351079852,0.002434703754261136,0.005312867513051831,0.025225653665655,-0.0012180937533265096,131072,7340032,E11 energy-weighted P_N capture; frozen E20 construction
llama31_8b,E20_hadamard_g256_m2,down,20,0,256,2,0,0.02518768861388576,0.02525917001280182,0.004801211878657341,0.010530324113967883,0.025198459740849312,0.0004276345927832556,131072,7340032,E11 energy-weighted P_N capture; frozen E20 construction
llama31_8b,E20_hadamard_g256_m2,down,20,1,256,2,0,0.02519309490588904,0.02526544528487738,0.004801212344318628,0.010530324108607153,0.02520471992444727,0.00046143669928825097,131072,7340032,E11 energy-weighted P_N capture; frozen E20 construction
llama31_8b,E20_hadamard_g256_m2,down,20,2,256,2,0,0.02518600803601867,0.025256418351079852,0.004801211878657341,0.010530324111030965,0.025195714692730697,0.00038539877769216827,131072,7340032,E11 energy-weighted P_N capture; frozen E20 construction
llama31_8b,E20_hadamard_g256_m3,down,20,0,256,3,0,0.025143818033935998,0.02525917001280182,0.005798877216875553,0.013843537073398277,0.025185826117394183,0.0016707121965919079,131072,7340032,E11 energy-weighted P_N capture; frozen E20 construction
llama31_8b,E20_hadamard_g256_m3,down,20,1,256,3,0,0.025148862650407975,0.02526544528487738,0.005798877216875553,0.013843537070882928,0.025192083168249547,0.001718587374800054,131072,7340032,E11 energy-weighted P_N capture; frozen E20 construction
llama31_8b,E20_hadamard_g256_m3,down,20,2,256,3,0,0.02514216617361864,0.025256418351079852,0.005798877216875553,0.013843537072060152,0.025183082445546366,0.0016273964480697082,131072,7340032,E11 energy-weighted P_N capture; frozen E20 construction
llama31_8b,E20_hadamard_g128_m2,down,20,0,128,2,0,0.02312104408225522,0.023201006081660314,0.0065070283599197865,0.017040558881967635,0.023125398082798083,0.00018831331869671164,131072,14680064,E11 energy-weighted P_N capture; frozen E20 construction
llama31_8b,E20_hadamard_g128_m2,down,20,1,128,2,0,0.023124457654476238,0.023204631061828223,0.006507028825581074,0.01704055888207225,0.023129011244372676,0.00019691661376355338,131072,14680064,E11 energy-weighted P_N capture; frozen E20 construction
llama31_8b,E20_hadamard_g128_m2,down,20,2,128,2,0,0.023120070441303233,0.023199702468003673,0.0065070283599197865,0.01704055888137241,0.023124098717389106,0.00017423286387035412,131072,14680064,E11 energy-weighted P_N capture; frozen E20 construction
llama31_8b,E20_nar_g64_m1,down,20,0,64,1,224,0.015915823350400014,0.0210044802769479,0.2967239022254944,0.258261536632002,0.017614684494655794,0.10674038702578857,131072,29360128,E11 energy-weighted P_N capture; frozen E20 construction
llama31_8b,E20_nar_g64_m1,down,20,1,64,1,224,0.015914454255812442,0.021005689153039464,0.2967239022254944,0.2582615366190423,0.017615698276985337,0.10689930008448442,131072,29360128,E11 energy-weighted P_N capture; frozen E20 construction
llama31_8b,E20_nar_g64_m1,down,20,2,64,1,224,0.015914961693199774,0.021002546973731495,0.2967239022254944,0.2582615366999935,0.017613063196449865,0.1066984348429607,131072,29360128,E11 energy-weighted P_N capture; frozen E20 construction
llama31_8b,E20_nar_g128_m1,down,20,0,128,1,112,0.01828303261654932,0.023201006081660314,0.24368925392627716,0.2116048072250001,0.020177016701521527,0.10359244687108544,131072,14680064,E11 energy-weighted P_N capture; frozen E20 construction
llama31_8b,E20_nar_g128_m1,down,20,1,128,1,112,0.018281392559155347,0.023204631061828223,0.24368925392627716,0.21160480718642552,0.02018016920642296,0.10386389554972399,131072,14680064,E11 energy-weighted P_N capture; frozen E20 construction
llama31_8b,E20_nar_g128_m1,down,20,2,128,1,112,0.018280857277507518,0.023199702468003673,0.24368923902511597,0.2116048072402294,0.020175883197954145,0.10366176441726489,131072,14680064,E11 energy-weighted P_N capture; frozen E20 construction
llama31_8b,E20_nar_g256_m1,down,20,0,256,1,56,0.020716409392122857,0.02525917001280182,0.19483885169029236,0.16908355535697578,0.022665248308708363,0.09407223422252542,131072,7340032,E11 energy-weighted P_N capture; frozen E20 construction
llama31_8b,E20_nar_g256_m1,down,20,1,256,1,56,0.020713409276445254,0.02526544528487738,0.19483886659145355,0.1690835553725003,0.02267087894901504,0.09450253439426641,131072,7340032,E11 energy-weighted P_N capture; frozen E20 construction
llama31_8b,E20_nar_g256_m1,down,20,2,256,1,56,0.020714019901613652,0.025256418351079852,0.19483885169029236,0.1690835553831336,0.022662779221396378,0.09407924338389358,131072,7340032,E11 energy-weighted P_N capture; frozen E20 construction
llama31_8b,E20_nar_g256_m2,down,20,0,256,2,112,0.020239574091616648,0.02525917001280182,0.24368925392627716,0.21160482669440545,0.021966922185229738,0.08534508116594051,131072,7340032,E11 energy-weighted P_N capture; frozen E20 construction
llama31_8b,E20_nar_g256_m2,down,20,1,256,2,112,0.0202399791534387,0.02526544528487738,0.24368925392627716,0.2116048266303416,0.021972379546390263,0.08559299294817868,131072,7340032,E11 energy-weighted P_N capture; frozen E20 construction
llama31_8b,E20_nar_g256_m2,down,20,2,256,2,112,0.020236533251903475,0.025256418351079852,0.24368925392627716,0.21160482668383995,0.02196452917156793,0.08538991823127204,131072,7340032,E11 energy-weighted P_N capture; frozen E20 construction
llama31_8b,E20_nar_g256_m3,down,20,0,256,3,168,0.019960107891803375,0.02525917001280182,0.27488231658935547,0.23883888601637082,0.02150915376288018,0.07760708907354752,131072,7340032,E11 energy-weighted P_N capture; frozen E20 construction
llama31_8b,E20_nar_g256_m3,down,20,1,256,3,168,0.019960064605139216,0.02526544528487738,0.27488231658935547,0.23883888613963158,0.021514497398158326,0.0778771423725193,131072,7340032,E11 energy-weighted P_N capture; frozen E20 construction
llama31_8b,E20_nar_g256_m3,down,20,2,256,3,168,0.01996027689026958,0.025256418351079852,0.27488231658935547,0.23883888597706085,0.021506810617200757,0.07748057481532715,131072,7340032,E11 energy-weighted P_N capture; frozen E20 construction
llama31_8b,E20_nar_g128_m2,down,20,0,128,2,224,0.017876814331119872,0.023201006081660314,0.2967239022254944,0.2582615111400035,0.01945672526520711,0.0883776552591329,131072,14680064,E11 energy-weighted P_N capture; frozen E20 construction
llama31_8b,E20_nar_g128_m2,down,20,1,128,2,224,0.01787486516040517,0.023204631061828223,0.2967239022254944,0.2582615110907811,0.019459765230067712,0.088666407015661,131072,14680064,E11 energy-weighted P_N capture; frozen E20 construction
llama31_8b,E20_nar_g128_m2,down,20,2,128,2,224,0.017874483259349483,0.023199702468003673,0.2967239022254944,0.2582615111864007,0.0194556320344791,0.08845843273833257,131072,14680064,E11 energy-weighted P_N capture; frozen E20 construction
llama31_8b,E20_nar_g128_m2_c32,down,20,0,128,2,224,0.017876814331119872,0.023201006081660314,0.2967239022254944,0.2582615111400035,0.01945672526520711,0.0883776552591329,131072,14680064,E11 energy-weighted P_N capture; frozen E20 construction
llama31_8b,E20_nar_g128_m2_c32,down,20,1,128,2,224,0.01787486516040517,0.023204631061828223,0.2967239022254944,0.2582615110907811,0.019459765230067712,0.088666407015661,131072,14680064,E11 energy-weighted P_N capture; frozen E20 construction
llama31_8b,E20_nar_g128_m2_c32,down,20,2,128,2,224,0.017874483259349483,0.023199702468003673,0.2967239022254944,0.2582615111864007,0.0194556320344791,0.08845843273833257,131072,14680064,E11 energy-weighted P_N capture; frozen E20 construction
llama31_8b,E20_nar_g256_m3_c32,down,20,0,256,3,168,0.019960107891803375,0.02525917001280182,0.27488231658935547,0.23883888601637082,0.02150915376288018,0.07760708907354752,131072,7340032,E11 energy-weighted P_N capture; frozen E20 construction
llama31_8b,E20_nar_g256_m3_c32,down,20,1,256,3,168,0.019960064605139216,0.02526544528487738,0.27488231658935547,0.23883888613963158,0.021514497398158326,0.0778771423725193,131072,7340032,E11 energy-weighted P_N capture; frozen E20 construction
llama31_8b,E20_nar_g256_m3_c32,down,20,2,256,3,168,0.01996027689026958,0.025256418351079852,0.27488231658935547,0.23883888597706085,0.021506810617200757,0.07748057481532715,131072,7340032,E11 energy-weighted P_N capture; frozen E20 construction
llama31_8b,E11_g64_kmax,qkv,21,0,64,1,64,0.11693783135413138,0.15950010168200635,0.47598754157852874,0.4591865810935424,0.11546005777983923,-0.012637258252352119,131072,8388608,frozen E11 selected eigenvalue fractions
llama31_8b,E11_g64_kmax,qkv,21,1,64,1,64,0.11692947759458061,0.15961126423643535,0.47598754157852874,0.45918658104218335,0.11554052691322521,-0.01187853319734473,131072,8388608,frozen E11 selected eigenvalue fractions
llama31_8b,E11_g64_kmax,qkv,21,2,64,1,64,0.11690518285221385,0.15961094946661714,0.47598754157852874,0.45918658107622,0.11554029905543067,-0.011675135040921167,131072,8388608,frozen E11 selected eigenvalue fractions
llama31_8b,E11_g128_k8,qkv,21,0,128,1,8,0.14867753990789723,0.17660888057240243,0.25828483805837366,0.2532861542692268,0.15210066617774895,0.02302382910002601,131072,4194304,frozen E11 selected eigenvalue fractions
llama31_8b,E11_g128_k8,qkv,21,1,128,1,8,0.1486985890000243,0.1767043015522205,0.25828483805837366,0.25328615433974533,0.15218284548011823,0.023431671433636524,131072,4194304,frozen E11 selected eigenvalue fractions
llama31_8b,E11_g128_k8,qkv,21,2,128,1,8,0.1486326696788618,0.17671552111105449,0.25828483805837366,0.2532861543179335,0.1521925080880649,0.02395057840846527,131072,4194304,frozen E11 selected eigenvalue fractions
llama31_8b,E11_g128_k16,qkv,21,0,128,1,16,0.1438322021587224,0.17660888057240243,0.32152244846185496,0.313736185911034,0.14547229126460695,0.011402794932352378,131072,4194304,frozen E11 selected eigenvalue fractions
llama31_8b,E11_g128_k16,qkv,21,1,128,1,16,0.14383142893727818,0.1767043015522205,0.32152244846185496,0.3137361859392616,0.14555088928597404,0.011954691414806675,131072,4194304,frozen E11 selected eigenvalue fractions
llama31_8b,E11_g128_k16,qkv,21,2,128,1,16,0.14390278539472234,0.17671552111105449,0.32152244846185496,0.3137361858833261,0.14556013080840072,0.01151711837357637,131072,4194304,frozen E11 selected eigenvalue fractions
llama31_8b,E11_g128_k32,qkv,21,0,128,1,32,0.13686313048049303,0.17660888057240243,0.40018985870559187,0.3892274185898392,0.13677900494198975,-0.0006146691092622516,131072,4194304,frozen E11 selected eigenvalue fractions
llama31_8b,E11_g128_k32,qkv,21,1,128,1,32,0.13691854848518492,0.1767043015522205,0.40018985870559187,0.3892274186168728,0.13685290602005445,-0.0004794271182152454,131072,4194304,frozen E11 selected eigenvalue fractions
llama31_8b,E11_g128_k32,qkv,21,2,128,1,32,0.13689682198019604,0.17671552111105449,0.40018985870559187,0.3892274186232874,0.13686159527785524,-0.0002573230103609853,131072,4194304,frozen E11 selected eigenvalue fractions
llama31_8b,E11_g128_kmax,qkv,21,0,128,1,32,0.1372055870289186,0.17660888057240243,0.39685988210681666,0.38622183629748386,0.13715815864549027,-0.0003456738494062671,131072,4194304,saved factor eigenvalue sum / calibration trace
llama31_8b,E11_g128_kmax,qkv,21,1,128,1,32,0.13716168746667545,0.1767043015522205,0.39685988210681666,0.38622183621052536,0.13723226457858706,0.000514554123787333,131072,4194304,saved factor eigenvalue sum / calibration trace
llama31_8b,E11_g128_kmax,qkv,21,2,128,1,32,0.13720309524977292,0.17671552111105449,0.39685988210681666,0.38622183619109735,0.1372409779231567,0.00027610655076562465,131072,4194304,saved factor eigenvalue sum / calibration trace
llama31_8b,E11_g256_kmax,qkv,21,0,256,1,16,0.1575052885636623,0.19208708495987636,0.32152244846185496,0.3122672340353142,0.15822164933544666,0.004548169641267702,131072,2097152,frozen E11 selected eigenvalue fractions
llama31_8b,E11_g256_kmax,qkv,21,1,256,1,16,0.15751269382608513,0.19220796774293092,0.32152244846185496,0.31226723383680416,0.15832122018017653,0.005133086956052692,131072,2097152,frozen E11 selected eigenvalue fractions
llama31_8b,E11_g256_kmax,qkv,21,2,256,1,16,0.15751536131579158,0.19224339152964376,0.32152244846185496,0.3122672340046611,0.15835039866430306,0.0053013073870133345,131072,2097152,frozen E11 selected eigenvalue fractions
llama31_8b,E20_hadamard_g64_m1,qkv,21,0,64,1,0,0.1595667145638,0.1595667145638,0.00644343625754118,0.01525071050534316,0.15905180479923553,-0.0032269246501192912,131072,8388608,E11 energy-weighted P_N capture; frozen E20 construction
llama31_8b,E20_hadamard_g64_m1,qkv,21,1,64,1,0,0.15966502535100968,0.15966502535100968,0.006443435326218605,0.015250710504251546,0.15914979841953308,-0.0032269241829506255,131072,8388608,E11 energy-weighted P_N capture; frozen E20 construction
llama31_8b,E20_hadamard_g64_m1,qkv,21,2,64,1,0,0.15951676864817355,0.15951676864817355,0.006443435326218605,0.015250710503891625,0.15900202012983664,-0.0032269241829504945,131072,8388608,E11 energy-weighted P_N capture; frozen E20 construction
llama31_8b,E20_hadamard_g128_m1,qkv,21,0,128,1,0,0.17665219509447283,0.17665219509447283,0.0019908505491912365,0.006104434662331493,0.17647626342762424,-0.0009959212041181086,131072,4194304,E11 energy-weighted P_N capture; frozen E20 construction
llama31_8b,E20_hadamard_g128_m1,qkv,21,1,128,1,0,0.17674277881034328,0.17674277881034328,0.001990850316360593,0.006104434662750872,0.17656675694984741,-0.0009959210875865575,131072,4194304,E11 energy-weighted P_N capture; frozen E20 construction
llama31_8b,E20_hadamard_g128_m1,qkv,21,2,128,1,0,0.17655816105624034,0.17655816105624034,0.0019908505491912365,0.006104434661826674,0.17638232303988433,-0.0009959212041181175,131072,4194304,E11 energy-weighted P_N capture; frozen E20 construction
llama31_8b,E20_hadamard_g256_m1,qkv,21,0,256,1,0,0.19214368065850707,0.19214368065850707,0.0015462131705135107,0.0037136608473205632,0.19199507564769602,-0.0007734056634168218,131072,2097152,E11 energy-weighted P_N capture; frozen E20 construction
llama31_8b,E20_hadamard_g256_m1,qkv,21,1,256,1,0,0.19224501660735172,0.19224501660735172,0.0015462131705135107,0.003713660846293817,0.19209633322274391,-0.0007734056634168938,131072,2097152,E11 energy-weighted P_N capture; frozen E20 construction
llama31_8b,E20_hadamard_g256_m1,qkv,21,2,256,1,0,0.1920332235878135,0.1920332235878135,0.0015462131705135107,0.003713660847372997,0.19188470400512647,-0.0007734056634169238,131072,2097152,E11 energy-weighted P_N capture; frozen E20 construction
llama31_8b,E20_hadamard_g256_m2,qkv,21,0,256,2,0,0.19191941272096358,0.19214368065850707,0.0019908505491912365,0.006104434864492738,0.19195232069270196,0.00017146765546968722,131072,2097152,E11 energy-weighted P_N capture; frozen E20 construction
llama31_8b,E20_hadamard_g256_m2,qkv,21,1,256,2,0,0.19200433918546267,0.19224501660735172,0.001990850316360593,0.006104434864678252,0.192053555741329,0.00025633043542210807,131072,2097152,E11 energy-weighted P_N capture; frozen E20 construction
llama31_8b,E20_hadamard_g256_m2,qkv,21,2,256,2,0,0.1917991163627839,0.1920332235878135,0.0019908505491912365,0.006104434864606914,0.19184197362854724,0.00022344871329996988,131072,2097152,E11 energy-weighted P_N capture; frozen E20 construction
llama31_8b,E20_hadamard_g256_m3,qkv,21,0,256,3,0,0.1914057315370421,0.19214368065850707,0.004809563979506493,0.01122608494175435,0.19168106007454616,0.0014384550310646105,131072,2097152,E11 energy-weighted P_N capture; frozen E20 construction
llama31_8b,E20_hadamard_g256_m3,qkv,21,1,256,3,0,0.19151918946539226,0.19224501660735172,0.004809563979506493,0.01122608494229887,0.19178215203880766,0.0013730351206552157,131072,2097152,E11 energy-weighted P_N capture; frozen E20 construction
llama31_8b,E20_hadamard_g256_m3,qkv,21,2,256,3,0,0.1912984736202361,0.1920332235878135,0.004809563979506493,0.011226084944570882,0.19157086894918252,0.0014239283972916747,131072,2097152,E11 energy-weighted P_N capture; frozen E20 construction
llama31_8b,E20_hadamard_g128_m2,qkv,21,0,128,2,0,0.1758011923666416,0.17665219509447283,0.006443435326218605,0.015250709979661867,0.1760821518541512,0.0015981659949360946,131072,4194304,E11 energy-weighted P_N capture; frozen E20 construction
llama31_8b,E20_hadamard_g128_m2,qkv,21,1,128,2,0,0.17591737931070384,0.17674277881034328,0.006443435326218605,0.015250709975950459,0.1761724432632383,0.0014499076414955904,131072,4194304,E11 energy-weighted P_N capture; frozen E20 construction
llama31_8b,E20_hadamard_g128_m2,qkv,21,2,128,2,0,0.1757313546806376,0.17655816105624034,0.006443435326218605,0.015250709978080645,0.17598842125663067,0.0014628384129868833,131072,4194304,E11 energy-weighted P_N capture; frozen E20 construction
llama31_8b,E20_nar_g64_m1,qkv,21,0,64,1,64,0.11435574911688251,0.1595667145638,0.4759875237941742,0.4591865921292943,0.11550827994231315,0.01007846858886511,131072,8388608,E11 energy-weighted P_N capture; frozen E20 construction
llama31_8b,E20_nar_g64_m1,qkv,21,1,64,1,64,0.11433331602835506,0.15966502535100968,0.4759875237941742,0.4591865920978491,0.11557944584907139,0.010899096291471878,131072,8388608,E11 energy-weighted P_N capture; frozen E20 construction
llama31_8b,E20_nar_g64_m1,qkv,21,2,64,1,64,0.1143533407528663,0.15951676864817355,0.4759875237941742,0.4591865921011794,0.11547212474027163,0.009783570642008495,131072,8388608,E11 energy-weighted P_N capture; frozen E20 construction
llama31_8b,E20_nar_g128_m1,qkv,21,0,128,1,32,0.13268094025238497,0.17665219509447283,0.40018975734710693,0.3892274325170042,0.13681256247734377,0.03113953079545301,131072,4194304,E11 energy-weighted P_N capture; frozen E20 construction
llama31_8b,E20_nar_g128_m1,qkv,21,1,128,1,32,0.1326337385210552,0.17674277881034328,0.40018975734710693,0.38922743257422526,0.13688271722566336,0.03203542893374488,131072,4194304,E11 energy-weighted P_N capture; frozen E20 construction
llama31_8b,E20_nar_g128_m1,qkv,21,2,128,1,32,0.1326407831792551,0.17655816105624034,0.4001898169517517,0.38922743253160796,0.1367397287493857,0.030902603798645796,131072,4194304,E11 energy-weighted P_N capture; frozen E20 construction
llama31_8b,E20_nar_g256_m1,qkv,21,0,256,1,16,0.15033953109886866,0.19214368065850707,0.3215223550796509,0.3122672399901104,0.15826827796185336,0.05273893569463423,131072,2097152,E11 energy-weighted P_N capture; frozen E20 construction
llama31_8b,E20_nar_g256_m1,qkv,21,1,256,1,16,0.15030866718397284,0.19224501660735172,0.3215223550796509,0.31226723992924726,0.15835174813409272,0.05351042691553784,131072,2097152,E11 energy-weighted P_N capture; frozen E20 construction
llama31_8b,E20_nar_g256_m1,qkv,21,2,256,1,16,0.15028391997284274,0.1920332235878135,0.3215223550796509,0.3122672398318277,0.15817729474394335,0.052523082792403815,131072,2097152,E11 energy-weighted P_N capture; frozen E20 construction
llama31_8b,E20_nar_g256_m2,qkv,21,0,256,2,32,0.14438769192122436,0.19214368065850707,0.4001897871494293,0.38922746979527534,0.14881031423126317,0.030630189119247975,131072,2097152,E11 energy-weighted P_N capture; frozen E20 construction
llama31_8b,E20_nar_g256_m2,qkv,21,1,256,2,32,0.1443585993544083,0.19224501660735172,0.4001898169517517,0.3892274696899512,0.14888879260549653,0.03138152677670658,131072,2097152,E11 energy-weighted P_N capture; frozen E20 construction
llama31_8b,E20_nar_g256_m2,qkv,21,2,256,2,32,0.14435788737291588,0.1920332235878135,0.4001897871494293,0.3892274697072655,0.148724768085053,0.03025037835900348,131072,2097152,E11 energy-weighted P_N capture; frozen E20 construction
llama31_8b,E20_nar_g256_m3,qkv,21,0,256,3,48,0.14038521229951506,0.19214368065850707,0.4454071521759033,0.4322022415281098,0.14309130284282642,0.019276179442161305,131072,2097152,E11 energy-weighted P_N capture; frozen E20 construction
llama31_8b,E20_nar_g256_m3,qkv,21,1,256,3,48,0.1403496940972584,0.19224501660735172,0.4454071521759033,0.4322022413466268,0.14316676872801867,0.020071825940768537,131072,2097152,E11 energy-weighted P_N capture; frozen E20 construction
llama31_8b,E20_nar_g256_m3,qkv,21,2,256,3,48,0.14038551082770034,0.1920332235878135,0.4454071521759033,0.4322022414639094,0.14300904436781658,0.018688064919578404,131072,2097152,E11 energy-weighted P_N capture; frozen E20 construction
llama31_8b,E20_nar_g128_m2,qkv,21,0,128,2,64,0.12654040727624594,0.17665219509447283,0.4759874641895294,0.45918654625643374,0.1278762454918247,0.010556613846378205,131072,4194304,E11 energy-weighted P_N capture; frozen E20 construction
llama31_8b,E20_nar_g128_m2,qkv,21,1,128,2,64,0.12652822881074854,0.17674277881034328,0.47598743438720703,0.4591865464082087,0.1279418215135917,0.011172152776733404,131072,4194304,E11 energy-weighted P_N capture; frozen E20 construction
llama31_8b,E20_nar_g128_m2,qkv,21,2,128,2,64,0.12653432244682694,0.17655816105624034,0.4759874641895294,0.4591865464190622,0.12780817546444023,0.01006725284476548,131072,4194304,E11 energy-weighted P_N capture; frozen E20 construction
llama31_8b,E20_nar_g128_m2_c32,qkv,21,0,128,2,64,0.12654040727624594,0.17665219509447283,0.4759874641895294,0.45918654625643374,0.1278762454918247,0.010556613846378205,131072,4194304,E11 energy-weighted P_N capture; frozen E20 construction
llama31_8b,E20_nar_g128_m2_c32,qkv,21,1,128,2,64,0.12652822881074854,0.17674277881034328,0.47598743438720703,0.4591865464082087,0.1279418215135917,0.011172152776733404,131072,4194304,E11 energy-weighted P_N capture; frozen E20 construction
llama31_8b,E20_nar_g128_m2_c32,qkv,21,2,128,2,64,0.12653432244682694,0.17655816105624034,0.4759874641895294,0.4591865464190622,0.12780817546444023,0.01006725284476548,131072,4194304,E11 energy-weighted P_N capture; frozen E20 construction
llama31_8b,E20_nar_g256_m3_c32,qkv,21,0,256,3,48,0.14038521229951506,0.19214368065850707,0.4454071521759033,0.4322022415281098,0.14309130284282642,0.019276179442161305,131072,2097152,E11 energy-weighted P_N capture; frozen E20 construction
llama31_8b,E20_nar_g256_m3_c32,qkv,21,1,256,3,48,0.1403496940972584,0.19224501660735172,0.4454071521759033,0.4322022413466268,0.14316676872801867,0.020071825940768537,131072,2097152,E11 energy-weighted P_N capture; frozen E20 construction
llama31_8b,E20_nar_g256_m3_c32,qkv,21,2,256,3,48,0.14038551082770034,0.1920332235878135,0.4454071521759033,0.4322022414639094,0.14300904436781658,0.018688064919578404,131072,2097152,E11 energy-weighted P_N capture; frozen E20 construction
llama31_8b,E11_g64_kmax,down,21,0,64,1,224,0.017407074769441342,0.023406519951585936,0.33797177069686357,0.2830795116185769,0.01904474238538447,0.09408057572189583,131072,29360128,frozen E11 selected eigenvalue fractions
llama31_8b,E11_g64_kmax,down,21,1,64,1,224,0.01740789553621009,0.023409513212549138,0.33797177069686357,0.2830795116166355,0.019047177855674557,0.09416889686950404,131072,29360128,frozen E11 selected eigenvalue fractions
llama31_8b,E11_g64_kmax,down,21,2,64,1,224,0.017407883188091507,0.023409988705919704,0.33797177069686357,0.2830795116322975,0.01904756474141268,0.09419189775140827,131072,29360128,frozen E11 selected eigenvalue fractions
llama31_8b,E11_g128_k8,down,21,0,128,1,8,0.021531546851804535,0.025890682332702624,0.10864298442500159,0.09635054459383953,0.024443834783769103,0.13525679097786195,131072,14680064,frozen E11 selected eigenvalue fractions
llama31_8b,E11_g128_k8,down,21,1,128,1,8,0.02153041961794235,0.02589732376791996,0.10864298442500159,0.09635054464422406,0.024450105076034616,0.13560745725824827,131072,14680064,frozen E11 selected eigenvalue fractions
llama31_8b,E11_g128_k8,down,21,2,128,1,8,0.02153003937570925,0.025895898008303244,0.10864298442500159,0.09635054462157926,0.02444875899206261,0.13556499202905947,131072,14680064,frozen E11 selected eigenvalue fractions
llama31_8b,E11_g128_k16,down,21,0,128,1,16,0.021295660166506063,0.025890682332702624,0.1411982816840928,0.11718114933163841,0.02399329802544486,0.12667547462001943,131072,14680064,frozen E11 selected eigenvalue fractions
llama31_8b,E11_g128_k16,down,21,1,128,1,16,0.02129456921665618,0.02589732376791996,0.1411982816840928,0.11718114931295617,0.02399945274676269,0.12702222348742362,131072,14680064,frozen E11 selected eigenvalue fractions
llama31_8b,E11_g128_k16,down,21,2,128,1,16,0.021297261010887438,0.025895898008303244,0.1411982816840928,0.11718114931909507,0.023998131473149394,0.12681773777769992,131072,14680064,frozen E11 selected eigenvalue fractions
llama31_8b,E11_g128_k32,down,21,0,128,1,32,0.020993267400678244,0.025890682332702624,0.1812380898109823,0.14354568956353891,0.02342730390788156,0.11594367188047536,131072,14680064,frozen E11 selected eigenvalue fractions
llama31_8b,E11_g128_k32,down,21,1,128,1,32,0.020991218689323805,0.02589732376791996,0.1812380898109823,0.1435456895486636,0.02343331344131995,0.11633887427594669,131072,14680064,frozen E11 selected eigenvalue fractions
llama31_8b,E11_g128_k32,down,21,2,128,1,32,0.020994198868634215,0.025895898008303244,0.1812380898109823,0.14354568951187366,0.023432023336122598,0.1161189566099874,131072,14680064,frozen E11 selected eigenvalue fractions
llama31_8b,E11_g128_kmax,down,21,0,128,1,112,0.020226780925161978,0.025890682332702624,0.27112606226736824,0.22361998693537494,0.022103940704749126,0.09280566129294326,131072,14680064,saved factor eigenvalue sum / calibration trace
llama31_8b,E11_g128_kmax,down,21,1,128,1,112,0.020227454214866793,0.02589732376791996,0.27112606226736824,0.22361998689104062,0.02210961077123683,0.09304960161455647,131072,14680064,saved factor eigenvalue sum / calibration trace
llama31_8b,E11_g128_kmax,down,21,2,128,1,112,0.020229427719279665,0.025895898008303244,0.27112606226736824,0.2236199868850639,0.022108393541593278,0.09288279670526041,131072,14680064,saved factor eigenvalue sum / calibration trace
llama31_8b,E11_g256_kmax,down,21,0,256,1,56,0.022968324428887472,0.028150593603047978,0.2212250123157799,0.1781023431223128,0.024842400236231816,0.08159392789607679,131072,7340032,frozen E11 selected eigenvalue fractions
llama31_8b,E11_g256_kmax,down,21,1,256,1,56,0.022968716835237997,0.028157979406502776,0.2212250123157799,0.17810234311993367,0.024848918076959353,0.08185921987756849,131072,7340032,frozen E11 selected eigenvalue fractions
llama31_8b,E11_g256_kmax,down,21,2,256,1,56,0.022970141617963704,0.028155105853720767,0.2212250123157799,0.17810234309438516,0.024846382217527142,0.08168171667240101,131072,7340032,frozen E11 selected eigenvalue fractions
llama31_8b,E20_hadamard_g64_m1,down,21,0,64,1,0,0.02340852238034655,0.02340852238034655,0.004583721049129963,0.015910650149823517,0.023354811692569477,-0.0022944928733377914,131072,29360128,E11 energy-weighted P_N capture; frozen E20 construction
llama31_8b,E20_hadamard_g64_m1,down,21,1,64,1,0,0.023409501911982007,0.023409501911982007,0.004583721049129963,0.015910650150763792,0.023355788976676575,-0.0022944928733378387,131072,29360128,E11 energy-weighted P_N capture; frozen E20 construction
llama31_8b,E20_hadamard_g64_m1,down,21,2,64,1,0,0.023408849228851954,0.023408849228851954,0.004583721049129963,0.015910650149904296,0.023355137791123314,-0.0022944928733377836,131072,29360128,E11 energy-weighted P_N capture; frozen E20 construction
llama31_8b,E20_hadamard_g128_m1,down,21,0,128,1,0,0.02589432801280297,0.02589432801280297,0.002014901489019394,0.0062990106066152865,0.025868227598697703,-0.001007958734915372,131072,14680064,E11 energy-weighted P_N capture; frozen E20 construction
llama31_8b,E20_hadamard_g128_m1,down,21,1,128,1,0,0.02589525229820027,0.02589525229820027,0.002014901489019394,0.006299010604975536,0.025869150952453464,-0.0010079587349153124,131072,14680064,E11 energy-weighted P_N capture; frozen E20 construction
llama31_8b,E20_hadamard_g128_m1,down,21,2,128,1,0,0.025893847371089684,0.025893847371089684,0.002014901489019394,0.006299010603940064,0.02586774744145143,-0.0010079587349153007,131072,14680064,E11 energy-weighted P_N capture; frozen E20 construction
llama31_8b,E20_hadamard_g256_m1,down,21,0,256,1,0,0.028154607595269505,0.028154607595269505,0.0012834527296945453,0.003204355704926085,0.02813653424034761,-0.0006419324034525351,131072,7340032,E11 energy-weighted P_N capture; frozen E20 construction
llama31_8b,E20_hadamard_g256_m1,down,21,1,256,1,0,0.02815341614488506,0.02815341614488506,0.0012834527296945453,0.0032043557060342995,0.028135343554793774,-0.0006419324034525462,131072,7340032,E11 energy-weighted P_N capture; frozen E20 construction
llama31_8b,E20_hadamard_g256_m1,down,21,2,256,1,0,0.028151927472452622,0.028151927472452622,0.0012834527296945453,0.003204355706591272,0.028133855837988407,-0.0006419324034526164,131072,7340032,E11 energy-weighted P_N capture; frozen E20 construction
llama31_8b,E20_hadamard_g256_m2,down,21,0,256,2,0,0.02810870311044982,0.028154607595269505,0.002014901489019394,0.006299010821330374,0.02812622891261574,0.000623500917031011,131072,7340032,E11 energy-weighted P_N capture; frozen E20 construction
llama31_8b,E20_hadamard_g256_m2,down,21,1,256,2,0,0.02810794878638883,0.02815341614488506,0.002014901489019394,0.006299010817904705,0.028125038663164115,0.0006080086777289636,131072,7340032,E11 energy-weighted P_N capture; frozen E20 construction
llama31_8b,E20_hadamard_g256_m2,down,21,2,256,2,0,0.028106905892356364,0.028151927472452622,0.002014901489019394,0.006299010819108252,0.02812355149125206,0.0005922245215978339,131072,7340032,E11 energy-weighted P_N capture; frozen E20 construction
llama31_8b,E20_hadamard_g256_m3,down,21,0,256,3,0,0.028019678681847564,0.028154607595269505,0.0039026010781526566,0.012644876001989406,0.0280996157890721,0.0028528916456248975,131072,7340032,E11 energy-weighted P_N capture; frozen E20 construction
llama31_8b,E20_hadamard_g256_m3,down,21,1,256,3,0,0.028018793150041583,0.02815341614488506,0.0039026010781526566,0.012644875997133414,0.028098426665838137,0.0028421465325117216,131072,7340032,E11 energy-weighted P_N capture; frozen E20 construction
llama31_8b,E20_hadamard_g256_m3,down,21,2,256,3,0,0.028016526942747255,0.028151927472452622,0.003902601543813944,0.012644876005787491,0.02809694089452522,0.0028702327002305497,131072,7340032,E11 energy-weighted P_N capture; frozen E20 construction
llama31_8b,E20_hadamard_g128_m2,down,21,0,128,2,0,0.02576693136483334,0.02589432801280297,0.004583721049129963,0.015910649604010615,0.025834913661717723,0.002638354405568252,131072,14680064,E11 energy-weighted P_N capture; frozen E20 construction
llama31_8b,E20_hadamard_g128_m2,down,21,1,128,2,0,0.02576782253523513,0.02589525229820027,0.004583721049129963,0.015910649606829724,0.025835835826348765,0.00263946598594559,131072,14680064,E11 energy-weighted P_N capture; frozen E20 construction
llama31_8b,E20_hadamard_g128_m2,down,21,2,128,2,0,0.02576556497578261,0.025893847371089684,0.004583721049129963,0.015910649609174536,0.02583443412283342,0.0026729142992029356,131072,14680064,E11 energy-weighted P_N capture; frozen E20 construction
llama31_8b,E20_nar_g64_m1,down,21,0,64,1,224,0.0171844954686955,0.02340852238034655,0.3379718065261841,0.28307953050730555,0.01904637114849201,0.10834625218926182,131072,29360128,E11 energy-weighted P_N capture; frozen E20 construction
llama31_8b,E20_nar_g64_m1,down,21,1,64,1,224,0.01718647628287732,0.023409501911982007,0.3379718065261841,0.28307953046044865,0.019047168145533405,0.10826488408853582,131072,29360128,E11 energy-weighted P_N capture; frozen E20 construction
llama31_8b,E20_nar_g64_m1,down,21,2,64,1,224,0.017185184706227357,0.023408849228851954,0.3379718065261841,0.28307953048204226,0.01904663708915422,0.10831727530122694,131072,29360128,E11 energy-weighted P_N capture; frozen E20 construction
llama31_8b,E20_nar_g128_m1,down,21,0,128,1,112,0.0198112038809481,0.02589432801280297,0.2783595621585846,0.2305940226610945,0.02199708210001528,0.1103354562500505,131072,14680064,E11 energy-weighted P_N capture; frozen E20 construction
llama31_8b,E20_nar_g128_m1,down,21,1,128,1,112,0.01981032175084715,0.02589525229820027,0.2783595621585846,0.23059402265822138,0.02199786727512228,0.110424532816161,131072,14680064,E11 energy-weighted P_N capture; frozen E20 construction
llama31_8b,E20_nar_g128_m1,down,21,2,128,1,112,0.019810972943170975,0.025893847371089684,0.2783595621585846,0.2305940226231322,0.02199667379765568,0.1103277895918855,131072,14680064,E11 energy-weighted P_N capture; frozen E20 construction
llama31_8b,E20_nar_g256_m1,down,21,0,256,1,56,0.022539011796321975,0.028154607595269505,0.22122502326965332,0.17810235491085902,0.0248459423385338,0.10235278117154552,131072,7340032,E11 energy-weighted P_N capture; frozen E20 construction
llama31_8b,E20_nar_g256_m1,down,21,1,256,1,56,0.022540662537123106,0.02815341614488506,0.22122502326965332,0.17810235490711898,0.024844890904680533,0.10222540547610359,131072,7340032,E11 energy-weighted P_N capture; frozen E20 construction
llama31_8b,E20_nar_g256_m1,down,21,2,256,1,56,0.022538365027796443,0.028151927472452622,0.22122503817081451,0.1781023549242187,0.024843576939956525,0.102279464784472,131072,7340032,E11 energy-weighted P_N capture; frozen E20 construction
llama31_8b,E20_nar_g256_m2,down,21,0,256,2,112,0.02194076219669932,0.028154607595269505,0.2783595621585846,0.2305940439493171,0.023917176551584814,0.09007956684307071,131072,7340032,E11 energy-weighted P_N capture; frozen E20 construction
llama31_8b,E20_nar_g256_m2,down,21,1,256,2,112,0.02194135744042049,0.02815341614488506,0.2783595621585846,0.23059404410564793,0.02391616442136418,0.09000386536275506,131072,7340032,E11 energy-weighted P_N capture; frozen E20 construction
llama31_8b,E20_nar_g256_m2,down,21,2,256,2,112,0.021942201388021183,0.028151927472452622,0.2783595621585846,0.23059404390172225,0.023914899802730316,0.08990430722170296,131072,7340032,E11 energy-weighted P_N capture; frozen E20 construction
llama31_8b,E20_nar_g256_m3,down,21,0,256,3,168,0.021594352841582638,0.028154607595269505,0.3138337731361389,0.26174541576757204,0.02332191176164136,0.08000049516335073,131072,7340032,E11 energy-weighted P_N capture; frozen E20 construction
llama31_8b,E20_nar_g256_m3,down,21,1,256,3,168,0.021592958304510596,0.02815341614488506,0.31383374333381653,0.2617454158023281,0.023320925328364297,0.08002456168744336,131072,7340032,E11 energy-weighted P_N capture; frozen E20 construction
llama31_8b,E20_nar_g256_m3,down,21,2,256,3,168,0.021594841593176817,0.028151927472452622,0.3138337731361389,0.26174541576831917,0.023319691677854568,0.07987324552650299,131072,7340032,E11 energy-weighted P_N capture; frozen E20 construction
llama31_8b,E20_nar_g128_m2,down,21,0,128,2,224,0.019309119073982268,0.02589432801280297,0.3379718065261841,0.2830795024835303,0.021068949759371246,0.09113987430738005,131072,14680064,E11 energy-weighted P_N capture; frozen E20 construction
llama31_8b,E20_nar_g128_m2,down,21,1,128,2,224,0.019310681499962512,0.02589525229820027,0.3379718065261841,0.28307950271432236,0.02106970180524745,0.0910905348052243,131072,14680064,E11 energy-weighted P_N capture; frozen E20 construction
llama31_8b,E20_nar_g128_m2,down,21,2,128,2,224,0.019306504015818,0.025893847371089684,0.3379718065261841,0.2830795025555276,0.02106855868468862,0.09126741265155791,131072,14680064,E11 energy-weighted P_N capture; frozen E20 construction
llama31_8b,E20_nar_g128_m2_c32,down,21,0,128,2,224,0.019309119073982268,0.02589432801280297,0.3379718065261841,0.2830795024835303,0.021068949759371246,0.09113987430738005,131072,14680064,E11 energy-weighted P_N capture; frozen E20 construction
llama31_8b,E20_nar_g128_m2_c32,down,21,1,128,2,224,0.019310681499962512,0.02589525229820027,0.3379718065261841,0.28307950271432236,0.02106970180524745,0.0910905348052243,131072,14680064,E11 energy-weighted P_N capture; frozen E20 construction
llama31_8b,E20_nar_g128_m2_c32,down,21,2,128,2,224,0.019306504015818,0.025893847371089684,0.3379718065261841,0.2830795025555276,0.02106855868468862,0.09126741265155791,131072,14680064,E11 energy-weighted P_N capture; frozen E20 construction
llama31_8b,E20_nar_g256_m3_c32,down,21,0,256,3,168,0.021594352841582638,0.028154607595269505,0.3138337731361389,0.26174541576757204,0.02332191176164136,0.08000049516335073,131072,7340032,E11 energy-weighted P_N capture; frozen E20 construction
llama31_8b,E20_nar_g256_m3_c32,down,21,1,256,3,168,0.021592958304510596,0.02815341614488506,0.31383374333381653,0.2617454158023281,0.023320925328364297,0.08002456168744336,131072,7340032,E11 energy-weighted P_N capture; frozen E20 construction
llama31_8b,E20_nar_g256_m3_c32,down,21,2,256,3,168,0.021594841593176817,0.028151927472452622,0.3138337731361389,0.26174541576831917,0.023319691677854568,0.07987324552650299,131072,7340032,E11 energy-weighted P_N capture; frozen E20 construction
llama31_8b,E11_g64_kmax,qkv,22,0,64,1,64,0.12106679084866423,0.16834827347424142,0.49750856085312817,0.477468155707625,0.119336418663735,-0.01429270713132415,131072,8388608,frozen E11 selected eigenvalue fractions
llama31_8b,E11_g64_kmax,qkv,22,1,64,1,64,0.12107120568704088,0.16824334881673675,0.49750856085312817,0.47746815565536166,0.11926204110940836,-0.014942979772656009,131072,8388608,frozen E11 selected eigenvalue fractions
llama31_8b,E11_g64_kmax,qkv,22,2,64,1,64,0.12105168234791241,0.1683663061399665,0.49750856085312817,0.4774681556578478,0.1193492014128668,-0.014064083224820846,131072,8388608,frozen E11 selected eigenvalue fractions
llama31_8b,E11_g128_k8,qkv,22,0,128,1,8,0.1554791741970405,0.18630900898461,0.2636454113994091,0.2583043616607283,0.15987382089490798,0.02826517905412916,131072,4194304,frozen E11 selected eigenvalue fractions
llama31_8b,E11_g128_k8,qkv,22,1,128,1,8,0.15547498010311056,0.18619439895003964,0.2636454113994091,0.25830436169510057,0.15977547275683607,0.027660351851297442,131072,4194304,frozen E11 selected eigenvalue fractions
llama31_8b,E11_g128_k8,qkv,22,2,128,1,8,0.1554922356597075,0.18635264248788985,0.2636454113994091,0.2583043617107292,0.15991126328659047,0.02841960312766973,131072,4194304,frozen E11 selected eigenvalue fractions
llama31_8b,E11_g128_k16,qkv,22,0,128,1,16,0.14994998339725374,0.18630900898461,0.3334851512484917,0.32547358388774866,0.15210334686364554,0.014360544880402056,131072,4194304,frozen E11 selected eigenvalue fractions
llama31_8b,E11_g128_k16,qkv,22,1,128,1,16,0.149946364275241,0.18619439895003964,0.3334851512484917,0.3254735839000918,0.15200977881807803,0.01376101749989378,131072,4194304,frozen E11 selected eigenvalue fractions
llama31_8b,E11_g128_k16,qkv,22,2,128,1,16,0.14993362187974135,0.18635264248788985,0.3334851512484917,0.32547358392272513,0.15213896941308866,0.014708825850389786,131072,4194304,frozen E11 selected eigenvalue fractions
llama31_8b,E11_g128_k32,qkv,22,0,128,1,32,0.1418204052243892,0.18630900898461,0.4192106240228214,0.40863680171427985,0.1419852359480708,0.0011622497018027502,131072,4194304,frozen E11 selected eigenvalue fractions
llama31_8b,E11_g128_k32,qkv,22,1,128,1,32,0.14183561620297347,0.18619439895003964,0.4192106240228214,0.40863680161155835,0.1418978921696396,0.0004390714288364405,131072,4194304,frozen E11 selected eigenvalue fractions
llama31_8b,E11_g128_k32,qkv,22,2,128,1,32,0.14185065741483083,0.18635264248788985,0.4192106240228214,0.40863680169702254,0.14201848883955576,0.001183155776529957,131072,4194304,frozen E11 selected eigenvalue fractions
llama31_8b,E11_g128_kmax,qkv,22,0,128,1,32,0.14235383312304695,0.18630900898461,0.415810892398181,0.40407273126282583,0.14240019477113677,0.00032567895835830963,131072,4194304,saved factor eigenvalue sum / calibration trace
llama31_8b,E11_g128_kmax,qkv,22,1,128,1,32,0.14232678703969803,0.18619439895003964,0.415810892398181,0.4040727314304723,0.1423125957262248,-9.970936440296252e-05,131072,4194304,saved factor eigenvalue sum / calibration trace
llama31_8b,E11_g128_kmax,qkv,22,2,128,1,32,0.1423643379448576,0.18635264248788985,0.415810892398181,0.4040727314287669,0.14243354484582965,0.00048612526122145263,131072,4194304,saved factor eigenvalue sum / calibration trace
llama31_8b,E11_g256_kmax,qkv,22,0,256,1,16,0.16423712381033795,0.20267254597056095,0.3334851512484917,0.3240407676315249,0.16546259747452605,0.0074616118192819955,131072,2097152,frozen E11 selected eigenvalue fractions
llama31_8b,E11_g256_kmax,qkv,22,1,256,1,16,0.16426749638869964,0.20247244124130148,0.3334851512484917,0.32404076762657386,0.16529923125187534,0.0062808217441529075,131072,2097152,frozen E11 selected eigenvalue fractions
llama31_8b,E11_g256_kmax,qkv,22,2,256,1,16,0.1642748882775713,0.20268355716955355,0.3334851512484917,0.3240407676816153,0.1654715870570958,0.007284733485878034,131072,2097152,frozen E11 selected eigenvalue fractions
llama31_8b,E20_hadamard_g64_m1,qkv,22,0,64,1,0,0.16825261594091234,0.16825261594091234,0.00596220139414072,0.014329075911249222,0.16775028808590606,-0.0029855574737851,131072,8388608,E11 energy-weighted P_N capture; frozen E20 construction
llama31_8b,E20_hadamard_g64_m1,qkv,22,1,64,1,0,0.1682241243157181,0.1682241243157181,0.00596220139414072,0.014329075909542506,0.16772188152409637,-0.0029855574737849846,131072,8388608,E11 energy-weighted P_N capture; frozen E20 construction
llama31_8b,E20_hadamard_g64_m1,qkv,22,2,64,1,0,0.1682366353816125,0.1682366353816125,0.005962202325463295,0.014329075911273928,0.1677343551589086,-0.002985557940840595,131072,8388608,E11 energy-weighted P_N capture; frozen E20 construction
llama31_8b,E20_hadamard_g128_m1,qkv,22,0,128,1,0,0.18616638342994918,0.18616638342994918,0.0018606162630021572,0.005708641125919645,0.1859931106935887,-0.0009307412711579794,131072,4194304,E11 energy-weighted P_N capture; frozen E20 construction
llama31_8b,E20_hadamard_g128_m1,qkv,22,1,128,1,0,0.18615575728514422,0.18615575728514422,0.001860616379417479,0.005708641125836699,0.18598249442812947,-0.0009307413294199051,131072,4194304,E11 energy-weighted P_N capture; frozen E20 construction
llama31_8b,E20_hadamard_g128_m1,qkv,22,2,128,1,0,0.18622498827587464,0.18622498827587464,0.0018606162630021572,0.005708641124957129,0.18605166099356538,-0.000930741271157941,131072,4194304,E11 energy-weighted P_N capture; frozen E20 construction
llama31_8b,E20_hadamard_g256_m1,qkv,22,0,256,1,0,0.20244291951659577,0.20244291951659577,0.0014661782188341022,0.003527334698033395,0.20229445637870339,-0.0007333580164072317,131072,2097152,E11 energy-weighted P_N capture; frozen E20 construction
llama31_8b,E20_hadamard_g256_m1,qkv,22,1,256,1,0,0.20239982612882912,0.20239982612882912,0.0014661782188341022,0.0035273346977995716,0.20225139459381813,-0.0007333580164071214,131072,2097152,E11 energy-weighted P_N capture; frozen E20 construction
llama31_8b,E20_hadamard_g256_m1,qkv,22,2,256,1,0,0.2025084641249819,0.2025084641249819,0.001466178335249424,0.0035273346981889294,0.20235995290762934,-0.0007333580746576298,131072,2097152,E11 energy-weighted P_N capture; frozen E20 construction
llama31_8b,E20_hadamard_g256_m2,qkv,22,0,256,2,0,0.2022171424706265,0.20244291951659577,0.001860616379417479,0.005708641309224821,0.20225449752455327,0.0001847274344319979,131072,2097152,E11 energy-weighted P_N capture; frozen E20 construction
llama31_8b,E20_hadamard_g256_m2,qkv,22,1,256,2,0,0.20216967424261867,0.20239982612882912,0.0018606164958328009,0.005708641312752201,0.20221144423379142,0.00020660858919238767,131072,2097152,E11 energy-weighted P_N capture; frozen E20 construction
llama31_8b,E20_hadamard_g256_m2,qkv,22,2,256,2,0,0.20227976538394898,0.2025084641249819,0.0018606162630021572,0.005708641312963573,0.202319981139662,0.0001988125487325359,131072,2097152,E11 energy-weighted P_N capture; frozen E20 construction
llama31_8b,E20_hadamard_g256_m3,qkv,22,0,256,3,0,0.20170941283702248,0.20244291951659577,0.004499953705817461,0.010641691855522249,0.20198691405435854,0.001375747484626646,131072,2097152,E11 energy-weighted P_N capture; frozen E20 construction
llama31_8b,E20_hadamard_g256_m3,qkv,22,1,256,3,0,0.20163177373391505,0.20239982612882912,0.004499953705817461,0.010641691858806906,0.2019439177350409,0.0015480893479504828,131072,2097152,E11 energy-weighted P_N capture; frozen E20 construction
llama31_8b,E20_hadamard_g256_m3,qkv,22,2,256,3,0,0.20171065207710015,0.2025084641249819,0.004499953705817461,0.010641691861550322,0.20205231102261226,0.0016938071539301502,131072,2097152,E11 energy-weighted P_N capture; frozen E20 construction
llama31_8b,E20_hadamard_g128_m2,qkv,22,0,128,2,0,0.18533595507642886,0.18616638342994918,0.00596220139414072,0.014329075410533017,0.18561057299253236,0.001481730385182176,131072,4194304,E11 energy-weighted P_N capture; frozen E20 construction
llama31_8b,E20_hadamard_g128_m2,qkv,22,1,128,2,0,0.1853088466370192,0.18615575728514422,0.00596220139414072,0.014329075415155976,0.18559997857269345,0.0015710633407833258,131072,4194304,E11 energy-weighted P_N capture; frozen E20 construction
llama31_8b,E20_hadamard_g128_m2,qkv,22,2,128,2,0,0.1853420430217465,0.18622498827587464,0.00596220139414072,0.014329075423142948,0.18566900287032206,0.001764088941963351,131072,4194304,E11 energy-weighted P_N capture; frozen E20 construction
llama31_8b,E20_nar_g64_m1,qkv,22,0,64,1,64,0.11816168329014198,0.16825261594091234,0.49750858545303345,0.47746810759584013,0.11926860734203652,0.009367876464458661,131072,8388608,E11 energy-weighted P_N capture; frozen E20 construction
llama31_8b,E20_nar_g64_m1,qkv,22,1,64,1,64,0.11817694523446098,0.1682241243157181,0.4975086450576782,0.47746810770049297,0.11924840351692208,0.009066559305077137,131072,8388608,E11 energy-weighted P_N capture; frozen E20 construction
llama31_8b,E20_nar_g64_m1,qkv,22,2,64,1,64,0.1181786763959165,0.1682366353816125,0.49750858545303345,0.47746810775800136,0.11925727926228227,0.009126882270641495,131072,8388608,E11 energy-weighted P_N capture; frozen E20 construction
llama31_8b,E20_nar_g128_m1,qkv,22,0,128,1,32,0.13709389527668492,0.18616638342994918,0.41921067237854004,0.40863675288953716,0.1418765357648455,0.03488587495824068,131072,4194304,E11 energy-weighted P_N capture; frozen E20 construction
llama31_8b,E20_nar_g128_m1,qkv,22,1,128,1,32,0.1371167663689281,0.18615575728514422,0.41921067237854004,0.4086367528952712,0.14186843762926546,0.03465419573527894,131072,4194304,E11 energy-weighted P_N capture; frozen E20 construction
llama31_8b,E20_nar_g128_m1,qkv,22,2,128,1,32,0.1370376771578501,0.18622498827587464,0.41921067237854004,0.4086367527971985,0.14192119824561,0.035636338772253945,131072,4194304,E11 energy-weighted P_N capture; frozen E20 construction
llama31_8b,E20_nar_g256_m1,qkv,22,0,256,1,16,0.156007224874406,0.20244291951659577,0.3334851861000061,0.3240407096582612,0.1652751252883042,0.059406866709919126,131072,2097152,E11 energy-weighted P_N capture; frozen E20 construction
llama31_8b,E20_nar_g256_m1,qkv,22,1,256,1,16,0.15599814482911256,0.20239982612882912,0.3334852159023285,0.3240407097464041,0.16523993999779174,0.059242981247008164,131072,2097152,E11 energy-weighted P_N capture; frozen E20 construction
llama31_8b,E20_nar_g256_m1,qkv,22,2,256,1,16,0.1559923430240584,0.2025084641249819,0.3334851861000061,0.32404070986404937,0.16532863614158008,0.05985097048053034,131072,2097152,E11 energy-weighted P_N capture; frozen E20 construction
llama31_8b,E20_nar_g256_m2,qkv,22,0,256,2,32,0.1491766078845913,0.20244291951659577,0.41921067237854004,0.40863679170900874,0.15428080828536658,0.034215822930657336,131072,2097152,E11 energy-weighted P_N capture; frozen E20 construction
llama31_8b,E20_nar_g256_m2,qkv,22,1,256,2,32,0.1491589842798131,0.20239982612882912,0.41921067237854004,0.4086367916897952,0.15424796701478885,0.034117842512450466,131072,2097152,E11 energy-weighted P_N capture; frozen E20 construction
llama31_8b,E20_nar_g256_m2,qkv,22,2,256,2,32,0.14919677613260163,0.2025084641249819,0.41921067237854004,0.40863679172900974,0.15433075952685585,0.034410819907336944,131072,2097152,E11 energy-weighted P_N capture; frozen E20 construction
llama31_8b,E20_nar_g256_m3,qkv,22,0,256,3,48,0.1450812010570477,0.20244291951659577,0.4663241505622864,0.4508600662306342,0.14789087104096013,0.01936618916469848,131072,2097152,E11 energy-weighted P_N capture; frozen E20 construction
llama31_8b,E20_nar_g256_m3,qkv,22,1,256,3,48,0.1450704602730486,0.20239982612882912,0.466324120759964,0.4508600660381205,0.14785939410472487,0.01922468451831616,131072,2097152,E11 energy-weighted P_N capture; frozen E20 construction
llama31_8b,E20_nar_g256_m3,qkv,22,2,256,3,48,0.14505578447173662,0.2025084641249819,0.4663241505622864,0.45086006615514057,0.14793875342306279,0.019874898211231985,131072,2097152,E11 energy-weighted P_N capture; frozen E20 construction
llama31_8b,E20_nar_g128_m2,qkv,22,0,128,2,64,0.130814812897869,0.18616638342994918,0.49750858545303345,0.4774680601184977,0.1319670732096745,0.008808332070964242,131072,4194304,E11 energy-weighted P_N capture; frozen E20 construction
llama31_8b,E20_nar_g128_m2,qkv,22,1,128,2,64,0.13079585092409118,0.18615575728514422,0.49750858545303345,0.47746806004237075,0.13195954069384871,0.008896992997376433,131072,4194304,E11 energy-weighted P_N capture; frozen E20 construction
llama31_8b,E20_nar_g128_m2,qkv,22,2,128,2,64,0.13084312563820077,0.18622498827587464,0.49750858545303345,0.4774680600803307,0.13200861620927623,0.008907541495899429,131072,4194304,E11 energy-weighted P_N capture; frozen E20 construction
llama31_8b,E20_nar_g128_m2_c32,qkv,22,0,128,2,64,0.130814812897869,0.18616638342994918,0.49750858545303345,0.4774680601184977,0.1319670732096745,0.008808332070964242,131072,4194304,E11 energy-weighted P_N capture; frozen E20 construction
llama31_8b,E20_nar_g128_m2_c32,qkv,22,1,128,2,64,0.13079585092409118,0.18615575728514422,0.49750858545303345,0.47746806004237075,0.13195954069384871,0.008896992997376433,131072,4194304,E11 energy-weighted P_N capture; frozen E20 construction
llama31_8b,E20_nar_g128_m2_c32,qkv,22,2,128,2,64,0.13084312563820077,0.18622498827587464,0.49750858545303345,0.4774680600803307,0.13200861620927623,0.008907541495899429,131072,4194304,E11 energy-weighted P_N capture; frozen E20 construction
llama31_8b,E20_nar_g256_m3_c32,qkv,22,0,256,3,48,0.1450812010570477,0.20244291951659577,0.4663241505622864,0.4508600662306342,0.14789087104096013,0.01936618916469848,131072,2097152,E11 energy-weighted P_N capture; frozen E20 construction
llama31_8b,E20_nar_g256_m3_c32,qkv,22,1,256,3,48,0.1450704602730486,0.20239982612882912,0.466324120759964,0.4508600660381205,0.14785939410472487,0.01922468451831616,131072,2097152,E11 energy-weighted P_N capture; frozen E20 construction
llama31_8b,E20_nar_g256_m3_c32,qkv,22,2,256,3,48,0.14505578447173662,0.2025084641249819,0.4663241505622864,0.45086006615514057,0.14793875342306279,0.019874898211231985,131072,2097152,E11 energy-weighted P_N capture; frozen E20 construction
llama31_8b,E11_g64_kmax,down,22,0,64,1,224,0.017912091951149813,0.023866868602316776,0.32406627439167474,0.2742587349543829,0.01962219106268505,0.09547176936111368,131072,29360128,frozen E11 selected eigenvalue fractions
llama31_8b,E11_g64_kmax,down,22,1,64,1,224,0.017913609758115186,0.02386568404775467,0.32406627439167474,0.2742587349424014,0.019621217178916336,0.09532458526554505,131072,29360128,frozen E11 selected eigenvalue fractions
llama31_8b,E11_g64_kmax,down,22,2,64,1,224,0.01791313298908524,0.02386775064841982,0.32406627439167474,0.27425873493709446,0.019622916238553254,0.09544858794437655,131072,29360128,frozen E11 selected eigenvalue fractions
llama31_8b,E11_g128_k8,down,22,0,128,1,8,0.021919583761248442,0.026349080328713,0.10079608990436272,0.10207303175793067,0.024985874533476116,0.13988818426600594,131072,14680064,frozen E11 selected eigenvalue fractions
llama31_8b,E11_g128_k8,down,22,1,128,1,8,0.021919388692710453,0.026348285712113246,0.10079608990436272,0.10207303179173911,0.024985121027455565,0.13986395230833498,131072,14680064,frozen E11 selected eigenvalue fractions
llama31_8b,E11_g128_k8,down,22,2,128,1,8,0.021917765415253587,0.026351133968356644,0.10079608990436272,0.10207303174639668,0.024987821925257267,0.14007160181881886,131072,14680064,frozen E11 selected eigenvalue fractions
llama31_8b,E11_g128_k16,down,22,0,128,1,16,0.021748211556237042,0.026349080328713,0.13079740458359215,0.117628044755234,0.024565520398108585,0.1295420929020521,131072,14680064,frozen E11 selected eigenvalue fractions
llama31_8b,E11_g128_k16,down,22,1,128,1,16,0.0217510736839179,0.026348285712113246,0.13079740458359215,0.11762804476164775,0.024564779568825496,0.12935940201370222,131072,14680064,frozen E11 selected eigenvalue fractions
llama31_8b,E11_g128_k16,down,22,2,128,1,16,0.021747003736062785,0.026351133968356644,0.13079740458359215,0.11762804473728293,0.0245674350276109,0.1296928683040152,131072,14680064,frozen E11 selected eigenvalue fractions
llama31_8b,E11_g128_k32,down,22,0,128,1,32,0.021446632007662662,0.026349080328713,0.17097458561456644,0.1449394757833453,0.023991057060371006,0.11863984292728327,131072,14680064,frozen E11 selected eigenvalue fractions
llama31_8b,E11_g128_k32,down,22,1,128,1,32,0.021448985824848426,0.026348285712113246,0.17097458561456644,0.14493947575761912,0.023990333555339784,0.11848335167191136,131072,14680064,frozen E11 selected eigenvalue fractions
llama31_8b,E11_g128_k32,down,22,2,128,1,32,0.02144645425316884,0.026351133968356644,0.17097458561456644,0.14493947578795824,0.023992926916368156,0.1187363017279679,131072,14680064,frozen E11 selected eigenvalue fractions
llama31_8b,E11_g128_kmax,down,22,0,128,1,112,0.020750308915248095,0.026349080328713,0.25895837965027607,0.21869041216964688,0.022682282849116255,0.09310579142503628,131072,14680064,saved factor eigenvalue sum / calibration trace
llama31_8b,E11_g128_kmax,down,22,1,128,1,112,0.020749278306800845,0.026348285712113246,0.25895837965027607,0.2186904121152369,0.022681598813155707,0.0931271188223216,131072,14680064,saved factor eigenvalue sum / calibration trace
llama31_8b,E11_g128_kmax,down,22,2,128,1,112,0.02074936302018287,0.026351133968356644,0.25895837965027607,0.21869041220091673,0.02268405069963271,0.09324082274564158,131072,14680064,saved factor eigenvalue sum / calibration trace
llama31_8b,E11_g256_kmax,down,22,0,256,1,56,0.023485765352516896,0.028649263928554776,0.2103569036171359,0.178905086747893,0.025458270094716334,0.08398724557588455,131072,7340032,frozen E11 selected eigenvalue fractions
llama31_8b,E11_g256_kmax,down,22,1,256,1,56,0.023484639326681465,0.028648249069914606,0.2103569036171359,0.17890508676471167,0.02545736827240656,0.08400081935615807,131072,7340032,frozen E11 selected eigenvalue fractions
llama31_8b,E11_g256_kmax,down,22,2,256,1,56,0.023485885236449393,0.028652108544838635,0.2103569036171359,0.17890508677051647,0.025460797873784267,0.08408934206447834,131072,7340032,frozen E11 selected eigenvalue fractions
llama31_8b,E20_hadamard_g64_m1,down,22,0,64,1,0,0.023866376767417145,0.023866376767417145,0.003281899495050311,0.012523415061244882,0.02382718105696161,-0.0016422983194100804,131072,29360128,E11 energy-weighted P_N capture; frozen E20 construction
llama31_8b,E20_hadamard_g64_m1,down,22,1,64,1,0,0.023864790357138843,0.023864790357138843,0.0032818997278809547,0.012523415060527426,0.023825597249259443,-0.001642298436016875,131072,29360128,E11 energy-weighted P_N capture; frozen E20 construction
llama31_8b,E20_hadamard_g64_m1,down,22,2,64,1,0,0.02386754454130497,0.02386754454130497,0.0032818997278809547,0.012523415062290918,0.023828346910233222,-0.0016422984360168716,131072,29360128,E11 energy-weighted P_N capture; frozen E20 construction
llama31_8b,E20_hadamard_g128_m1,down,22,0,128,1,0,0.02635086638853044,0.02635086638853044,0.0017719825264066458,0.006569300375485571,0.026327509399500494,-0.0008863841015911847,131072,14680064,E11 energy-weighted P_N capture; frozen E20 construction
llama31_8b,E20_hadamard_g128_m1,down,22,1,128,1,0,0.026347847408205727,0.026347847408205727,0.001771982409991324,0.006569300375280281,0.026324493096686954,-0.0008863840433317104,131072,14680064,E11 energy-weighted P_N capture; frozen E20 construction
llama31_8b,E20_hadamard_g128_m1,down,22,2,128,1,0,0.026352972969193113,0.026352972969193113,0.0017719822935760021,0.006569300375610342,0.026329614115994174,-0.00088638398507244,131072,14680064,E11 energy-weighted P_N capture; frozen E20 construction
llama31_8b,E20_hadamard_g256_m1,down,22,0,256,1,0,0.02865045408728926,0.02865045408728926,0.0010330101940780878,0.003425161194411403,0.02863565215809704,-0.0005166385547371948,131072,7340032,E11 energy-weighted P_N capture; frozen E20 construction
llama31_8b,E20_hadamard_g256_m1,down,22,1,256,1,0,0.02864534842359299,0.02864534842359299,0.001033010077662766,0.003425161195484728,0.028630549133851723,-0.0005166384964994697,131072,7340032,E11 energy-weighted P_N capture; frozen E20 construction
llama31_8b,E20_hadamard_g256_m1,down,22,2,256,1,0,0.02865324613701135,0.02865324613701135,0.001033010077662766,0.00342516119557683,0.028638442767007298,-0.0005166384964993878,131072,7340032,E11 energy-weighted P_N capture; frozen E20 construction
llama31_8b,E20_hadamard_g256_m2,down,22,0,256,2,0,0.02860373648531045,0.02865045408728926,0.0017719825264066458,0.006569300600189103,0.02862505878028292,0.0007454374005794978,131072,7340032,E11 energy-weighted P_N capture; frozen E20 construction
llama31_8b,E20_hadamard_g256_m2,down,22,1,256,2,0,0.028598439429759055,0.02864534842359299,0.0017719825264066458,0.006569300602635713,0.02861995764216578,0.0007524261056124021,131072,7340032,E11 energy-weighted P_N capture; frozen E20 construction
llama31_8b,E20_hadamard_g256_m2,down,22,2,256,2,0,0.028606459070039416,0.02865324613701135,0.0017719825264066458,0.006569300603797955,0.028627848355176524,0.0007477082390637531,131072,7340032,E11 energy-weighted P_N capture; frozen E20 construction
llama31_8b,E20_hadamard_g256_m3,down,22,0,256,3,0,0.028563100580959042,0.02865045408728926,0.002462428994476795,0.009309693549792749,0.028615157490630847,0.0018225230669287865,131072,7340032,E11 energy-weighted P_N capture; frozen E20 construction
llama31_8b,E20_hadamard_g256_m3,down,22,1,256,3,0,0.028557444395084706,0.02864534842359299,0.002462428994476795,0.009309693554358258,0.028610058116976318,0.001842382013030139,131072,7340032,E11 energy-weighted P_N capture; frozen E20 construction
llama31_8b,E20_hadamard_g256_m3,down,22,2,256,3,0,0.02856536839014634,0.02865324613701135,0.0024624287616461515,0.009309693556879899,0.028617946103961806,0.0018406103886832205,131072,7340032,E11 energy-weighted P_N capture; frozen E20 construction
llama31_8b,E20_hadamard_g128_m2,down,22,0,128,2,0,0.026267675175477154,0.02635086638853044,0.003281899495050311,0.012523414633353828,0.02630759040494556,0.00151955699169251,131072,14680064,E11 energy-weighted P_N capture; frozen E20 construction
llama31_8b,E20_hadamard_g128_m2,down,22,1,128,2,0,0.02626454717513584,0.026347847408205727,0.003281899495050311,0.012523414633830401,0.026304576382687156,0.0015240775820118374,131072,14680064,E11 energy-weighted P_N capture; frozen E20 construction
llama31_8b,E20_hadamard_g128_m2,down,22,2,128,2,0,0.02626919655483717,0.026352972969193113,0.003281899495050311,0.012523414633410524,0.02630969352597435,0.0015416143791318788,131072,14680064,E11 energy-weighted P_N capture; frozen E20 construction
llama31_8b,E20_nar_g64_m1,down,22,0,64,1,224,0.017724251336946346,0.023866376767417145,0.32406628131866455,0.27425873800211775,0.01962178659915179,0.10705869749488466,131072,29360128,E11 energy-weighted P_N capture; frozen E20 construction
llama31_8b,E20_nar_g64_m1,down,22,1,64,1,224,0.017725093713676913,0.023864790357138843,0.32406628131866455,0.2742587380206046,0.01962048232895431,0.10693250179066133,131072,29360128,E11 energy-weighted P_N capture; frozen E20 construction
llama31_8b,E20_nar_g64_m1,down,22,2,64,1,224,0.017724047519834703,0.02386754454130497,0.32406628131866455,0.2742587379944705,0.019622746686652554,0.10712559671785167,131072,29360128,E11 energy-weighted P_N capture; frozen E20 construction
llama31_8b,E20_nar_g128_m1,down,22,0,128,1,112,0.020373160937741552,0.02635086638853044,0.2661767601966858,0.22477250788414538,0.02257307006958482,0.10798074675628305,131072,14680064,E11 energy-weighted P_N capture; frozen E20 construction
llama31_8b,E20_nar_g128_m1,down,22,1,128,1,112,0.020371431967645477,0.026347847408205727,0.2661767601966858,0.22477250785590816,0.02257048390587378,0.10794783310868403,131072,14680064,E11 energy-weighted P_N capture; frozen E20 construction
llama31_8b,E20_nar_g128_m1,down,22,2,128,1,112,0.0203728584273505,0.026352972969193113,0.2661767601966858,0.2247725079496117,0.022574874639962304,0.10808577600753384,131072,14680064,E11 energy-weighted P_N capture; frozen E20 construction
llama31_8b,E20_nar_g256_m1,down,22,0,256,1,56,0.023102902503082858,0.02865045408728926,0.21035689115524292,0.1789050938124646,0.025459327892853857,0.10199694126989269,131072,7340032,E11 energy-weighted P_N capture; frozen E20 construction
llama31_8b,E20_nar_g256_m1,down,22,1,256,1,56,0.023108773268680518,0.02864534842359299,0.21035689115524292,0.17890509381239308,0.025454790904862044,0.10152064797663235,131072,7340032,E11 energy-weighted P_N capture; frozen E20 construction
llama31_8b,E20_nar_g256_m1,down,22,2,256,1,56,0.023106173710134126,0.02865324613701135,0.21035689115524292,0.17890509388696585,0.025461808960314473,0.10194830523355712,131072,7340032,E11 energy-weighted P_N capture; frozen E20 construction
llama31_8b,E20_nar_g256_m2,down,22,0,256,2,112,0.02256919692743458,0.02865045408728926,0.2661767601966858,0.22477252845529105,0.02454297699749639,0.08745459913385435,131072,7340032,E11 energy-weighted P_N capture; frozen E20 construction
llama31_8b,E20_nar_g256_m2,down,22,1,256,2,112,0.022567482802195178,0.02864534842359299,0.2661767601966858,0.22477252860317443,0.02453860330812055,0.08734339240234788,131072,7340032,E11 energy-weighted P_N capture; frozen E20 construction
llama31_8b,E20_nar_g256_m2,down,22,2,256,2,112,0.022566204044949943,0.02865324613701135,0.2661767601966858,0.22477252857681826,0.02454536876454819,0.08770481360781464,131072,7340032,E11 energy-weighted P_N capture; frozen E20 construction
llama31_8b,E20_nar_g256_m3,down,22,0,256,3,168,0.022246141550716532,0.02865045408728926,0.30044347047805786,0.25436360559788257,0.023963095407317354,0.07717984948924862,131072,7340032,E11 energy-weighted P_N capture; frozen E20 construction
llama31_8b,E20_nar_g256_m3,down,22,1,256,3,168,0.022246675841556356,0.02864534842359299,0.30044347047805786,0.2543636055374878,0.02395882505593309,0.0769620246445302,131072,7340032,E11 energy-weighted P_N capture; frozen E20 construction
llama31_8b,E20_nar_g256_m3,down,22,2,256,3,168,0.022246028530335415,0.02865324613701135,0.30044347047805786,0.2543636054183274,0.023965430663633658,0.07729029615122578,131072,7340032,E11 energy-weighted P_N capture; frozen E20 construction
llama31_8b,E20_nar_g128_m2,down,22,0,128,2,224,0.019916754736244435,0.02635086638853044,0.32406628131866455,0.2742587108619864,0.021664414419384947,0.08774821532345965,131072,14680064,E11 energy-weighted P_N capture; frozen E20 construction
llama31_8b,E20_nar_g128_m2,down,22,1,128,2,224,0.01991725042856824,0.026347847408205727,0.32406628131866455,0.2742587109124124,0.021661932359026314,0.08759652526915032,131072,14680064,E11 energy-weighted P_N capture; frozen E20 construction
llama31_8b,E20_nar_g128_m2,down,22,2,128,2,224,0.019916948208956984,0.026352972969193113,0.32406628131866455,0.27425871101324595,0.021666146348643407,0.08782460652781027,131072,14680064,E11 energy-weighted P_N capture; frozen E20 construction
llama31_8b,E20_nar_g128_m2_c32,down,22,0,128,2,224,0.019916754736244435,0.02635086638853044,0.32406628131866455,0.2742587108619864,0.021664414419384947,0.08774821532345965,131072,14680064,E11 energy-weighted P_N capture; frozen E20 construction
llama31_8b,E20_nar_g128_m2_c32,down,22,1,128,2,224,0.01991725042856824,0.026347847408205727,0.32406628131866455,0.2742587109124124,0.021661932359026314,0.08759652526915032,131072,14680064,E11 energy-weighted P_N capture; frozen E20 construction
llama31_8b,E20_nar_g128_m2_c32,down,22,2,128,2,224,0.019916948208956984,0.026352972969193113,0.32406628131866455,0.27425871101324595,0.021666146348643407,0.08782460652781027,131072,14680064,E11 energy-weighted P_N capture; frozen E20 construction
llama31_8b,E20_nar_g256_m3_c32,down,22,0,256,3,168,0.022246141550716532,0.02865045408728926,0.30044347047805786,0.25436360559788257,0.023963095407317354,0.07717984948924862,131072,7340032,E11 energy-weighted P_N capture; frozen E20 construction
llama31_8b,E20_nar_g256_m3_c32,down,22,1,256,3,168,0.022246675841556356,0.02864534842359299,0.30044347047805786,0.2543636055374878,0.02395882505593309,0.0769620246445302,131072,7340032,E11 energy-weighted P_N capture; frozen E20 construction
llama31_8b,E20_nar_g256_m3_c32,down,22,2,256,3,168,0.022246028530335415,0.02865324613701135,0.30044347047805786,0.2543636054183274,0.023965430663633658,0.07729029615122578,131072,7340032,E11 energy-weighted P_N capture; frozen E20 construction
llama31_8b,E11_g64_kmax,qkv,23,0,64,1,64,0.12331969124944075,0.16482467022372926,0.4584950093317575,0.4345712166062537,0.12128956745725764,-0.016462284097652782,131072,8388608,frozen E11 selected eigenvalue fractions
llama31_8b,E11_g64_kmax,qkv,23,1,64,1,64,0.12335190887533365,0.1647894686730087,0.4584950093317575,0.4345712166524508,0.12126366368414572,-0.0169291680220241,131072,8388608,frozen E11 selected eigenvalue fractions
llama31_8b,E11_g64_kmax,qkv,23,2,64,1,64,0.12335194761391177,0.1648158364608987,0.4584950093317575,0.43457121655920383,0.12128306695420014,-0.016772176684126363,131072,8388608,frozen E11 selected eigenvalue fractions
llama31_8b,E11_g128_k8,qkv,23,0,128,1,8,0.1554855316494006,0.1823921099890775,0.2460022805481024,0.23872274429552612,0.158376617592755,0.018593922615728828,131072,4194304,frozen E11 selected eigenvalue fractions
llama31_8b,E11_g128_k8,qkv,23,1,128,1,8,0.1554519865110473,0.18241428817319516,0.2460022805481024,0.23872274435132337,0.15839587558469945,0.018937609867358856,131072,4194304,frozen E11 selected eigenvalue fractions
llama31_8b,E11_g128_k8,qkv,23,2,128,1,8,0.155534105201526,0.18244761470932147,0.2460022805481024,0.23872274423218232,0.15842481402983333,0.01858569105831696,131072,4194304,frozen E11 selected eigenvalue fractions
llama31_8b,E11_g128_k16,qkv,23,0,128,1,16,0.15051124243973923,0.1823921099890775,0.30739931139989324,0.2976961275000618,0.15179151897503165,0.008506185415385217,131072,4194304,frozen E11 selected eigenvalue fractions
llama31_8b,E11_g128_k16,qkv,23,1,128,1,16,0.15051129773401506,0.18241428817319516,0.30739931139989324,0.29769612747552093,0.15180997624412915,0.00862844537032113,131072,4194304,frozen E11 selected eigenvalue fractions
llama31_8b,E11_g128_k16,qkv,23,2,128,1,16,0.15053467728683234,0.18244761470932147,0.30739931139989324,0.29769612749524005,0.1518377114654668,0.008656039937904918,131072,4194304,frozen E11 selected eigenvalue fractions
llama31_8b,E11_g128_k32,qkv,23,0,128,1,32,0.14349079764059613,0.1823921099890775,0.3841896524915566,0.37046352538645533,0.1431296266791884,-0.0025170322232952965,131072,4194304,frozen E11 selected eigenvalue fractions
llama31_8b,E11_g128_k32,qkv,23,1,128,1,32,0.143416806920329,0.18241428817319516,0.3841896524915566,0.3704635251039486,0.14314703069525783,-0.0018810642271586886,131072,4194304,frozen E11 selected eigenvalue fractions
llama31_8b,E11_g128_k32,qkv,23,2,128,1,32,0.14346395953239366,0.18244761470932147,0.3841896524915566,0.37046352525561876,0.14317318322276876,-0.0020268247898124225,131072,4194304,frozen E11 selected eigenvalue fractions
llama31_8b,E11_g128_kmax,qkv,23,0,128,1,32,0.14382044199405897,0.1823921099890775,0.38082131665859104,0.3672759595357317,0.14352053533656975,-0.0020852853275308884,131072,4194304,saved factor eigenvalue sum / calibration trace
llama31_8b,E11_g128_kmax,qkv,23,1,128,1,32,0.14381289932227315,0.18241428817319516,0.38082131665859104,0.3672759595982169,0.1435379868856392,-0.0019115979020621983,131072,4194304,saved factor eigenvalue sum / calibration trace
llama31_8b,E11_g128_kmax,qkv,23,2,128,1,32,0.14379541468795676,0.18244761470932147,0.38082131665859104,0.36727595950486186,0.14356421083965812,-0.0016078666263480157,131072,4194304,saved factor eigenvalue sum / calibration trace
llama31_8b,E11_g256_kmax,qkv,23,0,256,1,16,0.16470357446194228,0.19844913906041484,0.30739931139989324,0.2960547887910206,0.16515460158376125,0.0027384173251393655,131072,2097152,frozen E11 selected eigenvalue fractions
llama31_8b,E11_g256_kmax,qkv,23,1,256,1,16,0.1646538231603749,0.19845506419421,0.30739931139989324,0.29605478887673603,0.1651595326362007,0.0030713497331502655,131072,2097152,frozen E11 selected eigenvalue fractions
llama31_8b,E11_g256_kmax,qkv,23,2,256,1,16,0.16469567370561933,0.19849067739835746,0.30739931139989324,0.2960547887171259,0.16518917088290686,0.002996418583341874,131072,2097152,frozen E11 selected eigenvalue fractions
llama31_8b,E20_hadamard_g64_m1,qkv,23,0,64,1,0,0.16487660043988672,0.16487660043988672,0.005952348932623863,0.01497478285546018,0.16438516652354446,-0.002980616503682947,131072,8388608,E11 energy-weighted P_N capture; frozen E20 construction
llama31_8b,E20_hadamard_g64_m1,qkv,23,1,64,1,0,0.1648309141848241,0.1648309141848241,0.005952348932623863,0.014974782854411802,0.16433961644168765,-0.0029806165036829996,131072,8388608,E11 energy-weighted P_N capture; frozen E20 construction
llama31_8b,E20_hadamard_g64_m1,qkv,23,2,64,1,0,0.164840909829012,0.164840909829012,0.005952348001301289,0.014974782854026135,0.16434958236968303,-0.0029806160366296626,131072,8388608,E11 energy-weighted P_N capture; frozen E20 construction
llama31_8b,E20_hadamard_g128_m1,qkv,23,0,128,1,0,0.1824683693382365,0.1824683693382365,0.001907282741740346,0.0061447845255442985,0.18229427690186642,-0.0009540965209558225,131072,4194304,E11 energy-weighted P_N capture; frozen E20 construction
llama31_8b,E20_hadamard_g128_m1,qkv,23,1,128,1,0,0.18244590292252916,0.18244590292252916,0.001907282741740346,0.006144784525274878,0.18227183192128812,-0.0009540965209558451,131072,4194304,E11 energy-weighted P_N capture; frozen E20 construction
llama31_8b,E20_hadamard_g128_m1,qkv,23,2,128,1,0,0.18248491464785666,0.18248491464785666,0.0019072826253250241,0.006144784524639083,0.18231080643629638,-0.0009540964626925692,131072,4194304,E11 energy-weighted P_N capture; frozen E20 construction
llama31_8b,E20_hadamard_g256_m1,qkv,23,0,256,1,0,0.1985071291954199,0.1985071291954199,0.0014658230356872082,0.003731413892396829,0.19836158767997294,-0.0007331802945156891,131072,2097152,E11 energy-weighted P_N capture; frozen E20 construction
llama31_8b,E20_hadamard_g256_m1,qkv,23,1,256,1,0,0.19848226156932114,0.19848226156932114,0.00146582315210253,0.0037314138924287163,0.19833673827476592,-0.0007331803527661698,131072,2097152,E11 energy-weighted P_N capture; frozen E20 construction
llama31_8b,E20_hadamard_g256_m1,qkv,23,2,256,1,0,0.19848862157764913,0.19848862157764913,0.0014658230356872082,0.0037314138923960753,0.1983430936316228,-0.0007331802945157158,131072,2097152,E11 energy-weighted P_N capture; frozen E20 construction
llama31_8b,E20_hadamard_g256_m2,qkv,23,0,256,2,0,0.19825139496733257,0.1985071291954199,0.0019072828581556678,0.006144784727737341,0.19831773422250396,0.00033462188340371504,131072,2097152,E11 energy-weighted P_N capture; frozen E20 construction
llama31_8b,E20_hadamard_g256_m2,qkv,23,1,256,2,0,0.1982503937820823,0.19848226156932114,0.0019072829745709896,0.006144784729293083,0.19829289031095795,0.00021435785354531538,131072,2097152,E11 energy-weighted P_N capture; frozen E20 construction
llama31_8b,E20_hadamard_g256_m2,qkv,23,2,256,2,0,0.19823783649234628,0.19848862157764913,0.0019072828581556678,0.0061447847278154905,0.19829924426278797,0.00030976816297158727,131072,2097152,E11 energy-weighted P_N capture; frozen E20 construction
llama31_8b,E20_hadamard_g256_m3,qkv,23,0,256,3,0,0.19779691287145695,0.1985071291954199,0.004360713995993137,0.010992103294102972,0.1980738399083764,0.0014000574270813695,131072,2097152,E11 energy-weighted P_N capture; frozen E20 construction
llama31_8b,E20_hadamard_g256_m3,qkv,23,1,256,3,0,0.1977540972083176,0.19848226156932114,0.004360713995993137,0.010992103297133729,0.19804902656181925,0.0014913944017602844,131072,2097152,E11 energy-weighted P_N capture; frozen E20 construction
llama31_8b,E20_hadamard_g256_m3,qkv,23,2,256,3,0,0.1977347035747563,0.19848862157764913,0.00436071353033185,0.01099210329399891,0.19805537273422325,0.0016217141132522646,131072,2097152,E11 energy-weighted P_N capture; frozen E20 construction
llama31_8b,E20_hadamard_g128_m2,qkv,23,0,128,2,0,0.1816585563865072,0.1824683693382365,0.005952348932623863,0.01497478233510444,0.18192450110518685,0.0014639812402440448,131072,4194304,E11 energy-weighted P_N capture; frozen E20 construction
llama31_8b,E20_hadamard_g128_m2,qkv,23,1,128,2,0,0.18160720720877066,0.18244590292252916,0.005952348466962576,0.014974782340027307,0.1819021016958549,0.0016238038766008289,131072,4194304,E11 energy-weighted P_N capture; frozen E20 construction
llama31_8b,E20_hadamard_g128_m2,qkv,23,2,128,2,0,0.1816381346709086,0.18248491464785666,0.005952348001301289,0.014974782335421093,0.18194099718481427,0.0016673949798833843,131072,4194304,E11 energy-weighted P_N capture; frozen E20 construction
llama31_8b,E20_nar_g64_m1,qkv,23,0,64,1,64,0.12082761824029098,0.16487660043988672,0.45849505066871643,0.43457121071247024,0.12132777672628854,0.004139438427089513,131072,8388608,E11 energy-weighted P_N capture; frozen E20 construction
llama31_8b,E20_nar_g64_m1,qkv,23,1,64,1,64,0.12080984040633913,0.1648309141848241,0.45849505066871643,0.43457121078915023,0.12129415757269786,0.004008921497865974,131072,8388608,E11 energy-weighted P_N capture; frozen E20 construction
llama31_8b,E20_nar_g64_m1,qkv,23,2,64,1,64,0.12081199346456994,0.164840909829012,0.45849505066871643,0.4345712108317701,0.12130151306937252,0.004051912320659921,131072,8388608,E11 energy-weighted P_N capture; frozen E20 construction
llama31_8b,E20_nar_g128_m1,qkv,23,0,128,1,32,0.13943448257130342,0.1824683693382365,0.3841896653175354,0.37046351612136896,0.14318946863288107,0.026930110775556817,131072,4194304,E11 energy-weighted P_N capture; frozen E20 construction
llama31_8b,E20_nar_g128_m1,qkv,23,1,128,1,32,0.13945004967729968,0.18244590292252916,0.3841896653175354,0.37046351611845035,0.14317183843133496,0.026689045738225593,131072,4194304,E11 energy-weighted P_N capture; frozen E20 construction
llama31_8b,E20_nar_g128_m1,qkv,23,2,128,1,32,0.13943592061355137,0.18248491464785666,0.3841896653175354,0.37046351608047245,0.1432024523302828,0.027012635626155742,131072,4194304,E11 energy-weighted P_N capture; frozen E20 construction
llama31_8b,E20_nar_g256_m1,qkv,23,0,256,1,16,0.15789270309286074,0.1985071291954199,0.30739933252334595,0.2960547953807886,0.16520285998259762,0.046298256642281876,131072,2097152,E11 energy-weighted P_N capture; frozen E20 construction
llama31_8b,E20_nar_g256_m1,qkv,23,1,256,1,16,0.15779888763635874,0.19848226156932114,0.30739933252334595,0.29605479534169665,0.16518216448934686,0.046789156524364016,131072,2097152,E11 energy-weighted P_N capture; frozen E20 construction
llama31_8b,E20_nar_g256_m1,qkv,23,2,256,1,16,0.15778609099460894,0.19848862157764913,0.30739933252334595,0.2960547953682808,0.1651874574557484,0.046907597586610686,131072,2097152,E11 energy-weighted P_N capture; frozen E20 construction
llama31_8b,E20_nar_g256_m2,qkv,23,0,256,2,32,0.15169149281375738,0.1985071291954199,0.3841896653175354,0.37046355113348967,0.15577565828213127,0.026924156342691685,131072,2097152,E11 energy-weighted P_N capture; frozen E20 construction
llama31_8b,E20_nar_g256_m2,qkv,23,1,256,2,32,0.1516681819260821,0.19848226156932114,0.3841896653175354,0.3704635511815684,0.15575614376473762,0.026953325257421758,131072,2097152,E11 energy-weighted P_N capture; frozen E20 construction
llama31_8b,E20_nar_g256_m2,qkv,23,2,256,2,32,0.1517096326241063,0.19848862157764913,0.3841896653175354,0.37046355125659836,0.15576113469119948,0.026705634948913603,131072,2097152,E11 energy-weighted P_N capture; frozen E20 construction
llama31_8b,E20_nar_g256_m3,qkv,23,0,256,3,48,0.14803375413936948,0.1985071291954199,0.42860934138298035,0.40873756903558,0.15005230691040106,0.013635760187039301,131072,2097152,E11 energy-weighted P_N capture; frozen E20 construction
llama31_8b,E20_nar_g256_m3,qkv,23,1,256,3,48,0.14806500834484915,0.19848226156932114,0.42860934138298035,0.4087375689836094,0.15003350937562923,0.013294842939497014,131072,2097152,E11 energy-weighted P_N capture; frozen E20 construction
llama31_8b,E20_nar_g256_m3,qkv,23,2,256,3,48,0.1481349237645091,0.19848862157764913,0.42860931158065796,0.40873756903012737,0.15003832084334248,0.01284907724973232,131072,2097152,E11 energy-weighted P_N capture; frozen E20 construction
llama31_8b,E20_nar_g128_m2,qkv,23,0,128,2,64,0.1336523597510748,0.1824683693382365,0.45849505066871643,0.4345711675500468,0.13427303520095993,0.0046439542933706035,131072,4194304,E11 energy-weighted P_N capture; frozen E20 construction
llama31_8b,E20_nar_g128_m2,qkv,23,1,128,2,64,0.1336770142644399,0.18244590292252916,0.45849505066871643,0.43457116783891864,0.13425650283516932,0.00433499037899725,131072,4194304,E11 energy-weighted P_N capture; frozen E20 construction
llama31_8b,E20_nar_g128_m2,qkv,23,2,128,2,64,0.13366095517660703,0.18248491464785666,0.45849505066871643,0.4345711676028671,0.13428521040123761,0.004670438153054869,131072,4194304,E11 energy-weighted P_N capture; frozen E20 construction
llama31_8b,E20_nar_g128_m2_c32,qkv,23,0,128,2,64,0.1336523597510748,0.1824683693382365,0.45849505066871643,0.4345711675500468,0.13427303520095993,0.0046439542933706035,131072,4194304,E11 energy-weighted P_N capture; frozen E20 construction
llama31_8b,E20_nar_g128_m2_c32,qkv,23,1,128,2,64,0.1336770142644399,0.18244590292252916,0.45849505066871643,0.43457116783891864,0.13425650283516932,0.00433499037899725,131072,4194304,E11 energy-weighted P_N capture; frozen E20 construction
llama31_8b,E20_nar_g128_m2_c32,qkv,23,2,128,2,64,0.13366095517660703,0.18248491464785666,0.45849505066871643,0.4345711676028671,0.13428521040123761,0.004670438153054869,131072,4194304,E11 energy-weighted P_N capture; frozen E20 construction
llama31_8b,E20_nar_g256_m3_c32,qkv,23,0,256,3,48,0.14803375413936948,0.1985071291954199,0.42860934138298035,0.40873756903558,0.15005230691040106,0.013635760187039301,131072,2097152,E11 energy-weighted P_N capture; frozen E20 construction
llama31_8b,E20_nar_g256_m3_c32,qkv,23,1,256,3,48,0.14806500834484915,0.19848226156932114,0.42860934138298035,0.4087375689836094,0.15003350937562923,0.013294842939497014,131072,2097152,E11 energy-weighted P_N capture; frozen E20 construction
llama31_8b,E20_nar_g256_m3_c32,qkv,23,2,256,3,48,0.1481349237645091,0.19848862157764913,0.42860931158065796,0.40873756903012737,0.15003832084334248,0.01284907724973232,131072,2097152,E11 energy-weighted P_N capture; frozen E20 construction
llama31_8b,E11_g64_kmax,down,23,0,64,1,224,0.018586702879785637,0.024242187344238792,0.30043178646883584,0.2443293266911778,0.02027621264478129,0.09089884181842249,131072,29360128,frozen E11 selected eigenvalue fractions
llama31_8b,E11_g64_kmax,down,23,1,64,1,224,0.018586051817451908,0.024240794695838792,0.30043178646883584,0.24432932664498383,0.020275047830950885,0.09087438419347602,131072,29360128,frozen E11 selected eigenvalue fractions
llama31_8b,E11_g64_kmax,down,23,2,64,1,224,0.018588616338521404,0.024243486450626444,0.30043178646883584,0.24432932671660418,0.02027729921989063,0.09084500161906874,131072,29360128,frozen E11 selected eigenvalue fractions
llama31_8b,E11_g128_k8,down,23,0,128,1,8,0.022530601291327557,0.0267841312250654,0.09389894754482377,0.08850071899790878,0.025495637843272252,0.13160041818706333,131072,14680064,frozen E11 selected eigenvalue fractions
llama31_8b,E11_g128_k8,down,23,1,128,1,8,0.0225263113598752,0.026782954461950195,0.09389894754482377,0.08850071899217408,0.025494517690224892,0.1317661947813074,131072,14680064,frozen E11 selected eigenvalue fractions
llama31_8b,E11_g128_k8,down,23,2,128,1,8,0.022526999965961414,0.02678623028194549,0.09389894754482377,0.08850071904387483,0.025497635921670894,0.13187002087264832,131072,14680064,frozen E11 selected eigenvalue fractions
llama31_8b,E11_g128_k16,down,23,0,128,1,16,0.022355134488131423,0.0267841312250654,0.12003983913341568,0.10365414154597469,0.02512517349274129,0.12391063923504954,131072,14680064,frozen E11 selected eigenvalue fractions
llama31_8b,E11_g128_k16,down,23,1,128,1,16,0.022355612906563817,0.026782954461950195,0.12003983913341568,0.10365414149816135,0.025124069616077122,0.12383720907515176,131072,14680064,frozen E11 selected eigenvalue fractions
llama31_8b,E11_g128_k16,down,23,2,128,1,16,0.022354023232614578,0.02678623028194549,0.12003983913341568,0.10365414152960833,0.025127142538062947,0.12405459529998075,131072,14680064,frozen E11 selected eigenvalue fractions
llama31_8b,E11_g128_k32,down,23,0,128,1,32,0.022078037898298764,0.0267841312250654,0.1555800674424122,0.12708605012331683,0.0246125608141822,0.11479837690099876,131072,14680064,frozen E11 selected eigenvalue fractions
llama31_8b,E11_g128_k32,down,23,1,128,1,32,0.02207882546216016,0.026782954461950195,0.1555800674424122,0.12708605015068158,0.02461147945920027,0.1147096344133298,131072,14680064,frozen E11 selected eigenvalue fractions
llama31_8b,E11_g128_k32,down,23,2,128,1,32,0.022075217805521304,0.02678623028194549,0.1555800674424122,0.12708605013893004,0.02461448968634458,0.115028168835923,131072,14680064,frozen E11 selected eigenvalue fractions
llama31_8b,E11_g128_kmax,down,23,0,128,1,112,0.02146818882876898,0.0267841312250654,0.236954702150503,0.1910686776020792,0.023396598603908345,0.08982638407554677,131072,14680064,saved factor eigenvalue sum / calibration trace
llama31_8b,E11_g128_kmax,down,23,1,128,1,112,0.02146900457076195,0.026782954461950195,0.236954702150503,0.1910686776214375,0.023395570672330987,0.089737094946301,131072,14680064,saved factor eigenvalue sum / calibration trace
llama31_8b,E11_g128_kmax,down,23,2,128,1,112,0.02146901351420229,0.02678623028194549,0.236954702150503,0.19106867764560104,0.02339843218181526,0.08986992654956465,131072,14680064,saved factor eigenvalue sum / calibration trace
llama31_8b,E11_g256_kmax,down,23,0,256,1,56,0.024248541938020667,0.02912098035788865,0.19176331685552364,0.15364674271273454,0.02618033927092985,0.0796665357383904,131072,7340032,frozen E11 selected eigenvalue fractions
llama31_8b,E11_g256_kmax,down,23,1,256,1,56,0.02425005772521433,0.029120742470357643,0.19176331685552364,0.15364674274391008,0.026180125405318406,0.07959023033983378,131072,7340032,frozen E11 selected eigenvalue fractions
llama31_8b,E11_g256_kmax,down,23,2,256,1,56,0.02425134015592567,0.029124374228202448,0.19176331685552364,0.15364674266404493,0.02618339042769603,0.07966777338275355,131072,7340032,frozen E11 selected eigenvalue fractions
llama31_8b,E20_hadamard_g64_m1,down,23,0,64,1,0,0.024242924633750156,0.024242924633750156,0.004165540914982557,0.014345479063880704,0.024192379494628706,-0.0020849439531351903,131072,29360128,E11 energy-weighted P_N capture; frozen E20 construction
llama31_8b,E20_hadamard_g64_m1,down,23,1,64,1,0,0.02424007253152081,0.02424007253152081,0.004165541380643845,0.014345479064370226,0.024189533333217036,-0.002084944186452239,131072,29360128,E11 energy-weighted P_N capture; frozen E20 construction
llama31_8b,E20_hadamard_g64_m1,down,23,2,64,1,0,0.02424686157794152,0.02424686157794152,0.004165540914982557,0.01434547906320157,0.024196308230512085,-0.0020849439531351525,131072,29360128,E11 energy-weighted P_N capture; frozen E20 construction
llama31_8b,E20_hadamard_g128_m1,down,23,0,128,1,0,0.02678512750170392,0.02678512750170392,0.0018869773484766483,0.007150419944719241,0.02675984410433655,-0.0009439341801065062,131072,14680064,E11 energy-weighted P_N capture; frozen E20 construction
llama31_8b,E20_hadamard_g128_m1,down,23,1,128,1,0,0.026782536503613712,0.026782536503613712,0.0018869773484766483,0.007150419944957685,0.026757255551978002,-0.0009439341801064716,131072,14680064,E11 energy-weighted P_N capture; frozen E20 construction
llama31_8b,E20_hadamard_g128_m1,down,23,2,128,1,0,0.02679090921902178,0.02679090921902178,0.0018869773484766483,0.007150419944660715,0.026765620364093815,-0.0009439341801065751,131072,14680064,E11 energy-weighted P_N capture; frozen E20 construction
llama31_8b,E20_hadamard_g256_m1,down,23,0,256,1,0,0.02912289705080782,0.02912289705080782,0.0012961358297616243,0.0042462243338500716,0.029104017315982004,-0.0006482780470940126,131072,7340032,E11 energy-weighted P_N capture; frozen E20 construction
llama31_8b,E20_hadamard_g256_m1,down,23,1,256,1,0,0.02911759039355477,0.02911759039355477,0.0012961358297616243,0.004246224333571903,0.029098714098918354,-0.000648278047094009,131072,7340032,E11 energy-weighted P_N capture; frozen E20 construction
llama31_8b,E20_hadamard_g256_m1,down,23,2,256,1,0,0.029129963159608634,0.029129963159608634,0.0012961357133463025,0.004246224333021958,0.029111078845676288,-0.0006482779888486262,131072,7340032,E11 energy-weighted P_N capture; frozen E20 construction
llama31_8b,E20_hadamard_g256_m2,down,23,0,256,2,0,0.029077625991722096,0.02912289705080782,0.0018869774648919702,0.00715042018891195,0.029095406951161064,0.0006114996954713453,131072,7340032,E11 energy-weighted P_N capture; frozen E20 construction
llama31_8b,E20_hadamard_g256_m2,down,23,1,256,2,0,0.02907286907712806,0.02911759039355477,0.0018869773484766483,0.007150420191651747,0.029090105304739954,0.0005928629735912398,131072,7340032,E11 energy-weighted P_N capture; frozen E20 construction
llama31_8b,E20_hadamard_g256_m2,down,23,2,256,2,0,0.029084281092535896,0.029129963159608634,0.0018869773484766483,0.007150420192182748,0.029102466391717034,0.0006252621174743646,131072,7340032,E11 energy-weighted P_N capture; frozen E20 construction
llama31_8b,E20_hadamard_g256_m3,down,23,0,256,3,0,0.02902147388752547,0.02912289705080782,0.003410498145967722,0.010981751900906072,0.029073192842386512,0.0017820926346292282,131072,7340032,E11 energy-weighted P_N capture; frozen E20 construction
llama31_8b,E20_hadamard_g256_m3,down,23,1,256,3,0,0.02901643157620004,0.02911759039355477,0.0034104979131370783,0.010981751904077349,0.029067895245430086,0.001773604348794433,131072,7340032,E11 energy-weighted P_N capture; frozen E20 construction
llama31_8b,E20_hadamard_g256_m3,down,23,2,256,3,0,0.029028219646751476,0.029129963159608634,0.003410498145967722,0.010981751904030886,0.029080246891420608,0.0017922988492666352,131072,7340032,E11 energy-weighted P_N capture; frozen E20 construction
llama31_8b,E20_hadamard_g128_m2,down,23,0,128,2,0,0.026684920199360956,0.02678512750170392,0.004165540914982557,0.014345478575222156,0.026729282012085288,0.0016624300313775849,131072,14680064,E11 energy-weighted P_N capture; frozen E20 construction
llama31_8b,E20_hadamard_g128_m2,down,23,1,128,2,0,0.0266821829513376,0.026782536503613712,0.004165540914982557,0.014345478573448107,0.02672669641608088,0.0016682842188909654,131072,14680064,E11 energy-weighted P_N capture; frozen E20 construction
llama31_8b,E20_hadamard_g128_m2,down,23,2,128,2,0,0.026690933446207574,0.02679090921902178,0.004165541380643845,0.014345478575633928,0.026735051668595813,0.0016529291670204821,131072,14680064,E11 energy-weighted P_N capture; frozen E20 construction
llama31_8b,E20_nar_g64_m1,down,23,0,64,1,224,0.01838989626056645,0.024242924633750156,0.30043184757232666,0.2443293251515878,0.020276828429627015,0.10260700453796053,131072,29360128,E11 energy-weighted P_N capture; frozen E20 construction
llama31_8b,E20_nar_g64_m1,down,23,1,64,1,224,0.018388578243906623,0.02424007253152081,0.30043184757232666,0.2443293251990486,0.02027444292587935,0.10255630734244721,131072,29360128,E11 energy-weighted P_N capture; frozen E20 construction
llama31_8b,E20_nar_g64_m1,down,23,2,64,1,224,0.018388833591170273,0.02424686157794152,0.30043184757232666,0.24432932519755604,0.02028012129726206,0.10284979178885621,131072,29360128,E11 energy-weighted P_N capture; frozen E20 construction
llama31_8b,E20_nar_g128_m1,down,23,0,128,1,112,0.021083035097475396,0.02678512750170392,0.2440614104270935,0.19743464936526395,0.023288256510721382,0.1045969616352843,131072,14680064,E11 energy-weighted P_N capture; frozen E20 construction
llama31_8b,E20_nar_g128_m1,down,23,1,128,1,112,0.021084491080160226,0.026782536503613712,0.2440614104270935,0.19743464936461178,0.023286003774454223,0.10441384076685367,131072,14680064,E11 energy-weighted P_N capture; frozen E20 construction
llama31_8b,E20_nar_g128_m1,down,23,2,128,1,112,0.021082566024098557,0.02679090921902178,0.2440614104270935,0.1974346493378953,0.023293283409173228,0.10485997684284241,131072,14680064,E11 energy-weighted P_N capture; frozen E20 construction
llama31_8b,E20_nar_g256_m1,down,23,0,256,1,56,0.023867097115513873,0.02912289705080782,0.19176337122917175,0.15364674308567788,0.026182061535211038,0.09699396656799175,131072,7340032,E11 energy-weighted P_N capture; frozen E20 construction
llama31_8b,E20_nar_g256_m1,down,23,1,256,1,56,0.023865981992690077,0.02911759039355477,0.19176337122917175,0.15364674300100564,0.026177290745186155,0.09684532374171778,131072,7340032,E11 energy-weighted P_N capture; frozen E20 construction
llama31_8b,E20_nar_g256_m1,down,23,2,256,1,56,0.02386925515082578,0.029129963159608634,0.19176337122917175,0.1536467429945102,0.026188414107041876,0.09716092695652719,131072,7340032,E11 energy-weighted P_N capture; frozen E20 construction
llama31_8b,E20_nar_g256_m2,down,23,0,256,2,112,0.023352494610958452,0.02912289705080782,0.2440614104270935,0.1974346675683241,0.025320823909141338,0.08428775302057977,131072,7340032,E11 energy-weighted P_N capture; frozen E20 construction
llama31_8b,E20_nar_g256_m2,down,23,1,256,2,112,0.023355306332703534,0.02911759039355477,0.2440614104270935,0.1974346675793836,0.025316210050375286,0.0839596659422092,131072,7340032,E11 energy-weighted P_N capture; frozen E20 construction
llama31_8b,E20_nar_g256_m2,down,23,2,256,2,112,0.023355125559600447,0.029129963159608634,0.2440614104270935,0.19743466766643084,0.025326967518286954,0.08442866015233022,131072,7340032,E11 energy-weighted P_N capture; frozen E20 construction
llama31_8b,E20_nar_g256_m3,down,23,0,256,3,168,0.023060497949644772,0.02912289705080782,0.27716314792633057,0.22518458207872485,0.024760232472648153,0.07370762447172415,131072,7340032,E11 energy-weighted P_N capture; frozen E20 construction
llama31_8b,E20_nar_g256_m3,down,23,1,256,3,168,0.023060512399171618,0.02911759039355477,0.27716314792633057,0.22518458192731675,0.024755720762600592,0.07351130512997057,131072,7340032,E11 energy-weighted P_N capture; frozen E20 construction
llama31_8b,E20_nar_g256_m3,down,23,2,256,3,168,0.023058010226527235,0.029129963159608634,0.27716314792633057,0.22518458204862707,0.02476624006510298,0.07408400906208731,131072,7340032,E11 energy-weighted P_N capture; frozen E20 construction
llama31_8b,E20_nar_g128_m2,down,23,0,128,2,224,0.020670805396319603,0.02678512750170392,0.30043184757232666,0.24432930093129432,0.0224031317600033,0.0838054604293326,131072,14680064,E11 energy-weighted P_N capture; frozen E20 construction
llama31_8b,E20_nar_g128_m2,down,23,1,128,2,224,0.02066869673399165,0.026782536503613712,0.30043184757232666,0.24432930097546604,0.022400964644255908,0.08381118231878543,131072,14680064,E11 energy-weighted P_N capture; frozen E20 construction
llama31_8b,E20_nar_g128_m2,down,23,2,128,2,224,0.020669681358367283,0.02679090921902178,0.30043184757232666,0.2443293009528796,0.02240796759940197,0.0840983569556099,131072,14680064,E11 energy-weighted P_N capture; frozen E20 construction
llama31_8b,E20_nar_g128_m2_c32,down,23,0,128,2,224,0.020670805396319603,0.02678512750170392,0.30043184757232666,0.24432930093129432,0.0224031317600033,0.0838054604293326,131072,14680064,E11 energy-weighted P_N capture; frozen E20 construction
llama31_8b,E20_nar_g128_m2_c32,down,23,1,128,2,224,0.02066869673399165,0.026782536503613712,0.30043184757232666,0.24432930097546604,0.022400964644255908,0.08381118231878543,131072,14680064,E11 energy-weighted P_N capture; frozen E20 construction
llama31_8b,E20_nar_g128_m2_c32,down,23,2,128,2,224,0.020669681358367283,0.02679090921902178,0.30043184757232666,0.2443293009528796,0.02240796759940197,0.0840983569556099,131072,14680064,E11 energy-weighted P_N capture; frozen E20 construction
llama31_8b,E20_nar_g256_m3_c32,down,23,0,256,3,168,0.023060497949644772,0.02912289705080782,0.27716314792633057,0.22518458207872485,0.024760232472648153,0.07370762447172415,131072,7340032,E11 energy-weighted P_N capture; frozen E20 construction
llama31_8b,E20_nar_g256_m3_c32,down,23,1,256,3,168,0.023060512399171618,0.02911759039355477,0.27716314792633057,0.22518458192731675,0.024755720762600592,0.07351130512997057,131072,7340032,E11 energy-weighted P_N capture; frozen E20 construction
llama31_8b,E20_nar_g256_m3_c32,down,23,2,256,3,168,0.023058010226527235,0.029129963159608634,0.27716314792633057,0.22518458204862707,0.02476624006510298,0.07408400906208731,131072,7340032,E11 energy-weighted P_N capture; frozen E20 construction
llama31_8b,E11_g64_kmax,qkv,24,0,64,1,64,0.1237899670847904,0.16792424633596514,0.47420773145970174,0.4498883941766605,0.12176444839308452,-0.016362543261026076,131072,8388608,frozen E11 selected eigenvalue fractions
llama31_8b,E11_g64_kmax,qkv,24,1,64,1,64,0.12379306895183628,0.16782538978597827,0.47420773145970174,0.44988839407112485,0.12169276599139542,-0.01696624034143641,131072,8388608,frozen E11 selected eigenvalue fractions
llama31_8b,E11_g64_kmax,qkv,24,2,64,1,64,0.12378108932951548,0.1678224972565685,0.47420773145970174,0.44988839408071074,0.12169066857392459,-0.016888046202485893,131072,8388608,frozen E11 selected eigenvalue fractions
llama31_8b,E11_g128_k8,qkv,24,0,128,1,8,0.15648671924346313,0.18590390262105316,0.26182622682288537,0.25508564642401277,0.1597231300455392,0.02068169629807905,131072,4194304,frozen E11 selected eigenvalue fractions
llama31_8b,E11_g128_k8,qkv,24,1,128,1,8,0.1564745642361558,0.18579001787617422,0.26182622682288537,0.25508564627445235,0.15962528364393042,0.020135665008272283,131072,4194304,frozen E11 selected eigenvalue fractions
llama31_8b,E11_g128_k8,qkv,24,2,128,1,8,0.15647631320609534,0.18572453441199777,0.26182622682288537,0.25508564635784803,0.15956902218993713,0.019764710201015348,131072,4194304,frozen E11 selected eigenvalue fractions
llama31_8b,E11_g128_k16,qkv,24,0,128,1,16,0.15149095675150015,0.18590390262105316,0.32352307130773855,0.3128953578852746,0.15290264622520594,0.009318638577360568,131072,4194304,frozen E11 selected eigenvalue fractions
llama31_8b,E11_g128_k16,qkv,24,1,128,1,16,0.15149789869410402,0.18579001787617422,0.32352307130773855,0.3128953578723862,0.152808978052504,0.008654109196902158,131072,4194304,frozen E11 selected eigenvalue fractions
llama31_8b,E11_g128_k16,qkv,24,2,128,1,16,0.15150360154407672,0.18572453441199777,0.32352307130773855,0.31289535777691463,0.15275511907044176,0.008260645381429697,131072,4194304,frozen E11 selected eigenvalue fractions
llama31_8b,E11_g128_k32,qkv,24,0,128,1,32,0.1442982835265454,0.18590390262105316,0.3999659867521455,0.3854423932034226,0.14400462531657257,-0.002035077637765505,131072,4194304,frozen E11 selected eigenvalue fractions
llama31_8b,E11_g128_k32,qkv,24,1,128,1,32,0.14432205870335668,0.18579001787617422,0.3999659867521455,0.3854423933009236,0.14391640807215572,-0.002810732017305441,131072,4194304,frozen E11 selected eigenvalue fractions
llama31_8b,E11_g128_k32,qkv,24,2,128,1,32,0.14431286492087025,0.18572453441199777,0.3999659867521455,0.3854423932297996,0.14386568336121525,-0.0030986950463509034,131072,4194304,frozen E11 selected eigenvalue fractions
llama31_8b,E11_g128_kmax,qkv,24,0,128,1,32,0.1446792127387848,0.18590390262105316,0.39640055537784524,0.3816148708108043,0.14443183288830264,-0.0017098506813747712,131072,4194304,saved factor eigenvalue sum / calibration trace
llama31_8b,E11_g128_kmax,qkv,24,1,128,1,32,0.14467436719169502,0.18579001787617422,0.39640055537784524,0.38161487065423255,0.14434335393649486,-0.0022879882706627755,131072,4194304,saved factor eigenvalue sum / calibration trace
llama31_8b,E11_g128_kmax,qkv,24,2,128,1,32,0.14469073889041972,0.18572453441199777,0.39640055537784524,0.38161487071639166,0.1442924787444116,-0.002752492309198535,131072,4194304,saved factor eigenvalue sum / calibration trace
llama31_8b,E11_g256_kmax,qkv,24,0,256,1,16,0.1657846175406874,0.20231365198893414,0.32352307130773855,0.31140834853743926,0.16639937258148876,0.003708154893505012,131072,2097152,frozen E11 selected eigenvalue fractions
llama31_8b,E11_g256_kmax,qkv,24,1,256,1,16,0.1657485402757537,0.20207891998233407,0.32352307130773855,0.3114083484371337,0.16620630969008696,0.0027618307441602432,131072,2097152,frozen E11 selected eigenvalue fractions
llama31_8b,E11_g256_kmax,qkv,24,2,256,1,16,0.16579431202865536,0.20197777467137357,0.32352307130773855,0.3114083484195315,0.16612311947470637,0.001983225130149133,131072,2097152,frozen E11 selected eigenvalue fractions
llama31_8b,E20_hadamard_g64_m1,qkv,24,0,64,1,0,0.16786199452737982,0.16786199452737982,0.006849294062703848,0.015350710886895625,0.16728613870042439,-0.0034305313038652564,131072,8388608,E11 energy-weighted P_N capture; frozen E20 construction
llama31_8b,E20_hadamard_g64_m1,qkv,24,1,64,1,0,0.16784042671700128,0.16784042671700128,0.006849294528365135,0.015350710887221891,0.16726464483988157,-0.0034305315374974807,131072,8388608,E11 energy-weighted P_N capture; frozen E20 construction
llama31_8b,E20_hadamard_g64_m1,qkv,24,2,64,1,0,0.1678926232246365,0.1678926232246365,0.006849294062703848,0.015350710887406988,0.16731666232497633,-0.003430531303865231,131072,8388608,E11 energy-weighted P_N capture; frozen E20 construction
llama31_8b,E20_hadamard_g128_m1,qkv,24,0,128,1,0,0.18581631748742922,0.18581631748742922,0.0022783204913139343,0.006236428061604297,0.18560452222239077,-0.0011398098288799559,131072,4194304,E11 energy-weighted P_N capture; frozen E20 construction
llama31_8b,E20_hadamard_g128_m1,qkv,24,1,128,1,0,0.18580057952286033,0.18580057952286033,0.0022783204913139343,0.006236428062073434,0.18558880219610857,-0.0011398098288800248,131072,4194304,E11 energy-weighted P_N capture; frozen E20 construction
llama31_8b,E20_hadamard_g128_m1,qkv,24,2,128,1,0,0.18586202297964682,0.18586202297964682,0.0022783204913139343,0.0062364280621285744,0.1856501756190391,-0.0011398098288800187,131072,4194304,E11 energy-weighted P_N capture; frozen E20 construction
llama31_8b,E20_hadamard_g256_m1,qkv,24,0,256,1,0,0.20212295300333238,0.20212295300333238,0.0018701108638197184,0.003923552710741075,0.20193386839454847,-0.0009354930054915672,131072,2097152,E11 energy-weighted P_N capture; frozen E20 construction
llama31_8b,E20_hadamard_g256_m1,qkv,24,1,256,1,0,0.20208793395527636,0.20208793395527636,0.0018701108638197184,0.003923552710003938,0.20189888210656695,-0.0009354930054915728,131072,2097152,E11 energy-weighted P_N capture; frozen E20 construction
llama31_8b,E20_hadamard_g256_m1,qkv,24,2,256,1,0,0.20219102319106952,0.20219102319106952,0.0018701108638197184,0.003923552710831443,0.2020018749031011,-0.0009354930054915582,131072,2097152,E11 energy-weighted P_N capture; frozen E20 construction
llama31_8b,E20_hadamard_g256_m2,qkv,24,0,256,2,0,0.2018694005746795,0.20212295300333238,0.0022783204913139343,0.006236428267218895,0.20189257127485694,0.0001147806458604957,131072,2097152,E11 energy-weighted P_N capture; frozen E20 construction
llama31_8b,E20_hadamard_g256_m2,qkv,24,1,256,2,0,0.20185876193073327,0.20208793395527636,0.002278320724144578,0.006236428267112618,0.2018575921183031,-5.795202640623619e-06,131072,2097152,E11 energy-weighted P_N capture; frozen E20 construction
llama31_8b,E20_hadamard_g256_m2,qkv,24,2,256,2,0,0.201961614904814,0.20219102319106952,0.0022783204913139343,0.006236428267627967,0.20196056387552505,-5.204104202956663e-06,131072,2097152,E11 energy-weighted P_N capture; frozen E20 construction
llama31_8b,E20_hadamard_g256_m3,qkv,24,0,256,3,0,0.2013429364871122,0.20212295300333238,0.00495546031743288,0.011212080901725823,0.20162152489363436,0.0013836512538396289,131072,2097152,E11 energy-weighted P_N capture; frozen E20 construction
llama31_8b,E20_hadamard_g256_m3,qkv,24,1,256,3,0,0.20132787676216068,0.20208793395527636,0.00495546031743288,0.01121208089884387,0.20158659272109053,0.0012850478686341077,131072,2097152,E11 energy-weighted P_N capture; frozen E20 construction
llama31_8b,E20_hadamard_g256_m3,qkv,24,2,256,3,0,0.201473249682266,0.20219102319106952,0.00495546031743288,0.011212080898029686,0.20168942621234864,0.001072978821871284,131072,2097152,E11 energy-weighted P_N capture; frozen E20 construction
llama31_8b,E20_hadamard_g128_m2,qkv,24,0,128,2,0,0.18491472633368744,0.18581631748742922,0.006849294062703848,0.015350710360741043,0.1851788687935196,0.0014284555106525679,131072,4194304,E11 energy-weighted P_N capture; frozen E20 construction
llama31_8b,E20_hadamard_g128_m2,qkv,24,1,128,2,0,0.18492476028076332,0.18580057952286033,0.006849294062703848,0.015350710358155564,0.18516318481853086,0.0012893056473646366,131072,4194304,E11 energy-weighted P_N capture; frozen E20 construction
llama31_8b,E20_hadamard_g128_m2,qkv,24,2,128,2,0,0.18498329308778594,0.18586202297964682,0.006849294062703848,0.015350710357089119,0.18522441749161542,0.0013034928711916202,131072,4194304,E11 energy-weighted P_N capture; frozen E20 construction
llama31_8b,E20_nar_g64_m1,qkv,24,0,64,1,64,0.12107163829771062,0.16786199452737982,0.4742077589035034,0.4498883909476971,0.12171930547463299,0.00534945414160318,131072,8388608,E11 energy-weighted P_N capture; frozen E20 construction
llama31_8b,E20_nar_g64_m1,qkv,24,1,64,1,64,0.12106846379386771,0.16784042671700128,0.4742077589035034,0.4498883908656926,0.12170366632470346,0.005246639058023016,131072,8388608,E11 energy-weighted P_N capture; frozen E20 construction
llama31_8b,E20_nar_g64_m1,qkv,24,2,64,1,64,0.12107103316574341,0.1678926232246365,0.4742077589035034,0.4498883909890145,0.12174151481253685,0.005537919593661724,131072,8388608,E11 energy-weighted P_N capture; frozen E20 construction
llama31_8b,E20_nar_g128_m1,qkv,24,0,128,1,32,0.14001832644420542,0.18581631748742922,0.39996594190597534,0.3854423834033173,0.14393678561972076,0.02798533074223514,131072,4194304,E11 energy-weighted P_N capture; frozen E20 construction
llama31_8b,E20_nar_g128_m1,qkv,24,1,128,1,32,0.14004039366976517,0.18580057952286033,0.39996594190597534,0.38544238337053616,0.14392459469880017,0.02773629041770969,131072,4194304,E11 energy-weighted P_N capture; frozen E20 construction
llama31_8b,E20_nar_g128_m1,qkv,24,2,128,1,32,0.1399780322256703,0.18586202297964682,0.39996594190597534,0.38544238336469044,0.14397218994655234,0.028534175380053428,131072,4194304,E11 energy-weighted P_N capture; frozen E20 construction
llama31_8b,E20_nar_g256_m1,qkv,24,0,256,1,16,0.1584244795095664,0.20212295300333238,0.32352304458618164,0.31140833874675167,0.16624252934836095,0.049348748772896966,131072,2097152,E11 energy-weighted P_N capture; frozen E20 construction
llama31_8b,E20_nar_g256_m1,qkv,24,1,256,1,16,0.1584580346773521,0.20208793395527636,0.32352304458618164,0.3114083387038711,0.1662137268049699,0.04894477041451222,131072,2097152,E11 energy-weighted P_N capture; frozen E20 construction
llama31_8b,E20_nar_g256_m1,qkv,24,2,256,1,16,0.15848325655202622,0.20219102319106952,0.32352304458618164,0.31140833878570245,0.16629851586555008,0.049312838993552,131072,2097152,E11 energy-weighted P_N capture; frozen E20 construction
llama31_8b,E20_nar_g256_m2,qkv,24,0,256,2,32,0.15234353799444555,0.20212295300333238,0.39996594190597534,0.3854424201277314,0.15656820966346904,0.027731216726616395,131072,2097152,E11 energy-weighted P_N capture; frozen E20 construction
llama31_8b,E20_nar_g256_m2,qkv,24,1,256,2,32,0.15232246600540833,0.20208793395527636,0.39996594190597534,0.38544242000826046,0.1565410832556228,0.02769530562920825,131072,2097152,E11 energy-weighted P_N capture; frozen E20 construction
llama31_8b,E20_nar_g256_m2,qkv,24,2,256,2,32,0.15229633750605132,0.20219102319106952,0.39996594190597534,0.38544242001417106,0.15662093810062622,0.028395959255442162,131072,2097152,E11 energy-weighted P_N capture; frozen E20 construction
llama31_8b,E20_nar_g256_m3,qkv,24,0,256,3,48,0.1485619165535237,0.20212295300333238,0.4442346692085266,0.42387907158678123,0.1506819946047261,0.01427066976777041,131072,2097152,E11 energy-weighted P_N capture; frozen E20 construction
llama31_8b,E20_nar_g256_m3,qkv,24,1,256,3,48,0.148592411897285,0.20208793395527636,0.4442346692085266,0.4238790717153755,0.15065588801993782,0.013886820304654574,131072,2097152,E11 energy-weighted P_N capture; frozen E20 construction
llama31_8b,E20_nar_g256_m3,qkv,24,2,256,3,48,0.1485411566047521,0.20219102319106952,0.4442346692085266,0.4238790716492056,0.15073274070510184,0.014754053021017342,131072,2097152,E11 energy-weighted P_N capture; frozen E20 construction
llama31_8b,E20_nar_g128_m2,qkv,24,0,128,2,64,0.13396701443846393,0.18581631748742922,0.47420772910118103,0.4498883462111784,0.13473826410254952,0.005757011659313029,131072,4194304,E11 energy-weighted P_N capture; frozen E20 construction
llama31_8b,E20_nar_g128_m2,qkv,24,1,128,2,64,0.13399450875352503,0.18580057952286033,0.47420772910118103,0.44988834617675866,0.13472685226286185,0.005465474041805114,131072,4194304,E11 energy-weighted P_N capture; frozen E20 construction
llama31_8b,E20_nar_g128_m2,qkv,24,2,128,2,64,0.13398425920536017,0.18586202297964682,0.47420772910118103,0.4498883461696068,0.13477140585653874,0.005874918858730245,131072,4194304,E11 energy-weighted P_N capture; frozen E20 construction
llama31_8b,E20_nar_g128_m2_c32,qkv,24,0,128,2,64,0.13396701443846393,0.18581631748742922,0.47420772910118103,0.4498883462111784,0.13473826410254952,0.005757011659313029,131072,4194304,E11 energy-weighted P_N capture; frozen E20 construction
llama31_8b,E20_nar_g128_m2_c32,qkv,24,1,128,2,64,0.13399450875352503,0.18580057952286033,0.47420772910118103,0.44988834617675866,0.13472685226286185,0.005465474041805114,131072,4194304,E11 energy-weighted P_N capture; frozen E20 construction
llama31_8b,E20_nar_g128_m2_c32,qkv,24,2,128,2,64,0.13398425920536017,0.18586202297964682,0.47420772910118103,0.4498883461696068,0.13477140585653874,0.005874918858730245,131072,4194304,E11 energy-weighted P_N capture; frozen E20 construction
llama31_8b,E20_nar_g256_m3_c32,qkv,24,0,256,3,48,0.1485619165535237,0.20212295300333238,0.4442346692085266,0.42387907158678123,0.1506819946047261,0.01427066976777041,131072,2097152,E11 energy-weighted P_N capture; frozen E20 construction
llama31_8b,E20_nar_g256_m3_c32,qkv,24,1,256,3,48,0.148592411897285,0.20208793395527636,0.4442346692085266,0.4238790717153755,0.15065588801993782,0.013886820304654574,131072,2097152,E11 energy-weighted P_N capture; frozen E20 construction
llama31_8b,E20_nar_g256_m3_c32,qkv,24,2,256,3,48,0.1485411566047521,0.20219102319106952,0.4442346692085266,0.4238790716492056,0.15073274070510184,0.014754053021017342,131072,2097152,E11 energy-weighted P_N capture; frozen E20 construction
llama31_8b,E11_g64_kmax,down,24,0,64,1,224,0.01918402872442872,0.024916112720991875,0.3026778899997912,0.24560766417778498,0.020806402936079934,0.0845690045066134,131072,29360128,frozen E11 selected eigenvalue fractions
llama31_8b,E11_g64_kmax,down,24,1,64,1,224,0.019183858125806807,0.02491811539764193,0.3026778899997912,0.24560766414560697,0.02080807528753372,0.08466582431309577,131072,29360128,frozen E11 selected eigenvalue fractions
llama31_8b,E11_g64_kmax,down,24,2,64,1,224,0.019182893064364586,0.024916250528554045,0.3026778899997912,0.24560766414255464,0.020806518013407535,0.08463921180163915,131072,29360128,frozen E11 selected eigenvalue fractions
llama31_8b,E11_g128_k8,down,24,0,128,1,8,0.023107092100200947,0.02752328223184256,0.1037748735568558,0.09609612309991607,0.02605606214198977,0.12762185864846126,131072,14680064,frozen E11 selected eigenvalue fractions
llama31_8b,E11_g128_k8,down,24,1,128,1,8,0.023107742894455212,0.02752829629267341,0.1037748735568558,0.09609612307172255,0.026060808911633444,0.1277955199115025,131072,14680064,frozen E11 selected eigenvalue fractions
llama31_8b,E11_g128_k8,down,24,2,128,1,8,0.02310802321338255,0.027526380476333046,0.1037748735568558,0.09609612307665444,0.026058995224254273,0.12770335149926312,131072,14680064,frozen E11 selected eigenvalue fractions
llama31_8b,E11_g128_k16,down,24,0,128,1,16,0.022948648613642986,0.02752328223184256,0.1287172367909428,0.11056771125986635,0.0256909275692324,0.11949631552417982,131072,14680064,frozen E11 selected eigenvalue fractions
llama31_8b,E11_g128_k16,down,24,1,128,1,16,0.022948605937379924,0.02752829629267341,0.1287172367909428,0.11056771124772126,0.025695607820393873,0.1197023422908441,131072,14680064,frozen E11 selected eigenvalue fractions
llama31_8b,E11_g128_k16,down,24,2,128,1,16,0.022948959270945597,0.027526380476333046,0.1287172367909428,0.11056771120636634,0.025693819548979813,0.11960717894119628,131072,14680064,frozen E11 selected eigenvalue fractions
llama31_8b,E11_g128_k32,down,24,0,128,1,32,0.022650479281128493,0.02752328223184256,0.16276518962077238,0.13663103061124665,0.025183950790248127,0.11185067996465864,131072,14680064,frozen E11 selected eigenvalue fractions
llama31_8b,E11_g128_k32,down,24,1,128,1,32,0.022651935252738502,0.02752829629267341,0.16276518962077238,0.13663103054297543,0.025188538682787972,0.11198175351233215,131072,14680064,frozen E11 selected eigenvalue fractions
llama31_8b,E11_g128_k32,down,24,2,128,1,32,0.02264876131072973,0.027526380476333046,0.16276518962077238,0.13663103059833706,0.025186785700566136,0.11206018532386716,131072,14680064,frozen E11 selected eigenvalue fractions
llama31_8b,E11_g128_kmax,down,24,0,128,1,112,0.022096929984025238,0.02752328223184256,0.2410640365006154,0.19598704054967225,0.023977438740513342,0.08510271598125169,131072,14680064,saved factor eigenvalue sum / calibration trace
llama31_8b,E11_g128_kmax,down,24,1,128,1,112,0.022096374313614917,0.02752829629267341,0.2410640365006154,0.19598704052507807,0.023981806836418484,0.08532768752210347,131072,14680064,saved factor eigenvalue sum / calibration trace
llama31_8b,E11_g128_kmax,down,24,2,128,1,112,0.022097053682799888,0.027526380476333046,0.2410640365006154,0.1959870405322327,0.023980137836022666,0.08521878890526256,131072,14680064,saved factor eigenvalue sum / calibration trace
llama31_8b,E11_g256_kmax,down,24,0,256,1,56,0.024914977194275156,0.029932084676537914,0.19707060760234701,0.1603783680648613,0.026821041816053656,0.07650276405697315,131072,7340032,frozen E11 selected eigenvalue fractions
llama31_8b,E11_g256_kmax,down,24,1,256,1,56,0.024912756375366767,0.029938692868891868,0.19707060760234701,0.16037836798229993,0.026826963174534674,0.07683641144825855,131072,7340032,frozen E11 selected eigenvalue fractions
llama31_8b,E11_g256_kmax,down,24,2,256,1,56,0.024917579194290034,0.029935406979248187,0.19707060760234701,0.1603783680124505,0.026824018809500014,0.07650982466414105,131072,7340032,frozen E11 selected eigenvalue fractions
llama31_8b,E20_hadamard_g64_m1,down,24,0,64,1,0,0.024914976971377678,0.024914976971377678,0.0029388233087956905,0.013651218534294279,0.024878339676407117,-0.0014704928289779224,131072,29360128,E11 energy-weighted P_N capture; frozen E20 construction
llama31_8b,E20_hadamard_g64_m1,down,24,1,64,1,0,0.024915006373159305,0.024915006373159305,0.002938823541626334,0.013651218533222407,0.024878369032048875,-0.0014704929455647143,131072,29360128,E11 energy-weighted P_N capture; frozen E20 construction
llama31_8b,E20_hadamard_g64_m1,down,24,2,64,1,0,0.024917229438735533,0.024917229438735533,0.0029388233087956905,0.013651218533316132,0.024880588831527873,-0.0014704928289780005,131072,29360128,E11 energy-weighted P_N capture; frozen E20 construction
llama31_8b,E20_hadamard_g128_m1,down,24,0,128,1,0,0.02752413971334192,0.02752413971334192,0.0016641693655401468,0.006574570971194517,0.02750122776196897,-0.0008324311535827367,131072,14680064,E11 energy-weighted P_N capture; frozen E20 construction
llama31_8b,E20_hadamard_g128_m1,down,24,1,128,1,0,0.027524525679370866,0.027524525679370866,0.0016641693655401468,0.006574570969874759,0.02750161340670777,-0.0008324311535827564,131072,14680064,E11 energy-weighted P_N capture; frozen E20 construction
llama31_8b,E20_hadamard_g128_m1,down,24,2,128,1,0,0.0275283639738449,0.0275283639738449,0.0016641693655401468,0.006574570969439039,0.027505448506065906,-0.0008324311535827834,131072,14680064,E11 energy-weighted P_N capture; frozen E20 construction
llama31_8b,E20_hadamard_g256_m1,down,24,0,256,1,0,0.029933262838744694,0.029933262838744694,0.000822494097519666,0.003187114331675196,0.029920950340482422,-0.0004113316456211795,131072,7340032,E11 energy-weighted P_N capture; frozen E20 construction
llama31_8b,E20_hadamard_g256_m1,down,24,1,256,1,0,0.029932801042730692,0.029932801042730692,0.000822494039312005,0.003187114332609631,0.02992048873529125,-0.0004113316165054486,131072,7340032,E11 energy-weighted P_N capture; frozen E20 construction
llama31_8b,E20_hadamard_g256_m1,down,24,2,256,1,0,0.029936424826211727,0.029936424826211727,0.000822494097519666,0.0031871143327575216,0.02992411102732395,-0.00041133164562112446,131072,7340032,E11 energy-weighted P_N capture; frozen E20 construction
llama31_8b,E20_hadamard_g256_m2,down,24,0,256,2,0,0.02987962885213299,0.029933262838744694,0.0016641693655401468,0.006574571200679924,0.029908345458229343,0.0009610763988556629,131072,7340032,E11 energy-weighted P_N capture; frozen E20 construction
llama31_8b,E20_hadamard_g256_m2,down,24,1,256,2,0,0.029878849954613682,0.029932801042730692,0.0016641694819554687,0.0065745711916944385,0.029907884044884956,0.0009717271687289474,131072,7340032,E11 energy-weighted P_N capture; frozen E20 construction
llama31_8b,E20_hadamard_g256_m2,down,24,2,256,2,0,0.029883864064773644,0.029936424826211727,0.0016641693655401468,0.006574571198837026,0.0299115048135595,0.0009249389143901702,131072,7340032,E11 energy-weighted P_N capture; frozen E20 construction
llama31_8b,E20_hadamard_g256_m3,down,24,0,256,3,0,0.029824751472491102,0.029933262838744694,0.002310565672814846,0.01006714345741289,0.02989866145519837,0.0024781424507573082,131072,7340032,E11 energy-weighted P_N capture; frozen E20 construction
llama31_8b,E20_hadamard_g256_m3,down,24,1,256,3,0,0.0298250313345157,0.029932801042730692,0.002310565672814846,0.010067143447129378,0.02989820019299791,0.0024532701294275273,131072,7340032,E11 energy-weighted P_N capture; frozen E20 construction
llama31_8b,E20_hadamard_g256_m3,down,24,2,256,3,0,0.029828904492940417,0.029936424826211727,0.002310565672814846,0.010067143456122602,0.029901819787562994,0.0024444509733782854,131072,7340032,E11 energy-weighted P_N capture; frozen E20 construction
llama31_8b,E20_hadamard_g128_m2,down,24,0,128,2,0,0.0274240765488935,0.02752413971334192,0.002938823075965047,0.013651218068908283,0.027483665666478616,0.0021728759937961082,131072,14680064,E11 energy-weighted P_N capture; frozen E20 construction
llama31_8b,E20_hadamard_g128_m2,down,24,1,128,2,0,0.027424530402570486,0.027524525679370866,0.0029388233087956905,0.013651218067642735,0.027484051061738332,0.0021703437868991504,131072,14680064,E11 energy-weighted P_N capture; frozen E20 construction
llama31_8b,E20_hadamard_g128_m2,down,24,2,128,2,0,0.027427838340852512,0.0275283639738449,0.0029388233087956905,0.013651218065164011,0.02748788371202787,0.0021892126688642876,131072,14680064,E11 energy-weighted P_N capture; frozen E20 construction
llama31_8b,E20_nar_g64_m1,down,24,0,64,1,224,0.018981781280956882,0.024914976971377678,0.3026778995990753,0.2456077021672558,0.02080545437590771,0.09607491878438154,131072,29360128,E11 energy-weighted P_N capture; frozen E20 construction
llama31_8b,E20_nar_g64_m1,down,24,1,64,1,224,0.018984939260080474,0.024915006373159305,0.3026778995990753,0.24560770215371341,0.020805478928104845,0.09589388952391384,131072,29360128,E11 energy-weighted P_N capture; frozen E20 construction
llama31_8b,E20_nar_g64_m1,down,24,2,64,1,224,0.01898339956472415,0.024917229438735533,0.3026778995990753,0.245607702215688,0.020807335317114314,0.09608056482040689,131072,29360128,E11 energy-weighted P_N capture; frozen E20 construction
llama31_8b,E20_nar_g128_m1,down,24,0,128,1,112,0.02173156992758377,0.02752413971334192,0.2481698989868164,0.2013896033414136,0.023865668751862013,0.09820269917864716,131072,14680064,E11 energy-weighted P_N capture; frozen E20 construction
llama31_8b,E20_nar_g128_m1,down,24,1,128,1,112,0.021732259284138404,0.027524525679370866,0.2481698840856552,0.2013896033132268,0.023866003652325225,0.09818327401165164,131072,14680064,E11 energy-weighted P_N capture; frozen E20 construction
llama31_8b,E20_nar_g128_m1,down,24,2,128,1,112,0.021729217490952007,0.0275283639738449,0.2481698840856552,0.2013896033405237,0.023869331765986587,0.098490167716611,131072,14680064,E11 energy-weighted P_N capture; frozen E20 construction
llama31_8b,E20_nar_g256_m1,down,24,0,256,1,56,0.02454161774125328,0.029933262838744694,0.19707061350345612,0.16037840057537953,0.026822097425374714,0.09292295675716838,131072,7340032,E11 energy-weighted P_N capture; frozen E20 construction
llama31_8b,E20_nar_g256_m1,down,24,1,256,1,56,0.024538169696181406,0.029932801042730692,0.19707061350345612,0.16037840052133917,0.02682168362692765,0.09305966822381223,131072,7340032,E11 energy-weighted P_N capture; frozen E20 construction
llama31_8b,E20_nar_g256_m1,down,24,2,256,1,56,0.024537023976422212,0.029936424826211727,0.19707061350345612,0.1603784005744788,0.026824930766208805,0.093243043328525,131072,7340032,E11 energy-weighted P_N capture; frozen E20 construction
llama31_8b,E20_nar_g256_m2,down,24,0,256,2,112,0.024054736263230465,0.029933262838744694,0.24816986918449402,0.20138962179191167,0.025954575044700508,0.07897982171494825,131072,7340032,E11 energy-weighted P_N capture; frozen E20 construction
llama31_8b,E20_nar_g256_m2,down,24,1,256,2,112,0.024060595449785956,0.029932801042730692,0.2481698840856552,0.20138962183738202,0.02595417437276847,0.07870041815608345,131072,7340032,E11 energy-weighted P_N capture; frozen E20 construction
llama31_8b,E20_nar_g256_m2,down,24,2,256,2,112,0.02405591944744621,0.029936424826211727,0.24816986918449402,0.20138962162455004,0.02595731674517752,0.07904072433752535,131072,7340032,E11 energy-weighted P_N capture; frozen E20 construction
llama31_8b,E20_nar_g256_m3,down,24,0,256,3,168,0.02378148951873912,0.029933262838744694,0.2801879942417145,0.22700525775336997,0.025395899639944042,0.06788515580291189,131072,7340032,E11 energy-weighted P_N capture; frozen E20 construction
llama31_8b,E20_nar_g256_m3,down,24,1,256,3,168,0.023782645167300283,0.029932801042730692,0.2801879942417145,0.22700525763678533,0.025395507844191974,0.06781679100646389,131072,7340032,E11 energy-weighted P_N capture; frozen E20 construction
llama31_8b,E20_nar_g256_m3,down,24,2,256,3,168,0.023783077175444273,0.029936424826211727,0.2801879942417145,0.2270052577702609,0.025398582324982693,0.06792666641162852,131072,7340032,E11 energy-weighted P_N capture; frozen E20 construction
llama31_8b,E20_nar_g128_m2,down,24,0,128,2,224,0.021329932301653236,0.02752413971334192,0.30267786979675293,0.24560767785607662,0.02298425745835459,0.07755885641386362,131072,14680064,E11 energy-weighted P_N capture; frozen E20 construction
llama31_8b,E20_nar_g128_m2,down,24,1,128,2,224,0.021332277043371452,0.027524525679370866,0.30267786979675293,0.24560767778152334,0.02298457976243646,0.07745552505743518,131072,14680064,E11 energy-weighted P_N capture; frozen E20 construction
llama31_8b,E20_nar_g128_m2,down,24,2,128,2,224,0.021331320771355928,0.0275283639738449,0.30267786979675293,0.2456076778388668,0.022987784961556613,0.07765408471213907,131072,14680064,E11 energy-weighted P_N capture; frozen E20 construction
llama31_8b,E20_nar_g128_m2_c32,down,24,0,128,2,224,0.021329932301653236,0.02752413971334192,0.30267786979675293,0.24560767785607662,0.02298425745835459,0.07755885641386362,131072,14680064,E11 energy-weighted P_N capture; frozen E20 construction
llama31_8b,E20_nar_g128_m2_c32,down,24,1,128,2,224,0.021332277043371452,0.027524525679370866,0.30267786979675293,0.24560767778152334,0.02298457976243646,0.07745552505743518,131072,14680064,E11 energy-weighted P_N capture; frozen E20 construction
llama31_8b,E20_nar_g128_m2_c32,down,24,2,128,2,224,0.021331320771355928,0.0275283639738449,0.30267786979675293,0.2456076778388668,0.022987784961556613,0.07765408471213907,131072,14680064,E11 energy-weighted P_N capture; frozen E20 construction
llama31_8b,E20_nar_g256_m3_c32,down,24,0,256,3,168,0.02378148951873912,0.029933262838744694,0.2801879942417145,0.22700525775336997,0.025395899639944042,0.06788515580291189,131072,7340032,E11 energy-weighted P_N capture; frozen E20 construction
llama31_8b,E20_nar_g256_m3_c32,down,24,1,256,3,168,0.023782645167300283,0.029932801042730692,0.2801879942417145,0.22700525763678533,0.025395507844191974,0.06781679100646389,131072,7340032,E11 energy-weighted P_N capture; frozen E20 construction
llama31_8b,E20_nar_g256_m3_c32,down,24,2,256,3,168,0.023783077175444273,0.029936424826211727,0.2801879942417145,0.2270052577702609,0.025398582324982693,0.06792666641162852,131072,7340032,E11 energy-weighted P_N capture; frozen E20 construction
llama31_8b,E11_g64_kmax,qkv,25,0,64,1,64,0.12573136068555035,0.16841570096910363,0.46364125123680305,0.43638573033066996,0.12334179422219836,-0.01900533367588546,131072,8388608,frozen E11 selected eigenvalue fractions
llama31_8b,E11_g64_kmax,qkv,25,1,64,1,64,0.12572796291719834,0.16828062453284254,0.46364125123680305,0.4363857303620984,0.12324286894439045,-0.01976564254401008,131072,8388608,frozen E11 selected eigenvalue fractions
llama31_8b,E11_g64_kmax,qkv,25,2,64,1,64,0.12569317132885205,0.16818634804747123,0.46364125123680305,0.4363857302912372,0.12317382412973393,-0.020043628245537126,131072,8388608,frozen E11 selected eigenvalue fractions
llama31_8b,E11_g128_k8,qkv,25,0,128,1,8,0.15708671938610586,0.18645607539559883,0.26757157209471594,0.259176897194425,0.1595728989585546,0.015826796702895763,131072,4194304,frozen E11 selected eigenvalue fractions
llama31_8b,E11_g128_k8,qkv,25,1,128,1,8,0.15709661652151397,0.18623570899524644,0.26757157209471594,0.2591768971710642,0.15938430491428607,0.014562302126085636,131072,4194304,frozen E11 selected eigenvalue fractions
llama31_8b,E11_g128_k8,qkv,25,2,128,1,8,0.15709646289430523,0.18609593374882394,0.26757157209471594,0.2591768971573033,0.1592646824175293,0.013801835402766872,131072,4194304,frozen E11 selected eigenvalue fractions
llama31_8b,E11_g128_k16,qkv,25,0,128,1,16,0.15241157622734924,0.18645607539559883,0.3233552726148671,0.3116247456606619,0.15337581722783145,0.006326560123253784,131072,4194304,frozen E11 selected eigenvalue fractions
llama31_8b,E11_g128_k16,qkv,25,1,128,1,16,0.15239295898308214,0.18623570899524644,0.3233552726148671,0.3116247457283851,0.15319454731387508,0.005260008967224848,131072,4194304,frozen E11 selected eigenvalue fractions
llama31_8b,E11_g128_k16,qkv,25,2,128,1,16,0.1523906935294761,0.18609593374882394,0.3233552726148671,0.31162474561375825,0.1530795704079052,0.004520465538112841,131072,4194304,frozen E11 selected eigenvalue fractions
llama31_8b,E11_g128_k32,qkv,25,0,128,1,32,0.1459332698875313,0.18645607539559883,0.3930520112570557,0.37587715515826586,0.14526208621323403,-0.004599250567156813,131072,4194304,frozen E11 selected eigenvalue fractions
llama31_8b,E11_g128_k32,qkv,25,1,128,1,32,0.14593821664560114,0.18623570899524644,0.3930520112570557,0.37587715511095876,0.14509040565534084,-0.005809382968678681,131072,4194304,frozen E11 selected eigenvalue fractions
llama31_8b,E11_g128_k32,qkv,25,2,128,1,32,0.14593708598435118,0.18609593374882394,0.3930520112570557,0.37587715512127234,0.14498151114035535,-0.006547854765979763,131072,4194304,frozen E11 selected eigenvalue fractions
llama31_8b,E11_g128_kmax,qkv,25,0,128,1,32,0.14617025298571473,0.18645607539559883,0.38992480483087183,0.37376506341918264,0.14563582573324768,-0.003656197082174312,131072,4194304,saved factor eigenvalue sum / calibration trace
llama31_8b,E11_g128_kmax,qkv,25,1,128,1,32,0.14614978168895387,0.18623570899524644,0.38992480483087183,0.3737650634080851,0.14546370346471288,-0.0046943499765271825,131072,4194304,saved factor eigenvalue sum / calibration trace
llama31_8b,E11_g128_kmax,qkv,25,2,128,1,32,0.14613657842125605,0.18609593374882394,0.38992480483087183,0.37376506350113414,0.1453545287790041,-0.005351498240211988,131072,4194304,saved factor eigenvalue sum / calibration trace
llama31_8b,E11_g256_kmax,qkv,25,0,256,1,16,0.16665926111494755,0.20291556644059838,0.3233552726148671,0.3100795649176087,0.16691513411426082,0.0015353062146170303,131072,2097152,frozen E11 selected eigenvalue fractions
llama31_8b,E11_g256_kmax,qkv,25,1,256,1,16,0.16664822662134426,0.20254803984093783,0.3233552726148671,0.3100795650302723,0.16661281254894683,-0.00021250794632156589,131072,2097152,frozen E11 selected eigenvalue fractions
llama31_8b,E11_g256_kmax,qkv,25,2,256,1,16,0.16667465206416665,0.20239310594602955,0.3233552726148671,0.3100795650320159,0.16648536637859582,-0.0011356597012601658,131072,2097152,frozen E11 selected eigenvalue fractions
llama31_8b,E20_hadamard_g64_m1,qkv,25,0,64,1,0,0.16835673944680796,0.16835673944680796,0.006830090656876564,0.015556881194713932,0.1677808084500561,-0.0034208965951957894,131072,8388608,E11 energy-weighted P_N capture; frozen E20 construction
llama31_8b,E20_hadamard_g64_m1,qkv,25,1,64,1,0,0.16821997895729002,0.16821997895729002,0.006830090656876564,0.01555688119643517,0.1676445158040311,-0.0034208965951958077,131072,8388608,E11 energy-weighted P_N capture; frozen E20 construction
llama31_8b,E20_hadamard_g64_m1,qkv,25,2,64,1,0,0.16824576416756276,0.16824576416756276,0.006830090656876564,0.015556881196422278,0.16767021280576583,-0.0034208965951958133,131072,8388608,E11 energy-weighted P_N capture; frozen E20 construction
llama31_8b,E20_hadamard_g128_m1,qkv,25,0,128,1,0,0.1864187900905936,0.1864187900905936,0.0024520636070519686,0.006525215461240532,0.18619009444505358,-0.0012267843033895484,131072,4194304,E11 energy-weighted P_N capture; frozen E20 construction
llama31_8b,E20_hadamard_g128_m1,qkv,25,1,128,1,0,0.1862027214878772,0.1862027214878772,0.0024520636070519686,0.006525215460567271,0.18597429091190745,-0.0012267843033895607,131072,4194304,E11 energy-weighted P_N capture; frozen E20 construction
llama31_8b,E20_hadamard_g128_m1,qkv,25,2,128,1,0,0.1863175966719819,0.1863175966719819,0.002452063374221325,0.006525215460548324,0.18608902519065632,-0.0012267841868311606,131072,4194304,E11 energy-weighted P_N capture; frozen E20 construction
llama31_8b,E20_hadamard_g256_m1,qkv,25,0,256,1,0,0.20288960135518153,0.20288960135518153,0.0020519625395536423,0.004211718791003003,0.20268133353005086,-0.0010265081292464737,131072,2097152,E11 energy-weighted P_N capture; frozen E20 construction
llama31_8b,E20_hadamard_g256_m1,qkv,25,1,256,1,0,0.2026337207083415,0.2026337207083415,0.002051962772384286,0.0042117187900882576,0.20242571552316102,-0.0010265082457814759,131072,2097152,E11 energy-weighted P_N capture; frozen E20 construction
llama31_8b,E20_hadamard_g256_m1,qkv,25,2,256,1,0,0.20272079010855393,0.20272079010855393,0.0020519625395536423,0.004211718790626092,0.2025126955695402,-0.0010265081292465516,131072,2097152,E11 energy-weighted P_N capture; frozen E20 construction
llama31_8b,E20_hadamard_g256_m2,qkv,25,0,256,2,0,0.20264783883936488,0.20288960135518153,0.0024520636070519686,0.006525215676847818,0.20264069957691802,-3.5229896789169804e-05,131072,2097152,E11 energy-weighted P_N capture; frozen E20 construction
llama31_8b,E20_hadamard_g256_m2,qkv,25,1,256,2,0,0.2023788746610009,0.2026337207083415,0.0024520638398826122,0.006525215676681469,0.20238513281682047,3.092296975187526e-05,131072,2097152,E11 energy-weighted P_N capture; frozen E20 construction
llama31_8b,E20_hadamard_g256_m2,qkv,25,2,256,2,0,0.20249081887799392,0.20272079010855393,0.0024520636070519686,0.00652521567602492,0.20247209542527803,-9.246568718343817e-05,131072,2097152,E11 energy-weighted P_N capture; frozen E20 construction
llama31_8b,E20_hadamard_g256_m3,qkv,25,0,256,3,0,0.2020990970122476,0.20288960135518153,0.004992663860321045,0.011387812261657238,0.2023824878111351,0.0014022368386452126,131072,2097152,E11 energy-weighted P_N capture; frozen E20 construction
llama31_8b,E20_hadamard_g256_m3,qkv,25,1,256,3,0,0.2018881749713195,0.2026337207083415,0.004992663860321045,0.011387812262501101,0.2021272467266029,0.001184179089822183,131072,2097152,E11 energy-weighted P_N capture; frozen E20 construction
llama31_8b,E20_hadamard_g256_m3,qkv,25,2,256,3,0,0.20190724315586195,0.20272079010855393,0.004992663860321045,0.01138781226152607,0.20221409850071803,0.0015197837386111326,131072,2097152,E11 energy-weighted P_N capture; frozen E20 construction
llama31_8b,E20_hadamard_g128_m2,qkv,25,0,128,2,0,0.1854989075094835,0.1864187900905936,0.006830090656876564,0.01555688065969401,0.18578107068629215,0.0015211042512162914,131072,4194304,E11 energy-weighted P_N capture; frozen E20 construction
llama31_8b,E20_hadamard_g128_m2,qkv,25,1,128,2,0,0.18531774820417546,0.1862027214878772,0.006830090656876564,0.015556880664077666,0.18556574123192313,0.0013382044091882592,131072,4194304,E11 energy-weighted P_N capture; frozen E20 construction
llama31_8b,E20_hadamard_g128_m2,qkv,25,2,128,2,0,0.18541064879580738,0.1863175966719819,0.006830090656876564,0.015556880658488136,0.18568022343990162,0.0014539329097064278,131072,4194304,E11 energy-weighted P_N capture; frozen E20 construction
llama31_8b,E20_nar_g64_m1,qkv,25,0,64,1,64,0.12320688420364134,0.16835673944680796,0.46364137530326843,0.4363857314272857,0.12329859859638183,0.0007443934105897555,131072,8388608,E11 energy-weighted P_N capture; frozen E20 construction
llama31_8b,E20_nar_g64_m1,qkv,25,1,64,1,64,0.12315283973509805,0.16821997895729002,0.4636414051055908,0.4363857314226972,0.123198436565491,0.00037024587083028435,131072,8388608,E11 energy-weighted P_N capture; frozen E20 construction
llama31_8b,E20_nar_g64_m1,qkv,25,2,64,1,64,0.12320907276372561,0.16824576416756276,0.4636414051055908,0.4363857314216636,0.12321732075280219,6.694303342733908e-05,131072,8388608,E11 energy-weighted P_N capture; frozen E20 construction
llama31_8b,E20_nar_g128_m1,qkv,25,0,128,1,32,0.14199467862739557,0.1864187900905936,0.3930521607398987,0.375877152034256,0.14523302051590556,0.02280607921236006,131072,4194304,E11 energy-weighted P_N capture; frozen E20 construction
llama31_8b,E20_nar_g128_m1,qkv,25,1,128,1,32,0.1420038481021919,0.1862027214878772,0.3930521607398987,0.37587715220194406,0.14506468825821894,0.021554628250808564,131072,4194304,E11 energy-weighted P_N capture; frozen E20 construction
llama31_8b,E20_nar_g128_m1,qkv,25,2,128,1,32,0.14202304842260816,0.1863175966719819,0.3930521011352539,0.3758771522364651,0.14515419103116536,0.022046721594371665,131072,4194304,E11 energy-weighted P_N capture; frozen E20 construction
llama31_8b,E20_nar_g256_m1,qkv,25,0,256,1,16,0.16020396581266816,0.20288960135518153,0.32335537672042847,0.3100795662379952,0.166893762807087,0.041757998689255005,131072,2097152,E11 energy-weighted P_N capture; frozen E20 construction
llama31_8b,E20_nar_g256_m1,qkv,25,1,256,1,16,0.16014863058554418,0.2026337207083415,0.32335537672042847,0.3100795662684271,0.16668327945212255,0.040803651225027826,131072,2097152,E11 energy-weighted P_N capture; frozen E20 construction
llama31_8b,E20_nar_g256_m1,qkv,25,2,256,1,16,0.16011988796320864,0.20272079010855393,0.32335537672042847,0.310079566249574,0.1667549013574826,0.04143778439189592,131072,2097152,E11 energy-weighted P_N capture; frozen E20 construction
llama31_8b,E20_nar_g256_m2,qkv,25,0,256,2,32,0.15446678408850545,0.20288960135518153,0.3930521011352539,0.3758771878749725,0.1580649196822518,0.023293911470861735,131072,2097152,E11 energy-weighted P_N capture; frozen E20 construction
llama31_8b,E20_nar_g256_m2,qkv,25,1,256,2,32,0.1544904959440867,0.2026337207083415,0.3930521011352539,0.37587718780623575,0.15786557110242883,0.021846490541163333,131072,2097152,E11 energy-weighted P_N capture; frozen E20 construction
llama31_8b,E20_nar_g256_m2,qkv,25,2,256,2,32,0.1545185923187944,0.20272079010855393,0.3930521011352539,0.3758771879043871,0.1579334041390134,0.02209968243286715,131072,2097152,E11 energy-weighted P_N capture; frozen E20 construction
llama31_8b,E20_nar_g256_m3,qkv,25,0,256,3,48,0.1509953525411838,0.20288960135518153,0.4350682199001312,0.41048973487025797,0.15249576821686753,0.009936833488133349,131072,2097152,E11 energy-weighted P_N capture; frozen E20 construction
llama31_8b,E20_nar_g256_m3,qkv,25,1,256,3,48,0.15107363912576766,0.2026337207083415,0.43506819009780884,0.41048973517123005,0.15230344736610188,0.008140455525205278,131072,2097152,E11 energy-weighted P_N capture; frozen E20 construction
llama31_8b,E20_nar_g256_m3,qkv,25,2,256,3,48,0.15108485943122396,0.20272079010855393,0.43506819009780884,0.4104897349171222,0.15236889042151286,0.008498740344484404,131072,2097152,E11 energy-weighted P_N capture; frozen E20 construction
llama31_8b,E20_nar_g128_m2,qkv,25,0,128,2,64,0.13625228414432922,0.1864187900905936,0.4636414051055908,0.4363856879610455,0.13652661014434334,0.0020133680821345437,131072,4194304,E11 energy-weighted P_N capture; frozen E20 construction
llama31_8b,E20_nar_g128_m2,qkv,25,1,128,2,64,0.13621207520515277,0.1862027214878772,0.4636414051055908,0.43638568807336753,0.13636836904711727,0.0011474301505876145,131072,4194304,E11 energy-weighted P_N capture; frozen E20 construction
llama31_8b,E20_nar_g128_m2,qkv,25,2,128,2,64,0.13630181118938367,0.1863175966719819,0.46364134550094604,0.4363856882612245,0.13645250720116803,0.001105605350870748,131072,4194304,E11 energy-weighted P_N capture; frozen E20 construction
llama31_8b,E20_nar_g128_m2_c32,qkv,25,0,128,2,64,0.13625228414432922,0.1864187900905936,0.4636414051055908,0.4363856879610455,0.13652661014434334,0.0020133680821345437,131072,4194304,E11 energy-weighted P_N capture; frozen E20 construction
llama31_8b,E20_nar_g128_m2_c32,qkv,25,1,128,2,64,0.13621207520515277,0.1862027214878772,0.4636414051055908,0.43638568807336753,0.13636836904711727,0.0011474301505876145,131072,4194304,E11 energy-weighted P_N capture; frozen E20 construction
llama31_8b,E20_nar_g128_m2_c32,qkv,25,2,128,2,64,0.13630181118938367,0.1863175966719819,0.46364134550094604,0.4363856882612245,0.13645250720116803,0.001105605350870748,131072,4194304,E11 energy-weighted P_N capture; frozen E20 construction
llama31_8b,E20_nar_g256_m3_c32,qkv,25,0,256,3,48,0.1509953525411838,0.20288960135518153,0.4350682199001312,0.41048973487025797,0.15249576821686753,0.009936833488133349,131072,2097152,E11 energy-weighted P_N capture; frozen E20 construction
llama31_8b,E20_nar_g256_m3_c32,qkv,25,1,256,3,48,0.15107363912576766,0.2026337207083415,0.43506819009780884,0.41048973517123005,0.15230344736610188,0.008140455525205278,131072,2097152,E11 energy-weighted P_N capture; frozen E20 construction
llama31_8b,E20_nar_g256_m3_c32,qkv,25,2,256,3,48,0.15108485943122396,0.20272079010855393,0.43506819009780884,0.4104897349171222,0.15236889042151286,0.008498740344484404,131072,2097152,E11 energy-weighted P_N capture; frozen E20 construction
llama31_8b,E11_g64_kmax,down,25,0,64,1,224,0.019995008374506597,0.026071403380528047,0.30601990307454235,0.25925281109381765,0.02171890455424182,0.08621632696754306,131072,29360128,frozen E11 selected eigenvalue fractions
llama31_8b,E11_g64_kmax,down,25,1,64,1,224,0.01999528362827125,0.02607388423194379,0.30601990307454235,0.259252811083533,0.021720971239119705,0.08630473280251512,131072,29360128,frozen E11 selected eigenvalue fractions
llama31_8b,E11_g64_kmax,down,25,2,64,1,224,0.0199964037551899,0.02607113571022888,0.30601990307454235,0.25925281101019326,0.021718681570246878,0.08612937786925687,131072,29360128,frozen E11 selected eigenvalue fractions
llama31_8b,E11_g128_k8,down,25,0,128,1,8,0.02407141015604816,0.028841923234641076,0.11622412840836926,0.11255033206241989,0.027114105831288114,0.12640288439750802,131072,14680064,frozen E11 selected eigenvalue fractions
llama31_8b,E11_g128_k8,down,25,1,128,1,8,0.02406968321257546,0.02884910575369101,0.11622412840836926,0.11255033213907867,0.027120858071077076,0.12676422998818276,131072,14680064,frozen E11 selected eigenvalue fractions
llama31_8b,E11_g128_k8,down,25,2,128,1,8,0.024071645013044835,0.02884180632804353,0.11622412840836926,0.1125503320798086,0.027113995928150506,0.1263873288866203,131072,14680064,frozen E11 selected eigenvalue fractions
llama31_8b,E11_g128_k16,down,25,0,128,1,16,0.023833297139820075,0.028841923234641076,0.14166551676072922,0.13159833781789504,0.026720987067241738,0.12116199913426928,131072,14680064,frozen E11 selected eigenvalue fractions
llama31_8b,E11_g128_k16,down,25,1,128,1,16,0.02383284679499106,0.02884910575369101,0.14166551676072922,0.13159833782696118,0.02672764140846171,0.12146239340904277,131072,14680064,frozen E11 selected eigenvalue fractions
llama31_8b,E11_g128_k16,down,25,2,128,1,16,0.02383435679565912,0.02884180632804353,0.14166551676072922,0.1315983378263672,0.02672087875755463,0.12110760892952749,131072,14680064,frozen E11 selected eigenvalue fractions
llama31_8b,E11_g128_k32,down,25,0,128,1,32,0.023550236158920983,0.028841923234641076,0.1744073707971553,0.153932640356883,0.026206385187028402,0.11278651348475979,131072,14680064,frozen E11 selected eigenvalue fractions
llama31_8b,E11_g128_k32,down,25,1,128,1,32,0.023549471005173035,0.02884910575369101,0.1744073707971553,0.1539326403479822,0.026212911376676175,0.11309979620850384,131072,14680064,frozen E11 selected eigenvalue fractions
llama31_8b,E11_g128_k32,down,25,2,128,1,32,0.023548155957128353,0.02884180632804353,0.1744073707971553,0.15393264036414872,0.026206278963206184,0.11288030412730388,131072,14680064,frozen E11 selected eigenvalue fractions
llama31_8b,E11_g128_kmax,down,25,0,128,1,112,0.02300562080272406,0.028841923234641076,0.24675864690287153,0.21112763114861005,0.02503175468607055,0.08807125444346112,131072,14680064,saved factor eigenvalue sum / calibration trace
llama31_8b,E11_g128_kmax,down,25,1,128,1,112,0.02300574105448153,0.02884910575369101,0.24675864690287153,0.21112763113803443,0.025037988356877563,0.08833652859011686,131072,14680064,saved factor eigenvalue sum / calibration trace
llama31_8b,E11_g128_kmax,down,25,2,128,1,112,0.02300299894716245,0.02884180632804353,0.24675864690287153,0.21112763113112387,0.025031653223444528,0.08819086071958997,131072,14680064,saved factor eigenvalue sum / calibration trace
llama31_8b,E11_g256_kmax,down,25,0,256,1,56,0.0258779664759406,0.031353694647371304,0.20655811491356707,0.17731991596945593,0.027928414781942218,0.0792352949335478,131072,7340032,frozen E11 selected eigenvalue fractions
llama31_8b,E11_g256_kmax,down,25,1,256,1,56,0.025881756312499275,0.03136358955703056,0.20655811491356707,0.1773199159136257,0.0279372287078384,0.07941780961543403,131072,7340032,frozen E11 selected eigenvalue fractions
llama31_8b,E11_g256_kmax,down,25,2,256,1,56,0.025880343356374156,0.03135438867940708,0.20655811491356707,0.17731991595136457,0.027929032993441218,0.07916006402451702,131072,7340032,frozen E11 selected eigenvalue fractions
llama31_8b,E20_hadamard_g64_m1,down,25,0,64,1,0,0.026071116333937026,0.026071116333937026,0.004950671922415495,0.016436590105527876,0.026006501491180643,-0.002478407212362951,131072,29360128,E11 energy-weighted P_N capture; frozen E20 construction
llama31_8b,E20_hadamard_g64_m1,down,25,1,64,1,0,0.026072262332616454,0.026072262332616454,0.004950671922415495,0.016436590106568325,0.02600764464960868,-0.002478407212362923,131072,29360128,E11 energy-weighted P_N capture; frozen E20 construction
llama31_8b,E20_hadamard_g64_m1,down,25,2,64,1,0,0.026071315292479667,0.026071315292479667,0.004950672388076782,0.01643659010449235,0.026006699950537716,-0.0024784074457719976,131072,29360128,E11 energy-weighted P_N capture; frozen E20 construction
llama31_8b,E20_hadamard_g128_m1,down,25,0,128,1,0,0.02884239834470456,0.02884239834470456,0.0015618090983480215,0.0064115090475690625,0.02881986638353485,-0.0007812096934666285,131072,14680064,E11 energy-weighted P_N capture; frozen E20 construction
llama31_8b,E20_hadamard_g128_m1,down,25,1,128,1,0,0.028844393807767727,0.028844393807767727,0.0015618090983480215,0.006411509047220871,0.02882186028772293,-0.0007812096934666333,131072,14680064,E11 energy-weighted P_N capture; frozen E20 construction
llama31_8b,E20_hadamard_g128_m1,down,25,2,128,1,0,0.028844387811658656,0.028844387811658656,0.0015618090983480215,0.006411509046018583,0.028821854296298077,-0.0007812096934666417,131072,14680064,E11 energy-weighted P_N capture; frozen E20 construction
llama31_8b,E20_hadamard_g256_m1,down,25,0,256,1,0,0.031356179099113035,0.031356179099113035,0.0009128423989750445,0.003449771412346862,0.031341864206681225,-0.0004565254072112157,131072,7340032,E11 energy-weighted P_N capture; frozen E20 construction
llama31_8b,E20_hadamard_g256_m1,down,25,1,256,1,0,0.03135660925694455,0.03135660925694455,0.0009128423989750445,0.003449771412524798,0.03134229416813476,-0.0004565254072111259,131072,7340032,E11 energy-weighted P_N capture; frozen E20 construction
llama31_8b,E20_hadamard_g256_m1,down,25,2,256,1,0,0.03135703835255083,0.03135703835255083,0.0009128423989750445,0.0034497714119907873,0.031342723067847994,-0.0004565254072112977,131072,7340032,E11 energy-weighted P_N capture; frozen E20 construction
llama31_8b,E20_hadamard_g256_m2,down,25,0,256,2,0,0.031307485249431596,0.031356179099113035,0.0015618090983480215,0.006411509265486661,0.03133168334805073,0.0007729173527144303,131072,7340032,E11 energy-weighted P_N capture; frozen E20 construction
llama31_8b,E20_hadamard_g256_m2,down,25,1,256,2,0,0.03130899618284477,0.03135660925694455,0.0015618090983480215,0.00641150926737612,0.03133211316983878,0.000738349669820157,131072,7340032,E11 energy-weighted P_N capture; frozen E20 construction
llama31_8b,E20_hadamard_g256_m2,down,25,2,256,2,0,0.031307626344522,0.03135703835255083,0.0015618090983480215,0.006411509265302557,0.03133254193023142,0.0007958311957360633,131072,7340032,E11 energy-weighted P_N capture; frozen E20 construction
llama31_8b,E20_hadamard_g256_m3,down,25,0,256,3,0,0.031237455384475993,0.031356179099113035,0.002546000760048628,0.010869536203913677,0.031316237231995364,0.002522031533929703,131072,7340032,E11 energy-weighted P_N capture; frozen E20 construction
llama31_8b,E20_hadamard_g256_m3,down,25,1,256,3,0,0.031238630863724408,0.03135660925694455,0.002546000760048628,0.010869536205025671,0.03131666684188681,0.002498060126348911,131072,7340032,E11 energy-weighted P_N capture; frozen E20 construction
llama31_8b,E20_hadamard_g256_m3,down,25,2,256,3,0,0.03123778799112742,0.03135703835255083,0.002546000760048628,0.010869536195950606,0.031317095390906095,0.002538828927362017,131072,7340032,E11 energy-weighted P_N capture; frozen E20 construction
llama31_8b,E20_hadamard_g128_m2,down,25,0,128,2,0,0.028691063440870263,0.02884239834470456,0.004950671922415495,0.016436589539589975,0.0287709151366252,0.002783155665160422,131072,14680064,E11 energy-weighted P_N capture; frozen E20 construction
llama31_8b,E20_hadamard_g128_m2,down,25,1,128,2,0,0.028692542241539356,0.028844393807767727,0.004950671922415495,0.016436589542341062,0.02877290565411832,0.002800846711401496,131072,14680064,E11 energy-weighted P_N capture; frozen E20 construction
llama31_8b,E20_hadamard_g128_m2,down,25,2,128,2,0,0.028692926900143818,0.028844387811658656,0.004950671922415495,0.0164365895403584,0.02877289967287005,0.0027871946631499085,131072,14680064,E11 energy-weighted P_N capture; frozen E20 construction
llama31_8b,E20_nar_g64_m1,down,25,0,64,1,224,0.019772237456513735,0.026071116333937026,0.30601996183395386,0.25925284031260326,0.021718664509274753,0.0984424275220198,131072,29360128,E11 energy-weighted P_N capture; frozen E20 construction
llama31_8b,E20_nar_g64_m1,down,25,1,64,1,224,0.01977218926943957,0.026072262332616454,0.30601996183395386,0.2592528403279548,0.021719619188795482,0.09849338850735723,131072,29360128,E11 energy-weighted P_N capture; frozen E20 construction
llama31_8b,E20_nar_g64_m1,down,25,2,64,1,224,0.019772456337331403,0.026071315292479667,0.30601993203163147,0.259252840378523,0.02171883071895986,0.0984386739018157,131072,29360128,E11 energy-weighted P_N capture; frozen E20 construction
llama31_8b,E20_nar_g128_m1,down,25,0,128,1,112,0.022610916107449825,0.02884239834470456,0.25385525822639465,0.21624628747039337,0.024913968557700766,0.10185577794842787,131072,14680064,E11 energy-weighted P_N capture; frozen E20 construction
llama31_8b,E20_nar_g128_m1,down,25,1,128,1,112,0.02261042679958471,0.028844393807767727,0.25385525822639465,0.21624628751826794,0.024915692232112985,0.10195585660376015,131072,14680064,E11 energy-weighted P_N capture; frozen E20 construction
llama31_8b,E20_nar_g128_m1,down,25,2,128,1,112,0.02260834187934773,0.028844387811658656,0.25385525822639465,0.21624628746841318,0.024915687052693748,0.10205724885351856,131072,14680064,E11 energy-weighted P_N capture; frozen E20 construction
llama31_8b,E20_nar_g256_m1,down,25,0,256,1,56,0.025468337914139445,0.031356179099113035,0.20655815303325653,0.1773199505415817,0.027930627145206593,0.09668040526901209,131072,7340032,E11 energy-weighted P_N capture; frozen E20 construction
llama31_8b,E20_nar_g256_m1,down,25,1,256,1,56,0.025474541782681888,0.03135660925694455,0.20655816793441772,0.17731995053856126,0.027931010047534566,0.09642835917553716,131072,7340032,E11 energy-weighted P_N capture; frozen E20 construction
llama31_8b,E20_nar_g256_m1,down,25,2,256,1,56,0.025474446754894662,0.03135703835255083,0.20655815303325653,0.17731995049387356,0.02793139252823743,0.09644746349086812,131072,7340032,E11 energy-weighted P_N capture; frozen E20 construction
llama31_8b,E20_nar_g256_m2,down,25,0,256,2,112,0.02501443184732783,0.031356179099113035,0.25385525822639465,0.2162463073383444,0.027085364082018688,0.0827894971722928,131072,7340032,E11 energy-weighted P_N capture; frozen E20 construction
llama31_8b,E20_nar_g256_m2,down,25,1,256,2,112,0.025014557736252194,0.03135660925694455,0.25385525822639465,0.21624630727058958,0.027085735650934736,0.08279890200420774,131072,7340032,E11 energy-weighted P_N capture; frozen E20 construction
llama31_8b,E20_nar_g256_m2,down,25,2,256,2,112,0.025013248572449687,0.03135703835255083,0.25385525822639465,0.21624630735004335,0.027086106302304132,0.08287039261815637,131072,7340032,E11 energy-weighted P_N capture; frozen E20 construction
llama31_8b,E20_nar_g256_m3,down,25,0,256,3,168,0.02472664997430948,0.031356179099113035,0.2843203544616699,0.2419026441320669,0.026526653787656257,0.0727961052231882,131072,7340032,E11 energy-weighted P_N capture; frozen E20 construction
llama31_8b,E20_nar_g256_m3,down,25,1,256,3,168,0.024729905596221662,0.03135660925694455,0.2843203544616699,0.2419026438558228,0.02652701769193919,0.07266958981000307,131072,7340032,E11 energy-weighted P_N capture; frozen E20 construction
llama31_8b,E20_nar_g256_m3,down,25,2,256,3,168,0.02472993159234311,0.03135703835255083,0.2843203544616699,0.24190264409325093,0.026527380697602403,0.07268314101668687,131072,7340032,E11 energy-weighted P_N capture; frozen E20 construction
llama31_8b,E20_nar_g128_m2,down,25,0,128,2,224,0.022211080582512612,0.02884239834470456,0.30601993203163147,0.25925281467295247,0.024027294371225666,0.08177061813656235,131072,14680064,E11 energy-weighted P_N capture; frozen E20 construction
llama31_8b,E20_nar_g128_m2,down,25,1,128,2,224,0.022210053517456214,0.028844393807767727,0.30601993203163147,0.2592528147247142,0.024028956701030998,0.08189548855184878,131072,14680064,E11 energy-weighted P_N capture; frozen E20 construction
llama31_8b,E20_nar_g128_m2,down,25,2,128,2,224,0.022209322240190232,0.028844387811658656,0.30601996183395386,0.2592528146839192,0.024028951189994,0.08193086354120914,131072,14680064,E11 energy-weighted P_N capture; frozen E20 construction
llama31_8b,E20_nar_g128_m2_c32,down,25,0,128,2,224,0.022211080582512612,0.02884239834470456,0.30601993203163147,0.25925281467295247,0.024027294371225666,0.08177061813656235,131072,14680064,E11 energy-weighted P_N capture; frozen E20 construction
llama31_8b,E20_nar_g128_m2_c32,down,25,1,128,2,224,0.022210053517456214,0.028844393807767727,0.30601993203163147,0.2592528147247142,0.024028956701030998,0.08189548855184878,131072,14680064,E11 energy-weighted P_N capture; frozen E20 construction
llama31_8b,E20_nar_g128_m2_c32,down,25,2,128,2,224,0.022209322240190232,0.028844387811658656,0.30601996183395386,0.2592528146839192,0.024028951189994,0.08193086354120914,131072,14680064,E11 energy-weighted P_N capture; frozen E20 construction
llama31_8b,E20_nar_g256_m3_c32,down,25,0,256,3,168,0.02472664997430948,0.031356179099113035,0.2843203544616699,0.2419026441320669,0.026526653787656257,0.0727961052231882,131072,7340032,E11 energy-weighted P_N capture; frozen E20 construction
llama31_8b,E20_nar_g256_m3_c32,down,25,1,256,3,168,0.024729905596221662,0.03135660925694455,0.2843203544616699,0.2419026438558228,0.02652701769193919,0.07266958981000307,131072,7340032,E11 energy-weighted P_N capture; frozen E20 construction
llama31_8b,E20_nar_g256_m3_c32,down,25,2,256,3,168,0.02472993159234311,0.03135703835255083,0.2843203544616699,0.24190264409325093,0.026527380697602403,0.07268314101668687,131072,7340032,E11 energy-weighted P_N capture; frozen E20 construction
llama31_8b,E11_g64_kmax,qkv,26,0,64,1,64,0.12084601558138841,0.16606854833640305,0.4878899495855666,0.4656387386786269,0.11884175015754632,-0.01658528346341913,131072,8388608,frozen E11 selected eigenvalue fractions
llama31_8b,E11_g64_kmax,qkv,26,1,64,1,64,0.12081657734979001,0.16611746245785497,0.4878899495855666,0.4656387386961698,0.11887675401504369,-0.016055936836632236,131072,8388608,frozen E11 selected eigenvalue fractions
llama31_8b,E11_g64_kmax,qkv,26,2,64,1,64,0.12083614272472154,0.1661481983655113,0.4878899495855666,0.46563873880055967,0.11889874920374831,-0.0160332287781383,131072,8388608,frozen E11 selected eigenvalue fractions
llama31_8b,E11_g128_k8,qkv,26,0,128,1,8,0.15240192918949091,0.18379425432003238,0.28526444511736315,0.27960052635085564,0.1553834013682733,0.019563218094669512,131072,4194304,frozen E11 selected eigenvalue fractions
llama31_8b,E11_g128_k8,qkv,26,1,128,1,8,0.15238115515491302,0.18393698489473564,0.28526444511736315,0.2796005261729094,0.15550406869957098,0.020494092865244135,131072,4194304,frozen E11 selected eigenvalue fractions
llama31_8b,E11_g128_k8,qkv,26,2,128,1,8,0.15241598794032996,0.18397703363784146,0.28526444511736315,0.27960052630575927,0.15553792672166925,0.02048301378042776,131072,4194304,frozen E11 selected eigenvalue fractions
llama31_8b,E11_g128_k16,qkv,26,0,128,1,16,0.14756620572505685,0.18379425432003238,0.3440768591852113,0.33492463567773473,0.14885327939865162,0.008722008316679358,131072,4194304,frozen E11 selected eigenvalue fractions
llama31_8b,E11_g128_k16,qkv,26,1,128,1,16,0.14760823235423182,0.18393698489473564,0.3440768591852113,0.33492463574060033,0.14896887558088068,0.009217935916904518,131072,4194304,frozen E11 selected eigenvalue fractions
llama31_8b,E11_g128_k16,qkv,26,2,128,1,16,0.14760310812793076,0.18397703363784146,0.3440768591852113,0.33492463573157283,0.14900131069028685,0.009472717614755384,131072,4194304,frozen E11 selected eigenvalue fractions
llama31_8b,E11_g128_k32,qkv,26,0,128,1,32,0.14068575021940255,0.18379425432003238,0.4171629033271595,0.40393207475455783,0.1403154597689264,-0.0026320394915524533,131072,4194304,frozen E11 selected eigenvalue fractions
llama31_8b,E11_g128_k32,qkv,26,1,128,1,32,0.1407466248544349,0.18393698489473564,0.4171629033271595,0.403932074819429,0.14042442566825042,-0.0022892142992253593,131072,4194304,frozen E11 selected eigenvalue fractions
llama31_8b,E11_g128_k32,qkv,26,2,128,1,32,0.14071629981070455,0.18397703363784146,0.4171629033271595,0.40393207465950015,0.14045500038791645,-0.0018569236338619613,131072,4194304,frozen E11 selected eigenvalue fractions
llama31_8b,E11_g128_kmax,qkv,26,0,128,1,32,0.14126355281677228,0.18379425432003238,0.4131578508816378,0.39914945603514396,0.1407967337515894,-0.0033045966625825985,131072,4194304,saved factor eigenvalue sum / calibration trace
llama31_8b,E11_g128_kmax,qkv,26,1,128,1,32,0.14124088763261522,0.18393698489473564,0.4131578508816378,0.39914945602377216,0.14090607339770106,-0.0023705191926083964,131072,4194304,saved factor eigenvalue sum / calibration trace
llama31_8b,E11_g128_kmax,qkv,26,2,128,1,32,0.14126209861675676,0.18397703363784146,0.4131578508816378,0.39914945614869257,0.14093675298690267,-0.002303134620254729,131072,4194304,saved factor eigenvalue sum / calibration trace
llama31_8b,E11_g256_kmax,qkv,26,0,256,1,16,0.16147659870059528,0.19993460744426628,0.3440768591852113,0.3334278083904066,0.1619252032304546,0.0027781395785472455,131072,2097152,frozen E11 selected eigenvalue fractions
llama31_8b,E11_g256_kmax,qkv,26,1,256,1,16,0.16153458703283619,0.20011634762536445,0.3440768591852113,0.33342780831453794,0.16207239293480663,0.0033293544859288975,131072,2097152,frozen E11 selected eigenvalue fractions
llama31_8b,E11_g256_kmax,qkv,26,2,256,1,16,0.16153136468287244,0.2001430815595988,0.3440768591852113,0.333427808306431,0.16209404450273368,0.0034834090640287097,131072,2097152,frozen E11 selected eigenvalue fractions
llama31_8b,E20_hadamard_g64_m1,qkv,26,0,64,1,0,0.16603570559654113,0.16603570559654113,0.007690131664276123,0.015935193060569335,0.16539605525583498,-0.0038524866588664324,131072,8388608,E11 energy-weighted P_N capture; frozen E20 construction
llama31_8b,E20_hadamard_g64_m1,qkv,26,1,64,1,0,0.16603314191329765,0.16603314191329765,0.007690131664276123,0.01593519305879795,0.165393501449147,-0.00385248665886645,131072,8388608,E11 energy-weighted P_N capture; frozen E20 construction
llama31_8b,E20_hadamard_g64_m1,qkv,26,2,64,1,0,0.1661608327396351,0.1661608327396351,0.007690131664276123,0.015935193058655633,0.16552070034827954,-0.0038524866588663938,131072,8388608,E11 energy-weighted P_N capture; frozen E20 construction
llama31_8b,E20_hadamard_g128_m1,qkv,26,0,128,1,0,0.18386860995602916,0.18386860995602916,0.0027873138897120953,0.006611764793326165,0.18361218137940175,-0.0013946294404941577,131072,4194304,E11 energy-weighted P_N capture; frozen E20 construction
llama31_8b,E20_hadamard_g128_m1,qkv,26,1,128,1,0,0.18379973177012943,0.18379973177012943,0.0027873138897120953,0.006611764791713938,0.18354339925304788,-0.0013946294404941055,131072,4194304,E11 energy-weighted P_N capture; frozen E20 construction
llama31_8b,E20_hadamard_g128_m1,qkv,26,2,128,1,0,0.18397067358506192,0.18397067358506192,0.0027873138897120953,0.00661176479105184,0.18371410266749263,-0.001394629440494233,131072,4194304,E11 energy-weighted P_N capture; frozen E20 construction
llama31_8b,E20_hadamard_g256_m1,qkv,26,0,256,1,0,0.19997511458643302,0.19997511458643302,0.002401896519586444,0.004392341334985983,0.1997348104373932,-0.0012016702655068053,131072,2097152,E11 energy-weighted P_N capture; frozen E20 construction
llama31_8b,E20_hadamard_g256_m1,qkv,26,1,256,1,0,0.19994842640069166,0.19994842640069166,0.002401896519586444,0.004392341334110935,0.19970815432205108,-0.0012016702655067693,131072,2097152,E11 energy-weighted P_N capture; frozen E20 construction
llama31_8b,E20_hadamard_g256_m1,qkv,26,2,256,1,0,0.200179919368221,0.200179919368221,0.002401896519586444,0.0043923413339418335,0.19993936911136465,-0.0012016702655068391,131072,2097152,E11 energy-weighted P_N capture; frozen E20 construction
llama31_8b,E20_hadamard_g256_m2,qkv,26,0,256,2,0,0.19975589220331003,0.19997511458643302,0.0027873143553733826,0.006611765011218764,0.19969622335763923,-0.00029870881410629736,131072,2097152,E11 energy-weighted P_N capture; frozen E20 construction
llama31_8b,E20_hadamard_g256_m2,qkv,26,1,256,2,0,0.19972354531538983,0.19994842640069166,0.0027873138897120953,0.0066117650112488425,0.19966957243865277,-0.0002702379263888342,131072,2097152,E11 energy-weighted P_N capture; frozen E20 construction
llama31_8b,E20_hadamard_g256_m2,qkv,26,2,256,2,0,0.19995980062672203,0.200179919368221,0.0027873138897120953,0.0066117650136427765,0.1999007425592743,-0.0002953497016030854,131072,2097152,E11 energy-weighted P_N capture; frozen E20 construction
llama31_8b,E20_hadamard_g256_m3,qkv,26,0,256,3,0,0.19914776094603326,0.19997511458643302,0.005873245187103748,0.011896305527196283,0.19938699833737866,0.0012013059559842821,131072,2097152,E11 energy-weighted P_N capture; frozen E20 construction
llama31_8b,E20_hadamard_g256_m3,qkv,26,1,256,3,0,0.19916538321884047,0.19994842640069166,0.005873245187103748,0.011896305527769406,0.19936038864018188,0.0009791130275241392,131072,2097152,E11 energy-weighted P_N capture; frozen E20 construction
llama31_8b,E20_hadamard_g256_m3,qkv,26,2,256,3,0,0.19941560310000028,0.200179919368221,0.005873245187103748,0.011896305530977178,0.19959120079912146,0.0008805614826093662,131072,2097152,E11 energy-weighted P_N capture; frozen E20 construction
llama31_8b,E20_hadamard_g128_m2,qkv,26,0,128,2,0,0.1829102605312798,0.18386860995602916,0.00769013212993741,0.0159351925070773,0.18316025854621343,0.00136677961207587,131072,4194304,E11 energy-weighted P_N capture; frozen E20 construction
llama31_8b,E20_hadamard_g128_m2,qkv,26,1,128,2,0,0.18289153069978248,0.18379973177012943,0.007690131664276123,0.015935192517777717,0.1830916457555818,0.0010941734427702963,131072,4194304,E11 energy-weighted P_N capture; frozen E20 construction
llama31_8b,E20_hadamard_g128_m2,qkv,26,2,128,2,0,0.18309972923044704,0.18397067358506192,0.007690131664276123,0.015935192512245042,0.1832619290194528,0.0008858548818584474,131072,4194304,E11 energy-weighted P_N capture; frozen E20 construction
llama31_8b,E20_nar_g64_m1,qkv,26,0,64,1,64,0.11828412835102453,0.16603570559654113,0.48788997530937195,0.46563869277725506,0.1188182442962453,0.004515533509582126,131072,8388608,E11 energy-weighted P_N capture; frozen E20 construction
llama31_8b,E20_nar_g64_m1,qkv,26,1,64,1,64,0.11828971388425491,0.16603314191329765,0.48788997530937195,0.46563869267196245,0.1188164096767529,0.004452591651488456,131072,8388608,E11 energy-weighted P_N capture; frozen E20 construction
llama31_8b,E20_nar_g64_m1,qkv,26,2,64,1,64,0.11828728570951541,0.1661608327396351,0.48788997530937195,0.4656386927262167,0.11890778761105711,0.005245719333399014,131072,8388608,E11 energy-weighted P_N capture; frozen E20 construction
llama31_8b,E20_nar_g128_m1,qkv,26,0,128,1,32,0.1365875059309829,0.18386860995602916,0.4171629250049591,0.4039320104226718,0.14037222305295807,0.027709101913666795,131072,4194304,E11 energy-weighted P_N capture; frozen E20 construction
llama31_8b,E20_nar_g128_m1,qkv,26,1,128,1,32,0.13657985296944464,0.18379973177012943,0.4171629250049591,0.4039320104714589,0.14031963885124515,0.027381680390571032,131072,4194304,E11 energy-weighted P_N capture; frozen E20 construction
llama31_8b,E20_nar_g128_m1,qkv,26,2,128,1,32,0.1365718979152355,0.18397067358506192,0.4171629548072815,0.4039320103885839,0.14045013868120074,0.02839706283039505,131072,4194304,E11 energy-weighted P_N capture; frozen E20 construction
llama31_8b,E20_nar_g256_m1,qkv,26,0,256,1,16,0.1544116325891558,0.19997511458643302,0.34407687187194824,0.3334277568327713,0.16195800802677218,0.048871806554206185,131072,2097152,E11 energy-weighted P_N capture; frozen E20 construction
llama31_8b,E20_nar_g256_m1,qkv,26,1,256,1,16,0.15438058165872093,0.19994842640069166,0.34407687187194824,0.3334277567593977,0.16193639351033867,0.04894276061429075,131072,2097152,E11 energy-weighted P_N capture; frozen E20 construction
llama31_8b,E20_nar_g256_m1,qkv,26,2,256,1,16,0.15429841807766032,0.200179919368221,0.34407687187194824,0.33342775684261783,0.16212387753789276,0.050716394618471015,131072,2097152,E11 energy-weighted P_N capture; frozen E20 construction
llama31_8b,E20_nar_g256_m2,qkv,26,0,256,2,32,0.14860779759249354,0.19997511458643302,0.4171629250049591,0.4039320487700269,0.15266853540950023,0.02732520017652027,131072,2097152,E11 energy-weighted P_N capture; frozen E20 construction
llama31_8b,E20_nar_g256_m2,qkv,26,1,256,2,32,0.14858315496673313,0.19994842640069166,0.4171629250049591,0.40393204878949274,0.15264816064317846,0.02735845579100442,131072,2097152,E11 energy-weighted P_N capture; frozen E20 construction
llama31_8b,E20_nar_g256_m2,qkv,26,2,256,2,32,0.1486002006972864,0.200179919368221,0.4171629250049591,0.40393204886925,0.15282489109478187,0.028429910442056377,131072,2097152,E11 energy-weighted P_N capture; frozen E20 construction
llama31_8b,E20_nar_g256_m3,qkv,26,0,256,3,48,0.14497856227302108,0.19997511458643302,0.45960548520088196,0.44081413979512735,0.14700476778059363,0.013975897372722099,131072,2097152,E11 energy-weighted P_N capture; frozen E20 construction
llama31_8b,E20_nar_g256_m3,qkv,26,1,256,3,48,0.14502636655418932,0.19994842640069166,0.45960548520088196,0.4408141398343988,0.14698514888673522,0.0135063876940887,131072,2097152,E11 energy-weighted P_N capture; frozen E20 construction
llama31_8b,E20_nar_g256_m3,qkv,26,2,256,3,48,0.14495529196392987,0.200179919368221,0.45960548520088196,0.44081413975845113,0.1471553229106625,0.015177306857345202,131072,2097152,E11 energy-weighted P_N capture; frozen E20 construction
llama31_8b,E20_nar_g128_m2,qkv,26,0,128,2,64,0.13083700458845637,0.18386860995602916,0.48789000511169434,0.465638646686814,0.1315797990678002,0.00567725072643072,131072,4194304,E11 energy-weighted P_N capture; frozen E20 construction
llama31_8b,E20_nar_g128_m2,qkv,26,1,128,2,64,0.13088740786141706,0.18379973177012943,0.48789000511169434,0.465638646286107,0.13153050855615167,0.004913388577574418,131072,4194304,E11 energy-weighted P_N capture; frozen E20 construction
llama31_8b,E20_nar_g128_m2,qkv,26,2,128,2,64,0.13089039986938822,0.18397067358506192,0.48789000511169434,0.4656386464176899,0.13165283770013378,0.005825009561483312,131072,4194304,E11 energy-weighted P_N capture; frozen E20 construction
llama31_8b,E20_nar_g128_m2_c32,qkv,26,0,128,2,64,0.13083700458845637,0.18386860995602916,0.48789000511169434,0.465638646686814,0.1315797990678002,0.00567725072643072,131072,4194304,E11 energy-weighted P_N capture; frozen E20 construction
llama31_8b,E20_nar_g128_m2_c32,qkv,26,1,128,2,64,0.13088740786141706,0.18379973177012943,0.48789000511169434,0.465638646286107,0.13153050855615167,0.004913388577574418,131072,4194304,E11 energy-weighted P_N capture; frozen E20 construction
llama31_8b,E20_nar_g128_m2_c32,qkv,26,2,128,2,64,0.13089039986938822,0.18397067358506192,0.48789000511169434,0.4656386464176899,0.13165283770013378,0.005825009561483312,131072,4194304,E11 energy-weighted P_N capture; frozen E20 construction
llama31_8b,E20_nar_g256_m3_c32,qkv,26,0,256,3,48,0.14497856227302108,0.19997511458643302,0.45960548520088196,0.44081413979512735,0.14700476778059363,0.013975897372722099,131072,2097152,E11 energy-weighted P_N capture; frozen E20 construction
llama31_8b,E20_nar_g256_m3_c32,qkv,26,1,256,3,48,0.14502636655418932,0.19994842640069166,0.45960548520088196,0.4408141398343988,0.14698514888673522,0.0135063876940887,131072,2097152,E11 energy-weighted P_N capture; frozen E20 construction
llama31_8b,E20_nar_g256_m3_c32,qkv,26,2,256,3,48,0.14495529196392987,0.200179919368221,0.45960548520088196,0.44081413975845113,0.1471553229106625,0.015177306857345202,131072,2097152,E11 energy-weighted P_N capture; frozen E20 construction
llama31_8b,E11_g64_kmax,down,26,0,64,1,224,0.021161572408917726,0.028011566177973592,0.3244778167125384,0.2794330951558698,0.023022750092353817,0.08795082177597396,131072,29360128,frozen E11 selected eigenvalue fractions
llama31_8b,E11_g64_kmax,down,26,1,64,1,224,0.02116172665474184,0.028009908213659167,0.3244778167125384,0.2794330950836468,0.02302138740888833,0.08787849803030062,131072,29360128,frozen E11 selected eigenvalue fractions
llama31_8b,E11_g64_kmax,down,26,2,64,1,224,0.021162344507178982,0.02801020343592878,0.3244778167125384,0.279433095118514,0.02302163005253388,0.08785820232366817,131072,29360128,frozen E11 selected eigenvalue fractions
llama31_8b,E11_g128_k8,down,26,0,128,1,8,0.025750618688658276,0.03092712174319428,0.12621631883491055,0.11975909311287689,0.02890955912706439,0.1226743511136474,131072,14680064,frozen E11 selected eigenvalue fractions
llama31_8b,E11_g128_k8,down,26,1,128,1,8,0.025748726211981703,0.03092683359712594,0.12621631883491055,0.1197590931012847,0.02890928977850137,0.12274640463763817,131072,14680064,frozen E11 selected eigenvalue fractions
llama31_8b,E11_g128_k8,down,26,2,128,1,8,0.02574660458658792,0.030927599185349357,0.12621631883491055,0.11975909310563848,0.028910005422789115,0.12286671920417395,131072,14680064,frozen E11 selected eigenvalue fractions
llama31_8b,E11_g128_k16,down,26,0,128,1,16,0.025450707475953762,0.03092712174319428,0.15740018019489083,0.1461830799751464,0.028389005887977218,0.11545055927422086,131072,14680064,frozen E11 selected eigenvalue fractions
llama31_8b,E11_g128_k16,down,26,1,128,1,16,0.025451490405511996,0.03092683359712594,0.15740018019489083,0.14618308005168565,0.02838874138937633,0.11540585392312491,131072,14680064,frozen E11 selected eigenvalue fractions
llama31_8b,E11_g128_k16,down,26,2,128,1,16,0.02545195517594407,0.030927599185349357,0.15740018019489083,0.14618308001646171,0.028389444147581985,0.11541309700302646,131072,14680064,frozen E11 selected eigenvalue fractions
llama31_8b,E11_g128_k32,down,26,0,128,1,32,0.025092327650025035,0.03092712174319428,0.1939613498539784,0.173580373442912,0.027766263287799076,0.10656387382903366,131072,14680064,frozen E11 selected eigenvalue fractions
llama31_8b,E11_g128_k32,down,26,1,128,1,32,0.0250905412180793,0.03092683359712594,0.1939613498539784,0.17358037351250166,0.02776600459125223,0.1066323500126452,131072,14680064,frozen E11 selected eigenvalue fractions
llama31_8b,E11_g128_k32,down,26,2,128,1,32,0.025092682341777545,0.030927599185349357,0.1939613498539784,0.17358037348253588,0.02776669193372005,0.10656531476072871,131072,14680064,frozen E11 selected eigenvalue fractions
llama31_8b,E11_g128_kmax,down,26,0,128,1,112,0.02438630061284765,0.03092712174319428,0.2679866783051591,0.23249562271207297,0.026460557874827564,0.08505829953097165,131072,14680064,saved factor eigenvalue sum / calibration trace
llama31_8b,E11_g128_kmax,down,26,1,128,1,112,0.024386662995435522,0.03092683359712594,0.2679866783051591,0.23249562276535746,0.02646031134345678,0.08503206643768299,131072,14680064,saved factor eigenvalue sum / calibration trace
llama31_8b,E11_g128_kmax,down,26,2,128,1,112,0.024385881932209617,0.030927599185349357,0.2679866783051591,0.232495622759799,0.02646096636372224,0.08509367991205548,131072,14680064,saved factor eigenvalue sum / calibration trace
llama31_8b,E11_g256_kmax,down,26,0,256,1,56,0.027470582146069424,0.03363976109540839,0.2272402858526414,0.199771380337149,0.029571621539934177,0.07648324970664575,131072,7340032,frozen E11 selected eigenvalue fractions
llama31_8b,E11_g256_kmax,down,26,1,256,1,56,0.027469754049751365,0.03364136482771902,0.2272402858526414,0.19977138025423732,0.02957303132892783,0.07656702260119075,131072,7340032,frozen E11 selected eigenvalue fractions
llama31_8b,E11_g256_kmax,down,26,2,256,1,56,0.027471096766615348,0.033640730979882454,0.2272402858526414,0.19977138028698915,0.029572474133878684,0.07649411980584137,131072,7340032,frozen E11 selected eigenvalue fractions
llama31_8b,E20_hadamard_g64_m1,down,26,0,64,1,0,0.02800879543313414,0.02800879543313414,0.002558114007115364,0.013017920799064314,0.027972947646812685,-0.0012798760449029111,131072,29360128,E11 energy-weighted P_N capture; frozen E20 construction
llama31_8b,E20_hadamard_g64_m1,down,26,1,64,1,0,0.02800885996980332,0.02800885996980332,0.002558114007115364,0.013017920799482682,0.027973012100882932,-0.00127987604490283,131072,29360128,E11 energy-weighted P_N capture; frozen E20 construction
llama31_8b,E20_hadamard_g64_m1,down,26,2,64,1,0,0.02801081742753131,0.02801081742753131,0.002558114007115364,0.013017920800965076,0.027974967053307664,-0.0012798760449028856,131072,29360128,E11 energy-weighted P_N capture; frozen E20 construction
llama31_8b,E20_hadamard_g128_m1,down,26,0,128,1,0,0.030923531569763223,0.030923531569763223,0.0014167302288115025,0.007071020713634947,0.030901618654861924,-0.0007086161828529881,131072,14680064,E11 energy-weighted P_N capture; frozen E20 construction
llama31_8b,E20_hadamard_g128_m1,down,26,1,128,1,0,0.0309235828269069,0.0309235828269069,0.0014167302288115025,0.007071020713944917,0.030901669875683956,-0.0007086161828530564,131072,14680064,E11 energy-weighted P_N capture; frozen E20 construction
llama31_8b,E20_hadamard_g128_m1,down,26,2,128,1,0,0.03092930711065562,0.03092930711065562,0.0014167302288115025,0.007071020714657409,0.030907390103112577,-0.0007086161828530457,131072,14680064,E11 energy-weighted P_N capture; frozen E20 construction
llama31_8b,E20_hadamard_g256_m1,down,26,0,256,1,0,0.03363484752396546,0.03363484752396546,0.0006406503380276263,0.0032182639373329845,0.0336240717095888,-0.0003203764895611913,131072,7340032,E11 energy-weighted P_N capture; frozen E20 construction
llama31_8b,E20_hadamard_g256_m1,down,26,1,256,1,0,0.03363485223131984,0.03363485223131984,0.0006406503962352872,0.003218263936914731,0.03362407641445584,-0.00032037651867438576,131072,7340032,E11 energy-weighted P_N capture; frozen E20 construction
llama31_8b,E20_hadamard_g256_m1,down,26,2,256,1,0,0.033644278898839426,0.033644278898839426,0.0006406503962352872,0.003218263936302257,0.0336335000618925,-0.0003203765186745097,131072,7340032,E11 energy-weighted P_N capture; frozen E20 construction
llama31_8b,E20_hadamard_g256_m2,down,26,0,256,2,0,0.03356708029941226,0.03363484752396546,0.0014167302288115025,0.007071020953522799,0.03361101332670218,0.0013088128874495083,131072,7340032,E11 energy-weighted P_N capture; frozen E20 construction
llama31_8b,E20_hadamard_g256_m2,down,26,1,256,2,0,0.03356733367265579,0.03363485223131984,0.0014167302288115025,0.0070710209484909255,0.033611018030720856,0.0013013949362517135,131072,7340032,E11 energy-weighted P_N capture; frozen E20 construction
llama31_8b,E20_hadamard_g256_m2,down,26,2,256,2,0,0.03357697376171931,0.033644278898839426,0.0014167302288115025,0.007071020960815517,0.03362043801835129,0.0012944661701922828,131072,7340032,E11 energy-weighted P_N capture; frozen E20 construction
llama31_8b,E20_hadamard_g256_m3,down,26,0,256,3,0,0.033511858335675014,0.03363484752396546,0.0021062050946056843,0.01020648647213279,0.03359940790974961,0.0026124953500830444,131072,7340032,E11 energy-weighted P_N capture; frozen E20 construction
llama31_8b,E20_hadamard_g256_m3,down,26,1,256,3,0,0.033512993923946306,0.03363485223131984,0.0021062050946056843,0.010206486468067703,0.033599412612144046,0.0025786621271097552,131072,7340032,E11 energy-weighted P_N capture; frozen E20 construction
llama31_8b,E20_hadamard_g256_m3,down,26,2,256,3,0,0.03352110132289811,0.033644278898839426,0.0021062050946056843,0.010206486478915616,0.033608829347183344,0.0026170985087924045,131072,7340032,E11 energy-weighted P_N capture; frozen E20 construction
llama31_8b,E20_hadamard_g128_m2,down,26,0,128,2,0,0.030826801116017384,0.030923531569763223,0.002558114007115364,0.013017920357809071,0.030883953282483285,0.0018539765527667911,131072,14680064,E11 energy-weighted P_N capture; frozen E20 construction
llama31_8b,E20_hadamard_g128_m2,down,26,1,128,2,0,0.030827230760208085,0.0309235828269069,0.002558114007115364,0.013017920354847909,0.03088400447402417,0.0018416741438017647,131072,14680064,E11 energy-weighted P_N capture; frozen E20 construction
llama31_8b,E20_hadamard_g128_m2,down,26,2,128,2,0,0.030832365933587496,0.03092930711065562,0.002558114007115364,0.013017920355659546,0.030889721431399248,0.0018602366725698287,131072,14680064,E11 energy-weighted P_N capture; frozen E20 construction
llama31_8b,E20_nar_g64_m1,down,26,0,64,1,224,0.020934222000420364,0.02800879543313414,0.3244778513908386,0.27943309758011337,0.02302047222194853,0.09965740410540562,131072,29360128,E11 energy-weighted P_N capture; frozen E20 construction
llama31_8b,E20_nar_g64_m1,down,26,1,64,1,224,0.020935806587185222,0.02800885996980332,0.3244778513908386,0.27943309753278406,0.023020525264736597,0.09957670696229248,131072,29360128,E11 energy-weighted P_N capture; frozen E20 construction
llama31_8b,E20_nar_g64_m1,down,26,2,64,1,224,0.02093340627114833,0.02801081742753131,0.3244778513908386,0.279433097576786,0.023022134102266237,0.09977964427111487,131072,29360128,E11 energy-weighted P_N capture; frozen E20 construction
llama31_8b,E20_nar_g128_m1,down,26,0,128,1,112,0.02393659397794853,0.030923531569763223,0.27444079518318176,0.23832531369347984,0.026340590944888106,0.10043187302062466,131072,14680064,E11 energy-weighted P_N capture; frozen E20 construction
llama31_8b,E20_nar_g128_m1,down,26,1,128,1,112,0.023937394368548612,0.0309235828269069,0.27444079518318176,0.23832531366607737,0.026340634605601678,0.10039690202082677,131072,14680064,E11 energy-weighted P_N capture; frozen E20 construction
llama31_8b,E20_nar_g128_m1,down,26,2,128,1,112,0.0239352359496654,0.03092930711065562,0.27444079518318176,0.23832531360958867,0.02634551053694016,0.10069984655022607,131072,14680064,E11 energy-weighted P_N capture; frozen E20 construction
llama31_8b,E20_nar_g256_m1,down,26,0,256,1,56,0.02701112475781883,0.03363484752396546,0.22724029421806335,0.19977139324303586,0.029567302018806425,0.09463423992544653,131072,7340032,E11 energy-weighted P_N capture; frozen E20 construction
llama31_8b,E20_nar_g256_m1,down,26,1,256,1,56,0.027008873374647697,0.03363485223131984,0.22724029421806335,0.1997713932375801,0.029567306156888767,0.09472563874665661,131072,7340032,E11 energy-weighted P_N capture; frozen E20 construction
llama31_8b,E20_nar_g256_m1,down,26,2,256,1,56,0.02700791619168211,0.033644278898839426,0.22724029421806335,0.19977139322856013,0.029575592834132778,0.09507126074544986,131072,7340032,E11 energy-weighted P_N capture; frozen E20 construction
llama31_8b,E20_nar_g256_m2,down,26,0,256,2,112,0.02646927123858373,0.03363484752396546,0.27444079518318176,0.2383253355667346,0.028650083452588022,0.08239033837944748,131072,7340032,E11 energy-weighted P_N capture; frozen E20 construction
llama31_8b,E20_nar_g256_m2,down,26,1,256,2,112,0.02646965356134499,0.03363485223131984,0.27444082498550415,0.23832533531685074,0.028650086873900592,0.08237483378852385,131072,7340032,E11 energy-weighted P_N capture; frozen E20 construction
llama31_8b,E20_nar_g256_m2,down,26,2,256,2,112,0.026465419726838007,0.033644278898839426,0.27444082498550415,0.23832533554282703,0.028658116486800632,0.08285138806013566,131072,7340032,E11 energy-weighted P_N capture; frozen E20 construction
llama31_8b,E20_nar_g256_m3,down,26,0,256,3,168,0.026156936608790815,0.03363484752396546,0.30388006567955017,0.26272930506827885,0.02806283214062913,0.07286386629838684,131072,7340032,E11 energy-weighted P_N capture; frozen E20 construction
llama31_8b,E20_nar_g256_m3,down,26,1,256,3,168,0.026156431743608013,0.03363485223131984,0.30388009548187256,0.26272930504882935,0.028062835467440074,0.07288470164887606,131072,7340032,E11 energy-weighted P_N capture; frozen E20 construction
llama31_8b,E20_nar_g256_m3,down,26,2,256,3,168,0.026158455730315895,0.033644278898839426,0.30388006567955017,0.26272930492635305,0.02807070109528263,0.07310237976894675,131072,7340032,E11 energy-weighted P_N capture; frozen E20 construction
llama31_8b,E20_nar_g128_m2,down,26,0,128,2,224,0.023506539716218126,0.030923531569763223,0.3244778513908386,0.2794330696828691,0.025416098354024256,0.08123520777022944,131072,14680064,E11 energy-weighted P_N capture; frozen E20 construction
llama31_8b,E20_nar_g128_m2,down,26,1,128,2,224,0.02350717462686999,0.0309235828269069,0.3244778513908386,0.27943306968477016,0.025416140482349803,0.08120779658895125,131072,14680064,E11 energy-weighted P_N capture; frozen E20 construction
llama31_8b,E20_nar_g128_m2,down,26,2,128,2,224,0.023505813128981305,0.03092930711065562,0.3244778513908386,0.2794330697279536,0.025420845280003188,0.08147057668304014,131072,14680064,E11 energy-weighted P_N capture; frozen E20 construction
llama31_8b,E20_nar_g128_m2_c32,down,26,0,128,2,224,0.023506539716218126,0.030923531569763223,0.3244778513908386,0.2794330696828691,0.025416098354024256,0.08123520777022944,131072,14680064,E11 energy-weighted P_N capture; frozen E20 construction
llama31_8b,E20_nar_g128_m2_c32,down,26,1,128,2,224,0.02350717462686999,0.0309235828269069,0.3244778513908386,0.27943306968477016,0.025416140482349803,0.08120779658895125,131072,14680064,E11 energy-weighted P_N capture; frozen E20 construction
llama31_8b,E20_nar_g128_m2_c32,down,26,2,128,2,224,0.023505813128981305,0.03092930711065562,0.3244778513908386,0.2794330697279536,0.025420845280003188,0.08147057668304014,131072,14680064,E11 energy-weighted P_N capture; frozen E20 construction
llama31_8b,E20_nar_g256_m3_c32,down,26,0,256,3,168,0.026156936608790815,0.03363484752396546,0.30388006567955017,0.26272930506827885,0.02806283214062913,0.07286386629838684,131072,7340032,E11 energy-weighted P_N capture; frozen E20 construction
llama31_8b,E20_nar_g256_m3_c32,down,26,1,256,3,168,0.026156431743608013,0.03363485223131984,0.30388009548187256,0.26272930504882935,0.028062835467440074,0.07288470164887606,131072,7340032,E11 energy-weighted P_N capture; frozen E20 construction
llama31_8b,E20_nar_g256_m3_c32,down,26,2,256,3,168,0.026158455730315895,0.033644278898839426,0.30388006567955017,0.26272930492635305,0.02807070109528263,0.07310237976894675,131072,7340032,E11 energy-weighted P_N capture; frozen E20 construction
llama31_8b,E11_g64_kmax,qkv,27,0,64,1,64,0.12711297593374082,0.16997973461546056,0.4571467479509918,0.4327602316166297,0.12523864748148647,-0.014745374643981035,131072,8388608,frozen E11 selected eigenvalue fractions
llama31_8b,E11_g64_kmax,qkv,27,1,64,1,64,0.1271201314384074,0.16993732840355324,0.4571467479509918,0.4327602315498491,0.1252074031885353,-0.01504661951044991,131072,8388608,frozen E11 selected eigenvalue fractions
llama31_8b,E11_g64_kmax,qkv,27,2,64,1,64,0.1271417392003813,0.16998603569578918,0.4571467479509918,0.4327602316252209,0.12524329002772772,-0.014931753998280126,131072,8388608,frozen E11 selected eigenvalue fractions
llama31_8b,E11_g128_k8,qkv,27,0,128,1,8,0.15876321125341164,0.1881610666020901,0.26530015426104364,0.2591938241720768,0.16128156930105375,0.015862352668228698,131072,4194304,frozen E11 selected eigenvalue fractions
llama31_8b,E11_g128_k8,qkv,27,1,128,1,8,0.1587055451760584,0.18802807923872678,0.26530015426104364,0.25919382414899156,0.16116757966946965,0.01551322287245871,131072,4194304,frozen E11 selected eigenvalue fractions
llama31_8b,E11_g128_k8,qkv,27,2,128,1,8,0.15872063633431743,0.18822633323984483,0.26530015426104364,0.25919382402169633,0.1613375123606366,0.01648730805745489,131072,4194304,frozen E11 selected eigenvalue fractions
llama31_8b,E11_g128_k16,qkv,27,0,128,1,16,0.15421058933269371,0.1881610666020901,0.3192178717841744,0.30825182641479815,0.15525079734461622,0.006745373430085026,131072,4194304,frozen E11 selected eigenvalue fractions
llama31_8b,E11_g128_k16,qkv,27,1,128,1,16,0.15421240775004996,0.18802807923872678,0.3192178717841744,0.30825182647721006,0.15514107010628922,0.006021969112527239,131072,4194304,frozen E11 selected eigenvalue fractions
llama31_8b,E11_g128_k16,qkv,27,2,128,1,16,0.15420192296071988,0.18822633323984483,0.3192178717841744,0.3082518263752199,0.15530464853569634,0.007151179140984859,131072,4194304,frozen E11 selected eigenvalue fractions
llama31_8b,E11_g128_k32,qkv,27,0,128,1,32,0.1476869484550427,0.1881610666020901,0.3867309328734964,0.37117610404314183,0.14735174933535616,-0.0022696597308907392,131072,4194304,frozen E11 selected eigenvalue fractions
llama31_8b,E11_g128_k32,qkv,27,1,128,1,32,0.14770058697984823,0.18802807923872678,0.3867309328734964,0.3711761040968087,0.147247604939361,-0.003066893976183173,131072,4194304,frozen E11 selected eigenvalue fractions
llama31_8b,E11_g128_k32,qkv,27,2,128,1,32,0.1476946515018751,0.18822633323984483,0.3867309328734964,0.3711761040998737,0.1474028606168772,-0.001975636098062698,131072,4194304,frozen E11 selected eigenvalue fractions
llama31_8b,E11_g128_kmax,qkv,27,0,128,1,32,0.14815468403249987,0.1881610666020901,0.3831582356576012,0.3671601229077495,0.14778033665390086,-0.002526733333094564,131072,4194304,saved factor eigenvalue sum / calibration trace
llama31_8b,E11_g128_kmax,qkv,27,1,128,1,32,0.14812534928345666,0.18802807923872678,0.3831582356576012,0.36716012302867,0.14767588934350107,-0.0030343215535343655,131072,4194304,saved factor eigenvalue sum / calibration trace
llama31_8b,E11_g128_kmax,qkv,27,2,128,1,32,0.14820921861057368,0.18822633323984483,0.3831582356576012,0.3671601229641451,0.14783159659770242,-0.0025478982779301496,131072,4194304,saved factor eigenvalue sum / calibration trace
llama31_8b,E11_g256_kmax,qkv,27,0,256,1,16,0.16862322819386577,0.20483719791838695,0.3192178717841744,0.30676839627804436,0.16901019364392406,0.0022948525787526257,131072,2097152,frozen E11 selected eigenvalue fractions
llama31_8b,E11_g256_kmax,qkv,27,1,256,1,16,0.1686180572345819,0.2045390177793749,0.3192178717841744,0.3067683962643914,0.16876416663541519,0.0008665109966841855,131072,2097152,frozen E11 selected eigenvalue fractions
llama31_8b,E11_g256_kmax,qkv,27,2,256,1,16,0.16862213028234407,0.20495574838554376,0.3192178717841744,0.3067683961561733,0.16910800906814566,0.0028814651136717406,131072,2097152,frozen E11 selected eigenvalue fractions
llama31_8b,E20_hadamard_g64_m1,qkv,27,0,64,1,0,0.17007077736584808,0.17007077736584808,0.006303760223090649,0.014991070317757031,0.16953388722079568,-0.003156863003556846,131072,8388608,E11 energy-weighted P_N capture; frozen E20 construction
llama31_8b,E20_hadamard_g64_m1,qkv,27,1,64,1,0,0.16984566048969274,0.16984566048969274,0.006303760688751936,0.014991070316635222,0.16930948096810763,-0.0031568632371248885,131072,8388608,E11 energy-weighted P_N capture; frozen E20 construction
llama31_8b,E20_hadamard_g64_m1,qkv,27,2,64,1,0,0.16994120690049552,0.16994120690049552,0.006303760223090649,0.01499107031724906,0.16940472579165156,-0.003156863003556806,131072,8388608,E11 energy-weighted P_N capture; frozen E20 construction
llama31_8b,E20_hadamard_g128_m1,qkv,27,0,128,1,0,0.1882379615042602,0.1882379615042602,0.002481883391737938,0.006652021256111647,0.18800422405171177,-0.0012417126209855237,131072,4194304,E11 energy-weighted P_N capture; frozen E20 construction
llama31_8b,E20_hadamard_g128_m1,qkv,27,1,128,1,0,0.18796936198323877,0.18796936198323877,0.0024818836245685816,0.006652021257189439,0.18773595803219587,-0.001241712737545584,131072,4194304,E11 energy-weighted P_N capture; frozen E20 construction
llama31_8b,E20_hadamard_g128_m1,qkv,27,2,128,1,0,0.18805978108253818,0.18805978108253818,0.002481883391737938,0.006652021257408161,0.18782626487886822,-0.001241712620985506,131072,4194304,E11 energy-weighted P_N capture; frozen E20 construction
llama31_8b,E20_hadamard_g256_m1,qkv,27,0,256,1,0,0.20487880279413062,0.20487880279413062,0.0020518475212156773,0.00422670921418512,0.20466850483206867,-0.0010264505609849292,131072,2097152,E11 energy-weighted P_N capture; frozen E20 construction
llama31_8b,E20_hadamard_g256_m1,qkv,27,1,256,1,0,0.20451097753636205,0.20451097753636205,0.0020518475212156773,0.004226709212434151,0.20430105712874227,-0.0010264505609849219,131072,2097152,E11 energy-weighted P_N capture; frozen E20 construction
llama31_8b,E20_hadamard_g256_m1,qkv,27,2,256,1,0,0.20465366302827093,0.20465366302827093,0.0020518475212156773,0.004226709213871492,0.20444359616104793,-0.0010264505609849646,131072,2097152,E11 energy-weighted P_N capture; frozen E20 construction
llama31_8b,E20_hadamard_g256_m2,qkv,27,0,256,2,0,0.2046238631119337,0.20487880279413062,0.002481883391737938,0.006652021476020261,0.20462440219892875,2.6345265251346087e-06,131072,2097152,E11 energy-weighted P_N capture; frozen E20 construction
llama31_8b,E20_hadamard_g256_m2,qkv,27,1,256,2,0,0.20424646142085834,0.20451097753636205,0.0024818836245685816,0.006652021476281714,0.20425703365058726,5.1762119428508895e-05,131072,2097152,E11 energy-weighted P_N capture; frozen E20 construction
llama31_8b,E20_hadamard_g256_m2,qkv,27,2,256,2,0,0.2044059330570427,0.20465366302827093,0.0024818836245685816,0.006652021476259641,0.20439954196810337,-3.1266650843931594e-05,131072,2097152,E11 energy-weighted P_N capture; frozen E20 construction
llama31_8b,E20_hadamard_g256_m3,qkv,27,0,256,3,0,0.20420107417429278,0.20487880279413062,0.004425360821187496,0.01080187212825437,0.20442496882916003,0.0010964421013581157,131072,2097152,E11 energy-weighted P_N capture; frozen E20 construction
llama31_8b,E20_hadamard_g256_m3,qkv,27,1,256,3,0,0.20378003520443144,0.20451097753636205,0.004425361752510071,0.010801872128052519,0.20405795825811535,0.0013638384810616625,131072,2097152,E11 energy-weighted P_N capture; frozen E20 construction
llama31_8b,E20_hadamard_g256_m3,qkv,27,2,256,3,0,0.20398164736234037,0.20465366302827093,0.0044253612868487835,0.010801872129710588,0.20420032773025437,0.0010720590344363355,131072,2097152,E11 energy-weighted P_N capture; frozen E20 construction
llama31_8b,E20_hadamard_g128_m2,qkv,27,0,128,2,0,0.1874051894586124,0.1882379615042602,0.006303760223090649,0.014991069807889305,0.18764372004772242,0.001272806744568318,131072,4194304,E11 energy-weighted P_N capture; frozen E20 construction
llama31_8b,E20_hadamard_g128_m2,qkv,27,1,128,2,0,0.18713222133547447,0.18796936198323877,0.006303760223090649,0.014991069799683118,0.1873759684585917,0.0013025395700308525,131072,4194304,E11 energy-weighted P_N capture; frozen E20 construction
llama31_8b,E20_hadamard_g128_m2,qkv,27,2,128,2,0,0.1872509349123792,0.18805978108253818,0.006303760688751936,0.014991069799515361,0.18746610207325695,0.0011490845745492678,131072,4194304,E11 energy-weighted P_N capture; frozen E20 construction
llama31_8b,E20_nar_g64_m1,qkv,27,0,64,1,64,0.12447369341120829,0.17007077736584808,0.4571467638015747,0.43276022068870273,0.12530572465389142,0.006684394267425295,131072,8388608,E11 energy-weighted P_N capture; frozen E20 construction
llama31_8b,E20_nar_g64_m1,qkv,27,1,64,1,64,0.1244680316631237,0.16984566048969274,0.4571467638015747,0.4327602207978241,0.12513986174825076,0.005397611548525037,131072,8388608,E11 energy-weighted P_N capture; frozen E20 construction
llama31_8b,E20_nar_g64_m1,qkv,27,2,64,1,64,0.1244633124211374,0.16994120690049552,0.4571467638015747,0.4327602206760646,0.12521025898185642,0.006001339239563517,131072,8388608,E11 energy-weighted P_N capture; frozen E20 construction
llama31_8b,E20_nar_g128_m1,qkv,27,0,128,1,32,0.14352212514895513,0.1882379615042602,0.38673093914985657,0.37117611016326285,0.14741196613057003,0.027102727036530543,131072,4194304,E11 energy-weighted P_N capture; frozen E20 construction
llama31_8b,E20_nar_g128_m1,qkv,27,1,128,1,32,0.143516569754504,0.18796936198323877,0.3867309093475342,0.3711761101301624,0.14720162540062523,0.025676865412995867,131072,4194304,E11 energy-weighted P_N capture; frozen E20 construction
llama31_8b,E20_nar_g128_m1,qkv,27,2,128,1,32,0.1435057238242603,0.18805978108253818,0.38673093914985657,0.37117611022226266,0.1472724303744339,0.026247779181173193,131072,4194304,E11 energy-weighted P_N capture; frozen E20 construction
llama31_8b,E20_nar_g256_m1,qkv,27,0,256,1,16,0.1617571703794205,0.20487880279413062,0.31921786069869995,0.30676838908463866,0.169044523004497,0.04505118757940154,131072,2097152,E11 energy-weighted P_N capture; frozen E20 construction
llama31_8b,E20_nar_g256_m1,qkv,27,1,256,1,16,0.1618522747322988,0.20451097753636205,0.31921786069869995,0.30676838896838854,0.16874103213867533,0.04256200549402496,131072,2097152,E11 energy-weighted P_N capture; frozen E20 construction
llama31_8b,E20_nar_g256_m1,qkv,27,2,256,1,16,0.16174231676467876,0.20465366302827093,0.31921786069869995,0.30676838897175707,0.16885876125750288,0.04399865560957639,131072,2097152,E11 energy-weighted P_N capture; frozen E20 construction
llama31_8b,E20_nar_g256_m2,qkv,27,0,256,2,32,0.15608703217901976,0.20487880279413062,0.38673093914985657,0.37117614522964615,0.16044365810706357,0.027911517486264317,131072,2097152,E11 energy-weighted P_N capture; frozen E20 construction
llama31_8b,E20_nar_g256_m2,qkv,27,1,256,2,32,0.15614116285973623,0.20451097753636205,0.38673093914985657,0.37117614550381384,0.16015560864027778,0.02571036174585036,131072,2097152,E11 energy-weighted P_N capture; frozen E20 construction
llama31_8b,E20_nar_g256_m2,qkv,27,2,256,2,32,0.15615130446961878,0.20465366302827093,0.38673093914985657,0.3711761453055916,0.1602673477854136,0.026359327126823005,131072,2097152,E11 energy-weighted P_N capture; frozen E20 construction
llama31_8b,E20_nar_g256_m3,qkv,27,0,256,3,48,0.15248578030872117,0.20487880279413062,0.42858555912971497,0.40767541646663485,0.15487190254903513,0.01564816231049895,131072,2097152,E11 energy-weighted P_N capture; frozen E20 construction
llama31_8b,E20_nar_g256_m3,qkv,27,1,256,3,48,0.15250239136766197,0.20451097753636205,0.42858555912971497,0.4076754164386493,0.15459385622750596,0.013714308615671206,131072,2097152,E11 energy-weighted P_N capture; frozen E20 construction
llama31_8b,E20_nar_g256_m3,qkv,27,2,256,3,48,0.15248314418722408,0.20465366302827093,0.42858555912971497,0.4076754166621139,0.1547017149874006,0.014549613414663548,131072,2097152,E11 energy-weighted P_N capture; frozen E20 construction
llama31_8b,E20_nar_g128_m2,qkv,27,0,128,2,64,0.13770992940123428,0.1882379615042602,0.4571467638015747,0.4327601775704931,0.13869104698053322,0.007124523144880445,131072,4194304,E11 energy-weighted P_N capture; frozen E20 construction
llama31_8b,E20_nar_g128_m2,qkv,27,1,128,2,64,0.13770988573082743,0.18796936198323877,0.4571467638015747,0.4327601775461627,0.1384931466819365,0.005687761244970094,131072,4194304,E11 energy-weighted P_N capture; frozen E20 construction
llama31_8b,E20_nar_g128_m2,qkv,27,2,128,2,64,0.13774326502030565,0.18805978108253818,0.4571467638015747,0.43276017771477787,0.13855976618550878,0.005927702999364509,131072,4194304,E11 energy-weighted P_N capture; frozen E20 construction
llama31_8b,E20_nar_g128_m2_c32,qkv,27,0,128,2,64,0.13770992940123428,0.1882379615042602,0.4571467638015747,0.4327601775704931,0.13869104698053322,0.007124523144880445,131072,4194304,E11 energy-weighted P_N capture; frozen E20 construction
llama31_8b,E20_nar_g128_m2_c32,qkv,27,1,128,2,64,0.13770988573082743,0.18796936198323877,0.4571467638015747,0.4327601775461627,0.1384931466819365,0.005687761244970094,131072,4194304,E11 energy-weighted P_N capture; frozen E20 construction
llama31_8b,E20_nar_g128_m2_c32,qkv,27,2,128,2,64,0.13774326502030565,0.18805978108253818,0.4571467638015747,0.43276017771477787,0.13855976618550878,0.005927702999364509,131072,4194304,E11 energy-weighted P_N capture; frozen E20 construction
llama31_8b,E20_nar_g256_m3_c32,qkv,27,0,256,3,48,0.15248578030872117,0.20487880279413062,0.42858555912971497,0.40767541646663485,0.15487190254903513,0.01564816231049895,131072,2097152,E11 energy-weighted P_N capture; frozen E20 construction
llama31_8b,E20_nar_g256_m3_c32,qkv,27,1,256,3,48,0.15250239136766197,0.20451097753636205,0.42858555912971497,0.4076754164386493,0.15459385622750596,0.013714308615671206,131072,2097152,E11 energy-weighted P_N capture; frozen E20 construction
llama31_8b,E20_nar_g256_m3_c32,qkv,27,2,256,3,48,0.15248314418722408,0.20465366302827093,0.42858555912971497,0.4076754166621139,0.1547017149874006,0.014549613414663548,131072,2097152,E11 energy-weighted P_N capture; frozen E20 construction
llama31_8b,E11_g64_kmax,down,27,0,64,1,224,0.022631864835338904,0.03302872158049687,0.43965904277021345,0.407047970571889,0.02472395519747652,0.0924400343214708,131072,29360128,frozen E11 selected eigenvalue fractions
llama31_8b,E11_g64_kmax,down,27,1,64,1,224,0.02263195901376577,0.03302521373049706,0.43965904277021345,0.4070479707503148,0.024721329363896392,0.09231946509180995,131072,29360128,frozen E11 selected eigenvalue fractions
llama31_8b,E11_g64_kmax,down,27,2,64,1,224,0.022632918467949143,0.033021032879665436,0.43965904277021345,0.40704797072627896,0.024718199749315443,0.09213488239792414,131072,29360128,frozen E11 selected eigenvalue fractions
llama31_8b,E11_g128_k8,down,27,0,128,1,8,0.027631139611601636,0.03640868450390571,0.2691780705279106,0.26590430168314555,0.031125101248316574,0.1264501459522831,131072,14680064,frozen E11 selected eigenvalue fractions
llama31_8b,E11_g128_k8,down,27,1,128,1,8,0.02763001312423406,0.03640905078788327,0.2691780705279106,0.2659043017506083,0.031125414377616425,0.12650740474374142,131072,14680064,frozen E11 selected eigenvalue fractions
llama31_8b,E11_g128_k8,down,27,2,128,1,8,0.027631612845455487,0.03640127816706627,0.2691780705279106,0.26590430177765,0.031118769709917213,0.12620171265302205,131072,14680064,frozen E11 selected eigenvalue fractions
llama31_8b,E11_g128_k16,down,27,0,128,1,16,0.02731004606669431,0.03640868450390571,0.2949747555907939,0.28762766087418945,0.030570836436784512,0.11939893334954366,131072,14680064,frozen E11 selected eigenvalue fractions
llama31_8b,E11_g128_k16,down,27,1,128,1,16,0.027309181748781258,0.03640905078788327,0.2949747555907939,0.28762766097467746,0.030571143989988368,0.11944562349813662,131072,14680064,frozen E11 selected eigenvalue fractions
llama31_8b,E11_g128_k16,down,27,2,128,1,16,0.027307747149178368,0.03640127816706627,0.2949747555907939,0.2876276609459928,0.03056461764818505,0.11926544072694309,131072,14680064,frozen E11 selected eigenvalue fractions
llama31_8b,E11_g128_k32,down,27,0,128,1,32,0.026861403635648356,0.03640868450390571,0.32658505013827216,0.31394426968756267,0.0298776451073516,0.11228904909869733,131072,14680064,frozen E11 selected eigenvalue fractions
llama31_8b,E11_g128_k32,down,27,1,128,1,32,0.026862793120980166,0.03640905078788327,0.32658505013827216,0.31394426965715394,0.029877945686810573,0.11224270507728909,131072,14680064,frozen E11 selected eigenvalue fractions
llama31_8b,E11_g128_k32,down,27,2,128,1,32,0.026862585888302037,0.03640127816706627,0.32658505013827216,0.3139442695963745,0.02987156732929811,0.11201384161256074,131072,14680064,frozen E11 selected eigenvalue fractions
llama31_8b,E11_g128_kmax,down,27,0,128,1,112,0.02611569424456325,0.03640868450390571,0.3909223087843013,0.3652370166758836,0.028414586078748118,0.08802721507828382,131072,14680064,saved factor eigenvalue sum / calibration trace
llama31_8b,E11_g128_kmax,down,27,1,128,1,112,0.026118176005260483,0.03640905078788327,0.3909223087843013,0.3652370165330647,0.02841487193932648,0.08793477513909917,131072,14680064,saved factor eigenvalue sum / calibration trace
llama31_8b,E11_g128_kmax,down,27,2,128,1,112,0.026115034706057725,0.03640127816706627,0.3909223087843013,0.3652370166504072,0.028408805919466894,0.08783335879990611,131072,14680064,saved factor eigenvalue sum / calibration trace
llama31_8b,E11_g256_kmax,down,27,0,256,1,56,0.02941984643211943,0.039534045070024525,0.3559534131832185,0.33655820408165543,0.031727064721693475,0.07842387263636819,131072,7340032,frozen E11 selected eigenvalue fractions
llama31_8b,E11_g256_kmax,down,27,1,256,1,56,0.0294195914376891,0.0395309850032988,0.3559534131832185,0.3365582040916004,0.03172460894124177,0.07834974555764032,131072,7340032,frozen E11 selected eigenvalue fractions
llama31_8b,E11_g256_kmax,down,27,2,256,1,56,0.02942243734581394,0.039518329065130864,0.3559534131832185,0.33655820427789096,0.031714452232798285,0.07790023851679442,131072,7340032,frozen E11 selected eigenvalue fractions
llama31_8b,E20_hadamard_g64_m1,down,27,0,64,1,0,0.03300800972160373,0.03300800972160373,0.00337331835180521,0.011307258429367894,0.03295228942886147,-0.0016880839896806692,131072,29360128,E11 energy-weighted P_N capture; frozen E20 construction
llama31_8b,E20_hadamard_g64_m1,down,27,1,64,1,0,0.033015911617402374,0.033015911617402374,0.003373317886143923,0.011307258429394692,0.03296017799329644,-0.0016880837564563623,131072,29360128,E11 energy-weighted P_N capture; frozen E20 construction
llama31_8b,E20_hadamard_g64_m1,down,27,2,64,1,0,0.03301971180329818,0.03301971180329818,0.003373317886143923,0.011307258428148503,0.03296397176416016,-0.0016880837564563534,131072,29360128,E11 energy-weighted P_N capture; frozen E20 construction
llama31_8b,E20_hadamard_g128_m1,down,27,0,128,1,0,0.03638189927033407,0.03638189927033407,0.0021291933953762054,0.005825628440026799,0.03634314658153103,-0.00106516398484555,131072,14680064,E11 energy-weighted P_N capture; frozen E20 construction
llama31_8b,E20_hadamard_g128_m1,down,27,1,128,1,0,0.036392399839585386,0.036392399839585386,0.002129193162545562,0.00582562844179669,0.036353635970195315,-0.0010651638683059894,131072,14680064,E11 energy-weighted P_N capture; frozen E20 construction
llama31_8b,E20_hadamard_g128_m1,down,27,2,128,1,0,0.03639932167000749,0.03639932167000749,0.0021291933953762054,0.005825628440343958,0.036360550423491796,-0.0010651639848454546,131072,14680064,E11 energy-weighted P_N capture; frozen E20 construction
llama31_8b,E20_hadamard_g256_m1,down,27,0,256,1,0,0.03949302724877463,0.03949302724877463,0.0008751183049753308,0.0026809498864169153,0.039475742930959096,-0.000437654923403559,131072,7340032,E11 energy-weighted P_N capture; frozen E20 construction
llama31_8b,E20_hadamard_g256_m1,down,27,1,256,1,0,0.03950845019566872,0.03950845019566872,0.0008751183049753308,0.0026809498864998746,0.03949115912792454,-0.00043765492340361507,131072,7340032,E11 energy-weighted P_N capture; frozen E20 construction
llama31_8b,E20_hadamard_g256_m1,down,27,2,256,1,0,0.0395215282117992,0.0395215282117992,0.0008751183049753308,0.0026809498862658174,0.03950423142039687,-0.0004376549234037098,131072,7340032,E11 energy-weighted P_N capture; frozen E20 construction
llama31_8b,E20_hadamard_g256_m2,down,27,0,256,2,0,0.03942685442033283,0.03949302724877463,0.0021291933953762054,0.00582562863974837,0.03945096069849672,0.0006114177384503392,131072,7340032,E11 energy-weighted P_N capture; frozen E20 construction
llama31_8b,E20_hadamard_g256_m2,down,27,1,256,2,0,0.039443006221030884,0.03950845019566872,0.0021291933953762054,0.0058256286373078335,0.03946636721742323,0.0005922722081941024,131072,7340032,E11 energy-weighted P_N capture; frozen E20 construction
llama31_8b,E20_hadamard_g256_m2,down,27,2,256,2,0,0.03945544990978903,0.0395215282117992,0.0021291933953762054,0.005825628644492084,0.03947943130332194,0.0006078094049805042,131072,7340032,E11 energy-weighted P_N capture; frozen E20 construction
llama31_8b,E20_hadamard_g256_m3,down,27,0,256,3,0,0.03936281431916618,0.03949302724877463,0.002804643241688609,0.008721864780180288,0.0394376064366049,0.0019000703768860987,131072,7340032,E11 energy-weighted P_N capture; frozen E20 construction
llama31_8b,E20_hadamard_g256_m3,down,27,1,256,3,0,0.03938332531668046,0.03950845019566872,0.002804643241688609,0.008721864779020701,0.03945300774038113,0.001769338245065683,131072,7340032,E11 energy-weighted P_N capture; frozen E20 construction
llama31_8b,E20_hadamard_g256_m3,down,27,2,256,3,0,0.03939402374381767,0.0395215282117992,0.0028046434745192528,0.00872186478579123,0.039466067399442396,0.0018287965731359226,131072,7340032,E11 energy-weighted P_N capture; frozen E20 construction
llama31_8b,E20_hadamard_g128_m2,down,27,0,128,2,0,0.03627245726248723,0.03638189927033407,0.003373317886143923,0.011307258038527822,0.03632048357714679,0.0013240435935182827,131072,14680064,E11 energy-weighted P_N capture; frozen E20 construction
llama31_8b,E20_hadamard_g128_m2,down,27,1,128,2,0,0.036286639714929896,0.036392399839585386,0.003373317653313279,0.011307258041210879,0.03633096642480151,0.0012215710856626717,131072,14680064,E11 energy-weighted P_N capture; frozen E20 construction
llama31_8b,E20_hadamard_g128_m2,down,27,2,128,2,0,0.036292366997852925,0.03639932167000749,0.003373317653313279,0.011307258042070653,0.036337876570594924,0.0012539709174849676,131072,14680064,E11 energy-weighted P_N capture; frozen E20 construction
llama31_8b,E20_nar_g64_m1,down,27,0,64,1,224,0.02235151846246297,0.03300800972160373,0.4396589994430542,0.40704804140128165,0.02470845209909177,0.10544847951100143,131072,29360128,E11 energy-weighted P_N capture; frozen E20 construction
llama31_8b,E20_nar_g64_m1,down,27,1,64,1,224,0.02234914325274883,0.033015911617402374,0.4396589994430542,0.40704804125979605,0.024714367136547205,0.10583062880978508,131072,29360128,E11 energy-weighted P_N capture; frozen E20 construction
llama31_8b,E20_nar_g64_m1,down,27,2,64,1,224,0.02235054752364281,0.03301971180329818,0.4396589994430542,0.4070480412833156,0.02471721180097763,0.10588842509702813,131072,29360128,E11 energy-weighted P_N capture; frozen E20 construction
llama31_8b,E20_nar_g128_m1,down,27,0,128,1,112,0.02557655878392457,0.03638189927033407,0.39655911922454834,0.3701483593065701,0.028261989545449243,0.10499578087152696,131072,14680064,E11 energy-weighted P_N capture; frozen E20 construction
llama31_8b,E20_nar_g128_m1,down,27,1,128,1,112,0.02557559716004148,0.036392399839585386,0.39655911922454834,0.3701483592785468,0.028270146540668128,0.10535626455817539,131072,14680064,E11 energy-weighted P_N capture; frozen E20 construction
llama31_8b,E20_nar_g128_m1,down,27,2,128,1,112,0.02557616465066454,0.03639932167000749,0.3965591788291931,0.37014835935374224,0.028275522122959525,0.1055419179992199,131072,14680064,E11 energy-weighted P_N capture; frozen E20 construction
llama31_8b,E20_nar_g256_m1,down,27,0,256,1,56,0.028840118602881302,0.03949302724877463,0.3559534251689911,0.3365582678264963,0.03169414659438215,0.09896034169622696,131072,7340032,E11 energy-weighted P_N capture; frozen E20 construction
llama31_8b,E20_nar_g256_m1,down,27,1,256,1,56,0.028841449141052626,0.03950845019566872,0.3559534251689911,0.33655826791517357,0.03170652389675249,0.09933879333482407,131072,7340032,E11 energy-weighted P_N capture; frozen E20 construction
llama31_8b,E20_nar_g256_m1,down,27,2,256,1,56,0.028839305744470373,0.0395215282117992,0.3559534251689911,0.3365582678290251,0.03171701933327075,0.09978442665361831,131072,7340032,E11 energy-weighted P_N capture; frozen E20 construction
llama31_8b,E20_nar_g256_m2,down,27,0,256,2,112,0.028271354739553826,0.03949302724877463,0.3965591788291931,0.37014839152419904,0.030678757582328887,0.08515343056436263,131072,7340032,E11 energy-weighted P_N capture; frozen E20 construction
llama31_8b,E20_nar_g256_m2,down,27,1,256,2,112,0.02826940564076866,0.03950845019566872,0.3965591788291931,0.37014839124540505,0.030690738351642623,0.0856520558529905,131072,7340032,E11 energy-weighted P_N capture; frozen E20 construction
llama31_8b,E20_nar_g256_m2,down,27,2,256,2,112,0.028269343888927052,0.0395215282117992,0.3965591788291931,0.3701483920578094,0.03070089754465656,0.08601379873842543,131072,7340032,E11 energy-weighted P_N capture; frozen E20 construction
llama31_8b,E20_nar_g256_m3,down,27,0,256,3,168,0.027921511853403556,0.03949302724877463,0.4219992756843567,0.39210720848032943,0.030025110625108604,0.0753397159419441,131072,7340032,E11 energy-weighted P_N capture; frozen E20 construction
llama31_8b,E20_nar_g256_m3,down,27,1,256,3,168,0.027920457102514642,0.03950845019566872,0.4219992756843567,0.3921072088660954,0.03003683613006276,0.07580030010889426,131072,7340032,E11 energy-weighted P_N capture; frozen E20 construction
llama31_8b,E20_nar_g256_m3,down,27,2,256,3,168,0.027922577814280775,0.0395215282117992,0.4219992756843567,0.3921072090983092,0.03004677886953931,0.07607467581922639,131072,7340032,E11 energy-weighted P_N capture; frozen E20 construction
llama31_8b,E20_nar_g128_m2,down,27,0,128,2,224,0.025089779918680537,0.03638189927033407,0.43965911865234375,0.4070480020793975,0.02723400554455414,0.08546211376996274,131072,14680064,E11 energy-weighted P_N capture; frozen E20 construction
llama31_8b,E20_nar_g128_m2,down,27,1,128,2,224,0.025087374713091113,0.036392399839585386,0.43965911865234375,0.4070480014589756,0.027241865842310625,0.08587949731126124,131072,14680064,E11 energy-weighted P_N capture; frozen E20 construction
llama31_8b,E20_nar_g128_m2,down,27,2,128,2,224,0.02508681273865156,0.03639932167000749,0.439659059047699,0.40704800171232053,0.027247048691342084,0.08611041885612761,131072,14680064,E11 energy-weighted P_N capture; frozen E20 construction
llama31_8b,E20_nar_g128_m2_c32,down,27,0,128,2,224,0.025089779918680537,0.03638189927033407,0.43965911865234375,0.4070480020793975,0.02723400554455414,0.08546211376996274,131072,14680064,E11 energy-weighted P_N capture; frozen E20 construction
llama31_8b,E20_nar_g128_m2_c32,down,27,1,128,2,224,0.025087374713091113,0.036392399839585386,0.43965911865234375,0.4070480014589756,0.027241865842310625,0.08587949731126124,131072,14680064,E11 energy-weighted P_N capture; frozen E20 construction
llama31_8b,E20_nar_g128_m2_c32,down,27,2,128,2,224,0.02508681273865156,0.03639932167000749,0.439659059047699,0.40704800171232053,0.027247048691342084,0.08611041885612761,131072,14680064,E11 energy-weighted P_N capture; frozen E20 construction
llama31_8b,E20_nar_g256_m3_c32,down,27,0,256,3,168,0.027921511853403556,0.03949302724877463,0.4219992756843567,0.39210720848032943,0.030025110625108604,0.0753397159419441,131072,7340032,E11 energy-weighted P_N capture; frozen E20 construction
llama31_8b,E20_nar_g256_m3_c32,down,27,1,256,3,168,0.027920457102514642,0.03950845019566872,0.4219992756843567,0.3921072088660954,0.03003683613006276,0.07580030010889426,131072,7340032,E11 energy-weighted P_N capture; frozen E20 construction
llama31_8b,E20_nar_g256_m3_c32,down,27,2,256,3,168,0.027922577814280775,0.0395215282117992,0.4219992756843567,0.3921072090983092,0.03004677886953931,0.07607467581922639,131072,7340032,E11 energy-weighted P_N capture; frozen E20 construction
llama31_8b,E11_g64_kmax,qkv,28,0,64,1,64,0.12354029478626893,0.16851958489834917,0.4846474943868725,0.4578174657251349,0.12097693482137926,-0.020749181223214775,131072,8388608,frozen E11 selected eigenvalue fractions
llama31_8b,E11_g64_kmax,qkv,28,1,64,1,64,0.12355103687216129,0.16844599106765568,0.4846474943868725,0.457817465811022,0.12092410324062008,-0.021261931085688128,131072,8388608,frozen E11 selected eigenvalue fractions
llama31_8b,E11_g64_kmax,qkv,28,2,64,1,64,0.12354542628666376,0.16864132629678075,0.4846474943868725,0.45781746583616545,0.12106433060526993,-0.02008245676077818,131072,8388608,frozen E11 selected eigenvalue fractions
llama31_8b,E11_g128_k8,qkv,28,0,128,1,8,0.15428788992532816,0.18657390105241412,0.29906057948617,0.29110657060816636,0.15620363455199207,0.01241668822868139,131072,4194304,frozen E11 selected eigenvalue fractions
llama31_8b,E11_g128_k8,qkv,28,1,128,1,8,0.15432330570217445,0.18646131758727869,0.29906057948617,0.29110657083864333,0.15610937728264512,0.011573569995432683,131072,4194304,frozen E11 selected eigenvalue fractions
llama31_8b,E11_g128_k8,qkv,28,2,128,1,8,0.15427546244872659,0.1867424034965417,0.29906057948617,0.29110657068470497,0.15634470837879827,0.013412670409329657,131072,4194304,frozen E11 selected eigenvalue fractions
llama31_8b,E11_g128_k16,qkv,28,0,128,1,16,0.14978023132439056,0.18657390105241412,0.35239787286330443,0.3390164793745573,0.1501429779775354,0.0024218593464394684,131072,4194304,frozen E11 selected eigenvalue fractions
llama31_8b,E11_g128_k16,qkv,28,1,128,1,16,0.14979441835251173,0.18646131758727869,0.35239787286330443,0.33901647947336166,0.15005237786341913,0.0017220902737533567,131072,4194304,frozen E11 selected eigenvalue fractions
llama31_8b,E11_g128_k16,qkv,28,2,128,1,16,0.14979419763262403,0.1867424034965417,0.35239787286330443,0.33901647949491287,0.15027857818000262,0.0032336402546549576,131072,4194304,frozen E11 selected eigenvalue fractions
llama31_8b,E11_g128_k32,qkv,28,0,128,1,32,0.14341246352874126,0.18657390105241412,0.41810263250656676,0.4001457817851139,0.14232267192279147,-0.007599002061152042,131072,4194304,frozen E11 selected eigenvalue fractions
llama31_8b,E11_g128_k32,qkv,28,1,128,1,32,0.14333730529833133,0.18646131758727869,0.41810263250656676,0.4001457817178557,0.14223679078142057,-0.007677795495179948,131072,4194304,frozen E11 selected eigenvalue fractions
llama31_8b,E11_g128_k32,qkv,28,2,128,1,32,0.14334117135437907,0.1867424034965417,0.41810263250656676,0.4001457817058688,0.14245120929022861,-0.00620869814123553,131072,4194304,frozen E11 selected eigenvalue fractions
llama31_8b,E11_g128_kmax,qkv,28,0,128,1,32,0.14393160331536947,0.18657390105241412,0.4142853106419764,0.39522926077931586,0.14278873636371134,-0.00794034753544703,131072,4194304,saved factor eigenvalue sum / calibration trace
llama31_8b,E11_g128_kmax,qkv,28,1,128,1,32,0.14388014420936557,0.18646131758727869,0.4142853106419764,0.3952292607680378,0.14270257398713318,-0.008184383110701224,131072,4194304,saved factor eigenvalue sum / calibration trace
llama31_8b,E11_g128_kmax,qkv,28,2,128,1,32,0.143843369210507,0.1867424034965417,0.4142853106419764,0.39522926082463583,0.1429176946528153,-0.0064352952991320106,131072,4194304,saved factor eigenvalue sum / calibration trace
llama31_8b,E11_g256_kmax,qkv,28,0,256,1,16,0.16367777922833326,0.2030706131476272,0.35239787286330443,0.33743939256478334,0.16341849758044863,-0.0015840980315534013,131072,2097152,frozen E11 selected eigenvalue fractions
llama31_8b,E11_g256_kmax,qkv,28,1,256,1,16,0.16369963657071196,0.20298478264597009,0.35239787286330443,0.3374393925692138,0.1633494265740141,-0.002139344985940614,131072,2097152,frozen E11 selected eigenvalue fractions
llama31_8b,E11_g256_kmax,qkv,28,2,256,1,16,0.16369022990006243,0.20323811717180718,0.35239787286330443,0.33743939254692756,0.16355329431713977,-0.000836553183450609,131072,2097152,frozen E11 selected eigenvalue fractions
llama31_8b,E20_hadamard_g64_m1,qkv,28,0,64,1,0,0.1685033781255063,0.1685033781255063,0.007319093216210604,0.01558981359819439,0.16788559968917247,-0.0036662673663058775,131072,8388608,E11 energy-weighted P_N capture; frozen E20 construction
llama31_8b,E20_hadamard_g64_m1,qkv,28,1,64,1,0,0.1685391895860322,0.1685391895860322,0.007319093216210604,0.015589813598336838,0.16792127985530927,-0.0036662673663059794,131072,8388608,E11 energy-weighted P_N capture; frozen E20 construction
llama31_8b,E20_hadamard_g64_m1,qkv,28,2,64,1,0,0.1685032231506396,0.1685032231506396,0.007319093681871891,0.015589813597692948,0.16788544524310794,-0.0036662675999933956,131072,8388608,E11 energy-weighted P_N capture; frozen E20 construction
llama31_8b,E20_hadamard_g128_m1,qkv,28,0,128,1,0,0.18654372861338686,0.18654372861338686,0.002673028502613306,0.006606102744283215,0.18629424342979037,-0.0013374085821644135,131072,4194304,E11 energy-weighted P_N capture; frozen E20 construction
llama31_8b,E20_hadamard_g128_m1,qkv,28,1,128,1,0,0.1865717618888656,0.1865717618888656,0.002673028502613306,0.00660610274423885,0.18632223921332589,-0.0013374085821644417,131072,4194304,E11 energy-weighted P_N capture; frozen E20 construction
llama31_8b,E20_hadamard_g128_m1,qkv,28,2,128,1,0,0.18651558256477152,0.18651558256477152,0.0026730287354439497,0.006606102746172244,0.18626613500219966,-0.0013374086987356028,131072,4194304,E11 energy-weighted P_N capture; frozen E20 construction
llama31_8b,E20_hadamard_g256_m1,qkv,28,0,256,1,0,0.20292825533365644,0.20292825533365644,0.002189438324421644,0.004253363944805006,0.20270598415506347,-0.0010953190240930698,131072,2097152,E11 energy-weighted P_N capture; frozen E20 construction
llama31_8b,E20_hadamard_g256_m1,qkv,28,1,256,1,0,0.20305678572669095,0.20305678572669095,0.002189438324421644,0.004253363945062845,0.2028343737663133,-0.0010953190240931166,131072,2097152,E11 energy-weighted P_N capture; frozen E20 construction
llama31_8b,E20_hadamard_g256_m1,qkv,28,2,256,1,0,0.2029033687374131,0.2029033687374131,0.002189438324421644,0.0042533639451757905,0.20268112481758244,-0.001095319024093106,131072,2097152,E11 energy-weighted P_N capture; frozen E20 construction
llama31_8b,E20_hadamard_g256_m2,qkv,28,0,256,2,0,0.2027046999160511,0.20292825533365644,0.0026730289682745934,0.006606102962832601,0.20265685729609834,-0.00023602126626856538,131072,2097152,E11 energy-weighted P_N capture; frozen E20 construction
llama31_8b,E20_hadamard_g256_m2,qkv,28,1,256,2,0,0.20279278309478244,0.20305678572669095,0.0026730289682745934,0.006606102963251001,0.20278521579145217,-3.731544690486755e-05,131072,2097152,E11 energy-weighted P_N capture; frozen E20 construction
llama31_8b,E20_hadamard_g256_m2,qkv,28,2,256,2,0,0.20266599686700104,0.2029033687374131,0.0026730289682745934,0.006606102964119174,0.2026320039834082,-0.00016772859837536523,131072,2097152,E11 energy-weighted P_N capture; frozen E20 construction
llama31_8b,E20_hadamard_g256_m3,qkv,28,0,256,3,0,0.20210368387364852,0.20292825533365644,0.005682575516402721,0.011815120153611821,0.20235085631896146,0.0012229982184167943,131072,2097152,E11 energy-weighted P_N capture; frozen E20 construction
llama31_8b,E20_hadamard_g256_m3,qkv,28,1,256,3,0,0.20223655335540158,0.20305678572669095,0.005682575516402721,0.011815120155526831,0.2024790209998768,0.00119893085820701,131072,2097152,E11 energy-weighted P_N capture; frozen E20 construction
llama31_8b,E20_hadamard_g256_m3,qkv,28,2,256,3,0,0.2021086002712238,0.2029033687374131,0.005682575516402721,0.011815120155154337,0.20232604053343953,0.001075858533105153,131072,2097152,E11 energy-weighted P_N capture; frozen E20 construction
llama31_8b,E20_hadamard_g128_m2,qkv,28,0,128,2,0,0.1856337862355062,0.18654372861338686,0.007319093216210604,0.015589813057214304,0.18585980942878258,0.0012175757326289738,131072,4194304,E11 energy-weighted P_N capture; frozen E20 construction
llama31_8b,E20_hadamard_g128_m2,qkv,28,1,128,2,0,0.1856895927705331,0.1865717618888656,0.007319093216210604,0.015589813056446095,0.18588773992677823,0.0010670881081095319,131072,4194304,E11 energy-weighted P_N capture; frozen E20 construction
llama31_8b,E20_hadamard_g128_m2,qkv,28,2,128,2,0,0.1856178970991369,0.18651558256477152,0.007319093216210604,0.015589813056112987,0.18583176657110675,0.001152202860350431,131072,4194304,E11 energy-weighted P_N capture; frozen E20 construction
llama31_8b,E20_nar_g64_m1,qkv,28,0,64,1,64,0.12154842162690693,0.1685033781255063,0.48464757204055786,0.4578174798484132,0.12096529118056444,-0.004797515578872852,131072,8388608,E11 energy-weighted P_N capture; frozen E20 construction
llama31_8b,E20_nar_g64_m1,qkv,28,1,64,1,64,0.12157052714871552,0.1685391895860322,0.48464757204055786,0.45781747982248144,0.12099099953014358,-0.004767007531874991,131072,8388608,E11 energy-weighted P_N capture; frozen E20 construction
llama31_8b,E20_nar_g64_m1,qkv,28,2,64,1,64,0.1215250294035144,0.1685032231506396,0.48464757204055786,0.45781747980497706,0.12096517992712794,-0.00460686559085308,131072,8388608,E11 energy-weighted P_N capture; frozen E20 construction
llama31_8b,E20_nar_g128_m1,qkv,28,0,128,1,32,0.140157504927382,0.18654372861338686,0.4181027114391327,0.40014578528946027,0.14229964607197063,0.015283813347694174,131072,4194304,E11 energy-weighted P_N capture; frozen E20 construction
llama31_8b,E20_nar_g128_m1,qkv,28,1,128,1,32,0.14017719549271224,0.1865717618888656,0.4181027114391327,0.40014578525806177,0.1423210304691225,0.015293749948947484,131072,4194304,E11 energy-weighted P_N capture; frozen E20 construction
llama31_8b,E20_nar_g128_m1,qkv,28,2,128,1,32,0.1401923094584525,0.18651558256477152,0.4181027114391327,0.4001457852204917,0.14227817564899764,0.014878606384348748,131072,4194304,E11 energy-weighted P_N capture; frozen E20 construction
llama31_8b,E20_nar_g256_m1,qkv,28,0,256,1,16,0.1581162634716371,0.20292825533365644,0.3523979187011719,0.33743938341303736,0.16330393115774589,0.0328091973096705,131072,2097152,E11 energy-weighted P_N capture; frozen E20 construction
llama31_8b,E20_nar_g256_m1,qkv,28,1,256,1,16,0.15812153288479358,0.20305678572669095,0.3523979187011719,0.33743938331745676,0.16340736435595318,0.0334289161932855,131072,2097152,E11 energy-weighted P_N capture; frozen E20 construction
llama31_8b,E20_nar_g256_m1,qkv,28,2,256,1,16,0.15806692498553687,0.2029033687374131,0.3523979187011719,0.33743938324272343,0.16328390398610834,0.03300487436602454,131072,2097152,E11 energy-weighted P_N capture; frozen E20 construction
llama31_8b,E20_nar_g256_m2,qkv,28,0,256,2,32,0.15245365779885667,0.20292825533365644,0.4181026816368103,0.4001458230134096,0.15479812624147785,0.015378236747290169,131072,2097152,E11 energy-weighted P_N capture; frozen E20 construction
llama31_8b,E20_nar_g256_m2,qkv,28,1,256,2,32,0.15242550261203291,0.20305678572669095,0.4181027114391327,0.4001458231205432,0.15489616807920137,0.01620900324965313,131072,2097152,E11 energy-weighted P_N capture; frozen E20 construction
llama31_8b,E20_nar_g256_m2,qkv,28,2,256,2,32,0.15249499982782488,0.2029033687374131,0.4181026816368103,0.4001458229939707,0.15477914219975006,0.014978473881137707,131072,2097152,E11 energy-weighted P_N capture; frozen E20 construction
llama31_8b,E20_nar_g256_m3,qkv,28,0,256,3,48,0.1488600608067383,0.20292825533365644,0.4576312303543091,0.43417936544240626,0.14944791440866165,0.003949035078566447,131072,2097152,E11 energy-weighted P_N capture; frozen E20 construction
llama31_8b,E20_nar_g256_m3,qkv,28,1,256,3,48,0.1489288573496914,0.20305678572669095,0.45763126015663147,0.4341793654871104,0.14954256739526217,0.004120826926978571,131072,2097152,E11 energy-weighted P_N capture; frozen E20 construction
llama31_8b,E20_nar_g256_m3,qkv,28,2,256,3,48,0.1489385694698413,0.2029033687374131,0.4576312303543091,0.4341793654170082,0.14942958650307167,0.003296775542951617,131072,2097152,E11 energy-weighted P_N capture; frozen E20 construction
llama31_8b,E20_nar_g128_m2,qkv,28,0,128,2,64,0.13439359630582537,0.18654372861338686,0.4846475422382355,0.45781743437707495,0.1339161110781067,-0.003552886750884425,131072,4194304,E11 energy-weighted P_N capture; frozen E20 construction
llama31_8b,E20_nar_g128_m2,qkv,28,1,128,2,64,0.13442655047642127,0.1865717618888656,0.48464757204055786,0.45781743446361384,0.133936231748112,-0.003647484269822624,131072,4194304,E11 energy-weighted P_N capture; frozen E20 construction
llama31_8b,E20_nar_g128_m2,qkv,28,2,128,2,64,0.13442156533108296,0.18651558256477152,0.48464760184288025,0.45781743418237686,0.13389589783469422,-0.003910589012217003,131072,4194304,E11 energy-weighted P_N capture; frozen E20 construction
llama31_8b,E20_nar_g128_m2_c32,qkv,28,0,128,2,64,0.13439359630582537,0.18654372861338686,0.4846475422382355,0.45781743437707495,0.1339161110781067,-0.003552886750884425,131072,4194304,E11 energy-weighted P_N capture; frozen E20 construction
llama31_8b,E20_nar_g128_m2_c32,qkv,28,1,128,2,64,0.13442655047642127,0.1865717618888656,0.48464757204055786,0.45781743446361384,0.133936231748112,-0.003647484269822624,131072,4194304,E11 energy-weighted P_N capture; frozen E20 construction
llama31_8b,E20_nar_g128_m2_c32,qkv,28,2,128,2,64,0.13442156533108296,0.18651558256477152,0.48464760184288025,0.45781743418237686,0.13389589783469422,-0.003910589012217003,131072,4194304,E11 energy-weighted P_N capture; frozen E20 construction
llama31_8b,E20_nar_g256_m3_c32,qkv,28,0,256,3,48,0.1488600608067383,0.20292825533365644,0.4576312303543091,0.43417936544240626,0.14944791440866165,0.003949035078566447,131072,2097152,E11 energy-weighted P_N capture; frozen E20 construction
llama31_8b,E20_nar_g256_m3_c32,qkv,28,1,256,3,48,0.1489288573496914,0.20305678572669095,0.45763126015663147,0.4341793654871104,0.14954256739526217,0.004120826926978571,131072,2097152,E11 energy-weighted P_N capture; frozen E20 construction
llama31_8b,E20_nar_g256_m3_c32,qkv,28,2,256,3,48,0.1489385694698413,0.2029033687374131,0.4576312303543091,0.4341793654170082,0.14942958650307167,0.003296775542951617,131072,2097152,E11 energy-weighted P_N capture; frozen E20 construction
llama31_8b,E11_g64_kmax,down,28,0,64,1,224,0.02536995428701475,0.036360996580746284,0.4099430266743021,0.37302989145396537,0.027930759896125555,0.10093851885344225,131072,29360128,frozen E11 selected eigenvalue fractions
llama31_8b,E11_g64_kmax,down,28,1,64,1,224,0.025369689445503125,0.03634105934833497,0.4099430266743021,0.37302989146059345,0.027915445077945664,0.10034634589875852,131072,29360128,frozen E11 selected eigenvalue fractions
llama31_8b,E11_g64_kmax,down,28,2,64,1,224,0.025369640446055004,0.0363379479690734,0.4099430266743021,0.3730298915217522,0.027913055066799856,0.10025426360113648,131072,29360128,frozen E11 selected eigenvalue fractions
llama31_8b,E11_g128_k8,down,28,0,128,1,8,0.03113239400180052,0.04020978908797953,0.22028145201986948,0.21263290991427433,0.03550591653183919,0.14048140755849778,131072,14680064,frozen E11 selected eigenvalue fractions
llama31_8b,E11_g128_k8,down,28,1,128,1,8,0.031134769063168415,0.04017873204293591,0.22028145201986948,0.21263290988103323,0.03547849264143699,0.13951359553866355,131072,14680064,frozen E11 selected eigenvalue fractions
llama31_8b,E11_g128_k8,down,28,2,128,1,8,0.031136232507808996,0.040180706001624725,0.22028145201986948,0.21263290990876152,0.03548023567998636,0.1395160179089709,131072,14680064,frozen E11 selected eigenvalue fractions
llama31_8b,E11_g128_k16,down,28,0,128,1,16,0.03075335263639697,0.04020978908797953,0.2468582697676927,0.2355916275012111,0.0348955582929445,0.13469118978739184,131072,14680064,frozen E11 selected eigenvalue fractions
llama31_8b,E11_g128_k16,down,28,1,128,1,16,0.03075085362057869,0.04017873204293591,0.2468582697676927,0.23559162755168703,0.03486860582812667,0.133906923637149,131072,14680064,frozen E11 selected eigenvalue fractions
llama31_8b,E11_g128_k16,down,28,2,128,1,16,0.030750616312234413,0.040180706001624725,0.2468582697676927,0.23559162755469784,0.03487031890327717,0.1339713828565998,131072,14680064,frozen E11 selected eigenvalue fractions
llama31_8b,E11_g128_k32,down,28,0,128,1,32,0.030261268576344116,0.04020978908797953,0.28106204890997666,0.2637454332417729,0.034093964131790104,0.12665349920069408,131072,14680064,frozen E11 selected eigenvalue fractions
llama31_8b,E11_g128_k32,down,28,1,128,1,32,0.030261690114364193,0.04017873204293591,0.28106204890997666,0.2637454332375476,0.034067630798445825,0.12576761805762732,131072,14680064,frozen E11 selected eigenvalue fractions
llama31_8b,E11_g128_k32,down,28,2,128,1,32,0.030261604604233345,0.040180706001624725,0.28106204890997666,0.2637454332188915,0.03406930452214,0.12582610762728655,131072,14680064,frozen E11 selected eigenvalue fractions
llama31_8b,E11_g128_kmax,down,28,0,128,1,112,0.029365857674451417,0.04020978908797953,0.3541040618718157,0.3248487869014742,0.032315663097210845,0.10045017092505312,131072,14680064,saved factor eigenvalue sum / calibration trace
llama31_8b,E11_g128_kmax,down,28,1,128,1,112,0.029363397891541045,0.04017873204293591,0.3541040618718157,0.32484878692850727,0.032290703279534885,0.09969232439673247,131072,14680064,saved factor eigenvalue sum / calibration trace
llama31_8b,E11_g128_kmax,down,28,2,128,1,112,0.029364103073628436,0.040180706001624725,0.3541040618718157,0.32484878690471286,0.03229228970377144,0.09971994114040465,131072,14680064,saved factor eigenvalue sum / calibration trace
llama31_8b,E11_g256_kmax,down,28,0,256,1,56,0.03319711338436271,0.04378911511190812,0.3140259110406381,0.28991051323992634,0.036267700852046135,0.0924956164751905,131072,7340032,frozen E11 selected eigenvalue fractions
llama31_8b,E11_g256_kmax,down,28,1,256,1,56,0.0331954283392217,0.043746313495835513,0.3140259110406381,0.2899105132225954,0.036232251032981784,0.09148316035349846,131072,7340032,frozen E11 selected eigenvalue fractions
llama31_8b,E11_g256_kmax,down,28,2,256,1,56,0.03319394202839427,0.0437503504341658,0.3140259110406381,0.2899105132973085,0.03623559456872912,0.09163276051193338,131072,7340032,frozen E11 selected eigenvalue fractions
llama31_8b,E20_hadamard_g64_m1,down,28,0,64,1,0,0.03633881512941341,0.03633881512941341,0.006626979447901249,0.016297290007302984,0.03621820668934019,-0.0033189975964734242,131072,29360128,E11 energy-weighted P_N capture; frozen E20 construction
llama31_8b,E20_hadamard_g64_m1,down,28,1,64,1,0,0.03634060122799755,0.03634060122799755,0.006626979447901249,0.016297290007240478,0.03621998685986743,-0.003318997596473386,131072,29360128,E11 energy-weighted P_N capture; frozen E20 construction
llama31_8b,E20_hadamard_g64_m1,down,28,2,64,1,0,0.03633207357803747,0.03633207357803747,0.006626979447901249,0.016297290006826944,0.03621148751315707,-0.003318997596473331,131072,29360128,E11 energy-weighted P_N capture; frozen E20 construction
llama31_8b,E20_hadamard_g128_m1,down,28,0,128,1,0,0.04017793935608844,0.04017793935608844,0.0031979642808437347,0.008221689563286373,0.04011364410397671,-0.0016002625605532246,131072,14680064,E11 energy-weighted P_N capture; frozen E20 construction
llama31_8b,E20_hadamard_g128_m1,down,28,1,128,1,0,0.040184836270291804,0.040184836270291804,0.0031979642808437347,0.008221689562545235,0.040120529981306496,-0.0016002625605531931,131072,14680064,E11 energy-weighted P_N capture; frozen E20 construction
llama31_8b,E20_hadamard_g128_m1,down,28,2,128,1,0,0.040172976001083605,0.040172976001083605,0.0031979642808437347,0.008221689563888144,0.040108688691643066,-0.0016002625605532632,131072,14680064,E11 energy-weighted P_N capture; frozen E20 construction
llama31_8b,E20_hadamard_g256_m1,down,28,0,256,1,0,0.04373998760600654,0.04373998760600654,0.0007479397463612258,0.003100866251881443,0.043723627108649805,-0.000374039826076345,131072,7340032,E11 energy-weighted P_N capture; frozen E20 construction
llama31_8b,E20_hadamard_g256_m1,down,28,1,256,1,0,0.043750692506987675,0.043750692506987675,0.0007479397463612258,0.003100866252112712,0.04373432800557164,-0.00037403982607630507,131072,7340032,E11 energy-weighted P_N capture; frozen E20 construction
llama31_8b,E20_hadamard_g256_m1,down,28,2,256,1,0,0.04373634467688196,0.04373634467688196,0.0007479397463612258,0.0031008662524165346,0.043719985542125805,-0.00037403982607623503,131072,7340032,E11 energy-weighted P_N capture; frozen E20 construction
llama31_8b,E20_hadamard_g256_m2,down,28,0,256,2,0,0.043626126048458246,0.04373998760600654,0.0031979642808437347,0.008221689848777823,0.043669992141441585,0.0010055005327453332,131072,7340032,E11 energy-weighted P_N capture; frozen E20 construction
llama31_8b,E20_hadamard_g256_m2,down,28,1,256,2,0,0.04363697170869304,0.043750692506987675,0.0031979642808437347,0.008221689843217757,0.043680679911770465,0.001001632362786511,131072,7340032,E11 energy-weighted P_N capture; frozen E20 construction
llama31_8b,E20_hadamard_g256_m2,down,28,2,256,2,0,0.04362212822328918,0.04373634467688196,0.0031979642808437347,0.008221689845831381,0.04366635504196009,0.0010138620116039686,131072,7340032,E11 energy-weighted P_N capture; frozen E20 construction
llama31_8b,E20_hadamard_g256_m3,down,28,0,256,3,0,0.043530131490700494,0.04373998760600654,0.00529026985168457,0.0125542663812604,0.043624136012402115,0.002159527630227895,131072,7340032,E11 energy-weighted P_N capture; frozen E20 construction
llama31_8b,E20_hadamard_g256_m3,down,28,1,256,3,0,0.04353959446221418,0.043750692506987675,0.005290269386023283,0.012554266374494192,0.043634812570140256,0.0021869314379745516,131072,7340032,E11 energy-weighted P_N capture; frozen E20 construction
llama31_8b,E20_hadamard_g256_m3,down,28,2,256,3,0,0.043524531891221026,0.04373634467688196,0.005290268920361996,0.012554266374516072,0.04362050275251514,0.0022049831927881272,131072,7340032,E11 energy-weighted P_N capture; frozen E20 construction
llama31_8b,E20_hadamard_g128_m2,down,28,0,128,2,0,0.040009002459122076,0.04017793935608844,0.006626979447901249,0.016297289449951544,0.04004458887193433,0.000889460137093222,131072,14680064,E11 energy-weighted P_N capture; frozen E20 construction
llama31_8b,E20_hadamard_g128_m2,down,28,1,128,2,0,0.04001466165497446,0.040184836270291804,0.006626979447901249,0.01629728944668105,0.04005146289529603,0.0009196939021723852,131072,14680064,E11 energy-weighted P_N capture; frozen E20 construction
llama31_8b,E20_hadamard_g128_m2,down,28,2,128,2,0,0.04000049093289425,0.040172976001083605,0.006626979447901249,0.01629728944831711,0.04003964199029283,0.0009787644222732372,131072,14680064,E11 energy-weighted P_N capture; frozen E20 construction
llama31_8b,E20_nar_g64_m1,down,28,0,64,1,224,0.024929351945981542,0.03633881512941341,0.4099430441856384,0.37302992771371046,0.027913720763251985,0.11971305245869038,131072,29360128,E11 energy-weighted P_N capture; frozen E20 construction
llama31_8b,E20_nar_g64_m1,down,28,1,64,1,224,0.024929227234817355,0.03634060122799755,0.4099430441856384,0.3730299277276142,0.027915092757824618,0.11977368952845278,131072,29360128,E11 energy-weighted P_N capture; frozen E20 construction
llama31_8b,E20_nar_g64_m1,down,28,2,64,1,224,0.02493008576176465,0.03633207357803747,0.4099430441856384,0.37302992768580573,0.02790854222944595,0.11947237150099856,131072,29360128,E11 energy-weighted P_N capture; frozen E20 construction
llama31_8b,E20_nar_g128_m1,down,28,0,128,1,112,0.02857916447713119,0.04017793935608844,0.3601597249507904,0.3299619801710346,0.03213834034747344,0.1245374361168002,131072,14680064,E11 energy-weighted P_N capture; frozen E20 construction
llama31_8b,E20_nar_g128_m1,down,28,1,128,1,112,0.02857799149465103,0.040184836270291804,0.3601597249507904,0.3299619802020228,0.03214385719028737,0.12477663786497259,131072,14680064,E11 energy-weighted P_N capture; frozen E20 construction
llama31_8b,E20_nar_g128_m1,down,28,2,128,1,112,0.028578717922616365,0.040172976001083605,0.3601597249507904,0.32996198015032846,0.03213437015898276,0.12441608633368942,131072,14680064,E11 energy-weighted P_N capture; frozen E20 construction
llama31_8b,E20_nar_g256_m1,down,28,0,256,1,56,0.032302677360166045,0.04373998760600654,0.3140259087085724,0.28991056298359374,0.036227011767862,0.12148635123772238,131072,7340032,E11 energy-weighted P_N capture; frozen E20 construction
llama31_8b,E20_nar_g256_m1,down,28,1,256,1,56,0.032301029671365465,0.043750692506987675,0.3140259087085724,0.2899105631281867,0.03623587794718767,0.12181804468327541,131072,7340032,E11 energy-weighted P_N capture; frozen E20 construction
llama31_8b,E20_nar_g256_m1,down,28,2,256,1,56,0.03230233517094229,0.04373634467688196,0.3140259087085724,0.289910563133512,0.03622399456453185,0.12140482639525405,131072,7340032,E11 energy-weighted P_N capture; frozen E20 construction
llama31_8b,E20_nar_g256_m2,down,28,0,256,2,112,0.031621583196265214,0.04373998760600654,0.3601597547531128,0.329962009887931,0.034987622517907976,0.10644752670196225,131072,7340032,E11 energy-weighted P_N capture; frozen E20 construction
llama31_8b,E20_nar_g256_m2,down,28,1,256,2,112,0.031615034384476805,0.043750692506987675,0.3601597547531128,0.32996200976882006,0.03499618536977692,0.10694756628068976,131072,7340032,E11 energy-weighted P_N capture; frozen E20 construction
llama31_8b,E20_nar_g256_m2,down,28,2,256,2,112,0.031616716943726954,0.04373634467688196,0.3601597547531128,0.32996200991476154,0.03498470853836554,0.10652565858223396,131072,7340032,E11 energy-weighted P_N capture; frozen E20 construction
llama31_8b,E20_nar_g256_m3,down,28,0,256,3,168,0.031216710535804167,0.04373998760600654,0.3894960284233093,0.3551557647665955,0.03417613152840381,0.09480246130370855,131072,7340032,E11 energy-weighted P_N capture; frozen E20 construction
llama31_8b,E20_nar_g256_m3,down,28,1,256,3,168,0.03121872329914264,0.043750692506987675,0.3894960284233093,0.35515576509374036,0.03418449577640556,0.09499980024309218,131072,7340032,E11 energy-weighted P_N capture; frozen E20 construction
llama31_8b,E20_nar_g256_m3,down,28,2,256,3,168,0.03121906107899803,0.04373634467688196,0.3894960284233093,0.3551557648966382,0.03417328513470952,0.09462885665382428,131072,7340032,E11 energy-weighted P_N capture; frozen E20 construction
llama31_8b,E20_nar_g128_m2,down,28,0,128,2,224,0.028006119092197856,0.04017793935608844,0.4099430441856384,0.3730298915607435,0.03086275036857067,0.10200025455039333,131072,14680064,E11 energy-weighted P_N capture; frozen E20 construction
llama31_8b,E20_nar_g128_m2,down,28,1,128,2,224,0.0280086700870272,0.040184836270291804,0.4099430441856384,0.3730298913863125,0.030868048244588782,0.10208903702593011,131072,14680064,E11 energy-weighted P_N capture; frozen E20 construction
llama31_8b,E20_nar_g128_m2,down,28,2,128,2,224,0.02800697740759528,0.040172976001083605,0.4099430441856384,0.373029891612178,0.030858937759239282,0.10183035142059181,131072,14680064,E11 energy-weighted P_N capture; frozen E20 construction
llama31_8b,E20_nar_g128_m2_c32,down,28,0,128,2,224,0.028006119092197856,0.04017793935608844,0.4099430441856384,0.3730298915607435,0.03086275036857067,0.10200025455039333,131072,14680064,E11 energy-weighted P_N capture; frozen E20 construction
llama31_8b,E20_nar_g128_m2_c32,down,28,1,128,2,224,0.0280086700870272,0.040184836270291804,0.4099430441856384,0.3730298913863125,0.030868048244588782,0.10208903702593011,131072,14680064,E11 energy-weighted P_N capture; frozen E20 construction
llama31_8b,E20_nar_g128_m2_c32,down,28,2,128,2,224,0.02800697740759528,0.040172976001083605,0.4099430441856384,0.373029891612178,0.030858937759239282,0.10183035142059181,131072,14680064,E11 energy-weighted P_N capture; frozen E20 construction
llama31_8b,E20_nar_g256_m3_c32,down,28,0,256,3,168,0.031216710535804167,0.04373998760600654,0.3894960284233093,0.3551557647665955,0.03417613152840381,0.09480246130370855,131072,7340032,E11 energy-weighted P_N capture; frozen E20 construction
llama31_8b,E20_nar_g256_m3_c32,down,28,1,256,3,168,0.03121872329914264,0.043750692506987675,0.3894960284233093,0.35515576509374036,0.03418449577640556,0.09499980024309218,131072,7340032,E11 energy-weighted P_N capture; frozen E20 construction
llama31_8b,E20_nar_g256_m3_c32,down,28,2,256,3,168,0.03121906107899803,0.04373634467688196,0.3894960284233093,0.3551557648966382,0.03417328513470952,0.09462885665382428,131072,7340032,E11 energy-weighted P_N capture; frozen E20 construction
llama31_8b,E11_g64_kmax,qkv,29,0,64,1,64,0.12846763219306334,0.16797111794054853,0.44075490391425937,0.4110719761484689,0.1256133230831559,-0.02221811876798616,131072,8388608,frozen E11 selected eigenvalue fractions
llama31_8b,E11_g64_kmax,qkv,29,1,64,1,64,0.1284607026853788,0.16791276127768562,0.44075490391425937,0.4110719760049237,0.1255696823999472,-0.022505094748797767,131072,8388608,frozen E11 selected eigenvalue fractions
llama31_8b,E11_g64_kmax,qkv,29,2,64,1,64,0.1284529080306669,0.16787463001568526,0.44075490391425937,0.4110719759877316,0.1255411668158876,-0.022667771866123506,131072,8388608,frozen E11 selected eigenvalue fractions
llama31_8b,E11_g128_k8,qkv,29,0,128,1,8,0.15781005550505434,0.18614853045738933,0.27364842661503264,0.2644083327905813,0.15864743426974265,0.005306244662346582,131072,4194304,frozen E11 selected eigenvalue fractions
llama31_8b,E11_g128_k8,qkv,29,1,128,1,8,0.15782300395150273,0.18600163026379768,0.27364842661503264,0.26440833275940345,0.15852223672587926,0.004430487044787183,131072,4194304,frozen E11 selected eigenvalue fractions
llama31_8b,E11_g128_k8,qkv,29,2,128,1,8,0.15780753925937496,0.18587886380678675,0.27364842661503264,0.2644083326950597,0.15841760746358363,0.0038659002419773585,131072,4194304,frozen E11 selected eigenvalue fractions
llama31_8b,E11_g128_k16,qkv,29,0,128,1,16,0.15389086697857302,0.18614853045738933,0.3198921077370467,0.3037487392422211,0.15351418784822207,-0.002447702958248913,131072,4194304,frozen E11 selected eigenvalue fractions
llama31_8b,E11_g128_k16,qkv,29,1,128,1,16,0.15393706434203835,0.18600163026379768,0.3198921077370467,0.3037487392645437,0.15339304123557593,-0.0035340618504562495,131072,4194304,frozen E11 selected eigenvalue fractions
llama31_8b,E11_g128_k16,qkv,29,2,128,1,16,0.1539076579770473,0.18587886380678675,0.3198921077370467,0.30374873925558626,0.15329179739069182,-0.00400149410659821,131072,4194304,frozen E11 selected eigenvalue fractions
llama31_8b,E11_g128_k32,qkv,29,0,128,1,32,0.14829239673621952,0.18614853045738933,0.3779720796771108,0.35629000990088233,0.14681301293916904,-0.009976127094917681,131072,4194304,frozen E11 selected eigenvalue fractions
llama31_8b,E11_g128_k32,qkv,29,1,128,1,32,0.14823741174226868,0.18600163026379768,0.3779720796771108,0.3562900098054236,0.1466971545976095,-0.010390475161136203,131072,4194304,frozen E11 selected eigenvalue fractions
llama31_8b,E11_g128_k32,qkv,29,2,128,1,32,0.14829615946480335,0.18587886380678675,0.3779720796771108,0.3562900097638882,0.1466003302316188,-0.011435422463432208,131072,4194304,frozen E11 selected eigenvalue fractions
llama31_8b,E11_g128_kmax,qkv,29,0,128,1,32,0.14885774146392539,0.18614853045738933,0.3736821410826392,0.3509673648752269,0.14731840554365921,-0.01034098667041256,131072,4194304,saved factor eigenvalue sum / calibration trace
llama31_8b,E11_g128_kmax,qkv,29,1,128,1,32,0.14883624266712125,0.18600163026379768,0.3736821410826392,0.3509673647986135,0.14720214836859155,-0.010979142373167983,131072,4194304,saved factor eigenvalue sum / calibration trace
llama31_8b,E11_g128_kmax,qkv,29,2,128,1,32,0.148871289004342,0.18587886380678675,0.3736821410826392,0.35096736485600727,0.14710499069210248,-0.01186460011230235,131072,4194304,saved factor eigenvalue sum / calibration trace
llama31_8b,E11_g256_kmax,qkv,29,0,256,1,16,0.16799285471295988,0.20265327051824755,0.3198921077370467,0.3024114367014582,0.1671254248526885,-0.005163492588738458,131072,2097152,frozen E11 selected eigenvalue fractions
llama31_8b,E11_g256_kmax,qkv,29,1,256,1,16,0.16790245679922577,0.2024103379997051,0.3198921077370467,0.30241143658844566,0.16692508167407552,-0.005821088885667578,131072,2097152,frozen E11 selected eigenvalue fractions
llama31_8b,E11_g256_kmax,qkv,29,2,256,1,16,0.16795779004550226,0.20229578440446971,0.3198921077370467,0.30241143669643655,0.16683061086576753,-0.006711086037922763,131072,2097152,frozen E11 selected eigenvalue fractions
llama31_8b,E20_hadamard_g64_m1,qkv,29,0,64,1,0,0.1677947262928825,0.1677947262928825,0.008141975849866867,0.017134539457354662,0.1671102398727081,-0.0040793083030491025,131072,8388608,E11 energy-weighted P_N capture; frozen E20 construction
llama31_8b,E20_hadamard_g64_m1,qkv,29,1,64,1,0,0.16790134566069614,0.16790134566069614,0.008141975849866867,0.01713453945844136,0.16721642430724934,-0.004079308303049159,131072,8388608,E11 energy-weighted P_N capture; frozen E20 construction
llama31_8b,E20_hadamard_g64_m1,qkv,29,2,64,1,0,0.1679653400616843,0.1679653400616843,0.008141975849866867,0.017134539460448392,0.16728015765534618,-0.004079308303049184,131072,8388608,E11 energy-weighted P_N capture; frozen E20 construction
llama31_8b,E20_hadamard_g128_m1,qkv,29,0,128,1,0,0.18584206281454563,0.18584206281454563,0.002961277263239026,0.007353132266787978,0.18556669386486405,-0.0014817364030035329,131072,4194304,E11 energy-weighted P_N capture; frozen E20 construction
llama31_8b,E20_hadamard_g128_m1,qkv,29,1,128,1,0,0.18597977184030867,0.18597977184030867,0.0029612770304083824,0.007353132269156963,0.18570419886383363,-0.001481736286415395,131072,4194304,E11 energy-weighted P_N capture; frozen E20 construction
llama31_8b,E20_hadamard_g128_m1,qkv,29,2,128,1,0,0.18600101581179196,0.18600101581179196,0.0029612770304083824,0.007353132266572536,0.1857254113573535,-0.0014817362864154805,131072,4194304,E11 energy-weighted P_N capture; frozen E20 construction
llama31_8b,E20_hadamard_g256_m1,qkv,29,0,256,1,0,0.2022905561979087,0.2022905561979087,0.0023084639105945826,0.00454849694767384,0.20205693106699257,-0.001154898850975336,131072,2097152,E11 energy-weighted P_N capture; frozen E20 construction
llama31_8b,E20_hadamard_g256_m1,qkv,29,1,256,1,0,0.20240343090398838,0.20240343090398838,0.002308463677763939,0.004548496949133832,0.20216967543779402,-0.0011548987344253405,131072,2097152,E11 energy-weighted P_N capture; frozen E20 construction
llama31_8b,E20_hadamard_g256_m1,qkv,29,2,256,1,0,0.20241884594328496,0.20241884594328496,0.002308463677763939,0.004548496949079987,0.20218507267428124,-0.0011548987344252954,131072,2097152,E11 energy-weighted P_N capture; frozen E20 construction
llama31_8b,E20_hadamard_g256_m2,qkv,29,0,256,2,0,0.20200453584142153,0.2022905561979087,0.002961277263239026,0.007353132509500298,0.20199081491680643,-6.792384417482986e-05,131072,2097152,E11 energy-weighted P_N capture; frozen E20 construction
llama31_8b,E20_hadamard_g256_m2,qkv,29,1,256,2,0,0.2021028554429094,0.20240343090398838,0.002961277263239026,0.007353132510562396,0.20210352237232512,3.299950484419183e-06,131072,2097152,E11 energy-weighted P_N capture; frozen E20 construction
llama31_8b,E20_hadamard_g256_m2,qkv,29,2,256,2,0,0.20214572819901733,0.20241884594328496,0.0029612774960696697,0.0073531325075939374,0.2021189145469972,-0.00013264515782257985,131072,2097152,E11 energy-weighted P_N capture; frozen E20 construction
llama31_8b,E20_hadamard_g256_m3,qkv,29,0,256,3,0,0.20142892788321376,0.2022905561979087,0.006105185952037573,0.012849621535635757,0.20167210007437622,0.0012072356921020262,131072,2097152,E11 energy-weighted P_N capture; frozen E20 construction
llama31_8b,E20_hadamard_g256_m3,qkv,29,1,256,3,0,0.20150674751088715,0.20240343090398838,0.006105185952037573,0.01284962153993443,0.2017846296924079,0.001379021719884275,131072,2097152,E11 energy-weighted P_N capture; frozen E20 construction
llama31_8b,E20_hadamard_g256_m3,qkv,29,2,256,3,0,0.20161957888880977,0.20241884594328496,0.0061051854863762856,0.012849621533814217,0.2017999976510964,0.0008948474313902645,131072,2097152,E11 energy-weighted P_N capture; frozen E20 construction
llama31_8b,E20_hadamard_g128_m2,qkv,29,0,128,2,0,0.18488027694380627,0.18584206281454563,0.008141974918544292,0.017134538869699466,0.18508395583154438,0.0011016799147267908,131072,4194304,E11 energy-weighted P_N capture; frozen E20 construction
llama31_8b,E20_hadamard_g128_m2,qkv,29,1,128,2,0,0.1850251700988501,0.18597977184030867,0.008141974918544292,0.017134538868826883,0.18522110309979964,0.0010589532269844684,131072,4194304,E11 energy-weighted P_N capture; frozen E20 construction
llama31_8b,E20_hadamard_g128_m2,qkv,29,2,128,2,0,0.18509805457774497,0.18600101581179196,0.008141974918544292,0.017134538870644766,0.1852422604105836,0.0007790780576683078,131072,4194304,E11 energy-weighted P_N capture; frozen E20 construction
llama31_8b,E20_nar_g64_m1,qkv,29,0,64,1,64,0.12689674854391564,0.1677947262928825,0.44075489044189453,0.4110720404796962,0.1254814141727387,-0.011153432908386383,131072,8388608,E11 energy-weighted P_N capture; frozen E20 construction
llama31_8b,E20_nar_g64_m1,qkv,29,1,64,1,64,0.12687514236906372,0.16790134566069614,0.44075489044189453,0.41107204061017405,0.12556114700670218,-0.010356602072132426,131072,8388608,E11 energy-weighted P_N capture; frozen E20 construction
llama31_8b,E20_nar_g64_m1,qkv,29,2,64,1,64,0.12688828906118355,0.1679653400616843,0.44075489044189453,0.4110720405697775,0.12560900374280196,-0.01008198099167953,131072,8388608,E11 energy-weighted P_N capture; frozen E20 construction
llama31_8b,E20_nar_g128_m1,qkv,29,0,128,1,32,0.1458254373079999,0.18584206281454563,0.3779720664024353,0.35629006399070756,0.14657130731425805,0.0051148141231545236,131072,4194304,E11 energy-weighted P_N capture; frozen E20 construction
llama31_8b,E20_nar_g128_m1,qkv,29,1,128,1,32,0.1458455364899658,0.18597977184030867,0.3779720664024353,0.3562900639376878,0.14667991669810462,0.0057209855592408945,131072,4194304,E11 energy-weighted P_N capture; frozen E20 construction
llama31_8b,E20_nar_g128_m1,qkv,29,2,128,1,32,0.14585155070319278,0.18600101581179196,0.3779720962047577,0.35629006405586106,0.14669666803810533,0.0057943664694546735,131072,4194304,E11 energy-weighted P_N capture; frozen E20 construction
llama31_8b,E20_nar_g256_m1,qkv,29,0,256,1,16,0.16391860426004,0.2022905561979087,0.31989210844039917,0.3024114950294706,0.16682629914791477,0.01773865084442766,131072,2097152,E11 energy-weighted P_N capture; frozen E20 construction
llama31_8b,E20_nar_g256_m1,qkv,29,1,256,1,16,0.16397612203922307,0.20240343090398838,0.31989210844039917,0.30241149504817916,0.1669193853988827,0.01794934117880656,131072,2097152,E11 energy-weighted P_N capture; frozen E20 construction
llama31_8b,E20_nar_g256_m1,qkv,29,2,256,1,16,0.16384659400716473,0.20241884594328496,0.31989210844039917,0.30241149500645237,0.16693209797432568,0.018831663763642398,131072,2097152,E11 energy-weighted P_N capture; frozen E20 construction
llama31_8b,E20_nar_g256_m2,qkv,29,0,256,2,32,0.15859466794484156,0.2022905561979087,0.3779720664024353,0.356290097775266,0.15954402803225448,0.005986078218866117,131072,2097152,E11 energy-weighted P_N capture; frozen E20 construction
llama31_8b,E20_nar_g256_m2,qkv,29,1,256,2,32,0.1586248959386154,0.20240343090398838,0.3779720664024353,0.35629009764728453,0.15963305089921073,0.006355590997427491,131072,2097152,E11 energy-weighted P_N capture; frozen E20 construction
llama31_8b,E20_nar_g256_m2,qkv,29,2,256,2,32,0.1586360729300722,0.20241884594328496,0.3779720664024353,0.35629009772895587,0.15964520854763425,0.006361325005863483,131072,2097152,E11 energy-weighted P_N capture; frozen E20 construction
llama31_8b,E20_nar_g256_m3,qkv,29,0,256,3,48,0.15524981401570948,0.2022905561979087,0.4149090647697449,0.38787010798317556,0.1547345489618595,-0.0033189415209078973,131072,2097152,E11 energy-weighted P_N capture; frozen E20 construction
llama31_8b,E20_nar_g256_m3,qkv,29,1,256,3,48,0.15517756684109152,0.20240343090398838,0.4149090647697449,0.38787010809119954,0.15482088822090703,-0.0022985192218520894,131072,2097152,E11 energy-weighted P_N capture; frozen E20 construction
llama31_8b,E20_nar_g256_m3,qkv,29,2,256,3,48,0.15519852767249098,0.20241884594328496,0.4149090647697449,0.3878701081788708,0.15483267937516365,-0.0023572923198045144,131072,2097152,E11 energy-weighted P_N capture; frozen E20 construction
llama31_8b,E20_nar_g128_m2,qkv,29,0,128,2,64,0.1401966498147269,0.18584206281454563,0.44075489044189453,0.4110719999028431,0.13897769834579893,-0.008694583433618765,131072,4194304,E11 energy-weighted P_N capture; frozen E20 construction
llama31_8b,E20_nar_g128_m2,qkv,29,1,128,2,64,0.14022715079517312,0.18597977184030867,0.4407549202442169,0.41107199944836365,0.13908067715723843,-0.008175832079832503,131072,4194304,E11 energy-weighted P_N capture; frozen E20 construction
llama31_8b,E20_nar_g128_m2,qkv,29,2,128,2,64,0.14023669280747164,0.18600101581179196,0.4407549202442169,0.41107199966069363,0.13909656397068146,-0.00813003226163815,131072,4194304,E11 energy-weighted P_N capture; frozen E20 construction
llama31_8b,E20_nar_g128_m2_c32,qkv,29,0,128,2,64,0.1401966498147269,0.18584206281454563,0.44075489044189453,0.4110719999028431,0.13897769834579893,-0.008694583433618765,131072,4194304,E11 energy-weighted P_N capture; frozen E20 construction
llama31_8b,E20_nar_g128_m2_c32,qkv,29,1,128,2,64,0.14022715079517312,0.18597977184030867,0.4407549202442169,0.41107199944836365,0.13908067715723843,-0.008175832079832503,131072,4194304,E11 energy-weighted P_N capture; frozen E20 construction
llama31_8b,E20_nar_g128_m2_c32,qkv,29,2,128,2,64,0.14023669280747164,0.18600101581179196,0.4407549202442169,0.41107199966069363,0.13909656397068146,-0.00813003226163815,131072,4194304,E11 energy-weighted P_N capture; frozen E20 construction
llama31_8b,E20_nar_g256_m3_c32,qkv,29,0,256,3,48,0.15524981401570948,0.2022905561979087,0.4149090647697449,0.38787010798317556,0.1547345489618595,-0.0033189415209078973,131072,2097152,E11 energy-weighted P_N capture; frozen E20 construction
llama31_8b,E20_nar_g256_m3_c32,qkv,29,1,256,3,48,0.15517756684109152,0.20240343090398838,0.4149090647697449,0.38787010809119954,0.15482088822090703,-0.0022985192218520894,131072,2097152,E11 energy-weighted P_N capture; frozen E20 construction
llama31_8b,E20_nar_g256_m3_c32,qkv,29,2,256,3,48,0.15519852767249098,0.20241884594328496,0.4149090647697449,0.3878701081788708,0.15483267937516365,-0.0023572923198045144,131072,2097152,E11 energy-weighted P_N capture; frozen E20 construction
llama31_8b,E11_g64_kmax,down,29,0,64,1,224,0.02809466320910949,0.044053599199079904,0.5021054010467604,0.4750024743495386,0.031084945039588533,0.10643593796523843,131072,29360128,frozen E11 selected eigenvalue fractions
llama31_8b,E11_g64_kmax,down,29,1,64,1,224,0.028095209303824302,0.04402430147334562,0.5021054010467604,0.4750024745418969,0.031064272081855398,0.10567861395597251,131072,29360128,frozen E11 selected eigenvalue fractions
llama31_8b,E11_g64_kmax,down,29,2,64,1,224,0.02809477179263074,0.044027563222555396,0.5021054010467604,0.4750024743204124,0.03106657362581008,0.10577775306788023,131072,29360128,frozen E11 selected eigenvalue fractions
llama31_8b,E11_g128_k8,down,29,0,128,1,8,0.035842954592570093,0.04866499456257754,0.29379082730800066,0.2881443549344523,0.04089623768851315,0.14098399960003732,131072,14680064,frozen E11 selected eigenvalue fractions
llama31_8b,E11_g128_k8,down,29,1,128,1,8,0.035839763057793315,0.04862735589919698,0.29379082730800066,0.2881443550470571,0.040864607566333436,0.14020306162284948,131072,14680064,frozen E11 selected eigenvalue fractions
llama31_8b,E11_g128_k8,down,29,2,128,1,8,0.035844233406041336,0.04863719397669364,0.29379082730800066,0.2881443547991957,0.04087287511797539,0.1402915123046405,131072,14680064,frozen E11 selected eigenvalue fractions
llama31_8b,E11_g128_k16,down,29,0,128,1,16,0.035180656345536895,0.04866499456257754,0.33209955966561855,0.3242029892984617,0.03977155248974381,0.13049489751174942,131072,14680064,frozen E11 selected eigenvalue fractions
llama31_8b,E11_g128_k16,down,29,1,128,1,16,0.035184417837052805,0.04862735589919698,0.33209955966561855,0.32420298931500474,0.0397407922258264,0.12949978055272152,131072,14680064,frozen E11 selected eigenvalue fractions
llama31_8b,E11_g128_k16,down,29,2,128,1,16,0.03518120308527869,0.04863719397669364,0.33209955966561855,0.3242029892536661,0.03974883241198226,0.12983152724003522,131072,14680064,frozen E11 selected eigenvalue fractions
llama31_8b,E11_g128_k32,down,29,0,128,1,32,0.03425481752126317,0.04866499456257754,0.3757257658587042,0.3649423664796025,0.03845071185116376,0.12249063441356978,131072,14680064,frozen E11 selected eigenvalue fractions
llama31_8b,E11_g128_k32,down,29,1,128,1,32,0.03425787623407471,0.04862735589919698,0.3757257658587042,0.3649423665380692,0.038420973156787705,0.12152232947155539,131072,14680064,frozen E11 selected eigenvalue fractions
llama31_8b,E11_g128_k32,down,29,2,128,1,32,0.03425047173872591,0.04863719397669364,0.3757257658587042,0.3649423664165741,0.03842874632282612,0.12199173827366491,131072,14680064,frozen E11 selected eigenvalue fractions
llama31_8b,E11_g128_kmax,down,29,0,128,1,112,0.03271752937281937,0.04866499456257754,0.4524770922151868,0.43143692997870015,0.0360095609598987,0.10061980993632852,131072,14680064,saved factor eigenvalue sum / calibration trace
llama31_8b,E11_g128_kmax,down,29,1,128,1,112,0.032717002007196135,0.04862735589919698,0.4524770922151868,0.4314369301719938,0.03598171030963902,0.09978629159618026,131072,14680064,saved factor eigenvalue sum / calibration trace
llama31_8b,E11_g128_kmax,down,29,2,128,1,112,0.032718808368048045,0.04863719397669364,0.4524770922151868,0.43143693015507784,0.0359889899745096,0.09994806564089564,131072,14680064,saved factor eigenvalue sum / calibration trace
llama31_8b,E11_g256_kmax,down,29,0,256,1,56,0.03733148143363417,0.05291842007733801,0.41163082220283226,0.39561355557837186,0.04059119399970668,0.08731806081329638,131072,7340032,frozen E11 selected eigenvalue fractions
llama31_8b,E11_g256_kmax,down,29,1,256,1,56,0.03733916919656188,0.05286837358955714,0.41163082220283226,0.39561355555265704,0.04055280572788095,0.08606609628622827,131072,7340032,frozen E11 selected eigenvalue fractions
llama31_8b,E11_g256_kmax,down,29,2,256,1,56,0.037335102880403044,0.05288534793449173,0.41163082220283226,0.39561355541215726,0.04056582593761606,0.08653312319942214,131072,7340032,frozen E11 selected eigenvalue fractions
llama31_8b,E20_hadamard_g64_m1,down,29,0,64,1,0,0.044027542216929075,0.044027542216929075,0.006496649235486984,0.015023954816044524,0.043884293429296506,-0.0032536176315898944,131072,29360128,E11 energy-weighted P_N capture; frozen E20 construction
llama31_8b,E20_hadamard_g64_m1,down,29,1,64,1,0,0.04404627721008891,0.04404627721008891,0.006496649235486984,0.015023954817690956,0.04390296746595228,-0.0032536176315897582,131072,29360128,E11 energy-weighted P_N capture; frozen E20 construction
llama31_8b,E20_hadamard_g64_m1,down,29,2,64,1,0,0.044031085974675185,0.044031085974675185,0.006496650166809559,0.015023954818531972,0.043887825636439434,-0.0032536180987711365,131072,29360128,E11 energy-weighted P_N capture; frozen E20 construction
llama31_8b,E20_hadamard_g128_m1,down,29,0,128,1,0,0.04863521674348904,0.04863521674348904,0.004523317329585552,0.008953756080942217,0.04852509581501175,-0.002264222015460342,131072,14680064,E11 energy-weighted P_N capture; frozen E20 construction
llama31_8b,E20_hadamard_g128_m1,down,29,1,128,1,0,0.048664218075779635,0.048664218075779635,0.004523317329585552,0.008953756079389776,0.04855403148184729,-0.0022642220154603957,131072,14680064,E11 energy-weighted P_N capture; frozen E20 construction
llama31_8b,E20_hadamard_g128_m1,down,29,2,128,1,0,0.04863945401264453,0.04863945401264453,0.004523317329585552,0.008953756080236314,0.048529323490049125,-0.0022642220154604196,131072,14680064,E11 energy-weighted P_N capture; frozen E20 construction
llama31_8b,E20_hadamard_g256_m1,down,29,0,256,1,0,0.05288854291308403,0.05288854291308403,0.0036527609918266535,0.006314197006516571,0.05279185993912823,-0.0018280513818405913,131072,7340032,E11 energy-weighted P_N capture; frozen E20 construction
llama31_8b,E20_hadamard_g256_m1,down,29,1,256,1,0,0.05292092304278663,0.05292092304278663,0.0036527609918266535,0.0063141970082937525,0.05282418087628998,-0.0018280513818406102,131072,7340032,E11 energy-weighted P_N capture; frozen E20 construction
llama31_8b,E20_hadamard_g256_m1,down,29,2,256,1,0,0.05289244186834198,0.05289244186834198,0.0036527609918266535,0.006314197008356378,0.05279575176689563,-0.0018280513818406314,131072,7340032,E11 energy-weighted P_N capture; frozen E20 construction
llama31_8b,E20_hadamard_g256_m2,down,29,0,256,2,0,0.05281299200217734,0.05288854291308403,0.004523317329585552,0.008953756382009632,0.052768791509854605,-0.0008369246022060274,131072,7340032,E11 energy-weighted P_N capture; frozen E20 construction
llama31_8b,E20_hadamard_g256_m2,down,29,1,256,2,0,0.0528469078329198,0.05292092304278663,0.004523317329585552,0.008953756387049051,0.05280109832375467,-0.0008668342395730195,131072,7340032,E11 energy-weighted P_N capture; frozen E20 construction
llama31_8b,E20_hadamard_g256_m2,down,29,2,256,2,0,0.05281780473342553,0.05289244186834198,0.004523317329585552,0.008953756388926972,0.05277268163701222,-0.0008543160140988027,131072,7340032,E11 energy-weighted P_N capture; frozen E20 construction
llama31_8b,E20_hadamard_g256_m3,down,29,0,256,3,0,0.052720604802648605,0.05288854291308403,0.005798658821731806,0.012242203015569834,0.052734978664788906,0.0002726422087551536,131072,7340032,E11 energy-weighted P_N capture; frozen E20 construction
llama31_8b,E20_hadamard_g256_m3,down,29,1,256,3,0,0.05275305658398085,0.05292092304278663,0.005798659287393093,0.012242203019369065,0.05276726476498013,0.0002693337963585266,131072,7340032,E11 energy-weighted P_N capture; frozen E20 construction
llama31_8b,E20_hadamard_g256_m3,down,29,2,256,3,0,0.05272446888817888,0.05289244186834198,0.005798659287393093,0.012242203021980836,0.05273886628690515,0.0002730686345423687,131072,7340032,E11 energy-weighted P_N capture; frozen E20 construction
llama31_8b,E20_hadamard_g128_m2,down,29,0,128,2,0,0.04848135438955798,0.04863521674348904,0.006496649235486984,0.015023954303203278,0.04847697634477623,-9.030368142293554e-05,131072,14680064,E11 energy-weighted P_N capture; frozen E20 construction
llama31_8b,E20_hadamard_g128_m2,down,29,1,128,2,0,0.04850860433200843,0.048664218075779635,0.006496649235486984,0.015023954302991568,0.04850588331782075,-5.609343383824143e-05,131072,14680064,E11 energy-weighted P_N capture; frozen E20 construction
llama31_8b,E20_hadamard_g128_m2,down,29,2,128,2,0,0.04848072149569952,0.04863945401264453,0.006496649235486984,0.015023954307514192,0.04848119982747809,9.86643275534849e-06,131072,14680064,E11 energy-weighted P_N capture; frozen E20 construction
llama31_8b,E20_nar_g64_m1,down,29,0,64,1,224,0.027510518514138788,0.044027542216929075,0.5021054744720459,0.47500251529162807,0.031066556513177454,0.12926103145642534,131072,29360128,E11 energy-weighted P_N capture; frozen E20 construction
llama31_8b,E20_nar_g64_m1,down,29,1,64,1,224,0.02751066516298741,0.04404627721008891,0.5021054744720459,0.47500251535270593,0.0310797762318914,0.12973554247993388,131072,29360128,E11 energy-weighted P_N capture; frozen E20 construction
llama31_8b,E20_nar_g64_m1,down,29,2,64,1,224,0.02750873427720768,0.044031085974675185,0.5021054744720459,0.475002515365506,0.031069057046814924,0.12942517579069945,131072,29360128,E11 energy-weighted P_N capture; frozen E20 construction
llama31_8b,E20_nar_g128_m1,down,29,0,128,1,112,0.031698095135921846,0.04863521674348904,0.4574139714241028,0.4361321435666881,0.03582491420175602,0.13019138999167998,131072,14680064,E11 energy-weighted P_N capture; frozen E20 construction
llama31_8b,E20_nar_g128_m1,down,29,1,128,1,112,0.0316996548588629,0.048664218075779635,0.4574139714241028,0.4361321435833194,0.03584627671046091,0.1308096845236994,131072,14680064,E11 energy-weighted P_N capture; frozen E20 construction
llama31_8b,E20_nar_g128_m1,down,29,2,128,1,112,0.03170031874307955,0.04863945401264453,0.4574139714241028,0.43613214350852314,0.03582803539282104,0.13021057242973652,131072,14680064,E11 energy-weighted P_N capture; frozen E20 construction
llama31_8b,E20_nar_g256_m1,down,29,0,256,1,56,0.03606751111481359,0.05288854291308403,0.41163086891174316,0.3956135981278036,0.04056827504288452,0.12478720568612742,131072,7340032,E11 energy-weighted P_N capture; frozen E20 construction
llama31_8b,E20_nar_g256_m1,down,29,1,256,1,56,0.03606998063140005,0.05292092304278663,0.41163086891174316,0.39561359801158896,0.04059311229373975,0.1253987826764223,131072,7340032,E11 energy-weighted P_N capture; frozen E20 construction
llama31_8b,E20_nar_g256_m1,down,29,2,256,1,56,0.03606788459096043,0.05289244186834198,0.41163086891174316,0.3956135980757828,0.04057126574522897,0.12485847743333443,131072,7340032,E11 energy-weighted P_N capture; frozen E20 construction
llama31_8b,E20_nar_g256_m2,down,29,0,256,2,112,0.035090474551145334,0.05288854291308403,0.4574139714241028,0.43613218251603963,0.038957932933871016,0.11021390939266879,131072,7340032,E11 energy-weighted P_N capture; frozen E20 construction
llama31_8b,E20_nar_g256_m2,down,29,1,256,2,112,0.035090926468641835,0.05292092304278663,0.4574139714241028,0.43613218319528224,0.038981784279585284,0.11087931275967935,131072,7340032,E11 energy-weighted P_N capture; frozen E20 construction
llama31_8b,E20_nar_g256_m2,down,29,2,256,2,112,0.0350922238471549,0.05289244186834198,0.4574139714241028,0.43613218268294535,0.03896080492143363,0.11024040799262076,131072,7340032,E11 energy-weighted P_N capture; frozen E20 construction
llama31_8b,E20_nar_g256_m3,down,29,0,256,3,168,0.03455083635692123,0.05288854291308403,0.48423677682876587,0.45956635148497677,0.03798278348953584,0.09933036344363697,131072,7340032,E11 energy-weighted P_N capture; frozen E20 construction
llama31_8b,E20_nar_g256_m3,down,29,1,256,3,168,0.03454308417548375,0.05292092304278663,0.48423677682876587,0.4595663519765777,0.038006037816240935,0.10025027363407664,131072,7340032,E11 energy-weighted P_N capture; frozen E20 construction
llama31_8b,E20_nar_g256_m3,down,29,2,256,3,168,0.034545351823198116,0.05289244186834198,0.48423677682876587,0.45956635184386163,0.03798558358886249,0.09958595249720884,131072,7340032,E11 energy-weighted P_N capture; frozen E20 construction
llama31_8b,E20_nar_g128_m2,down,29,0,128,2,224,0.030937268596849008,0.04863521674348904,0.5021054744720459,0.47500246796994333,0.03431780729543581,0.10927075504432572,131072,14680064,E11 energy-weighted P_N capture; frozen E20 construction
llama31_8b,E20_nar_g128_m2,down,29,1,128,2,224,0.030938162095789496,0.048664218075779635,0.5021054744720459,0.4750024682332555,0.03433827111156536,0.10990016165952524,131072,14680064,E11 energy-weighted P_N capture; frozen E20 construction
llama31_8b,E20_nar_g128_m2,down,29,2,128,2,224,0.0309368265760952,0.04863945401264453,0.5021054744720459,0.47500246833801785,0.034320797182107926,0.10938324904428015,131072,14680064,E11 energy-weighted P_N capture; frozen E20 construction
llama31_8b,E20_nar_g128_m2_c32,down,29,0,128,2,224,0.030937268596849008,0.04863521674348904,0.5021054744720459,0.47500246796994333,0.03431780729543581,0.10927075504432572,131072,14680064,E11 energy-weighted P_N capture; frozen E20 construction
llama31_8b,E20_nar_g128_m2_c32,down,29,1,128,2,224,0.030938162095789496,0.048664218075779635,0.5021054744720459,0.4750024682332555,0.03433827111156536,0.10990016165952524,131072,14680064,E11 energy-weighted P_N capture; frozen E20 construction
llama31_8b,E20_nar_g128_m2_c32,down,29,2,128,2,224,0.0309368265760952,0.04863945401264453,0.5021054744720459,0.47500246833801785,0.034320797182107926,0.10938324904428015,131072,14680064,E11 energy-weighted P_N capture; frozen E20 construction
llama31_8b,E20_nar_g256_m3_c32,down,29,0,256,3,168,0.03455083635692123,0.05288854291308403,0.48423677682876587,0.45956635148497677,0.03798278348953584,0.09933036344363697,131072,7340032,E11 energy-weighted P_N capture; frozen E20 construction
llama31_8b,E20_nar_g256_m3_c32,down,29,1,256,3,168,0.03454308417548375,0.05292092304278663,0.48423677682876587,0.4595663519765777,0.038006037816240935,0.10025027363407664,131072,7340032,E11 energy-weighted P_N capture; frozen E20 construction
llama31_8b,E20_nar_g256_m3_c32,down,29,2,256,3,168,0.034545351823198116,0.05289244186834198,0.48423677682876587,0.45956635184386163,0.03798558358886249,0.09958595249720884,131072,7340032,E11 energy-weighted P_N capture; frozen E20 construction
llama31_8b,E11_g64_kmax,qkv,30,0,64,1,64,0.12339558566016118,0.16872792784027357,0.4886459330407821,0.46136474063819166,0.12065569625632286,-0.022204111996227634,131072,8388608,frozen E11 selected eigenvalue fractions
llama31_8b,E11_g64_kmax,qkv,30,1,64,1,64,0.12340119488943513,0.16875217934254394,0.4886459330407821,0.4613647406426623,0.12067303826916653,-0.022108024340550078,131072,8388608,frozen E11 selected eigenvalue fractions
llama31_8b,E11_g64_kmax,qkv,30,2,64,1,64,0.12338928140495442,0.16873140159515998,0.4886459330407821,0.46136474054791354,0.12065818030457622,-0.022134022252831956,131072,8388608,frozen E11 selected eigenvalue fractions
llama31_8b,E11_g128_k8,qkv,30,0,128,1,8,0.15501751587787282,0.18690546438174138,0.2972411526529197,0.2874618508554032,0.15668418377701968,0.010751481145265538,131072,4194304,frozen E11 selected eigenvalue fractions
llama31_8b,E11_g128_k8,qkv,30,1,128,1,8,0.1550126179381941,0.18694938680768836,0.2972411526529197,0.2874618507944081,0.15672100425994012,0.011020950065027511,131072,4194304,frozen E11 selected eigenvalue fractions
llama31_8b,E11_g128_k8,qkv,30,2,128,1,8,0.1550221631009805,0.1868801396871067,0.2972411526529197,0.28746185071493857,0.15666295390489493,0.010584233706283901,131072,4194304,frozen E11 selected eigenvalue fractions
llama31_8b,E11_g128_k16,qkv,30,0,128,1,16,0.1504036378239455,0.18690546438174138,0.3516000714566194,0.33607958446775027,0.15050241811949214,0.0006567679942839045,131072,4194304,frozen E11 selected eigenvalue fractions
llama31_8b,E11_g128_k16,qkv,30,1,128,1,16,0.1503473206459649,0.18694938680768836,0.3516000714566194,0.3360795844534165,0.1505377858993297,0.0012668350360117572,131072,4194304,frozen E11 selected eigenvalue fractions
llama31_8b,E11_g128_k16,qkv,30,2,128,1,16,0.15035021331617315,0.1868801396871067,0.3516000714566194,0.33607958456718706,0.15048202584367898,0.0008767032955825322,131072,4194304,frozen E11 selected eigenvalue fractions
llama31_8b,E11_g128_k32,qkv,30,0,128,1,32,0.14367585048987674,0.18690546438174138,0.4190684093694628,0.39974423453324215,0.14245723000467483,-0.00848173496831169,131072,4194304,frozen E11 selected eigenvalue fractions
llama31_8b,E11_g128_k32,qkv,30,1,128,1,32,0.14366289496070106,0.18694938680768836,0.4190684093694628,0.3997442344375662,0.14249070718072313,-0.008159293882380597,131072,4194304,frozen E11 selected eigenvalue fractions
llama31_8b,E11_g128_k32,qkv,30,2,128,1,32,0.14365333079363474,0.1868801396871067,0.4190684093694628,0.3997442343927491,0.14243792780898837,-0.008460666925936835,131072,4194304,frozen E11 selected eigenvalue fractions
llama31_8b,E11_g128_kmax,qkv,30,0,128,1,32,0.1441294029057003,0.18690546438174138,0.41527731926263556,0.39518855221908833,0.1429213035395065,-0.008382046562589592,131072,4194304,saved factor eigenvalue sum / calibration trace
llama31_8b,E11_g128_kmax,qkv,30,1,128,1,32,0.14416632890340164,0.18694938680768836,0.41527731926263556,0.3951885521643168,0.14295488977194612,-0.00840306568579716,131072,4194304,saved factor eigenvalue sum / calibration trace
llama31_8b,E11_g128_kmax,qkv,30,2,128,1,32,0.14416617932423748,0.1868801396871067,0.41527731926263556,0.39518855217153526,0.14290193846432853,-0.008769330406305656,131072,4194304,saved factor eigenvalue sum / calibration trace
llama31_8b,E11_g256_kmax,qkv,30,0,256,1,16,0.16440865137885652,0.2034260696763539,0.3516000714566194,0.3346895730046563,0.16380535205917934,-0.0036695107867952587,131072,2097152,frozen E11 selected eigenvalue fractions
llama31_8b,E11_g256_kmax,qkv,30,1,256,1,16,0.16441675702407466,0.20347470197400952,0.3516000714566194,0.33468957289486645,0.16384451238239456,-0.0034804520660646943,131072,2097152,frozen E11 selected eigenvalue fractions
llama31_8b,E11_g256_kmax,qkv,30,2,256,1,16,0.16436794511069763,0.20332462979799715,0.3516000714566194,0.3346895729906318,0.1637236693377194,-0.0039197166609604645,131072,2097152,frozen E11 selected eigenvalue fractions
llama31_8b,E20_hadamard_g64_m1,qkv,30,0,64,1,0,0.1688621637173604,0.1688621637173604,0.008754421025514603,0.016805387837001636,0.16812139366199244,-0.0043868326631645825,131072,8388608,E11 energy-weighted P_N capture; frozen E20 construction
llama31_8b,E20_hadamard_g64_m1,qkv,30,1,64,1,0,0.16881944872146004,0.16881944872146004,0.008754422888159752,0.016805387834613314,0.16807886589171317,-0.004386833598590767,131072,8388608,E11 energy-weighted P_N capture; frozen E20 construction
llama31_8b,E20_hadamard_g64_m1,qkv,30,2,64,1,0,0.16882627230102454,0.16882627230102454,0.008754421956837177,0.016805387835733626,0.16808565961633185,-0.004386833130877572,131072,8388608,E11 energy-weighted P_N capture; frozen E20 construction
llama31_8b,E20_hadamard_g128_m1,qkv,30,0,128,1,0,0.18702511436912417,0.18702511436912417,0.003052733838558197,0.007015802651114831,0.18673942722311962,-0.0015275335987267405,131072,4194304,E11 energy-weighted P_N capture; frozen E20 construction
llama31_8b,E20_hadamard_g128_m1,qkv,30,1,128,1,0,0.18694030923171745,0.18694030923171745,0.0030527336057275534,0.0070158026514393745,0.18665475165020565,-0.001527533482133308,131072,4194304,E11 energy-weighted P_N capture; frozen E20 construction
llama31_8b,E20_hadamard_g128_m1,qkv,30,2,128,1,0,0.18703472831006884,0.18703472831006884,0.003052733838558197,0.007015802652131569,0.1867490264784465,-0.001527533598726719,131072,4194304,E11 energy-weighted P_N capture; frozen E20 construction
llama31_8b,E20_hadamard_g256_m1,qkv,30,0,256,1,0,0.20346745296875213,0.20346745296875213,0.0024385470896959305,0.004495013310580059,0.203219219061221,-0.0012200177665232933,131072,2097152,E11 energy-weighted P_N capture; frozen E20 construction
llama31_8b,E20_hadamard_g256_m1,qkv,30,1,256,1,0,0.20340436284497443,0.20340436284497443,0.0024385470896959305,0.004495013309747403,0.2031562059085152,-0.001220017766523273,131072,2097152,E11 energy-weighted P_N capture; frozen E20 construction
llama31_8b,E20_hadamard_g256_m1,qkv,30,2,256,1,0,0.20359159903172497,0.20359159903172497,0.0024385470896959305,0.004495013309626324,0.20334321366379138,-0.0012200177665232892,131072,2097152,E11 energy-weighted P_N capture; frozen E20 construction
llama31_8b,E20_hadamard_g256_m2,qkv,30,0,256,2,0,0.2032079292616693,0.20346745296875213,0.003052733838558197,0.007015802883516641,0.203156649598095,-0.0002523507018678469,131072,2097152,E11 energy-weighted P_N capture; frozen E20 construction
llama31_8b,E20_hadamard_g256_m2,qkv,30,1,256,2,0,0.20312289879867862,0.20340436284497443,0.0030527340713888407,0.007015802882842357,0.20309365582288552,-0.00014396690853689267,131072,2097152,E11 energy-weighted P_N capture; frozen E20 construction
llama31_8b,E20_hadamard_g256_m2,qkv,30,2,256,2,0,0.20332624846721714,0.20359159903172497,0.003052733838558197,0.007015802882402578,0.2032806060237855,-0.0002244788549226403,131072,2097152,E11 energy-weighted P_N capture; frozen E20 construction
llama31_8b,E20_hadamard_g256_m3,qkv,30,0,256,3,0,0.20266141714810004,0.20346745296875213,0.006032212637364864,0.01206733899663897,0.20285284523508473,0.0009445709483260926,131072,2097152,E11 energy-weighted P_N capture; frozen E20 construction
llama31_8b,E20_hadamard_g256_m3,qkv,30,1,256,3,0,0.20263070744124434,0.20340436284497443,0.006032212171703577,0.012067338993118855,0.20278994573316125,0.0007858546906721268,131072,2097152,E11 energy-weighted P_N capture; frozen E20 construction
llama31_8b,E20_hadamard_g256_m3,qkv,30,2,256,3,0,0.2027654699870567,0.20359159903172497,0.006032212637364864,0.01206733899204197,0.20297661629395106,0.001041332663336833,131072,2097152,E11 energy-weighted P_N capture; frozen E20 construction
llama31_8b,E20_hadamard_g128_m2,qkv,30,0,128,2,0,0.18609033081449944,0.18702511436912417,0.008754421956837177,0.016805387253484644,0.18620466640110353,0.0006144090673795676,131072,4194304,E11 energy-weighted P_N capture; frozen E20 construction
llama31_8b,E20_hadamard_g128_m2,qkv,30,1,128,2,0,0.18601768286043097,0.18694030923171745,0.008754421025514603,0.016805387258343917,0.18612023337711767,0.0005512944528163157,131072,4194304,E11 energy-weighted P_N capture; frozen E20 construction
llama31_8b,E20_hadamard_g128_m2,qkv,30,2,128,2,0,0.18606743614865096,0.18703472831006884,0.008754421025514603,0.01680538725491487,0.1862142382547721,0.0007889725852075457,131072,4194304,E11 energy-weighted P_N capture; frozen E20 construction
llama31_8b,E20_nar_g64_m1,qkv,30,0,64,1,64,0.12091132952294936,0.1688621637173604,0.4886459708213806,0.4613647355342865,0.120751682562576,-0.0013203639477230465,131072,8388608,E11 energy-weighted P_N capture; frozen E20 construction
llama31_8b,E20_nar_g64_m1,qkv,30,1,64,1,64,0.12092683282049288,0.16881944872146004,0.4886459708213806,0.46136473556885,0.12072113748656799,-0.0017009900046769048,131072,8388608,E11 energy-weighted P_N capture; frozen E20 construction
llama31_8b,E20_nar_g64_m1,qkv,30,2,64,1,64,0.12091597190192349,0.16882627230102454,0.4886459708213806,0.4613647355025218,0.12072601696161067,-0.0015709664928872647,131072,8388608,E11 energy-weighted P_N capture; frozen E20 construction
llama31_8b,E20_nar_g128_m1,qkv,30,0,128,1,32,0.1397302175885855,0.18702511436912417,0.41906845569610596,0.3997442242400418,0.14254842018735353,0.020168884350168254,131072,4194304,E11 energy-weighted P_N capture; frozen E20 construction
llama31_8b,E20_nar_g128_m1,qkv,30,1,128,1,32,0.13975267336741037,0.18694030923171745,0.41906845569610596,0.3997442240232637,0.14248378267382025,0.019542447672752428,131072,4194304,E11 energy-weighted P_N capture; frozen E20 construction
llama31_8b,E20_nar_g128_m1,qkv,30,2,128,1,32,0.13972322986659957,0.18703472831006884,0.41906845569610596,0.39974422415887395,0.14255574782406188,0.020272348128272232,131072,4194304,E11 energy-weighted P_N capture; frozen E20 construction
llama31_8b,E20_nar_g256_m1,qkv,30,0,256,1,16,0.15799407213115124,0.20346745296875213,0.35160014033317566,0.3346895530159544,0.1638386665433788,0.036992491764981886,131072,2097152,E11 energy-weighted P_N capture; frozen E20 construction
llama31_8b,E20_nar_g256_m1,qkv,30,1,256,1,16,0.15790802662495906,0.20340436284497443,0.35160014033317566,0.3346895530434407,0.16378786430645603,0.03723583789354757,131072,2097152,E11 energy-weighted P_N capture; frozen E20 construction
llama31_8b,E20_nar_g256_m1,qkv,30,2,256,1,16,0.15797556546019997,0.20359159903172497,0.35160014033317566,0.33468955303395476,0.16393863302508047,0.037746771454872964,131072,2097152,E11 energy-weighted P_N capture; frozen E20 construction
llama31_8b,E20_nar_g256_m2,qkv,30,0,256,2,32,0.15203180780971515,0.20346745296875213,0.41906848549842834,0.3997442620988016,0.15508058013551732,0.02005351623272183,131072,2097152,E11 energy-weighted P_N capture; frozen E20 construction
llama31_8b,E20_nar_g256_m2,qkv,30,1,256,2,32,0.1520575198353864,0.20340436284497443,0.41906848549842834,0.3997442619010224,0.1550324935602272,0.019564791850224975,131072,2097152,E11 energy-weighted P_N capture; frozen E20 construction
llama31_8b,E20_nar_g256_m2,qkv,30,2,256,2,32,0.15203659184519047,0.20359159903172497,0.41906848549842834,0.39974426199403984,0.1551752028537283,0.020643786936066534,131072,2097152,E11 energy-weighted P_N capture; frozen E20 construction
llama31_8b,E20_nar_g256_m3,qkv,30,0,256,3,48,0.14822911448530007,0.20346745296875213,0.4604632258415222,0.4367120174236125,0.14945328800946406,0.008258657743552713,131072,2097152,E11 energy-weighted P_N capture; frozen E20 construction
llama31_8b,E20_nar_g256_m3,qkv,30,1,256,3,48,0.1482863815867006,0.20340436284497443,0.4604632258415222,0.4367120177289898,0.14940694631548831,0.007556760889283278,131072,2097152,E11 energy-weighted P_N capture; frozen E20 construction
llama31_8b,E20_nar_g256_m3,qkv,30,2,256,3,48,0.14822676261344725,0.20359159903172497,0.4604632556438446,0.43671201725300285,0.1495444730942327,0.008889828378845638,131072,2097152,E11 energy-weighted P_N capture; frozen E20 construction
llama31_8b,E20_nar_g128_m2,qkv,30,0,128,2,64,0.13377074064733918,0.18702511436912417,0.4886459708213806,0.46136468991931784,0.13373983102176829,-0.0002310641730868752,131072,4194304,E11 energy-weighted P_N capture; frozen E20 construction
llama31_8b,E20_nar_g128_m2,qkv,30,1,128,2,64,0.13379861935894066,0.18694030923171745,0.488646000623703,0.4613646895252888,0.1336791838015299,-0.0008926516430662751,131072,4194304,E11 energy-weighted P_N capture; frozen E20 construction
llama31_8b,E20_nar_g128_m2,qkv,30,2,128,2,64,0.13377168973071996,0.18703472831006884,0.4886459708213806,0.4613646896038846,0.13374670585695675,-0.0001867650308783493,131072,4194304,E11 energy-weighted P_N capture; frozen E20 construction
llama31_8b,E20_nar_g128_m2_c32,qkv,30,0,128,2,64,0.13377074064733918,0.18702511436912417,0.4886459708213806,0.46136468991931784,0.13373983102176829,-0.0002310641730868752,131072,4194304,E11 energy-weighted P_N capture; frozen E20 construction
llama31_8b,E20_nar_g128_m2_c32,qkv,30,1,128,2,64,0.13379861935894066,0.18694030923171745,0.488646000623703,0.4613646895252888,0.1336791838015299,-0.0008926516430662751,131072,4194304,E11 energy-weighted P_N capture; frozen E20 construction
llama31_8b,E20_nar_g128_m2_c32,qkv,30,2,128,2,64,0.13377168973071996,0.18703472831006884,0.4886459708213806,0.4613646896038846,0.13374670585695675,-0.0001867650308783493,131072,4194304,E11 energy-weighted P_N capture; frozen E20 construction
llama31_8b,E20_nar_g256_m3_c32,qkv,30,0,256,3,48,0.14822911448530007,0.20346745296875213,0.4604632258415222,0.4367120174236125,0.14945328800946406,0.008258657743552713,131072,2097152,E11 energy-weighted P_N capture; frozen E20 construction
llama31_8b,E20_nar_g256_m3_c32,qkv,30,1,256,3,48,0.1482863815867006,0.20340436284497443,0.4604632258415222,0.4367120177289898,0.14940694631548831,0.007556760889283278,131072,2097152,E11 energy-weighted P_N capture; frozen E20 construction
llama31_8b,E20_nar_g256_m3_c32,qkv,30,2,256,3,48,0.14822676261344725,0.20359159903172497,0.4604632556438446,0.43671201725300285,0.1495444730942327,0.008889828378845638,131072,2097152,E11 energy-weighted P_N capture; frozen E20 construction
llama31_8b,E11_g64_kmax,down,30,0,64,1,224,0.03422901019615608,0.06537297372099664,0.6688729689900077,0.6452590800919076,0.03761798755134134,0.09900892067179436,131072,29360128,frozen E11 selected eigenvalue fractions
llama31_8b,E11_g64_kmax,down,30,1,64,1,224,0.034231020428101715,0.06543196520821169,0.6688729689900077,0.6452590801363132,0.03765193339937881,0.09993605006494999,131072,29360128,frozen E11 selected eigenvalue fractions
llama31_8b,E11_g64_kmax,down,30,2,64,1,224,0.034230836040164095,0.06536857745230362,0.6688729689900077,0.6452590801996564,0.03761545777838544,0.09887639712480471,131072,29360128,frozen E11 selected eigenvalue fractions
llama31_8b,E11_g128_k8,down,30,0,128,1,8,0.048029546259180655,0.07230723472304668,0.39564129022937805,0.3901725456382948,0.056212013983009596,0.17036321100503618,131072,14680064,frozen E11 selected eigenvalue fractions
llama31_8b,E11_g128_k8,down,30,1,128,1,8,0.0480285704302385,0.07238494696499563,0.39564129022937805,0.3901725459218189,0.05627242787724601,0.17164486415396682,131072,14680064,frozen E11 selected eigenvalue fractions
llama31_8b,E11_g128_k8,down,30,2,128,1,8,0.048032636188758575,0.07230389110330471,0.39564129022937805,0.3901725456920261,0.05620941463592615,0.170233805511621,131072,14680064,frozen E11 selected eigenvalue fractions
llama31_8b,E11_g128_k16,down,30,0,128,1,16,0.04681165896932254,0.07230723472304668,0.44168857320671595,0.4328671811404925,0.05402813933343263,0.15415989356069026,131072,14680064,frozen E11 selected eigenvalue fractions
llama31_8b,E11_g128_k16,down,30,1,128,1,16,0.046816627732920627,0.07238494696499563,0.44168857320671595,0.4328671813332793,0.0540862061071381,0.15527770209526723,131072,14680064,frozen E11 selected eigenvalue fractions
llama31_8b,E11_g128_k16,down,30,2,128,1,16,0.04681787086157886,0.07230389110330471,0.44168857320671595,0.4328671809783255,0.05402564097273624,0.15395339383261963,131072,14680064,frozen E11 selected eigenvalue fractions
llama31_8b,E11_g128_k32,down,30,0,128,1,32,0.045288473016672395,0.07230723472304668,0.4987526827979639,0.48691833686117636,0.05119267027923828,0.13036865386016278,131072,14680064,frozen E11 selected eigenvalue fractions
llama31_8b,E11_g128_k32,down,30,1,128,1,32,0.04528157704111248,0.07238494696499563,0.4987526827979639,0.48691833698240544,0.0512476896309531,0.13175584817692665,131072,14680064,frozen E11 selected eigenvalue fractions
llama31_8b,E11_g128_k32,down,30,2,128,1,32,0.04528081139173601,0.07230389110330471,0.4987526827979639,0.48691833685012925,0.05119030303585461,0.13050763585029565,131072,14680064,frozen E11 selected eigenvalue fractions
llama31_8b,E11_g128_kmax,down,30,0,128,1,112,0.04100559454655465,0.07230723472304668,0.61609443966637,0.597245770270593,0.044801644343696156,0.09257394848480396,131072,14680064,saved factor eigenvalue sum / calibration trace
llama31_8b,E11_g128_kmax,down,30,1,128,1,112,0.04100665046259027,0.07238494696499563,0.61609443966637,0.5972457703048428,0.044849794936624846,0.09372002908505332,131072,14680064,saved factor eigenvalue sum / calibration trace
llama31_8b,E11_g128_kmax,down,30,2,128,1,112,0.04100464948598973,0.07230389110330471,0.61609443966637,0.5972457701522005,0.044799572633125645,0.09254860594363924,131072,14680064,saved factor eigenvalue sum / calibration trace
llama31_8b,E11_g256_kmax,down,30,0,256,1,56,0.04864917694806919,0.07861585583901944,0.5539512434751529,0.5385809089870501,0.05250507862510493,0.07925934042320477,131072,7340032,frozen E11 selected eigenvalue fractions
llama31_8b,E11_g256_kmax,down,30,1,256,1,56,0.048639594068476476,0.0787340815027205,0.5539512434751529,0.5385809087798455,0.05258403785924264,0.08109532709530931,131072,7340032,frozen E11 selected eigenvalue fractions
llama31_8b,E11_g256_kmax,down,30,2,256,1,56,0.04865019775836694,0.07861103594241671,0.5539512434751529,0.5385809090765313,0.05250185956646351,0.07917052726541404,131072,7340032,frozen E11 selected eigenvalue fractions
llama31_8b,E20_hadamard_g64_m1,down,30,0,64,1,0,0.06537949113221046,0.06537949113221046,0.009176360443234444,0.014373261539288588,0.06507882690361218,-0.004598754493060855,131072,29360128,E11 energy-weighted P_N capture; frozen E20 construction
llama31_8b,E20_hadamard_g64_m1,down,30,1,64,1,0,0.06538745016285626,0.06538745016285626,0.009176360443234444,0.014373261539368284,0.06508674933263002,-0.0045987544930609775,131072,29360128,E11 energy-weighted P_N capture; frozen E20 construction
llama31_8b,E20_hadamard_g64_m1,down,30,2,64,1,0,0.06540005234828732,0.06540005234828732,0.009176360443234444,0.014373261538896653,0.06509929356370421,-0.00459875449306091,131072,29360128,E11 energy-weighted P_N capture; frozen E20 construction
llama31_8b,E20_hadamard_g128_m1,down,30,0,128,1,0,0.07231453864765898,0.07231453864765898,0.0033382351975888014,0.005811745136870177,0.07219373627759437,-0.0016705129054780722,131072,14680064,E11 energy-weighted P_N capture; frozen E20 construction
llama31_8b,E20_hadamard_g128_m1,down,30,1,128,1,0,0.07230919328095872,0.07230919328095872,0.003338235430419445,0.005811745138105543,0.07218839983196619,-0.0016705130220881657,131072,14680064,E11 energy-weighted P_N capture; frozen E20 construction
llama31_8b,E20_hadamard_g128_m1,down,30,2,128,1,0,0.07232021956893282,0.07232021956893282,0.003338235430419445,0.00581174513690262,0.07219940770038265,-0.0016705130220881243,131072,14680064,E11 energy-weighted P_N capture; frozen E20 construction
llama31_8b,E20_hadamard_g256_m1,down,30,0,256,1,0,0.0786098209842245,0.0786098209842245,0.0018370025791227818,0.0028118427381904187,0.07853758457241013,-0.0009189234997605966,131072,7340032,E11 energy-weighted P_N capture; frozen E20 construction
llama31_8b,E20_hadamard_g256_m1,down,30,1,256,1,0,0.07861658191076058,0.07861658191076058,0.0018370025791227818,0.002811842739729509,0.07854433928617192,-0.0009189234997606854,131072,7340032,E11 energy-weighted P_N capture; frozen E20 construction
llama31_8b,E20_hadamard_g256_m1,down,30,2,256,1,0,0.07865836682892484,0.07865836682892484,0.001837002346292138,0.0028118427400053428,0.07858608581635841,-0.000918923383238206,131072,7340032,E11 energy-weighted P_N capture; frozen E20 construction
llama31_8b,E20_hadamard_g256_m2,down,30,0,256,2,0,0.07849173708624287,0.0786098209842245,0.003338235430419445,0.005811745335154339,0.07847850225460634,-0.00016861432970941397,131072,7340032,E11 energy-weighted P_N capture; frozen E20 construction
llama31_8b,E20_hadamard_g256_m2,down,30,1,256,2,0,0.07849720679324587,0.07861658191076058,0.003338235430419445,0.005811745336985509,0.0784852518869266,-0.00015229721932356357,131072,7340032,E11 energy-weighted P_N capture; frozen E20 construction
llama31_8b,E20_hadamard_g256_m2,down,30,2,256,2,0,0.07852823271943368,0.07865836682892484,0.003338235430419445,0.005811745334223532,0.07852696700284093,-1.611798137976454e-05,131072,7340032,E11 energy-weighted P_N capture; frozen E20 construction
llama31_8b,E20_hadamard_g256_m3,down,30,0,256,3,0,0.07833399464075644,0.0786098209842245,0.005503269378095865,0.009672454257689948,0.07839321705532631,0.0007560244417697962,131072,7340032,E11 energy-weighted P_N capture; frozen E20 construction
llama31_8b,E20_hadamard_g256_m3,down,30,1,256,3,0,0.07833181648675337,0.07861658191076058,0.005503268912434578,0.009672454260470446,0.0783999593709515,0.0008699260052222615,131072,7340032,E11 energy-weighted P_N capture; frozen E20 construction
llama31_8b,E20_hadamard_g256_m3,down,30,2,256,3,0,0.07837283276262497,0.07865836682892484,0.005503268912434578,0.009672454256597915,0.07844162915367131,0.0008778091670453463,131072,7340032,E11 energy-weighted P_N capture; frozen E20 construction
llama31_8b,E20_hadamard_g128_m2,down,30,0,128,2,0,0.07198358835303433,0.07231453864765898,0.009176359511911869,0.014373261046065976,0.07198198187196908,-2.231732401788075e-05,131072,14680064,E11 energy-weighted P_N capture; frozen E20 construction
llama31_8b,E20_hadamard_g128_m2,down,30,1,128,2,0,0.07197136097605661,0.07230919328095872,0.009176358580589294,0.014373261047863226,0.07197666112112261,7.364241823582962e-05,131072,14680064,E11 energy-weighted P_N capture; frozen E20 construction
llama31_8b,E20_hadamard_g128_m2,down,30,2,128,2,0,0.07199100483564802,0.07232021956893282,0.009176359511911869,0.01437326104696969,0.07198763666808335,-4.678595016646074e-05,131072,14680064,E11 energy-weighted P_N capture; frozen E20 construction
llama31_8b,E20_nar_g64_m1,down,30,0,64,1,224,0.032748062424408135,0.06537949113221046,0.6688729524612427,0.6452591055528311,0.037621738845853764,0.1488233519981667,131072,29360128,E11 energy-weighted P_N capture; frozen E20 construction
llama31_8b,E20_nar_g64_m1,down,30,1,64,1,224,0.032749865917873135,0.06538745016285626,0.6688729524612427,0.6452591055517845,0.03762631876177597,0.14889993309076494,131072,29360128,E11 energy-weighted P_N capture; frozen E20 construction
llama31_8b,E20_nar_g64_m1,down,30,2,64,1,224,0.032745801934293266,0.06540005234828732,0.6688729524612427,0.6452591054882478,0.03763357051796073,0.14926397568381775,131072,29360128,E11 energy-weighted P_N capture; frozen E20 construction
llama31_8b,E20_nar_g128_m1,down,30,0,128,1,112,0.03844649290391278,0.07231453864765898,0.6203819513320923,0.6013354730653204,0.04455526654057508,0.15889026996375533,131072,14680064,E11 energy-weighted P_N capture; frozen E20 construction
llama31_8b,E20_nar_g128_m1,down,30,1,128,1,112,0.03844416211126259,0.07230919328095872,0.6203819513320923,0.6013354730618172,0.0445519730916706,0.15887486278751975,131072,14680064,E11 energy-weighted P_N capture; frozen E20 construction
llama31_8b,E20_nar_g128_m1,down,30,2,128,1,112,0.03845428827740048,0.07232021956893282,0.6203819513320923,0.601335473093648,0.04455876673522868,0.15874636435322595,131072,14680064,E11 energy-weighted P_N capture; frozen E20 construction
llama31_8b,E20_nar_g256_m1,down,30,0,256,1,56,0.04515945142898189,0.0786098209842245,0.5539512634277344,0.538580923261486,0.05250104695953891,0.1625705206384642,131072,7340032,E11 energy-weighted P_N capture; frozen E20 construction
llama31_8b,E20_nar_g256_m1,down,30,1,256,1,56,0.04515095466917022,0.07861658191076058,0.5539512634277344,0.5385809232209876,0.0525055623714444,0.16288930668604498,131072,7340032,E11 energy-weighted P_N capture; frozen E20 construction
llama31_8b,E20_nar_g256_m1,down,30,2,256,1,56,0.045157474520942084,0.07865836682892484,0.5539512634277344,0.5385809230945977,0.05253346921467691,0.1633393977848375,131072,7340032,E11 energy-weighted P_N capture; frozen E20 construction
llama31_8b,E20_nar_g256_m2,down,30,0,256,2,112,0.04255412944926843,0.0786098209842245,0.6203819513320923,0.6013355262234267,0.04843398840894631,0.13817363992107148,131072,7340032,E11 energy-weighted P_N capture; frozen E20 construction
llama31_8b,E20_nar_g256_m2,down,30,1,256,2,112,0.042559292302226916,0.07861658191076058,0.6203819513320923,0.6013355269217817,0.04843815402888262,0.13813344650818113,131072,7340032,E11 energy-weighted P_N capture; frozen E20 construction
llama31_8b,E20_nar_g256_m2,down,30,2,256,2,112,0.04256514408301929,0.07865836682892484,0.6203819513320923,0.6013355264476968,0.04846389903398119,0.1385818156625274,131072,7340032,E11 energy-weighted P_N capture; frozen E20 construction
llama31_8b,E20_nar_g256_m3,down,30,0,256,3,168,0.041400328281129335,0.0786098209842245,0.6510938405990601,0.6290223135087767,0.046433468446820975,0.12157246994550507,131072,7340032,E11 energy-weighted P_N capture; frozen E20 construction
llama31_8b,E20_nar_g256_m3,down,30,1,256,3,168,0.04139694274945465,0.07861658191076058,0.6510937809944153,0.6290223129781926,0.046437465976298574,0.12176076038635307,131072,7340032,E11 energy-weighted P_N capture; frozen E20 construction
llama31_8b,E20_nar_g256_m3,down,30,2,256,3,168,0.041397040932943795,0.07865836682892484,0.6510937809944153,0.6290223131468751,0.0464621476104833,0.12235431720214301,131072,7340032,E11 energy-weighted P_N capture; frozen E20 construction
llama31_8b,E20_nar_g128_m2,down,30,0,128,2,224,0.03684213586550419,0.07231453864765898,0.6688729524612427,0.6452590419583942,0.04161241760445991,0.12947896822187788,131072,14680064,E11 energy-weighted P_N capture; frozen E20 construction
llama31_8b,E20_nar_g128_m2,down,30,1,128,2,224,0.03684469133502945,0.07230919328095872,0.6688730120658875,0.6452590416642064,0.04160933794095021,0.1293170449603104,131072,14680064,E11 energy-weighted P_N capture; frozen E20 construction
llama31_8b,E20_nar_g128_m2,down,30,2,128,2,224,0.03684478236597106,0.07232021956893282,0.6688729524612427,0.6452590422176635,0.041615686613332065,0.1294865633883428,131072,14680064,E11 energy-weighted P_N capture; frozen E20 construction
llama31_8b,E20_nar_g128_m2_c32,down,30,0,128,2,224,0.03684213586550419,0.07231453864765898,0.6688729524612427,0.6452590419583942,0.04161241760445991,0.12947896822187788,131072,14680064,E11 energy-weighted P_N capture; frozen E20 construction
llama31_8b,E20_nar_g128_m2_c32,down,30,1,128,2,224,0.03684469133502945,0.07230919328095872,0.6688730120658875,0.6452590416642064,0.04160933794095021,0.1293170449603104,131072,14680064,E11 energy-weighted P_N capture; frozen E20 construction
llama31_8b,E20_nar_g128_m2_c32,down,30,2,128,2,224,0.03684478236597106,0.07232021956893282,0.6688729524612427,0.6452590422176635,0.041615686613332065,0.1294865633883428,131072,14680064,E11 energy-weighted P_N capture; frozen E20 construction
llama31_8b,E20_nar_g256_m3_c32,down,30,0,256,3,168,0.041400328281129335,0.0786098209842245,0.6510938405990601,0.6290223135087767,0.046433468446820975,0.12157246994550507,131072,7340032,E11 energy-weighted P_N capture; frozen E20 construction
llama31_8b,E20_nar_g256_m3_c32,down,30,1,256,3,168,0.04139694274945465,0.07861658191076058,0.6510937809944153,0.6290223129781926,0.046437465976298574,0.12176076038635307,131072,7340032,E11 energy-weighted P_N capture; frozen E20 construction
llama31_8b,E20_nar_g256_m3_c32,down,30,2,256,3,168,0.041397040932943795,0.07865836682892484,0.6510937809944153,0.6290223131468751,0.0464621476104833,0.12235431720214301,131072,7340032,E11 energy-weighted P_N capture; frozen E20 construction
llama31_8b,E11_g64_kmax,qkv,31,0,64,1,64,0.10502108990288805,0.1400897838209776,0.46551198086013995,0.4339893834404785,0.10241780230592777,-0.024788236337744317,131072,8388608,frozen E11 selected eigenvalue fractions
llama31_8b,E11_g64_kmax,qkv,31,1,64,1,64,0.10502635666111404,0.14018030824697902,0.46551198086013995,0.43398938357434014,0.10248398352566554,-0.024207001140217718,131072,8388608,frozen E11 selected eigenvalue fractions
llama31_8b,E11_g64_kmax,qkv,31,2,64,1,64,0.1049974461708163,0.1401329914935312,0.46551198086013995,0.4339893834768395,0.10244939086824115,-0.02426778360332517,131072,8388608,frozen E11 selected eigenvalue fractions
llama31_8b,E11_g128_k8,qkv,31,0,128,1,8,0.13000976868659198,0.1552406374099231,0.2936552664626571,0.28362812278214833,0.13047093448319644,0.0035471626575705375,131072,4194304,frozen E11 selected eigenvalue fractions
llama31_8b,E11_g128_k8,qkv,31,1,128,1,8,0.12995760292185832,0.15529114534824728,0.2936552664626571,0.2836281227545518,0.13051338353533845,0.004276630231586502,131072,4194304,frozen E11 selected eigenvalue fractions
llama31_8b,E11_g128_k8,qkv,31,2,128,1,8,0.13000201240729314,0.1552619382634184,0.2936552664626571,0.2836281226996536,0.13048883664017794,0.003744743822577016,131072,4194304,frozen E11 selected eigenvalue fractions
llama31_8b,E11_g128_k16,qkv,31,0,128,1,16,0.12633203647866598,0.1552406374099231,0.3418718612197714,0.32546968406304705,0.12593911791704412,-0.0031102052383063217,131072,4194304,frozen E11 selected eigenvalue fractions
llama31_8b,E11_g128_k16,qkv,31,1,128,1,16,0.12636288166444842,0.15529114534824728,0.3418718612197714,0.32546968393380904,0.12598009253107872,-0.003029284615289005,131072,4194304,frozen E11 selected eigenvalue fractions
llama31_8b,E11_g128_k16,qkv,31,2,128,1,16,0.12630542770176323,0.1552619382634184,0.3418718612197714,0.3254696840269503,0.12595639825513621,-0.002763376467487639,131072,4194304,frozen E11 selected eigenvalue fractions
llama31_8b,E11_g128_k32,qkv,31,0,128,1,32,0.12149993386058,0.1552406374099231,0.40131221631146274,0.3784036669099322,0.12011731490926396,-0.011379586040784054,131072,4194304,frozen E11 selected eigenvalue fractions
llama31_8b,E11_g128_k32,qkv,31,1,128,1,32,0.12152414431932446,0.15529114534824728,0.40131221631146274,0.37840366677351245,0.1201563953848039,-0.011254956306679085,131072,4194304,frozen E11 selected eigenvalue fractions
llama31_8b,E11_g128_k32,qkv,31,2,128,1,32,0.12151592092151908,0.1552619382634184,0.40131221631146274,0.37840366685467913,0.12013379642705348,-0.011374019832004149,131072,4194304,frozen E11 selected eigenvalue fractions
llama31_8b,E11_g128_kmax,qkv,31,0,128,1,32,0.12190769846537197,0.1552406374099231,0.39772870158070606,0.374276869144579,0.1204762665902045,-0.01174193174989746,131072,4194304,saved factor eigenvalue sum / calibration trace
llama31_8b,E11_g128_kmax,qkv,31,1,128,1,32,0.1219216992759451,0.15529114534824728,0.39772870158070606,0.3742768691984243,0.12051546385159165,-0.011533922449446161,131072,4194304,saved factor eigenvalue sum / calibration trace
llama31_8b,E11_g128_kmax,qkv,31,2,128,1,32,0.1219220694569012,0.1552619382634184,0.39772870158070606,0.37427686923452813,0.12049279736041461,-0.011722833305350282,131072,4194304,saved factor eigenvalue sum / calibration trace
llama31_8b,E11_g256_kmax,qkv,31,0,256,1,16,0.13785372715445376,0.16901359262400462,0.3418718612197714,0.32493535721382566,0.13711244121506805,-0.0053773369403002525,131072,2097152,frozen E11 selected eigenvalue fractions
llama31_8b,E11_g256_kmax,qkv,31,1,256,1,16,0.13785369030662764,0.16907705195642464,0.3418718612197714,0.3249353571680061,0.13716392266014535,-0.00500362119394877,131072,2097152,frozen E11 selected eigenvalue fractions
llama31_8b,E11_g256_kmax,qkv,31,2,256,1,16,0.13781395527363927,0.1689966197235826,0.3418718612197714,0.32493535708718213,0.13709867193311132,-0.005190209794847735,131072,2097152,frozen E11 selected eigenvalue fractions
llama31_8b,E20_hadamard_g64_m1,qkv,31,0,64,1,0,0.14020590558253598,0.14020590558253598,0.008277435787022114,0.016685355180311404,0.1396244271042409,-0.004147318016877623,131072,8388608,E11 energy-weighted P_N capture; frozen E20 construction
llama31_8b,E20_hadamard_g64_m1,qkv,31,1,64,1,0,0.14015785060955732,0.14015785060955732,0.008277436718344688,0.01668535517951783,0.13957657136497956,-0.0041473184844782966,131072,8388608,E11 energy-weighted P_N capture; frozen E20 construction
llama31_8b,E20_hadamard_g64_m1,qkv,31,2,64,1,0,0.1401634648550134,0.1401634648550134,0.008277435787022114,0.01668535518103403,0.1395821623919122,-0.004147318016877705,131072,8388608,E11 energy-weighted P_N capture; frozen E20 construction
llama31_8b,E20_hadamard_g128_m1,qkv,31,0,128,1,0,0.15542917705624681,0.15542917705624681,0.0032172896899282932,0.007107716562829953,0.15517894528264742,-0.0016099407996533518,131072,4194304,E11 energy-weighted P_N capture; frozen E20 construction
llama31_8b,E20_hadamard_g128_m1,qkv,31,1,128,1,0,0.155243080894774,0.155243080894774,0.003217289224267006,0.007107716563086723,0.15499314876118125,-0.0016099405664472984,131072,4194304,E11 energy-weighted P_N capture; frozen E20 construction
llama31_8b,E20_hadamard_g128_m1,qkv,31,2,128,1,0,0.15530592429276702,0.15530592429276702,0.0032172896899282932,0.007107716562089941,0.15505589094882022,-0.0016099407996533394,131072,4194304,E11 energy-weighted P_N capture; frozen E20 construction
llama31_8b,E20_hadamard_g256_m1,qkv,31,0,256,1,0,0.16927682013961132,0.16927682013961132,0.002220181981101632,0.004121271459381521,0.16908880305063914,-0.0011107078264886363,131072,2097152,E11 energy-weighted P_N capture; frozen E20 construction
llama31_8b,E20_hadamard_g256_m1,qkv,31,1,256,1,0,0.16903742225528262,0.16903742225528262,0.0022201822139322758,0.004121271459465432,0.16884967104771378,-0.0011107079430334222,131072,2097152,E11 energy-weighted P_N capture; frozen E20 construction
llama31_8b,E20_hadamard_g256_m1,qkv,31,2,256,1,0,0.16911624279654802,0.16911624279654802,0.0022201817482709885,0.004121271459733039,0.16892840408179716,-0.0011107077099438698,131072,2097152,E11 energy-weighted P_N capture; frozen E20 construction
llama31_8b,E20_hadamard_g256_m2,qkv,31,0,256,2,0,0.16899266923914524,0.16927682013961132,0.0032172896899282932,0.007107716796728314,0.16900429448043297,6.879139397032656e-05,131072,2097152,E11 energy-weighted P_N capture; frozen E20 construction
llama31_8b,E20_hadamard_g256_m2,qkv,31,1,256,2,0,0.16874031675705226,0.16903742225528262,0.0032172896899282932,0.007107716796841094,0.1687652820125256,0.00014795074439321397,131072,2097152,E11 energy-weighted P_N capture; frozen E20 construction
llama31_8b,E20_hadamard_g256_m2,qkv,31,2,256,2,0,0.16887084273028208,0.16911624279654802,0.0032172896899282932,0.007107716795894116,0.16884397565738576,-0.00015909835269328006,131072,2097152,E11 energy-weighted P_N capture; frozen E20 construction
llama31_8b,E20_hadamard_g256_m3,qkv,31,0,256,3,0,0.16851547719491222,0.16927682013961132,0.006058353465050459,0.012202340665539478,0.16876327173860403,0.0014704556982929207,131072,2097152,E11 energy-weighted P_N capture; frozen E20 construction
llama31_8b,E20_hadamard_g256_m3,qkv,31,1,256,3,0,0.1683021090841521,0.16903742225528262,0.006058352999389172,0.01220234066650505,0.1685246001739399,0.00132197446008554,131072,2097152,E11 energy-weighted P_N capture; frozen E20 construction
llama31_8b,E20_hadamard_g256_m3,qkv,31,2,256,3,0,0.16841693364980515,0.16911624279654802,0.006058352999389172,0.012202340664798835,0.1686031815911493,0.0011058741974925958,131072,2097152,E11 energy-weighted P_N capture; frozen E20 construction
llama31_8b,E20_hadamard_g128_m2,qkv,31,0,128,2,0,0.15464671963367493,0.15542917705624681,0.008277435787022114,0.016685354603323196,0.15478456282989297,0.0008913425163143552,131072,4194304,E11 energy-weighted P_N capture; frozen E20 construction
llama31_8b,E20_hadamard_g128_m2,qkv,31,1,128,2,0,0.15446885879929972,0.155243080894774,0.008277435787022114,0.01668535460761158,0.15459923846838353,0.0008440514812969748,131072,4194304,E11 energy-weighted P_N capture; frozen E20 construction
llama31_8b,E20_hadamard_g128_m2,qkv,31,2,128,2,0,0.15452178802575744,0.15530592429276702,0.008277435787022114,0.016685354608625608,0.15466182123481978,0.0009062360127426969,131072,4194304,E11 energy-weighted P_N capture; frozen E20 construction
llama31_8b,E20_nar_g64_m1,qkv,31,0,64,1,64,0.10303099919774006,0.14020590558253598,0.4655120074748993,0.4339893949358556,0.10250269484967812,-0.005127625201887025,131072,8388608,E11 energy-weighted P_N capture; frozen E20 construction
llama31_8b,E20_nar_g64_m1,qkv,31,1,64,1,64,0.10303983868686273,0.14015785060955732,0.4655120074748993,0.43398939494614797,0.1024675624905184,-0.005553931407865157,131072,8388608,E11 energy-weighted P_N capture; frozen E20 construction
llama31_8b,E20_nar_g64_m1,qkv,31,2,64,1,64,0.10300778428985646,0.1401634648550134,0.4655120074748993,0.43398939493635275,0.1024716669915835,-0.005204628970218107,131072,8388608,E11 energy-weighted P_N capture; frozen E20 construction
llama31_8b,E20_nar_g128_m1,qkv,31,0,128,1,32,0.11871329776570771,0.15542917705624681,0.4013122320175171,0.3784036799675527,0.12026319572730255,0.013055807485474078,131072,4194304,E11 energy-weighted P_N capture; frozen E20 construction
llama31_8b,E20_nar_g128_m1,qkv,31,1,128,1,32,0.11866048355995851,0.155243080894774,0.4013122320175171,0.37840367991278856,0.12011920397803655,0.01229322832938699,131072,4194304,E11 energy-weighted P_N capture; frozen E20 construction
llama31_8b,E20_nar_g128_m1,qkv,31,2,128,1,32,0.11870510321184735,0.15530592429276702,0.4013122320175171,0.3784036799308476,0.12016782900466373,0.01232234969886613,131072,4194304,E11 energy-weighted P_N capture; frozen E20 construction
llama31_8b,E20_nar_g256_m1,qkv,31,0,256,1,16,0.1336261009405657,0.16927682013961132,0.34187185764312744,0.3249353664940516,0.13732598516598676,0.027688334834125663,131072,2097152,E11 energy-weighted P_N capture; frozen E20 construction
llama31_8b,E20_nar_g256_m1,qkv,31,1,256,1,16,0.13358714031566343,0.16903742225528262,0.34187185764312744,0.3249353666095787,0.13713177339921928,0.02653423881355615,131072,2097152,E11 energy-weighted P_N capture; frozen E20 construction
llama31_8b,E20_nar_g256_m1,qkv,31,2,256,1,16,0.1336514890089493,0.16911624279654802,0.34187185764312744,0.3249353666949514,0.13719571664006974,0.02651842981624487,131072,2097152,E11 energy-weighted P_N capture; frozen E20 construction
llama31_8b,E20_nar_g256_m2,qkv,31,0,256,2,32,0.1291100538387564,0.16927682013961132,0.4013122320175171,0.3784037160687687,0.13097779797919398,0.014466295109520907,131072,2097152,E11 energy-weighted P_N capture; frozen E20 construction
llama31_8b,E20_nar_g256_m2,qkv,31,1,256,2,32,0.12910424637832563,0.16903742225528262,0.4013122320175171,0.37840371589002497,0.1307925640664563,0.013077166208640877,131072,2097152,E11 energy-weighted P_N capture; frozen E20 construction
llama31_8b,E20_nar_g256_m2,qkv,31,2,256,2,32,0.12915237464731888,0.16911624279654802,0.4013122320175171,0.3784037161018323,0.13085355139432528,0.013171858060309502,131072,2097152,E11 energy-weighted P_N capture; frozen E20 construction
llama31_8b,E20_nar_g256_m3,qkv,31,0,256,3,48,0.1262279555430652,0.16927682013961132,0.43922102451324463,0.41037177602618047,0.12676324661374175,0.004240669734161351,131072,2097152,E11 energy-weighted P_N capture; frozen E20 construction
llama31_8b,E20_nar_g256_m3,qkv,31,1,256,3,48,0.12615176408373507,0.16903742225528262,0.43922102451324463,0.41037177584732276,0.12658397308399952,0.0034261034984620514,131072,2097152,E11 energy-weighted P_N capture; frozen E20 construction
llama31_8b,E20_nar_g256_m3,qkv,31,2,256,3,48,0.12619767628253342,0.16911624279654802,0.43922102451324463,0.41037177594769353,0.1266429979859466,0.0035287631003299443,131072,2097152,E11 energy-weighted P_N capture; frozen E20 construction
llama31_8b,E20_nar_g128_m2,qkv,31,0,128,2,64,0.11395009480627216,0.15542917705624681,0.4655120074748993,0.4339893513643808,0.11363222854514007,-0.002789521690811194,131072,4194304,E11 energy-weighted P_N capture; frozen E20 construction
llama31_8b,E20_nar_g128_m2,qkv,31,1,128,2,64,0.11391019925594303,0.155243080894774,0.4655120074748993,0.4339893514129599,0.11349617608734319,-0.0036346452846560276,131072,4194304,E11 energy-weighted P_N capture; frozen E20 construction
llama31_8b,E20_nar_g128_m2,qkv,31,2,128,2,64,0.11388755691548358,0.15530592429276702,0.4655120074748993,0.43398935181344406,0.11354212006966712,-0.0030331394857544725,131072,4194304,E11 energy-weighted P_N capture; frozen E20 construction
llama31_8b,E20_nar_g128_m2_c32,qkv,31,0,128,2,64,0.11395009480627216,0.15542917705624681,0.4655120074748993,0.4339893513643808,0.11363222854514007,-0.002789521690811194,131072,4194304,E11 energy-weighted P_N capture; frozen E20 construction
llama31_8b,E20_nar_g128_m2_c32,qkv,31,1,128,2,64,0.11391019925594303,0.155243080894774,0.4655120074748993,0.4339893514129599,0.11349617608734319,-0.0036346452846560276,131072,4194304,E11 energy-weighted P_N capture; frozen E20 construction
llama31_8b,E20_nar_g128_m2_c32,qkv,31,2,128,2,64,0.11388755691548358,0.15530592429276702,0.4655120074748993,0.43398935181344406,0.11354212006966712,-0.0030331394857544725,131072,4194304,E11 energy-weighted P_N capture; frozen E20 construction
llama31_8b,E20_nar_g256_m3_c32,qkv,31,0,256,3,48,0.1262279555430652,0.16927682013961132,0.43922102451324463,0.41037177602618047,0.12676324661374175,0.004240669734161351,131072,2097152,E11 energy-weighted P_N capture; frozen E20 construction
llama31_8b,E20_nar_g256_m3_c32,qkv,31,1,256,3,48,0.12615176408373507,0.16903742225528262,0.43922102451324463,0.41037177584732276,0.12658397308399952,0.0034261034984620514,131072,2097152,E11 energy-weighted P_N capture; frozen E20 construction
llama31_8b,E20_nar_g256_m3_c32,qkv,31,2,256,3,48,0.12619767628253342,0.16911624279654802,0.43922102451324463,0.41037177594769353,0.1266429979859466,0.0035287631003299443,131072,2097152,E11 energy-weighted P_N capture; frozen E20 construction
llama31_8b,E11_g64_kmax,down,31,0,64,1,224,0.056964396367951524,0.15459700617229583,0.8459351680257403,0.8318076860585151,0.06068101502332791,0.06524458946899984,131072,29360128,frozen E11 selected eigenvalue fractions
llama31_8b,E11_g64_kmax,down,31,1,64,1,224,0.05696719621475462,0.15446272528034136,0.8459351680257403,0.8318076861378795,0.06062830830523691,0.06426702266828525,131072,29360128,frozen E11 selected eigenvalue fractions
llama31_8b,E11_g64_kmax,down,31,2,64,1,224,0.056972164126018895,0.15452607213859945,0.8459351680257403,0.8318076863063105,0.060653172639630014,0.06461064925441407,131072,29360128,frozen E11 selected eigenvalue fractions
llama31_8b,E11_g128_k8,down,31,0,128,1,8,0.0999301617975555,0.17080850042342913,0.4665681905316205,0.46469690416280907,0.12475240731333913,0.24839593041058036,131072,14680064,frozen E11 selected eigenvalue fractions
llama31_8b,E11_g128_k8,down,31,1,128,1,8,0.09991893380864868,0.17068389633563136,0.4665681905316205,0.4646969038732942,0.1246614009531444,0.24762541193523116,131072,14680064,frozen E11 selected eigenvalue fractions
llama31_8b,E11_g128_k8,down,31,2,128,1,8,0.09991471452802474,0.17080414745753206,0.4665681905316205,0.4646969037890127,0.1247492280630485,0.24855711846184594,131072,14680064,frozen E11 selected eigenvalue fractions
llama31_8b,E11_g128_k16,down,31,0,128,1,16,0.09661205154647641,0.17080850042342913,0.5352067828135469,0.5303504117142721,0.11644996725556239,0.20533582913869405,131072,14680064,frozen E11 selected eigenvalue fractions
llama31_8b,E11_g128_k16,down,31,1,128,1,16,0.09659588652390612,0.17068389633563136,0.5352067828135469,0.5303504161316385,0.11636501749072055,0.2046581037580917,131072,14680064,frozen E11 selected eigenvalue fractions
llama31_8b,E11_g128_k16,down,31,2,128,1,16,0.09661079249399444,0.17080414745753206,0.5352067828135469,0.5303504163324481,0.11644699958864348,0.2053208195749155,131072,14680064,frozen E11 selected eigenvalue fractions
llama31_8b,E11_g128_k32,down,31,0,128,1,32,0.09058212127324314,0.17080850042342913,0.6120435481832706,0.603588702375686,0.10639003928483282,0.17451476946432634,131072,14680064,frozen E11 selected eigenvalue fractions
llama31_8b,E11_g128_k32,down,31,1,128,1,32,0.09058368886219854,0.17068389633563136,0.6120435481832706,0.6035887048693865,0.10631242819543743,0.17363765519823782,131072,14680064,frozen E11 selected eigenvalue fractions
llama31_8b,E11_g128_k32,down,31,2,128,1,32,0.09058026806318635,0.17080414745753206,0.6120435481832706,0.6035887021001192,0.10638732798995203,0.174508866718512,131072,14680064,frozen E11 selected eigenvalue fractions
llama31_8b,E11_g128_kmax,down,31,0,128,1,112,0.07626976753111288,0.17080850042342913,0.7652261399238811,0.7495004408470309,0.08276264279077665,0.08513039268167587,131072,14680064,saved factor eigenvalue sum / calibration trace
llama31_8b,E11_g128_kmax,down,31,1,128,1,112,0.07626228047628622,0.17068389633563136,0.7652261399238811,0.7495004386036144,0.08270226778846053,0.0844452496300163,131072,14680064,saved factor eigenvalue sum / calibration trace
llama31_8b,E11_g128_kmax,down,31,2,128,1,112,0.07627603976049967,0.17080414745753206,0.7652261399238811,0.7495004408651956,0.0827605336278209,0.08501350997878233,131072,14680064,saved factor eigenvalue sum / calibration trace
llama31_8b,E11_g256_kmax,down,31,0,256,1,56,0.09579894933050628,0.185674633900659,0.682743525519703,0.6686400401465753,0.10458221197833525,0.09168433170938779,131072,7340032,frozen E11 selected eigenvalue fractions
llama31_8b,E11_g256_kmax,down,31,1,256,1,56,0.09580094587749853,0.18547128046492187,0.682743525519703,0.6686400404116213,0.1044676720884429,0.09046597746567751,131072,7340032,frozen E11 selected eigenvalue fractions
llama31_8b,E11_g256_kmax,down,31,2,256,1,56,0.09580299994654697,0.18563791704540883,0.682743525519703,0.6686400398145823,0.1045615310169229,0.0914223048888108,131072,7340032,frozen E11 selected eigenvalue fractions
llama31_8b,E20_hadamard_g64_m1,down,31,0,64,1,0,0.1544685874705641,0.1544685874705641,0.010701979510486126,0.013221894481103755,0.1536398042716832,-0.005365383424891137,131072,29360128,E11 energy-weighted P_N capture; frozen E20 construction
llama31_8b,E20_hadamard_g64_m1,down,31,1,64,1,0,0.15442204307408744,0.15442204307408744,0.010701979510486126,0.013221894481289739,0.1535935096037399,-0.005365383424891118,131072,29360128,E11 energy-weighted P_N capture; frozen E20 construction
llama31_8b,E20_hadamard_g64_m1,down,31,2,64,1,0,0.1545796522389123,0.1545796522389123,0.010701979510486126,0.013221894482331463,0.1537502731349642,-0.005365383424891106,131072,29360128,E11 energy-weighted P_N capture; frozen E20 construction
llama31_8b,E20_hadamard_g128_m1,down,31,0,128,1,0,0.17070537595569135,0.17070537595569135,0.005763310473412275,0.006954566511880009,0.17021275110200096,-0.002885819212971125,131072,14680064,E11 energy-weighted P_N capture; frozen E20 construction
llama31_8b,E20_hadamard_g128_m1,down,31,1,128,1,0,0.17055984977204858,0.17055984977204858,0.005763310939073563,0.006954566510582223,0.17006764484078846,-0.0028858194464755176,131072,14680064,E11 energy-weighted P_N capture; frozen E20 construction
llama31_8b,E20_hadamard_g128_m1,down,31,2,128,1,0,0.17080845626367416,0.17080845626367416,0.005763310473412275,0.006954566512440643,0.17031553393885052,-0.002885819212971113,131072,14680064,E11 energy-weighted P_N capture; frozen E20 construction
llama31_8b,E20_hadamard_g256_m1,down,31,0,256,1,0,0.18550870445592896,0.18550870445592896,0.00280078686773777,0.003339947626677393,0.1852487371283797,-0.0014013753603191455,131072,7340032,E11 energy-weighted P_N capture; frozen E20 construction
llama31_8b,E20_hadamard_g256_m1,down,31,1,256,1,0,0.18524785393325008,0.18524785393325008,0.00280078686773777,0.0033399476257922204,0.18498825215519601,-0.0014013753603191836,131072,7340032,E11 energy-weighted P_N capture; frozen E20 construction
llama31_8b,E20_hadamard_g256_m1,down,31,2,256,1,0,0.18561237183487225,0.18561237183487225,0.00280078686773777,0.003339947625407379,0.18535225923041246,-0.0014013753603191953,131072,7340032,E11 energy-weighted P_N capture; frozen E20 construction
llama31_8b,E20_hadamard_g256_m2,down,31,0,256,2,0,0.18516913387765147,0.18550870445592896,0.005763310939073563,0.006954566751341257,0.18497335982911955,-0.0010572715032585614,131072,7340032,E11 energy-weighted P_N capture; frozen E20 construction
llama31_8b,E20_hadamard_g256_m2,down,31,1,256,2,0,0.18493100957362532,0.18524785393325008,0.005763310939073563,0.006954566746751829,0.18471326207395164,-0.001177452608817297,131072,7340032,E11 energy-weighted P_N capture; frozen E20 construction
llama31_8b,E20_hadamard_g256_m2,down,31,2,256,2,0,0.18527283899243838,0.18561237183487225,0.005763310939073563,0.006954566751353935,0.1850767280427247,-0.0010584981089520203,131072,7340032,E11 energy-weighted P_N capture; frozen E20 construction
llama31_8b,E20_hadamard_g256_m3,down,31,0,256,3,0,0.18469874149336565,0.18550870445592896,0.009327443316578865,0.011268755424724127,0.18464151659423111,-0.0003098283110748468,131072,7340032,E11 energy-weighted P_N capture; frozen E20 construction
llama31_8b,E20_hadamard_g256_m3,down,31,1,256,3,0,0.18448372962690687,0.18524785393325008,0.009327443316578865,0.011268755421551086,0.18438188545588058,-0.0005520496101865459,131072,7340032,E11 energy-weighted P_N capture; frozen E20 construction
llama31_8b,E20_hadamard_g256_m3,down,31,2,256,3,0,0.1848100290361734,0.18561237183487225,0.009327443316578865,0.011268755423182874,0.18474469936468696,-0.0003534963542139018,131072,7340032,E11 energy-weighted P_N capture; frozen E20 construction
llama31_8b,E20_hadamard_g128_m2,down,31,0,128,2,0,0.1700765134460802,0.17070537595569135,0.010701978579163551,0.013221894029715141,0.16978947624091859,-0.0016876945519736786,131072,14680064,E11 energy-weighted P_N capture; frozen E20 construction
llama31_8b,E20_hadamard_g128_m2,down,31,1,128,2,0,0.16993296097063318,0.17055984977204858,0.010701979510486126,0.013221894030226866,0.1696447307811297,-0.0016961405713002268,131072,14680064,E11 energy-weighted P_N capture; frozen E20 construction
llama31_8b,E20_hadamard_g128_m2,down,31,2,128,2,0,0.170186038806708,0.17080845626367416,0.010701979510486126,0.013221894031461543,0.1698920034036058,-0.0017277292847514057,131072,14680064,E11 energy-weighted P_N capture; frozen E20 construction
llama31_8b,E20_nar_g64_m1,down,31,0,64,1,224,0.048997770016408544,0.1544685874705641,0.8459351658821106,0.831807675791937,0.060630609700788124,0.2374156962752373,131072,29360128,E11 energy-weighted P_N capture; frozen E20 construction
llama31_8b,E20_nar_g64_m1,down,31,1,64,1,224,0.04900624971171678,0.15442204307408744,0.8459351658821106,0.8318076759515574,0.060612340516206675,0.23682878964955825,131072,29360128,E11 energy-weighted P_N capture; frozen E20 construction
llama31_8b,E20_nar_g64_m1,down,31,2,64,1,224,0.04900718808428065,0.1545796522389123,0.8459351658821106,0.8318076762591959,0.060674203836861326,0.23806743885236173,131072,29360128,E11 energy-weighted P_N capture; frozen E20 construction
llama31_8b,E20_nar_g128_m1,down,31,0,128,1,112,0.060994676431979276,0.17070537595569135,0.7715179920196533,0.7552557693906272,0.08159681400681523,0.33776943792482084,131072,14680064,E11 energy-weighted P_N capture; frozen E20 construction
llama31_8b,E20_nar_g128_m1,down,31,1,128,1,112,0.06099306628896747,0.17055984977204858,0.7715179920196533,0.7552557674893755,0.08152725279426794,0.33666427603451593,131072,14680064,E11 energy-weighted P_N capture; frozen E20 construction
llama31_8b,E20_nar_g128_m1,down,31,2,128,1,112,0.060999099384443776,0.17080845626367416,0.7715179920196533,0.7552557669897344,0.08164608617924185,0.3384801907430054,131072,14680064,E11 energy-weighted P_N capture; frozen E20 construction
llama31_8b,E20_nar_g256_m1,down,31,0,256,1,56,0.0732679501889829,0.18550870445592896,0.6827435493469238,0.6686400549831168,0.10448874742402132,0.4261180660098911,131072,7340032,E11 energy-weighted P_N capture; frozen E20 construction
llama31_8b,E20_nar_g256_m1,down,31,1,256,1,56,0.0732752703118807,0.18524785393325008,0.6827435493469238,0.6686400574610303,0.10434182200367755,0.4239704822591391,131072,7340032,E11 energy-weighted P_N capture; frozen E20 construction
llama31_8b,E20_nar_g256_m1,down,31,2,256,1,56,0.0732740586670207,0.18561237183487225,0.6827435493469238,0.668640055580702,0.10454713861707227,0.42679606560578026,131072,7340032,E11 energy-weighted P_N capture; frozen E20 construction
llama31_8b,E20_nar_g256_m2,down,31,0,256,2,112,0.06732406020680479,0.18550870445592896,0.7715179920196533,0.755255832998333,0.088672774184128,0.31710378001185063,131072,7340032,E11 energy-weighted P_N capture; frozen E20 construction
llama31_8b,E20_nar_g256_m2,down,31,1,256,2,112,0.06733086219694025,0.18524785393325008,0.7715179920196533,0.7552558439064982,0.08854808817782357,0.3151188814250401,131072,7340032,E11 energy-weighted P_N capture; frozen E20 construction
llama31_8b,E20_nar_g256_m2,down,31,2,256,2,112,0.06734040528798373,0.18561237183487225,0.7715179920196533,0.755255839512587,0.08872232697525044,0.31751994357364105,131072,7340032,E11 energy-weighted P_N capture; frozen E20 construction
llama31_8b,E20_nar_g256_m3,down,31,0,256,3,168,0.06342027482428339,0.18550870445592896,0.8186626434326172,0.803072947349266,0.07899651504924665,0.24560348040307098,131072,7340032,E11 energy-weighted P_N capture; frozen E20 construction
llama31_8b,E20_nar_g256_m3,down,31,1,256,3,168,0.06339923052119202,0.18524785393325008,0.8186626434326172,0.8030729442628887,0.07888543518212753,0.24426486778509146,131072,7340032,E11 energy-weighted P_N capture; frozen E20 construction
llama31_8b,E20_nar_g256_m3,down,31,2,256,3,168,0.06339608883817263,0.18561237183487225,0.8186626434326172,0.8030729449332124,0.07904066047996823,0.24677502868876583,131072,7340032,E11 energy-weighted P_N capture; frozen E20 construction
llama31_8b,E20_nar_g128_m2,down,31,0,128,2,224,0.05494554422687333,0.17070537595569135,0.8459352254867554,0.8318075932297061,0.06700371376975366,0.21945673143378916,131072,14680064,E11 energy-weighted P_N capture; frozen E20 construction
llama31_8b,E20_nar_g128_m2,down,31,1,128,2,224,0.05493604196446035,0.17055984977204858,0.8459352254867554,0.8318075994084596,0.06694659316239016,0.21862789470161983,131072,14680064,E11 energy-weighted P_N capture; frozen E20 construction
llama31_8b,E20_nar_g128_m2,down,31,2,128,2,224,0.05494329957021433,0.17080845626367416,0.8459352254867554,0.8318075902865518,0.06704417390999652,0.22024294926659768,131072,14680064,E11 energy-weighted P_N capture; frozen E20 construction
llama31_8b,E20_nar_g128_m2_c32,down,31,0,128,2,224,0.05494554422687333,0.17070537595569135,0.8459352254867554,0.8318075932297061,0.06700371376975366,0.21945673143378916,131072,14680064,E11 energy-weighted P_N capture; frozen E20 construction
llama31_8b,E20_nar_g128_m2_c32,down,31,1,128,2,224,0.05493604196446035,0.17055984977204858,0.8459352254867554,0.8318075994084596,0.06694659316239016,0.21862789470161983,131072,14680064,E11 energy-weighted P_N capture; frozen E20 construction
llama31_8b,E20_nar_g128_m2_c32,down,31,2,128,2,224,0.05494329957021433,0.17080845626367416,0.8459352254867554,0.8318075902865518,0.06704417390999652,0.22024294926659768,131072,14680064,E11 energy-weighted P_N capture; frozen E20 construction
llama31_8b,E20_nar_g256_m3_c32,down,31,0,256,3,168,0.06342027482428339,0.18550870445592896,0.8186626434326172,0.803072947349266,0.07899651504924665,0.24560348040307098,131072,7340032,E11 energy-weighted P_N capture; frozen E20 construction
llama31_8b,E20_nar_g256_m3_c32,down,31,1,256,3,168,0.06339923052119202,0.18524785393325008,0.8186626434326172,0.8030729442628887,0.07888543518212753,0.24426486778509146,131072,7340032,E11 energy-weighted P_N capture; frozen E20 construction
llama31_8b,E20_nar_g256_m3_c32,down,31,2,256,3,168,0.06339608883817263,0.18561237183487225,0.8186626434326172,0.8030729449332124,0.07904066047996823,0.24677502868876583,131072,7340032,E11 energy-weighted P_N capture; frozen E20 construction
