layer,expert,module,routed_tokens,pooled_hessian,relative_weight_error,hessian_diag_max_over_median
41,0,gate_up,40257,False,0.11133763194084167,9.900885930359657
41,1,gate_up,74412,False,0.11041490733623505,5.873472492043579
41,2,gate_up,36549,False,0.11174961179494858,5.75518437506994
41,3,gate_up,209,True,0.10865018516778946,6.710875863645974
41,4,gate_up,0,True,0.10876855254173279,6.710875863645974
41,5,gate_up,30018,False,0.11324409395456314,6.919028145845575
41,6,gate_up,28702,False,0.11149536818265915,6.680805595741094
41,7,gate_up,20385,False,0.11539800465106964,7.7622849291472225
41,8,gate_up,1,True,0.1087045893073082,6.710875863645974
41,9,gate_up,88278,False,0.11007852107286453,6.104629131050434
41,10,gate_up,6827,False,0.11892271786928177,7.231567075722031
41,11,gate_up,32349,False,0.11156139522790909,7.185317778990194
41,12,gate_up,125,True,0.10868587344884872,6.710875863645974
41,13,gate_up,2290,False,0.13622769713401794,5.162065092648872
41,14,gate_up,35676,False,0.11175358295440674,5.902948680497698
41,15,gate_up,35929,False,0.11176751554012299,7.03935607971786
41,16,gate_up,11,True,0.10850159823894501,6.710875863645974
41,17,gate_up,22968,False,0.11274760961532593,7.074090005770819
41,18,gate_up,32634,False,0.11048927903175354,6.460277563666275
41,19,gate_up,26997,False,0.11245779693126678,7.143512884525227
41,20,gate_up,33289,False,0.11213655769824982,5.939576891867612
41,21,gate_up,17769,False,0.1144891008734703,6.861610940279394
41,22,gate_up,525,False,0.1255761682987213,6.644179214856509
41,23,gate_up,42,True,0.10881415754556656,6.710875863645974
41,24,gate_up,1,True,0.10850980877876282,6.710875863645974
41,25,gate_up,4483,False,0.12309058010578156,6.3603721233670285
41,26,gate_up,7431,False,0.11793789267539978,6.072256582943942
41,27,gate_up,43,True,0.10862403362989426,6.710875863645974
41,28,gate_up,85,True,0.10874079167842865,6.710875863645974
41,29,gate_up,44,True,0.10870976746082306,6.710875863645974
41,30,gate_up,13542,False,0.11396033316850662,5.621345579813148
41,31,gate_up,8,True,0.10881191492080688,6.710875863645974
41,32,gate_up,5,True,0.10868697613477707,6.710875863645974
41,33,gate_up,413,True,0.10858890414237976,6.710875863645974
41,34,gate_up,6550,False,0.11917270720005035,9.071030636243185
41,35,gate_up,36908,False,0.1116412803530693,5.779571747228307
41,36,gate_up,36024,False,0.11124615371227264,8.096207562312342
41,37,gate_up,1896,False,0.13438007235527039,5.340105707423077
41,38,gate_up,1495,False,0.12636598944664001,8.76272224703189
41,39,gate_up,5220,False,0.12058758735656738,6.330900642852373
41,40,gate_up,227,True,0.10851182043552399,6.710875863645974
41,41,gate_up,1082,False,0.11685920506715775,8.993398806913664
41,42,gate_up,23490,False,0.11319557577371597,6.985226955201323
41,43,gate_up,1,True,0.10877294838428497,6.710875863645974
41,44,gate_up,11467,False,0.11758027225732803,7.88689702594678
41,45,gate_up,36276,False,0.11120095103979111,5.8691431285084
41,46,gate_up,25036,False,0.11231572180986404,7.501695020090925
41,47,gate_up,8063,False,0.11653918027877808,7.604738098455163
41,48,gate_up,21995,False,0.11338072270154953,6.70381600208775
41,49,gate_up,26547,False,0.1110963523387909,6.884986365645318
41,50,gate_up,17634,False,0.11492282152175903,7.407932011718593
41,51,gate_up,1239,False,0.13525390625,6.485846820232013
41,52,gate_up,25711,False,0.11276549100875854,6.861513374067149
41,53,gate_up,30579,False,0.11120676249265671,7.0194868669057175
41,54,gate_up,19092,False,0.11189185827970505,6.617754232141651
41,55,gate_up,13033,False,0.11579985171556473,7.001732958934894
41,56,gate_up,34,True,0.10864013433456421,6.710875863645974
41,57,gate_up,23349,False,0.1144309714436531,7.859279197281672
41,58,gate_up,7793,False,0.11810886114835739,6.000672050629628
41,59,gate_up,6595,False,0.11822761595249176,9.024788259452146
41,60,gate_up,4,True,0.1086188554763794,6.710875863645974
41,61,gate_up,25336,False,0.111651211977005,6.058295987616326
41,62,gate_up,16954,False,0.11369007080793381,7.291922335841047
41,63,gate_up,36936,False,0.11175599694252014,9.94448632123221
41,64,gate_up,31731,False,0.11169005185365677,9.888441739180761
41,65,gate_up,42404,False,0.11145661026239395,9.827812093243404
41,66,gate_up,40964,False,0.11145184189081192,5.789694923647584
41,67,gate_up,3,True,0.10872834920883179,6.710875863645974
41,68,gate_up,36242,False,0.11073743551969528,7.819883268699998
41,69,gate_up,31991,False,0.11188384890556335,6.767958342026661
41,70,gate_up,2,True,0.10867951065301895,6.710875863645974
41,71,gate_up,63,True,0.10861890763044357,6.710875863645974
41,72,gate_up,18776,False,0.11237889528274536,7.047452107979481
41,73,gate_up,23148,False,0.11186438053846359,6.397234640439392
41,74,gate_up,407,True,0.10859750956296921,6.710875863645974
41,75,gate_up,6096,False,0.11899697035551071,7.138286946895676
41,76,gate_up,66,True,0.10857881605625153,6.710875863645974
41,77,gate_up,64742,False,0.1107870414853096,6.776622675495792
41,78,gate_up,5550,False,0.1203916072845459,7.508192117541387
41,79,gate_up,30147,False,0.11182592064142227,6.926442387071239
41,80,gate_up,34486,False,0.11180499196052551,7.788765653030086
41,81,gate_up,22328,False,0.11226484924554825,6.464482241611727
41,82,gate_up,46820,False,0.11112050712108612,5.687919890414973
41,83,gate_up,4511,False,0.12269118428230286,5.708511092898947
41,84,gate_up,26553,False,0.11201678216457367,8.946327886159171
41,85,gate_up,32342,False,0.11160237342119217,8.0777442201088
41,86,gate_up,671,False,0.13056044280529022,6.535662879315751
41,87,gate_up,8218,False,0.11587623506784439,6.651220135476723
41,88,gate_up,11133,False,0.11514140665531158,9.790233604026032
41,89,gate_up,3673,False,0.12687581777572632,6.094778957674867
41,90,gate_up,9302,False,0.11697030067443848,5.262743846092649
41,91,gate_up,16,True,0.10861297696828842,6.710875863645974
41,92,gate_up,34887,False,0.11200661212205887,6.80161375373759
41,93,gate_up,16165,False,0.113265760242939,6.860861677413563
41,94,gate_up,46,True,0.10875396430492401,6.710875863645974
41,95,gate_up,509,True,0.10862648487091064,6.710875863645974
41,96,gate_up,4,True,0.10875370353460312,6.710875863645974
41,97,gate_up,36622,False,0.11188934743404388,5.815273986236803
41,98,gate_up,4,True,0.10872787982225418,6.710875863645974
41,99,gate_up,18403,False,0.11363141238689423,6.2148268720338296
41,100,gate_up,30490,False,0.11210417002439499,5.932761333082822
41,101,gate_up,7,True,0.10859134048223495,6.710875863645974
41,102,gate_up,6476,False,0.1186373308300972,6.416751389894241
41,103,gate_up,74922,False,0.11013971269130707,6.78790027087066
41,104,gate_up,6,True,0.10874436795711517,6.710875863645974
41,105,gate_up,2262,False,0.13094399869441986,6.977433212776347
41,106,gate_up,47646,False,0.11131695657968521,7.277928609255095
41,107,gate_up,2,True,0.10874804109334946,6.710875863645974
41,108,gate_up,992,False,0.118049755692482,10.841874830279478
41,109,gate_up,2453,False,0.1301763653755188,5.728515882135208
41,110,gate_up,14,True,0.10864163190126419,6.710875863645974
41,111,gate_up,63,True,0.10865681618452072,6.710875863645974
41,112,gate_up,53817,False,0.11063357442617416,6.342514373214704
41,113,gate_up,1170,False,0.13576970994472504,6.202071773779807
41,114,gate_up,162,True,0.1086948961019516,6.710875863645974
41,115,gate_up,10747,False,0.11465280503034592,8.929643886656166
41,116,gate_up,898,False,0.13860446214675903,5.665193377928397
41,117,gate_up,18390,False,0.11354552954435349,6.32188043856946
41,118,gate_up,6751,False,0.11868610978126526,7.273660476877017
41,119,gate_up,74,True,0.10868915170431137,6.710875863645974
41,120,gate_up,2664,False,0.13217903673648834,4.51929206776739
41,121,gate_up,90888,False,0.11016064882278442,6.830496133304397
41,122,gate_up,22693,False,0.11250030994415283,9.456537228396149
41,123,gate_up,6986,False,0.116789810359478,8.790336154341194
41,124,gate_up,1786,False,0.13416755199432373,6.795765401536881
41,125,gate_up,0,True,0.10866034775972366,6.710875863645974
41,126,gate_up,16586,False,0.11335781216621399,6.0389957941678025
41,127,gate_up,319,True,0.10866514593362808,6.710875863645974
41,0,down,40257,False,0.12011774629354477,3.5637725132540328
41,1,down,74412,False,0.11243632435798645,1.8203091517617782
41,2,down,36549,False,0.10894624888896942,1.8199293578848235
41,3,down,209,True,0.0969521701335907,1.0814377026805926
41,4,down,0,True,0.09707653522491455,1.0814377026805926
41,5,down,30018,False,0.11382453143596649,1.632042727002654
41,6,down,28702,False,0.10589855909347534,1.2124932972209765
41,7,down,20385,False,0.11747526377439499,1.6017648185516296
41,8,down,1,True,0.0970856100320816,1.0814377026805926
41,9,down,88278,False,0.10694517195224762,1.767270151640356
41,10,down,6827,False,0.11602676659822464,1.948734927937254
41,11,down,32349,False,0.1122392788529396,1.3648781798072365
41,12,down,125,True,0.09709912538528442,1.0814377026805926
41,13,down,2290,False,0.12397583574056625,2.4443341389826996
41,14,down,35676,False,0.10831204801797867,1.654314106157489
41,15,down,35929,False,0.10868185013532639,1.7514782917724732
41,16,down,11,True,0.09697602689266205,1.0814377026805926
41,17,down,22968,False,0.10841364413499832,1.6225848900068522
41,18,down,32634,False,0.11226439476013184,1.5899836201613264
41,19,down,26997,False,0.11584579199552536,1.9061233795935744
41,20,down,33289,False,0.10629740357398987,1.5439210630528082
41,21,down,17769,False,0.12310582399368286,2.953344918272361
41,22,down,525,False,0.14643576741218567,1.9614588062319334
41,23,down,42,True,0.0968966856598854,1.0814377026805926
41,24,down,1,True,0.09692852944135666,1.0814377026805926
41,25,down,4483,False,0.11174653470516205,1.1713307564963131
41,26,down,7431,False,0.11820491403341293,1.6175413304452457
41,27,down,43,True,0.09708407521247864,1.0814377026805926
41,28,down,85,True,0.09689104557037354,1.0814377026805926
41,29,down,44,True,0.0969894528388977,1.0814377026805926
41,30,down,13542,False,0.1146010234951973,1.6227891536759327
41,31,down,8,True,0.09691640734672546,1.0814377026805926
41,32,down,5,True,0.09700154513120651,1.0814377026805926
41,33,down,413,True,0.0970936119556427,1.0814377026805926
41,34,down,6550,False,0.11395402997732162,1.51381675530874
41,35,down,36908,False,0.1095542386174202,1.846739142416771
41,36,down,36024,False,0.11347892135381699,2.0536871161745025
41,37,down,1896,False,0.1278529167175293,2.5348173869524486
41,38,down,1495,False,0.133987158536911,3.392003189554964
41,39,down,5220,False,0.12491797655820847,1.643670106208757
41,40,down,227,True,0.09692490100860596,1.0814377026805926
41,41,down,1082,False,0.12909558415412903,4.52574134267616
41,42,down,23490,False,0.1223144680261612,5.139461358918719
41,43,down,1,True,0.09687808901071548,1.0814377026805926
41,44,down,11467,False,0.11440110951662064,1.6104831505656458
41,45,down,36276,False,0.11433674395084381,1.5133431372974424
41,46,down,25036,False,0.11545009911060333,1.8474178051868753
41,47,down,8063,False,0.11319592595100403,1.4833768997195234
41,48,down,21995,False,0.11802152544260025,2.1404025379314207
41,49,down,26547,False,0.1059061735868454,1.2297473981145455
41,50,down,17634,False,0.12134458124637604,1.5536498982562692
41,51,down,1239,False,0.13422174751758575,2.811068207404033
41,52,down,25711,False,0.10959195345640182,1.5609657282180174
41,53,down,30579,False,0.11013936251401901,1.3836934436502342
41,54,down,19092,False,0.10763867944478989,1.1869544935293306
41,55,down,13033,False,0.12268076837062836,2.0858014256959447
41,56,down,34,True,0.09697918593883514,1.0814377026805926
41,57,down,23349,False,0.11696770787239075,1.5488149895656735
41,58,down,7793,False,0.11824587732553482,1.6134956511008802
41,59,down,6595,False,0.12270819395780563,3.4850499364518055
41,60,down,4,True,0.09711689502000809,1.0814377026805926
41,61,down,25336,False,0.11155818402767181,1.3250858388079865
41,62,down,16954,False,0.11115385591983795,1.7774648226265397
41,63,down,36936,False,0.1135232225060463,1.8366989692876998
41,64,down,31731,False,0.1094893366098404,1.6987142164592797
41,65,down,42404,False,0.11191031336784363,1.582435616848133
41,66,down,40964,False,0.10975560545921326,1.3973664882899277
41,67,down,3,True,0.09712833166122437,1.0814377026805926
41,68,down,36242,False,0.11024071276187897,1.7000573356235444
41,69,down,31991,False,0.11509272456169128,2.469421851787496
41,70,down,2,True,0.09690740704536438,1.0814377026805926
41,71,down,63,True,0.09697812050580978,1.0814377026805926
41,72,down,18776,False,0.12542515993118286,2.267334760814973
41,73,down,23148,False,0.11016260087490082,1.4138674218423255
41,74,down,407,True,0.09708217531442642,1.0814377026805926
41,75,down,6096,False,0.10736493021249771,1.2460014165911717
41,76,down,66,True,0.09685409814119339,1.0814377026805926
41,77,down,64742,False,0.11486082524061203,1.4840468441498762
41,78,down,5550,False,0.1186613067984581,2.076553193842682
41,79,down,30147,False,0.11279083788394928,1.9632644667416546
41,80,down,34486,False,0.12002655863761902,2.4911848541288557
41,81,down,22328,False,0.11402805894613266,1.7161970141462155
41,82,down,46820,False,0.11092616617679596,1.5022460523719612
41,83,down,4511,False,0.11974801868200302,2.287351334607275
41,84,down,26553,False,0.11058466136455536,1.4300333575730506
41,85,down,32342,False,0.10561183840036392,1.4846952238514703
41,86,down,671,False,0.14306077361106873,4.9570817775117755
41,87,down,8218,False,0.11023591458797455,1.6281110119326871
41,88,down,11133,False,0.13009263575077057,2.2650703729445834
41,89,down,3673,False,0.11976367980241776,1.4842135442246758
41,90,down,9302,False,0.11530420184135437,1.4637644968374153
41,91,down,16,True,0.09706513583660126,1.0814377026805926
41,92,down,34887,False,0.11017787456512451,1.6415580250174517
41,93,down,16165,False,0.1099722683429718,1.3563591104098909
41,94,down,46,True,0.096988745033741,1.0814377026805926
41,95,down,509,True,0.0969429463148117,1.0814377026805926
41,96,down,4,True,0.09711843729019165,1.0814377026805926
41,97,down,36622,False,0.1116766482591629,1.8330012628855952
41,98,down,4,True,0.09694916009902954,1.0814377026805926
41,99,down,18403,False,0.11826398968696594,2.3437830165156326
41,100,down,30490,False,0.1111380010843277,1.3910979392235692
41,101,down,7,True,0.09692999720573425,1.0814377026805926
41,102,down,6476,False,0.11092254519462585,1.455750721891956
41,103,down,74922,False,0.10873592644929886,1.61773425999737
41,104,down,6,True,0.09691984951496124,1.0814377026805926
41,105,down,2262,False,0.12474007904529572,2.223171825596888
41,106,down,47646,False,0.10507580637931824,1.4910308976424074
41,107,down,2,True,0.09709469974040985,1.0814377026805926
41,108,down,992,False,0.13245435059070587,5.575817100241398
41,109,down,2453,False,0.12428856641054153,1.9455297783830525
41,110,down,14,True,0.09690875560045242,1.0814377026805926
41,111,down,63,True,0.0970120057463646,1.0814377026805926
41,112,down,53817,False,0.10618626326322556,1.5607799221737717
41,113,down,1170,False,0.13619843125343323,1.7573697135676865
41,114,down,162,True,0.0968269631266594,1.0814377026805926
41,115,down,10747,False,0.11400946229696274,1.3474876514945024
41,116,down,898,False,0.14257368445396423,1.4388100545350855
41,117,down,18390,False,0.10703542083501816,1.47545549602203
41,118,down,6751,False,0.10882346332073212,1.1228312278511323
41,119,down,74,True,0.09692544490098953,1.0814377026805926
41,120,down,2664,False,0.11673833429813385,1.3422088953362625
41,121,down,90888,False,0.10906455665826797,1.4706564427143396
41,122,down,22693,False,0.11259881407022476,1.2615140610269995
41,123,down,6986,False,0.11781137436628342,2.894762830708969
41,124,down,1786,False,0.13198716938495636,2.004675811514746
41,125,down,0,True,0.09699222445487976,1.0814377026805926
41,126,down,16586,False,0.11034645140171051,1.4124009901173336
41,127,down,319,True,0.09691361337900162,1.0814377026805926
42,0,gate_up,16,True,0.10846763849258423,6.177202569634576
42,1,gate_up,58,True,0.1084466204047203,6.177202569634576
42,2,gate_up,22711,False,0.11234280467033386,6.621001690417053
42,3,gate_up,62090,False,0.11022303253412247,5.774288633467938
42,4,gate_up,23473,False,0.11177503317594528,5.787900725741776
42,5,gate_up,18308,False,0.112581267952919,5.993951179975904
42,6,gate_up,4287,False,0.11908748745918274,6.654753668226922
42,7,gate_up,10005,False,0.115241140127182,6.043873374452069
42,8,gate_up,31462,False,0.11160686612129211,7.796113842189047
42,9,gate_up,6298,False,0.11890586465597153,7.191268331593612
42,10,gate_up,3959,False,0.1270889788866043,5.521372520788819
42,11,gate_up,0,True,0.10838186740875244,6.177202569634576
42,12,gate_up,33049,False,0.11182865500450134,5.937323733106258
42,13,gate_up,7,True,0.108476422727108,6.177202569634576
42,14,gate_up,40963,False,0.11102595180273056,5.993667263511977
42,15,gate_up,0,True,0.10851603001356125,6.177202569634576
42,16,gate_up,98207,False,0.10951458662748337,6.497999323127313
42,17,gate_up,26616,False,0.11156976222991943,6.011696759456621
42,18,gate_up,46522,False,0.11112482100725174,5.852952537266336
42,19,gate_up,4769,False,0.12170638889074326,5.557132602982202
42,20,gate_up,8683,False,0.11649921536445618,9.460235818443657
42,21,gate_up,23361,False,0.11180546134710312,5.597317056292564
42,22,gate_up,37576,False,0.11167098581790924,6.013861859752746
42,23,gate_up,92881,False,0.11003455519676208,6.1494566302109295
42,24,gate_up,77158,False,0.11092814058065414,7.246998524191297
42,25,gate_up,17563,False,0.1127074658870697,7.654389335818782
42,26,gate_up,0,True,0.10851579904556274,6.177202569634576
42,27,gate_up,24110,False,0.11228962242603302,5.072054369400878
42,28,gate_up,21397,False,0.11280561983585358,7.35607464438338
42,29,gate_up,189,True,0.10848897695541382,6.177202569634576
42,30,gate_up,8412,False,0.11854346096515656,6.741744830303069
42,31,gate_up,34051,False,0.11207110434770584,6.376172164488272
42,32,gate_up,10891,False,0.11626606434583664,5.842859105909086
42,33,gate_up,11884,False,0.11423534154891968,5.8831388076309326
42,34,gate_up,55,True,0.1083822026848793,6.177202569634576
42,35,gate_up,1699,False,0.13265304267406464,6.615420565809694
42,36,gate_up,3969,False,0.1244603618979454,5.716496452027049
42,37,gate_up,26354,False,0.11212132126092911,6.105891814438712
42,38,gate_up,4127,False,0.12435057014226913,5.35404059523502
42,39,gate_up,17201,False,0.11342792958021164,6.423571361921551
42,40,gate_up,3,True,0.10844817012548447,6.177202569634576
42,41,gate_up,8840,False,0.11599498242139816,5.426796780426423
42,42,gate_up,35,True,0.1085149347782135,6.177202569634576
42,43,gate_up,30196,False,0.11166614294052124,5.805259493144931
42,44,gate_up,2,True,0.10828425735235214,6.177202569634576
42,45,gate_up,8,True,0.10854747891426086,6.177202569634576
42,46,gate_up,17,True,0.10838833451271057,6.177202569634576
42,47,gate_up,3047,False,0.12287990748882294,7.788222996697602
42,48,gate_up,7,True,0.10849151015281677,6.177202569634576
42,49,gate_up,48170,False,0.11225564777851105,8.67797396940251
42,50,gate_up,8341,False,0.11717856675386429,6.612623898651093
42,51,gate_up,0,True,0.10852066427469254,6.177202569634576
42,52,gate_up,11057,False,0.11637511849403381,6.8025479287355415
42,53,gate_up,301,True,0.10845779627561569,6.177202569634576
42,54,gate_up,14,True,0.10835921764373779,6.177202569634576
42,55,gate_up,68261,False,0.1102490946650505,6.822581033824356
42,56,gate_up,10756,False,0.11683038622140884,7.1724354343567605
42,57,gate_up,11,True,0.10845493525266647,6.177202569634576
42,58,gate_up,9127,False,0.11739987134933472,6.270392374153106
42,59,gate_up,22472,False,0.11256936937570572,7.882854361261439
42,60,gate_up,40,True,0.1084560975432396,6.177202569634576
42,61,gate_up,4697,False,0.12415546178817749,6.258620400738799
42,62,gate_up,59,True,0.108441561460495,6.177202569634576
42,63,gate_up,1531,False,0.13745319843292236,6.063820420333696
42,64,gate_up,24457,False,0.11323648691177368,6.198612873042842
42,65,gate_up,34683,False,0.11139865964651108,5.815594398051694
42,66,gate_up,15550,False,0.11299902945756912,6.204817342058986
42,67,gate_up,126,True,0.10845480859279633,6.177202569634576
42,68,gate_up,9943,False,0.11535413563251495,6.124923966821755
42,69,gate_up,38683,False,0.11047589033842087,6.328523154740399
42,70,gate_up,23738,False,0.11147899925708771,6.371276152652378
42,71,gate_up,56359,False,0.11019311100244522,5.698482842216908
42,72,gate_up,12,True,0.10843458026647568,6.177202569634576
42,73,gate_up,34253,False,0.11174415051937103,6.4406348061079735
42,74,gate_up,36751,False,0.11179815232753754,6.247433795312203
42,75,gate_up,45669,False,0.11136600375175476,8.140480035115539
42,76,gate_up,3406,False,0.1266966462135315,6.180719727703109
42,77,gate_up,13406,False,0.11408718675374985,7.505584396368372
42,78,gate_up,522,False,0.12439160794019699,6.062629220193419
42,79,gate_up,7437,False,0.11690174788236618,6.892944960758554
42,80,gate_up,28665,False,0.11209634691476822,5.613103781280683
42,81,gate_up,1654,False,0.12182889878749847,10.942500925664584
42,82,gate_up,65,True,0.10826598852872849,6.177202569634576
42,83,gate_up,366,True,0.1085016280412674,6.177202569634576
42,84,gate_up,5837,False,0.11901617050170898,6.159706655007094
42,85,gate_up,3,True,0.10846370458602905,6.177202569634576
42,86,gate_up,42090,False,0.11110206693410873,6.176550713325888
42,87,gate_up,1535,False,0.13251377642154694,6.964436241484135
42,88,gate_up,798,False,0.12956516444683075,5.6878210378631175
42,89,gate_up,163,True,0.10841760784387589,6.177202569634576
42,90,gate_up,25573,False,0.1134859025478363,9.462949601493468
42,91,gate_up,1807,False,0.1317138671875,6.593495727054773
42,92,gate_up,8814,False,0.1182662695646286,5.519199507243735
42,93,gate_up,33093,False,0.11196623742580414,5.488260960335905
42,94,gate_up,443,True,0.10844986140727997,6.177202569634576
42,95,gate_up,264,True,0.10840523988008499,6.177202569634576
42,96,gate_up,1355,False,0.1412387192249298,5.54498308723998
42,97,gate_up,1528,False,0.14258773624897003,5.998206879939868
42,98,gate_up,30464,False,0.11209673434495926,6.049930811120791
42,99,gate_up,14652,False,0.11687649041414261,7.477335969776928
42,100,gate_up,5023,False,0.12288230657577515,5.751549893464326
42,101,gate_up,41260,False,0.11113227158784866,5.606051304927382
42,102,gate_up,32312,False,0.11203204095363617,5.49775889481558
42,103,gate_up,14,True,0.10847912728786469,6.177202569634576
42,104,gate_up,1523,False,0.12914246320724487,8.21097902873182
42,105,gate_up,11,True,0.10850905627012253,6.177202569634576
42,106,gate_up,25575,False,0.11189263314008713,7.0843100810535145
42,107,gate_up,0,True,0.10841114819049835,6.177202569634576
42,108,gate_up,22038,False,0.11475873738527298,7.314853615664897
42,109,gate_up,7844,False,0.1174364760518074,6.208427699253681
42,110,gate_up,1025,False,0.13318149745464325,4.109257584116266
42,111,gate_up,12836,False,0.11526557803153992,7.57659471334677
42,112,gate_up,1540,False,0.13722126185894012,6.099828542834994
42,113,gate_up,11267,False,0.11512833833694458,6.99790890130439
42,114,gate_up,18632,False,0.11360624432563782,6.557914283884888
42,115,gate_up,103102,False,0.10986515134572983,5.517081109775945
42,116,gate_up,16163,False,0.11331764608621597,5.100020657720848
42,117,gate_up,30111,False,0.11319038271903992,6.874751496935359
42,118,gate_up,157,True,0.10846350342035294,6.177202569634576
42,119,gate_up,13307,False,0.11345228552818298,5.041157454040596
42,120,gate_up,41,True,0.10843250155448914,6.177202569634576
42,121,gate_up,841,False,0.13257674872875214,5.552328815103798
42,122,gate_up,3,True,0.10848098248243332,6.177202569634576
42,123,gate_up,43433,False,0.11092620342969894,6.4485243071007705
42,124,gate_up,29,True,0.1084253266453743,6.177202569634576
42,125,gate_up,33158,False,0.11253274977207184,6.2959449907360945
42,126,gate_up,50337,False,0.11182892322540283,8.875436734819788
42,127,gate_up,53,True,0.1084219291806221,6.177202569634576
42,0,down,16,True,0.09685571491718292,1.0697919427891787
42,1,down,58,True,0.0970168486237526,1.0697919427891787
42,2,down,22711,False,0.10579552501440048,1.33845398593699
42,3,down,62090,False,0.11142943799495697,1.627568343071735
42,4,down,23473,False,0.11490185558795929,1.6146346970179886
42,5,down,18308,False,0.10692083835601807,1.5084380988324657
42,6,down,4287,False,0.12513673305511475,9.844275498350378
42,7,down,10005,False,0.11119376868009567,1.3550482934739183
42,8,down,31462,False,0.10850411653518677,1.3103739253395623
42,9,down,6298,False,0.12355376780033112,2.895126710165514
42,10,down,3959,False,0.12076438963413239,2.475360172537248
42,11,down,0,True,0.09684259444475174,1.0697919427891787
42,12,down,33049,False,0.11454053223133087,1.4512677419783473
42,13,down,7,True,0.09694194048643112,1.0697919427891787
42,14,down,40963,False,0.10752936452627182,1.570386883150048
42,15,down,0,True,0.0970347449183464,1.0697919427891787
42,16,down,98207,False,0.1083468571305275,1.6171594700756935
42,17,down,26616,False,0.11127890646457672,1.3795224005309987
42,18,down,46522,False,0.10935632884502411,1.636563692706145
42,19,down,4769,False,0.11610937863588333,1.5514000136513746
42,20,down,8683,False,0.11369485408067703,1.5338799147871967
42,21,down,23361,False,0.11240094155073166,1.7830554504744494
42,22,down,37576,False,0.10769976675510406,1.5632044721883107
42,23,down,92881,False,0.11175129562616348,1.3597250026278525
42,24,down,77158,False,0.11472944915294647,1.5679367031192668
42,25,down,17563,False,0.11036258935928345,1.8583148573466264
42,26,down,0,True,0.09701564162969589,1.0697919427891787
42,27,down,24110,False,0.11623723059892654,1.6813280934051926
42,28,down,21397,False,0.11368066072463989,1.462973062381944
42,29,down,189,True,0.09681734442710876,1.0697919427891787
42,30,down,8412,False,0.11848904192447662,1.952148455579286
42,31,down,34051,False,0.11682706326246262,2.0590811831193716
42,32,down,10891,False,0.1162959635257721,1.891340118750373
42,33,down,11884,False,0.10741014033555984,1.1248510370860534
42,34,down,55,True,0.09683577716350555,1.0697919427891787
42,35,down,1699,False,0.12759831547737122,1.849213570590697
42,36,down,3969,False,0.11951243132352829,1.528395644033
42,37,down,26354,False,0.11287813633680344,1.7984479695376836
42,38,down,4127,False,0.11468826234340668,1.3485794833868117
42,39,down,17201,False,0.12417186796665192,2.4174896757690334
42,40,down,3,True,0.09680722653865814,1.0697919427891787
42,41,down,8840,False,0.1177293211221695,1.4435818754229288
42,42,down,35,True,0.09702162444591522,1.0697919427891787
42,43,down,30196,False,0.10663735866546631,1.3784822492694886
42,44,down,2,True,0.09706872701644897,1.0697919427891787
42,45,down,8,True,0.09701403975486755,1.0697919427891787
42,46,down,17,True,0.09697278589010239,1.0697919427891787
42,47,down,3047,False,0.12486311793327332,2.955444733014234
42,48,down,7,True,0.0971158891916275,1.0697919427891787
42,49,down,48170,False,0.11496370285749435,2.02645339342795
42,50,down,8341,False,0.11309941858053207,1.3502607035048129
42,51,down,0,True,0.0969410166144371,1.0697919427891787
42,52,down,11057,False,0.12023268640041351,2.4412583292861005
42,53,down,301,True,0.09686791151762009,1.0697919427891787
42,54,down,14,True,0.09689660370349884,1.0697919427891787
42,55,down,68261,False,0.10972363501787186,1.282381271622609
42,56,down,10756,False,0.12297126650810242,2.462430712757984
42,57,down,11,True,0.09698998928070068,1.0697919427891787
42,58,down,9127,False,0.11176033318042755,2.059279573878268
42,59,down,22472,False,0.11116838455200195,1.3505477610940082
42,60,down,40,True,0.0966755598783493,1.0697919427891787
42,61,down,4697,False,0.12244044244289398,1.6745889048522629
42,62,down,59,True,0.0968717634677887,1.0697919427891787
42,63,down,1531,False,0.13339784741401672,1.7061283173354702
42,64,down,24457,False,0.12190457433462143,2.8059031437888398
42,65,down,34683,False,0.1083039715886116,1.5889477991616745
42,66,down,15550,False,0.10972397029399872,1.1536530267202707
42,67,down,126,True,0.09686405211687088,1.0697919427891787
42,68,down,9943,False,0.11925151944160461,1.6843962693674088
42,69,down,38683,False,0.10635971277952194,1.2182387730567272
42,70,down,23738,False,0.10600569099187851,1.1999834978680515
42,71,down,56359,False,0.11157763749361038,1.843375271576026
42,72,down,12,True,0.0968094915151596,1.0697919427891787
42,73,down,34253,False,0.11225848644971848,1.5180022795417054
42,74,down,36751,False,0.11264267563819885,1.5418337299949
42,75,down,45669,False,0.11177687346935272,1.6983455208846676
42,76,down,3406,False,0.11581896990537643,1.5542981323503606
42,77,down,13406,False,0.11449415236711502,1.461923278745017
42,78,down,522,False,0.14639216661453247,1.93326810415779
42,79,down,7437,False,0.11384934931993484,1.3380128730905811
42,80,down,28665,False,0.11897160112857819,1.5173513244853254
42,81,down,1654,False,0.13049745559692383,3.4987452962300285
42,82,down,65,True,0.09682466089725494,1.0697919427891787
42,83,down,366,True,0.09674938768148422,1.0697919427891787
42,84,down,5837,False,0.11148539185523987,1.372566365946297
42,85,down,3,True,0.09701868146657944,1.0697919427891787
42,86,down,42090,False,0.11047548055648804,1.8582759747540691
42,87,down,1535,False,0.13142210245132446,1.8697164504843147
42,88,down,798,False,0.14454376697540283,1.778381216935001
42,89,down,163,True,0.0969301387667656,1.0697919427891787
42,90,down,25573,False,0.11060002446174622,1.5846362068860935
42,91,down,1807,False,0.13545480370521545,2.1488497697458686
42,92,down,8814,False,0.11631949245929718,1.693059781834739
42,93,down,33093,False,0.10771621763706207,1.912611864432861
42,94,down,443,True,0.09699845314025879,1.0697919427891787
42,95,down,264,True,0.09701360017061234,1.0697919427891787
42,96,down,1355,False,0.13562089204788208,1.6241831086855365
42,97,down,1528,False,0.12812483310699463,2.124615289072982
42,98,down,30464,False,0.10991901904344559,1.4796360673922873
42,99,down,14652,False,0.1134016364812851,1.3750398520587688
42,100,down,5023,False,0.11938386410474777,1.4342425439107593
42,101,down,41260,False,0.11564895510673523,1.9786875217728972
42,102,down,32312,False,0.11615382134914398,1.5501636045935439
42,103,down,14,True,0.0969042032957077,1.0697919427891787
42,104,down,1523,False,0.1322600096464157,5.825191012022941
42,105,down,11,True,0.09664198011159897,1.0697919427891787
42,106,down,25575,False,0.10455711930990219,1.228492543066467
42,107,down,0,True,0.09703098982572556,1.0697919427891787
42,108,down,22038,False,0.12000434100627899,1.504980544897805
42,109,down,7844,False,0.10949158668518066,1.4685272821584134
42,110,down,1025,False,0.1414576917886734,1.4639853067582387
42,111,down,12836,False,0.1145467460155487,1.9443146510386606
42,112,down,1540,False,0.13186301290988922,2.0933576998357646
42,113,down,11267,False,0.12110277265310287,3.028372706459155
42,114,down,18632,False,0.11373700201511383,2.189527969005641
42,115,down,103102,False,0.11069033294916153,1.445717275117329
42,116,down,16163,False,0.10697874426841736,1.2480935511013822
42,117,down,30111,False,0.11987809091806412,1.7495128785127034
42,118,down,157,True,0.09685444831848145,1.0697919427891787
42,119,down,13307,False,0.11321938037872314,2.3422331297193946
42,120,down,41,True,0.0969056785106659,1.0697919427891787
42,121,down,841,False,0.1384146362543106,3.0132880865802734
42,122,down,3,True,0.09679112583398819,1.0697919427891787
42,123,down,43433,False,0.10736576467752457,1.599732984316659
42,124,down,29,True,0.09685929119586945,1.0697919427891787
42,125,down,33158,False,0.11441143602132797,1.7543249593162416
42,126,down,50337,False,0.11432740837335587,2.04409830351881
42,127,down,53,True,0.09684816002845764,1.0697919427891787
43,0,gate_up,12182,False,0.11658310145139694,6.643613115375388
43,1,gate_up,7,True,0.10761802643537521,5.688957496222762
43,2,gate_up,22829,False,0.11100968718528748,6.31952443590003
43,3,gate_up,500,True,0.10751723498106003,5.688957496222762
43,4,gate_up,42530,False,0.1107698529958725,5.005547171165246
43,5,gate_up,66802,False,0.10924754291772842,5.132723242307555
43,6,gate_up,28263,False,0.11070437729358673,5.064204986008472
43,7,gate_up,10776,False,0.11508636921644211,5.358884230374836
43,8,gate_up,68566,False,0.11044955253601074,7.011472627455665
43,9,gate_up,51,True,0.10740919411182404,5.688957496222762
43,10,gate_up,3127,False,0.13052929937839508,5.446279393623684
43,11,gate_up,68,True,0.10766265541315079,5.688957496222762
43,12,gate_up,30335,False,0.11221837252378464,5.9728391281862425
43,13,gate_up,200,True,0.10761354118585587,5.688957496222762
43,14,gate_up,13,True,0.10763569921255112,5.688957496222762
43,15,gate_up,1445,False,0.13144941627979279,7.136064170649948
43,16,gate_up,34068,False,0.11053525656461716,6.357344329184035
43,17,gate_up,62,True,0.10752397775650024,5.688957496222762
43,18,gate_up,9332,False,0.11515353620052338,5.6426158644574045
43,19,gate_up,33171,False,0.11215638369321823,5.689823391067422
43,20,gate_up,1008,False,0.13639213144779205,5.601065641862068
43,21,gate_up,88,True,0.10747308284044266,5.688957496222762
43,22,gate_up,3,True,0.10760027170181274,5.688957496222762
43,23,gate_up,16,True,0.1076127290725708,5.688957496222762
43,24,gate_up,25007,False,0.11011077463626862,5.434628668405231
43,25,gate_up,100,True,0.10751491785049438,5.688957496222762
43,26,gate_up,41138,False,0.11009353399276733,5.114377036310019
43,27,gate_up,3164,False,0.13001419603824615,5.846028818974274
43,28,gate_up,684,False,0.12245959788560867,8.821995326431344
43,29,gate_up,23258,False,0.11228472739458084,4.676181452721976
43,30,gate_up,11238,False,0.11500385403633118,6.64866289530166
43,31,gate_up,20107,False,0.1142844557762146,5.857563502233165
43,32,gate_up,7121,False,0.11820880323648453,5.102537991689928
43,33,gate_up,2161,False,0.133294016122818,4.752888114990095
43,34,gate_up,2804,False,0.13005328178405762,6.718796944306331
43,35,gate_up,2446,False,0.13118809461593628,4.842380334101045
43,36,gate_up,91075,False,0.10951131582260132,5.159669761744563
43,37,gate_up,26975,False,0.11271163821220398,5.12909738468968
43,38,gate_up,2961,False,0.13009139895439148,5.026669736465897
43,39,gate_up,6632,False,0.11728182435035706,5.553656478390758
43,40,gate_up,81,True,0.10763867944478989,5.688957496222762
43,41,gate_up,18530,False,0.11383659392595291,5.540787925123457
43,42,gate_up,11609,False,0.11468882113695145,6.60596596234119
43,43,gate_up,35233,False,0.11184707283973694,5.3494169484543574
43,44,gate_up,67607,False,0.1096876785159111,5.705065406299547
43,45,gate_up,7042,False,0.11717736721038818,4.661937142419868
43,46,gate_up,67443,False,0.10970506817102432,4.969876434546226
43,47,gate_up,30738,False,0.11269479244947433,8.906338337387618
43,48,gate_up,407,True,0.10740363597869873,5.688957496222762
43,49,gate_up,38134,False,0.11182747781276703,6.888840842015513
43,50,gate_up,4986,False,0.12107253819704056,6.480056439280715
43,51,gate_up,5,True,0.10745373368263245,5.688957496222762
43,52,gate_up,7744,False,0.11762386560440063,5.347264015561246
43,53,gate_up,9633,False,0.1166495755314827,7.241512541600948
43,54,gate_up,17,True,0.1074996069073677,5.688957496222762
43,55,gate_up,4363,False,0.1253761202096939,6.135709327559165
43,56,gate_up,59027,False,0.11009777337312698,6.393022469955868
43,57,gate_up,107,True,0.10751782357692719,5.688957496222762
43,58,gate_up,53380,False,0.10975349694490433,5.981413392838864
43,59,gate_up,22659,False,0.11141839623451233,6.133885956272346
43,60,gate_up,6681,False,0.11794359236955643,4.753527398210817
43,61,gate_up,15346,False,0.11235804110765457,5.574757405620915
43,62,gate_up,12325,False,0.11580289900302887,6.736381022135799
43,63,gate_up,5573,False,0.12159192562103271,5.758894895640425
43,64,gate_up,42,True,0.10741586983203888,5.688957496222762
43,65,gate_up,36685,False,0.11035892367362976,5.2151321055119855
43,66,gate_up,25509,False,0.11321604251861572,6.876890872322002
43,67,gate_up,14,True,0.10757201164960861,5.688957496222762
43,68,gate_up,82786,False,0.1089017391204834,5.246044353286331
43,69,gate_up,7879,False,0.11673925071954727,5.663822478615947
43,70,gate_up,12818,False,0.11382824927568436,6.181589732133612
43,71,gate_up,9461,False,0.11651045829057693,6.387841472161818
43,72,gate_up,7727,False,0.11705520749092102,5.94095515285466
43,73,gate_up,1,True,0.10756786912679672,5.688957496222762
43,74,gate_up,19739,False,0.11304919421672821,8.721371659246289
43,75,gate_up,42084,False,0.1087532714009285,6.206225102581707
43,76,gate_up,16,True,0.10752635449171066,5.688957496222762
43,77,gate_up,32314,False,0.11241403222084045,5.59178590674922
43,78,gate_up,2537,False,0.1274491846561432,4.754977656731855
43,79,gate_up,477,True,0.10751374065876007,5.688957496222762
43,80,gate_up,27652,False,0.11057668924331665,6.32863442148868
43,81,gate_up,46028,False,0.11054666340351105,5.158346386864381
43,82,gate_up,5890,False,0.12108203023672104,5.591957667592989
43,83,gate_up,22117,False,0.11130952835083008,5.803524823693862
43,84,gate_up,1283,False,0.11501247435808182,12.7270039449973
43,85,gate_up,6665,False,0.1177578866481781,5.650014463371355
43,86,gate_up,30,True,0.1075155958533287,5.688957496222762
43,87,gate_up,51859,False,0.11090109497308731,5.214015050115259
43,88,gate_up,33804,False,0.11221379041671753,5.342687315332337
43,89,gate_up,66,True,0.1076018214225769,5.688957496222762
43,90,gate_up,1300,False,0.11948945373296738,8.47234144946716
43,91,gate_up,10674,False,0.11433282494544983,5.883352371951705
43,92,gate_up,307,True,0.10753574967384338,5.688957496222762
43,93,gate_up,15,True,0.10756499320268631,5.688957496222762
43,94,gate_up,16433,False,0.11223529279232025,5.985394819835799
43,95,gate_up,2,True,0.10745327174663544,5.688957496222762
43,96,gate_up,7657,False,0.11784347891807556,7.412857121482519
43,97,gate_up,39287,False,0.11067549884319305,6.05099378253813
43,98,gate_up,16261,False,0.11225789040327072,6.033309093429923
43,99,gate_up,6553,False,0.1188979372382164,6.018312962026985
43,100,gate_up,44849,False,0.11056353896856308,5.0284337928002385
43,101,gate_up,98,True,0.10744760185480118,5.688957496222762
43,102,gate_up,97,True,0.10737200826406479,5.688957496222762
43,103,gate_up,17,True,0.10753780603408813,5.688957496222762
43,104,gate_up,127066,False,0.10863270610570908,6.023811303487677
43,105,gate_up,7,True,0.10768579691648483,5.688957496222762
43,106,gate_up,323,True,0.10753922909498215,5.688957496222762
43,107,gate_up,33,True,0.10747762769460678,5.688957496222762
43,108,gate_up,1608,False,0.13547302782535553,5.521490672036766
43,109,gate_up,29,True,0.10756633430719376,5.688957496222762
43,110,gate_up,101,True,0.10746321827173233,5.688957496222762
43,111,gate_up,7142,False,0.11842697113752365,5.95911402970462
43,112,gate_up,16550,False,0.11333528906106949,5.834885470923666
43,113,gate_up,291,True,0.10765532404184341,5.688957496222762
43,114,gate_up,23867,False,0.1123734563589096,6.939901263733086
43,115,gate_up,13286,False,0.11628919839859009,7.642477805209441
43,116,gate_up,2,True,0.10752186179161072,5.688957496222762
43,117,gate_up,325,True,0.10752691328525543,5.688957496222762
43,118,gate_up,242,True,0.10747697204351425,5.688957496222762
43,119,gate_up,5975,False,0.11840243637561798,6.0770794102903665
43,120,gate_up,48831,False,0.11043836921453476,5.035833972138528
43,121,gate_up,65828,False,0.11056753247976303,7.680080024451916
43,122,gate_up,12673,False,0.1151849627494812,6.026575505596037
43,123,gate_up,2659,False,0.13261806964874268,5.587940029288318
43,124,gate_up,3722,False,0.1268540322780609,4.5729235462506255
43,125,gate_up,30517,False,0.1126137301325798,8.583233905431957
43,126,gate_up,3,True,0.10750638693571091,5.688957496222762
43,127,gate_up,6056,False,0.11974789947271347,4.744856596818905
43,0,down,12182,False,0.12319564074277878,1.4801310692514342
43,1,down,7,True,0.09696683287620544,1.06784161788208
43,2,down,22829,False,0.1119522750377655,1.4978854251900933
43,3,down,500,True,0.09686250239610672,1.06784161788208
43,4,down,42530,False,0.11601274460554123,2.347957525801738
43,5,down,66802,False,0.1096225455403328,1.2959232398173604
43,6,down,28263,False,0.10581988841295242,1.21373254865416
43,7,down,10776,False,0.11846990883350372,1.6806131296386848
43,8,down,68566,False,0.10913772881031036,1.531051678225529
43,9,down,51,True,0.09669855237007141,1.06784161788208
43,10,down,3127,False,0.11877638846635818,1.3064463489256535
43,11,down,68,True,0.09683112055063248,1.06784161788208
43,12,down,30335,False,0.117302305996418,1.817795822307055
43,13,down,200,True,0.09686337411403656,1.06784161788208
43,14,down,13,True,0.09691748768091202,1.06784161788208
43,15,down,1445,False,0.1363169252872467,3.0808413656360827
43,16,down,34068,False,0.10718467086553574,1.3745636292294818
43,17,down,62,True,0.09685968607664108,1.06784161788208
43,18,down,9332,False,0.10934861749410629,1.2504926725061298
43,19,down,33171,False,0.11539887636899948,1.9578148989182638
43,20,down,1008,False,0.13969387114048004,1.88303402611176
43,21,down,88,True,0.0970810055732727,1.06784161788208
43,22,down,3,True,0.09702460467815399,1.06784161788208
43,23,down,16,True,0.09683689475059509,1.06784161788208
43,24,down,25007,False,0.10115425288677216,1.1476767228228866
43,25,down,100,True,0.09662075340747833,1.06784161788208
43,26,down,41138,False,0.11263760179281235,1.465232685486197
43,27,down,3164,False,0.12124895304441452,1.6646376659241577
43,28,down,684,False,0.1368739753961563,3.971233726695666
43,29,down,23258,False,0.11544732749462128,1.7303508891062498
43,30,down,11238,False,0.12210768461227417,2.268205247581984
43,31,down,20107,False,0.11906061321496964,3.257535951455532
43,32,down,7121,False,0.11011388152837753,1.481663742722321
43,33,down,2161,False,0.12905465066432953,3.109505851977357
43,34,down,2804,False,0.12392836809158325,4.010415403485224
43,35,down,2446,False,0.12683504819869995,2.980297979102056
43,36,down,91075,False,0.11091236025094986,1.332219187165227
43,37,down,26975,False,0.11518548429012299,1.8236273020429765
43,38,down,2961,False,0.12142042815685272,1.4746746102886037
43,39,down,6632,False,0.11196652799844742,1.4505528490767543
43,40,down,81,True,0.09697531908750534,1.06784161788208
43,41,down,18530,False,0.1198573112487793,1.6996673391134103
43,42,down,11609,False,0.11487492173910141,1.5573126689622225
43,43,down,35233,False,0.11106085032224655,1.4415863833385056
43,44,down,67607,False,0.11109308898448944,1.33505909460775
43,45,down,7042,False,0.12078755348920822,1.99461778469855
43,46,down,67443,False,0.11125314980745316,1.306696635821937
43,47,down,30738,False,0.12127790600061417,2.8646183631386033
43,48,down,407,True,0.09699666500091553,1.06784161788208
43,49,down,38134,False,0.11347098648548126,1.5067300545728215
43,50,down,4986,False,0.11625604331493378,2.107075722756252
43,51,down,5,True,0.09671510756015778,1.06784161788208
43,52,down,7744,False,0.11321618407964706,1.471614186532757
43,53,down,9633,False,0.1166195496916771,1.657682506726645
43,54,down,17,True,0.09697280824184418,1.06784161788208
43,55,down,4363,False,0.12140539288520813,1.863028757516318
43,56,down,59027,False,0.11190496385097504,1.6721544790030827
43,57,down,107,True,0.09699549525976181,1.06784161788208
43,58,down,53380,False,0.10896270722150803,1.2868396623589504
43,59,down,22659,False,0.11422830075025558,1.771289881147389
43,60,down,6681,False,0.11722246557474136,1.646695223444244
43,61,down,15346,False,0.10391932725906372,1.152098954612678
43,62,down,12325,False,0.11422280222177505,1.593158866433155
43,63,down,5573,False,0.11670020967721939,1.5008108534274698
43,64,down,42,True,0.09684500098228455,1.06784161788208
43,65,down,36685,False,0.11180505901575089,1.3302913495782096
43,66,down,25509,False,0.11688659340143204,1.6687906546074482
43,67,down,14,True,0.09685003757476807,1.06784161788208
43,68,down,82786,False,0.10662073642015457,1.375045739736331
43,69,down,7879,False,0.10958175361156464,1.2394702707370042
43,70,down,12818,False,0.11647786945104599,2.130463176021815
43,71,down,9461,False,0.12401661276817322,3.076821831595854
43,72,down,7727,False,0.11124231666326523,1.2339387990059412
43,73,down,1,True,0.09671468287706375,1.06784161788208
43,74,down,19739,False,0.10814748704433441,1.2682113545193348
43,75,down,42084,False,0.10861857980489731,1.5407964417517022
43,76,down,16,True,0.0969286635518074,1.06784161788208
43,77,down,32314,False,0.11754785478115082,2.479117756335505
43,78,down,2537,False,0.12704961001873016,3.970727606593517
43,79,down,477,True,0.09680870920419693,1.06784161788208
43,80,down,27652,False,0.10565746575593948,1.1554385551905642
43,81,down,46028,False,0.10916382819414139,1.5571560901522612
43,82,down,5890,False,0.11355679482221603,1.3150095722095605
43,83,down,22117,False,0.11134005337953568,1.422702472402099
43,84,down,1283,False,0.12310494482517242,7.706314407785173
43,85,down,6665,False,0.1171598955988884,1.774353597637642
43,86,down,30,True,0.09702064096927643,1.06784161788208
43,87,down,51859,False,0.11047482490539551,1.5606489416321974
43,88,down,33804,False,0.11647024005651474,2.4607381862045385
43,89,down,66,True,0.09686393290758133,1.06784161788208
43,90,down,1300,False,0.12963856756687164,4.343197205113332
43,91,down,10674,False,0.11289025843143463,1.559294272684502
43,92,down,307,True,0.09696085751056671,1.06784161788208
43,93,down,15,True,0.09706338495016098,1.06784161788208
43,94,down,16433,False,0.11138329654932022,1.5339839218374722
43,95,down,2,True,0.09680818021297455,1.06784161788208
43,96,down,7657,False,0.1203002855181694,2.34825536041417
43,97,down,39287,False,0.10991798341274261,1.5429908306655766
43,98,down,16261,False,0.1060209795832634,1.1586820778735683
43,99,down,6553,False,0.11392854154109955,1.181229518861559
43,100,down,44849,False,0.11666166037321091,1.4152744356766784
43,101,down,98,True,0.09694097191095352,1.06784161788208
43,102,down,97,True,0.09690617024898529,1.06784161788208
43,103,down,17,True,0.09691845625638962,1.06784161788208
43,104,down,127066,False,0.11062578856945038,1.4280241647430236
43,105,down,7,True,0.09709073603153229,1.06784161788208
43,106,down,323,True,0.09684384614229202,1.06784161788208
43,107,down,33,True,0.09689920395612717,1.06784161788208
43,108,down,1608,False,0.1306275874376297,4.423940780341921
43,109,down,29,True,0.09698627144098282,1.06784161788208
43,110,down,101,True,0.09679650515317917,1.06784161788208
43,111,down,7142,False,0.11150340735912323,1.522918133280422
43,112,down,16550,False,0.11086279898881912,1.4378672745760386
43,113,down,291,True,0.09667309373617172,1.06784161788208
43,114,down,23867,False,0.11321888864040375,1.4190585166875522
43,115,down,13286,False,0.11265961825847626,1.731005419454797
43,116,down,2,True,0.09683630615472794,1.06784161788208
43,117,down,325,True,0.09690309315919876,1.06784161788208
43,118,down,242,True,0.09682510793209076,1.06784161788208
43,119,down,5975,False,0.1135440319776535,1.3216263950633123
43,120,down,48831,False,0.11057312041521072,1.5708657721773294
43,121,down,65828,False,0.11291353404521942,1.70925576905867
43,122,down,12673,False,0.11980433762073517,3.8150877766424083
43,123,down,2659,False,0.12072070688009262,1.369408862960259
43,124,down,3722,False,0.11071393638849258,1.3659439999744245
43,125,down,30517,False,0.11498843133449554,1.9444290301155813
43,126,down,3,True,0.0968327671289444,1.06784161788208
43,127,down,6056,False,0.11468755453824997,1.4855847014411576
44,0,gate_up,24361,False,0.11148913204669952,5.570140082916514
44,1,gate_up,17015,False,0.1124078705906868,6.088771307816568
44,2,gate_up,4825,False,0.12311779707670212,6.384205675492817
44,3,gate_up,46388,False,0.10911890119314194,6.506927169129353
44,4,gate_up,884,False,0.13716208934783936,4.44475521260303
44,5,gate_up,9763,False,0.11470966041088104,8.034068624713967
44,6,gate_up,91442,False,0.10753770917654037,6.238505481709804
44,7,gate_up,346,True,0.10571134835481644,5.8501656743257415
44,8,gate_up,10377,False,0.11385093629360199,8.032215222511248
44,9,gate_up,54353,False,0.10690166801214218,5.445457059006531
44,10,gate_up,646,False,0.1315496861934662,4.939801038005469
44,11,gate_up,76580,False,0.10660809278488159,6.549016005053033
44,12,gate_up,14967,False,0.11194921284914017,6.7860774865495
44,13,gate_up,34052,False,0.11090544611215591,8.564219932378851
44,14,gate_up,1451,False,0.13875354826450348,5.468458085082885
44,15,gate_up,8463,False,0.11519156396389008,4.53370806574906
44,16,gate_up,20143,False,0.11228980123996735,6.854498807420638
44,17,gate_up,2018,False,0.13557592034339905,5.058061654222253
44,18,gate_up,31,True,0.10570486634969711,5.8501656743257415
44,19,gate_up,7000,False,0.11610490828752518,5.315434388944747
44,20,gate_up,46784,False,0.10940665006637573,5.158925988546722
44,21,gate_up,38,True,0.10576803237199783,5.8501656743257415
44,22,gate_up,61396,False,0.10820236802101135,5.962828683761545
44,23,gate_up,28916,False,0.10939653217792511,7.707109613002554
44,24,gate_up,6458,False,0.11647798866033554,5.794315903806546
44,25,gate_up,22184,False,0.11050991714000702,7.508694090965293
44,26,gate_up,2214,False,0.13676990568637848,4.693242666879215
44,27,gate_up,121428,False,0.1069260761141777,5.66566123242389
44,28,gate_up,6,True,0.1057773157954216,5.8501656743257415
44,29,gate_up,22836,False,0.11118035018444061,6.688112219858136
44,30,gate_up,618,False,0.1278667449951172,9.029137156768439
44,31,gate_up,5722,False,0.11717351526021957,8.446114243396357
44,32,gate_up,1764,False,0.13300137221813202,7.340940435490827
44,33,gate_up,19417,False,0.11129797250032425,5.819663457870604
44,34,gate_up,4397,False,0.1224815770983696,5.515634644751506
44,35,gate_up,12,True,0.1057497039437294,5.8501656743257415
44,36,gate_up,185,True,0.10559207201004028,5.8501656743257415
44,37,gate_up,38132,False,0.11007266491651535,6.879635321781169
44,38,gate_up,10993,False,0.11409460753202438,4.862067619743316
44,39,gate_up,56826,False,0.1082722619175911,4.804286219146704
44,40,gate_up,8133,False,0.1158892959356308,4.903213335334625
44,41,gate_up,2694,False,0.12913401424884796,8.586040580586745
44,42,gate_up,25932,False,0.10841095447540283,5.589735793118687
44,43,gate_up,31,True,0.1056337058544159,5.8501656743257415
44,44,gate_up,25960,False,0.11023352295160294,6.122774875668915
44,45,gate_up,39960,False,0.11049459874629974,5.716699443047012
44,46,gate_up,20953,False,0.11216438561677933,7.438883369064776
44,47,gate_up,9189,False,0.11599882692098618,5.303734683345365
44,48,gate_up,36020,False,0.11011218279600143,5.247403280992507
44,49,gate_up,5286,False,0.119247667491436,5.879304153584084
44,50,gate_up,1220,False,0.1420503854751587,5.44040363215675
44,51,gate_up,6042,False,0.11478768289089203,8.897537598552681
44,52,gate_up,12849,False,0.11176669597625732,4.863277656432236
44,53,gate_up,30327,False,0.11168904602527618,6.024815278247874
44,54,gate_up,53182,False,0.10843704640865326,4.9574403796230735
44,55,gate_up,5,True,0.10559706389904022,5.8501656743257415
44,56,gate_up,68597,False,0.10762444138526917,5.157640211643046
44,57,gate_up,4757,False,0.1229076161980629,6.007893132457088
44,58,gate_up,21535,False,0.11177714914083481,6.261544684362288
44,59,gate_up,4943,False,0.12119438499212265,7.814712234963313
44,60,gate_up,12672,False,0.11262527853250504,6.436700525477561
44,61,gate_up,2,True,0.10575713962316513,5.8501656743257415
44,62,gate_up,27492,False,0.10812240093946457,5.474839634564136
44,63,gate_up,13,True,0.10562002658843994,5.8501656743257415
44,64,gate_up,5364,False,0.12072735279798508,5.561948993190573
44,65,gate_up,5,True,0.10572119802236557,5.8501656743257415
44,66,gate_up,8926,False,0.1146693006157875,6.087854978979908
44,67,gate_up,3198,False,0.12558217346668243,6.495841513768148
44,68,gate_up,2921,False,0.12950164079666138,4.078127727016163
44,69,gate_up,125347,False,0.10705411434173584,5.208430408183487
44,70,gate_up,344,True,0.10563766956329346,5.8501656743257415
44,71,gate_up,35728,False,0.10992510616779327,5.613038669985172
44,72,gate_up,15249,False,0.11121553182601929,7.019599145867031
44,73,gate_up,28468,False,0.11138980835676193,6.602965035353413
44,74,gate_up,1,True,0.10564535856246948,5.8501656743257415
44,75,gate_up,23,True,0.10581309348344803,5.8501656743257415
44,76,gate_up,53,True,0.10578487068414688,5.8501656743257415
44,77,gate_up,22,True,0.10578939318656921,5.8501656743257415
44,78,gate_up,3571,False,0.1258101910352707,5.694270433304241
44,79,gate_up,2456,False,0.13422898948192596,4.781456764049144
44,80,gate_up,65322,False,0.10929633677005768,8.130273670963813
44,81,gate_up,45133,False,0.10883583128452301,5.153675410805488
44,82,gate_up,5721,False,0.11953849345445633,5.128604295643756
44,83,gate_up,28367,False,0.10974238067865372,4.7998336703712345
44,84,gate_up,3204,False,0.12746867537498474,6.629971979452577
44,85,gate_up,26,True,0.10573495924472809,5.8501656743257415
44,86,gate_up,19,True,0.10555586218833923,5.8501656743257415
44,87,gate_up,9,True,0.10576104372739792,5.8501656743257415
44,88,gate_up,35569,False,0.11049368977546692,5.8453099960966215
44,89,gate_up,4956,False,0.12109693884849548,6.422713422202625
44,90,gate_up,15301,False,0.11540493369102478,6.509173918881763
44,91,gate_up,11,True,0.10562486946582794,5.8501656743257415
44,92,gate_up,7101,False,0.11725874990224838,5.294121846108184
44,93,gate_up,21,True,0.10571040213108063,5.8501656743257415
44,94,gate_up,15409,False,0.11243049055337906,7.995146005494157
44,95,gate_up,2703,False,0.13100385665893555,4.2557069995959305
44,96,gate_up,4787,False,0.12174862623214722,4.6208214761308035
44,97,gate_up,11,True,0.10569408535957336,5.8501656743257415
44,98,gate_up,6845,False,0.11864230781793594,5.484454828234597
44,99,gate_up,24316,False,0.11124742776155472,6.198362665019209
44,100,gate_up,4073,False,0.12574903666973114,5.709676919404984
44,101,gate_up,3026,False,0.13258613646030426,5.143552565183003
44,102,gate_up,2448,False,0.121622733771801,11.16235203874742
44,103,gate_up,1473,False,0.14144188165664673,4.723238825417012
44,104,gate_up,18553,False,0.11009512841701508,5.129974809901623
44,105,gate_up,20509,False,0.11206149309873581,6.8172825538688695
44,106,gate_up,8,True,0.10574778914451599,5.8501656743257415
44,107,gate_up,45529,False,0.10886435955762863,6.017564464700871
44,108,gate_up,4031,False,0.1258097141981125,5.332316080863188
44,109,gate_up,198,True,0.1055605337023735,5.8501656743257415
44,110,gate_up,42135,False,0.11061806976795197,9.657652430383461
44,111,gate_up,12233,False,0.11492826044559479,6.509862368748313
44,112,gate_up,4,True,0.10557902604341507,5.8501656743257415
44,113,gate_up,19292,False,0.1093289703130722,5.091976573757354
44,114,gate_up,1933,False,0.14191100001335144,4.59469013660696
44,115,gate_up,16,True,0.10567845404148102,5.8501656743257415
44,116,gate_up,49771,False,0.10842278599739075,6.1101029201045485
44,117,gate_up,3,True,0.1056860014796257,5.8501656743257415
44,118,gate_up,12270,False,0.1124916598200798,6.490739897805441
44,119,gate_up,17676,False,0.11087535321712494,5.814130504158174
44,120,gate_up,33,True,0.10564044862985611,5.8501656743257415
44,121,gate_up,11709,False,0.11391393840312958,5.880999211295918
44,122,gate_up,38548,False,0.10884013026952744,6.5729858052804095
44,123,gate_up,2,True,0.10570037364959717,5.8501656743257415
44,124,gate_up,22,True,0.1056833565235138,5.8501656743257415
44,125,gate_up,36,True,0.10581070929765701,5.8501656743257415
44,126,gate_up,1135,False,0.13632969558238983,5.041135849448987
44,127,gate_up,754,False,0.12372830510139465,10.28046932582702
44,0,down,24361,False,0.11376098543405533,1.8425790420981014
44,1,down,17015,False,0.1131836324930191,1.5309505470747466
44,2,down,4825,False,0.11049176752567291,1.2275934386821294
44,3,down,46388,False,0.10978619009256363,1.407191786099415
44,4,down,884,False,0.140448659658432,1.5745729515985554
44,5,down,9763,False,0.11232096701860428,1.5065435417276858
44,6,down,91442,False,0.10982294380664825,1.5354800694202617
44,7,down,346,True,0.09741487354040146,1.10166261022291
44,8,down,10377,False,0.12928423285484314,5.564982094381094
44,9,down,54353,False,0.10684333741664886,1.4263706485952428
44,10,down,646,False,0.14772306382656097,2.119184563757326
44,11,down,76580,False,0.10447197407484055,2.923351933970503
44,12,down,14967,False,0.11379535496234894,1.5090883333925789
44,13,down,34052,False,0.11662779003381729,1.6372699153946628
44,14,down,1451,False,0.13285578787326813,1.9832832339214734
44,15,down,8463,False,0.10977417230606079,1.1757956191247831
44,16,down,20143,False,0.1299811750650406,2.3864177075280373
44,17,down,2018,False,0.12660765647888184,1.839772219786948
44,18,down,31,True,0.09751088172197342,1.10166261022291
44,19,down,7000,False,0.10677163302898407,1.1945248491235336
44,20,down,46784,False,0.10966399312019348,1.3532015259029337
44,21,down,38,True,0.09721458703279495,1.10166261022291
44,22,down,61396,False,0.11298181861639023,1.473847239279949
44,23,down,28916,False,0.10774069279432297,1.688564396929288
44,24,down,6458,False,0.11363004893064499,1.7118704202243693
44,25,down,22184,False,0.1080295741558075,1.7056139743343461
44,26,down,2214,False,0.12615662813186646,1.929010195273765
44,27,down,121428,False,0.11037319153547287,1.604708874329279
44,28,down,6,True,0.09739493578672409,1.10166261022291
44,29,down,22836,False,0.11743268370628357,1.6860042951866498
44,30,down,618,False,0.14234396815299988,2.1911708308828364
44,31,down,5722,False,0.12577752768993378,3.7442783773292083
44,32,down,1764,False,0.1285213977098465,4.4771010185607105
44,33,down,19417,False,0.11496841907501221,1.8032874248990818
44,34,down,4397,False,0.1188080757856369,1.6228378857594383
44,35,down,12,True,0.09753866493701935,1.10166261022291
44,36,down,185,True,0.09735219925642014,1.10166261022291
44,37,down,38132,False,0.11075562983751297,1.423879744550891
44,38,down,10993,False,0.11511769145727158,1.4556616128914028
44,39,down,56826,False,0.1098814532160759,1.4373442337466664
44,40,down,8133,False,0.11534026265144348,1.9374403173227275
44,41,down,2694,False,0.12520070374011993,3.1973289092016546
44,42,down,25932,False,0.10304497182369232,1.258078998377226
44,43,down,31,True,0.09737206250429153,1.10166261022291
44,44,down,25960,False,0.11506412923336029,1.4198513852191192
44,45,down,39960,False,0.11422351002693176,1.8558793535997151
44,46,down,20953,False,0.11577785015106201,1.7561506999934207
44,47,down,9189,False,0.11019044369459152,1.6187873552947718
44,48,down,36020,False,0.11370373517274857,1.9781962762011587
44,49,down,5286,False,0.12006194144487381,1.4650942078376699
44,50,down,1220,False,0.13497215509414673,1.771091620077547
44,51,down,6042,False,0.12068696320056915,3.3014678627788516
44,52,down,12849,False,0.11596810072660446,1.47732658905169
44,53,down,30327,False,0.11918696761131287,2.4193067802150483
44,54,down,53182,False,0.11346942186355591,1.9270370851863545
44,55,down,5,True,0.0975850522518158,1.10166261022291
44,56,down,68597,False,0.1036604568362236,1.1866407811971162
44,57,down,4757,False,0.11896975338459015,2.356517922940141
44,58,down,21535,False,0.11628499627113342,1.7731148981048432
44,59,down,4943,False,0.12270157784223557,3.198542982643768
44,60,down,12672,False,0.11875537782907486,1.920574356328045
44,61,down,2,True,0.0972859263420105,1.10166261022291
44,62,down,27492,False,0.11275936663150787,1.5217123092610525
44,63,down,13,True,0.09737544506788254,1.10166261022291
44,64,down,5364,False,0.12205454707145691,1.363342081196979
44,65,down,5,True,0.09737015515565872,1.10166261022291
44,66,down,8926,False,0.12124109268188477,1.4639242670164758
44,67,down,3198,False,0.12728922069072723,3.8715676859789823
44,68,down,2921,False,0.11604506522417068,1.5157669475572912
44,69,down,125347,False,0.11158815026283264,1.2701711070858372
44,70,down,344,True,0.09758148342370987,1.10166261022291
44,71,down,35728,False,0.11983229964971542,2.228604996015542
44,72,down,15249,False,0.10814319550991058,1.3391592317725094
44,73,down,28468,False,0.12436535209417343,2.125330882314807
44,74,down,1,True,0.09732423722743988,1.10166261022291
44,75,down,23,True,0.09720064699649811,1.10166261022291
44,76,down,53,True,0.09743698686361313,1.10166261022291
44,77,down,22,True,0.09752023220062256,1.10166261022291
44,78,down,3571,False,0.12182729691267014,3.415086235149384
44,79,down,2456,False,0.11938309669494629,1.679619616600456
44,80,down,65322,False,0.11379771679639816,1.8646440063824925
44,81,down,45133,False,0.10875721275806427,1.4861820398617902
44,82,down,5721,False,0.10721352696418762,1.2720805365110346
44,83,down,28367,False,0.11152090132236481,1.4386045588486427
44,84,down,3204,False,0.1161949634552002,1.4545900897111548
44,85,down,26,True,0.09740473330020905,1.10166261022291
44,86,down,19,True,0.09742441028356552,1.10166261022291
44,87,down,9,True,0.09741753339767456,1.10166261022291
44,88,down,35569,False,0.11857552826404572,1.8239704035009914
44,89,down,4956,False,0.11721916496753693,1.7924355691805318
44,90,down,15301,False,0.126431405544281,3.7029285841667927
44,91,down,11,True,0.09734775871038437,1.10166261022291
44,92,down,7101,False,0.12040355056524277,1.47487343673905
44,93,down,21,True,0.09751030057668686,1.10166261022291
44,94,down,15409,False,0.11891091614961624,3.216904747811795
44,95,down,2703,False,0.12674330174922943,2.1539875089245606
44,96,down,4787,False,0.10848642140626907,1.2407116722305118
44,97,down,11,True,0.09733527153730392,1.10166261022291
44,98,down,6845,False,0.12391097098588943,2.1215615495573847
44,99,down,24316,False,0.1166594848036766,1.9822568831930485
44,100,down,4073,False,0.1129768043756485,1.4637195726318855
44,101,down,3026,False,0.12453415989875793,1.8325598405847294
44,102,down,2448,False,0.12525872886180878,6.023081903934183
44,103,down,1473,False,0.13096140325069427,1.97793296972342
44,104,down,18553,False,0.10731016844511032,2.0552497336160003
44,105,down,20509,False,0.10836708545684814,1.7338228457063385
44,106,down,8,True,0.097502700984478,1.10166261022291
44,107,down,45529,False,0.1110416129231453,1.4440168496932198
44,108,down,4031,False,0.12276168912649155,1.8152980182721676
44,109,down,198,True,0.09754978865385056,1.10166261022291
44,110,down,42135,False,0.12300463765859604,4.9150105267584925
44,111,down,12233,False,0.10928624123334885,1.428642164575551
44,112,down,4,True,0.09735897183418274,1.10166261022291
44,113,down,19292,False,0.10476797074079514,1.2833037336603652
44,114,down,1933,False,0.12419991940259933,1.299993441858278
44,115,down,16,True,0.09731687605381012,1.10166261022291
44,116,down,49771,False,0.11264432221651077,1.5796078305459789
44,117,down,3,True,0.09735837578773499,1.10166261022291
44,118,down,12270,False,0.11478152126073837,1.4365604761990183
44,119,down,17676,False,0.10701097548007965,1.3941610358877965
44,120,down,33,True,0.09737364947795868,1.10166261022291
44,121,down,11709,False,0.11960470676422119,1.8453551007119164
44,122,down,38548,False,0.10710255056619644,1.5036626999233358
44,123,down,2,True,0.09734323620796204,1.10166261022291
44,124,down,22,True,0.09740757942199707,1.10166261022291
44,125,down,36,True,0.0972457006573677,1.10166261022291
44,126,down,1135,False,0.13726064562797546,2.129755986413673
44,127,down,754,False,0.1399536430835724,3.3524201317301054
45,0,gate_up,7880,False,0.11714807152748108,5.897372415757127
45,1,gate_up,310,True,0.10481733828783035,4.81708094958712
45,2,gate_up,77943,False,0.10724165290594101,4.2913734602590825
45,3,gate_up,10738,False,0.11276652663946152,5.0077733730735146
45,4,gate_up,41551,False,0.10789353400468826,4.1224328782794775
45,5,gate_up,62090,False,0.10869239270687103,6.913604866087345
45,6,gate_up,87,True,0.10482752323150635,4.81708094958712
45,7,gate_up,4402,False,0.12124975025653839,4.723975764985579
45,8,gate_up,5259,False,0.12101879715919495,4.83340482127805
45,9,gate_up,324,True,0.10465548932552338,4.81708094958712
45,10,gate_up,11167,False,0.1126447468996048,4.496826457092455
45,11,gate_up,15,True,0.10464522242546082,4.81708094958712
45,12,gate_up,135982,False,0.1058843657374382,4.6693753600186545
45,13,gate_up,7016,False,0.11568211764097214,4.971225749583184
45,14,gate_up,6,True,0.10465992987155914,4.81708094958712
45,15,gate_up,84,True,0.10478046536445618,4.81708094958712
45,16,gate_up,54494,False,0.10644417256116867,5.49080909963067
45,17,gate_up,34713,False,0.10971319675445557,5.462354559984914
45,18,gate_up,4466,False,0.12411222606897354,6.767257075099675
45,19,gate_up,2013,False,0.13476738333702087,7.018696718023967
45,20,gate_up,63847,False,0.10697773844003677,4.59503084049784
45,21,gate_up,1845,False,0.13950443267822266,4.4598305581685755
45,22,gate_up,79237,False,0.10777632892131805,4.788919367354197
45,23,gate_up,3361,False,0.12592868506908417,6.286985434520974
45,24,gate_up,54743,False,0.10747671127319336,4.400963776353964
45,25,gate_up,1,True,0.10478659719228745,4.81708094958712
45,26,gate_up,29711,False,0.10864429920911789,6.089767953058663
45,27,gate_up,95723,False,0.10747312754392624,4.446250383557603
45,28,gate_up,10533,False,0.11232927441596985,4.5636306150963275
45,29,gate_up,15268,False,0.11242572963237762,6.313357656704461
45,30,gate_up,3698,False,0.1271788328886032,4.2282587562147596
45,31,gate_up,1581,False,0.14361661672592163,4.0395992999897645
45,32,gate_up,73857,False,0.10735569149255753,4.556694363824432
45,33,gate_up,3434,False,0.12939269840717316,4.635268983588214
45,34,gate_up,502,True,0.10475054383277893,4.81708094958712
45,35,gate_up,520,False,0.1271963268518448,5.7128571135023325
45,36,gate_up,6502,False,0.11742665618658066,5.186529267315353
45,37,gate_up,76083,False,0.10687266290187836,4.421359954884381
45,38,gate_up,5661,False,0.11580918729305267,8.889384359458127
45,39,gate_up,20,True,0.10481271892786026,4.81708094958712
45,40,gate_up,111,True,0.10472281277179718,4.81708094958712
45,41,gate_up,1511,False,0.13868945837020874,6.130330574502649
45,42,gate_up,33608,False,0.10817442834377289,4.446015995200076
45,43,gate_up,5119,False,0.11843480169773102,4.150150178041823
45,44,gate_up,1362,False,0.11573544144630432,7.899001032057457
45,45,gate_up,26852,False,0.10891648381948471,4.796888766835344
45,46,gate_up,42047,False,0.10951836407184601,5.466758518978499
45,47,gate_up,45955,False,0.10937219858169556,7.530791120785666
45,48,gate_up,25371,False,0.10756674408912659,4.848145418151103
45,49,gate_up,42,True,0.10468098521232605,4.81708094958712
45,50,gate_up,23378,False,0.11074674874544144,6.601217503549148
45,51,gate_up,11565,False,0.11206445097923279,5.21462254211922
45,52,gate_up,7952,False,0.11475957930088043,8.25381892399938
45,53,gate_up,4341,False,0.12391281127929688,4.924271823380261
45,54,gate_up,5312,False,0.12116778641939163,5.069767795549125
45,55,gate_up,274,True,0.10477586835622787,4.81708094958712
45,56,gate_up,8,True,0.10463123768568039,4.81708094958712
45,57,gate_up,168,True,0.10474085062742233,4.81708094958712
45,58,gate_up,5754,False,0.11845505237579346,5.528824146126635
45,59,gate_up,10,True,0.1047525554895401,4.81708094958712
45,60,gate_up,3877,False,0.1242486760020256,5.729871008956342
45,61,gate_up,1458,False,0.13717179000377655,4.553789944478008
45,62,gate_up,18,True,0.10477560758590698,4.81708094958712
45,63,gate_up,7258,False,0.11583447456359863,4.806521913389327
45,64,gate_up,9447,False,0.11536093801259995,6.519085441568201
45,65,gate_up,24881,False,0.10954692959785461,5.59375136388082
45,66,gate_up,2347,False,0.13419707119464874,5.161113500026515
45,67,gate_up,12828,False,0.11148222535848618,4.864445096041408
45,68,gate_up,3,True,0.10471687465906143,4.81708094958712
45,69,gate_up,532,False,0.1306353658437729,3.951162803965585
45,70,gate_up,51277,False,0.10899800062179565,4.89259300852465
45,71,gate_up,21161,False,0.11016787588596344,6.610623641325563
45,72,gate_up,1755,False,0.13969434797763824,4.95335794575193
45,73,gate_up,689,False,0.13352634012699127,6.052344151710106
45,74,gate_up,131,True,0.10471994429826736,4.81708094958712
45,75,gate_up,12,True,0.1047750785946846,4.81708094958712
45,76,gate_up,32714,False,0.10809401422739029,6.220304651830832
45,77,gate_up,13287,False,0.11097343266010284,5.196953262427163
45,78,gate_up,12,True,0.10487263649702072,4.81708094958712
45,79,gate_up,31,True,0.10469316691160202,4.81708094958712
45,80,gate_up,53946,False,0.10819645971059799,4.645980068056846
45,81,gate_up,8235,False,0.11475878208875656,5.2852147576503326
45,82,gate_up,10971,False,0.11434677243232727,6.525260166818507
45,83,gate_up,39441,False,0.10982207953929901,7.884033849381536
45,84,gate_up,704,False,0.13169018924236298,5.65968694573802
45,85,gate_up,1744,False,0.13813090324401855,4.461611709763769
45,86,gate_up,9457,False,0.11282065510749817,6.169309136404386
45,87,gate_up,49318,False,0.10919218510389328,7.542135867871863
45,88,gate_up,24261,False,0.10779804736375809,4.9470345851880415
45,89,gate_up,6394,False,0.11755228042602539,4.7862838430960055
45,90,gate_up,1366,False,0.1311715692281723,6.519271077744807
45,91,gate_up,8258,False,0.11682280153036118,6.2331219381107354
45,92,gate_up,28309,False,0.10752388834953308,4.801767071154938
45,93,gate_up,5714,False,0.1190192699432373,4.323302498085551
45,94,gate_up,6605,False,0.11712606996297836,4.912194873072994
45,95,gate_up,28982,False,0.1099623292684555,5.873861904150268
45,96,gate_up,38,True,0.1047883927822113,4.81708094958712
45,97,gate_up,4,True,0.10489547252655029,4.81708094958712
45,98,gate_up,8429,False,0.11441510170698166,5.084793644238751
45,99,gate_up,21513,False,0.11110027134418488,5.606435352590673
45,100,gate_up,31,True,0.10483138263225555,4.81708094958712
45,101,gate_up,20720,False,0.11132372170686722,4.693053397481982
45,102,gate_up,8,True,0.10479088872671127,4.81708094958712
45,103,gate_up,20089,False,0.109978586435318,4.666452186158369
45,104,gate_up,1188,False,0.14081786572933197,4.082628381519577
45,105,gate_up,33,True,0.10473185032606125,4.81708094958712
45,106,gate_up,37,True,0.10478583723306656,4.81708094958712
45,107,gate_up,740,False,0.12580211460590363,6.513433286578585
45,108,gate_up,2,True,0.10487756878137589,4.81708094958712
45,109,gate_up,3954,False,0.12232622504234314,5.238762493746454
45,110,gate_up,739,False,0.13361890614032745,6.3065499373260705
45,111,gate_up,4622,False,0.1210775226354599,4.589607407111094
45,112,gate_up,43842,False,0.10970469564199448,5.472860069911189
45,113,gate_up,2879,False,0.13046500086784363,6.3856717313146145
45,114,gate_up,60811,False,0.10688722878694534,4.848567245922687
45,115,gate_up,1682,False,0.13961146771907806,5.033183792290103
45,116,gate_up,12897,False,0.1112578734755516,4.491472858390643
45,117,gate_up,69661,False,0.1062011793255806,4.506598940913524
45,118,gate_up,9,True,0.10463672131299973,4.81708094958712
45,119,gate_up,20603,False,0.10934609919786453,5.292928360984891
45,120,gate_up,2304,False,0.1394520252943039,4.52967218906007
45,121,gate_up,1313,False,0.13849368691444397,4.923217473183956
45,122,gate_up,42,True,0.10469317436218262,4.81708094958712
45,123,gate_up,83455,False,0.10720169544219971,4.713453993291142
45,124,gate_up,11,True,0.10475675761699677,4.81708094958712
45,125,gate_up,315,True,0.104668028652668,4.81708094958712
45,126,gate_up,1153,False,0.14198748767375946,5.025538231069255
45,127,gate_up,19198,False,0.10903270542621613,4.813138659946694
45,0,down,7880,False,0.12782050669193268,2.713089908895427
45,1,down,310,True,0.09754864126443863,1.546262156460259
45,2,down,77943,False,0.10401478409767151,1.2547067388709836
45,3,down,10738,False,0.11222520470619202,1.7443440409384612
45,4,down,41551,False,0.11047369241714478,1.5321191049085041
45,5,down,62090,False,0.11745506525039673,2.059708596750252
45,6,down,87,True,0.09763650596141815,1.546262156460259
45,7,down,4402,False,0.1160266101360321,1.271972245986811
45,8,down,5259,False,0.12038809061050415,1.453835454084823
45,9,down,324,True,0.0975707620382309,1.546262156460259
45,10,down,11167,False,0.11528658866882324,1.600191721978862
45,11,down,15,True,0.09747045487165451,1.546262156460259
45,12,down,135982,False,0.1084289699792862,1.4626657837610721
45,13,down,7016,False,0.11345937103033066,1.4830695702950367
45,14,down,6,True,0.0976816788315773,1.546262156460259
45,15,down,84,True,0.09767328947782516,1.546262156460259
45,16,down,54494,False,0.10558434575796127,1.284105919902983
45,17,down,34713,False,0.11595623940229416,2.092123050373256
45,18,down,4466,False,0.116177037358284,1.3116266858761878
45,19,down,2013,False,0.13773897290229797,2.480711539180707
45,20,down,63847,False,0.1056446060538292,1.3475956606149602
45,21,down,1845,False,0.1272638887166977,1.760459200477424
45,22,down,79237,False,0.11762496829032898,1.8282747001451156
45,23,down,3361,False,0.12674488127231598,6.548017990366741
45,24,down,54743,False,0.1074514165520668,1.2459406496165488
45,25,down,1,True,0.09752970933914185,1.546262156460259
45,26,down,29711,False,0.10570071637630463,1.278903243332816
45,27,down,95723,False,0.11244582384824753,2.011972198928397
45,28,down,10533,False,0.10958582907915115,1.6369584875867493
45,29,down,15268,False,0.11835866421461105,2.3468684994322055
45,30,down,3698,False,0.11788766831159592,1.9241242598165063
45,31,down,1581,False,0.13080067932605743,1.3324790527823644
45,32,down,73857,False,0.10840341448783875,1.321172131999219
45,33,down,3434,False,0.12331148236989975,1.8100008888512698
45,34,down,502,True,0.09753900021314621,1.546262156460259
45,35,down,520,False,0.14637789130210876,1.9379100987947053
45,36,down,6502,False,0.11469260603189468,1.9519453067020966
45,37,down,76083,False,0.10812479257583618,1.3767294021617464
45,38,down,5661,False,0.12368755042552948,2.8029935397234493
45,39,down,20,True,0.09761019796133041,1.546262156460259
45,40,down,111,True,0.09763425588607788,1.546262156460259
45,41,down,1511,False,0.13595648109912872,1.8262845510592152
45,42,down,33608,False,0.11373627185821533,1.9361085020153963
45,43,down,5119,False,0.11059223860502243,1.2330923643984248
45,44,down,1362,False,0.12786631286144257,3.9850565419539388
45,45,down,26852,False,0.11037279665470123,1.3042933811320807
45,46,down,42047,False,0.112155482172966,1.5166824538557522
45,47,down,45955,False,0.11506287008523941,2.106604702246516
45,48,down,25371,False,0.10620524734258652,1.4424316859485644
45,49,down,42,True,0.09751507639884949,1.546262156460259
45,50,down,23378,False,0.11904755979776382,2.144075500801569
45,51,down,11565,False,0.10911927372217178,1.2352917222275919
45,52,down,7952,False,0.1260250359773636,3.2383464731797265
45,53,down,4341,False,0.11743563413619995,1.7536795158968495
45,54,down,5312,False,0.11950565129518509,2.121262465021882
45,55,down,274,True,0.09761267155408859,1.546262156460259
45,56,down,8,True,0.09762917459011078,1.546262156460259
45,57,down,168,True,0.09773325175046921,1.546262156460259
45,58,down,5754,False,0.1111440360546112,1.300643653717191
45,59,down,10,True,0.09757079184055328,1.546262156460259
45,60,down,3877,False,0.11720196157693863,1.8735225697716094
45,61,down,1458,False,0.13504937291145325,2.1370428605941645
45,62,down,18,True,0.09745465964078903,1.546262156460259
45,63,down,7258,False,0.11681751161813736,1.500955498412865
45,64,down,9447,False,0.10988258570432663,1.5594144278148023
45,65,down,24881,False,0.10625218600034714,1.451093168276773
45,66,down,2347,False,0.1215776652097702,2.699311767353421
45,67,down,12828,False,0.10363557189702988,1.1666471932379336
45,68,down,3,True,0.09771472960710526,1.546262156460259
45,69,down,532,False,0.14324328303337097,2.1406621004201467
45,70,down,51277,False,0.11262466758489609,2.5256980654617256
45,71,down,21161,False,0.11978410184383392,2.802607898488438
45,72,down,1755,False,0.12709280848503113,2.166387473765304
45,73,down,689,False,0.14705528318881989,2.042239787813772
45,74,down,131,True,0.09774091094732285,1.546262156460259
45,75,down,12,True,0.09766358882188797,1.546262156460259
45,76,down,32714,False,0.10546262562274933,1.4521962003832338
45,77,down,13287,False,0.10815831273794174,1.3846066677565596
45,78,down,12,True,0.09756314009428024,1.546262156460259
45,79,down,31,True,0.09770748764276505,1.546262156460259
45,80,down,53946,False,0.10973197966814041,1.4358028247361532
45,81,down,8235,False,0.11245675384998322,1.6328185977770544
45,82,down,10971,False,0.12472821772098541,8.731669413136125
45,83,down,39441,False,0.1178663969039917,1.8349101116297357
45,84,down,704,False,0.14697527885437012,2.1507500742265226
45,85,down,1744,False,0.1315261274576187,2.2733183430477872
45,86,down,9457,False,0.11276814341545105,2.2534181150360877
45,87,down,49318,False,0.12307325005531311,8.72718394417789
45,88,down,24261,False,0.11505120992660522,1.4650783756833923
45,89,down,6394,False,0.11603830754756927,1.519204227294681
45,90,down,1366,False,0.1358804851770401,2.4956615162526767
45,91,down,8258,False,0.1169927567243576,1.7182326992798724
45,92,down,28309,False,0.10243566334247589,1.2198411748644795
45,93,down,5714,False,0.11353693902492523,1.4427451832164166
45,94,down,6605,False,0.11566123366355896,1.9040893424136804
45,95,down,28982,False,0.12743261456489563,3.565857457637717
45,96,down,38,True,0.09731998294591904,1.546262156460259
45,97,down,4,True,0.09762800484895706,1.546262156460259
45,98,down,8429,False,0.10570123046636581,1.1750197561892592
45,99,down,21513,False,0.11575223505496979,2.1816327676949063
45,100,down,31,True,0.09744371473789215,1.546262156460259
45,101,down,20720,False,0.12403667718172073,2.8711518651857686
45,102,down,8,True,0.09764104336500168,1.546262156460259
45,103,down,20089,False,0.11539213359355927,1.5493430653699896
45,104,down,1188,False,0.13495467603206635,1.4755555888969027
45,105,down,33,True,0.09754183143377304,1.546262156460259
45,106,down,37,True,0.09762904047966003,1.546262156460259
45,107,down,740,False,0.13847696781158447,5.882118596673328
45,108,down,2,True,0.09761405736207962,1.546262156460259
45,109,down,3954,False,0.11121763288974762,1.5077869105322288
45,110,down,739,False,0.1465950757265091,1.5653554339999591
45,111,down,4622,False,0.11906401067972183,1.681978737518179
45,112,down,43842,False,0.11117418110370636,1.7483187983149928
45,113,down,2879,False,0.12605737149715424,1.3485139731390183
45,114,down,60811,False,0.10859817266464233,1.3678211261812265
45,115,down,1682,False,0.1269143968820572,1.5641214136125492
45,116,down,12897,False,0.10309119522571564,1.1278477748776201
45,117,down,69661,False,0.10700085014104843,1.3478954492425508
45,118,down,9,True,0.09761276096105576,1.546262156460259
45,119,down,20603,False,0.10748405009508133,1.7186788149019463
45,120,down,2304,False,0.12496846169233322,2.821572172153252
45,121,down,1313,False,0.13523951172828674,1.5921012370737448
45,122,down,42,True,0.09744951874017715,1.546262156460259
45,123,down,83455,False,0.10781534761190414,1.4786187667649888
45,124,down,11,True,0.09745445847511292,1.546262156460259
45,125,down,315,True,0.09759898483753204,1.546262156460259
45,126,down,1153,False,0.13684603571891785,1.644693626857367
45,127,down,19198,False,0.10754072666168213,1.2379399453425066
46,0,gate_up,4697,False,0.12274397164583206,4.7925814763588175
46,1,gate_up,29863,False,0.10931284725666046,6.625571574587122
46,2,gate_up,18,True,0.10423199832439423,4.336815636432737
46,3,gate_up,3106,False,0.128982812166214,3.759854270076781
46,4,gate_up,39,True,0.10412446409463882,4.336815636432737
46,5,gate_up,51457,False,0.10775958746671677,5.197205253154734
46,6,gate_up,19,True,0.10417017340660095,4.336815636432737
46,7,gate_up,29767,False,0.10807648301124573,4.466451447125035
46,8,gate_up,8009,False,0.11496927589178085,4.361314000341248
46,9,gate_up,4761,False,0.11982239037752151,5.3768376185051805
46,10,gate_up,43501,False,0.10910480469465256,6.649484459094477
46,11,gate_up,13724,False,0.11445461213588715,5.067815459903248
46,12,gate_up,35,True,0.10405255854129791,4.336815636432737
46,13,gate_up,438,True,0.10413170605897903,4.336815636432737
46,14,gate_up,1163,False,0.14212802052497864,3.9053048313887606
46,15,gate_up,1381,False,0.1327122151851654,9.831617960133553
46,16,gate_up,14411,False,0.1124386340379715,5.7636691526993795
46,17,gate_up,6454,False,0.11761553585529327,4.562389838537988
46,18,gate_up,7688,False,0.11421659588813782,3.8235391796792633
46,19,gate_up,54663,False,0.10727068036794662,4.13993200832319
46,20,gate_up,3288,False,0.13044491410255432,5.318879941972154
46,21,gate_up,2825,False,0.13270717859268188,4.301455857513902
46,22,gate_up,65603,False,0.1071714237332344,4.858772778410959
46,23,gate_up,5,True,0.10414402931928635,4.336815636432737
46,24,gate_up,196,True,0.1041715070605278,4.336815636432737
46,25,gate_up,9,True,0.10410980135202408,4.336815636432737
46,26,gate_up,9744,False,0.11305756866931915,4.07434420618792
46,27,gate_up,24228,False,0.11065846681594849,5.96990673411095
46,28,gate_up,4288,False,0.1204291582107544,4.653846063742761
46,29,gate_up,23407,False,0.11043627560138702,6.179933206862906
46,30,gate_up,30872,False,0.10947798937559128,5.845407204021321
46,31,gate_up,2039,False,0.13280797004699707,4.464501588620668
46,32,gate_up,22329,False,0.11078920215368271,5.110461291135046
46,33,gate_up,25007,False,0.10704115778207779,4.484003705280546
46,34,gate_up,11513,False,0.11654318124055862,5.669733594935116
46,35,gate_up,13952,False,0.1097678616642952,3.9737154752702044
46,36,gate_up,13911,False,0.11127956956624985,5.190920145863605
46,37,gate_up,6402,False,0.11921699345111847,4.6828071762527586
46,38,gate_up,4014,False,0.12234114110469818,4.908325899152001
46,39,gate_up,40626,False,0.10923899710178375,5.802723368300458
46,40,gate_up,44,True,0.10409962385892868,4.336815636432737
46,41,gate_up,13,True,0.10410881042480469,4.336815636432737
46,42,gate_up,58,True,0.10418674349784851,4.336815636432737
46,43,gate_up,19167,False,0.10842965543270111,4.259489126072932
46,44,gate_up,13286,False,0.11110091209411621,4.079333085620696
46,45,gate_up,32930,False,0.10892948508262634,6.632925707570495
46,46,gate_up,29004,False,0.1066560223698616,4.2751508060134515
46,47,gate_up,5,True,0.10412172228097916,4.336815636432737
46,48,gate_up,15,True,0.10411892086267471,4.336815636432737
46,49,gate_up,9804,False,0.11377428472042084,5.033268308242648
46,50,gate_up,4,True,0.10416576266288757,4.336815636432737
46,51,gate_up,43688,False,0.10496742278337479,4.15534244187876
46,52,gate_up,79412,False,0.10667095333337784,4.909679372802473
46,53,gate_up,790,False,0.13547258079051971,4.119669776944978
46,54,gate_up,23843,False,0.10740506649017334,4.222676062225651
46,55,gate_up,113035,False,0.10609989613294601,4.1719980889560295
46,56,gate_up,94,True,0.10402650386095047,4.336815636432737
46,57,gate_up,1300,False,0.14470109343528748,4.291233839309131
46,58,gate_up,127,True,0.10401207208633423,4.336815636432737
46,59,gate_up,68,True,0.10423142462968826,4.336815636432737
46,60,gate_up,65348,False,0.10691914707422256,4.477295917860616
46,61,gate_up,47398,False,0.10667766630649567,4.434435544539287
46,62,gate_up,856,False,0.13503748178482056,4.705196444191088
46,63,gate_up,1327,False,0.14118389785289764,3.4304032280606145
46,64,gate_up,16442,False,0.11029338836669922,4.581301500635918
46,65,gate_up,0,True,0.10421779751777649,4.336815636432737
46,66,gate_up,2696,False,0.13455988466739655,4.648099959332859
46,67,gate_up,21690,False,0.10846508294343948,5.457053103177789
46,68,gate_up,52527,False,0.10721059888601303,4.538964331118744
46,69,gate_up,19,True,0.1040782779455185,4.336815636432737
46,70,gate_up,220,True,0.10418060421943665,4.336815636432737
46,71,gate_up,10788,False,0.11297071725130081,5.32151609654516
46,72,gate_up,4,True,0.10416771471500397,4.336815636432737
46,73,gate_up,0,True,0.10399886965751648,4.336815636432737
46,74,gate_up,12109,False,0.11103460192680359,4.881629652567005
46,75,gate_up,7926,False,0.1153372973203659,4.597471276307729
46,76,gate_up,25303,False,0.11010533571243286,5.376881795841573
46,77,gate_up,20049,False,0.10994451493024826,5.737844960453554
46,78,gate_up,56,True,0.10410752892494202,4.336815636432737
46,79,gate_up,6389,False,0.11677871644496918,4.062023069368366
46,80,gate_up,55320,False,0.107845239341259,4.91626470866729
46,81,gate_up,10521,False,0.11282384395599365,6.3513821884745765
46,82,gate_up,38873,False,0.10862860083580017,5.225717421939389
46,83,gate_up,6811,False,0.11740157753229141,6.189803506291789
46,84,gate_up,20506,False,0.10991139709949493,5.684372518959921
46,85,gate_up,830,False,0.1133619025349617,11.102314118155677
46,86,gate_up,3,True,0.10414481163024902,4.336815636432737
46,87,gate_up,0,True,0.10402793437242508,4.336815636432737
46,88,gate_up,99,True,0.10417734831571579,4.336815636432737
46,89,gate_up,414,True,0.10422856360673904,4.336815636432737
46,90,gate_up,13240,False,0.11018890887498856,4.055640245458033
46,91,gate_up,33,True,0.10417185723781586,4.336815636432737
46,92,gate_up,12519,False,0.11204974353313446,4.786573331420453
46,93,gate_up,1710,False,0.1344359964132309,6.573087332972628
46,94,gate_up,23379,False,0.11043528467416763,5.134351701437217
46,95,gate_up,59,True,0.10420546680688858,4.336815636432737
46,96,gate_up,19666,False,0.1095353364944458,6.141344403986609
46,97,gate_up,70500,False,0.10734861344099045,5.0572656388050365
46,98,gate_up,33741,False,0.10830856114625931,4.600481835924328
46,99,gate_up,4208,False,0.12499285489320755,5.074053517069533
46,100,gate_up,1401,False,0.1313636302947998,6.168765238924908
46,101,gate_up,71938,False,0.10709260404109955,4.170109985033849
46,102,gate_up,2295,False,0.1383601576089859,3.803942213192019
46,103,gate_up,3400,False,0.1282832771539688,4.203955490584891
46,104,gate_up,53833,False,0.10540807247161865,4.581966591129226
46,105,gate_up,41826,False,0.10919386893510818,5.769916554595605
46,106,gate_up,5732,False,0.11619463562965393,8.06137316867707
46,107,gate_up,6673,False,0.11491002142429352,4.536103748748894
46,108,gate_up,37,True,0.1042366549372673,4.336815636432737
46,109,gate_up,5358,False,0.11925523728132248,4.131902777064782
46,110,gate_up,2166,False,0.13786666095256805,4.14090063894723
46,111,gate_up,13435,False,0.11096451431512833,4.86450153154237
46,112,gate_up,6214,False,0.11581621319055557,4.61019494090043
46,113,gate_up,6118,False,0.11910966783761978,4.900353586937467
46,114,gate_up,4891,False,0.11964636296033859,4.506535006609603
46,115,gate_up,56972,False,0.10796186327934265,4.514690428711842
46,116,gate_up,4634,False,0.12090694159269333,3.8295307223546113
46,117,gate_up,107568,False,0.10593173652887344,4.129158347462397
46,118,gate_up,11199,False,0.11438542604446411,5.218146656902582
46,119,gate_up,2692,False,0.13010573387145996,5.1215545311590835
46,120,gate_up,176,True,0.10425395518541336,4.336815636432737
46,121,gate_up,1,True,0.10416851192712784,4.336815636432737
46,122,gate_up,17141,False,0.10933822393417358,4.727355426802593
46,123,gate_up,20284,False,0.11004914343357086,6.172588666184234
46,124,gate_up,40743,False,0.10863323509693146,5.51055902706495
46,125,gate_up,978,False,0.13476905226707458,5.170668285960945
46,126,gate_up,5256,False,0.12047778069972992,4.818258397797179
46,127,gate_up,54473,False,0.10699185729026794,4.366495830393662
46,0,down,4697,False,0.12159079313278198,1.7011077214391728
46,1,down,29863,False,0.1165873259305954,5.772147008014427
46,2,down,18,True,0.09798696637153625,1.1778802227447311
46,3,down,3106,False,0.1284773051738739,1.6461644996981573
46,4,down,39,True,0.09801195561885834,1.1778802227447311
46,5,down,51457,False,0.12898898124694824,5.039137085003611
46,6,down,19,True,0.09812935441732407,1.1778802227447311
46,7,down,29767,False,0.10886963456869125,1.5159359578543286
46,8,down,8009,False,0.12746894359588623,1.9811956756683422
46,9,down,4761,False,0.12415371835231781,4.987513212806868
46,10,down,43501,False,0.12497531622648239,2.713743611930796
46,11,down,13724,False,0.12296205759048462,2.313973882817342
46,12,down,35,True,0.09788361191749573,1.1778802227447311
46,13,down,438,True,0.09792733192443848,1.1778802227447311
46,14,down,1163,False,0.13544398546218872,1.6583398351889191
46,15,down,1381,False,0.1350693255662918,2.5894476255347603
46,16,down,14411,False,0.11071614176034927,2.406092302519462
46,17,down,6454,False,0.11699041724205017,1.639987155226225
46,18,down,7688,False,0.10505057871341705,1.1899575084686362
46,19,down,54663,False,0.11267057806253433,1.6434345726091375
46,20,down,3288,False,0.12303916364908218,1.6406884255759322
46,21,down,2825,False,0.12113805115222931,1.9413211381544713
46,22,down,65603,False,0.10993623733520508,1.882956989925552
46,23,down,5,True,0.09807725250720978,1.1778802227447311
46,24,down,196,True,0.0980605036020279,1.1778802227447311
46,25,down,9,True,0.09796064347028732,1.1778802227447311
46,26,down,9744,False,0.10727818310260773,1.175094802752021
46,27,down,24228,False,0.1338382065296173,2.2045416618637246
46,28,down,4288,False,0.1254892498254776,1.5757440388629693
46,29,down,23407,False,0.11864666640758514,1.6770860294776677
46,30,down,30872,False,0.12159785628318787,2.3198635063754995
46,31,down,2039,False,0.1382390856742859,4.011942276265887
46,32,down,22329,False,0.12510693073272705,1.9237875930637258
46,33,down,25007,False,0.10248138010501862,1.2613738293639114
46,34,down,11513,False,0.12476090341806412,3.5164329510166303
46,35,down,13952,False,0.10407454520463943,1.155208059195823
46,36,down,13911,False,0.11586606502532959,2.0673861440033776
46,37,down,6402,False,0.11438636481761932,1.6078828630402984
46,38,down,4014,False,0.12311260402202606,2.230404862429346
46,39,down,40626,False,0.1145436093211174,2.468409478653694
46,40,down,44,True,0.09812996536493301,1.1778802227447311
46,41,down,13,True,0.09797236323356628,1.1778802227447311
46,42,down,58,True,0.0978815034031868,1.1778802227447311
46,43,down,19167,False,0.10414941608905792,1.1679569011193554
46,44,down,13286,False,0.11211865395307541,4.616448769912432
46,45,down,32930,False,0.11331513524055481,1.9252006538201052
46,46,down,29004,False,0.10132569819688797,1.211373386463154
46,47,down,5,True,0.09793785959482193,1.1778802227447311
46,48,down,15,True,0.09800016134977341,1.1778802227447311
46,49,down,9804,False,0.11552514880895615,1.6415548032419547
46,50,down,4,True,0.09794525057077408,1.1778802227447311
46,51,down,43688,False,0.1071130558848381,2.0220502828837454
46,52,down,79412,False,0.11440753936767578,1.6979725941354376
46,53,down,790,False,0.14494894444942474,2.2644598289648408
46,54,down,23843,False,0.11058423668146133,2.395503636415891
46,55,down,113035,False,0.11325321346521378,2.0668603841010147
46,56,down,94,True,0.09795272350311279,1.1778802227447311
46,57,down,1300,False,0.13347764313220978,3.0687951590582085
46,58,down,127,True,0.09799879044294357,1.1778802227447311
46,59,down,68,True,0.09775469452142715,1.1778802227447311
46,60,down,65348,False,0.11420544236898422,1.4956396640226723
46,61,down,47398,False,0.11137379705905914,1.550703298572653
46,62,down,856,False,0.14619697630405426,1.7596097829923538
46,63,down,1327,False,0.1322353035211563,2.1400989043919245
46,64,down,16442,False,0.10696222633123398,1.4775499769723075
46,65,down,0,True,0.09803342074155807,1.1778802227447311
46,66,down,2696,False,0.12110146135091782,1.6154940722928584
46,67,down,21690,False,0.11552856862545013,1.722184922104525
46,68,down,52527,False,0.11077752709388733,1.867454614088397
46,69,down,19,True,0.09802573174238205,1.1778802227447311
46,70,down,220,True,0.09792325645685196,1.1778802227447311
46,71,down,10788,False,0.1218772828578949,2.96012228941829
46,72,down,4,True,0.0978371724486351,1.1778802227447311
46,73,down,0,True,0.0978902131319046,1.1778802227447311
46,74,down,12109,False,0.10939434170722961,1.8595581119522868
46,75,down,7926,False,0.11695372313261032,1.671566697796023
46,76,down,25303,False,0.1196252629160881,1.871055089703129
46,77,down,20049,False,0.11485566943883896,1.9861167294871396
46,78,down,56,True,0.09789261221885681,1.1778802227447311
46,79,down,6389,False,0.10605566203594208,1.1528144267892562
46,80,down,55320,False,0.1115235835313797,1.5955495139393163
46,81,down,10521,False,0.13036783039569855,1.9812777908693129
46,82,down,38873,False,0.11475672572851181,1.6634936867395838
46,83,down,6811,False,0.12524573504924774,2.6952956781175677
46,84,down,20506,False,0.11239301413297653,2.1692951264967584
46,85,down,830,False,0.11364135891199112,13.629512506498273
46,86,down,3,True,0.09801134467124939,1.1778802227447311
46,87,down,0,True,0.0980384424328804,1.1778802227447311
46,88,down,99,True,0.09797412157058716,1.1778802227447311
46,89,down,414,True,0.09788462519645691,1.1778802227447311
46,90,down,13240,False,0.10380847752094269,1.1725777870462417
46,91,down,33,True,0.09801266342401505,1.1778802227447311
46,92,down,12519,False,0.10856364667415619,1.4695351180276077
46,93,down,1710,False,0.12980790436267853,2.733147713862121
46,94,down,23379,False,0.1119253858923912,2.2736902093939126
46,95,down,59,True,0.09789562970399857,1.1778802227447311
46,96,down,19666,False,0.10902948677539825,2.718070243650944
46,97,down,70500,False,0.10819409787654877,1.7516713868624012
46,98,down,33741,False,0.11470907181501389,1.9696760088758263
46,99,down,4208,False,0.12125691771507263,3.0853118645374726
46,100,down,1401,False,0.12836891412734985,4.376722560083363
46,101,down,71938,False,0.11698606610298157,1.37545589754004
46,102,down,2295,False,0.12234889715909958,2.018518005436527
46,103,down,3400,False,0.12041690945625305,1.6093921191187615
46,104,down,53833,False,0.11822275817394257,2.2188753413534252
46,105,down,41826,False,0.1134495809674263,1.5953374240798506
46,106,down,5732,False,0.12261181324720383,4.419836959568395
46,107,down,6673,False,0.11393794417381287,1.8821525315902898
46,108,down,37,True,0.09805788844823837,1.1778802227447311
46,109,down,5358,False,0.11362329125404358,1.3193414450155279
46,110,down,2166,False,0.12719547748565674,1.6484503631415754
46,111,down,13435,False,0.11750312894582748,1.8883288471823367
46,112,down,6214,False,0.11061666160821915,1.2257744884669084
46,113,down,6118,False,0.11656355112791061,1.4455390088110218
46,114,down,4891,False,0.13231424987316132,1.966317445977648
46,115,down,56972,False,0.11406656354665756,1.870184979285797
46,116,down,4634,False,0.10870371013879776,1.2178795919500258
46,117,down,107568,False,0.1129535660147667,1.486980555650141
46,118,down,11199,False,0.12575559318065643,4.480341405282172
46,119,down,2692,False,0.12656161189079285,1.5957605198587308
46,120,down,176,True,0.09792172908782959,1.1778802227447311
46,121,down,1,True,0.09798311442136765,1.1778802227447311
46,122,down,17141,False,0.10878345370292664,4.257566495154106
46,123,down,20284,False,0.12076117843389511,2.561453301258566
46,124,down,40743,False,0.11458143591880798,2.0389721298219206
46,125,down,978,False,0.14194324612617493,2.585993814820835
46,126,down,5256,False,0.1270960569381714,3.511546018803769
46,127,down,54473,False,0.10989924520254135,1.4119463455549996
47,0,gate_up,10490,False,0.11298544704914093,4.673914704350019
47,1,gate_up,4,True,0.10449663549661636,5.149096951180934
47,2,gate_up,1492,False,0.123733289539814,7.346120503191048
47,3,gate_up,14786,False,0.11228420585393906,8.087462629780502
47,4,gate_up,17851,False,0.11163994669914246,7.022278663080911
47,5,gate_up,0,True,0.10425153374671936,5.149096951180934
47,6,gate_up,26523,False,0.10710875689983368,4.429899064574631
47,7,gate_up,494,True,0.10444027930498123,5.149096951180934
47,8,gate_up,5767,False,0.11809045076370239,7.58958645227012
47,9,gate_up,156,True,0.10433019697666168,5.149096951180934
47,10,gate_up,5197,False,0.11924857646226883,4.716575538052662
47,11,gate_up,20574,False,0.10991547256708145,8.596260328887299
47,12,gate_up,2522,False,0.13228893280029297,4.216840084496968
47,13,gate_up,32,True,0.10426631569862366,5.149096951180934
47,14,gate_up,4076,False,0.1222623959183693,6.288786806862981
47,15,gate_up,66197,False,0.10694820433855057,5.880251771319586
47,16,gate_up,10,True,0.10410325974225998,5.149096951180934
47,17,gate_up,18528,False,0.10958915203809738,4.5634721958122375
47,18,gate_up,11703,False,0.11051705479621887,3.9316844325169686
47,19,gate_up,573,False,0.13594914972782135,3.5408061183988226
47,20,gate_up,23291,False,0.11053023487329483,6.387527975187901
47,21,gate_up,33305,False,0.10775547474622726,5.335934349770669
47,22,gate_up,499,True,0.10431202501058578,5.149096951180934
47,23,gate_up,23018,False,0.10799089819192886,4.421461888304405
47,24,gate_up,1188,False,0.1441659927368164,4.140882709033822
47,25,gate_up,1748,False,0.1161992996931076,8.219559834502
47,26,gate_up,29998,False,0.10790663212537766,5.793754369124854
47,27,gate_up,36036,False,0.10776524245738983,6.115547997495973
47,28,gate_up,94,True,0.10432382673025131,5.149096951180934
47,29,gate_up,29,True,0.10408524423837662,5.149096951180934
47,30,gate_up,2478,False,0.1336756944656372,4.740294107164429
47,31,gate_up,50329,False,0.10839895904064178,7.412139869215581
47,32,gate_up,65145,False,0.10777243971824646,6.279705691689997
47,33,gate_up,793,False,0.13221052289009094,5.007949419907892
47,34,gate_up,46929,False,0.10755082219839096,6.184697913959908
47,35,gate_up,41270,False,0.10923904180526733,6.876917739544323
47,36,gate_up,29875,False,0.1089320257306099,6.433218604037383
47,37,gate_up,2778,False,0.1223311498761177,8.43807105117873
47,38,gate_up,2490,False,0.1345270723104477,4.915659142430217
47,39,gate_up,18247,False,0.11014554649591446,4.57552822646056
47,40,gate_up,19,True,0.10435007512569427,5.149096951180934
47,41,gate_up,37,True,0.10427602380514145,5.149096951180934
47,42,gate_up,6441,False,0.11760804057121277,4.010630158300728
47,43,gate_up,14,True,0.10432535409927368,5.149096951180934
47,44,gate_up,44547,False,0.1084422618150711,6.484853429555087
47,45,gate_up,864,False,0.13279832899570465,5.068064443196173
47,46,gate_up,3083,False,0.11905258893966675,7.415822485648999
47,47,gate_up,56721,False,0.10833331197500229,6.031869954870199
47,48,gate_up,5538,False,0.11734242737293243,7.645887963714844
47,49,gate_up,2846,False,0.13004586100578308,5.3780108214091245
47,50,gate_up,1,True,0.10434287786483765,5.149096951180934
47,51,gate_up,48,True,0.1042146384716034,5.149096951180934
47,52,gate_up,30935,False,0.1100858747959137,7.09059974332627
47,53,gate_up,39164,False,0.10581547766923904,4.65161466908309
47,54,gate_up,8921,False,0.11254598200321198,6.524535567064095
47,55,gate_up,9238,False,0.11280392855405807,5.354250559005814
47,56,gate_up,46,True,0.1042095199227333,5.149096951180934
47,57,gate_up,29852,False,0.10895664989948273,6.1511078707441245
47,58,gate_up,44832,False,0.10613175481557846,4.793744680256826
47,59,gate_up,1,True,0.10423597693443298,5.149096951180934
47,60,gate_up,12,True,0.10427241027355194,5.149096951180934
47,61,gate_up,3425,False,0.12877428531646729,4.189461759264374
47,62,gate_up,3,True,0.10436824709177017,5.149096951180934
47,63,gate_up,15489,False,0.11112100630998611,5.670859133988908
47,64,gate_up,117,True,0.10431668162345886,5.149096951180934
47,65,gate_up,4143,False,0.11850584298372269,8.030384747626421
47,66,gate_up,33245,False,0.10897338390350342,6.47507306664696
47,67,gate_up,7485,False,0.11522244662046432,4.436921466760162
47,68,gate_up,13,True,0.10447343438863754,5.149096951180934
47,69,gate_up,133,True,0.10439610481262207,5.149096951180934
47,70,gate_up,48,True,0.10449684411287308,5.149096951180934
47,71,gate_up,101355,False,0.10559938848018646,5.819559307839998
47,72,gate_up,11009,False,0.11358640342950821,6.7060756839481535
47,73,gate_up,35809,False,0.1094951257109642,6.1970109512219285
47,74,gate_up,28037,False,0.10832969844341278,6.0611560613241995
47,75,gate_up,1,True,0.10440491884946823,5.149096951180934
47,76,gate_up,12330,False,0.11336617171764374,8.241248224755987
47,77,gate_up,7806,False,0.11492857336997986,8.873074388587291
47,78,gate_up,33242,False,0.10894963145256042,5.597243231397426
47,79,gate_up,1844,False,0.1410384327173233,4.293156877264132
47,80,gate_up,18232,False,0.109063521027565,4.415115026180979
47,81,gate_up,27,True,0.10432540625333786,5.149096951180934
47,82,gate_up,39069,False,0.10734701156616211,5.729398385074469
47,83,gate_up,104,True,0.10418400168418884,5.149096951180934
47,84,gate_up,135,True,0.10431791096925735,5.149096951180934
47,85,gate_up,99079,False,0.10681004077196121,5.847011229553949
47,86,gate_up,115071,False,0.10644557327032089,5.86438725432884
47,87,gate_up,17954,False,0.11147481203079224,7.7598628056458825
47,88,gate_up,42398,False,0.10933014750480652,6.360265936604729
47,89,gate_up,761,False,0.13648518919944763,5.820158555878457
47,90,gate_up,55117,False,0.10802899301052094,7.099866790812971
47,91,gate_up,10,True,0.10432900488376617,5.149096951180934
47,92,gate_up,13040,False,0.11234647780656815,7.50134284820177
47,93,gate_up,3399,False,0.12714385986328125,3.8940645261115465
47,94,gate_up,3856,False,0.1223471388220787,5.519289092346166
47,95,gate_up,46453,False,0.1090165451169014,6.70778589811623
47,96,gate_up,11844,False,0.11114594340324402,4.28913674831691
47,97,gate_up,750,False,0.12994153797626495,5.135095252301017
47,98,gate_up,1876,False,0.13440711796283722,6.550274018585838
47,99,gate_up,3999,False,0.12139913439750671,5.280355208856583
47,100,gate_up,240,True,0.10428419709205627,5.149096951180934
47,101,gate_up,1377,False,0.12386816740036011,7.232815675676273
47,102,gate_up,16689,False,0.1120835617184639,7.917982473404831
47,103,gate_up,1908,False,0.13715043663978577,5.025213278277956
47,104,gate_up,6966,False,0.11614461243152618,8.00094141710229
47,105,gate_up,14348,False,0.11510178446769714,7.540777094104538
47,106,gate_up,519,False,0.132795050740242,4.962738331246845
47,107,gate_up,28492,False,0.10976788401603699,6.283158488259705
47,108,gate_up,12629,False,0.11352275311946869,6.953782781966121
47,109,gate_up,29300,False,0.10941782593727112,5.814032244889053
47,110,gate_up,3971,False,0.11904184520244598,7.257700619816054
47,111,gate_up,33973,False,0.10904788970947266,7.043006763645834
47,112,gate_up,19575,False,0.10970465838909149,6.287447260679723
47,113,gate_up,1672,False,0.13226814568042755,6.338643082002183
47,114,gate_up,19446,False,0.10880240797996521,5.4194724605552675
47,115,gate_up,3,True,0.10439863801002502,5.149096951180934
47,116,gate_up,209,True,0.10428008437156677,5.149096951180934
47,117,gate_up,50231,False,0.1078159436583519,6.191279603967822
47,118,gate_up,781,False,0.12387046962976456,5.459759901427322
47,119,gate_up,4617,False,0.12260087579488754,4.339203349439378
47,120,gate_up,34412,False,0.10845739394426346,6.488450514612608
47,121,gate_up,16927,False,0.10950710624456406,5.5513786650584125
47,122,gate_up,1262,False,0.11251568049192429,9.746141984384083
47,123,gate_up,48983,False,0.10904543101787567,6.2000426596495775
47,124,gate_up,7741,False,0.11563892662525177,5.883357150016514
47,125,gate_up,1303,False,0.12391839921474457,6.710852252538617
47,126,gate_up,210,True,0.10435403883457184,5.149096951180934
47,127,gate_up,70985,False,0.10753363370895386,6.357979970856054
47,0,down,10490,False,0.11208328604698181,1.4665917229255
47,1,down,4,True,0.10642949491739273,2.228729060387694
47,2,down,1492,False,0.1294921487569809,5.265159215766445
47,3,down,14786,False,0.1214739978313446,5.595967426382753
47,4,down,17851,False,0.12139994651079178,5.660707825362465
47,5,down,0,True,0.10662906616926193,2.228729060387694
47,6,down,26523,False,0.10488449782133102,2.6771106814482937
47,7,down,494,True,0.10657984763383865,2.228729060387694
47,8,down,5767,False,0.12296440452337265,4.873935573382002
47,9,down,156,True,0.10657301545143127,2.228729060387694
47,10,down,5197,False,0.10969851166009903,1.7662205803700597
47,11,down,20574,False,0.1021430492401123,8.384247296770988
47,12,down,2522,False,0.11902611702680588,1.6997224091475758
47,13,down,32,True,0.10649492591619492,2.228729060387694
47,14,down,4076,False,0.12557820975780487,5.353986602559901
47,15,down,66197,False,0.10410536825656891,3.4360499866101972
47,16,down,10,True,0.10652726888656616,2.228729060387694
47,17,down,18528,False,0.11600808799266815,2.80099736035673
47,18,down,11703,False,0.12437182664871216,3.0745874908572355
47,19,down,573,False,0.1547296941280365,1.4245051039413577
47,20,down,23291,False,0.1187572181224823,9.326748513949097
47,21,down,33305,False,0.11474733054637909,5.67186806810765
47,22,down,499,True,0.10661918669939041,2.228729060387694
47,23,down,23018,False,0.11616131663322449,2.457454190292215
47,24,down,1188,False,0.13596153259277344,1.5030741461045032
47,25,down,1748,False,0.12245766818523407,8.827084186992556
47,26,down,29998,False,0.11439115554094315,6.559254445885643
47,27,down,36036,False,0.11072668433189392,8.479319223911666
47,28,down,94,True,0.10663098096847534,2.228729060387694
47,29,down,29,True,0.10641155391931534,2.228729060387694
47,30,down,2478,False,0.11605507880449295,1.5390587980545474
47,31,down,50329,False,0.11523605138063431,4.3505400585731975
47,32,down,65145,False,0.10986952483654022,8.971185037982833
47,33,down,793,False,0.13989734649658203,3.154325991898691
47,34,down,46929,False,0.10956951975822449,5.401031052056645
47,35,down,41270,False,0.117581307888031,9.181616509900362
47,36,down,29875,False,0.11228618025779724,4.304523094340463
47,37,down,2778,False,0.12985557317733765,6.924732021119532
47,38,down,2490,False,0.11685365438461304,1.8075060347270908
47,39,down,18247,False,0.11418066173791885,2.257316352331065
47,40,down,19,True,0.10663654655218124,2.228729060387694
47,41,down,37,True,0.10669675469398499,2.228729060387694
47,42,down,6441,False,0.11180580407381058,2.533076145331938
47,43,down,14,True,0.10655394941568375,2.228729060387694
47,44,down,44547,False,0.10806991159915924,9.249430048387257
47,45,down,864,False,0.14261874556541443,4.2797750392347345
47,46,down,3083,False,0.12364287674427032,4.022562671817083
47,47,down,56721,False,0.10333786904811859,4.235877985074775
47,48,down,5538,False,0.12162235379219055,3.155473758064953
47,49,down,2846,False,0.12858757376670837,4.9293410628158485
47,50,down,1,True,0.10647556185722351,2.228729060387694
47,51,down,48,True,0.10660181939601898,2.228729060387694
47,52,down,30935,False,0.11601971089839935,7.096968147338896
47,53,down,39164,False,0.11728593707084656,8.629082666988875
47,54,down,8921,False,0.11605377495288849,5.195380254724184
47,55,down,9238,False,0.11344485729932785,4.714612691181616
47,56,down,46,True,0.10653180629014969,2.228729060387694
47,57,down,29852,False,0.12182881683111191,5.091277394587333
47,58,down,44832,False,0.10919500142335892,5.317243551458132
47,59,down,1,True,0.10647592693567276,2.228729060387694
47,60,down,12,True,0.1063033863902092,2.228729060387694
47,61,down,3425,False,0.11969272047281265,1.460812336875118
47,62,down,3,True,0.10664965212345123,2.228729060387694
47,63,down,15489,False,0.12876838445663452,4.649268922342666
47,64,down,117,True,0.10662765055894852,2.228729060387694
47,65,down,4143,False,0.1210850179195404,5.85218880001451
47,66,down,33245,False,0.12029743194580078,5.992377023505815
47,67,down,7485,False,0.10750699788331985,1.7957324726837447
47,68,down,13,True,0.10654914379119873,2.228729060387694
47,69,down,133,True,0.10656724125146866,2.228729060387694
47,70,down,48,True,0.10654329508543015,2.228729060387694
47,71,down,101355,False,0.11864471435546875,14.028878121785276
47,72,down,11009,False,0.11082950979471207,3.2569478281817896
47,73,down,35809,False,0.10937316715717316,8.420913285049462
47,74,down,28037,False,0.1210162490606308,5.67338982781225
47,75,down,1,True,0.10656663030385971,2.228729060387694
47,76,down,12330,False,0.11038838326931,1.664166001748538
47,77,down,7806,False,0.11882955580949783,8.983807173955404
47,78,down,33242,False,0.1238950565457344,5.535987655487415
47,79,down,1844,False,0.12760286033153534,2.2095169131677532
47,80,down,18232,False,0.11066552996635437,1.8503464014831639
47,81,down,27,True,0.10635476559400558,2.228729060387694
47,82,down,39069,False,0.10962258279323578,7.467714878436513
47,83,down,104,True,0.10649799555540085,2.228729060387694
47,84,down,135,True,0.10654508322477341,2.228729060387694
47,85,down,99079,False,0.11495666950941086,7.04456611862361
47,86,down,115071,False,0.1236618310213089,5.077093077360539
47,87,down,17954,False,0.11588934808969498,5.29260340601928
47,88,down,42398,False,0.11721046268939972,5.235889148319152
47,89,down,761,False,0.14610828459262848,1.6648627993641718
47,90,down,55117,False,0.11514504998922348,9.467776858417269
47,91,down,10,True,0.10635441541671753,2.228729060387694
47,92,down,13040,False,0.11422589421272278,8.407343101234794
47,93,down,3399,False,0.11132407933473587,1.6499615074435519
47,94,down,3856,False,0.1182195171713829,2.0058263643245504
47,95,down,46453,False,0.11580012738704681,6.783434884765121
47,96,down,11844,False,0.12190219759941101,1.8810153879278442
47,97,down,750,False,0.12601345777511597,9.274641838947609
47,98,down,1876,False,0.13121618330478668,4.939634841024791
47,99,down,3999,False,0.11568845063447952,2.7320732538586534
47,100,down,240,True,0.10663288831710815,2.228729060387694
47,101,down,1377,False,0.12890282273292542,6.080553366798901
47,102,down,16689,False,0.11739768832921982,6.047350677213212
47,103,down,1908,False,0.12337518483400345,3.4385506680579825
47,104,down,6966,False,0.11093766987323761,1.8095321909709163
47,105,down,14348,False,0.11850811541080475,7.569096123009523
47,106,down,519,False,0.14998896420001984,1.9164073278493243
47,107,down,28492,False,0.11850224435329437,4.047705774636762
47,108,down,12629,False,0.11334104090929031,4.286676522963124
47,109,down,29300,False,0.11469868570566177,7.217551221012489
47,110,down,3971,False,0.13388805091381073,3.4117727380846308
47,111,down,33973,False,0.1177922934293747,7.8022751481472
47,112,down,19575,False,0.11167585849761963,3.130454977670927
47,113,down,1672,False,0.13062763214111328,2.9500681231837573
47,114,down,19446,False,0.11172197759151459,5.736478773627991
47,115,down,3,True,0.10668874531984329,2.228729060387694
47,116,down,209,True,0.10655320435762405,2.228729060387694
47,117,down,50231,False,0.11982090771198273,9.232657485185552
47,118,down,781,False,0.1312190592288971,4.5053502504618965
47,119,down,4617,False,0.11674356460571289,1.5038309427452032
47,120,down,34412,False,0.11468908935785294,3.7379557741484892
47,121,down,16927,False,0.10936310142278671,5.41669345231062
47,122,down,1262,False,0.11330398917198181,12.524346709720628
47,123,down,48983,False,0.11614136397838593,10.362236219070448
47,124,down,7741,False,0.1277911216020584,5.434894877658801
47,125,down,1303,False,0.12761418521404266,5.909892063105658
47,126,down,210,True,0.10663953423500061,2.228729060387694
47,127,down,70985,False,0.10445348918437958,7.078377370049281
