layer,expert,routed_tokens,rows,f_at_k6,range_nar_over_hadamard,predicted_sqrt_1_minus_f
0,0,18968,256,0.20519219175144793,0.8157233767027214,0.891519942709389
0,1,6634,256,0.8467800498593461,0.40681168099314674,0.3914332001001626
0,2,12994,256,0.1754027087375868,0.800125647967498,0.9080733953059154
0,3,13858,256,0.11672642603809448,0.7268843661316133,0.9398263530897106
0,4,16711,256,0.1518987135464589,0.8345327387104106,0.9209241480456146
0,5,83,83,0.09778470485033593,0.5078497625514343,0.9498501435224738
0,6,6879,256,0.27449167723057877,0.7614616900941776,0.851767763401164
0,7,12381,256,0.15915837394540358,0.821781773267289,0.9169741686953872
0,8,3704,256,0.8773042942519833,0.3365891081554688,0.35027946806516747
0,9,4419,256,0.17134519873514417,0.8585185948930381,0.9103047848192691
0,11,13828,256,0.2054879913899515,0.7020791201967929,0.8913540310168842
0,12,17522,256,0.10124785159114566,0.7485224257815144,0.9480253943902844
0,13,20234,256,0.528049934035488,0.5520894739699395,0.6869862196321787
0,14,28533,256,0.32123580331839063,0.7819852349613491,0.8238714685444626
0,16,13288,256,0.3458036510060643,0.6618651523114395,0.8088240531746912
0,17,9411,256,0.182413824754497,0.8051502524122791,0.9042047197651111
0,18,11907,256,0.11788043259436967,0.8864732914026536,0.9392122057371435
0,19,483,256,0.07924568799185358,0.7303357136707063,0.9595594364124331
0,20,1393,256,0.22229543920267927,0.31764733272059015,0.8818755925850997
0,21,24163,256,0.16129059749848987,0.8005085171546942,0.9158107896839337
0,22,6165,256,0.14963423281280008,0.8772144497114847,0.9221527895024771
0,23,12628,256,0.17141261036670316,0.8223734218617715,0.9102677571095753
0,24,18018,256,0.16154688616457988,0.877604719603139,0.915670854529847
0,25,360,256,0.09245124964965362,0.596779317086797,0.9526535311173451
0,26,12090,256,0.6077742671976933,0.5584058423035081,0.6262792770021268
0,27,13742,256,0.39590610231231105,0.6836162806101522,0.7772347764271031
0,28,77043,256,0.09774341291922854,0.9022187670491971,0.9498718792978196
0,29,24185,256,0.15012759825371713,0.83509680620602,0.9218852432631096
0,30,11225,256,0.16945020402380656,0.6664398142165879,0.9113450477048709
0,31,23577,256,0.3758732261282838,0.724317658891346,0.7900169453066916
0,32,10426,256,0.2710349888132176,0.6658593828952014,0.8537944783065667
0,33,35891,256,0.1983574113302798,0.7927301251642426,0.8953449551260789
0,34,18367,256,0.13508474202671455,0.8017267482515636,0.9300082031752652
0,35,8187,256,0.8286736842937775,0.31743030467361794,0.4139158316689789
0,36,269,256,0.07062675991448686,0.7217753893144485,0.9640400614525898
0,37,3475,256,0.24111323440726765,0.7668388797626244,0.8711410710055705
0,38,21587,256,0.10537469853417403,0.8222118393977564,0.9458463413609136
0,39,212,212,0.058313432827443536,0.7470574482524729,0.9704053622958586
0,40,19774,256,0.7207121638913504,0.44192631854340214,0.5284769021524495
0,41,13148,256,0.13940881643510672,0.8369467836775408,0.9276805396066543
0,42,1623,256,0.15598141248776717,0.7651185017232777,0.9187048424343004
0,43,9868,256,0.44351481484596467,0.6753396326409266,0.7459793463320786
0,44,3608,256,0.2622169429835784,0.8657559952965272,0.8589429882223975
0,45,10667,256,0.7810413460303011,0.552490254229603,0.4679301806570067
0,46,95961,256,0.15825261724650078,0.8284096290610651,0.9174679191958154
0,47,15141,256,0.13002809992515552,0.6442838059043707,0.9327228420462557
0,48,6915,256,0.3072482299285445,0.5734753630097741,0.8323171090825032
0,49,5785,256,0.5516178135455658,0.4969319980258465,0.6696134604788304
0,50,20277,256,0.35516108002883795,0.7033847559760036,0.8030186299029195
0,51,56622,256,0.1194110504828437,0.8332372504168759,0.938397010607534
0,52,11975,256,0.36079193193284764,0.8076230429864503,0.7995048893328622
0,53,19087,256,0.5649870632329304,0.6449552142270343,0.659555105178536
0,54,484,256,0.13146593128820977,0.6074328981243717,0.931951752351907
0,56,629,256,0.16360989565073356,0.6990074293268863,0.9145436590722535
0,57,18554,256,0.535055511675649,0.5566837992746092,0.6818683804990161
0,58,8760,256,0.8364695449541336,0.4382779651269122,0.40438898976834964
0,60,2487,256,0.9163718994473302,0.3352789490309328,0.28918523571003724
0,61,31844,256,0.17737166776890465,0.8553492063776457,0.9069886064505416
0,62,27028,256,0.11068369814774816,0.8768422277201804,0.9430356842942116
0,63,20908,256,0.1578961145143218,0.8167972905811001,0.9176621848401939
0,64,41459,256,0.13246790191385502,0.8639012153754446,0.9314140315059383
0,65,21125,256,0.8424195043551234,0.3802321333293585,0.3969640986851036
0,66,13939,256,0.13169158625752597,0.9319922620616953,0.9318306786871068
0,67,24691,256,0.17670388399146067,0.7476072118428683,0.9073566641671507
0,68,18008,256,0.13912376372383906,0.8011249614353927,0.9278341642104805
0,69,27806,256,0.1930035782144272,0.7778887137683792,0.8983297956683686
0,70,7971,256,0.11915290846739698,0.8869071110064919,0.9385345446666324
0,71,12248,256,0.27096160664942326,0.816303348307292,0.8538374513633006
0,72,55702,256,0.29793546890895656,0.5970404830089704,0.8378929114696241
0,73,10120,256,0.5117592592970992,0.5944953750206138,0.6987422562740147
0,74,5944,256,0.21633848891441015,0.8305922385788344,0.8852465820807159
0,75,32733,256,0.3370473761988535,0.7540699258370342,0.8142190269215934
0,76,19986,256,0.61396262510584,0.5454584528204786,0.6213190604626257
0,77,29185,256,0.15056548029481462,0.8364026474634693,0.9216477199587624
0,78,4841,256,0.3830568722890909,0.6001873595818432,0.7854572730014721
0,79,13799,256,0.11422898000545723,0.8799004980295312,0.941154089400106
0,80,15146,256,0.17616254848560214,0.7599475112625313,0.9076549187408163
0,81,20730,256,0.22657306060322172,0.8088040829580044,0.8794469508712724
0,82,27626,256,0.28333575167888064,0.7634384494674101,0.8465602449448707
0,83,10071,256,0.26771488090301426,0.7504817899615168,0.8557365944594082
0,84,6407,256,0.609808878853516,0.6880603608403955,0.6246528004791814
0,85,7124,256,0.7755860618397329,0.49068141217971223,0.4737234828043329
0,86,18604,256,0.13315368870830502,0.837156238751694,0.9310458158929102
0,87,32011,256,0.11780998390830731,0.8695856100722962,0.9392497091251574
0,88,13941,256,0.6745241552023639,0.5374526201002893,0.5705049033949104
0,89,4784,256,0.13890901485465593,0.8743969256412036,0.9279498828844929
0,90,132,132,0.050624157440727596,0.8022695014607067,0.9743591958611939
0,91,40768,256,0.14542607049888362,0.8754447955096254,0.9244316791959892
0,92,9407,256,0.10387437855702275,0.7251757306627282,0.9466391189059203
0,93,29772,256,0.17331293118423535,0.8225626034110997,0.9092233327493111
0,94,2715,256,0.8690007211305949,0.3357580146632229,0.3619382252117136
0,95,10451,256,0.5716463160219996,0.570071297835014,0.6544873443986525
0,96,1321,256,0.6066011935560358,0.18665039280871143,0.6272151197507632
0,97,11938,256,0.26812561400005713,0.7929926196819919,0.8554965727575669
0,98,22958,256,0.6293872611506687,0.5402239084781764,0.6087797129088085
0,99,9074,256,0.7786554970735016,0.5017714628476749,0.47047263780851106
0,100,42615,256,0.6193490323153757,0.597751248043623,0.6169691788773766
0,101,19141,256,0.0979348387970312,0.9005600027412287,0.9497711099012061
0,102,24903,256,0.6437750025820067,0.5291267301066451,0.5968458740897798
0,103,23793,256,0.24453093868547585,0.7873377063681911,0.8691772323953982
0,104,12846,256,0.289559730880937,0.7258347239178954,0.8428761884874094
0,105,23872,256,0.10720336107250845,0.8356043430098093,0.9448791663104291
0,106,23434,256,0.3532122489763922,0.6612753318720967,0.8042311552182045
0,107,22347,256,0.2557540232603757,0.7736687216411825,0.8626969205576338
0,108,2152,256,0.704651678213397,0.4482079757965037,0.543459586157612
0,109,12915,256,0.46427811780774025,0.6211305052847624,0.7319302440753899
0,110,28130,256,0.2376770460510121,0.7003851365584197,0.873111077669381
0,111,20034,256,0.12328730389600502,0.8629769811547259,0.9363293737269994
0,112,19477,256,0.1341572263818374,0.8890762168177878,0.930506729485694
0,113,1867,256,0.44984832397414093,0.3086246358345278,0.741722101616137
0,114,6783,256,0.648916477524899,0.5540132000548099,0.5925230142999519
0,115,733,256,0.1797110926937964,0.4282524695677259,0.9056980221388383
0,116,10497,256,0.17203023902127385,0.8187412387529716,0.9099284372843428
0,117,16602,256,0.15094124848085833,0.8976779445678587,0.9214438406756766
0,118,24217,256,0.0990419360232068,0.8955022018341856,0.9491881077935992
0,119,16051,256,0.5337166527470594,0.6620446752709299,0.6828494323443057
0,120,35942,256,0.22010617169111626,0.8482167862061053,0.8831159767034473
0,121,11452,256,0.5330083516854195,0.6731945836735879,0.6833678718776444
0,122,35878,256,0.108185801305352,0.8765713427372702,0.9443591470911096
0,123,9528,256,0.5470883428055275,0.5589531457728613,0.6729871151771574
0,124,30037,256,0.11233246806908932,0.7943213998973827,0.9421610965917191
0,125,9526,256,0.30032628191900584,0.7782615546108353,0.8364650130645
0,126,25312,256,0.17747691967339177,0.8135033655243996,0.9069305818675475
0,127,16489,256,0.47378052836774714,0.589357054540096,0.7254098645815708
1,1,7299,256,0.5566089713123269,0.6159241135961484,0.6658761361452091
1,2,30941,256,0.10914343141069413,0.8547975902304195,0.9438519844707145
1,3,18112,256,0.16054718876646643,0.8404296535826059,0.9162165744154237
1,4,4354,256,0.15664628577850678,0.895777863068638,0.9183429175539457
1,5,3481,256,0.11579629438233231,0.8687404930204141,0.9403210651780953
1,6,21135,256,0.28538358081673215,0.8102638575465635,0.8453498797440429
1,7,18872,256,0.07429181496025608,0.9240984046189573,0.9621373005136762
1,8,18802,256,0.1552760897381433,0.8704701976986605,0.9190886302538274
1,9,34559,256,0.1337804621892597,0.8661052782449579,0.930709158551016
1,10,260,256,0.4773930908594523,0.6156551232971296,0.7229155615564985
1,11,15082,256,0.23449842537790294,0.7918947015210611,0.8749294683699349
1,12,6360,256,0.7740667066299876,0.4468545865571114,0.475324408556948
1,13,21954,256,0.07491938719655868,0.8673880814613975,0.9618111107714661
1,14,9090,256,0.06461091811472207,0.9411271053588198,0.967155148818057
1,15,12462,256,0.5415102397324479,0.6486681703056476,0.6771187194780189
1,16,26578,256,0.11028834881402381,0.9112299613196163,0.9432452762595613
1,17,1583,256,0.39884813756416804,0.9631811162463263,0.7753398367398853
1,18,19672,256,0.5634275418960716,0.6060800945718813,0.6607362999744515
1,19,15178,256,0.11085183188180867,0.8165341662539021,0.9429465351323962
1,20,14167,256,0.1084193891417252,0.8616540050593434,0.9442354636732698
1,21,6342,256,0.288332376550014,0.8309534314596634,0.843603949403976
1,22,1137,256,0.38654149731796866,0.910464394391261,0.7832359176404204
1,23,20618,256,0.09974545759465761,0.886457284841174,0.9488174441932138
1,24,7730,256,0.11554312752229406,0.8492520027484222,0.9404556727872431
1,25,25709,256,0.09578926818633715,0.8959530778828412,0.9508999588882433
1,26,10645,256,0.10358570078008025,0.9066586412105796,0.9467915817221443
1,27,16503,256,0.4982155266859287,0.6569309796413191,0.7083674705363533
1,28,25461,256,0.17809633695622576,0.845423011278447,0.9065890265405677
1,29,24557,256,0.08687193541495325,0.9012163061999278,0.9555773462075411
1,30,10564,256,0.10440148120458359,0.9466234072827662,0.94636067056668
1,31,13187,256,0.16444621643177573,0.5688608549643775,0.9140863107870199
1,32,6626,256,0.7728203962819701,0.42320416855895143,0.47663361580781305
1,33,4476,256,0.12630779689480878,0.8616611205520196,0.9347150384503243
1,34,18060,256,0.13446093978516738,0.778813512407059,0.9303435173175727
1,35,2446,256,0.6518652634235698,0.5488212469824554,0.5900294370422803
1,36,1924,256,0.3143054769329237,0.7723024534626084,0.8280667382929207
1,37,6545,256,0.12273198517172215,0.8676874129924127,0.9366258670505945
1,38,16329,256,0.3152114684117347,0.7346752302868192,0.8275195052615167
1,39,15450,256,0.11812002772337045,0.9101227833560074,0.9390846459593669
1,40,14515,256,0.131396009581811,0.9020768438099259,0.9319892651839875
1,41,13866,256,0.2287871988484962,0.84533155870075,0.8781872244296792
1,42,3909,256,0.1519811968650655,0.8457639057746631,0.9208793640509785
1,43,2706,256,0.8577941687731306,0.5152176762206208,0.3771018844117188
1,44,4892,256,0.1585753079130977,0.922732426640308,0.9172920429649994
1,45,29280,256,0.09341446770248996,0.9234888978266801,0.95214785212041
1,46,25681,256,0.09714949841714125,0.895296950918532,0.9501844566097989
1,47,9807,256,0.10314205688239615,0.8661685776702863,0.9470258407866197
1,48,33550,256,0.19036964626431097,0.7795815434684694,0.89979461752985
1,49,39607,256,0.13082945781558197,0.8626332660816395,0.9322931632187474
1,50,14420,256,0.4355054396270924,0.6804505410522664,0.7513285302535154
1,51,2061,256,0.1954884628897467,0.7449385079271116,0.8969456712144016
1,52,22149,256,0.06674670951501374,0.9327528568866262,0.966050356081393
1,53,19022,256,0.1033997849547921,0.8804173649457452,0.9468897586547275
1,54,1503,256,0.35575873154691195,0.8302626926057172,0.8026464155860213
1,55,166,166,0.6916981129503605,0.06479981645559661,0.5552493917598105
1,56,5089,256,0.20995648044752974,0.503762742005845,0.8888439230553754
1,57,11883,256,0.11073505302465206,0.6437611789444465,0.943008455410315
1,58,16823,256,0.12083114893947002,0.8860954048266342,0.9376400434391281
1,59,744,256,0.3780986178349287,0.8622015785080169,0.7886072420191633
1,60,30347,256,0.12419528562696025,0.8707581313425211,0.935844385767762
1,61,6201,256,0.3911347474860966,0.736491861303813,0.7802981817958461
1,62,25979,256,0.09587234182567035,0.901572716672707,0.9508562762974905
1,63,65110,256,0.07937123815818085,0.902306287341733,0.9594940134476188
1,64,50909,256,0.46607962311780293,0.6442463949012374,0.7306985540441401
1,65,10842,256,0.2567720257001888,0.7739334904636624,0.8621067070263466
1,66,13989,256,0.10099157907640836,0.9124846287869288,0.9481605459644435
1,67,37583,256,0.07482496532130177,0.9185169514460498,0.9618601949757034
1,68,19075,256,0.9933237632457894,0.5979433829263664,0.08170824165413539
1,69,11110,256,0.1782367103841899,0.9166305159381641,0.9065116047882731
1,70,43297,256,0.4524964130956056,0.6799535444644665,0.7399348531488393
1,71,67,67,0.46944859368630415,0.8406397543447297,0.7283895978895468
1,72,1110,256,0.3912983564690114,0.8973442384874292,0.7801933372767218
1,73,6578,256,0.12301891995441834,0.8349948658671745,0.9364726798180402
1,74,93263,256,0.09073685766099929,0.9185110038172096,0.9535529048453477
1,75,23535,256,0.09815195139591876,0.8466364665694313,0.9496568056956582
1,76,23247,256,0.06982883916285638,0.903543014526103,0.9644538147766037
1,77,23301,256,0.12350802371280734,0.6633214149872696,0.9362115018985788
1,78,24039,256,0.15722209988978425,0.9065661222284844,0.9180293568891007
1,79,194,194,0.4651946395143689,0.779725741577568,0.7313038769797622
1,80,8857,256,0.5097387451541457,0.7134694275175857,0.7001865857368693
1,82,2665,256,0.8736111373327116,0.42436210379178463,0.3555121132497294
1,83,33932,256,0.10836357262903172,0.886919572168774,0.9442650196692496
1,84,5985,256,0.7275818407575576,0.46198101484842097,0.5219369303301332
1,85,15681,256,0.07937633568899534,0.8740449891906668,0.9594913570798878
1,86,27647,256,0.4625781582517362,0.7716014535468272,0.7330906095076268
1,87,5241,256,0.41750568739006355,0.7694933658015792,0.7632131501814787
1,88,3819,256,0.2999227930187605,0.9077095094911668,0.836706165258294
1,89,18453,256,0.10217084760080958,0.8755605343814497,0.9475384701420784
1,90,18354,256,0.23604426258225236,0.8908442517262322,0.8740456151813518
1,91,24867,256,0.09260221364368439,0.8615206147769068,0.9525742944024448
1,92,13511,256,0.10702658826016377,0.7804149545052468,0.9449727042300409
1,93,1860,256,0.33997250192243056,0.8645892872400377,0.8124207641841569
1,94,29473,256,0.4119028746614824,0.7270304535362168,0.7668749085336654
1,95,6860,256,0.1319260652400351,0.9482410664345224,0.9317048538888079
1,96,11437,256,0.1982061631478016,0.9076770599525313,0.895429414779411
1,97,7433,256,0.20720482869206497,0.8905079082049683,0.890390460027473
1,98,11454,256,0.07426227106511882,0.9101622287902719,0.962152653654752
1,99,24134,256,0.11676856916637464,0.8623029605216509,0.9398039321228792
1,100,26726,256,0.7670126602656542,0.47493620580779883,0.4826876212773079
1,101,4731,256,0.12733856993864015,0.9199943385670944,0.934163492147579
1,102,5892,256,0.6260467296244898,0.46684271810874656,0.6115171873099808
1,103,13081,256,0.08599472333985693,0.9267832736487153,0.9560362318762522
1,104,2291,256,0.15591336856553606,0.9025318966516388,0.9187418742141146
1,105,9427,256,0.10671007570531216,0.8735336976059129,0.9451401611902268
1,106,17485,256,0.40293149937795497,0.7168652257727451,0.7727020775318552
1,107,28761,256,0.13071125432790273,0.8705870534730358,0.932356555011063
1,108,9560,256,0.8379114868428391,0.45004377380036026,0.4026021772881524
1,109,4301,256,0.15997722194883338,0.7694812051637878,0.9165275653526012
1,111,60750,256,0.21034039431830023,0.8707671995133955,0.8886279343356812
1,112,230,230,0.4697880882595431,0.6493175160994233,0.7281565159637431
1,113,16427,256,0.06766404467102974,0.9002978945561099,0.9655754529444969
1,114,26869,256,0.12577421686547435,0.8885391642966126,0.9350004187884227
1,115,24787,256,0.06787534063919648,0.911820222559421,0.9654660322149109
1,116,29754,256,0.1127022197806488,0.9079830135582382,0.9419648508407048
1,117,2881,256,0.2179322099549405,0.5879117976912563,0.8843459673934514
1,119,6277,256,0.983009386762707,0.4333197260460824,0.13034804654191412
1,120,291,256,0.4389025623699679,0.7352685894021479,0.7490643748237078
1,121,2997,256,0.8387819443676436,0.4239400037862391,0.4015196827458853
1,122,125339,256,0.08301694655139746,0.8920710606844517,0.9575923211098774
1,123,14639,256,0.0934620170838125,0.8718641360847126,0.9521228822563753
1,124,20393,256,0.12456581313203895,0.8549630118595983,0.9356464005530941
1,125,3115,256,0.7926860430939404,0.47270780253972894,0.45531742433829564
1,126,11685,256,0.10975738485940377,0.7592286357062157,0.9435266902110381
1,127,40980,256,0.4138470486923029,0.6999956169887342,0.7656062638900606
2,0,11787,256,0.13582176027599258,0.9020791371928703,0.9296118758514262
2,1,161,161,0.6324253825790804,0.5328225523187103,0.6062793229369773
2,2,13888,256,0.2263892123057184,0.7502253062264183,0.8795514696106655
2,3,75,75,0.627936775617392,0.8293631779289217,0.6099698553064798
2,4,69059,256,0.0831189699985217,0.9041398189160992,0.9575390488128817
2,5,272,256,0.58707421445873,0.7561784710867789,0.6425930170343201
2,6,14543,256,0.12394866523590305,0.8376087403530404,0.9359761400613249
2,7,22876,256,0.12910121103574773,0.8638628096687798,0.9332195823943324
2,8,24185,256,0.1037880691311005,0.9012108000764333,0.946684705099274
2,9,23497,256,0.10551529766178656,0.9193697759962509,0.9457720139326461
2,10,9204,256,0.15024571609142343,0.922847552470032,0.9218211778368821
2,11,2085,256,0.18685445750996324,0.9076966201897204,0.9017458303147494
2,12,17923,256,0.08309071826681186,0.8865972323871855,0.9575538009601278
2,13,404,256,0.5978752947685269,0.8918030582420593,0.6341330343322867
2,14,24170,256,0.1868842758984143,0.8337794785858427,0.9017292964640695
2,15,14184,256,0.10427219845799571,0.8206975745295959,0.9464289733212969
2,16,20394,256,0.372471372825962,0.7293118924992182,0.792167044993692
2,17,12722,256,0.42915429124092164,0.5618185746951162,0.7555433202398645
2,18,723,256,0.5641101159466949,0.9106553836679655,0.6602195726069511
2,20,1163,256,0.5087656822190457,0.9333341490122193,0.7008811010299495
2,21,1881,256,0.5599446278937825,0.7381954169451626,0.6633666950535108
2,22,9122,256,0.1053681062743709,0.9007498163437515,0.9458498262016171
2,23,1183,256,0.5125783091974808,0.8389275471663811,0.6981559215551488
2,24,10808,256,0.13263897733754385,0.8384506557183674,0.9313221905777056
2,25,1047,256,0.6036717621232257,0.9011959963443081,0.6295460569940649
2,27,16985,256,0.15250818733684787,0.8895849764533391,0.9205931852143769
2,29,16805,256,0.30760624353828225,0.7817574475000398,0.8321020108506635
2,30,11013,256,0.7730311171467078,0.48656178232957187,0.476412513325681
2,31,1322,256,0.6033796974120617,0.8082322322055537,0.6297779788051805
2,33,359,256,0.5784377617645712,0.8958249495353396,0.649278244079862
2,36,1893,256,0.5327474435245564,0.8257799544011794,0.6835587439828735
2,37,3131,256,0.3180842144571781,0.7654344564412412,0.8257819237200715
2,38,31160,256,0.38904386163667765,0.711537817126424,0.781636832783181
2,40,45516,256,0.4082936894309365,0.731349739804361,0.7692244864596183
2,41,23373,256,0.13836097526001798,0.8431509916400681,0.9282451318159347
2,42,1456,256,0.5428662918965776,0.8570863764929804,0.6761166379430567
2,43,95,95,0.621180913562837,0.9129895100083272,0.6154828075886142
2,44,4691,256,0.26089859253545816,0.7931472389261385,0.8597100717477619
2,45,24543,256,0.2332058356787167,0.7945311195110193,0.8756678390356033
2,46,30209,256,0.5336531325921143,0.8366278757996043,0.6828959418592891
2,47,1333,256,0.5714040424720701,0.7897420656106425,0.654672404739905
2,48,9782,256,0.23968433233810152,0.8660635387033675,0.87196081773317
2,49,38657,256,0.1721217294807209,0.8387703902956722,0.9098781624587322
2,50,30492,256,0.15129330711965389,0.910245030324415,0.9212527844627371
2,51,42923,256,0.13733295377604193,0.9012844605223833,0.9287987113599793
2,52,45377,256,0.10365625435666842,0.8791413457256525,0.9467543216924503
2,53,25826,256,0.270629296190742,0.7937793157763195,0.8540320273908105
2,54,22454,256,0.10092257143890702,0.8267452060619315,0.9481969355366494
2,55,31465,256,0.10483707936834942,0.8886534523925,0.9461304987324162
2,56,3248,256,0.2611626068766044,0.9204788738095815,0.8595565095579205
2,57,13091,256,0.20914498686977687,0.7736186253958123,0.8893002941246692
2,58,28420,256,0.49681972378351685,0.6920604661044928,0.7093520114981582
2,59,12734,256,0.09244446140992649,0.8590588634815163,0.9526570939168372
2,60,43724,256,0.09808130745737773,0.9201882523737692,0.9496939994243526
2,61,1561,256,0.5266808806039687,0.9024851386235393,0.6879819179281031
2,62,27861,256,0.05961009616749199,0.8707720152968211,0.9697370281847074
2,63,15030,256,0.15300439773008553,0.8649210728747663,0.9203236399603753
2,64,70147,256,0.06212827222742291,0.8890514778694357,0.968437776923524
2,65,42419,256,0.12733355382550005,0.8611623581083164,0.9341661769591639
2,67,17727,256,0.12230465289620873,0.8411469243717055,0.936853962527667
2,68,38502,256,0.12149233752067981,0.872828669255954,0.9372873958820316
2,69,19584,256,0.08055816835392612,0.8606040177155214,0.9588752951484744
2,70,15987,256,0.08128558858311605,0.8000740626328846,0.958495911006867
2,71,829,256,0.9723302266274696,0.12111356488682372,0.16634233788344566
2,72,12211,256,0.2503755790683798,0.8216079834266884,0.8658085359544685
2,73,27276,256,0.08164902820725913,0.8778216396829202,0.9583063037425669
2,74,19454,256,0.10800200949081896,0.8941338670216414,0.9444564524154521
2,75,5700,256,0.7000382670754486,0.5515660766525745,0.5476876234903902
2,76,38237,256,0.14999872035261635,0.8622489788509828,0.9219551397152596
2,77,14850,256,0.5536703523415442,0.6136251869765964,0.668079072908631
2,78,1192,256,0.9132688152168575,0.24172740972879586,0.29450158706387725
2,80,2411,256,0.8628792501843331,0.4225257293037725,0.3702981904029061
2,81,9169,256,0.2330967865760596,0.8764328877682427,0.875730103070541
2,82,12545,256,0.484410698334642,0.7357089133732779,0.7180454732573405
2,83,269,256,0.8405453671566555,0.09959777897797757,0.39931770915318104
2,84,32951,256,0.3199099392899829,0.8072339812943492,0.824675730642061
2,85,24743,256,0.07943325125039606,0.8629933339408304,0.9594616973853641
2,86,1857,256,0.4768220565945279,0.7795606404620781,0.7233104059845068
2,87,15925,256,0.2869349159408531,0.827131231066937,0.8444318113732731
2,88,34295,256,0.40214841606970925,0.7300765827882579,0.7732086289807497
2,89,2886,256,0.13461215323470707,0.9011733915866942,0.9302622462323691
2,90,29795,256,0.2505710823273412,0.8187520779010246,0.8656956264603968
2,91,100,100,0.6262663288099946,0.7836991310869158,0.6113376081920737
2,92,2963,256,0.9999663668768627,0.054084087396063116,0.005799407136708979
2,93,29358,256,0.4497676471379797,0.7010524514847721,0.7417764844358578
2,94,87499,256,0.20592939997845353,0.8455604418736615,0.8911063909666155
2,95,7334,256,0.36109253710253847,0.8152280303471121,0.7993168726465504
2,97,24172,256,0.14057967223743395,0.9004488808710773,0.9270492585416192
2,98,2513,256,0.7634609856181942,0.4239439374098999,0.48635276742484546
2,99,35782,256,0.6571012037145083,0.5828328056879254,0.5855756110746858
2,100,27742,256,0.1734380504561181,0.8793980632962851,0.9091545245687785
2,101,8564,256,0.6254376283534314,0.7014404681249291,0.6120150093311181
2,103,1411,256,0.5706263978002568,0.9117247091443543,0.6552660545150674
2,104,47926,256,0.11097092609225515,0.9042517412005677,0.9428833829842082
2,106,103,103,0.6248957248271686,0.9293796983877612,0.6124575701000285
2,107,14468,256,0.09869778776870711,0.790206783907311,0.9493693760761893
2,108,3013,256,0.13844119501832836,0.807582484822308,0.9282019203716784
2,109,226,226,0.6114663086132665,0.9128973375536878,0.623324707826293
2,110,1013,256,0.6001835049316413,0.7091311593700887,0.632310442004842
2,111,4857,256,0.1690141289335718,0.8519318320352046,0.9115842643806595
2,112,15572,256,0.16417954885164024,0.8250344722749547,0.9142321647964262
2,113,303,256,0.6143967149015663,0.7696758540537608,0.6209696329921727
2,115,19057,256,0.44322959723372307,0.7851343376657163,0.7461704917552536
2,116,41652,256,0.13238429666580226,0.8826034331490188,0.9314589112431089
2,117,31513,256,0.16374666983611022,0.8477807861412503,0.9144688787290084
2,118,29473,256,0.08971290816389253,0.8880501455696529,0.9540896665597566
2,119,28103,256,0.18799557594084182,0.8280049911338357,0.901112880864078
2,120,24942,256,0.072098513117986,0.8232389444349413,0.9632764332641041
2,121,19934,256,0.1143292023376866,0.8301962141411575,0.9411008435137614
2,122,32241,256,0.2013674492342921,0.8136138995081466,0.8936624366983923
2,123,32058,256,0.18961040938145698,0.8421950623929495,0.9002164132132578
2,124,683,256,0.6138971934063061,0.6053812763089507,0.621371713705809
2,125,86897,256,0.08637224711023435,0.8791267022722346,0.9558387692962478
2,126,15871,256,0.09739428991493228,0.8035726242631546,0.950055635257782
2,127,14738,256,0.13399995364983466,0.8836959430174285,0.9305912348341593
3,0,9680,256,0.04896427583168586,0.9216362240815955,0.9752106050327356
3,1,31453,256,0.0522001455387387,0.9143785704756039,0.9735501294033406
3,2,33363,256,0.14706605458383912,0.8778028297253815,0.9235442303518336
3,3,6751,256,0.0977859446668333,0.9368543953207681,0.9498494908843015
3,4,14910,256,0.27767402887777654,0.8131280266856311,0.8498976239066818
3,5,5716,256,0.08096082131850574,0.9059633255023228,0.9586653110869789
3,6,32424,256,0.3028555968823848,0.8246281029534515,0.8349517369989808
3,7,26698,256,0.0879570152077017,0.8927266069104772,0.955009416075202
3,9,28891,256,0.1432099906889144,0.6042810948362526,0.9256295205486295
3,10,32985,256,0.07427518766478343,0.9127958626307457,0.962145941287088
3,11,29561,256,0.059395047398564625,0.8852070396424437,0.9698479017874068
3,12,11979,256,0.09664686096496503,0.8703450262852817,0.9504489144793817
3,13,26423,256,0.12000038104001427,0.8961933800377951,0.9380829488696539
3,14,77,77,0.3832652695257538,0.7641121603498019,0.7853246019794912
3,15,165,165,0.3685055096780622,0.9258493111305324,0.7946662760693559
3,17,8948,256,0.590007749354361,0.6251581355027482,0.6403063724855774
3,18,2217,256,0.09796167929237484,0.8709867771887432,0.9497569798151657
3,19,26650,256,0.07212909745832252,0.9052913525484366,0.96326055797052
3,20,16268,256,0.06783461217618013,0.895499995789957,0.9654871246287129
3,21,19389,256,0.05966448291117295,0.9144025092508049,0.9697089857729622
3,22,9101,256,0.07654388123121587,0.9129376362490164,0.9609662422628508
3,23,5567,256,0.6851347464067974,0.6793307569663485,0.5611285535358209
3,24,28137,256,0.10902822175015996,0.8930905092940177,0.9439130141331034
3,25,68556,256,0.07739126946792982,0.9159991825454696,0.9605252368012358
3,26,32144,256,0.058961952736369665,0.9076598628846996,0.9700711557734465
3,27,6162,256,0.17597765297548298,0.8929791859778209,0.9077567664438073
3,28,2554,256,0.2579036715209908,0.9083809803813461,0.8614501311619897
3,29,16943,256,0.13537583973921402,0.8798874344312382,0.9298516872387693
3,30,4567,256,0.13789281724875663,0.591011280024468,0.9284972712675269
3,31,27240,256,0.3324242249547178,0.7766503564390229,0.8170531041770065
3,32,4114,256,0.11358266103818018,0.883236901724296,0.9414973919038861
3,33,358,256,0.3996340345677413,0.6375668695457148,0.7748328629015799
3,34,31596,256,0.13405850542296113,0.8994756877234489,0.9305597748543823
3,35,14946,256,0.07584940776155741,0.9273471158426955,0.9613275155941613
3,36,13814,256,0.27646487986262275,0.7793224399147163,0.850608676265048
3,37,23666,256,0.08587946577362975,0.8969853229026243,0.9560965088454043
3,38,21407,256,0.09646896514452133,0.9214666629680573,0.9505424950287487
3,39,9020,256,0.13215553775488487,0.7079827111744326,0.9315816991789369
3,40,11669,256,0.06612329253807896,0.9117844174482632,0.96637296498915
3,41,16199,256,0.49915288430876986,0.8057722045739227,0.707705528939283
3,42,7988,256,0.08836053271943071,0.9404888972625125,0.9547981290726167
3,45,7425,256,0.13104057723228849,0.9052926423876919,0.9321799304682071
3,46,2701,256,0.09495752287528275,0.9473369360618328,0.9513372047411566
3,47,1927,256,0.3505122254139561,0.7694782427196557,0.8059080435049919
3,48,1715,256,0.24785932500550922,0.8019523633275019,0.8672604424245872
3,49,11573,256,0.38239977472604386,0.7324364600057084,0.7858754515023078
3,50,7165,256,0.07744672525335672,0.9326453100239394,0.9604963689398536
3,51,4846,256,0.1065877525849208,0.7817478069571538,0.9452048706048225
3,53,40999,256,0.1580300801531384,0.8966172194518057,0.9175891890420579
3,54,116545,256,0.060082985325507,0.9241615519954317,0.9694931741247552
3,55,10079,256,0.1502091086229077,0.8974012912250121,0.9218410336804781
3,56,2775,256,0.1316565368655362,0.7991787487313037,0.9318494852359279
3,57,115,115,0.39478122520228665,0.4505872779920098,0.777958080360191
3,59,31841,256,0.05160041003124833,0.9176918617536877,0.9738580953962193
3,60,23118,256,0.16389232908205995,0.8545270137850103,0.9143892338156329
3,61,43255,256,0.05451802240040854,0.9370763905964101,0.9723589756872673
3,62,37137,256,0.06056995269130341,0.9342464270788206,0.9692419962572282
3,63,1870,256,0.4596138061823282,0.5631491468224968,0.7351096474796611
3,64,35127,256,0.09469830621705634,0.8938137030598604,0.9514734330410617
3,65,111,111,0.36793151920599737,0.8253758841837768,0.7950273459410077
3,66,7830,256,0.08561783034026983,0.8721289740307601,0.9562333238596792
3,67,4142,256,0.07942741902412584,0.834067839499357,0.9594647367026441
3,68,1683,256,0.24898863067380883,0.9349533936347444,0.8666091214187577
3,69,5512,256,0.07158789275027583,0.9386984683862755,0.963541440338569
3,70,37010,256,0.06569202308397983,0.9195286482267966,0.9665960774367027
3,71,8990,256,0.07387171008961274,0.7201273809080102,0.962355594315525
3,72,11140,256,0.49272863808146683,0.6887615596074811,0.7122298518866877
3,73,38959,256,0.09677883024921775,0.894147477544178,0.9503794872316964
3,74,48255,256,0.09574502587290919,0.9160472930973822,0.950923221993811
3,75,22065,256,0.4831676700008078,0.6766251518536539,0.718910515988737
3,76,32544,256,0.08063909414857987,0.9101024047518564,0.958833095930371
3,77,24298,256,0.06846983662790125,0.9117783342286865,0.9651581027852891
3,78,51277,256,0.049494943041851355,0.8981185346396892,0.9749384888074472
3,79,3517,256,0.15008430629026867,0.8433131406620977,0.921908723090161
3,80,12593,256,0.07388357036181355,0.7379067383388468,0.9623494321909202
3,81,22405,256,0.13599605578282153,0.8501062109057265,0.9295181247383929
3,82,12028,256,0.9938112147856797,0.46861771456718315,0.07866883254707872
3,84,6696,256,0.31562532235110297,0.7341235070527934,0.827269410560367
3,85,345,256,0.852376971338343,0.204499821220843,0.38421742368307166
3,86,14456,256,0.14817405403591827,0.8540335614037559,0.9229441727234003
3,87,8639,256,0.07752011516193824,0.8224426058336938,0.9604581640228073
3,88,13121,256,0.6088677092510912,0.6313017040745265,0.6254057009245348
3,89,43572,256,0.11535821687074678,0.8999002248388823,0.9405539767228956
3,90,9116,256,0.09351126353983945,0.9108420667804968,0.9520970205079735
3,91,15825,256,0.08792885635439167,0.883182267773728,0.955024158671187
3,92,14635,256,0.07624208862552988,0.9324765564669508,0.9611232550378074
3,93,62522,256,0.06047343092260364,0.9015164622324392,0.9692917873774627
3,94,16637,256,0.10112638115096181,0.8855501775607978,0.9480894571974937
3,95,174,174,0.9232646320678982,0.029126289687001164,0.27701149422379895
3,97,8094,256,0.11918890781735544,0.8815191132914562,0.9385153659811034
3,98,3971,256,0.16772948229466564,0.9047055703305019,0.912288615354447
3,99,6456,256,0.11416230374499295,0.920423919121309,0.9411895113392451
3,100,1345,256,0.2614035756455853,0.8672219787532193,0.8594163277215617
3,101,11008,256,0.15042900946792795,0.9109703914324866,0.921721753313912
3,102,4638,256,0.7779883349268719,0.44071786458593465,0.47118113828243174
3,103,23153,256,0.15317516846509766,0.8786842955401932,0.9202308577389167
3,104,24173,256,0.11250237179744765,0.8950246257628506,0.9420709252506163
3,105,30665,256,0.0790605013659408,0.9181952980015108,0.9596559272124876
3,106,45304,256,0.0647437629602663,0.8976249276809068,0.9670864682331842
3,107,2662,256,0.9790815958648601,0.37936921916105604,0.14463196097384526
3,108,7373,256,0.0604420273588675,0.8989482849501466,0.969307986473408
3,109,7600,256,0.06161459564317629,0.8972126609940394,0.9687029494931992
3,111,3091,256,0.10929446076724372,0.9347126114049706,0.9437719741721282
3,112,19224,256,0.08937045689246569,0.9191805667058334,0.9542691146147056
3,113,4876,256,0.07632383759403884,0.8939627193602758,0.9610807262691107
3,114,4161,256,0.12147825446649053,0.916077960265779,0.9372949085178631
3,115,10939,256,0.3969304653105953,0.7655651916042089,0.776575517698958
3,116,24999,256,0.6491171133123924,0.6077073477407102,0.5923536837798914
3,117,7913,256,0.15779421327280446,0.8699900495833851,0.9177177053578053
3,118,3665,256,0.15244128203327612,0.8903648202566898,0.9206295226456318
3,119,2433,256,0.11024850208476841,0.8977611335807084,0.9432663981692719
3,120,12713,256,0.08307829612885617,0.9176221610770741,0.9575602873298077
3,121,23772,256,0.3668853600747462,0.8883559646510166,0.7956850130078195
3,122,7601,256,0.0940388763414594,0.8725062586643781,0.9518199008523307
3,123,43924,256,0.06569742575058855,0.9372356722160072,0.9665932827458565
3,124,67224,256,0.3721843258816847,0.8512700582549587,0.792348202571518
3,125,379,256,0.34459456339528177,0.9002711885680901,0.8095711436339108
3,126,2263,256,0.1694874085464476,0.8639671636337156,0.911324635601141
3,127,30636,256,0.1060775934016873,0.9194770472675886,0.9454746990788874
4,0,29573,256,0.09254168752696766,0.9159518535359911,0.952606063634403
4,1,11255,256,0.07460290605579478,0.9318495070994646,0.9619756202441958
4,2,6541,256,0.09841062779561989,0.8277829619626931,0.9495206012532745
4,4,3343,256,0.0787657957804171,0.9162367753617405,0.9598094624557433
4,5,32233,256,0.09743404387019988,0.9283587730657075,0.9500347131183156
4,6,19170,256,0.06611287384114886,0.9219293059289316,0.966378355593114
4,7,4449,256,0.1331414341232684,0.8374819576699634,0.9310523969555804
4,8,1210,256,0.05746406211308291,0.8813797600760777,0.9708429007243742
4,9,12490,256,0.06976197641903271,0.9094138390116738,0.9644884776818059
4,10,47094,256,0.06799499436069692,0.9199039050435849,0.9654040634052165
4,11,76002,256,0.08440420814992174,0.8812396252740682,0.9568676981955646
4,12,9246,256,0.15481945589743737,0.841886549583483,0.9193370133430736
4,13,1038,256,0.09878486411586337,0.7917434474512182,0.9493235148694762
4,14,20497,256,0.1638588093621451,0.4718307341731123,0.9144075626534673
4,15,3124,256,0.11260679731950932,0.9041254619972386,0.9420155002336695
4,16,12111,256,0.24987959188770525,0.8378399585693884,0.8660949186505453
4,18,23734,256,0.09333072440569748,0.8645961082460122,0.9521918270990896
4,19,6332,256,0.47276201795814193,0.7155585439358981,0.7261115493103371
4,20,22391,256,0.14218868143166088,0.9194919528923838,0.9261810398449858
4,22,62003,256,0.08839533215819056,0.8909707808061605,0.954779905445129
4,23,21501,256,0.11329907124834286,0.881580417150715,0.9416479855825409
4,25,34119,256,0.10767253457762374,0.8912812353044482,0.9446308619891562
4,26,1336,256,0.12393710240598774,0.7623260126013721,0.9359823169237826
4,27,35324,256,0.0986231475729999,0.9079816877465298,0.9494086856707179
4,28,70,70,0.03763185071475228,0.8029919093371495,0.9810036438695056
4,29,11052,256,0.08650742125832739,0.9029307539644092,0.9557680569791358
4,30,9618,256,0.1624713628125763,0.881329086852067,0.9151659069192994
4,31,1811,256,0.33229779049741076,0.5798348615355392,0.8171304727536413
4,32,4431,256,0.32968839050324306,0.8505201481319749,0.8187256008558405
4,33,907,256,0.13027842268235598,0.8502316731978826,0.9325886431421112
4,34,5437,256,0.0968454630933708,0.8947576279829467,0.9503444306706013
4,37,1395,256,0.054485761505405676,0.8530261049853926,0.9723755645297728
4,38,5119,256,0.1897894192108844,0.8611483857180031,0.900116981724662
4,39,42227,256,0.09394144275323502,0.875628761889899,0.9518710822620703
4,40,48272,256,0.07372222196892031,0.8974923097093879,0.9624332590008928
4,43,9690,256,0.07243923194146243,0.777323912005879,0.9630995629001903
4,44,8369,256,0.23010986205791314,0.9069518397026032,0.8774338367888982
4,45,196,196,0.04701651892878948,0.7840302577386653,0.9762087282293733
4,46,54236,256,0.07875709936406601,0.9264417915212995,0.9598139927277233
4,47,22250,256,0.07545201400305773,0.8740828828862225,0.9615341834781238
4,48,7905,256,0.17939584477969067,0.8922671294736267,0.9058720413062263
4,50,27227,256,0.122529816873744,0.9130047454194464,0.9367337845547453
4,51,49891,256,0.06149460381153068,0.919245796921781,0.9687648817894202
4,52,20715,256,0.5228322482350289,0.6649899269900251,0.6907732998350262
4,53,16997,256,0.14577319541819653,0.8815495174735826,0.9242439096806662
4,54,72,72,0.036575967061998206,0.7840331229007215,0.9815416613358813
4,55,3458,256,0.09911802388804221,0.935075359318748,0.9491480264489611
4,56,23116,256,0.13399010896578975,0.8623952993325747,0.9305965242972973
4,57,58827,256,0.058435197702215676,0.948799705606802,0.9703426210868944
4,58,17813,256,0.2855115518207836,0.8200194692167758,0.8452741852080995
4,59,849,256,0.04385353424099226,0.8429717806202661,0.9778274212554113
4,60,50987,256,0.14714681153187875,0.8809677328948499,0.9235005081038782
4,61,2145,256,0.09616243071577153,0.935240148912868,0.9507037231883698
4,63,38081,256,0.14750845519785796,0.8643537340196408,0.9233046868732673
4,64,15304,256,0.13645937860042145,0.9126100133861748,0.9292688638922422
4,65,6171,256,0.16054879426057034,0.9361034706820907,0.9162156982607478
4,67,48268,256,0.11929445952563382,0.8963964121478195,0.9384591309558271
4,69,317,256,0.12834641525541787,0.4038283169789159,0.9336238989789101
4,70,74773,256,0.09512648989154815,0.9182901126472721,0.9512483955878464
4,72,159,159,0.03660504809437279,0.8230617740289647,0.9815268472668627
4,73,3873,256,0.4630037264472055,0.6934180021379973,0.7328002958192597
4,74,32512,256,0.09133354457102504,0.9245288843195789,0.9532399778801637
4,75,9143,256,0.664292243339243,0.6399351208382319,0.5794029311806742
4,76,33284,256,0.11811035090804876,0.8842854739021686,0.9390897982045973
4,77,29373,256,0.0550496736435012,0.923158628090641,0.972085555060098
4,78,361,256,0.06715846609531552,0.7266500171600828,0.9658372191548038
4,79,42176,256,0.11430928522943748,0.8871758355106397,0.9411114252683167
4,80,2663,256,0.07217578925831548,0.9109178039757712,0.9632363213364021
4,81,5416,256,0.5174970032103131,0.7058744155961872,0.6946243566055591
4,82,1808,256,0.08408685405737869,0.6927698844298444,0.9570335134897948
4,83,7601,256,0.13413596779757275,0.8835131156344243,0.9305181525378359
4,85,34797,256,0.21554615560991408,0.8354965478308501,0.8856939902641803
4,86,27295,256,0.15264886691470825,0.8892462154993679,0.9205167750156928
4,87,26457,256,0.07827516121238977,0.8970446091225941,0.9600650180001405
4,88,11502,256,0.16901180708058175,0.8631831465841169,0.9115855379060257
4,89,5160,256,0.07879265020782938,0.9260664640590542,0.959795472896268
4,90,10789,256,0.11963653519281442,0.8410673730220354,0.9382768593582523
4,91,35411,256,0.08983431841085351,0.9181904236538391,0.9540260382133952
4,92,16470,256,0.5524252091468764,0.650543733264408,0.6690103069857172
4,93,8277,256,0.203456411102552,0.9087328082406041,0.8924929069171631
4,95,4788,256,0.08295640875716558,0.6876581788068595,0.9576239299656386
4,96,28884,256,0.07769852070422649,0.8645972899990129,0.9603652843037245
4,97,27759,256,0.08278730063561295,0.9026951693825449,0.9577122215803592
4,98,40956,256,0.2975876630020069,0.7951928584289681,0.8381004337178171
4,99,11551,256,0.4794901946491096,0.7371540450526182,0.7214636549063926
4,100,7707,256,0.06175274532610739,0.9190549970777454,0.9686316403431661
4,101,24681,256,0.08498982749320683,0.8888923416408632,0.9565616407251512
4,102,42981,256,0.07714934693154919,0.8930704182972817,0.9606511609676276
4,103,6207,256,0.13059441183485318,0.8535329774023667,0.9324192126748283
4,104,5531,256,0.21139757396322006,0.8782955857982223,0.8880328969338804
4,105,23854,256,0.07224030480564812,0.9316548339105036,0.9632028318035365
4,106,29830,256,0.317029068251505,0.8000297031877727,0.8264205538032648
4,107,13337,256,0.08323941964182298,0.7613257036738171,0.9574761513260667
4,108,2946,256,0.18547120401355985,0.7403654384824303,0.9025124907647761
4,109,164,164,0.029833928464149707,0.8539106359452825,0.9849700866198172
4,110,7749,256,0.052228610669012944,0.9489233133390326,0.9735355100513731
4,111,36681,256,0.09056284092947621,0.8981990663392587,0.9536441469806879
4,112,699,256,0.058648096706329235,0.9195307517432969,0.9702329118792409
4,113,68314,256,0.07298842659205103,0.9139454892161972,0.9628144023683635
4,114,8294,256,0.06969550493343293,0.9624704306083451,0.9645229365165803
4,115,24398,256,0.43828472032604165,0.7098344465793155,0.7494766705334852
4,116,41305,256,0.05980174271477013,0.9232863275840305,0.9696382094808506
4,117,113,113,0.035172407640132776,0.8190099112593767,0.9822563781212456
4,118,18779,256,0.13680880524386824,0.8470752942383999,0.9290808332734735
4,119,7029,256,0.5332304869415797,0.68410128540425,0.6832053227679219
4,120,51383,256,0.3232154437497763,0.7400590915480515,0.8226691657344547
4,121,3548,256,0.1213513517908853,0.9112346158972291,0.937362602309861
4,122,20621,256,0.08760935695526341,0.9054751968983663,0.9551914169655926
4,124,2808,256,0.06651960249852606,0.911673091927137,0.9661678930193623
4,126,2195,256,0.5867471197565629,0.6184729617845554,0.6428474782119294
4,127,3054,256,0.1453403167064126,0.9330576429150514,0.9244780599308928
5,0,21419,256,0.14864711907848313,0.8434415225396761,0.9226878567107714
5,1,6148,256,0.39986961667485554,0.7567996268684158,0.7746808267442434
5,2,8093,256,0.2202693639671775,0.86641300811175,0.8830235761477847
5,5,59242,256,0.05636587258020976,0.8827546834474819,0.9714083216751801
5,6,1504,256,0.08205889547707441,0.8848833273914158,0.9580924300519891
5,7,25850,256,0.06808411190513752,0.9097626919278788,0.9653579067345243
5,8,4893,256,0.25434445143276346,0.8376719994427287,0.8635134906689278
5,9,5232,256,0.4327171187590917,0.709350059728171,0.7531818380981503
5,10,12893,256,0.1049354354195355,0.9109779567549867,0.9460785192469304
5,11,194,194,0.03824957784815199,0.8828635828225673,0.9806887488657388
5,13,2352,256,0.11193981450887926,0.8654359623902523,0.9423694527578452
5,16,19815,256,0.0636397263457426,0.8702538194593028,0.9676571054119623
5,17,8309,256,0.298371382917976,0.8327014127018665,0.8376327459465897
5,18,44847,256,0.07142721791622858,0.8927683155729849,0.9636248139622451
5,19,10544,256,0.10837108018920226,0.8918635667422661,0.94426104431497
5,20,11831,256,0.15199223846146817,0.8837424670909275,0.9208733688941884
5,21,21685,256,0.09953150565688007,0.8951677733936518,0.9489301841247963
5,22,43565,256,0.16353073028981108,0.8870120016588596,0.9145869393940572
5,23,189,189,0.03738929982313465,0.8829263879989446,0.9811272599295493
5,24,9778,256,0.08343810432490208,0.8942717358979859,0.957372391326958
5,25,3027,256,0.5975063239470648,0.6286664387015113,0.6344238930344089
5,26,160,160,0.1286073957636876,0.13660004505224607,0.9334841210413343
5,29,902,256,0.11951052851530566,0.8504945333768349,0.9383440048749149
5,30,28798,256,0.07737855551231222,0.8371047019398947,0.9605318550093421
5,31,68799,256,0.08251293770970762,0.9229666384766861,0.9578554495800984
5,32,18089,256,0.2571476785558513,0.9247073161615488,0.8618888103718186
5,33,22432,256,0.5267178848539263,0.6522411924820449,0.6879550240721217
5,34,21638,256,0.09146182344203518,0.8684530365714975,0.9531726897881436
5,35,383,256,0.0708278990126839,0.7765396201131028,0.9639357348844974
5,36,8278,256,0.16789346788958467,0.9196096206653217,0.9121987349861955
5,37,23489,256,0.33463233844014256,0.780508944216776,0.8157007181312625
5,38,235,235,0.05616578323553312,0.47642633275732404,0.9715113055258117
5,39,93,93,0.033289975820703116,0.9006569884387005,0.9832141293631296
5,41,3600,256,0.2577634347599013,0.8789813663149231,0.861531523068134
5,42,27050,256,0.18584227267696823,0.868197385095366,0.9023068919846683
5,43,1231,256,0.0686287090940184,0.8743672876475541,0.9650757954202258
5,44,150,150,0.03554107735217672,0.9049573475056909,0.9820686954830723
5,45,8954,256,0.18618859701051696,0.9196180058302061,0.9021149610717489
5,46,2783,256,0.1634112902618773,0.9462010661605735,0.9146522343153832
5,47,34327,256,0.09317574640584844,0.9032158844185137,0.9522732032322192
5,48,29052,256,0.07615763167336974,0.9434035908070153,0.9611671906211896
5,49,35265,256,0.05178117777934327,0.918387063466114,0.9737652808663168
5,51,19426,256,0.18770221816333665,0.8333116205681305,0.9012756414308907
5,52,4974,256,0.09816291264876897,0.899652906312645,0.9496510345127999
5,53,9693,256,0.07119011950451211,0.8703123965550377,0.9637478303454113
5,54,23223,256,0.08769939738348165,0.9062600665916786,0.9551442836642632
5,55,52053,256,0.08660149993309378,0.9320624035296193,0.9557188394433304
5,56,9126,256,0.05504318025970338,0.88538012343852,0.9720888949783845
5,58,14955,256,0.07566892324492225,0.8922018849146212,0.9614213835540989
5,59,37250,256,0.5390700414784828,0.7148485807626387,0.6789182266823577
5,61,24148,256,0.24596423079266694,0.8391120782885283,0.8683523301099232
5,62,6696,256,0.07214369758517283,0.9100195376249827,0.9632529794476772
5,63,28519,256,0.07698133277828587,0.9404340483396195,0.960738605043908
5,64,35674,256,0.3684568556958229,0.7831380731394204,0.7946968883191735
5,65,6097,256,0.0756184503695706,0.9206122679286682,0.9614476322870785
5,66,23680,256,0.40394515311924317,0.7568037487527468,0.7720458839219058
5,67,12039,256,0.14939957334641846,0.9007457064128928,0.9222800153172471
5,68,11570,256,0.3575431769934997,0.7901666587439061,0.8015340435730103
5,69,508,256,0.0814147474986703,0.7089432769516859,0.9584285328084352
5,70,844,256,0.05091117930362925,0.8794515302394995,0.9742118972258401
5,71,38154,256,0.08224399947209608,0.8994198774793858,0.9579958249010817
5,72,621,256,0.05864289175203807,0.8159570802339374,0.9702355941975959
5,73,5387,256,0.34629498710638906,0.8323667061124533,0.8085202612758761
5,74,13472,256,0.0855850079657824,0.8762504068375703,0.95625048603084
5,75,57880,256,0.07491142930019752,0.9121379907736299,0.9618152476956281
5,76,5286,256,0.24168486269159709,0.86657071525243,0.8708129175135167
5,77,20416,256,0.1629025345774931,0.8529023043601007,0.914930306319835
5,78,37884,256,0.05188723641170795,0.9036456082824141,0.9737108213367519
5,79,43673,256,0.09099202692077137,0.9301228528933252,0.953419096242166
5,80,36437,256,0.13700020024912188,0.892756902216655,0.9289778252202139
5,81,2328,256,0.14202759357535538,0.8477059681835437,0.9262679992446271
5,82,25038,256,0.0823874947865276,0.9147811231954,0.9579209284766005
5,83,20087,256,0.1025964542287451,0.9259739199316238,0.9473138581121121
5,84,6385,256,0.11824230926164998,0.8721381342923809,0.9390195369311279
5,85,176,176,0.15154011792449085,0.19988679104764998,0.9211188208236271
5,86,14333,256,0.10870741563224441,0.9141075424186142,0.9440829329925182
5,87,27158,256,0.05763964352580521,0.939627374944036,0.9707524692083944
5,90,19323,256,0.09974695844801473,0.8748003387010812,0.9488166532855467
5,91,216,216,0.03975539689229273,0.85405373456095,0.9799207126638907
5,93,41945,256,0.055941284841726405,0.7978264091906978,0.9716268394596115
5,94,12376,256,0.059313812469080435,0.9427898373979384,0.969889781125113
5,95,14458,256,0.09655499123413709,0.9138460090832717,0.9504972429028202
5,96,23064,256,0.07781924862228397,0.9199610550802528,0.960302427039376
5,97,67314,256,0.1086896526094681,0.9127930339022672,0.944092340499875
5,98,207,207,0.16820231766568605,0.22043314424979407,0.9120294306294693
5,99,83068,256,0.05342966911031754,0.9344795912495389,0.9729184605554992
5,100,7995,256,0.1298125375116345,0.9126320513220831,0.9328383903379864
5,101,2750,256,0.08161383047588622,0.9422849597455367,0.9583246681183334
5,102,15487,256,0.07345391564029048,0.8746419910732314,0.9625726384848624
5,103,54906,256,0.13504792106947233,0.8890613296961032,0.9300279990035395
5,104,9553,256,0.13375782212993842,0.8874011842091871,0.9307213212718732
5,105,31946,256,0.14072344437872059,0.8676158386638193,0.926971712416986
5,106,6013,256,0.0721428547062856,0.907533055293947,0.9632534169644634
5,107,24268,256,0.15626091291768324,0.8725187794956817,0.9185527132844999
5,108,28572,256,0.07868963460440993,0.9007593441142138,0.9598491367895218
5,109,2009,256,0.09336681407713547,0.831426581970351,0.9521728760697107
5,110,39107,256,0.08135785206286239,0.9295491111078755,0.9584582139755168
5,111,42145,256,0.12043907183387662,0.9086793553255184,0.9378490966920656
5,112,22810,256,0.15395240597883475,0.8109096760789222,0.9198084550715792
5,113,17469,256,0.060206274595375475,0.9165679626080656,0.9694295876465833
5,114,8674,256,0.09513344126962368,0.8948296768725932,0.9512447417622746
5,115,29856,256,0.09534004238177468,0.93749611788718,0.9511361404227184
5,116,36262,256,0.049902807512768765,0.9013401985055941,0.9747292918996696
5,117,14018,256,0.06936746753207114,0.9153800253897568,0.964692973161891
5,119,1149,256,0.07418305507049691,0.8638043737111868,0.9621938187961421
5,120,2915,256,0.1369993704744201,0.8508833150432518,0.9289782718264081
5,122,26618,256,0.07045370840596542,0.879800915630914,0.964129810551481
5,123,7827,256,0.3329269493863513,0.786765014219895,0.8167454013422106
5,124,2581,256,0.34359655059889804,0.7487058054922715,0.8101872927916741
5,125,33679,256,0.11519663930388892,0.9027579661521502,0.9406398676943856
5,126,33097,256,0.07224157372252639,0.9431886487619228,0.9632021731067023
5,127,631,256,0.28795884749928113,0.47727859453289556,0.8438253092321413
6,0,13555,256,0.14543205219613,0.9327358947160768,0.9244284438526705
6,1,13690,256,0.13656812921611217,0.8854986169851913,0.9292103479750362
6,3,16341,256,0.09409603568932427,0.9392170855505407,0.9517898740324335
6,4,28153,256,0.12993670530836257,0.981026887268086,0.9327718342079361
6,6,24057,256,0.15395796198842177,0.9173714168150541,0.9198054348673845
6,7,9452,256,0.06509015391475083,0.9474418834958446,0.9669073616873797
6,8,223,223,0.09184967427574119,0.6569451285096805,0.9529692155176152
6,9,13598,256,0.08159533928364734,0.9371038506102908,0.9583343157355645
6,10,49652,256,0.058578171800886425,0.9189973603411461,0.9702689463231902
6,11,1421,256,0.2507339027306676,0.5752455232983706,0.8656015811384198
6,12,984,256,0.11751686447029007,0.735898367472138,0.9394057353080776
6,13,78261,256,0.20445799191646144,0.865167329326779,0.8919316162596428
6,14,52858,256,0.07012757623424165,0.93529326342087,0.964298928634559
6,15,1483,256,0.21963765523998305,0.6752189275708675,0.8833812001395643
6,16,757,256,0.07788392672727634,0.9030557330827973,0.960268750544723
6,17,4870,256,0.18293379621998745,0.863718411898415,0.9039171443113647
6,18,2584,256,0.11142757142067712,0.9345963226857984,0.9426411982187723
6,19,1444,256,0.05225469805720731,0.92443568615616,0.9735221116866287
6,20,4046,256,0.19151540556946303,0.9346197072188889,0.8991577138803498
6,22,67803,256,0.09580173839464255,1.000490495305301,0.9508934018097703
6,23,121910,256,0.07206493143694942,0.9305149076891983,0.9632938640742245
6,24,18669,256,0.47174814652507174,0.6943029578837717,0.7268093652911527
6,25,5557,256,0.11828503229282543,0.9185754574953472,0.9389967879109995
6,26,8614,256,0.5018307466802755,0.6607429937305288,0.7058110606385568
6,27,292,256,0.09421674217402357,0.7514157414313638,0.9517264616611101
6,28,12029,256,0.0886409212291109,0.9443395474846482,0.954651286476318
6,29,1841,256,0.1640433761019256,0.8766967848741777,0.9143066355977487
6,30,6333,256,0.06607979951611176,0.9269917497455264,0.9663954679549611
6,32,178,178,0.1887547897593486,0.1926463872712999,0.9006915178021004
6,33,15859,256,0.21346504504622635,0.9162862262722622,0.8868680594957593
6,34,36185,256,0.3847360740986287,0.8210189767320112,0.7843876120269693
6,35,6436,256,0.4481313616514582,0.8174587083463313,0.7428786161605015
6,36,106,106,0.026765445829912835,0.8938887736527792,0.9865265096134453
6,37,1199,256,0.04600655226185408,0.9280233316569809,0.9767258815748388
6,38,16533,256,0.07454533721270823,0.9205954074283055,0.9620055419732735
6,39,33416,256,0.11958527833763338,0.8886671095561971,0.938304173316077
6,41,36353,256,0.11245821312878156,0.9214045432111991,0.9420943619782566
6,42,21302,256,0.06208592329334499,0.9352152630416256,0.9684596412379067
6,43,1923,256,0.10457817392609865,0.9425960708250685,0.9462673121660186
6,44,6803,256,0.405850119777692,0.7811857914439935,0.7708111832493791
6,46,3575,256,0.14558121294964385,0.8370411263403809,0.9243477630471965
6,47,383,256,0.062316098595788474,0.8258050811785629,0.9683407981719099
6,48,1878,256,0.060592261824936676,0.9351465270014285,0.969230487642162
6,49,13885,256,0.2422764235094607,0.8741715035412282,0.8704731911383252
6,52,55732,256,0.10922016294545539,0.9191164365159935,0.9438113355192046
6,53,2519,256,0.5002810058628482,0.6806370515967168,0.7069080521094323
6,54,86735,256,0.1197366249548953,0.9216554856820192,0.9382235208334444
6,55,17964,256,0.06618489380601754,0.8920090352251853,0.9663410920549651
6,56,75023,256,0.2807596402125153,0.8331606544988971,0.848080397006961
6,57,132,132,0.03475339299362983,0.8690138864079221,0.9824696468626246
6,58,33636,256,0.23878402643185162,0.8256415151636588,0.872476918644928
6,61,10658,256,0.12307511187386817,0.9543317397045942,0.9364426774374028
6,62,13983,256,0.22679955635387872,0.9646141512270766,0.8793181697463787
6,63,81616,256,0.11340365975683141,0.9007306355294346,0.9415924491217889
6,64,19708,256,0.09995706465706912,0.9155073987505105,0.9487059266932673
6,65,19521,256,0.10267093130758592,0.9135603486400664,0.9472745476853128
6,66,1152,256,0.09679516652477388,0.8955694574899077,0.9503708925862713
6,67,772,256,0.040825498004580484,0.9040031001112661,0.9793745463281244
6,68,179,179,0.19417855854715005,0.20291974626272236,0.8976755769501864
6,70,1015,256,0.20058818845674958,0.6628834652417782,0.8940983231967559
6,71,15326,256,0.6483338647366645,0.6636710093878325,0.5930144477694751
6,72,5267,256,0.15408412060213536,0.9276908184289773,0.9197368533433161
6,73,145,145,0.03308955248295076,0.8513613417537521,0.9833160466081337
6,74,910,256,0.04966278023685081,0.9062640122656475,0.9748524092205698
6,75,37784,256,0.06519878320350056,0.9346583372999729,0.9668511864793358
6,76,560,256,0.07589446902199744,0.8293757103558833,0.9613040783113336
6,77,28916,256,0.1341142760089357,0.9327099666284804,0.9305298082227481
6,78,2805,256,0.6721157210594687,0.6567809039457866,0.5726118047512916
6,79,22655,256,0.11966065849257687,0.9182145734769019,0.9382640041627
6,80,157,157,0.04061745641342745,0.8343158048376842,0.9794807520245472
6,81,1651,256,0.5235228573384344,0.46431002715562125,0.6902732376831406
6,82,1317,256,0.08466091003863448,0.9374309363753015,0.956733552229337
6,83,22551,256,0.20190053756519644,0.8677870530381521,0.8933641264539357
6,84,10253,256,0.17932801429153775,0.9407827875109758,0.9059094798645515
6,85,40792,256,0.06299573432323313,0.9381109622076819,0.9679898065975524
6,86,42874,256,0.05353332791536351,0.9296859426107287,0.9728651870041586
6,87,34532,256,0.09283202674466376,0.9236141873259958,0.9524536593742167
6,88,9980,256,0.0845559460034728,0.9072807325732223,0.9567884060734261
6,89,102980,256,0.08803231609314711,0.9367052768697383,0.9549699911027848
6,90,123,123,0.029980154444553812,0.9009908512227814,0.9848958551823874
6,92,5442,256,0.12215078263281626,0.8838477145114172,0.9369360796592175
6,93,24604,256,0.07716607878205664,0.9610165685988465,0.9606424523296602
6,94,2085,256,0.13555125995815467,0.8968008545026614,0.9297573554653092
6,95,5107,256,0.1782902787405152,0.8114625714767694,0.9064820578806206
6,96,30327,256,0.08396690504578093,0.9400039600152197,0.9570961785286884
6,97,56347,256,0.06894164645246963,0.952823881674535,0.9649136508245338
6,98,1249,256,0.039431825193848136,0.9410775712616719,0.9800857997166125
6,99,15885,256,0.15765779325656307,0.9058001217869174,0.917792028045263
6,100,48050,256,0.051149062746231405,0.9140853320842895,0.974089799378768
6,101,7168,256,0.12591449870279242,0.9243414731769002,0.9349253987870945
6,103,22047,256,0.10510474534996216,0.8832945818887068,0.9459890351637474
6,104,6073,256,0.17682780413566757,0.7327374772973361,0.9072883752503018
6,105,26902,256,0.23498257367721698,0.8591139452221817,0.8746527461357353
6,107,20835,256,0.33011055939995615,0.7736193230058572,0.8184677394986585
6,108,2618,256,0.1699497279286206,0.8126144961946365,0.9110709478802292
6,109,22151,256,0.108208574434332,0.9333182424126332,0.9443470895627667
6,110,22430,256,0.06366733875692357,0.9174239403833255,0.967642837643661
6,111,4814,256,0.17015839053366041,0.9489543888010528,0.910956425668286
6,112,605,256,0.08498851112988555,0.6138655796607086,0.9565623287952094
6,113,107,107,0.03553267020623142,0.8270744396093536,0.9820729757985242
6,114,2474,256,0.16176564770491844,0.8723622301627234,0.9155513924925687
6,115,40008,256,0.10905607607244035,0.8919899179522377,0.9438982593095294
6,116,7788,256,0.2969493562005644,0.9380278352551029,0.8384811529184395
6,117,95,95,0.03809476690647592,0.8647725201711001,0.9807676753918453
6,118,9735,256,0.14127766127068883,0.913775108578721,0.9266727247142387
6,119,32963,256,0.14941594500805727,0.926063796117549,0.9222711396286576
6,120,4326,256,0.10178583713576372,0.927937517229657,0.9477416118669879
6,121,5032,256,0.2475594780903899,0.8422972764635681,0.867433295366053
6,122,1834,256,0.15701859422080233,0.8544469933914748,0.9181401885219913
6,123,6866,256,0.06670090532853214,0.9330353588772504,0.9660740627257663
6,124,693,256,0.17018240313288507,0.5496598697959879,0.910943245689387
6,125,37534,256,0.050606125238752596,0.9249008454011445,0.9743684491819546
6,126,2738,256,0.3021924412454103,0.8290897912269702,0.8353487647411647
6,127,61465,256,0.09613919969649251,0.9101025817765889,0.9507159409116414
7,1,78388,256,0.09412487353312626,0.9142048088259498,0.9517747246417472
7,2,23994,256,0.12415202202987999,0.9141000649549228,0.9358675002211158
7,3,9981,256,0.3643666677929066,0.8321733728876871,0.7972661614587022
7,4,37262,256,0.0793620975410566,0.9438691527355825,0.9594987766844434
7,5,94826,256,0.09529210059212204,0.9432761684652528,0.9511613424692353
7,6,216,216,0.24795490876032603,0.1806589663319069,0.8672053339548103
7,7,16969,256,0.13397155106522937,0.6992386168024329,0.9306064952141536
7,8,19770,256,0.44496934062962407,0.7224974785662279,0.7450037982254695
7,9,3920,256,0.5117296804732916,0.7443217473842879,0.6987634217148951
7,10,4682,256,0.17506945652701636,0.9398228812773455,0.9082568708647261
7,11,5466,256,0.14481379179975826,0.9325588122260744,0.9247627848265964
7,12,10809,256,0.23112149079913222,0.918064010392091,0.8768571771964165
7,13,27833,256,0.2300012372430956,0.9109697819148544,0.877495733754247
7,15,3372,256,0.18123878307521044,0.9312771802837679,0.9048542517581434
7,16,316,256,0.04149571601858477,0.8085432463511864,0.9790323201924517
7,17,13869,256,0.12547553221896698,0.8533246710981736,0.9351601294864067
7,18,1747,256,0.27393407580255635,0.6575747191192503,0.8520950206388039
7,19,17171,256,0.1803357417037627,0.9767698040204681,0.9053531124905008
7,20,19712,256,0.07027859505371249,0.9446687724273998,0.9642206204734929
7,21,15265,256,0.12627585119995502,0.9402349937074889,0.934732126761483
7,22,3356,256,0.25776905155208635,0.9169360587405839,0.8615282632902497
7,24,12165,256,0.5346049809373234,0.6946900348199082,0.6821986653920371
7,25,7462,256,0.08420437301701698,0.9399377520949588,0.9569721140048872
7,26,30040,256,0.060379447197397795,0.8963855393684935,0.9693402667807638
7,27,17285,256,0.16634479434723265,0.9187952621043399,0.913047208885043
7,28,142,142,0.134934094092434,0.0639152126429084,0.9300891924474588
7,29,2783,256,0.2893587181088539,0.8818960830624955,0.842995422224312
7,30,1319,256,0.10946817477932694,0.8533103726257831,0.9436799379136303
7,31,20753,256,0.143690975139284,0.8798814623113999,0.9253696693001754
7,32,32088,256,0.08528916876733166,0.8032335199924052,0.9564051606054144
7,33,114351,256,0.09551882339405987,0.8658103564315732,0.9510421529069782
7,34,10430,256,0.095642070927259,0.9262003828341687,0.9509773546582174
7,36,6122,256,0.11709827216893115,0.9353528363521386,0.9396285052248409
7,37,129,129,0.030431328661761573,0.7896825812352932,0.984666781880164
7,38,14506,256,0.20976569564672898,0.94302808748809,0.8889512384564583
7,39,19006,256,0.14043480033658573,0.9069180309571305,0.927127391280947
7,40,6790,256,0.12195352831614663,0.945611226501716,0.9370413393676148
7,41,1013,256,0.07772246886136622,0.8445228781512043,0.9603528159685032
7,43,15551,256,0.07765493536980105,0.8997840017118135,0.9603879760962227
7,44,10305,256,0.17308087720854498,0.9308245735010028,0.9093509348933749
7,45,25432,256,0.09911135517747217,0.8940389990567185,0.9491515394406352
7,46,15070,256,0.13653768537870323,0.9719538257031691,0.9292267293945524
7,47,50069,256,0.12031687413454525,0.9417877158465856,0.9379142422766885
7,48,102366,256,0.08538888324182502,0.9341958536134664,0.9563530293558833
7,49,27023,256,0.195172103230448,0.8942462094971884,0.8971220077389429
7,50,21399,256,0.11445168815193471,0.8947749313373133,0.9410357654457482
7,51,27141,256,0.1259933485910231,0.8598828091357715,0.9348832287558575
7,52,9035,256,0.16776357299781874,0.9150408654844032,0.9122699309974989
7,53,40685,256,0.07548228705968996,0.9390539882621816,0.9615184412897706
7,56,9365,256,0.45672267453055054,0.7268410574045091,0.7370734871567756
7,58,44966,256,0.12265263156703089,0.9328435140670497,0.9366682275133331
7,59,20768,256,0.4094248647934263,0.7396124971060357,0.7684888647251654
7,60,22723,256,0.11717459093396676,0.9177795580439574,0.9395878932095886
7,61,35449,256,0.15302707412352415,0.9418223165050028,0.9203113200849351
7,62,13598,256,0.5241396408587986,0.6683931998803034,0.6898263253466059
7,63,1620,256,0.07650400533749346,0.8900713832642723,0.9609869898508026
7,64,3452,256,0.19099446510752263,0.8872347919469826,0.8994473497056276
7,65,751,256,0.1552778055925168,0.770118752300259,0.9190876967991048
7,66,13410,256,0.0810505808247168,0.9358273258099578,0.9586184951143406
7,67,3680,256,0.13149363261034608,0.8585704054526728,0.931936890239706
7,68,1523,256,0.12355111992752607,0.8395748806936373,0.9361884853342696
7,69,957,256,0.07269364464658216,0.8733000486349959,0.9629674736736532
7,70,1816,256,0.08013382899645365,0.882376588733428,0.9590965389383628
7,72,29445,256,0.11314581741925353,0.9039247626564969,0.9417293573956089
7,73,66569,256,0.07141857909206975,0.914194199058411,0.963629296414306
7,74,41574,256,0.0724740045509723,0.954509430266304,0.9630815102830226
7,75,12995,256,0.4114392373202881,0.7630123531331962,0.7671771390491976
7,76,3942,256,0.2664075181455984,0.7909635563794923,0.8565001353499027
7,79,805,256,0.04420512514885297,0.8457495263983698,0.9776476230478685
7,81,3565,256,0.2567549966853324,0.8736267586636828,0.8621165833660014
7,82,50156,256,0.12302741748994464,0.8982546191108238,0.936468142816431
7,83,10286,256,0.1746894558192299,0.9430166193652912,0.9084660390904935
7,84,521,256,0.04801621684380435,0.8140924054161855,0.9756965630544138
7,85,364,256,0.06488537765970138,0.7245933545793192,0.9670132482754819
7,86,10299,256,0.12375304970464837,0.9237234703473396,0.9360806323684684
7,87,30754,256,0.11980778712864172,0.9071482615368072,0.9381855961755959
7,88,32484,256,0.10183703147135632,0.9422037584195547,0.947714602888783
7,89,42458,256,0.06839636062850446,0.9391862650314479,0.9651961662644001
7,91,17875,256,0.1358725061299782,0.9437177049558191,0.9295845813426672
7,92,200,200,0.03521525897564858,0.8541430721393528,0.9822345651749135
7,93,11290,256,0.08401071731657822,0.950510966492687,0.9570732901316501
7,94,7589,256,0.18908120675160095,0.8364685946473637,0.9005102960257584
7,95,30919,256,0.07316505307195749,0.9115908619929775,0.9627226739451203
7,96,987,256,0.04270741331412709,0.9211131986108384,0.978413300546284
7,98,3426,256,0.1540713585548774,0.9204566832103587,0.9197437911968325
7,99,9439,256,0.17003837997047913,0.9422500631911338,0.9110222939256322
7,100,158228,256,0.11142857902090827,0.8898705945925852,0.9426406637627573
7,101,2662,256,0.663513790315316,0.6453544478485201,0.580074313932865
7,103,3221,256,0.10097831512740373,0.9272378453279215,0.9481675405077925
7,104,219,219,0.22262007304378928,0.2268588506653163,0.881691514621872
7,106,83644,256,0.08281752654077641,0.9055616535184677,0.9576964411854225
7,108,78837,256,0.0901600303102444,0.9511186717899069,0.9538553190551257
7,109,2619,256,0.49899463376411146,0.6912231817568479,0.7078173254702717
7,110,18521,256,0.08957020734307104,0.9251502431811742,0.9541644473867851
7,111,6363,256,0.18121592722812027,0.911075262550518,0.9048668812437991
7,112,19370,256,0.3154601711243313,0.8025575274491721,0.8273692216149141
7,113,1387,256,0.08340886255287236,0.903211932853839,0.9573876630953251
7,114,3549,256,0.4346440204630753,0.801938012859555,0.75190157569786
7,115,7267,256,0.13206362979003022,0.9215627878409244,0.9316310268609401
7,116,20260,256,0.07779399086333223,0.9290049254373408,0.9603155778891997
7,118,176,176,0.2271289549396532,0.1328203765728289,0.8791308463820086
7,119,894,256,0.050024062140613626,0.873015375181041,0.9746670907850467
7,123,21827,256,0.32282143951575476,0.7629005551235264,0.8229085978917983
7,124,12797,256,0.07747940832020393,0.9203425681558324,0.9604793551554328
7,125,6159,256,0.1629229224333731,0.923248981642372,0.9149191644984965
7,126,681,256,0.2873386649790606,0.6191777810463782,0.8441927120160061
7,127,6506,256,0.32358192785937373,0.8702339756482115,0.8224463946912445
8,0,79,79,0.03642486324246901,0.8032889126164628,0.9816186310159007
8,2,26741,256,0.11672511803433787,0.899448025287969,0.9398270489646817
8,3,3589,256,0.10303062599918357,0.9294309719951325,0.9470846709776357
8,4,21173,256,0.09913517509737454,0.9056707532868538,0.9491389913509114
8,5,26656,256,0.12078859296396285,0.9148855501596457,0.9376627362948989
8,6,10661,256,0.0871246974483295,0.8834882244802083,0.9554450808663314
8,8,24958,256,0.09182984485887846,0.9569788480168839,0.9529796194783609
8,9,2947,256,0.613716640853811,0.6414927485695736,0.6215169821864798
8,10,2838,256,0.11473366559310076,0.9091564544434435,0.9408859306031201
8,11,5598,256,0.12062493078200895,0.9333285219781821,0.9377500035819734
8,13,7944,256,0.19098112332091624,0.8551699253643799,0.8994547663329623
8,14,19746,256,0.08245988456983146,0.9170638487916224,0.9578831428886139
8,15,17292,256,0.1101704248482172,0.8918447925301247,0.9433077838922898
8,16,10278,256,0.5619245759558105,0.6782496049403374,0.661872664524068
8,17,31800,256,0.13249272954387897,0.9174297719147073,0.9314007034870229
8,18,7041,256,0.12461072439347938,0.8921541632433627,0.9356224001201129
8,19,4736,256,0.18250392896099454,0.8917018298931904,0.904154893278251
8,20,18054,256,0.09485651184236617,0.9382859976905117,0.9513902922342827
8,21,37361,256,0.09790640176029622,0.9159182808816586,0.9497860802516027
8,22,12510,256,0.1790603111962181,0.8886577644133615,0.9060572215946308
8,23,15617,256,0.11023697836829095,0.9380835016099199,0.9432725065598536
8,24,28047,256,0.07022189532096836,0.9088637438466816,0.9642500218714188
8,25,10455,256,0.1223807663084251,0.8660471333694799,0.9368133398343423
8,26,1123,256,0.10342642884828132,0.7499996763240883,0.9468756893867952
8,27,36200,256,0.07422070649213565,0.9168682986905606,0.9621742531931856
8,28,32668,256,0.11828086121854814,0.8916203454226364,0.9389990089352873
8,29,194,194,0.03497131788017027,0.9021501038510795,0.9823587339255603
8,30,8871,256,0.2685833247698112,0.8654709309278212,0.8552290191698295
8,32,56067,256,0.0834924883719822,0.9235570118659069,0.9573439881401136
8,33,18419,256,0.0616156801622368,0.9299623474473784,0.9687023897140769
8,35,86142,256,0.07366896177640032,0.9219538312849418,0.9624609281542807
8,36,23123,256,0.1602124091045815,0.8944966911372512,0.9163992529980688
8,37,11897,256,0.07411364419609093,0.9468510855515335,0.9622298871911582
8,38,3907,256,0.2681623451708464,0.8275003343628087,0.8554751047395556
8,39,26670,256,0.07203937551442864,0.9233118981199586,0.9633071288460245
8,40,5216,256,0.1746098256100736,0.9719331898382453,0.9085098647730394
8,41,3582,256,0.6740784329638212,0.5645816618297382,0.5708954081407371
8,42,496,256,0.06748905986980264,0.8093877938454914,0.9656660603594792
8,43,430,256,0.041484904040244054,0.8752138629190972,0.9790378419447104
8,44,131337,256,0.09565255099457247,0.9167335989728317,0.9509718444861696
8,45,19532,256,0.14953584226470854,0.890536577210453,0.9222061362489904
8,46,1674,256,0.061086736210329125,0.917344918994301,0.9689753679994507
8,47,47033,256,0.08561073011249702,0.9196085697729469,0.9562370364546141
8,48,6562,256,0.11017634449329758,0.9130338747201,0.9433046461810216
8,50,4665,256,0.18656431697319584,0.8674310169974083,0.9019066930823854
8,51,20021,256,0.08917864814384657,0.9110558418236436,0.9543696096671108
8,52,193,193,0.03855363380161626,0.8575064102995639,0.980533714972812
8,53,18838,256,0.6851394728714244,0.6293904977811363,0.5611243419497818
8,54,9957,256,0.12574103565706132,0.9408616893548783,0.9350181625738286
8,55,58683,256,0.08962287104436682,0.9399819138314802,0.9541368502241349
8,56,53995,256,0.08328699519493342,0.9285412694608585,0.957451306754065
8,57,14689,256,0.4970796381321242,0.7159967035780938,0.7091687823557068
8,58,80,80,0.03448979737226831,0.771714197262804,0.9826037872040447
8,59,2627,256,0.13164251901190677,0.9336487723212162,0.9318570067280136
8,61,55309,256,0.08113346857619876,0.9227177227605141,0.9585752612204225
8,62,8863,256,0.1540053078832639,0.9524398462692832,0.9197796975997764
8,64,24025,256,0.08209789006615499,0.9066452544888629,0.9580720797173066
8,65,15502,256,0.39059229433866577,0.7742288856096817,0.7806456979074017
8,66,14580,256,0.25299127494335416,0.825361700253637,0.8642966649574936
8,67,5291,256,0.2278761175702246,0.8426600575544453,0.8787057997019112
8,68,6517,256,0.1457030188481725,0.9420018564760726,0.9242818732139171
8,69,2489,256,0.2669035523973802,0.8357772080292634,0.8562105159378853
8,70,37792,256,0.05642365517403792,0.9557820575707785,0.9713785795589494
8,72,27912,256,0.43049464351204497,0.7740842018404238,0.7546557867584102
8,74,11532,256,0.11245640745874211,0.9349405523071552,0.9420953203053595
8,75,1162,256,0.07475718117864136,0.9371240690720493,0.961895430294457
8,76,21109,256,0.13630158274986626,0.9602689174365855,0.9293537632409596
8,77,9037,256,0.3212551619995064,0.8668523425193395,0.8238597198555672
8,78,9297,256,0.1410248430217392,0.9506142838702204,0.9268091265078591
8,79,17889,256,0.1107007421186405,0.9081362438036918,0.9430266474927204
8,80,30861,256,0.0647310285592728,0.9276619514192742,0.967093052110668
8,81,171,171,0.051719363303098585,0.7418988420429672,0.9737970202752222
8,82,5205,256,0.09551789836180971,0.9240789901136683,0.9510426392324323
8,83,3105,256,0.10393747722305431,0.8736140357268993,0.9466057905891689
8,84,26481,256,0.1363403494013394,0.914037704677915,0.9293329062282583
8,85,2142,256,0.16461857448542316,0.8124888841752608,0.9139920270519742
8,86,39668,256,0.1019774786739071,0.9029754341710727,0.947640502155798
8,87,16505,256,0.27931051772668164,0.8591944583497764,0.8489343215310112
8,88,733,256,0.21726713516849414,0.6759714591896484,0.8847219138415787
8,89,603,256,0.17381782220912884,0.6429795811195953,0.9089456407238395
8,90,85816,256,0.2490194455140167,0.8391762789121247,0.8665913422634589
8,91,13750,256,0.09295734473393819,0.9458996499229634,0.9523878701800342
8,92,8308,256,0.14620862960790157,0.8909053493683415,0.9240083172743081
8,93,282,256,0.054845536436435645,0.8343847887913027,0.972190548999302
8,94,23884,256,0.12863938642061842,0.8495427458466189,0.9334669858004522
8,95,57361,256,0.07350593112378823,0.9257354678302925,0.9625456191143419
8,96,155,155,0.030835398610971985,0.6555814721875893,0.984461579437729
8,98,2986,256,0.21765400475396535,0.900030573515943,0.8845032477306314
8,99,39908,256,0.0946284627499589,0.9071264140570633,0.951510135127336
8,100,45480,256,0.07121859558334155,0.931511052653119,0.9637330566171622
8,101,4424,256,0.18120223141791614,0.9290422743307256,0.9048744490712973
8,102,10418,256,0.4726661239091381,0.7104012839177971,0.7261775788957284
8,103,24856,256,0.08323378339108285,0.9295732442168761,0.9574790946067268
8,104,37408,256,0.061710262253069706,0.9360314470400507,0.9686535695215964
8,105,19309,256,0.0934239199220346,0.9382354823904231,0.9521428884773364
8,106,11112,256,0.05789562975334517,0.933774828042785,0.9706206108705167
8,107,1192,256,0.057212671482768,0.9337497806359165,0.9709723623858879
8,108,50811,256,0.08295573021135337,0.9669199837291863,0.9576242842517344
8,109,17829,256,0.16844899789237539,0.8693754809960199,0.911894183613222
8,110,8920,256,0.07777272672526746,0.9376848970006124,0.9603266492578099
8,111,1533,256,0.15073969930626344,0.8358406044754921,0.9215532001429633
8,113,4081,256,0.1483312036295752,0.9545448498344522,0.9228590338564308
8,114,3682,256,0.5089760419427609,0.7802656115138102,0.7007310169082278
8,115,2119,256,0.11359159461985636,0.895744066963588,0.9414926475443893
8,116,4430,256,0.4051299523864642,0.7699442064826107,0.7712781908063625
8,117,1601,256,0.08332742894751424,0.8850869161766862,0.9574301912163026
8,118,3094,256,0.14235024896134452,0.9292183044756798,0.9260938133033043
8,120,157,157,0.2991934699118757,0.06551203085020312,0.8371418816951666
8,121,21708,256,0.1932255226194857,0.8826745471003844,0.898206255478392
8,122,62608,256,0.06580341954633043,0.9208650553442925,0.9665384526513519
8,123,20267,256,0.08470233155347498,0.8623074870169487,0.9567119046225593
8,124,8147,256,0.10494120344896223,0.9651809587879225,0.9460754708536935
8,125,8623,256,0.1597805279438858,0.8964142342878513,0.9166348629940464
8,126,263,256,0.22440102239398524,0.281956423110625,0.8806809737958546
8,127,45619,256,0.23466186951318327,0.8694013105209646,0.8748360592058473
9,0,26154,256,0.45671317950728146,0.7581926276836392,0.7370799281575361
9,1,33275,256,0.07204865394493191,0.9316418433267374,0.9633023129086051
9,2,12686,256,0.3440549789401245,0.8131384489301914,0.8099043283375361
9,4,140,140,0.027790359735328382,0.8437334366575278,0.9860069169456529
9,5,29118,256,0.07994068710032236,0.9392157609870266,0.9591972231505248
9,6,3939,256,0.11112957767243645,0.9660622817072902,0.942799248158145
9,7,49859,256,0.10143869861222833,0.9080308396506926,0.9479247340310156
9,8,2107,256,0.20175854379314132,0.8720417978044154,0.8934435943062431
9,9,24123,256,0.13900063272522592,0.9042606926753118,0.927900515828488
9,10,1702,256,0.11368013711732192,0.8409457694166128,0.9414456239649096
9,11,1809,256,0.036375218366903626,0.9468610453342472,0.9816439179422936
9,12,472,256,0.2348339754827074,0.5574626228595185,0.8747376889772686
9,13,1983,256,0.27887743686009814,0.7541433346120685,0.8491893564688042
9,14,3063,256,0.11597230836861823,0.9645049346437653,0.9402274680264249
9,15,3371,256,0.12109724929401838,0.9197165249068334,0.9374981337079993
9,17,79994,256,0.08335987660162276,0.9249498977599298,0.9574132458862146
9,19,1771,256,0.14694828339470178,0.7126819556089277,0.9236079885997621
9,20,81,81,0.031635342763953994,0.8224899362959296,0.9840552104613064
9,21,3818,256,0.1069178970032326,0.9327153838944611,0.9450302127428347
9,22,33779,256,0.053544166854524435,0.9227427923735697,0.9728596163606934
9,23,2331,256,0.12165392532425379,0.9241748952284118,0.9372011922078131
9,24,31394,256,0.06694475104818444,0.9318376301222888,0.965947850016664
9,25,16492,256,0.07825889090000207,0.9295771292154975,0.9600734915098937
9,26,5269,256,0.19232979325344948,0.8668265306903536,0.8987047383576825
9,27,80,80,0.024496536143032488,0.8943393599061922,0.9876757888381023
9,28,12523,256,0.08631990227976022,0.9204670177233943,0.9558661505253964
9,31,105,105,0.026104453856003754,0.865571531919931,0.9868614624880213
9,32,36044,256,0.11698284078140393,0.8887901653717366,0.9396899271667203
9,33,19987,256,0.07324902718142072,0.8894563514947574,0.962679060133012
9,34,4139,256,0.1095891808892405,0.8369887153856582,0.9436158217785242
9,35,73378,256,0.07503992528216522,0.9133586067712891,0.9617484466937468
9,37,28508,256,0.059481967630792006,0.928341720734479,0.9698030894821937
9,38,2844,256,0.1001282721140324,0.9221143228387939,0.948615690301382
9,39,2313,256,0.2624740185993654,0.7467759350530193,0.8587933286889428
9,40,9339,256,0.09581851077827888,0.9337250331545653,0.950884582492387
9,41,22354,256,0.07300702118979684,0.9206364875926261,0.9628047459429161
9,42,144,144,0.3855854554053353,0.027663678327799934,0.7838459954574398
9,43,36959,256,0.07528166048561567,0.9150269664447582,0.9616227636211532
9,44,1929,256,0.06009131011434612,0.9120112160052031,0.9694888807436906
9,45,24329,256,0.08076428849729396,0.9243641653023233,0.9587678089624756
9,46,25931,256,0.10888000595720197,0.8872830917550707,0.9439915222303631
9,47,1317,256,0.10162318818205765,0.6077236162147274,0.9478274166840408
9,48,43833,256,0.05983239331204244,0.919009365149573,0.9696224041800795
9,49,31957,256,0.138006702296419,0.8728703524179514,0.9284359416263359
9,50,2407,256,0.48162251254057264,0.7888895606078875,0.7199843661215342
9,51,7415,256,0.10146635368295297,0.9383741333628718,0.9479101467528698
9,52,20729,256,0.06795595971903517,0.9405821605980798,0.9654242799313496
9,53,2222,256,0.15084201363467536,0.922484760666301,0.9214976865762197
9,54,77,77,0.02583853390732136,0.8530983720450303,0.9869961834235625
9,55,8858,256,0.4606578272414858,0.7384298851993581,0.7343991916924434
9,56,3961,256,0.13431763845976147,0.9316360681698006,0.9304205294060522
9,57,1419,256,0.061236119910621084,0.8690683800716995,0.9688982816010042
9,58,3544,256,0.08623072866783302,0.90316577606105,0.9559127948365201
9,59,196,196,0.03488610855482093,0.8914499104468666,0.9824021027283987
9,60,17565,256,0.11555246080499743,0.9430621732112039,0.9404507106674983
9,62,42652,256,0.08096533396165802,0.9292366510259159,0.9586629574768923
9,63,2501,256,0.11906955936329566,0.9160041763529811,0.9385789474714976
9,64,561,256,0.06112020846389818,0.7247944920482712,0.9689580958617879
9,65,30072,256,0.27115715563302034,0.8496070767476753,0.853722931850246
9,66,24604,256,0.09037363179200132,0.944166142763049,0.953743345039953
9,67,5034,256,0.077285300882084,0.8543241143200276,0.9605803970089729
9,68,4394,256,0.18167738628252725,0.8431280879366568,0.9046118580460201
9,69,1754,256,0.10005393910487269,0.756569799845166,0.9486548692201644
9,70,8268,256,0.11148641841780134,0.9125498764037931,0.9426099838120741
9,71,94116,256,0.07078191228613886,0.9471504178186688,0.963959588216156
9,72,159,159,0.3747543365513852,0.0595842148154497,0.7907247709845789
9,73,4193,256,0.08093873715571774,0.9573922807834638,0.9586768291996434
9,74,643,256,0.22281751552213716,0.4530721572747664,0.8815795395072772
9,76,112849,256,0.07246689733093492,0.9334785954559522,0.9630852001090376
9,77,957,256,0.03803829373550527,0.9142805541755915,0.9807964652589725
9,78,546,256,0.11256391374375568,0.5549813039463881,0.9420382615670365
9,79,16771,256,0.102790945585949,0.8917927555375266,0.9472111984209493
9,80,114886,256,0.1275523233614087,0.8760576518342662,0.9340490761403233
9,81,35439,256,0.10034370876974706,0.9470768065939887,0.9485021303245729
9,82,24171,256,0.1817532426241421,0.8691250425142079,0.9045699295111782
9,83,13402,256,0.14285856725990392,0.8954209274274516,0.9258193305068199
9,84,9711,256,0.3737733553438146,0.7753897822154503,0.7913448329623347
9,85,8260,256,0.311020062248329,0.8036922803484493,0.8300481538752261
9,86,32863,256,0.07553371317347814,0.9353233062435794,0.9614916987819093
9,87,3041,256,0.345515300108311,0.7887026129468606,0.8090022867036217
9,88,800,256,0.05682515415030413,0.8970081025872652,0.9711718930496783
9,89,46899,256,0.056506315835501544,0.9314510069725006,0.9713360305087516
9,90,3861,256,0.4599618698015331,0.697629205112418,0.7348728666908766
9,91,5504,256,0.10376979394894396,0.9056038262880355,0.9466943572510909
9,92,14662,256,0.08492343013623853,0.9778438098410268,0.9565963463571046
9,94,34421,256,0.12044026879317,0.8963416074192523,0.9378484585511829
9,95,125,125,0.024565041344345635,0.9426396163795603,0.9876411082248725
9,96,50640,256,0.10613776046838015,0.9096776345326366,0.9454428800999137
9,97,85648,256,0.05891778931273241,0.9443790090299431,0.9700939184879306
9,98,15235,256,0.1798921029996142,0.8581656388584626,0.9055980880061452
9,99,75161,256,0.10396231694674082,0.919244642587278,0.9465926700821526
9,100,19140,256,0.178035471889195,0.8830270738440837,0.9066225940879727
9,101,291,256,0.038276007574342186,0.8649687372009977,0.9806752736893379
9,102,45301,256,0.07483963534659513,0.9225739384480492,0.9618525690839552
9,103,28037,256,0.05954139750712925,0.9264987928028876,0.9697724488213051
9,104,14471,256,0.08596796338989468,0.9188007886280777,0.9560502270331331
9,105,30555,256,0.08001484984702646,0.9176958498500555,0.9591585636134276
9,106,13400,256,0.07671169668570303,0.923788891856413,0.9608789222968194
9,107,2946,256,0.12398611797611007,0.942952299972134,0.935956132531803
9,108,6646,256,0.18052020514983871,0.8650992634637195,0.9052512330011826
9,109,139,139,0.04218483120790533,0.8172974637086045,0.9786803200187969
9,110,26112,256,0.13378585999545894,0.9165630664704507,0.9307062587113837
9,111,42497,256,0.11099304985388707,0.9011635215008218,0.9428716509398896
9,112,4900,256,0.10480611190460071,0.945086646045428,0.9461468639145825
9,113,18532,256,0.06049115989244412,0.9229033300688686,0.9692826420129249
9,114,5385,256,0.3608897775198323,0.7790064254396929,0.7994436956285087
9,115,528,256,0.02924260318688418,0.9451869524268863,0.9852702151253309
9,116,9476,256,0.124474627723372,0.9296972543041521,0.9356951278470076
9,117,11191,256,0.13345101715065108,0.9183131684513929,0.9308861277564238
9,118,1439,256,0.04506838415744256,0.917648775714116,0.9772060252794993
9,122,12917,256,0.47628214769669813,0.7457022617259014,0.7236835304905742
9,124,8204,256,0.15067199328769298,0.9667863213068038,0.9215899341422448
9,125,13518,256,0.43355678919761964,0.7530291635175071,0.7526242161944966
9,126,144,144,0.33463569181896435,0.03283902033947367,0.8156986626083407
9,127,41153,256,0.08629452558110885,0.9331151794495878,0.9558794246236767
10,1,3164,256,0.05883221592659728,0.9595785575801695,0.9701380232077303
10,2,26684,256,0.07633303311521264,0.9271511758000087,0.9610759423088205
10,3,28285,256,0.13603286158415226,0.8484447454934722,0.9294983262038978
10,4,19477,256,0.18272809160177594,0.8522857461631712,0.9040309222577644
10,5,4354,256,0.40008865986693026,0.7630129330669704,0.7745394374291537
10,6,348,256,0.020645176210130494,0.9090192256272381,0.9896235768158869
10,7,1632,256,0.19426602508205768,0.7518548546402974,0.8976268572842182
10,8,755,256,0.04074325797090875,0.916285181876306,0.9794165314252621
10,9,4946,256,0.18875400938365702,0.8872144124376176,0.9006919510111895
10,10,17175,256,0.06390220393717164,0.9343456743503199,0.9675214705952672
10,11,122,122,0.030736448955300633,0.7974206336161057,0.9845118338774296
10,12,5882,256,0.1554737268055718,0.8807407219951817,0.9189811060051388
10,13,41553,256,0.06037018791622948,0.9333261079221703,0.9693450428427282
10,14,35491,256,0.06406476714908002,0.94293149115549,0.9674374568161602
10,15,4770,256,0.11511262157074305,0.9318222454407994,0.9406845265173956
10,16,35391,256,0.327477440207166,0.7539795645221318,0.8200747281759352
10,18,149553,256,0.05653561977511522,0.9309718133149356,0.9713209460445527
10,19,802,256,0.05097467309176304,0.8331900092989086,0.9741793094231866
10,20,3203,256,0.09353295114064819,0.9345925464052853,0.9520856310539256
10,21,1141,256,0.08261257907547699,0.8846499527364619,0.9578034354315728
10,22,3930,256,0.05559850820507457,0.9130252503184068,0.9718032166004213
10,23,208,208,0.022823195360794583,0.9191865721253021,0.9885225362323337
10,24,254,254,0.04326152650354281,0.8115588388099266,0.9781300902724838
10,25,69476,256,0.05132029009796133,0.9176709821599908,0.9740019044653038
10,26,21475,256,0.29670201715123756,0.8214267615770086,0.8386286322614811
10,27,16087,256,0.12484821822273341,0.8956506223611528,0.9354954739480392
10,28,381,256,0.02413654678168836,0.9249516768188152,0.98785801268113
10,29,1648,256,0.031233733917562147,0.931921932250558,0.984259247394932
10,30,72926,256,0.06949318969332391,0.9285483228229857,0.9646278092127948
10,31,1949,256,0.18422453321434168,0.7397921378877702,0.9032028934772398
10,32,9906,256,0.11290169480156911,0.9408271887093148,0.9418589624770956
10,33,13295,256,0.07147448373325294,0.9252230079586289,0.9636002886398214
10,34,1264,256,0.030511836165690146,0.9304088783672213,0.9846259004486475
10,35,38785,256,0.09490301575828017,0.9188798052218312,0.9513658519422062
10,36,1052,256,0.08139161077516686,0.7741167778227901,0.9584406028674042
10,37,1235,256,0.05131060077583356,0.907621147282325,0.974006878427543
10,38,679,256,0.036868989194384014,0.8758531847507516,0.9813923837108255
10,39,20301,256,0.06665084634746131,0.9354872670117683,0.9660999708376657
10,40,55828,256,0.06767487614657247,0.9284616510002346,0.9655698441093878
10,41,14340,256,0.08027314236238983,0.9193908931192502,0.9590239087935244
10,42,549,256,0.024983729958275087,0.9129802051226485,0.9874291215280846
10,43,7362,256,0.20825513246131078,0.887259336162103,0.889800465013752
10,45,15050,256,0.06693528495419097,0.9320480922452162,0.965952749903332
10,46,259,256,0.036475146530602534,0.8227835677412729,0.9815930182460536
10,47,1896,256,0.2516364488288646,0.7205162659242395,0.8650800836749944
10,48,5293,256,0.17127781470758918,0.9113021832846899,0.9103417958615384
10,50,58598,256,0.16432228353408676,0.8860270878305143,0.9141540988618457
10,51,14397,256,0.1280992289291509,0.8664790173379262,0.9337562696286698
10,52,46770,256,0.062551719433096,0.9386305116716777,0.9682191283830867
10,53,318,256,0.12138333803893286,0.5353860096282165,0.9373455403217467
10,54,1569,256,0.053456623379656405,0.7421042946365133,0.9729046081812665
10,55,13496,256,0.14391792683684154,0.8867644677643371,0.925247033587873
10,56,1864,256,0.1584599552885733,0.6629275782552889,0.9173549175272495
10,57,18514,256,0.5216842658940322,0.6658761079201889,0.6916037406679983
10,58,3310,256,0.13651301021370432,0.8756333525449987,0.9292400065571303
10,59,1777,256,0.16415189540199182,0.654201296569755,0.9142472885374111
10,61,25529,256,0.10711851992332005,0.9230180498615844,0.9449240604814124
10,62,21296,256,0.05423503930886745,0.9355763135656772,0.9725044784941264
10,63,5334,256,0.13821166137457683,0.8584629340080924,0.9283255563784847
10,64,34058,256,0.08420440012461121,0.9498387488562853,0.9569720998416771
10,65,518,256,0.03795477686946465,0.8813696294118604,0.9808390403784585
10,66,13159,256,0.09983593196405931,0.9473123574561328,0.9487697655574511
10,67,1141,256,0.02418082811364256,0.9493640050976314,0.9878355996249363
10,68,13898,256,0.38664569999626786,0.772497305559835,0.7831693941949801
10,69,15946,256,0.1777300196642478,0.8665032958018105,0.9067910345475148
10,70,23226,256,0.10614551416909891,0.9011586639139656,0.9454387795256238
10,71,23830,256,0.15762140570287408,0.874271165942619,0.9178118512511843
10,72,1584,256,0.27242035868317444,0.46822556737908355,0.8529827907506843
10,73,36635,256,0.13000115888100566,0.8867569489164062,0.9327372840832483
10,74,20947,256,0.06839805342888539,0.9283868126456158,0.9651952893436202
10,75,17249,256,0.09705762917580125,0.9038294569085826,0.9502327982258867
10,76,56359,256,0.05670473892581715,0.9459425532594076,0.9712338858761996
10,77,145,145,0.025317443608267834,0.885798048703416,0.9872601260011123
10,78,12096,256,0.393848004717277,0.7820800074703382,0.7785576377396365
10,80,17000,256,0.0696016496708585,0.9292959638660375,0.9645715890120036
10,81,1122,256,0.08697421095185945,0.7656359809933149,0.9555238296600146
10,82,47934,256,0.08223260952075503,0.9104230057359624,0.9580017695595583
10,83,38345,256,0.08481175116200608,0.9394008240917023,0.9566547176688117
10,84,2570,256,0.06035991604601703,0.952205125865511,0.9693503411842299
10,85,69174,256,0.060583477271497425,0.9228927470986912,0.9692350193469603
10,86,4857,256,0.06832182718439615,0.9348972587792262,0.965234776008202
10,87,4106,256,0.13885208949533087,0.9207867955048735,0.9279805550250874
10,88,26925,256,0.1315869127443946,0.8745483014852459,0.9318868425166252
10,89,122,122,0.022433892489975432,0.8815327544134194,0.9887194281038603
10,90,7875,256,0.28075514531951246,0.8432684295136164,0.8480830470422619
10,91,65882,256,0.05949697495123144,0.9448204543007527,0.9697953521484667
10,92,9289,256,0.06998513490544427,0.9181436870783711,0.9643727832609938
10,94,69101,256,0.07991331822242245,0.9015075845581813,0.959211489598398
10,95,35545,256,0.08058662902049762,0.9281869917384196,0.9588604543829631
10,96,11605,256,0.07778235221263193,0.9441003114344234,0.9603216376752989
10,97,9111,256,0.17542375183000136,0.8706353934391262,0.9080618085626102
10,98,12916,256,0.36645210350496504,0.7858016564333927,0.7959572202669154
10,99,31877,256,0.13041739623852994,0.8999156230210349,0.9325141305961374
10,100,3988,256,0.10056906132603013,0.9140925421400605,0.9483833289730318
10,101,4419,256,0.059985841842720926,0.9113723680449748,0.9695432729678851
10,102,2037,256,0.04567629163639205,0.9197203189126972,0.9768949321004833
10,103,30853,256,0.10406186211772028,0.9181469368677712,0.9465400878368965
10,104,69,69,0.020216836680675906,0.8817515161129001,0.9898399685400283
10,105,23706,256,0.1842966450627668,0.88430864456073,0.903162972523361
10,107,42983,256,0.07237894617192811,0.9218388136092435,0.9631308601784453
10,108,39210,256,0.06447380891282144,0.9297512882602594,0.9672260289545451
10,109,17288,256,0.08293230112861501,0.9231181181258595,0.957636517093717
10,110,25453,256,0.06289319588938687,0.9242907933294063,0.9680427697734295
10,111,648,256,0.09023670248835128,0.8873035510270806,0.9538151275334485
10,112,6238,256,0.15736631466538042,0.9193816931028946,0.9179508076877647
10,113,39504,256,0.14751489459428702,0.9003492527946336,0.9233011997207157
10,114,483,256,0.04172910107079122,0.7710875319165141,0.9789131212366136
10,115,129,129,0.022236225087425034,0.8309667248178013,0.9888193843733925
10,116,3482,256,0.3438766693073177,0.7960395621283173,0.8100144015341223
10,118,754,256,0.04307155292918482,0.8413771595754942,0.978227196039251
10,119,21706,256,0.06482714336710188,0.9269006218192025,0.9670433581969828
10,120,37061,256,0.06806996689507476,0.9209431974208655,0.9653652330102453
10,121,2352,256,0.07660997271015547,0.955532686861084,0.9609318536138993
10,122,2528,256,0.46039862511828084,0.7292900589492773,0.7345756427228711
10,123,37667,256,0.09019950790501673,0.9103319824055204,0.9538346251290017
10,124,20153,256,0.07772859607039855,0.9385376580628394,0.9603496258809088
10,126,23578,256,0.11028100879817311,0.8812656426702911,0.9432491670824983
10,127,1666,256,0.07467581286236703,0.8923180598241657,0.9619377251868403
11,0,7324,256,0.055316405987910856,0.9446597941007142,0.9719483494569499
11,1,3231,256,0.09051378608961212,0.9183041391419777,0.9536698663113917
11,2,3147,256,0.08082434624706263,0.9449796225274183,0.958736488172291
11,3,12384,256,0.35882128547737047,0.7870894783073491,0.800736357687491
11,4,840,256,0.08004814992662192,0.6031102276686654,0.9591412044497818
11,5,5534,256,0.4146366645270825,0.7537882851369309,0.7650904099993134
11,6,589,256,0.04133017217790374,0.9042852555199662,0.9791168611672951
11,7,6415,256,0.4206728189246614,0.7401386718271432,0.7611354551427352
11,8,39457,256,0.08221389351188528,0.9168969883757848,0.9580115377635672
11,9,509,256,0.02193799328915724,0.903556745372494,0.9889701748338232
11,10,238,238,0.025725196419636723,0.8947560055753572,0.987053597116369
11,11,3694,256,0.11281403711163923,0.8925048436277584,0.941905495731053
11,12,15006,256,0.05350465725121455,0.9470433747201716,0.9728799220606752
11,13,32669,256,0.05604723351280998,0.9456456680104628,0.9715723166533669
11,14,4454,256,0.546025709651371,0.6779479523944437,0.6737761426086776
11,15,620,256,0.02118355270034509,0.9378012818352949,0.9893515286790914
11,16,48563,256,0.058016270640857626,0.9346841120504692,0.9705584626178592
11,17,3575,256,0.07941805959847516,0.9476860066377277,0.9594696141105902
11,18,27396,256,0.10141570939082081,0.9360613267926645,0.9479368600329767
11,19,744,256,0.04240307421191721,0.9055392407142623,0.9785688150498578
11,20,19817,256,0.3181188907879515,0.8224661554648096,0.8257609273948777
11,21,4657,256,0.24153743733445715,0.8276374365641627,0.8708975615223313
11,22,12365,256,0.1517150914743685,0.9167436970078215,0.9210238371104362
11,23,340,256,0.03876990583956256,0.7351008337119371,0.98042342595454
11,24,19015,256,0.20777140445169218,0.8827197502572678,0.8900722417581103
11,25,21284,256,0.14782954379051444,0.8761810153641778,0.9231307904135175
11,26,32939,256,0.12773529981732484,0.8954065799732087,0.9339511230159077
11,27,493,256,0.05508625606489605,0.8470679224972997,0.9720667384161974
11,28,4466,256,0.4573582059604258,0.7473262164676459,0.7366422429100671
11,29,52694,256,0.046750837752186414,0.9299766070781079,0.9763447968048038
11,30,10051,256,0.16027967610670535,0.8558695627626681,0.9163625504642224
11,31,2672,256,0.3770293802050523,0.7555192425730455,0.7892848787319745
11,32,3819,256,0.3772703272709132,0.7661626584392458,0.789132227658386
11,33,21606,256,0.08191244344995409,0.9530016210747236,0.9581688559695759
11,36,2088,256,0.23586324399350705,0.8444035126321943,0.8741491611884626
11,37,3512,256,0.12446815643512112,0.9191625566554007,0.9356985858517041
11,38,271,256,0.05230985564956849,0.7761260442695279,0.9734937823892003
11,39,3989,256,0.17434695574321227,0.9221495830761861,0.9086545241491882
11,40,44007,256,0.0646213326014473,0.9632163014074459,0.9671497647203109
11,41,14218,256,0.0870808581371011,0.9400451322391955,0.9554680224177567
11,42,13198,256,0.0638456409870054,0.9341630475255901,0.9675507010038258
11,43,68481,256,0.05171881245585007,0.9464166963964626,0.9737973031099182
11,45,29427,256,0.19049527667378083,0.8805245364306574,0.8997248042186117
11,46,52893,256,0.05085562125052398,0.9498612183770953,0.9742404111662973
11,47,35302,256,0.06009779932710715,0.939035506085347,0.9694855340194061
11,48,13699,256,0.1501466382044244,0.8975372972211295,0.9218749165670881
11,49,24762,256,0.10165566147107326,0.927105918341704,0.9478102861485134
11,50,29900,256,0.06766610622152995,0.9241492501384487,0.9655743854196165
11,51,556,256,0.03194649149485634,0.9072927798529205,0.9838971026002382
11,52,10582,256,0.4272223713687269,0.7594231066562539,0.7568207374479594
11,53,21518,256,0.13779466542218216,0.9091306279645989,0.9285501249678543
11,54,3192,256,0.13575894397492003,0.9001570910487408,0.9296456615426546
11,55,19769,256,0.06584970906930303,0.9239036433230079,0.966514506321916
11,56,13656,256,0.22291920310466581,0.846334166118505,0.8815218641051021
11,58,40454,256,0.06762339202898372,0.9108737157852199,0.965596503706914
11,59,29234,256,0.2516292267492654,0.8611161075453851,0.8650842578909493
11,60,74335,256,0.06561244254685285,0.9360090051967951,0.9666372419129873
11,61,29052,256,0.09893258559499,0.9332506587468653,0.9492457081309401
11,62,2330,256,0.06082026845166342,0.949457550028797,0.9691128580038223
11,63,5068,256,0.4246651940136711,0.7601465169962988,0.7585082768080575
11,64,2732,256,0.11638828439518188,0.9100537154371652,0.9400062316840342
11,65,1941,256,0.052819778100102126,0.7762791868376921,0.9732318438583367
11,67,21615,256,0.11963235356559886,0.9406165606664867,0.9382790877102618
11,68,17262,256,0.07268194427172668,0.91273878015974,0.962973548820669
11,69,43385,256,0.08939486406339832,0.9164236118050404,0.9542563261181986
11,70,251,251,0.019064210476787996,0.9271187749288093,0.9904220259683304
11,71,30286,256,0.08385780106761218,0.9320437382458544,0.9571531742267733
11,72,7975,256,0.13337066448002127,0.9127203628119351,0.9309292859932911
11,73,28585,256,0.12611515088139574,0.9058407164429684,0.9348180834358117
11,74,92,92,0.028328418951352203,0.6345857296292462,0.9857340315970875
11,75,2158,256,0.0889193958515132,0.9429797003103311,0.9545054238444571
11,76,2991,256,0.07325715446367483,0.9491671716609001,0.9626748389442434
11,77,126,126,0.01938669579580238,0.8924144467023111,0.9902592106131594
11,78,31792,256,0.06083277066560206,0.935911660004365,0.9691064076428335
11,79,45624,256,0.05734205009735516,0.9287689893916432,0.9709057368780168
11,81,11513,256,0.16842537459759124,0.8714382934872379,0.9119071363918635
11,82,2108,256,0.1747793598306086,0.8511767384425909,0.9084165565253594
11,84,119,119,0.019995231820243358,0.830169823632242,0.9899519019526942
11,85,57767,256,0.062233826419580404,0.9315111883347085,0.9683832782428761
11,86,30879,256,0.06243408977323017,0.9314257702333739,0.9682798718484082
11,87,20084,256,0.06855013042359394,0.9281370843385801,0.965116505700947
11,89,23857,256,0.16096271373711876,0.9060642289093229,0.9159897850210346
11,90,28782,256,0.08827058510825384,0.9212237259636095,0.9548452308577271
11,92,21451,256,0.08282632631755836,0.9087703827948882,0.9576918469332615
11,94,40738,256,0.06576402393767897,0.9277828223487516,0.9665588321785286
11,95,16003,256,0.15294749060977803,0.8793958330384499,0.9203545563478359
11,96,8938,256,0.08257796335647158,0.9320842366833286,0.9578215056280206
11,97,30202,256,0.08299661567008619,0.9384407572904034,0.9576029366756943
11,98,29794,256,0.05857865497690233,0.939245372760765,0.9702686973323924
11,99,51965,256,0.08279002573380324,0.9062554765788913,0.9577107988668587
11,100,42502,256,0.07008107193679458,0.9572453910616038,0.9643230413420626
11,101,25742,256,0.07253775161671355,0.9554202208132151,0.9630484143506423
11,102,13132,256,0.08338250010161491,0.9395545756245686,0.9574014309047094
11,103,5056,256,0.4159099155834254,0.7427708109512711,0.7642578651322959
11,104,968,256,0.029193880169743364,0.8877104512162418,0.9852949405280922
11,105,79829,256,0.05330768434696839,0.9304155015623711,0.9729811486627229
11,106,156,156,0.29880062013539366,0.04591067348499818,0.8373764863337197
11,107,37472,256,0.045674673624282285,0.95386839492095,0.9768957602404249
11,108,1136,256,0.052316324427118685,0.8953816837525235,0.9734904599290541
11,109,18881,256,0.1592073776279043,0.892524251875738,0.9169474479882125
11,110,692,256,0.02070886689035353,0.9470463921918055,0.9895913970471077
11,111,35798,256,0.06459204876483744,0.9153840474948792,0.9671649038479232
11,113,618,256,0.053287616756480326,0.8222168321842231,0.9729914610331992
11,114,4898,256,0.06592340306719863,0.9343180289024485,0.9664763819839579
11,115,118078,256,0.06966695136327603,0.9180303109515594,0.9645377383165077
11,116,24738,256,0.048913495362897415,0.929698063075328,0.9752366403274143
11,117,898,256,0.027114877243135053,0.9013368938759859,0.9863493918266817
11,118,90,90,0.020939945336657745,0.859696307306347,0.9894746356846861
11,120,3345,256,0.07615827514432552,0.9391083653223361,0.9611668558869862
11,121,8146,256,0.24278539901038665,0.8387462208904394,0.8701807863826996
11,122,35065,256,0.057308868292900744,0.9280049403315835,0.9709228247945865
11,124,4420,256,0.11981862334100397,0.8923283628954735,0.9381798210678995
11,125,13346,256,0.3278111671613496,0.8118716829682269,0.8198712294248716
11,126,2769,256,0.07573732436380931,0.8936732138580268,0.9613858099827512
11,127,94,94,0.019523707093541856,0.8635652968174677,0.9901900286846248
12,0,10345,256,0.05756601673642029,0.9385972646105034,0.9707903910029084
12,1,166,166,0.023003712443268032,0.8944837497953037,0.9884312255067279
12,2,116110,256,0.06506251048846849,0.9261520752722028,0.9669216563463306
12,4,45921,256,0.09681348821585681,0.9034919684249377,0.9503612533053645
12,6,6217,256,0.058612576460083374,0.9363375857018531,0.970251216716535
12,7,17509,256,0.09798928826057053,0.9071497101240583,0.9497424449499082
12,8,21329,256,0.1807005818413956,0.8723092130504047,0.9051515995448521
12,9,18191,256,0.07547705957213205,0.9040914705659384,0.9615211596360571
12,10,132,132,0.01647625290141486,0.7898457164236278,0.991727657725943
12,11,2320,256,0.061060431154425686,0.9516880143070362,0.9689889415496826
12,12,19146,256,0.06293335104537028,0.9197347711970225,0.9680220291680504
12,14,41141,256,0.05794688720061825,0.9405516759360872,0.9705942060404965
12,15,22217,256,0.11738599821924264,0.9006228578248591,0.9394753864688299
12,16,581,256,0.02959055792559792,0.9211224275623838,0.9850936209692975
12,17,979,256,0.037480478946668914,0.9288789302394544,0.9810807923169891
12,18,1506,256,0.13569186012091755,0.7247312672049313,0.9296817411776368
12,20,2031,256,0.07234122480174879,0.8652428204433502,0.9631504426610887
12,21,15293,256,0.532846699184645,0.7018483239064788,0.6834861379833208
12,22,7800,256,0.14895026959228524,0.8870579982070024,0.9225235663156334
12,23,2062,256,0.2507541263482454,0.8684210709648744,0.8655898992315904
12,24,15984,256,0.17011299577935618,0.8806562325729642,0.9109813413131159
12,25,809,256,0.021477033719319565,0.925536108792518,0.9892031976700644
12,26,33359,256,0.09087700221462906,0.9226695853813178,0.9534794165504419
12,27,57716,256,0.05690158362229402,0.950681545529699,0.9711325431565487
12,28,384,256,0.022104912817632896,0.8804486152149117,0.9888857806553631
12,29,202,202,0.018818188608799677,0.9049313951816653,0.9905462187052153
12,30,19644,256,0.07736789372411684,0.9264921665482734,0.96053740493324
12,32,52921,256,0.06152542833370112,0.9343135909677907,0.9687489724723836
12,34,191496,256,0.07753447602859978,0.9152260616957719,0.9604506879436342
12,35,3334,256,0.1542827230180855,0.8972156506676804,0.9196288800281962
12,36,39835,256,0.0583322592232173,0.9343978680871514,0.9703956619733946
12,37,2062,256,0.09199629737457395,0.9147235989878516,0.9528922828029547
12,38,27677,256,0.049984522803262696,0.9305128216696141,0.9746873740829607
12,39,2614,256,0.18426176580361536,0.8886252395988261,0.9031822818215516
12,40,30971,256,0.05707891982128892,0.9446280079558309,0.9710412350558091
12,41,1273,256,0.06263721465438833,0.8102238969208077,0.9681749766161134
12,42,55204,256,0.05309100854365952,0.9347612198608845,0.9730924886444969
12,43,17463,256,0.0571633434248465,0.9340386992949894,0.9709977634243827
12,44,5242,256,0.06895371539897996,0.945682878297268,0.9649073969045009
12,45,942,256,0.03958371629755216,0.8600162621337767,0.9800083079762374
12,46,103603,256,0.04614264903909225,0.9452021412062246,0.9766562091959011
12,47,2485,256,0.1787746674561625,0.6770115881834472,0.9062148379627413
12,49,4309,256,0.0775147635775485,0.9283234626850465,0.9604609499726949
12,50,3782,256,0.1975194840035921,0.8622550243434831,0.8958127683821033
12,51,1830,256,0.056478813230559234,0.9090383245609244,0.9713501875067718
12,52,36774,256,0.10288494090914178,0.9126811052573831,0.9471615802442888
12,53,42630,256,0.06815097405115816,0.9186434373782739,0.9653232753584894
12,54,632,256,0.01939688222094774,0.9196390767944277,0.9902540672873059
12,55,171,171,0.02833710610532376,0.8502393050749181,0.9857296251481317
12,56,9107,256,0.3472425127372024,0.7957624414293,0.807934085964194
12,57,518,256,0.018950004143894802,0.9441104288460554,0.990479679678541
12,58,11233,256,0.048956744628263514,0.9338906283836858,0.975214466346627
12,59,352,256,0.01934040652467764,0.93268221522656,0.9902825826375633
12,60,5386,256,0.06472425404361512,0.9334867666722441,0.9670965546192297
12,61,57383,256,0.05551775673557178,0.9344770423294703,0.9718447629454141
12,62,4424,256,0.16639656231219216,0.9107517440643823,0.9130188594370917
12,63,33776,256,0.047237286178319515,0.9318628878224227,0.9760956478858415
12,64,14242,256,0.2830051696499571,0.8377444938993414,0.8467554725834625
12,65,21436,256,0.2648947966900738,0.8561216298626644,0.8573827635950737
12,66,5416,256,0.18620522012340404,0.8799354720303436,0.9021057476131032
12,67,4006,256,0.10016688102975768,0.9177852497439363,0.9485953399475681
12,68,36190,256,0.05921274265606827,0.9498776048327526,0.9699418834878365
12,69,34661,256,0.05750951775275022,0.9203498892366612,0.9708194900429481
12,71,796,256,0.023314499988082268,0.8921812773033612,0.9882740004735113
12,72,74,74,0.020276017150185975,0.7946051257256954,0.9898100741302919
12,73,20119,256,0.14149956023489113,0.8928193840418546,0.9265529881043549
12,74,12791,256,0.052608243882295194,0.9380376468152432,0.9733405139609184
12,75,42688,256,0.0637274443730587,0.9405130183669235,0.9676117793965415
12,76,15543,256,0.048815100459251325,0.9282961914012372,0.9752870857038705
12,77,739,256,0.021235480661213935,0.9262287825598459,0.9893252848981401
12,78,695,256,0.06519321878079813,0.6934190418152436,0.9668540640754436
12,79,12128,256,0.13255875851204596,0.8967483414623095,0.9313652567537367
12,80,33867,256,0.06517317108548891,0.9374715157469145,0.9668644315075983
12,82,97,97,0.023658163340727106,0.7807421287593741,0.9881001146944943
12,83,1635,256,0.08888479161082836,0.7711471083330622,0.9545235504633564
12,84,215,215,0.1708403881441588,0.2277301451982941,0.9105820181926728
12,85,11552,256,0.23748584333371037,0.839073997221419,0.8732205658745616
12,86,132,132,0.22827788077371966,0.007414994660591461,0.8784771591944097
12,87,75008,256,0.043382454639176046,0.9332175424711727,0.9780682723413657
12,89,6014,256,0.36141241751909553,0.785507865737749,0.7991167514705874
12,90,9056,256,0.058652018462220165,0.9571684133733048,0.9702308908387631
12,91,4053,256,0.08983664307312922,0.9512692261853759,0.9540248198694156
12,92,15303,256,0.1008211895945301,0.9452285822192075,0.9482503943608301
12,93,1024,256,0.046428994384934925,0.8767016673501961,0.9765096034423139
12,94,4498,256,0.1565957109372289,0.8791818535252058,0.918370453064977
12,95,11258,256,0.07214869315753718,0.9423574034682407,0.963250386370264
12,96,6675,256,0.277794092845527,0.8510628424734299,0.8498269866004922
12,97,30580,256,0.20045512255959938,0.9238964945936519,0.8941727335590146
12,99,24598,256,0.17022974615213698,0.8997650208012778,0.9109172596058673
12,100,31890,256,0.05076162495356123,0.9438234006940023,0.974288650783965
12,101,18557,256,0.06599046839089255,0.9452727181946233,0.9664416855708923
12,102,35962,256,0.04760515519993467,0.9346277178608515,0.9759071906693102
12,103,38797,256,0.08016557815092346,0.9191812495140851,0.9590799872007948
12,105,7237,256,0.5061212888614229,0.6562069341103087,0.7027650468958861
12,106,81,81,0.016477089537301173,0.9583733291522243,0.9917272359185759
12,107,21392,256,0.07197586813227849,0.9197665631265818,0.9633400914877993
12,108,1261,256,0.029450222772913426,0.9341020011404301,0.9851648477422885
12,109,560,256,0.01975203389586217,0.9528412488983988,0.9900747275353198
12,110,3828,256,0.06971165034183195,0.9491328520693213,0.9645145668460213
12,111,3218,256,0.09994616750224049,0.881254538953907,0.9487116698437726
12,112,396,256,0.02734763070008079,0.8955728470647912,0.9862313974417561
12,113,350,256,0.04288673811190372,0.8590760897294101,0.9783216556368852
12,114,26979,256,0.09202360239569826,0.9093778177725673,0.9528779552515115
12,115,33618,256,0.147568404224475,0.8850408978314959,0.9232722219234828
12,116,6068,256,0.09496866895066097,0.9333567863893787,0.9513313466134389
12,117,10636,256,0.1563459461793113,0.8703560150016807,0.9185064255739797
12,118,24412,256,0.05141999086377798,0.9266386155724061,0.973950722129319
12,119,132,132,0.02531108608489909,0.8150494263092916,0.9872633457771542
12,120,22808,256,0.05865122439328061,0.939972484006462,0.9702313000551567
12,121,30132,256,0.05373913269870178,0.9392886332340283,0.9727594087446794
12,122,350,256,0.017212436771187705,0.93873596290239,0.9913564259280374
12,123,14286,256,0.07408026074494886,0.9095307452803424,0.9622472339555209
12,124,16408,256,0.048899286688405895,0.9461830347812971,0.9752439250318835
12,125,3949,256,0.2706259548830038,0.8282664008716212,0.8540339835843749
12,126,6988,256,0.2604927908608089,0.8239432425503148,0.8599460501329087
12,127,50977,256,0.07517544099246704,0.9086919993721018,0.9616779913294954
13,0,11166,256,0.36257813352843116,0.78629146714542,0.7983870405208046
13,1,8551,256,0.12565900416047004,0.8851943149411315,0.9350620278032522
13,2,53967,256,0.07027120558473476,0.9170005950640282,0.9642244523010528
13,4,13040,256,0.2012771653883481,0.8653386301436706,0.8937129486650912
13,6,36664,256,0.09706495949604758,0.9181602166574553,0.9502289410999606
13,8,12452,256,0.1643482168170247,0.8740803243779747,0.9141399144458004
13,10,126362,256,0.0694803965850958,0.9226241165487378,0.9646344403010417
13,11,152,152,0.021091843558219785,0.9607826826650933,0.9893978757010651
13,12,26980,256,0.08314602921110643,0.908104382976196,0.957524919147744
13,13,3796,256,0.05650149282432024,0.9575116396279844,0.9713385131743103
13,14,109,109,0.02150984411720353,0.9520930708138958,0.9891866132751678
13,15,21772,256,0.20354019652924346,0.8749461748841215,0.8924459666953269
13,16,28989,256,0.07933288903042854,0.9111296014269689,0.959513997276523
13,18,155,155,0.032568566493006754,0.8328969988063152,0.9835809237205616
13,19,4316,256,0.5290937616837728,0.7307103049176502,0.6862260839666671
13,20,14776,256,0.13106839788997668,0.9215421310308645,0.932165007984114
13,21,37895,256,0.08759491781181493,0.9368104402049113,0.9551989751817079
13,23,9622,256,0.18636506011980453,0.8736565023051082,0.9020171505465933
13,24,32422,256,0.062170369571533685,0.9044888924103271,0.9684160420131764
13,25,9057,256,0.09318938960827346,0.8998961971465227,0.9522660397135491
13,26,12006,256,0.34888655668906626,0.8215725560437895,0.8069160075936862
13,27,968,256,0.0337255310046034,0.9223809753938901,0.9829926088203291
13,28,27762,256,0.06737007086348883,0.9250247027007226,0.9657276682049196
13,29,3726,256,0.26796960521865343,0.8933107455126761,0.8555877481482227
13,31,6814,256,0.2530249930075432,0.8527018890172939,0.8642771586663949
13,32,4378,256,0.21708497788604583,0.8600296139426251,0.8848248539196637
13,33,9848,256,0.5652342542931049,0.6894182321920919,0.6593676862774631
13,34,2241,256,0.12325907557442564,0.8310802122849714,0.9363444475328373
13,35,2487,256,0.06438061748973371,0.9450225527068914,0.9672742023388541
13,36,23863,256,0.06957734171163506,0.9253610057394271,0.9645841893211629
13,38,4209,256,0.34070733312137075,0.8557111942006722,0.8119683903198629
13,39,154,154,0.04211345873343571,0.6535462527735166,0.9787167829697028
13,40,73491,256,0.0550476811577983,0.9356862361263635,0.9720865799105559
13,41,31361,256,0.07740897624627627,0.9126444125442458,0.9605160195195724
13,42,8286,256,0.08152284166618318,0.9163707258951445,0.9583721397942538
13,43,498,256,0.025404143711417936,0.9579439749913695,0.987216215572142
13,44,38943,256,0.07379858154999219,0.9221047508349082,0.9623935881176723
13,45,12523,256,0.09449602339663468,0.9247599095376297,0.9515797268770312
13,47,34433,256,0.19148564469875815,0.8450853385910209,0.8991742630331686
13,49,6892,256,0.06050345321580337,0.8633608471907002,0.9692763005377758
13,50,168,168,0.02761980729089786,0.8738593728935193,0.986093399587028
13,51,116,116,0.03470044666184618,0.7625665916523192,0.9824965920236842
13,52,16796,256,0.1412328997335589,0.9018976724999149,0.9266968761501471
13,53,1103,256,0.03552314890678294,0.8885797862738612,0.9820778233384648
13,55,37811,256,0.050701498061314236,0.9365397295594274,0.9743195071118539
13,57,26075,256,0.06126854480605984,0.9362021271049746,0.9688815485878242
13,58,15998,256,0.32526108354847444,0.8008751014657078,0.8214249305027974
13,59,10122,256,0.12512824463935654,0.9114481561028184,0.9353457945383854
13,60,290,256,0.046678603287115726,0.8335237929129883,0.9763817883967748
13,61,17504,256,0.1952167307510039,0.8541836628007695,0.8970971347903169
13,62,19495,256,0.12743622748647282,0.8947544179497825,0.9341112206335641
13,63,3112,256,0.242865629071883,0.8761473704662578,0.8701346855103048
13,65,23396,256,0.06553279260611018,0.9439774422665829,0.9666784405343329
13,66,36364,256,0.12512028012959775,0.8937044269260429,0.9353500520502483
13,67,12699,256,0.20017382957670865,0.8430394389175105,0.8943300120331932
13,68,9040,256,0.13097265303821967,0.8822990357068905,0.9322163627408502
13,71,48570,256,0.06249430487323366,0.9271051496455817,0.9682487774982038
13,72,267,256,0.029934449491212416,0.8635685176075002,0.9849190578462718
13,73,13504,256,0.08771053643707624,0.9366810176976803,0.9551384525622051
13,74,1290,256,0.07215945150403132,0.9050120660337576,0.9632448019563711
13,75,41565,256,0.0728823007330747,0.9076563168250957,0.9628695131049302
13,76,26651,256,0.07910366076349118,0.9237807619799622,0.9596334400366157
13,77,5923,256,0.0768977521720833,0.9271778242468296,0.9607821021584013
13,78,38809,256,0.41680924985635465,0.7722598047207759,0.7636692675128712
13,79,50027,256,0.06146117822252381,0.9259928605324613,0.9687821332877048
13,80,15438,256,0.17626020717093385,0.8576569154698652,0.9076011198919194
13,81,10765,256,0.3315232190167025,0.7946940166300756,0.8176042936428951
13,82,32886,256,0.13396752321747335,0.9163805769958198,0.930608659309877
13,83,10242,256,0.12964788830265775,0.9089859309321022,0.9329266378967546
13,84,3303,256,0.04799849587673252,0.9515883398570419,0.9757056441997594
13,85,11043,256,0.05270195777740129,0.9544288190660591,0.9732923724259832
13,86,1350,256,0.024938181032842222,0.9471443193,0.9874521856612389
13,87,8485,256,0.07261911843517492,0.9336682620763237,0.9630061690170136
13,88,756,256,0.09635270536334367,0.8282867281034744,0.9506036474980812
13,89,17464,256,0.0940069662936565,0.9262955873254659,0.9518366633547709
13,91,20268,256,0.21031293566340273,0.8599617669480272,0.8886433842304782
13,92,41720,256,0.11034994688176007,0.9166786964716912,0.943212623493897
13,93,20881,256,0.1508729215146991,0.9187582151826561,0.9214809159637007
13,95,39748,256,0.056090681995081285,0.9325940325669209,0.9715499565153193
13,97,2483,256,0.06855830763062903,0.9383931863848999,0.9651122693082763
13,98,40787,256,0.08597968493362018,0.9191692829411608,0.9560440968210514
13,101,64644,256,0.057078987599614606,0.9368230287151383,0.9710412001559899
13,102,32835,256,0.055163809672005015,0.9142948777494615,0.9720268465057922
13,103,27797,256,0.18173464506573292,0.8695313659993148,0.9045802092320322
13,104,1653,256,0.2172364848017637,0.7653478409729052,0.8847392357063386
13,105,17660,256,0.07116926210711258,0.9577617785460504,0.9637586512674672
13,106,153490,256,0.06425701278661616,0.928108338752967,0.9673380935398873
13,107,21018,256,0.046567708409924635,0.949062220878432,0.9764385754311816
13,108,202,202,0.022224303675788128,0.9318597166488113,0.9888254124587474
13,109,37590,256,0.06352846949896265,0.9428487265324157,0.9677145914478283
13,110,363,256,0.027865521177654014,0.9028253989115167,0.9859688021546857
13,112,50288,256,0.0829876658131538,0.9356016923116662,0.9576076097164465
13,113,32643,256,0.07683511757646078,0.921867243160564,0.9608146972353926
13,114,169,169,0.027062367412111446,0.8770331317130055,0.9863760097386233
13,115,10068,256,0.05018775059595888,0.9309804309536079,0.9745831156982154
13,117,8120,256,0.3120129206387095,0.779434287678342,0.8294498654899466
13,118,6087,256,0.1762754750119053,0.8729862224618331,0.9075927087565736
13,119,2170,256,0.07744343827271734,0.8720083583950359,0.9604980800226945
13,120,17672,256,0.0697795753206405,0.9397983588578073,0.9644793542006793
13,121,30027,256,0.08063934838450033,0.9157896018632564,0.9588329633546708
13,122,1173,256,0.16781965059849532,0.5700693728758693,0.9122391952780283
13,123,39851,256,0.06005580890065095,0.9368925182859005,0.9695071898131282
13,124,11962,256,0.14419763498807905,0.8999148726101176,0.925095868011484
13,125,12043,256,0.06277276624768208,0.9169680708073489,0.9681049704202112
13,126,485,256,0.02840942163673406,0.8998227520689461,0.9856929432451396
13,127,25325,256,0.09901483495033708,0.9200777553890782,0.9492023836093454
14,0,283,256,0.06401552210420114,0.8014227296987072,0.9674629077622557
14,1,9369,256,0.4495604349457531,0.759763077260872,0.7419161442199832
14,2,751,256,0.023390396586148873,0.9461453560097364,0.9882356011669743
14,3,163861,256,0.08118878710090838,0.894564211541222,0.9585464062313789
14,4,6854,256,0.2999884605532193,0.8613619227127746,0.8366669226441193
14,6,10205,256,0.06268666605518315,0.9282345737202541,0.9681494378167127
14,7,27802,256,0.07027726175843296,0.920846626116193,0.9642213118582098
14,8,22981,256,0.072658358619595,0.9305363358589156,0.9629857950044772
14,9,87,87,0.02093729802268594,0.8929075199792962,0.9894759734209386
14,10,27232,256,0.07303289074420684,0.9223640749667457,0.9627913113732348
14,11,3058,256,0.14885388194655846,0.8851586532369331,0.9225758061283862
14,12,1060,256,0.034907447458880525,0.9236695921896974,0.9823912420930468
14,14,21338,256,0.10477751489729806,0.9148691180523139,0.9461619761450478
14,15,36734,256,0.09797923642542716,0.9279915475430282,0.9497477368093976
14,16,37968,256,0.08168547085232929,0.913273538586543,0.9582872894636925
14,17,20595,256,0.38592200311027974,0.7843474387465738,0.7836312888659566
14,18,27778,256,0.07538830929509954,0.943949848923899,0.9615673095030324
14,19,1342,256,0.022890423901275422,0.9536160789901023,0.9884885310911425
14,20,26592,256,0.19269795674445866,0.8459036039729685,0.8984998849502104
14,21,2960,256,0.09429130762168117,0.9187971160606235,0.9516872870740256
14,22,18132,256,0.04986170176260642,0.896495641655504,0.9747503773979231
14,23,135084,256,0.059451187386356706,0.9221823161216254,0.9698189586792183
14,24,3430,256,0.060387342239031847,0.937279117824137,0.9693361943933426
14,26,2513,256,0.14539179279782616,0.8732638680936251,0.9244502188880556
14,27,2820,256,0.054268617812890135,0.918628805639319,0.9724872144080403
14,28,37471,256,0.06553609644375269,0.9361641129528885,0.9666767316720969
14,29,2956,256,0.05536462004984788,0.9465058855364633,0.9719235463503043
14,30,14016,256,0.07955765889852758,0.9085707755572345,0.9593968631913867
14,31,3947,256,0.09821969692975911,0.9162150652237283,0.9496211365961906
14,32,7478,256,0.42550990430131586,0.7145547978966585,0.7579512488931489
14,33,10982,256,0.2746449057022749,0.8267082824354374,0.8516778113217023
14,34,71885,256,0.07882603020323048,0.9237036623684721,0.9597780836197343
14,35,80,80,0.021065554159798605,0.9122767713802006,0.9894111611661763
14,36,4996,256,0.10183840190112729,0.8241870606595899,0.9477138798703292
14,37,8612,256,0.07636675833961631,0.9446745475539258,0.9610583965922069
14,38,68177,256,0.09760597357291784,0.903993102615653,0.9499442227978874
14,39,48620,256,0.07213867102055034,0.9312795579256884,0.9632555886053553
14,40,13766,256,0.08361790071663053,0.9316422900952057,0.9572784857518576
14,42,1574,256,0.06492672936196967,0.8468555395172291,0.9669918668934244
14,44,78190,256,0.05540905470688716,0.9373183703778973,0.9719006869496043
14,46,550,256,0.04091697800130438,0.9081329912623286,0.9793278419399173
14,47,11105,256,0.06972228282480915,0.8892065674470407,0.9645090549990657
14,48,29302,256,0.10328996041322744,0.9075472254668081,0.9469477491323228
14,49,10002,256,0.19176777936118244,0.8099141039964474,0.8990173639250899
14,50,5512,256,0.09904485244900439,0.9443441733630773,0.9491865715184742
14,51,14648,256,0.08322948582129132,0.9195355135785673,0.9574813388148663
14,52,2034,256,0.044061072781986135,0.9198256202702902,0.9777212932211377
14,53,70880,256,0.07726495613548587,0.9301118566648789,0.9605909867703913
14,55,56614,256,0.24921776678705584,0.868855643801291,0.8664769086438161
14,57,103487,256,0.07111358208826767,0.9290267062185379,0.9637875377445655
14,58,776,256,0.05938654904823057,0.8942408021340104,0.969852283057461
14,59,3164,256,0.03943393126998466,0.9494452862726389,0.9800847252814501
14,60,24758,256,0.0756968174383521,0.9366191863236607,0.9614068766977111
14,61,1756,256,0.14866116329607756,0.7371371535681386,0.922680246187119
14,62,22877,256,0.08819673151448874,0.8829580126172311,0.9548839031450427
14,63,716,256,0.036248999343693286,0.8335941258743467,0.9817082054543024
14,64,13998,256,0.08493442031707785,0.8889614095810052,0.9565906019206556
14,66,2937,256,0.224945190205405,0.8855104152661045,0.8803719724040487
14,67,9289,256,0.2762362810605742,0.7994561475170683,0.8507430393129443
14,68,34025,256,0.10252142891182726,0.8933159812316248,0.9473534562602137
14,69,61362,256,0.09270640571677155,0.9040334738660073,0.9525196030965601
14,71,5621,256,0.095942768678671,0.8961810983691358,0.9508192421913478
14,72,1601,256,0.05037844643077597,0.9604513050857635,0.9744852762198226
14,74,3348,256,0.131634201103332,0.883344909694404,0.9318614697993839
14,75,2383,256,0.09275484693737879,0.9119366673508095,0.9524941748182092
14,76,36812,256,0.08628515727600986,0.9357065729623212,0.9558843249703335
14,77,2616,256,0.2514085889377896,0.7463903842714326,0.8652117723784221
14,78,333,256,0.026219927169919874,0.8656940879976223,0.9868029554222465
14,79,30459,256,0.0960666004277367,0.9002822064657882,0.9507541215121096
14,80,19709,256,0.11491233164827466,0.8772744539249195,0.9407909801606972
14,81,9907,256,0.35602240357725196,0.7256672782572225,0.8024821471053099
14,82,16667,256,0.06322633983487996,0.8885646525764066,0.9678706835962746
14,83,7034,256,0.03568573919990079,0.9644086320456551,0.9819950411280595
14,84,22345,256,0.08339313131183847,0.9050069564131888,0.9573958787712434
14,85,4958,256,0.3574675338829341,0.7426973148056366,0.8015812286456476
14,86,10353,256,0.1950040733660222,0.8898056518061684,0.8972156522453104
14,87,12022,256,0.05167797631041954,0.9355260877742014,0.9738182703613546
14,88,1593,256,0.06778475278702902,0.9025725418677917,0.965512945129671
14,89,1933,256,0.03225851928562782,0.9446792688015493,0.9837385225324726
14,90,2022,256,0.09412077852163733,0.8391737407955946,0.9517768758897027
14,91,137,137,0.02050199444201788,0.9364659310238704,0.9896959157023849
14,92,23697,256,0.13942800010709286,0.8785310046899601,0.9276701999595045
14,93,5043,256,0.28747788332252444,0.8477879398840693,0.8441102514941253
14,94,2313,256,0.09557505342287355,0.9168700683346561,0.9510125901254549
14,95,21280,256,0.06736437962137826,0.9219457286824322,0.965730614808613
14,96,6957,256,0.07022373287663211,0.9197699789696108,0.9642490690290387
14,97,2398,256,0.048225777016159356,0.9481977979936699,0.9755891671107468
14,98,3679,256,0.32472408382310397,0.7699441177677145,0.821751736339447
14,99,35497,256,0.07252085958563186,0.9344537250225643,0.9630571843947628
14,100,12228,256,0.46597361792773795,0.7147106429542183,0.7307710873264364
14,101,52501,256,0.06424955942006019,0.8975609514137156,0.9673419460459367
14,102,7306,256,0.10888478282380924,0.8590937928050811,0.9439889920842249
14,104,123,123,0.022279596698918203,0.8737274195365606,0.988797453122267
14,105,22965,256,0.15198933687357036,0.8683847568331579,0.9208749443471843
14,107,1053,256,0.11799465237468791,0.7320199425469278,0.9391513976060049
14,108,16784,256,0.17334839673438796,0.8767314023738945,0.9092038293285022
14,109,17468,256,0.08433884057492706,0.9420771097888997,0.9569018546460619
14,110,43583,256,0.11263461231471426,0.8833814023337748,0.9420007365630272
14,111,40355,256,0.05452433900610246,0.9254118772335306,0.9723557275986487
14,112,131,131,0.030481718616941947,0.8289457705218087,0.9846411942342541
14,113,254,254,0.019752244439537405,0.9515666249779937,0.9900746212081505
14,114,6968,256,0.10410849821665986,0.9255602216926608,0.9465154524799583
14,115,81933,256,0.06959355836049225,0.9141590863229971,0.9645757832537097
14,116,798,256,0.04184534052590528,0.9591397283748337,0.9788537477448277
14,117,2474,256,0.6159060810792089,0.6124795066926721,0.6197531112635024
14,118,874,256,0.03251515720242622,0.9210814092265989,0.9836080737761224
14,119,10158,256,0.17532873576706004,0.8933748571564385,0.9081141251147566
14,121,5394,256,0.15424664203813565,0.8705163527192048,0.9196484969605857
14,122,197,197,0.04547000956009755,0.5945818779109827,0.9770005068780172
14,123,149,149,0.01976703187969594,0.973295463660256,0.9900671533387541
14,125,13014,256,0.2988965735150398,0.8424804665965939,0.8373191903240724
14,126,4082,256,0.1908371095864418,0.867381004842993,0.8995348189000569
15,0,19770,256,0.15647875708106584,0.8578020612129129,0.9184341255195901
15,1,57205,256,0.055654671587050834,0.9204963264264786,0.9717743196920513
15,2,3718,256,0.48373508637641216,0.7792219370803036,0.7185157713116587
15,3,65497,256,0.06038352683783462,0.9426285052523137,0.9693381624397985
15,4,2152,256,0.07144107946817828,0.9315385319811514,0.9636176215345077
15,5,98,98,0.02657313964739468,0.9189564220624434,0.9866239711017594
15,6,82209,256,0.056400319486002465,0.9303752940593805,0.9713905911187309
15,7,43415,256,0.07088606936549105,0.9426577050404827,0.9639055610559102
15,8,24280,256,0.06778858955772811,0.942538079703797,0.9655109582196734
15,9,13016,256,0.09843812085422608,0.918894650655667,0.9495061238063575
15,10,201,201,0.06275203571697453,0.6009158802627834,0.9681156771187137
15,11,6791,256,0.09037972854078496,0.9018278847901057,0.953740148813719
15,12,668,256,0.08426707199579109,0.5925869453610102,0.9569393544024662
15,13,833,256,0.027634194821970052,0.938350799069081,0.9860861043428357
15,14,496,256,0.02775993270288593,0.9369114091377652,0.9860223462463282
15,15,569,256,0.03265116870344765,0.9209992088745499,0.9835389322729184
15,16,86329,256,0.10016970678016802,0.9058033364580029,0.9485938505070713
15,17,168036,256,0.05307103313697226,0.926464698032399,0.9731027524691459
15,18,4263,256,0.2715490270079345,0.7358242821045504,0.8534933936428949
15,19,1407,256,0.03098747444746254,0.9459857767507954,0.9843843383315978
15,20,29200,256,0.05675206768627314,0.9357945347274944,0.9712095202960723
15,21,208,208,0.02571230505294532,0.9482005050927504,0.9870601273210536
15,23,20505,256,0.06595954447468637,0.9281680553480242,0.966457684291099
15,24,4875,256,0.11348293446100129,0.8997670421676184,0.9415503520996626
15,25,6605,256,0.3289965971645391,0.8001632984656087,0.8191479737113807
15,26,172,172,0.027593475172604322,0.9193008444349553,0.9861067512330476
15,27,2842,256,0.047486805697723775,0.951328310285413,0.9759678244195739
15,28,4379,256,0.2365292759973073,0.8520097835872898,0.8737681179825072
15,29,9184,256,0.25892145718125614,0.8389838985935308,0.8608591887287629
15,30,20202,256,0.10869186113626297,0.9014536675813264,0.9440911708430161
15,31,4721,256,0.5955080831280097,0.6577093445864547,0.6359967899856023
15,32,64372,256,0.1302175296867229,0.900612451641532,0.9326212898670484
15,33,3397,256,0.14381263610008335,0.8626544540759112,0.9253039305546673
15,34,34202,256,0.07328493621969431,0.927934433906097,0.9626604093761755
15,35,6196,256,0.05959078555829934,0.9288856082206904,0.9697469847551478
15,36,208,208,0.03491313590415645,0.854082959189933,0.9823883468852038
15,37,27475,256,0.07597422833963771,0.9295654109818797,0.9612625924586695
15,38,2216,256,0.18040161414461342,0.8854022441959928,0.9053167323403376
15,39,3875,256,0.09996897483550975,0.9416423880106617,0.9486996496070241
15,40,154115,256,0.08602787706198115,0.8648266862969909,0.9560188925633315
15,41,12234,256,0.47366196772554603,0.7048995601517353,0.7254915797405604
15,44,120,120,0.02626813442459466,0.9425525722858815,0.9867785291418766
15,45,11905,256,0.2195957559455224,0.8563558865657377,0.8834049151179076
15,46,87,87,0.029497858157353483,0.8812772252418951,0.9851406710935482
15,48,5437,256,0.26796552765067544,0.8177468577112493,0.8555901310495141
15,49,18144,256,0.2983127976324788,0.8137236019195528,0.8376677159635085
15,50,36113,256,0.0661396497749103,0.9202231764054359,0.9663645017409785
15,51,11390,256,0.06987280631030199,0.8568518696093226,0.9644310207006502
15,52,15376,256,0.5877316752616353,0.6323166313707832,0.6420812446555068
15,53,168,168,0.042691819589919244,0.8567138449129474,0.97842126939784
15,54,10147,256,0.07589864994247804,0.9331978417786522,0.9613019037001446
15,55,24725,256,0.05717291932114309,0.9285872873957308,0.9709928324549347
15,56,12996,256,0.05896912340262585,0.9358863931789503,0.9700674598178078
15,57,13100,256,0.08749403041445472,0.9010971077580582,0.9552517833459121
15,58,13845,256,0.14160724563164145,0.8832105376208809,0.9264948755219095
15,59,1286,256,0.11680003184218872,0.7534106374047459,0.9397871930164888
15,60,22933,256,0.0795297814964743,0.919186415762029,0.9594113916894701
15,61,11277,256,0.11646082796987796,0.8926965577729015,0.9399676441400108
15,63,2136,256,0.0650364598800177,0.8159104638883535,0.9669351271517559
15,64,2153,256,0.058247122731657074,0.9382295741477507,0.9704395278781377
15,65,81,81,0.029420425428877045,0.8481260006627747,0.985179970650603
15,66,361,256,0.06358982893022418,0.7366046047211666,0.9676828876598862
15,68,614,256,0.030840060484812713,0.9151487663772189,0.9844592117072131
15,69,19307,256,0.06633444955690139,0.9241701785365282,0.9662637064710123
15,70,12300,256,0.29706768177798065,0.8136781163131437,0.8384105904758237
15,71,19459,256,0.08973535976937919,0.9198475889182957,0.9540779005042622
15,72,25978,256,0.08932748749964908,0.9094860902860616,0.9542916286441745
15,73,1069,256,0.043867878868913066,0.8890812606569587,0.9778200862792127
15,75,2621,256,0.17861241756601823,0.8676027734489873,0.9063043541956431
15,76,1073,256,0.04556138848760025,0.928523214623071,0.9769537407228654
15,77,45098,256,0.044976058610584534,0.9213944197062018,0.9772532636882906
15,78,7790,256,0.06835375858830488,0.920559799256528,0.9652182351218274
15,79,1337,256,0.04274434805106128,0.9415011160887792,0.97839442555083
15,80,7935,256,0.2552097918375158,0.7824173308189826,0.8630122873763062
15,81,85,85,0.02723244728198267,0.9105674820829939,0.9862897914497631
15,82,39071,256,0.059710598854425,0.9442188321594949,0.9696852072428325
15,83,7591,256,0.10128935643983941,0.9303936470468088,0.9480035039809508
15,84,284,256,0.025776652779766145,0.9474954259922573,0.9870275311359019
15,85,29744,256,0.11113570086291445,0.9098479892988397,0.9427960008066886
15,86,9218,256,0.07019844692141665,0.9148485723235757,0.9642621806742103
15,87,56968,256,0.07650654556018677,0.8931172764377708,0.9609856681760729
15,88,172,172,0.02553503144186451,0.9592355362247433,0.987149922027113
15,89,65221,256,0.08461068782752372,0.9052951753985741,0.9567597985766733
15,90,14394,256,0.07446603461925304,0.919901775643089,0.9620467584170465
15,91,46756,256,0.055271745960079235,0.9231031695455384,0.9719713236715992
15,93,1363,256,0.18378202934054702,0.6967285805216062,0.9034478239829088
15,94,51369,256,0.05628813368690435,0.923468513008212,0.9714483343508782
15,95,38509,256,0.060757199527725375,0.9316573120135825,0.9691453969721336
15,96,11392,256,0.07386717339642443,0.9412289043888681,0.9623579513900093
15,98,59039,256,0.05617111209348954,0.9177100937887233,0.971508562960981
15,99,141,141,0.02811973550577661,0.9067007258340861,0.9858398777155565
15,100,39724,256,0.078437395923125,0.9197072691743478,0.9599805227591208
15,101,18046,256,0.23851325430713743,0.8400566536165563,0.872632079225181
15,102,8118,256,0.15767826982621844,0.9018199412165173,0.9177808726345202
15,103,10982,256,0.10853567560340045,0.9075221479428229,0.9441738846190354
15,104,740,256,0.047106180704063916,0.8819769880482775,0.976162803683861
15,106,21075,256,0.06911858218663706,0.8985241019245288,0.9648219617179964
15,107,5306,256,0.07425631336330749,0.9252647234994509,0.9621557496770949
15,109,19604,256,0.1368351193583957,0.9162907810878242,0.9290666717957352
15,110,8393,256,0.059630585595578656,0.9531653584373387,0.9697264637022243
15,111,417,256,0.029940094343012553,0.8871124141573783,0.9849161921996142
15,112,1285,256,0.03195932684457936,0.9482246310485836,0.9838905798692356
15,115,2844,256,0.061697599447122144,0.9389938692987903,0.9686601057919532
15,116,16707,256,0.0830529021764697,0.9370738160054612,0.9575735469526768
15,117,2852,256,0.3339002219206719,0.5980575325467565,0.816149360153721
15,118,3197,256,0.06765562889698949,0.9360378833347522,0.9655798108406215
15,119,933,256,0.040913401789072414,0.8869941357336338,0.979329667788599
15,120,34909,256,0.10748862214036846,0.9166401661699682,0.9447282031672557
15,121,90459,256,0.056557581161514034,0.9177934670168297,0.9713096410715205
15,122,1858,256,0.027612561608294915,0.9498612948599862,0.9860970735134067
15,123,422,256,0.07745979127467023,0.7133180597955573,0.9604895672131634
15,125,15437,256,0.061500207116111864,0.9178206709458953,0.9687619898013589
15,126,6649,256,0.07932096991262257,0.94337375988235,0.9595202082746238
15,127,5164,256,0.7976480055926661,0.529775315555812,0.4498355192815857
16,0,15173,256,0.19402206470057387,0.8499976072670514,0.8977627388678069
16,1,7395,256,0.1878016478541444,0.8341701403234028,0.9012204792090865
16,4,14706,256,0.08068804979458429,0.9119795455629759,0.9588075668273669
16,5,1639,256,0.15180257884284962,0.7214151984698977,0.9209763412580968
16,6,2358,256,0.12077940005131522,0.8671562473871349,0.9376676383179089
16,7,14999,256,0.09902975294675895,0.8917082654483267,0.9491945254020595
16,8,29267,256,0.08314250920814993,0.9238892317039896,0.9575267572197917
16,9,13147,256,0.0716926064456548,0.9360411155624251,0.9634871008759511
16,10,1514,256,0.029637184240371223,0.9306040271390215,0.985069954754295
16,11,41557,256,0.08794793074513069,0.9157008589007498,0.9550141722795894
16,12,9180,256,0.08131105969990801,0.9246861503807642,0.9584826238905387
16,13,21302,256,0.08457297614047068,0.9188724836513406,0.9567795063960814
16,14,157548,256,0.09327454188945362,0.9192186732703804,0.9522213283215969
16,15,16487,256,0.0837445885566667,0.9206443313012658,0.9572123126262707
16,16,41177,256,0.13797371816764123,0.8904213234352023,0.9284537047329602
16,17,361,256,0.07902264454828323,0.7565041788158446,0.9596756511716429
16,18,8547,256,0.06091993031077849,0.9321600569996151,0.9690614375204606
16,19,8272,256,0.11286652083740156,0.9310608618739433,0.941877634920056
16,20,28583,256,0.07237529984871648,0.9327421460594728,0.9631327531297457
16,21,158,158,0.20587332181588658,0.0840225505365148,0.8911378558809593
16,22,2244,256,0.2290270797776339,0.8413958466192623,0.8780506364796771
16,23,1369,256,0.06787795282840911,0.8471077561194352,0.9654646794013704
16,24,20885,256,0.1118235315184865,0.8951966991180147,0.9424311478731555
16,25,1214,256,0.035991398782969274,0.9454532066598524,0.9818393968552244
16,26,104103,256,0.12794199509093612,0.9147132501608772,0.9338404600942625
16,27,9377,256,0.07499973188162969,0.960312794733368,0.9617693424716606
16,28,9696,256,0.06620010563755092,0.9344670526136557,0.9663332211832775
16,29,25969,256,0.07249259471848334,0.9110052632319738,0.9630718588358382
16,30,141036,256,0.10184592499041183,0.9194967395106304,0.9477099107899992
16,32,3737,256,0.2662599761908519,0.8087629002052853,0.8565862617443429
16,33,11502,256,0.07989948340382137,0.9159078229997147,0.9592187011292986
16,34,901,256,0.026846960577210418,0.9253419832500555,0.9864851947306608
16,35,14882,256,0.1613869728320818,0.87049354313088,0.915758170680403
16,36,1151,256,0.06788169550133177,0.855835527824035,0.9654627411240002
16,37,29658,256,0.10951475139696588,0.9142295816493369,0.9436552594051676
16,39,30304,256,0.2674935984021622,0.8261739551249322,0.8558658782764025
16,40,31786,256,0.07638685040166586,0.9100165762650311,0.9610479434442041
16,41,469,256,0.26169089336398405,0.5165892544990488,0.8592491528282212
16,42,856,256,0.052820592479477235,0.74317104019818,0.973231425469052
16,43,46132,256,0.05332650846667679,0.9176319802383515,0.9729714751899581
16,44,9961,256,0.09322105111398711,0.9285490995312947,0.9522494152720772
16,45,25612,256,0.0759383111698753,0.9186855803293297,0.9612812745654233
16,46,2719,256,0.041058725364145995,0.9595170887960203,0.9792554695460496
16,48,3739,256,0.5371724677597223,0.6642616909721863,0.6803142893106668
16,49,350,256,0.02784942897752512,0.8873268003354816,0.9859769627240157
16,50,17031,256,0.21934083290032919,0.873607330593585,0.8835491877081155
16,51,28638,256,0.07907358247862374,0.9222428596898425,0.9596491116660174
16,52,13719,256,0.10790242332785759,0.9228589319653645,0.9445091723599842
16,53,2730,256,0.05403754982104753,0.9368254186247928,0.9726060097382456
16,54,12225,256,0.0715568653543255,0.9288716034339369,0.9635575409105958
16,55,22678,256,0.09094380652965572,0.9158931977257849,0.9534443840467803
16,56,145,145,0.023532146097769067,0.8884137979618332,0.9881638800837799
16,57,9407,256,0.08105175826414159,0.9218592678270802,0.9586178809806639
16,58,257,256,0.05890986464496954,0.5149794194197301,0.9700980029641493
16,60,21837,256,0.07343642795481645,0.9231095555399591,0.9625817222683919
16,62,3635,256,0.09401427485720443,0.9399122379622948,0.9518328241570553
16,63,6407,256,0.17106196522095754,0.9463686074203508,0.9104603422330061
16,65,12451,256,0.18717268067557502,0.8667360221802016,0.9015693646771861
16,68,488,256,0.10072591024616936,0.6253095411400635,0.9483006325811613
16,69,134,134,0.033099873449289656,0.6867506039737123,0.983310798552884
16,70,2397,256,0.07109660057528984,0.9164848618479202,0.9637963474846282
16,72,9387,256,0.13462191060886586,0.8676760104257158,0.9302570017963498
16,73,12981,256,0.1392326221828448,0.8932965593956959,0.9277754996857565
16,74,2409,256,0.10232074486939688,0.9071021779446677,0.9474593685908663
16,75,85678,256,0.08788785970661432,0.9425179231415309,0.9550456221005286
16,76,4419,256,0.5336679066070626,0.6309053216249316,0.68288512459486
16,77,27959,256,0.05952146246388197,0.9413387501555055,0.9697827269734793
16,78,57577,256,0.08483169129831916,0.9163577890284458,0.9566442958078415
16,79,25603,256,0.06382106681501133,0.9360184542491359,0.9675634000854872
16,80,92118,256,0.08244329869258737,0.8985280943505759,0.9578918004176739
16,81,13747,256,0.32260280637690786,0.8097487918190968,0.8230414288619329
16,82,10418,256,0.1262827850041374,0.8855802996793932,0.9347284177748436
16,83,37567,256,0.07148985870047778,0.9141847880220058,0.9635923107307998
16,84,1787,256,0.099760311219801,0.8045703683623397,0.9488096167199187
16,85,822,256,0.04762205720157165,0.9102242657591731,0.9758985309951175
16,89,10478,256,0.24902898472186213,0.8749720318431221,0.8665858383784828
16,90,20695,256,0.13845675867483176,0.88531057932146,0.9281935365672227
16,91,1950,256,0.10054484435672074,0.871961906649688,0.9483960963876218
16,92,157,157,0.022373861565519203,0.8762677174700865,0.9887497855547078
16,93,7734,256,0.1681639686227097,0.8617551878711123,0.9120504544033133
16,94,18318,256,0.06967003932605627,0.9354448517240382,0.964536137567662
16,97,5898,256,0.12821723506176744,0.9482822570117831,0.9336930785532431
16,98,942,256,0.040426830932200515,0.9376520388513822,0.9795780566487795
16,99,1727,256,0.2233931378003872,0.6554681745795272,0.8812530069166362
16,100,7761,256,0.11152526104047168,0.9497804374950621,0.942589379825345
16,101,28778,256,0.18070240810759042,0.8854549291499856,0.9051505907264324
16,102,60569,256,0.05770642604522353,0.8953345221606064,0.9707180713032886
16,103,9207,256,0.41865745544039007,0.734191745514508,0.7624582247963556
16,105,30768,256,0.20152993014502346,0.8422578604054198,0.8935715247561196
16,106,2610,256,0.16058972967951135,0.9198682872560491,0.9161933585878521
16,107,1258,256,0.06466582953387476,0.8859744890298095,0.9671267602884976
16,108,50338,256,0.07547675056666475,0.9222312324849173,0.9615213203217781
16,109,7245,256,0.06233723181385162,0.8651399843149535,0.9683298860337568
16,110,21645,256,0.07729794862704628,0.9194933707497968,0.9605738135994306
16,111,7967,256,0.07476844754051157,0.8975935606654897,0.9618895739426062
16,112,6575,256,0.22057187271693543,0.9035059055194262,0.8828522680964604
16,113,12341,256,0.1904143267104666,0.9250388454519827,0.8997697890513625
16,114,62519,256,0.07451938118787561,0.9021200231486305,0.9620190324583627
16,115,11585,256,0.5141742211577841,0.7282089080701641,0.6970120363682509
16,117,9030,256,0.07799857180512018,0.9301251441243954,0.9602090544224626
16,118,425,256,0.09452075806164777,0.6857494754753886,0.951566730155249
16,119,21673,256,0.12381358802877321,0.8831944789956613,0.9360482957471943
16,121,28691,256,0.08967911312116449,0.9082784462263869,0.9541073770173017
16,122,689,256,0.29206387944489876,0.5444338486724171,0.8413893988844293
16,123,31112,256,0.07390704461911027,0.9058345998673847,0.9623372357863379
16,124,29650,256,0.09578683485760577,0.9103284026606603,0.9509012383746244
16,126,1374,256,0.20801743166870154,0.7536287995883345,0.8899340247070557
16,127,85353,256,0.06846303351178576,0.9224644821801083,0.9651616271320644
17,0,23239,256,0.07849972830771186,0.9464226184131707,0.9599480567678066
17,1,100387,256,0.08185369725501375,0.9305913178759329,0.9581995109292147
17,2,34392,256,0.09551007257188386,0.9241745936727518,0.9510467535448066
17,3,1539,256,0.037309297194759616,0.9496543745402309,0.9811680298528078
17,5,23714,256,0.16907209469712833,0.8662757570394889,0.9115524698572604
17,6,53417,256,0.06784684740443031,0.9329109962588303,0.965480788309933
17,7,11806,256,0.21952710364437195,0.8696935768579297,0.8834437709077064
17,9,113212,256,0.08595935031935954,0.9154053909314009,0.9560547315298641
17,10,5425,256,0.1675380378489506,0.9526721022204769,0.9123935346938016
17,11,12372,256,0.09093626683467308,0.9248916171954585,0.9534483379634824
17,12,474,256,0.026484260707173853,0.9159336100370862,0.9866690120262348
17,13,2627,256,0.11685727508108203,0.9331324824932108,0.9397567370968499
17,14,32387,256,0.0688902289671986,0.9419490764976496,0.9649402940248694
17,15,30738,256,0.07018425598492031,0.9314914067614061,0.9642695390890867
17,16,283,256,0.24196156234177774,0.3025291374938715,0.870654028680866
17,17,54827,256,0.05870811880800571,0.9302481123650109,0.9702019795856913
17,18,33965,256,0.18773087228606425,0.8769638434468223,0.9012597448648951
17,19,28673,256,0.1221642071247338,0.9106330391434347,0.9369289155935291
17,20,26942,256,0.058853165555647416,0.9324331479458524,0.970127225906145
17,21,11355,256,0.3977377498348592,0.783194868825178,0.7760555715701942
17,22,5174,256,0.0963398526719669,0.930882628497827,0.9506104077528466
17,23,177,177,0.22932961731316226,0.11783213358650914,0.8778783416207725
17,24,73,73,0.020636337621777526,0.8327077443876254,0.9896280424372697
17,25,548,256,0.05877986550506517,0.8291503753971529,0.9701650037467517
17,26,3418,256,0.1306668034569714,0.9042670169228482,0.9323803926204308
17,27,508,256,0.033160079833467526,0.873753474528941,0.9832801839590446
17,29,138,138,0.02100706818800646,0.8878012116677148,0.9894407166738155
17,30,17127,256,0.09340101619528195,0.9079394878978873,0.952154915864387
17,33,246,246,0.05108786261579837,0.6555695296140548,0.9741212128807183
17,34,3605,256,0.16213115818665527,0.9207493311474815,0.9153517585132749
17,35,13993,256,0.07314096740764114,0.919832145823316,0.96273518300328
17,36,29358,256,0.10002499984369552,0.9461342128231547,0.948670121884475
17,37,6598,256,0.11799791733410465,0.9290077032375973,0.9391496593546181
17,38,1468,256,0.3049205723788414,0.6300722283464476,0.8337142361871714
17,39,5634,256,0.19134692735786832,0.8414291676966281,0.8992513956853955
17,40,1304,256,0.06515206972465204,0.8892471670573621,0.9668753437105261
17,41,1508,256,0.28153077201336035,0.6368588600864024,0.8476256414164449
17,42,17561,256,0.329971935174468,0.8005145428255915,0.8185524203284308
17,44,5192,256,0.22095459571526863,0.842755762878557,0.8826354877777867
17,45,43564,256,0.07614244307081165,0.9323551047879723,0.961175091712841
17,46,20233,256,0.08645900956529097,0.9214773939482229,0.9557933827112998
17,47,8328,256,0.09359514866889145,0.8996433770937021,0.9520529666626267
17,48,2444,256,0.11085260408127959,0.9157516678175381,0.9429461256714089
17,49,12128,256,0.04607385971716982,0.9383886729274048,0.9766914253144798
17,50,15161,256,0.14016249508935508,0.8839550468653106,0.9272742339300952
17,51,828,256,0.05594583915360248,0.8966252833955936,0.9716244958040104
17,52,10461,256,0.07736545111520371,0.9293874540836792,0.9605386764127701
17,53,33630,256,0.06735952143227543,0.9224744952870672,0.9657331300974015
17,54,6122,256,0.06671512307143956,0.910988518417251,0.9660667041817352
17,55,13695,256,0.4777490649699571,0.7203989685455962,0.7226693123621916
17,57,16362,256,0.12622249506998162,0.8772943743361229,0.9347606671924201
17,58,2857,256,0.2909457293307154,0.7957666572665024,0.8420536032042644
17,59,2641,256,0.29892144561433515,0.7882883745563536,0.8373043379713644
17,60,85,85,0.0174833876896107,0.9008463293050925,0.9912197598466191
17,61,21961,256,0.08107379424576731,0.8798280435008398,0.9586063872905463
17,62,31769,256,0.11734954648580674,0.9521696560667399,0.9394947863155991
17,63,12837,256,0.08022096773942015,0.9343790275414365,0.9590511103484423
17,64,31238,256,0.06934953330758789,0.9389998667904276,0.9647022684188175
17,65,36501,256,0.05564824463465925,0.9551788168412801,0.9717776264996745
17,66,48600,256,0.05937503456096935,0.9343677420589015,0.9698582192460043
17,68,49224,256,0.09994323505006072,0.9560117475096516,0.9487132153342965
17,69,28777,256,0.0966924668479408,0.9297799239756634,0.9504249224173676
17,70,209,209,0.03076675979988357,0.8312837784133946,0.9844964399123628
17,71,76,76,0.025373817803780088,0.7812583691517497,0.9872315747565107
17,72,17455,256,0.09222332480793781,0.9242479434657912,0.9527731499113848
17,73,17279,256,0.12502328171686025,0.9031599889856093,0.93540190200958
17,74,128,128,0.03709216297289384,0.8053178941977085,0.9812786744993015
17,75,4736,256,0.0654634958531973,0.8632462906051458,0.9667142825813647
17,76,202,202,0.035204536083732,0.772615869653467,0.9822400235768588
17,77,82768,256,0.07327011358596482,0.9186354946924401,0.9626681081317876
17,78,9408,256,0.2705135810744929,0.8126752745429858,0.8540997710604464
17,79,32879,256,0.09267198090599578,0.9441929880361118,0.9525376733200657
17,80,8842,256,0.25777099660747405,0.8720300138170938,0.8615271344493602
17,81,4535,256,0.13757130935072903,0.9145650299268959,0.9286703885928909
17,82,54143,256,0.09052299579039125,0.9222713220007568,0.9536650377410345
17,83,4927,256,0.35041631569629733,0.7907476061113871,0.8059675454406974
17,84,26011,256,0.05351043874329112,0.924702028127633,0.9728769507274334
17,85,45974,256,0.06665075848107356,0.9395363770463055,0.9661000163124553
17,86,414,256,0.0823091628357329,0.7434811761515164,0.9579618140428496
17,87,13756,256,0.1464889421575623,0.8527752641187195,0.9238566219075542
17,88,7319,256,0.22086170348741027,0.8827089089161028,0.8826881082877404
17,89,14221,256,0.17240786796148297,0.9341038270956522,0.9097209088717908
17,90,5226,256,0.09786329763295025,0.9122197439923848,0.9498087714730001
17,92,29691,256,0.13532646479246224,0.9019296250467271,0.9298782367641141
17,93,21214,256,0.14968028663666286,0.9135209768646722,0.9221278183437137
17,94,106,106,0.02357422676224535,0.8513544486874288,0.9881425875033192
17,95,1871,256,0.18317361284957176,0.48466349630956207,0.903784480476639
17,97,11784,256,0.08956187223602201,0.9357529749950426,0.9541688151286323
17,99,22350,256,0.19246313306375948,0.8722307316796963,0.8986305508584941
17,100,50609,256,0.06823855841870823,0.9519649808958212,0.9652779089885419
17,101,174,174,0.022792902174445833,0.8701722822370254,0.9885378585696929
17,102,12582,256,0.09994475239194428,0.9224955216067958,0.9487124156497878
17,103,84933,256,0.06961367085235555,0.9081858540260145,0.9645653576340197
17,104,1233,256,0.03560771567722405,0.9257897482407724,0.9820347673696568
17,105,8069,256,0.2466089242487909,0.8617565710827969,0.8679810342116981
17,106,66170,256,0.04811340617158186,0.9251505238135829,0.97564675668421
17,107,892,256,0.03234053729011689,0.915784384049308,0.9836968347564625
17,108,125,125,0.028131547160817772,0.8388538974433047,0.9858338870414134
17,109,2636,256,0.08507260068016115,0.8659343121918115,0.9565183737492128
17,110,141,141,0.033059313033334786,0.8019628770364742,0.9833314227495557
17,111,295,256,0.024181774950194867,0.9153332615093123,0.9878351203767788
17,112,97221,256,0.05619704798220388,0.9045473282105156,0.9714952146139455
17,113,735,256,0.04316071515045571,0.8801210257708605,0.9781816216069203
17,114,1681,256,0.07229473500814872,0.8970106407185718,0.963174576591311
17,115,2441,256,0.07108835268684878,0.9285631468623313,0.9638006263295077
17,116,1442,256,0.144197408716731,0.7448930270713178,0.9250959903076378
17,117,24035,256,0.053604871541161725,0.9268954948526464,0.9728284167615779
17,118,12404,256,0.05400141977443138,0.9498218175968415,0.9726245833956535
17,119,101,101,0.024512065473449238,0.7730213915462484,0.9876679272541712
17,120,15326,256,0.12314104138775775,0.9247317208125576,0.9364074746670075
17,121,83069,256,0.06903387298996617,0.9268491737699801,0.964865859593982
17,122,1767,256,0.031264810170042574,0.9202670520199308,0.984243460648816
17,123,10409,256,0.2059975020439193,0.8189729090327597,0.8910681780627567
17,124,1541,256,0.03455862290253108,0.945838975099263,0.9825687645643275
17,125,144,144,0.020335957062768407,0.9106858727539162,0.9897797951752862
17,126,14128,256,0.06437009106172803,0.9163257342730612,0.9672796436079237
17,127,177,177,0.03554660692198508,0.849156036986905,0.9820658802127354
18,0,17654,256,0.1864336831740605,0.8962338223293955,0.9019791110807054
18,1,11053,256,0.17708598103787254,0.8543490709824064,0.9071460846865446
18,3,23087,256,0.1489116496562483,0.9305342876300131,0.9225444977581037
18,4,27325,256,0.17779793728331078,0.8777908081658239,0.9067535843417931
18,6,25061,256,0.17611602338403232,0.8377014952981342,0.907680547668599
18,7,7757,256,0.10003981678910347,0.9372131329878802,0.9486623125279599
18,8,194,194,0.069445489656325,0.6695302217963653,0.9646525334770416
18,9,12487,256,0.09326797504023433,0.9381115013957453,0.9522247764891258
18,10,63310,256,0.052887531561082876,0.9144643746647473,0.9731970347462621
18,11,2377,256,0.49349511879205354,0.655485712010357,0.7116915632547195
18,12,1853,256,0.19498704111081855,0.720317580375171,0.8972251439238546
18,13,33389,256,0.152592633692208,0.8768851378209891,0.9205473188857768
18,14,32279,256,0.09487229119090076,0.926009593742342,0.9513819994140625
18,15,1461,256,0.08050423139945301,0.8746933184351398,0.9589034198502719
18,16,126,126,0.03182149382738109,0.8762055491483387,0.9839606222672831
18,17,10799,256,0.17260170760003418,0.8790497795601573,0.9096143646622814
18,18,5038,256,0.1572993780458239,0.8855114871158025,0.9179872667712642
18,19,736,256,0.04267874399272921,0.9122030589888436,0.9784279513624244
18,20,2586,256,0.19209233554534624,0.8853605618313062,0.8988368397293548
18,22,94969,256,0.11520134510648582,0.9838382052841449,0.9406373663072897
18,23,128564,256,0.07427944677190314,0.9330191316928396,0.9621437279471798
18,24,13099,256,0.3775629544584266,0.7562086267375012,0.7889467951272592
18,25,6618,256,0.22785694446668409,0.8850549746467773,0.8787167094879418
18,26,9309,256,0.40582182257347027,0.6899175344760956,0.7708295385015612
18,27,177,177,0.037201322284589215,0.8084620408204506,0.9812230519690265
18,28,11768,256,0.11530944396874668,0.9306451996996065,0.9405799041183335
18,29,1762,256,0.24954645275269063,0.839945322057144,0.8662872198337624
18,30,4318,256,0.06603526041430673,0.9047162311271537,0.9664185116116585
18,32,68,68,0.030754833139797683,0.8083183756717356,0.9845024971325377
18,33,21504,256,0.2147119816179351,0.8728245202735615,0.8861647806035089
18,34,26465,256,0.23107783715607372,0.8205840164322786,0.8768820689487989
18,35,2512,256,0.253434851556571,0.8847331364591292,0.8640400155336725
18,36,442,256,0.031771774040610504,0.9093864904960647,0.9839858870732798
18,37,1096,256,0.0560139405561073,0.8966996568662794,0.9715894500476489
18,38,15592,256,0.06701115230454797,0.9266737704273466,0.9659134783692854
18,39,29932,256,0.20239280701471402,0.873026366869754,0.8930885695076866
18,41,39208,256,0.1285119558561379,0.9079127923968356,0.9335352399046659
18,42,20578,256,0.05043187239073282,0.938299730401712,0.9744578634344675
18,43,960,256,0.04873095149945156,0.9248732187876787,0.975330225359877
18,44,5785,256,0.3770725112524878,0.771981434927816,0.789257555394633
18,46,3551,256,0.18359588320717746,0.8424323871196224,0.9035508379680817
18,47,187,187,0.04054330250979391,0.8170683675341105,0.9795186049739975
18,48,1771,256,0.0659061497501255,0.9230290923774767,0.9664853078292884
18,49,14272,256,0.2676687538213063,0.7673544027745407,0.8557635457173283
18,52,73583,256,0.08312978633662442,0.9264864222956926,0.9575334008082306
18,53,73,73,0.035170076161382485,0.7420542779345657,0.9822575649179891
18,54,125881,256,0.14806130565892162,0.9352054721398232,0.9230052515241061
18,55,9051,256,0.08707565605100118,0.8909147919557786,0.9554707446850472
18,56,45634,256,0.3892751586907976,0.7728582452542346,0.781488861922678
18,57,68,68,0.03148882937785851,0.8281067797148234,0.9841296513275787
18,58,45345,256,0.1896578132235065,0.8215004089273055,0.900190083691491
18,61,12587,256,0.16417232891351968,0.9494406980759955,0.9142361134228292
18,62,12846,256,0.2783860436959149,0.9522418016201359,0.8494786379327529
18,63,81148,256,0.1393144598322544,0.8677403827987618,0.9277313944066707
18,64,30065,256,0.11866244224834795,0.8999159428219684,0.9387958019461166
18,65,31098,256,0.12211962059402219,0.9774416631719725,0.9369527092687111
18,66,528,256,0.11346213914220561,0.8233501020985838,0.941561395161141
18,67,1171,256,0.1182524830191181,0.7740065729082313,0.9390141196919681
18,70,1493,256,0.19972712567614315,0.7013606446074477,0.8945797193788024
18,71,1006,256,0.2569432267169493,0.648394508903333,0.8620074090650559
18,72,4879,256,0.2139759777111175,0.9171359015918631,0.8865799582039301
18,74,745,256,0.062230566780084845,0.8804094761450848,0.968384961273106
18,75,27706,256,0.07369235251706495,0.9346905938811411,0.9624487765501784
18,76,122,122,0.03608119780968167,0.8093086585907733,0.981793665792522
18,77,40343,256,0.17890514924093248,0.8921816245074242,0.9061428423593421
18,78,4891,256,0.44583257921339675,0.7409118461350428,0.7444242209833069
18,79,12855,256,0.09337347953608026,0.9214964565092179,0.9521693759326225
18,81,2319,256,0.631946481778088,0.6163176189623929,0.6066741450085968
18,82,2454,256,0.15587148712885396,0.9119908026561101,0.9187646667515823
18,83,10656,256,0.16325878482412276,0.8723900657308901,0.9147355985069551
18,84,8790,256,0.1940731379325769,0.9296605609768239,0.8977342936901893
18,85,37530,256,0.06263141999302024,0.9306030058447354,0.9681779691807595
18,86,26926,256,0.07224914139666636,0.918985858989389,0.9631982447052806
18,87,50901,256,0.08302028359041096,0.8858366490481668,0.9575905786971742
18,88,6404,256,0.0774639796987682,0.90787210719575,0.9604873868517129
18,89,117268,256,0.16551460219093905,0.9372368814930314,0.9135017229371059
18,90,175,175,0.12787900475232414,0.17188274505483417,0.9338741859842127
18,92,6322,256,0.142579311340189,0.8538383060666125,0.9259701337839201
18,93,27810,256,0.11045047512210254,0.9508850659505557,0.943159331649694
18,94,1763,256,0.08584217383890222,0.8984800331591274,0.9561160108277121
18,95,5723,256,0.19502295595741342,0.8076547473718823,0.8972051293001988
18,96,31005,256,0.15095775404665393,0.9256518835085269,0.9214348842719957
18,97,51689,256,0.11791143210701399,0.9468199854907463,0.9391957026589218
18,98,3089,256,0.10911839957627469,0.9536129030192971,0.9438652448436299
18,99,11171,256,0.2556065728064288,0.8787375549176745,0.8627823753378202
18,100,39971,256,0.06747895813214434,0.9266229935291631,0.9656712907961258
18,101,13627,256,0.18924987973726143,0.8782634033530575,0.9004166370423964
18,103,24401,256,0.09660830835258535,0.906039733261585,0.9504691955278796
18,104,5144,256,0.2095774077583668,0.755749082116451,0.8890571366575003
18,105,23677,256,0.14933561774582463,0.9041551171529574,0.9223146872159065
18,107,13809,256,0.322501399383685,0.8115021014321289,0.8231030315922273
18,108,422,256,0.04521437588667256,0.914434906671155,0.9771313238829914
18,109,21448,256,0.17863561647168055,0.8532476004542209,0.9062915554766686
18,110,22824,256,0.0810960084481186,0.9132902606234429,0.9585948005032582
18,111,818,256,0.06305272934987188,0.8373484272998909,0.9679603662599663
18,112,552,256,0.05167069896057849,0.8629853544215255,0.973822006857219
18,114,3222,256,0.17476493724309541,0.8587472057638704,0.9084244948023499
18,115,32152,256,0.10547886203940787,0.8875467373334683,0.9457912761072562
18,116,8378,256,0.4789134717752076,0.9056059661232995,0.7218632337394615
18,117,230,230,0.1160548058639035,0.3282856283165542,0.9401835959726678
18,118,6191,256,0.14122911623236792,0.89106046912294,0.9266989175388262
18,119,36790,256,0.1648333534755797,0.958183889631308,0.9138745244968919
18,120,2030,256,0.05727974850315198,0.9598848961398503,0.9709378206130648
18,121,5035,256,0.4424292501838696,0.7910876534515087,0.7467066022315126
18,122,8737,256,0.40257060448851967,0.813321567799179,0.7729355700907291
18,123,5130,256,0.08121839010795812,0.9295172057572099,0.958530964493084
18,124,1263,256,0.08823191358929701,0.8472229641423519,0.9548654807933434
18,125,49227,256,0.09751782434228301,0.8983913160922826,0.9499906187208993
18,126,3136,256,0.1688614429078855,0.8858138205747055,0.911668008154347
18,127,70346,256,0.09819408556838527,0.9133637459993951,0.9496346215422091
19,1,75100,256,0.12688098988212002,0.91014930887244,0.9344083743834277
19,2,18714,256,0.08235304064051056,0.929680706271013,0.9579389121230484
19,3,11041,256,0.2359951796826089,0.8525073104263383,0.8740736927269869
19,4,41859,256,0.08850808393558363,0.9253877989325312,0.9547208576670022
19,5,103728,256,0.08222689506339163,0.9564316414449063,0.9580047520428113
19,7,10653,256,0.12412741546820276,0.9306762018646424,0.9358806465205899
19,8,15399,256,0.40141398350336344,0.7938376031424615,0.7736834084408406
19,9,1918,256,0.19814409009455378,0.78616684595227,0.8954640751618382
19,10,6156,256,0.24013179884097147,0.9063200709244921,0.8717041936110143
19,11,5701,256,0.21132956089420635,0.9152968353373596,0.8880711903365595
19,12,12017,256,0.18923382294082075,0.9235255457144884,0.9004255533130872
19,13,28117,256,0.23944112779165558,0.8997150429936809,0.8721002649972905
19,14,66,66,0.02718243077289957,0.7903464112528635,0.9863151470129111
19,15,4314,256,0.15321769234017238,0.9359279617899703,0.9202077524449724
19,16,529,256,0.04818127667482182,0.8257655252185236,0.9756119737504139
19,17,15836,256,0.12449193658878473,0.9335301039662168,0.9356858785998724
19,18,535,256,0.12257493352180038,0.614514223968329,0.9367097023508402
19,19,12338,256,0.11644856218602982,0.9432588715624382,0.9399741686950606
19,20,18766,256,0.08695321000580791,0.9549294775190612,0.9555348188288023
19,21,22548,256,0.13352505144159052,0.9275842139256225,0.9308463614143901
19,22,3989,256,0.2609903131299485,0.928617804038132,0.8596567261820567
19,24,6737,256,0.4381836323963827,0.7392149887109347,0.7495441065098286
19,25,8023,256,0.1048758939755346,0.9390668457264928,0.9461099862196073
19,26,27750,256,0.07402921300291378,0.9211298599219175,0.9622737588633945
19,27,14072,256,0.20507294017688255,0.9216093229449894,0.8915868212480025
19,28,456,256,0.11871952125403383,0.3874293397976168,0.9387654013362263
19,29,6002,256,0.23803717035203628,0.802025108148952,0.87290482278881
19,30,1353,256,0.12563714041850807,0.8452214071551675,0.9350737187952038
19,31,19623,256,0.1335314748869918,0.9176546376660503,0.9308429110827499
19,32,48117,256,0.1354208485737587,0.9087571270160145,0.9298274847659868
19,33,123606,256,0.101373040289028,0.8711977260924632,0.9479593660653245
19,34,5896,256,0.07868086224580484,0.9195062882141285,0.9598537064335352
19,36,6045,256,0.13858479797840179,0.9265629974635254,0.9281245616950335
19,37,81,81,0.034320964279012135,0.6860049321406567,0.9826896945226341
19,38,14828,256,0.23429483443338323,0.9399703826794672,0.8750458076961553
19,39,14944,256,0.1351078848196451,0.9170857859550333,0.9299957608399916
19,40,3734,256,0.17896858663049897,0.9395873830519297,0.9061078376051611
19,41,967,256,0.07503317570180992,0.8192476458555421,0.9617519557028154
19,43,10751,256,0.07911183994016763,0.9105107439128811,0.9596291784120742
19,44,15616,256,0.21280007160679956,0.8962263829515263,0.8872428801592045
19,45,25251,256,0.12000602253453313,0.9182842635175927,0.9380799419375019
19,46,13027,256,0.13680367129751977,0.9675263776173554,0.9290835961863066
19,47,45525,256,0.14485604155020695,0.945838199881978,0.9247399409832978
19,48,112499,256,0.07060255775143534,0.9346295352667494,0.9640526138383552
19,49,24566,256,0.23826194672028853,0.8597708754912694,0.8727760613580734
19,50,14890,256,0.07571132340546785,0.9088130136118239,0.9613993325328097
19,51,27857,256,0.08233812628839719,0.8904030876965648,0.9579466966964304
19,52,11496,256,0.2239509938908494,0.9029956233126911,0.8809364370425091
19,53,49061,256,0.08596333337062419,0.9349491450263766,0.9560526484610435
19,56,10126,256,0.370177658118769,0.8171495341954759,0.7936134713330104
19,58,40417,256,0.13294177158397166,0.9269592498682518,0.9311596148974827
19,59,15867,256,0.3610545703724676,0.7561796431963442,0.7993406217799346
19,60,8698,256,0.0884318524098441,0.9088841602853033,0.9547607802953345
19,61,43469,256,0.22815062885256246,0.9321703732057033,0.8785495837728441
19,62,10015,256,0.34359109679979116,0.8073676335501956,0.8101906585490904
19,63,1686,256,0.08598973907497583,0.8270526110857308,0.9560388386070015
19,64,3328,256,0.18268614519359944,0.9232639805973842,0.904054121613524
19,65,311,256,0.0917919442588309,0.7160643685480664,0.952999504586004
19,66,17331,256,0.08682053663276566,0.9287651569288595,0.9556042399274055
19,67,3070,256,0.17400460269173124,0.8023913176977094,0.9088428892323848
19,68,2074,256,0.4486638818613719,0.6562250867435196,0.742520112952254
19,69,637,256,0.08931758712847092,0.8162458149242963,0.9542968159181551
19,70,899,256,0.07240136467533556,0.8503878302984409,0.9631192217605589
19,71,77,77,0.04313676348574833,0.75840157658953,0.978193864484056
19,72,19868,256,0.09566701310202205,0.9013530200318831,0.9509642405989711
19,73,62569,256,0.07214645399350032,0.9335692564097231,0.9632515486655081
19,74,37442,256,0.19805646313295147,0.9533269682318525,0.8955130020647655
19,75,14488,256,0.35448970052536805,0.8030732442254416,0.8034365559735455
19,76,4590,256,0.18073824806103286,0.8816269850314993,0.9051307927249891
19,79,1846,256,0.10293854432616176,0.7757773454533258,0.947133282951158
19,81,3411,256,0.4880963907774356,0.6966354383398924,0.7154743945261524
19,82,66918,256,0.18192503353592035,0.8675611092838309,0.9044749672954358
19,83,10427,256,0.14034549979003258,0.9244709521144177,0.9271755498339931
19,84,890,256,0.05867582904656255,0.8395683716632919,0.9702186201848723
19,85,108,108,0.028350812184684177,0.8181678564609491,0.9857226728727081
19,86,10442,256,0.13824778261883344,0.9320565809831286,0.9283061011224512
19,87,21835,256,0.08325905610576236,0.9111612818565974,0.9574658969875834
19,88,39049,256,0.10024753909436265,0.9155842677131989,0.9485528245204046
19,89,49877,256,0.08592037804146883,0.9281369528890386,0.9560751131362698
19,91,14943,256,0.1670517219317137,0.9271054293108082,0.9126600013522486
19,92,459,256,0.17961142547811326,0.5825297368640437,0.9057530427891958
19,93,10451,256,0.10400166183615996,0.9343245235029917,0.9465718874780933
19,94,10177,256,0.17012063440777622,0.8695229934026518,0.9109771487760951
19,95,24189,256,0.05884371435476363,0.9161833806219605,0.9701320970080499
19,96,451,256,0.03644694670916233,0.88832330692043,0.9816073824553468
19,98,2344,256,0.15694412851486633,0.9086591727151521,0.9181807400970322
19,99,9898,256,0.13298221010392963,0.8729761692098685,0.9311379005797532
19,100,155637,256,0.09652407858298825,0.8921071987474914,0.9505135040687279
19,101,4965,256,0.38250794846355785,0.7781306777689203,0.7858066247725595
19,103,2124,256,0.10680893041650102,0.9272312562191157,0.9450878634198511
19,104,67,67,0.022404282744424894,0.9016288198987581,0.9887344017761166
19,106,81446,256,0.08995437757582149,0.8800016572293633,0.9539631137649812
19,108,90169,256,0.11751961702047146,0.9364453893196925,0.9394042702582996
19,109,482,256,0.09339919381534983,0.6729040109854825,0.9521558728404979
19,110,19504,256,0.10153188951292695,0.9204923885959645,0.9478755775348752
19,111,3124,256,0.17551481787668904,0.839979533892972,0.9080116640899009
19,112,16457,256,0.2754056328239886,0.8128656547112053,0.8512310891737985
19,113,2869,256,0.17920800512548302,0.898729617672494,0.9059757142851662
19,114,4774,256,0.31069903068139865,0.9290408942254462,0.8302415126447252
19,115,5842,256,0.1700257673883493,0.8662738878686671,0.9110292161131007
19,116,25637,256,0.10077524043320439,0.9118052477487615,0.9482746224416193
19,118,207,207,0.12092646837636817,0.2576325858532352,0.9375892126211947
19,119,587,256,0.041217946164541844,0.8258772684317409,0.9791741693056747
19,123,22563,256,0.20690684152917416,0.8331112124043387,0.8905577794117717
19,124,8088,256,0.10344774605400853,0.9208635692219523,0.9468644327177949
19,125,6715,256,0.15412201652697707,0.9249612220133012,0.9197162516086268
19,126,811,256,0.15877862070385979,0.6326277902317134,0.9171812139899836
19,127,7986,256,0.3269687200497966,0.8797332726269269,0.8203848364945584
20,2,15706,256,0.09356546293952892,0.897196215952419,0.9520685569119858
20,3,5978,256,0.14601034574495722,0.9359964869015209,0.9241156065422999
20,4,16926,256,0.06654690464173607,0.9199893350764177,0.9661537638276135
20,5,21888,256,0.09313671217583482,0.9205259309540803,0.9522936983011938
20,6,5163,256,0.0765050734714469,0.9340389888528919,0.9609864341022474
20,8,28763,256,0.08640031054798739,0.9627848723149751,0.9558240891775079
20,9,4427,256,0.42673273587095784,0.7318517824204258,0.7571441501649749
20,10,822,256,0.032637828210458346,0.9359784405682281,0.9835457141330756
20,11,3435,256,0.08894397566291237,0.959302384837847,0.9544925480783428
20,13,5083,256,0.17355673213610784,0.8606294502116094,0.9090892518690847
20,14,16103,256,0.07390639776525346,0.9310618405795951,0.9623375718710907
20,15,14028,256,0.091636202987477,0.9177420546738206,0.9530812121810622
20,16,9346,256,0.4022439828357564,0.786702626363948,0.7731468276881459
20,17,56680,256,0.09274151220456395,0.9363292451096864,0.9525011746950426
20,18,6160,256,0.11884569517344098,0.881394591995546,0.9386981968804239
20,19,4540,256,0.18743846944434622,0.9125803261184882,0.9014219492311321
20,20,2089,256,0.11669037370208568,0.9385187282641052,0.9398455332116625
20,21,46355,256,0.1027004967008173,0.9357682536194353,0.9472589420529017
20,22,29411,256,0.16001886327030612,0.8898732566380168,0.9165048481757715
20,23,17913,256,0.07606361238855186,0.9547274121686299,0.9612160982897905
20,24,11278,256,0.0599572261401732,0.9203319880140564,0.9695580301662334
20,25,12173,256,0.10697001218684707,0.9021680102339917,0.9450026390508933
20,26,426,256,0.0610397657797544,0.7342868437638377,0.9689996048607272
20,27,15853,256,0.06289479595262294,0.9289746521345648,0.9680419433306477
20,28,21035,256,0.08683463427923271,0.9155550423076774,0.9555968635992729
20,30,11208,256,0.14710130299005378,0.8897104318312057,0.9235251469288458
20,32,72643,256,0.08764425175453378,0.910396377434749,0.9551731509236775
20,33,18595,256,0.06470373754743186,0.9281453735739565,0.9671071618246698
20,35,54856,256,0.08084132383195926,0.9321013232478027,0.958727633985816
20,36,21608,256,0.12671669299210536,0.896503528000912,0.9344962851760806
20,37,10410,256,0.08866647473984324,0.9407567598374943,0.9546379026940827
20,38,5656,256,0.2583775006160064,0.8357012376443299,0.8611750689517165
20,39,19464,256,0.07273941388270488,0.9213388719310798,0.9629437086960458
20,40,4194,256,0.1551222815266415,0.9378763163591131,0.9191723007539764
20,41,1199,256,0.26775613292494377,0.6535812215237186,0.8557124908957775
20,42,74,74,0.024664043695892313,0.9031451707132938,0.9875909863420725
20,43,344,256,0.04250223843217811,0.8885839499293962,0.9785181457529655
20,44,150679,256,0.07223286134864391,0.9297467501176039,0.9632066957052137
20,45,25426,256,0.12121363478418551,0.8908681934191489,0.9374360592679453
20,46,1852,256,0.06655345634426295,0.9012005376696519,0.966150373210991
20,47,48403,256,0.08211428440542987,0.9342050325458381,0.9580635237783401
20,48,8865,256,0.13234531975893712,0.9231174281308975,0.9314798335128157
20,50,3856,256,0.12170946528447919,0.9057520323585969,0.9371715609831109
20,51,7065,256,0.07193899690386876,0.9191479013124496,0.9633592284792476
20,53,27565,256,0.4436194164703475,0.7647688531967676,0.7459092327687414
20,54,10120,256,0.1325416776146038,0.9377644512827334,0.9313744265253348
20,55,46483,256,0.08423544712901491,0.9406570210900213,0.9569558782258382
20,56,60940,256,0.07087857064045042,0.9258472198984571,0.9639094508093328
20,57,10071,256,0.42782755732458816,0.7528400491026804,0.7564208105779558
20,59,1065,256,0.04971411909806877,0.919135858559111,0.9748260772578518
20,61,60877,256,0.06726890025570086,0.9184839084500882,0.9657800472904269
20,62,9597,256,0.15934387392716615,0.9518346492212346,0.9168730152386609
20,64,21291,256,0.06707234603773467,0.9171763407034185,0.9658818012377421
20,65,16181,256,0.29750342020502973,0.8413072928426282,0.8381506903862636
20,66,9150,256,0.11923443791032157,0.9032369260360383,0.9384911092225
20,67,6265,256,0.2031854755272111,0.8101794742558728,0.8926446798546378
20,68,7214,256,0.11564786748948352,0.9370039538807747,0.9403999853841537
20,69,2074,256,0.11118818178245014,0.9496690599518107,0.942768167800308
20,70,39426,256,0.05809556542775736,0.9550268046381737,0.9705176116754619
20,72,23628,256,0.33363086591079044,0.7521166702584519,0.8163143598450351
20,74,9263,256,0.12130815072075922,0.9542733925664006,0.9373856459746122
20,75,342,256,0.03404868476932564,0.8979609750167713,0.9828282226465997
20,76,22654,256,0.2347320570841176,0.9368289032095852,0.8747959435867786
20,77,10844,256,0.28324245120898195,0.7983886896118908,0.8466153487806715
20,78,8912,256,0.12956952577136097,0.9394576137591447,0.9329686351794679
20,79,9559,256,0.09735301605657891,0.9160770382090863,0.950077356820707
20,80,36988,256,0.059659983087036544,0.9212331476565923,0.9697113059632559
20,82,6316,256,0.10931352370046932,0.9241116598279712,0.943761874785971
20,83,2816,256,0.10612851353199966,0.9121737629505546,0.9454477703543439
20,84,25659,256,0.0942163972082844,0.910866254913039,0.951726642892651
20,85,1517,256,0.06067213500544324,0.9128935824377684,0.9691892823357865
20,86,47459,256,0.10057128802048808,0.9178307056260966,0.9483821550300869
20,87,13852,256,0.1331716161914922,0.8788807636729868,0.9310361882378728
20,88,480,256,0.05662553125100701,0.8617564376462932,0.9712746618485386
20,89,586,256,0.14623326827746896,0.6207297571351884,0.9239949846847282
20,90,100233,256,0.19093604168248005,0.8531998915574498,0.8994798265205952
20,91,19137,256,0.08555265708331422,0.935305346298856,0.9562674013667337
20,92,6722,256,0.20279537746151255,0.8477333188854432,0.8928631600298489
20,93,156,156,0.0450235015279319,0.7957885298458698,0.97722898978288
20,94,23031,256,0.0929185883378756,0.8978900504215751,0.95240821692283
20,95,61673,256,0.06772852746451444,0.9418758040104421,0.965542061505083
20,96,145,145,0.023647716540293857,0.8576693878935576,0.9881054009870132
20,98,2949,256,0.16622206725790312,0.8849521698847387,0.9131144138289007
20,99,26110,256,0.06478268275454105,0.9216319446233524,0.9670663458343791
20,100,65537,256,0.06722736719498566,0.9452028063281234,0.9658015493904606
20,101,15877,256,0.17797124094648886,0.8738902234848194,0.9066580165936389
20,102,11455,256,0.3593892795049062,0.7686942688611447,0.8003816092934006
20,103,24978,256,0.07535739666797277,0.9345309454468559,0.9615833834525361
20,104,41379,256,0.06939244766369337,0.9216619216870632,0.9646800258823164
20,105,44608,256,0.07720605153798132,0.9364840923092058,0.9606216468839429
20,106,13435,256,0.06261297186224214,0.9375578450540646,0.9681874963754479
20,107,307,256,0.040831004873444154,0.9022246653482496,0.9793717349028181
20,108,69751,256,0.07607413793110748,0.9628110990329637,0.9612106231564924
20,109,3358,256,0.13999969269345772,0.8916596178145114,0.927362015238139
20,110,11614,256,0.09112746835387653,0.9450659040190709,0.9533480642693536
20,111,659,256,0.14346307156745636,0.8313887871744567,0.9254928030149904
20,113,2520,256,0.11069227632759575,0.9668232586499068,0.943031136109728
20,114,11075,256,0.32690407952887623,0.8256282072888042,0.8204242320111734
20,115,487,256,0.03406053170921382,0.9297032991424653,0.9828221956644987
20,116,4388,256,0.29275572853910964,0.8338313342829681,0.8409781634863598
20,117,980,256,0.058216101813617666,0.9029372000819536,0.9704555106682543
20,118,1038,256,0.03934252838376373,0.8267993830519322,0.980131354266476
20,119,137,137,0.1120546432606668,0.03983295241500333,0.9423085252396548
20,121,23551,256,0.13314454136771947,0.8793298130458584,0.9310507282808389
20,122,67179,256,0.06481253517199508,0.9100833800798731,0.9670509111872058
20,123,13108,256,0.10561273892770032,0.9453334059305376,0.9457204983885565
20,124,8347,256,0.3305361409190846,0.8281278921954399,0.8182077114528532
20,125,3766,256,0.14223985068346906,0.9096805968649574,0.9261534156480399
20,126,246,246,0.36761983749220156,0.18944629313277594,0.7952233412745117
20,127,29731,256,0.24646907577861998,0.8436635993145765,0.8680615901083172
21,0,19533,256,0.4220956787304433,0.774436560540282,0.760200184997055
21,1,41804,256,0.05490419700064503,0.9244665796133656,0.9721603792581526
21,2,19986,256,0.2591378792295311,0.8170930058878623,0.860733478360444
21,4,82,82,0.019425100641200472,0.8548904929263869,0.9902398191139354
21,5,34333,256,0.07052899468347837,0.93591450306149,0.9640907661193118
21,6,5375,256,0.15054398034091704,0.8622528667897327,0.9216593837525244
21,7,53052,256,0.07563385702073264,0.9210635220332136,0.9614396200382359
21,8,1941,256,0.07162960165278573,0.864379381468122,0.963519796551796
21,9,27392,256,0.10398722891586414,0.9099038543118125,0.9465795112319598
21,10,809,256,0.11134292416152473,0.7300576260624714,0.9426860961308782
21,11,950,256,0.03586131464264578,0.9218940383963903,0.9819056397421059
21,12,401,256,0.24825871777964084,0.43866103111133237,0.8670301506985552
21,13,5272,256,0.35848417176999897,0.7830715749346252,0.8009468323365797
21,14,1858,256,0.05000005503914336,0.9518792704057643,0.9746794062464111
21,15,2157,256,0.12902256312162325,0.8450952119297361,0.9332617193897844
21,17,86729,256,0.07090802049866152,0.9499205607996651,0.963894174430647
21,19,510,256,0.0515263923718629,0.7283157519298648,0.9738960969364941
21,20,78,78,0.01948232370869914,0.8929943431200185,0.9902109251524651
21,21,2975,256,0.12898256281079987,0.9552549090725705,0.9332831495260161
21,22,23366,256,0.05628417660926982,0.9266242274143751,0.9714503710384438
21,23,6910,256,0.09946041682641879,0.9222431875671266,0.9489676407410219
21,24,28415,256,0.06727170292087657,0.9311243271976195,0.9657785963041029
21,25,11009,256,0.08612173008464317,0.934769856364756,0.9559698059642662
21,26,1602,256,0.046239296524705105,0.8628436927670398,0.9766067291777663
21,28,12451,256,0.0805827789030756,0.9264786728880765,0.9588624620334891
21,31,278,256,0.038715730434397515,0.8220560789684512,0.9804510541406962
21,32,18697,256,0.08791516279936495,0.9245067662607268,0.9550313278634555
21,33,19571,256,0.07977021758029901,0.8961846497912783,0.9592860795506735
21,34,2728,256,0.09826453625312065,0.9658639889198585,0.9495975272434524
21,35,55773,256,0.06900428608001505,0.9350579033703087,0.9648811916085757
21,37,27502,256,0.05866180666613648,0.9315988293001054,0.9702258465604096
21,38,1664,256,0.036206404303382435,0.8653185673861307,0.9817298995633257
21,39,1521,256,0.048644631933118646,0.8378724707147744,0.9753744758126908
21,40,6079,256,0.07514794070787674,0.9429365751655124,0.9616922892963857
21,41,9776,256,0.07993370506856234,0.9132513670166372,0.9592008626619545
21,43,25528,256,0.05908003445821589,0.9265819072197012,0.9700102914617886
21,44,1726,256,0.0433209306298973,0.8861959567366278,0.9780997236325664
21,45,15494,256,0.06388533523765608,0.9186884825623598,0.9675301880367061
21,46,27586,256,0.08524169989439297,0.9006355002692797,0.9564299765825028
21,47,6449,256,0.1439280927872597,0.9226210401805455,0.9252415399303796
21,48,36160,256,0.05840009428581918,0.9317807733934299,0.970360709073786
21,49,25317,256,0.09087126860093792,0.9187739505708985,0.9534824232250232
21,50,4333,256,0.2571137367492861,0.8995931539704135,0.8619085005096039
21,51,6905,256,0.06312154814415179,0.9360035970087981,0.9679248172538237
21,52,32816,256,0.05353404974928236,0.9441783165362784,0.9728648160205599
21,53,1933,256,0.05354743469181208,0.9363480276460519,0.9728579368582999
21,55,9467,256,0.47140091105001913,0.7385063492103562,0.7270482026316968
21,56,3875,256,0.11188101025516402,0.9397458514105601,0.9424006524535283
21,57,1128,256,0.06329089980130467,0.8557285021937331,0.9678373314760572
21,58,3374,256,0.09718362601796841,0.9566462724273477,0.950166498031809
21,59,184,184,0.03713089538778335,0.8255316886809312,0.9812589386151938
21,60,18353,256,0.10187239590060551,0.9409912712475694,0.9476959449630428
21,62,19776,256,0.07656370598341893,0.9308454568438667,0.9609559271977988
21,63,2056,256,0.08176251686618748,0.9294088242857613,0.9582470887687645
21,64,108,108,0.02192651392247312,0.836592954406009,0.9889759785139004
21,65,27305,256,0.09749587421670593,0.9034930769064308,0.95000217146241
21,66,25168,256,0.0617604281591115,0.933719604914379,0.9686276745173495
21,67,2808,256,0.06684188073834302,0.9471469255338596,0.9660010969257007
21,68,6662,256,0.14443032431019465,0.9327969603085131,0.9249700944840354
21,69,2129,256,0.7649752458545264,0.6818175067124675,0.48479351702087936
21,70,8353,256,0.14237989160584652,0.8885961997782617,0.9260778090388266
21,71,104176,256,0.06028144686480505,0.9372421105566717,0.9693908154790796
21,73,4261,256,0.0719277602805679,0.9464954699450887,0.9633650604622487
21,74,88,88,0.025697941058227976,0.7526844499967081,0.9870674034440465
21,76,122837,256,0.06718716004990696,0.9370491589043177,0.9658223645940763
21,77,342,256,0.02780160692642256,0.8868246328520301,0.9860012135254081
21,78,485,256,0.07738834287117616,0.7429077639378555,0.9605267602356656
21,79,13776,256,0.10874069225423438,0.9045086131077342,0.9440653090468718
21,80,122669,256,0.08221690984809846,0.8799851849467987,0.9580099634930221
21,81,34552,256,0.0968476539065396,0.9582171675888711,0.9503432780282398
21,82,30171,256,0.17144020493303663,0.8940722888306474,0.9102525995936311
21,83,7954,256,0.10942300211534965,0.8901801570637025,0.9437038719241595
21,84,8183,256,0.2894633967596736,0.8466684628132303,0.8429333326190905
21,85,8377,256,0.22528281165409544,0.8410280569640248,0.8801802022006088
21,86,32628,256,0.06692611314372905,0.9376427959632685,0.9659574974377862
21,87,3262,256,0.29922925327331146,0.8287915063937012,0.8371205090825864
21,88,180,180,0.03952949986530138,0.8331421068615338,0.9800359687964001
21,89,48193,256,0.05456302150281251,0.9274363263331967,0.9723358362711865
21,90,2629,256,0.33422948978834277,0.7787279433812568,0.8159476148697643
21,91,5283,256,0.1609585725625333,0.858431812989427,0.9159920455099305
21,92,11838,256,0.10796474335361825,0.9470341095956973,0.9444761810900165
21,94,32975,256,0.08787520233099558,0.9197294717802099,0.9550522486592052
21,95,128,128,0.028280260132516194,0.9030527237320289,0.985758459191441
21,96,53000,256,0.09105066742237762,0.9184897228672751,0.9533883430048966
21,97,98951,256,0.05689662177448621,0.9337669925418172,0.9711350978239401
21,98,11767,256,0.10057171873154044,0.9119124240530455,0.9483819279533218
21,99,108432,256,0.07391214317980173,0.9343177609321501,0.9623345867317656
21,100,19719,256,0.13736930139237713,0.8832815953939198,0.9287791441497935
21,102,52142,256,0.06253420522503614,0.9140589012290427,0.9682281728884797
21,103,30222,256,0.07052289579882338,0.9337915915516608,0.9640939291382228
21,104,5798,256,0.09415528207742692,0.9105785097506743,0.9517587498534348
21,105,26857,256,0.06402822972543507,0.9262334822389685,0.9674563402420623
21,106,3875,256,0.14672871182502364,0.9074841965099757,0.923726847165858
21,107,1924,256,0.0567356009455161,0.9400097674952042,0.971217997699015
21,108,7169,256,0.1380225557224088,0.8564171028527996,0.9284274038812034
21,109,79,79,0.021257879408819902,0.8622127674760671,0.9893139646195136
21,110,25185,256,0.10508899446382632,0.9238692426007279,0.9459973602162818
21,111,85718,256,0.07500724586562656,0.9306208389939586,0.9617654361300231
21,112,4576,256,0.08195056192830347,0.9532578650690163,0.9581489644474374
21,113,15889,256,0.06085779330956166,0.9431865054641749,0.9690934973935376
21,114,4563,256,0.22318077801081718,0.8657525992954749,0.8813734860938255
21,115,308,256,0.019945583257745682,0.9475018594342088,0.989976977884968
21,116,8552,256,0.11006459028557085,0.9233436735848171,0.9433638798016538
21,117,5875,256,0.08224379664070576,0.9342699530328835,0.9579959307634319
21,118,2429,256,0.08214453607695078,0.9167310604309862,0.9580477357225209
21,122,15930,256,0.2428321576836605,0.8204393657599258,0.8701539187502056
21,123,108,108,0.01919986844524011,0.9390281602670356,0.9903535386692773
21,124,6684,256,0.0829563415057774,0.9618046408689652,0.9576239650793116
21,125,18796,256,0.20936024179626941,0.8544269070879739,0.8891792610063117
21,127,39811,256,0.05784731948451993,0.9323095969237805,0.970645496829548
22,1,1175,256,0.02889576567976274,0.9536820620469061,0.9854462107696378
22,2,21774,256,0.059130346688550016,0.9241012247515706,0.9699843572509044
22,3,14408,256,0.06965301064542774,0.9306044500194787,0.9645449649210618
22,4,19450,256,0.12025836456147272,0.8681767631126243,0.9379454330815451
22,5,9284,256,0.25205291899643945,0.7999584570289549,0.8648393382609053
22,6,8307,256,0.20617391888224243,0.8470225302408041,0.8909691807900864
22,7,1699,256,0.06609638556166736,0.8558283642617023,0.9663868865202655
22,8,869,256,0.0497670899814015,0.9287018073369003,0.9747989074771259
22,9,22254,256,0.09536232308454633,0.8930287924056358,0.9511244276725594
22,10,12561,256,0.06196735906774137,0.9417491141986006,0.9685208520895452
22,12,6736,256,0.17749776448061458,0.9127999170504651,0.9069190898417484
22,13,25157,256,0.0669564650192921,0.9156192853015075,0.9659417865382509
22,14,29246,256,0.05067205965519338,0.9390372735071566,0.9743346141571727
22,15,5586,256,0.08516564555131365,0.9374449309555231,0.9564697352497288
22,16,25312,256,0.3198809479821152,0.7778425423702325,0.8246933078532194
22,18,161285,256,0.05455820774558077,0.9258157700897555,0.9723383116253412
22,19,14531,256,0.12241530105054804,0.9025897020586487,0.9367949076235694
22,20,2321,256,0.09300551968943015,0.8985605455121655,0.9523625781762793
22,21,593,256,0.05311673731520801,0.8852604947203968,0.9730792684487692
22,22,1327,256,0.022508062274906523,0.9264625622499341,0.9886819193881788
22,23,9049,256,0.09963178626032924,0.8844895038994494,0.9488773438857473
22,24,159,159,0.02982448950958519,0.8002354432407218,0.98497487810117
22,25,89970,256,0.05577954026479768,0.9136859660439767,0.9717100697920148
22,26,12471,256,0.22435120362642313,0.8492756060611852,0.8807092575723142
22,27,17374,256,0.08917104486769761,0.9062072526749245,0.9543735930610728
22,28,300,256,0.1558291047677062,0.3261723633517561,0.9187877313244305
22,29,925,256,0.026322817198840234,0.92696969687005,0.9867508210288755
22,30,71704,256,0.055045335488258997,0.9105332120287668,0.9720877864224717
22,31,3562,256,0.1629969004258195,0.8802411794946173,0.914878734901069
22,32,5892,256,0.13666476323664276,0.8758034019659083,0.9291583485947684
22,33,7721,256,0.06876591485734632,0.9389461746407687,0.9650047073163186
22,34,1453,256,0.0356574057774918,0.913301123214128,0.9820094674810973
22,35,37043,256,0.06853008717705895,0.9284073740641343,0.965126889493263
22,36,5465,256,0.15947675014255677,0.8754252364062293,0.9168005507510579
22,37,355,256,0.038360323534487796,0.8828509869649118,0.980632284021647
22,38,279,256,0.019558788790195018,0.9244443016421791,0.9901723138978412
22,39,23405,256,0.058579234075991055,0.9287272265548854,0.9702683989103267
22,40,52398,256,0.05757279847703904,0.9323032351457481,0.9707868981001757
22,41,12752,256,0.05793056676553196,0.9343292243033503,0.9706026134492262
22,42,415,256,0.02138503625677395,0.9297110781876594,0.9892496973682762
22,43,14094,256,0.141667712802408,0.8870938050152856,0.926462242726379
22,45,9254,256,0.07033742571120423,0.9444585112589609,0.9641901131461553
22,46,166,166,0.026287642757744683,0.8450801515378495,0.9867686442334167
22,47,721,256,0.15113253694046444,0.7338561318227644,0.9213400366094678
22,48,4182,256,0.25719165564697094,0.8789064375264292,0.8618632979498716
22,50,59012,256,0.10471010771639268,0.9123488353704268,0.9461975968494146
22,51,6926,256,0.1559125167619044,0.8463635530152523,0.9187423377846998
22,52,57786,256,0.053639772221834116,0.9306945814197193,0.9728104788591485
22,54,1033,256,0.03797666643412838,0.8296163033529625,0.9808278817233285
22,55,20335,256,0.17750543830608245,0.8747780695247005,0.9069148591206991
22,56,16294,256,0.18033887363074988,0.8704219680145091,0.9053513828173292
22,57,14776,256,0.45179191819514286,0.7354253084264954,0.7404107520862032
22,58,5431,256,0.2166931208395126,0.8902912513757063,0.885046258203766
22,59,537,256,0.033948583482454775,0.8635838406352573,0.9828791464455563
22,60,487,256,0.041831572433651446,0.8365194210068881,0.9788607804822648
22,61,26561,256,0.0743949497216442,0.9280343139228175,0.9620837023244682
22,62,13734,256,0.050590277389374314,0.93989557120142,0.97437658151796
22,63,10666,256,0.2160604761235597,0.8520232739455845,0.8854035937788147
22,64,34171,256,0.05838915088033907,0.9540949542374153,0.9703663478911772
22,65,866,256,0.042162558771010133,0.9082315050945278,0.9786916987637067
22,66,7096,256,0.11760533064564731,0.9164117252517484,0.9393586478839446
22,67,772,256,0.020806357799231,0.9552741476253059,0.9895421376580024
22,68,15906,256,0.323513387923542,0.8048057149999944,0.8224880619659218
22,69,16906,256,0.14749965120886413,0.8785008964998333,0.9233094545119398
22,70,16425,256,0.0735617437097101,0.9150079525212002,0.9625166265007009
22,71,21536,256,0.15107047006299398,0.8625128503686037,0.9213737189311436
22,72,334,256,0.06703176054604613,0.5255062467538822,0.9659028105632336
22,73,28185,256,0.0753633532739374,0.9205728933382967,0.961580286157148
22,74,13020,256,0.06045481237700256,0.9265364076725393,0.9693013915305174
22,75,9404,256,0.09310355587048358,0.9300920518781851,0.9523111067973093
22,76,59089,256,0.0475483533583723,0.9470233401364668,0.975936292306843
22,77,111,111,0.018917657648827222,0.9068192528619262,0.990496008245956
22,78,16116,256,0.23198673624136507,0.8409065419412314,0.8763636595378855
22,80,11967,256,0.0634822841457563,0.9324758246524879,0.9677384542603666
22,81,749,256,0.05158832486444999,0.8201067980312708,0.9738643001648382
22,82,41059,256,0.06094735579320721,0.9389430783946995,0.9690472868786089
22,83,18241,256,0.07836566933679114,0.914030554007748,0.9600178803872399
22,84,1688,256,0.023294528543800815,0.9558489255947693,0.9882841046258911
22,85,77528,256,0.0518303648043672,0.9350281446750361,0.9737400244396
22,86,4029,256,0.06943584299971625,0.9315430385815874,0.9646575335321255
22,87,3328,256,0.12778130210565025,0.9007931921820788,0.9339264949097171
22,88,24997,256,0.0897689583554963,0.9032941514928012,0.9540602924577166
22,90,9976,256,0.1145187554006547,0.9134218361102566,0.9410001299677622
22,91,85592,256,0.05024043236046517,0.9462827342765551,0.9745560874775422
22,92,7401,256,0.10427446192679009,0.9229940684819722,0.9464277775262145
22,94,84037,256,0.06146598635359927,0.9210675962614822,0.9687796517507997
22,95,32267,256,0.06652646495148067,0.9403963730941279,0.9661643416357899
22,96,12995,256,0.05504237832086518,0.9326429961443733,0.9720893074605516
22,97,9271,256,0.08668250272783462,0.9024665361686682,0.9556764605619233
22,98,20855,256,0.28550294067937637,0.8223423576364486,0.8452792788898966
22,99,29726,256,0.09223825168595448,0.9198818500170541,0.95276531649407
22,100,1581,256,0.05595180662450175,0.9112736439076806,0.9716214249261377
22,101,3256,256,0.06561321072465547,0.9092689618686648,0.9666368445674646
22,102,283,256,0.019000187732468008,0.9465971674266983,0.9904543463822711
22,103,31168,256,0.08286211901241164,0.9315255471466471,0.9576731597928326
22,105,27175,256,0.11581321222132133,0.8951494126750087,0.940312069357125
22,107,47642,256,0.056813398173784065,0.9325999007886029,0.9711779455003167
22,108,28884,256,0.048993956008830906,0.9264628545768006,0.975195387597362
22,109,13829,256,0.06504743190219466,0.934477377300062,0.9669294535268875
22,110,17852,256,0.055825467576622496,0.9251414936014414,0.9716864372951686
22,111,366,256,0.04339427012249342,0.8954169432879554,0.9780622321087277
22,112,20747,256,0.07534007427543439,0.9416744082455686,0.9615923906336643
22,113,48782,256,0.07702756581208284,0.9320656375259188,0.9607145435497045
22,114,600,256,0.031204166954381184,0.8445218722906195,0.9842742671865494
22,116,2555,256,0.3291467984396613,0.8018507985120206,0.8190562871746597
22,118,663,256,0.0305483162992704,0.869449814391892,0.9846073754043942
22,119,16993,256,0.06966767309361743,0.9231951503576244,0.9645373641836704
22,120,35583,256,0.05440054450895953,0.9240183616100993,0.972419382515096
22,121,1243,256,0.02754456290572319,0.9496877193154125,0.9861315516168605
22,122,1299,256,0.10884132226880795,0.6908294792361338,0.9440120114337487
22,123,27962,256,0.05803054684867045,0.9260525883145329,0.9705511079543052
22,124,29023,256,0.07084925694843848,0.9325987182438245,0.9639246563147773
22,126,22946,256,0.08206487129865314,0.881069470610394,0.958089311443013
22,127,2321,256,0.11280836488274057,0.9031543491750353,0.9419085067655242
23,0,8783,256,0.051462336411197,0.9555276854238491,0.9739289828261622
23,1,8536,256,0.08729922414757374,0.9165251330299622,0.9553537438312713
23,2,3235,256,0.07900199420646072,0.9151194198103477,0.9596864101327783
23,3,17517,256,0.2644990809562974,0.8313966493414517,0.8576135021346751
23,4,1409,256,0.07032082408807615,0.7817065843990109,0.9641987222102734
23,5,4811,256,0.42084355409212876,0.7484993690910241,0.7610232886764184
23,6,410,256,0.021894991688386264,0.9022977273448132,0.9889919151902172
23,7,12863,256,0.35102877387787723,0.7897580658744594,0.8055875037028086
23,8,33816,256,0.06426182563989737,0.9282803622286204,0.9673356058577098
23,9,9370,256,0.1292402755869113,0.9069098374119128,0.9331450714723241
23,10,142,142,0.025965910594571213,0.8729976960643823,0.9869316538673936
23,11,5082,256,0.08038181750005179,0.9232433447110167,0.9589672478765624
23,12,16547,256,0.04431164246071234,0.9515773588399289,0.9775931451985983
23,13,26735,256,0.05259931104181813,0.93497646493756,0.9733451027041652
23,14,2781,256,0.3607916227034186,0.8068209899467319,0.7995050827209177
23,15,450,256,0.019946333474075192,0.9212613239370397,0.989976598978948
23,16,31224,256,0.04639733445454034,0.930907059787699,0.9765258140701963
23,17,1521,256,0.040120046673059497,0.9106468084677539,0.9797346341366833
23,18,26442,256,0.07319668973971274,0.9334795113896716,0.9627062429735704
23,19,478,256,0.04446209440678495,0.9126393909591353,0.977516191985184
23,20,13086,256,0.23252973462370793,0.8708130308650631,0.8760538027862741
23,21,6150,256,0.15863694448597834,0.8891390107010502,0.9172584453217216
23,22,20449,256,0.08057871324817202,0.9267253294876373,0.9588645820718523
23,23,17505,256,0.1494418035396792,0.8868697029224016,0.922257120579896
23,24,26678,256,0.08434629006065915,0.9241390243217336,0.95689796213564
23,25,29529,256,0.20190975742164557,0.8337787073980659,0.8933589662494884
23,26,19187,256,0.07637135856705035,0.9201980788214424,0.9610560032760576
23,27,433,256,0.049683651566789305,0.8087955215231221,0.9748417042952208
23,28,590,256,0.0494397932848504,0.7676001817654888,0.9749667721082342
23,29,46592,256,0.05211303006694638,0.9205716069487405,0.9735948695083873
23,30,16282,256,0.12420613395178778,0.8925105599344175,0.935838589740887
23,31,1967,256,0.027318015306500472,0.9290277120385103,0.9862464117519006
23,32,1571,256,0.06329755473259827,0.8122599638097848,0.9678338934276903
23,33,15985,256,0.06961151346095773,0.9398831117453876,0.9645664759564486
23,35,90,90,0.02757609023989358,0.8243800669593015,0.9861155661280814
23,36,2383,256,0.1351746699291476,0.8648187400603119,0.9299598540102967
23,37,6678,256,0.11804795324922708,0.9191569030099442,0.9391230200302689
23,38,248,248,0.027809521650713473,0.8542893404098935,0.9859971999703074
23,39,2138,256,0.09497690679784988,0.9446988311956018,0.9513270169621748
23,40,40776,256,0.06427840713919021,0.9338720752125917,0.9673270351131564
23,41,13201,256,0.08659888231926749,0.9572667773763305,0.9557202088899933
23,42,21337,256,0.05850974720357712,0.9310643363512129,0.9703042063169791
23,43,78131,256,0.04380219669452748,0.94232267640413,0.9778536717246975
23,45,25325,256,0.09222587616846178,0.8931955932571812,0.9527718109975433
23,46,56021,256,0.05207935429705149,0.9349277650982543,0.9736121639045747
23,47,23768,256,0.061998442456919496,0.9272732945640617,0.9685048051213171
23,48,9663,256,0.13332037033685834,0.8866266715970617,0.9309562984711697
23,49,27039,256,0.07971608776266738,0.9263387384539326,0.9593142927306633
23,50,25410,256,0.057591368386118266,0.9260295889842729,0.9707773336939227
23,51,722,256,0.04634351919367394,0.9131605335640088,0.9765533681301427
23,52,12651,256,0.43333938061185884,0.7638743686579414,0.7527686360284555
23,53,19857,256,0.10992474142793433,0.9329002142388141,0.9434379993259047
23,54,14565,256,0.11000749091545467,0.8868068157024503,0.9433941430200556
23,55,20366,256,0.052600297033343936,0.9320400386763842,0.9733445962076618
23,56,18465,256,0.15451220012486863,0.8653540084941379,0.91950410541505
23,58,35333,256,0.06409968816453704,0.9236057761859963,0.9674194084446843
23,59,27272,256,0.1570003979972528,0.9133598125124393,0.9181500977524031
23,60,98894,256,0.052562939780697454,0.9550857124609137,0.9733637861659445
23,61,29370,256,0.0699768264782607,0.9307636303895817,0.9643770909357704
23,62,1133,256,0.020538458253522192,0.9401086104317492,0.9896774938061782
23,63,4654,256,0.2579222090812902,0.8293612152185825,0.8614393715861318
23,64,2455,256,0.08578079630861507,0.9231709706869374,0.9561481076127197
23,65,1446,256,0.026319673776117186,0.9534226336251677,0.9867524138424404
23,67,15507,256,0.10474112788832157,0.9369486191597464,0.9461812046916164
23,68,11315,256,0.053510921789426465,0.9318515519734625,0.9728767024708596
23,69,48351,256,0.07621828640204022,0.9198183147732938,0.9611356374612066
23,70,343,256,0.11328153252173535,0.463563874734386,0.9416572983194389
23,71,21921,256,0.0479826930014169,0.9357345745064035,0.9757137423438204
23,72,16277,256,0.15024486563049516,0.8882112225967945,0.9218216391306427
23,73,23514,256,0.09292704572397838,0.9304180403693373,0.9524037769118839
23,75,2188,256,0.05398916308960153,0.9454702400467002,0.9726308842055132
23,76,1275,256,0.024261656610131348,0.9354584770470552,0.987794686860518
23,77,66,66,0.01608910239820302,0.8918171875878504,0.9919228284507807
23,78,18864,256,0.04966680621469224,0.9350765084376443,0.9748503443017845
23,79,43107,256,0.05298864048397469,0.9303897094834412,0.9731450865703558
23,81,10815,256,0.19189958035097823,0.8703166723147056,0.8989440581309951
23,82,1758,256,0.06697405015229185,0.8797564047036898,0.9659326839111037
23,84,275,256,0.022106369702767442,0.8831726773131838,0.9888850440254583
23,85,55954,256,0.051732741205122765,0.9480129764748578,0.9737901513133501
23,86,34234,256,0.052342809526311374,0.9280672125909911,0.973476856670814
23,87,13644,256,0.052749202932119925,0.93500621693452,0.9732681013307074
23,89,21990,256,0.10131758822043183,0.9147880688521988,0.9479886137394099
23,90,31688,256,0.0909351788756202,0.9454821699021778,0.95344890850238
23,92,20778,256,0.07241826447179209,0.9186028726117973,0.963110448249944
23,94,36083,256,0.05239990975486932,0.9363219247614055,0.9734475282443994
23,95,15921,256,0.16410518995026102,0.8630256506844085,0.9142728312980426
23,96,17757,256,0.08801929011275711,0.9224227471382139,0.9549768111777599
23,97,38969,256,0.055343547795745685,0.9427791735377851,0.9719343867794031
23,98,30650,256,0.051970038001537454,0.9306244650077016,0.9736683018351078
23,99,52728,256,0.06747082962531363,0.9203885165560063,0.9656754995207688
23,100,36321,256,0.05403741112709423,0.9311704905581606,0.972606081038416
23,101,21215,256,0.06410822858785419,0.9288163322198314,0.9674149944114707
23,102,7944,256,0.062039533232858456,0.9403008242541783,0.9684835913773354
23,103,4246,256,0.251050906858523,0.8241059682437465,0.8654184497348535
23,104,448,256,0.022288111025743972,0.8898403670834197,0.9887931477180938
23,105,79243,256,0.04498825762236319,0.9355425867963248,0.9772470221891888
23,107,36242,256,0.04818269282455335,0.9504618858438092,0.9756112479750563
23,108,1941,256,0.04277968427858702,0.926370396042033,0.9783763671110484
23,109,14315,256,0.13117442288413356,0.9104099318659028,0.9321081359562668
23,110,293,256,0.018479024513860635,0.9381268571908626,0.9907174044530254
23,111,25019,256,0.07180684329420388,0.9024327143365926,0.963427816032834
23,113,279,256,0.02722721933419677,0.8858334469356457,0.9862924417564007
23,114,4436,256,0.06024094015392009,0.9299534060056961,0.9694117081230657
23,115,137043,256,0.05820790187778503,0.9213186173037443,0.9704597354461518
23,116,26545,256,0.04732498760121665,0.9415442575538473,0.9760507222469452
23,117,926,256,0.12058583398449574,0.8045291776329713,0.9377708494165855
23,120,2118,256,0.07558981496547772,0.9271564191957126,0.9614625239885964
23,121,12169,256,0.09815596111593786,0.8996354449552249,0.9496546945516893
23,122,29384,256,0.057385670242263154,0.932495481484595,0.9708832729827704
23,124,3250,256,0.21792963485103894,0.8377590665945166,0.8843474233291807
23,125,17307,256,0.285170901533945,0.8436042067488481,0.8454756640294593
23,126,2772,256,0.06408890302544124,0.9113327178619607,0.9674249826082427
24,0,22214,256,0.052382850921837615,0.9395938361498742,0.9734562902761287
24,1,121,121,0.02236469894554747,0.8000893647390088,0.9887544189809988
24,2,145937,256,0.06388832106844787,0.9183506695010965,0.9675286450186125
24,4,61083,256,0.07164779520889371,0.9152712462067125,0.9635103553107803
24,6,8157,256,0.06486886635273843,0.9225987681075843,0.9670217855080937
24,7,8568,256,0.08971311878313777,0.9040704321540016,0.9540895561826794
24,8,23370,256,0.16117789439894484,0.8772980024112448,0.9158723194862126
24,9,14059,256,0.06840600669278087,0.9157967074477187,0.9651911693064846
24,10,134,134,0.021677357957768883,0.17440243327507154,0.9891019371339999
24,11,1061,256,0.0219132197134911,0.9482669314035891,0.9889826996901963
24,12,12683,256,0.050834008828399266,0.9413737873579592,0.9742515030378966
24,14,46453,256,0.04791774057453967,0.9345354920937003,0.9757470263472292
24,15,26480,256,0.09108241436636175,0.9172776283547898,0.9533716933251366
24,16,859,256,0.06040434242100943,0.8219200549364687,0.969327425372351
24,17,819,256,0.035159660927338666,0.9151884590662733,0.9822628665854478
24,18,1810,256,0.04667410236384937,0.8717375190660831,0.9763840932932851
24,19,112,112,0.017000137797084355,0.8823956799579333,0.9914634951438785
24,20,1259,256,0.027502946836154153,0.9209957109641398,0.9861526520594293
24,21,15962,256,0.4519194655899638,0.7436172453500794,0.7403246142132761
24,22,9379,256,0.286559957200839,0.873305839970806,0.8446538005592356
24,23,7728,256,0.1222332268762526,0.8982606577237331,0.9368920818983089
24,24,10103,256,0.13339288420746462,0.9037301211419181,0.9309173517517736
24,25,23963,256,0.08592616470426814,0.9174204729260659,0.9560720868719742
24,26,26651,256,0.08209925461362319,0.9286433933610742,0.9580713675850964
24,27,54751,256,0.04788200401055114,0.9636868590992066,0.9757653385878435
24,28,284,256,0.018823408382200847,0.9069424356272134,0.9905435839062303
24,29,122,122,0.021071747721899976,0.8623504257068654,0.9894080312379215
24,30,27186,256,0.07378046097516001,0.9236138927059241,0.9624030023980806
24,32,46400,256,0.052234388067779094,0.9382483074018003,0.9735325428213588
24,33,182,182,0.017847235839773122,0.899355481199595,0.9910362072902417
24,34,191200,256,0.06263086177509158,0.927185344679797,0.9681782574634221
24,35,4575,256,0.09692055810003826,0.9071060732866703,0.950304920486031
24,36,21131,256,0.060849545434147924,0.9275500161318799,0.9690977528432578
24,37,1641,256,0.03219523982556065,0.9195691920139815,0.9837706847504857
24,38,26386,256,0.09846199538728832,0.8978735149495343,0.9494935516435653
24,39,8039,256,0.15000431263698552,0.9013570652153796,0.9219521068705329
24,40,29516,256,0.06189923951952284,0.9320339582407737,0.9685560182459645
24,41,1385,256,0.04065931685057421,0.862155120428057,0.9794593831034678
24,42,45826,256,0.04707047511576525,0.9208174590912849,0.9761810922591334
24,43,19199,256,0.058354404650794445,0.9167334739306282,0.9703842513917904
24,44,4284,256,0.05986855232365516,0.947646022869368,0.9696037580766407
24,45,720,256,0.03153732544899029,0.9066867259522421,0.9841050119529977
24,46,106549,256,0.04070038229648117,0.9418648940281911,0.979438419556594
24,47,1581,256,0.03355989790785209,0.8478614600079694,0.98307685462132
24,49,6474,256,0.12421174706497022,0.8739290224789273,0.9358355907610213
24,50,2591,256,0.19694472807085367,0.8428396830451276,0.8961335123345998
24,51,1038,256,0.045780494682456645,0.9029681274563559,0.9768415968403186
24,52,29145,256,0.06658294050530689,0.9333836745299219,0.9661351145128165
24,53,37650,256,0.061639320803155886,0.9296674304988911,0.9686901874164123
24,54,371,256,0.016405653310501395,0.948065523306982,0.9917632513304264
24,55,322,256,0.037154460723658564,0.8869073323010078,0.9812469308366479
24,56,4447,256,0.4403540162463272,0.7383194823637201,0.748094902905823
24,57,454,256,0.020548388430032944,0.919618215204043,0.9896724769184839
24,58,11085,256,0.04787303703334964,0.9295840937344116,0.9757699334200918
24,59,284,256,0.018785929645495792,0.9236129619782062,0.9905625019929355
24,60,3297,256,0.07179988352233656,0.9174101663968903,0.963431428010143
24,61,59748,256,0.05079098447822363,0.9348099726062069,0.9742735835081316
24,62,1683,256,0.029051774041637835,0.9413630657650721,0.9853670513866202
24,63,29953,256,0.049776067423220556,0.9339286475547443,0.9747943027002053
24,64,18199,256,0.17084062568145691,0.8592410180559527,0.910581887761086
24,65,18951,256,0.25610431468402733,0.8216233504451094,0.8624938755237469
24,66,6899,256,0.1923915165332696,0.8597484158552252,0.8986703975689476
24,67,9925,256,0.0697193799004723,0.9249047881630542,0.9645105598693711
24,68,33710,256,0.0607817075508311,0.9346772650568275,0.9691327527481304
24,69,26877,256,0.05684484067995028,0.9307282158903939,0.9711617575461101
24,70,104,104,0.017959984302030635,0.8927692760350031,0.9909793215289456
24,71,10527,256,0.14781500097173253,0.8928665178177349,0.9231386672804186
24,73,32250,256,0.14251921083338048,0.8793407198804584,0.9260025859394884
24,74,12543,256,0.05082258981457508,0.9327553286988793,0.9742573634237643
24,75,66270,256,0.05525304481272547,0.9429474378170523,0.9719809438395768
24,76,14834,256,0.054018623903307555,0.9316757202742447,0.9726157391779615
24,77,580,256,0.023272642021186566,0.9023742612986435,0.9882951775551743
24,78,437,256,0.02111701639582453,0.9018698134029424,0.9893851543277651
24,79,18988,256,0.10237118366733408,0.9143526425583036,0.94743275029559
24,80,29193,256,0.06326104651638641,0.9486310253704264,0.9678527540300815
24,83,1130,256,0.07369019909944635,0.7750404559043331,0.9624498952675685
24,85,4369,256,0.22904497417245717,0.8393954678953728,0.8780404465783697
24,87,76696,256,0.0402140044531364,0.919091240725524,0.9796866823361761
24,89,2111,256,0.20948462096863296,0.8823214627233095,0.8891093178183249
24,90,9751,256,0.060948909998388416,0.9491501494994322,0.9690464849539528
24,91,2118,256,0.07446017342323254,0.9503503208081711,0.9620498046238394
24,92,15950,256,0.09325669120999867,0.9056046481682647,0.9522307014531727
24,93,455,256,0.019977583436301197,0.9153794060755791,0.9899608156708521
24,94,3014,256,0.11799131084260657,0.9264467623938959,0.9391531766210416
24,95,8468,256,0.0644528746653549,0.9409724330655923,0.9672368506910006
24,96,18444,256,0.16706956053475489,0.8752766229057496,0.9126502284365271
24,97,22641,256,0.17437191681722622,0.8651924826607035,0.9086407888614586
24,99,27762,256,0.12082010084010787,0.9273937276587375,0.937645934860218
24,100,25252,256,0.04681821042091054,0.9373235113790105,0.976310293697188
24,101,9128,256,0.05903318110404536,0.8912599410415984,0.9700344421183996
24,102,37455,256,0.044965805543417295,0.9398081000599583,0.9772585095339834
24,103,21114,256,0.05451115489645263,0.9400923287715184,0.9723625070433081
24,105,5148,256,0.3977814017407126,0.7447294849670459,0.7760274468466224
24,106,140,140,0.016301651748571344,0.9434396453158242,0.9918156826000629
24,107,18966,256,0.06325997692992397,0.9248419698379257,0.9678533065863215
24,108,1347,256,0.02422004876182907,0.9421674440101266,0.9878157476160071
24,109,385,256,0.02132279649470364,0.9376611157487341,0.9892811549328615
24,110,2721,256,0.0687253710254238,0.9368390569810626,0.9650257141519993
24,111,3614,256,0.18081701335198716,0.8623309762764635,0.9050872812320438
24,112,11805,256,0.10387814573755044,0.9072793540023965,0.9466371291379023
24,113,96,96,0.03355579936714099,0.6643969849594472,0.9830789391665651
24,114,27301,256,0.07234235265568625,0.9197296853268907,0.963149857158435
24,115,25096,256,0.11914089072606526,0.8954480892341454,0.9385409470417019
24,116,6160,256,0.06819756609264134,0.9374187643609049,0.9652991421872075
24,117,11439,256,0.1585839892261535,0.8384744633213971,0.9172873109194559
24,118,24558,256,0.04850847741407273,0.9239302383320659,0.9754442693388112
24,120,17535,256,0.05924818371353954,0.9327967352117638,0.9699236136348369
24,121,21934,256,0.05251742061903132,0.9333720257708916,0.9733871682845263
24,122,359,256,0.016677311206177003,0.9491760567473384,0.9916262848441559
24,123,14917,256,0.059534718315002025,0.9255522430195219,0.9697758925055819
24,124,9455,256,0.04910702382545795,0.9408835742400413,0.9751374139958645
24,125,1760,256,0.09593052995504381,0.8523287392463471,0.9508256780530048
24,126,4163,256,0.16429672251788713,0.9037631091491147,0.9141680794482561
24,127,53448,256,0.07061969534814287,0.920284494714063,0.9640437254875202
25,0,9797,256,0.33102330508213884,0.780047631269338,0.8179099552627179
25,1,5518,256,0.15122711973052663,0.9021075099407755,0.9212887062530797
25,2,49014,256,0.055425052071342316,0.9341181085248952,0.971892456976932
25,4,12827,256,0.22064437011305002,0.8689271987545002,0.8828112085190978
25,6,33419,256,0.0670135171916349,0.9304237884648979,0.9659122541972253
25,8,12661,256,0.1343520745822399,0.8856588524330651,0.9304020235456069
25,10,100769,256,0.07239285966114342,0.906418390717853,0.9631236370990262
25,11,368,256,0.11785476988267994,0.4505426814196814,0.9392258674660319
25,12,18985,256,0.07752085940277821,0.9039262445983307,0.9604577765821992
25,13,1612,256,0.022097881590823956,0.9488904601314367,0.9888893357748257
25,15,26491,256,0.13125652220455997,0.8915366163043091,0.9320640953257667
25,16,18925,256,0.08152770230278478,0.9013345410078412,0.9583696039092722
25,18,27886,256,0.08241486599242051,0.9147307589205143,0.9579066415927908
25,19,6275,256,0.4295071926937665,0.7415058149900128,0.7553097426263171
25,20,15072,256,0.12104684644249503,0.9142088535576456,0.9375250148969386
25,21,30085,256,0.06555539086495006,0.9425658841857902,0.9666667518514588
25,23,7224,256,0.15590103870734356,0.8855591118537441,0.9187485843758653
25,24,27159,256,0.06445298851941657,0.886604926018641,0.9672367918356825
25,25,3208,256,0.07938020840709699,0.9104129029671152,0.9594893389678194
25,26,14123,256,0.28523717017201106,0.8272690940136379,0.8454364729700209
25,27,3032,256,0.0814188682304282,0.926564757634247,0.9584263830725717
25,28,27053,256,0.06079310285035237,0.9277190452928449,0.9691268736082225
25,29,2131,256,0.17892618861797008,0.9034382715062536,0.9061312329800966
25,30,74,74,0.01776896558430486,0.9165860436043491,0.9910756956033657
25,31,5220,256,0.22595129251151327,0.8446164074924706,0.8798003793409541
25,32,5829,256,0.12616375668584817,0.9142616385155645,0.9347920856073567
25,33,8557,256,0.26413921946277963,0.8554382881302504,0.8578232804821867
25,34,1609,256,0.03836583558624708,0.8520304240181572,0.9806294735595871
25,35,992,256,0.0993841332397491,0.8993100443039248,0.9490078328234446
25,36,15964,256,0.058537942721664925,0.9284534141350315,0.9702896769925645
25,37,65,65,0.01784898054229291,0.9370299013764236,0.991035327048288
25,38,5621,256,0.2383194600584885,0.8379688361438334,0.8727431122280551
25,40,82390,256,0.05302337677909309,0.9371951873517116,0.973127238967704
25,41,22784,256,0.0734168719850518,0.9162055658653594,0.9625918802976411
25,42,5593,256,0.07205483962201048,0.9331394486770779,0.9632991022408303
25,43,320,256,0.021041862082547644,0.9228375303912391,0.9894231339105896
25,44,36463,256,0.06360733750420144,0.9185929938041245,0.9676738409690522
25,45,15681,256,0.0761488557393876,0.9406588874985111,0.9611717558587604
25,47,42208,256,0.15762943026844187,0.8318724686434193,0.917807479666383
25,49,10910,256,0.0605997557585352,0.845645528462144,0.9692266217152028
25,51,202,202,0.02562975916030833,0.8453665741451986,0.9871019404497652
25,52,12435,256,0.13559508187826086,0.8939186969833391,0.9297337888458928
25,53,736,256,0.027580249759211858,0.9068706335376182,0.9861134570833054
25,55,35606,256,0.04940320917003119,0.9423352435530086,0.9749855336516378
25,57,32345,256,0.05198177990013303,0.9385372089868683,0.9736622720943167
25,58,23799,256,0.19131012676910228,0.8822097650478545,0.8992718572439025
25,59,12733,256,0.11071299102599816,0.9226677659810351,0.943020153005227
25,60,851,256,0.06422302241545624,0.8684168106675537,0.967355662403722
25,61,25594,256,0.2108083688690033,0.8517169474413478,0.8883645823258582
25,62,27278,256,0.15376059549132873,0.899525104844807,0.9199127157011535
25,63,4719,256,0.0982305446726397,0.9089134013730839,0.9496154249628427
25,65,24059,256,0.06518476900150796,0.9381467547482206,0.9668584337939511
25,66,32123,256,0.11165548838069186,0.8934444459266068,0.9425202977227112
25,67,12381,256,0.16221866361097653,0.855745518897952,0.9153039584690014
25,68,6299,256,0.09761440456605763,0.9290490000927316,0.9499397851621662
25,71,33649,256,0.06806115300480858,0.9297456386332142,0.965369798054192
25,72,156,156,0.02041799765918672,0.9007625302223021,0.9897383504446078
25,73,32068,256,0.08864062237609104,0.9320909374230872,0.9546514430010091
25,74,651,256,0.046366072368323,0.8908673504304084,0.9765418207284708
25,75,36797,256,0.06506782336688757,0.9052765498437106,0.9669189090265597
25,76,24898,256,0.06794673343111803,0.9217910544205166,0.965429058278692
25,77,5465,256,0.06734937100863116,0.9291318043702486,0.9657383853774111
25,78,31690,256,0.34993571904756887,0.7588811336112297,0.8062656391986646
25,79,45887,256,0.059195218135233936,0.9288492374723237,0.96995091724518
25,80,11776,256,0.11661968273278826,0.9099600005917307,0.9398831402186187
25,81,8081,256,0.32708033999160757,0.7824824562093018,0.8203168046604875
25,82,40864,256,0.10095025643507421,0.9249508005169493,0.9481823366657522
25,83,15623,256,0.0909786258772665,0.9246891684669819,0.9534261241033484
25,84,2100,256,0.04353719050073314,0.9286663209407348,0.977989166350664
25,85,4787,256,0.04104835195400378,0.9488502623720819,0.9792607661118647
25,86,843,256,0.020785586060627335,0.9570774011319215,0.9895526332335096
25,87,3693,256,0.065064921270843,0.9287175385625018,0.9669204097179649
25,88,567,256,0.07837525115738864,0.815558488601297,0.9600128899356567
25,89,10450,256,0.08568299903615391,0.9180772100345055,0.9561992475231541
25,91,12593,256,0.23411841118841192,0.8618690687774934,0.875146609895501
25,92,44404,256,0.10319637704639294,0.9132220569922085,0.9469971610060967
25,93,30667,256,0.09432318698929053,0.9112179970761738,0.951670538059632
25,95,21052,256,0.05583126760500192,0.9208977659637797,0.9716834527741007
25,97,1208,256,0.024819288379314068,0.9371104671775743,0.9875123855530552
25,98,35405,256,0.06907043640439514,0.9252266168408552,0.9648469119998285
25,99,5982,256,0.19050406003421583,0.8644895426280856,0.8997199230681647
25,101,84755,256,0.05569271233802479,0.9228101288937227,0.9717547466629506
25,102,29705,256,0.05422073708059909,0.9210072246819633,0.972511831763193
25,103,34558,256,0.19033652035034776,0.8427032372816489,0.8998130248277428
25,104,6578,256,0.21691203100859482,0.851973245006916,0.8849225779645388
25,105,18479,256,0.07591005708880773,0.9558108982204453,0.9612959705060623
25,106,167435,256,0.05419404222944772,0.9316282818844975,0.9725255563585732
25,107,26239,256,0.05279484490521434,0.9381694768854176,0.9732446532577437
25,108,92,92,0.017815805536596976,0.9290848341426905,0.9910520644564558
25,109,33125,256,0.06412589538368235,0.9349514533038079,0.967405863439083
25,110,312,256,0.12473445940357525,0.46901047743930885,0.9355562733456629
25,112,52654,256,0.0782649651359204,0.9199065316300739,0.9600703280823127
25,113,25552,256,0.06139386436022267,0.927527611593895,0.9688168741510323
25,114,87,87,0.02230993767221567,0.8428759604703411,0.9887821106430801
25,115,6659,256,0.04630141395384336,0.9318962952703366,0.9765749259765769
25,116,71,71,0.021508214592667756,0.8135714691600114,0.9891874369437433
25,117,17974,256,0.1557742421275052,0.8689997465766348,0.918817586832389
25,118,16368,256,0.09195147756883276,0.9065685270930792,0.9529158002841422
25,119,1050,256,0.02390039054405645,0.9202864065351127,0.9879775348943637
25,120,22776,256,0.06343019694562674,0.9348853572307502,0.9677653657030578
25,121,25195,256,0.06892132284463887,0.9173320484807493,0.9649241820761677
25,122,387,256,0.058078956203182576,0.6172089533062391,0.9705261685275763
25,123,36778,256,0.060570742138525195,0.9363293908495096,0.9692415890073407
25,124,13453,256,0.13360968479741392,0.9045493506618888,0.9308008998720328
25,125,15908,256,0.06017357875574665,0.9334819058046859,0.9694464509421102
25,126,193,193,0.02036122762070099,0.8943863402194828,0.9897670293454409
25,127,34048,256,0.07262619180781654,0.923221678543945,0.9630024964620723
26,0,315,256,0.05052494182580098,0.8038520014874715,0.9744101077955827
26,1,6252,256,0.46765431660998236,0.7060274116064013,0.729620232305833
26,2,298,256,0.01845703165764716,0.9384379676454793,0.9907285038507537
26,3,166753,256,0.06732067747452516,0.9078917431678086,0.9657532410121515
26,4,21776,256,0.31752239274417143,0.8069581151958665,0.8261220292764432
26,5,72,72,0.01872913721248801,0.877526803705265,0.9905911683371258
26,6,13899,256,0.0626976302712206,0.9155468652644124,0.9681437753395822
26,7,13338,256,0.0661967548459278,0.9374120608067703,0.9663349549478546
26,8,22232,256,0.06577350546936306,0.9232925111039982,0.9665539273784143
26,9,102,102,0.01864140451628294,0.8967706085514575,0.9906354503467545
26,10,24637,256,0.08014212178488023,0.9085437572261158,0.9590922156993663
26,11,8826,256,0.13143548956767373,0.9090608569884946,0.9319680844494227
26,12,1321,256,0.044564296296024555,0.8729808855025746,0.9774639142720183
26,14,14402,256,0.12410609770343892,0.8981926155611877,0.9358920355984236
26,15,41346,256,0.09100283984300458,0.9286419866401417,0.9534134256223767
26,16,31013,256,0.08677252823399918,0.8976951642450396,0.9556293589912361
26,17,24328,256,0.2929643839738578,0.8064501801475292,0.840854099131438
26,18,27273,256,0.08949571277400171,0.9222362908742382,0.9542034831344928
26,19,476,256,0.021058433980500276,0.9296698756284942,0.98941475934994
26,20,25744,256,0.16050167697218554,0.8625741089029476,0.9162414108889723
26,21,3615,256,0.08814047795668867,0.9045679619205235,0.9549133583960963
26,22,24969,256,0.051846055040313796,0.8924935772946849,0.9737319677199091
26,23,129257,256,0.06667626528170613,0.9108162626521797,0.9660868153112814
26,24,1901,256,0.026277331035831398,0.9145399513096659,0.9867738692143041
26,26,4027,256,0.1534584404027337,0.8224615485410056,0.9200769313471925
26,27,1527,256,0.028667781791520623,0.922355896602799,0.9855618794416103
26,28,31609,256,0.06845221044908474,0.9296462273198052,0.9651672339811973
26,29,1039,256,0.03420151153622822,0.9262954981607581,0.9827504711083948
26,30,17375,256,0.07799323615242425,0.9297672188648409,0.960211832799188
26,31,2551,256,0.10016323178338611,0.914512115689594,0.94859726344567
26,32,7845,256,0.382654462908227,0.7671966970542277,0.7857133937332194
26,33,14919,256,0.2927846405335742,0.815549063653516,0.8409609738070047
26,34,69641,256,0.06929325469553871,0.9269407956016473,0.9647314368799543
26,35,66,66,0.018037146398642415,0.9235238416887877,0.9909403885206
26,36,3141,256,0.10089498212066395,0.831264448781896,0.9482114837309955
26,37,10609,256,0.08552919709316642,0.9374338088028831,0.956279667726358
26,38,78888,256,0.08390634469254947,0.9354664463650229,0.9571278155541456
26,39,33091,256,0.06415795785021709,0.9156287547695859,0.9673892919346291
26,40,14500,256,0.0755808791704227,0.928778767830205,0.9614671709577906
26,42,2200,256,0.23562871275611955,0.8453302222623216,0.8742832991907603
26,44,94703,256,0.05565456690743966,0.9332496754761991,0.9717743735520917
26,46,483,256,0.03644435378054869,0.9197473629903589,0.981608703210934
26,47,11708,256,0.06608988225833651,0.8763208695548608,0.9663902512658452
26,48,27752,256,0.10997770549475616,0.907351200773272,0.9434099291958103
26,49,7720,256,0.255040794607303,0.7635587669713995,0.8631101930765833
26,50,5689,256,0.11435124532714737,0.9248278432891134,0.9410891321616952
26,51,16159,256,0.07268402773677252,0.9188143633304835,0.962972467032795
26,52,1226,256,0.042089952871101885,0.9236845686655424,0.9787287914069445
26,53,72182,256,0.07139558262617421,0.920927621932813,0.9636412285564715
26,55,3137,256,0.341885873150763,0.7753842109213844,0.8112423354640936
26,57,99770,256,0.07087047970652412,0.9250468319545428,0.96391364773691
26,58,3846,256,0.09440093814198047,0.9244173591718977,0.9516296873563894
26,59,1927,256,0.025819660844885926,0.9557629886523458,0.9870057442361285
26,60,35422,256,0.08218555930496378,0.9248087711233163,0.958026325679538
26,61,1524,256,0.08838031383185903,0.8169620467334601,0.9547877702233837
26,62,21845,256,0.07518937112265504,0.8617309568571259,0.9616707486855077
26,63,2935,256,0.17680838423320558,0.9063807489130403,0.9072990773536554
26,64,17261,256,0.07499331329921631,0.8814539637968555,0.9617726793274924
26,66,7907,256,0.1284406733347448,0.913810968941233,0.9335734179298676
26,67,9652,256,0.20289889494703472,0.8894003998086092,0.8928051887466634
26,68,27329,256,0.11228588351193289,0.880045126622614,0.9421858184498784
26,69,61470,256,0.08571023431271389,0.9162292549613736,0.9561850059937597
26,71,28804,256,0.08712258354732445,0.9265743587012372,0.9554461871045776
26,72,346,256,0.021160578903651934,0.9155560142014058,0.9893631391437363
26,73,14536,256,0.09886461695573885,0.9110413134235765,0.949281508849857
26,74,2688,256,0.19121224147109128,0.9378804692297515,0.8993262803504125
26,75,2054,256,0.10411608869171651,0.9015462392931889,0.9465114427772564
26,76,40330,256,0.07468162332532897,0.919489048147307,0.9619347049954435
26,77,2090,256,0.13338868847570473,0.8933438185279311,0.9309196052959113
26,78,351,256,0.022614964774257784,0.8704120370632874,0.988627854769297
26,79,20359,256,0.09913480282856119,0.891556263387032,0.9491391874595837
26,80,17869,256,0.13424117703468552,0.853675087046979,0.9304616182117963
26,81,3240,256,0.3199734781600911,0.785706689693152,0.8246372061942808
26,82,15964,256,0.06269955466272546,0.8831266463749801,0.9681427814828113
26,83,2260,256,0.041598073401895426,0.9424937084362588,0.9789800440244452
26,84,14988,256,0.09282184468596512,0.8793804639552748,0.952459004531972
26,85,3862,256,0.28799030013802684,0.7958002151082468,0.8438066720890356
26,86,17958,256,0.20445261972529855,0.8627725370041845,0.8919346278033505
26,87,6756,256,0.06283811801532031,0.9237174607331852,0.9680712174136156
26,88,1691,256,0.06267418328726505,0.9072734587587462,0.9681558845107202
26,89,1288,256,0.041227043393315885,0.8718650257899186,0.979169523936833
26,90,942,256,0.07073621220750999,0.8481955649213674,0.9639832922787044
26,92,32100,256,0.12350128085559356,0.889146723902467,0.9362151030315664
26,93,2847,256,0.22807124772876075,0.8175934769994959,0.8785947599839412
26,94,1119,256,0.05142292791323406,0.9085675533403395,0.9739492143262737
26,95,26570,256,0.06399978292412206,0.9216435867490207,0.9674710419831065
26,96,2787,256,0.06812006170981613,0.920954431686938,0.9653392866190539
26,97,1595,256,0.02216221051170083,0.9419139189472843,0.988856809395728
26,98,16641,256,0.24554275766648026,0.8003919876332521,0.8685949817570441
26,99,31360,256,0.07636621366585038,0.92110090941937,0.9610586799640017
26,100,17693,256,0.3972012283743228,0.7576331502180643,0.7764011666823262
26,101,42165,256,0.06299876313765998,0.8818752501195799,0.9679882421095517
26,102,11898,256,0.08641352871285105,0.8857845521154727,0.9558171746140309
26,104,77,77,0.017760329333447327,0.9212576334596344,0.9910800526024892
26,105,21396,256,0.16180568207580395,0.8448049461801727,0.9155295287013937
26,107,101,101,0.019694570401356217,0.8865941203823924,0.9901037468864784
26,108,18233,256,0.13575869233044074,0.9011118106005385,0.9296457968869429
26,109,22390,256,0.10261440188542698,0.9064329311791227,0.9473043851448029
26,110,37849,256,0.10850297128945897,0.879127720524619,0.9441912034702193
26,111,36207,256,0.06033419052404511,0.9076069930895562,0.9693636105589868
26,114,7720,256,0.0884540104695051,0.915033811903433,0.9547491762397572
26,115,108402,256,0.06520703492331459,0.915075357770691,0.9668469191535366
26,116,594,256,0.03335485764107682,0.8694880143303272,0.9831811340536001
26,117,1757,256,0.27366287984801685,0.6595670022328538,0.8522541405895211
26,118,638,256,0.03831792562241223,0.9085277028293806,0.9806539014237325
26,119,10566,256,0.14110175990983526,0.8953540256909602,0.9267676300401114
26,121,3090,256,0.22637929597622608,0.8124319538332199,0.8795571067439418
26,124,195,195,0.12672047889056565,0.16178505337750418,0.9344942595379784
26,125,8783,256,0.3086688495057905,0.8411662988915127,0.8314632586556122
26,126,4894,256,0.21246110483766836,0.8218202341600959,0.8874338821356392
27,0,29249,256,0.1642886753623151,0.8360565307534378,0.9141724807921561
27,1,55435,256,0.059143751520132445,0.9031142458857309,0.9699774474078598
27,2,3386,256,0.38309605237994604,0.8344333962059037,0.7854323316620305
27,3,66648,256,0.0697671950679964,0.9310257373059362,0.9644857722807546
27,4,7383,256,0.08063112472964472,0.9314143139687434,0.9588372517118613
27,5,77,77,0.022708731037807014,0.8744958278933372,0.9885804312053689
27,6,76443,256,0.05246146321965406,0.9359259757443482,0.973415911509744
27,7,45575,256,0.060579332882780404,0.9484372970418536,0.9692371573135337
27,8,30608,256,0.06628126410905053,0.9245702867489338,0.9662912272658536
27,9,16281,256,0.10656620729099747,0.9215371651020035,0.9452162676916869
27,11,2793,256,0.09721270948094422,0.878358738057861,0.9501511935050421
27,12,126,126,0.028012030734626495,0.7370745115886568,0.985894502097143
27,13,483,256,0.16558390427398834,0.5593739367289273,0.9134637900464427
27,14,493,256,0.030932612085717844,0.8513340428449878,0.9844122042692696
27,15,285,256,0.024115873781086095,0.9199786305310667,0.9878684761742901
27,16,90149,256,0.09749378445452471,0.8986237794079222,0.9500032713340913
27,17,165161,256,0.0609882330426937,0.9220355324891267,0.9690261951863356
27,18,4476,256,0.1084016040654136,0.9108706508072758,0.9442448813388328
27,19,547,256,0.023215596839098823,0.9322390813003234,0.9883240375306579
27,20,28117,256,0.07172209097527153,0.9179492417493079,0.9634717998077207
27,21,120,120,0.02073235948230986,0.9467276743182566,0.9895795271314429
27,23,29198,256,0.06496552824942864,0.9256780482088383,0.9669718050442688
27,24,4611,256,0.12376297493258887,0.932118114397718,0.9360753308721532
27,25,20839,256,0.1569286688969399,0.851252419737015,0.9181891586721442
27,27,1666,256,0.02846349974859682,0.9275337635278785,0.9856655113431753
27,28,4728,256,0.1838490257318008,0.8552515906421534,0.9034107450480092
27,29,14049,256,0.2272703886268028,0.8389739879731719,0.8790504032040467
27,30,19626,256,0.0982528754613348,0.8950667650003331,0.9496036670836235
27,31,1277,256,0.23353994879924292,0.5882352224489902,0.8754770420752089
27,32,75009,256,0.11901420268521226,0.8890934691829223,0.9386084366309456
27,33,3524,256,0.19129654684707414,0.8070960450390892,0.8992794077220526
27,34,35018,256,0.08722591675305781,0.9138529132522035,0.9553921096842606
27,35,7301,256,0.060074039702291915,0.9351338726178099,0.9694977876703527
27,36,626,256,0.07243593121211049,0.8797862531091414,0.963101276495826
27,37,16358,256,0.07413058443173569,0.9329876244373759,0.9622210845581509
27,38,293,256,0.046534345155090216,0.8846769653077373,0.9764556594361619
27,39,3688,256,0.10825974618563854,0.9328576377619081,0.944319995454063
27,40,157189,256,0.07626022973536072,0.874746845847326,0.9611138175391296
27,41,10483,256,0.5198308289196537,0.6657061252434953,0.6929424009831887
27,44,77,77,0.02189792398839912,0.9205561017635219,0.9889904327199536
27,45,15481,256,0.16416619905368096,0.864690431655837,0.9142394658656555
27,46,580,256,0.03186705337165471,0.8775667540208651,0.9839374708935245
27,48,5700,256,0.2610947296165586,0.8202793714410884,0.8595959925357035
27,49,16748,256,0.3436744815515094,0.7898900397817397,0.8101391969584552
27,50,16168,256,0.03817155670878989,0.9545295120294994,0.9807285268060729
27,51,13882,256,0.07724719524001011,0.8400476844174456,0.960600231501112
27,52,14250,256,0.5102321846422135,0.6703546458182705,0.6998341341759392
27,53,129,129,0.0342854654455545,0.8387967972433661,0.9827077564334402
27,54,15685,256,0.07022205107195893,0.916555605800047,0.9642499411086531
27,55,23915,256,0.05523253866839596,0.9332439933441828,0.9719914924172969
27,56,10740,256,0.06726962873514065,0.9273311725009181,0.9657796701447279
27,57,14688,256,0.07948568394962795,0.9127261099295815,0.9594343729773142
27,58,18089,256,0.12745193837496496,0.9313301040256644,0.9341028110572386
27,59,1437,256,0.2678111680935043,0.553196827531337,0.8556803327800024
27,60,18170,256,0.08124055829602574,0.9117248340826292,0.9585194007968614
27,61,13665,256,0.08102143862781447,0.8982155905221595,0.958633695095361
27,63,1232,256,0.02984080090159602,0.8084690107353506,0.9849665979607654
27,64,1047,256,0.1710720286129296,0.7679691148386067,0.9104548156756986
27,65,182,182,0.03739625050341776,0.8361941876697626,0.9811237177321636
27,66,66,66,0.025617618452904212,0.8120925189586646,0.9871080901031537
27,68,1335,256,0.028550409217299826,0.9042750638367398,0.985621423662605
27,69,17473,256,0.0723134013889794,0.9198733092957384,0.963164886512699
27,70,19533,256,0.27323160993033563,0.7865659356446472,0.8525071202457282
27,71,18529,256,0.08810064262492617,0.9185615496178036,0.9549342162552736
27,72,18477,256,0.08216899607734876,0.9004461620829923,0.958034970093812
27,73,782,256,0.0309836038596771,0.9013314762325496,0.9843863043238273
27,75,1392,256,0.06571401584618265,0.8207295487376166,0.9665847009723553
27,76,1381,256,0.04157155786451338,0.9310915771910475,0.9789935863607517
27,77,35893,256,0.0509051809344342,0.8967924320435134,0.9742149757961873
27,78,3916,256,0.06707237710086507,0.9375345593751842,0.9658817851575496
27,79,987,256,0.033428896597819016,0.9174193972341952,0.9831434805775712
27,80,7883,256,0.23488002149815657,0.8066615167901122,0.8747113686821747
27,81,112,112,0.022207575913415416,0.859436884761071,0.9888338708228924
27,82,52936,256,0.05913970608095719,0.9389636427223209,0.9699795327320277
27,83,8749,256,0.12218560751077763,0.9170720153014246,0.9369174950278292
27,84,187,187,0.023391107802031963,0.9114638685536629,0.9882352413256512
27,85,26453,256,0.1330960206493232,0.8695353543177919,0.9310767848844029
27,86,13225,256,0.06548560726893743,0.9177366419005305,0.9667028461378722
27,87,26833,256,0.12197300687919004,0.8489356552524363,0.937030945658045
27,88,95,95,0.021167446244729854,0.9268745825168807,0.9893596685509624
27,89,67610,256,0.1329345887642457,0.9124641405117444,0.9311634718113433
27,90,7993,256,0.07341032428971263,0.9152264850959666,0.962595281367142
27,91,42972,256,0.053271938174780785,0.9273019997878599,0.9729995178956766
27,93,550,256,0.1108169084757084,0.6612436569653273,0.942965053182933
27,94,52738,256,0.04939708986285731,0.9171008102172479,0.9749886717993921
27,95,37569,256,0.0638464261644749,0.9152422335464393,0.9675502952485339
27,96,12026,256,0.05794432002294005,0.9407757077965268,0.9705955285169307
27,98,45834,256,0.06553451294538656,0.870174968266288,0.966677550714101
27,99,602,256,0.025747748780811222,0.9213926838394081,0.9870421729689106
27,100,31625,256,0.08530722114302326,0.890580387790132,0.9563957229395041
27,101,23189,256,0.23099074550846704,0.8304486456130038,0.8769317273833426
27,102,4147,256,0.19883426166038312,0.9288756764356625,0.895078621317489
27,103,7350,256,0.10152386209689149,0.9002344581953259,0.947879811950391
27,104,750,256,0.04344649933758287,0.8599195032205895,0.9780355313905611
27,106,15025,256,0.08310995000281368,0.8927573137661073,0.9575437587897414
27,107,3962,256,0.07770938796890481,0.9198456947487649,0.9603596264062204
27,109,20328,256,0.11130803827108832,0.9175524767470379,0.9427045993994682
27,110,5830,256,0.047557232859864164,0.9402802410746282,0.9759317430743484
27,111,89,89,0.021178567329183672,0.9566567766539052,0.9893540481904425
27,112,173,173,0.021095781726713475,0.9450747934303828,0.9893958855146339
27,115,1435,256,0.04044941482075774,0.9223089983264353,0.9795665292256787
27,116,19369,256,0.08116114731782285,0.9310013038262027,0.9585608236737913
27,117,2626,256,0.19311070848612166,0.9037787673620045,0.898270166216088
27,118,1913,256,0.042478923977264466,0.9155029430806483,0.9785300588243243
27,119,1074,256,0.065140436003361,0.812048570463931,0.9668813598351346
27,120,35201,256,0.10367843176951594,0.9106003123198037,0.9467426092822082
27,121,105148,256,0.05697231203859831,0.925181892265035,0.9710961270447955
27,122,1036,256,0.14015571317077563,0.8009261162380432,0.9272778908338236
27,123,159,159,0.025972026869960096,0.8287151133482464,0.9869285552308433
27,125,13734,256,0.06215408767677443,0.914558177437442,0.9684244484332403
27,126,26506,256,0.09610135074152573,0.9205762310555633,0.9507358462046512
27,127,20969,256,0.42017762016997207,0.7307707071324254,0.7614606883024415
28,0,16718,256,0.16931465851134042,0.8297663816334806,0.9114194103093589
28,1,4195,256,0.2432878927943658,0.8127667251042898,0.8698920089330826
28,4,12231,256,0.09189156883468254,0.9003514306377426,0.9529472341978424
28,5,1551,256,0.11795398565934663,0.7217372040454637,0.9391730481336511
28,6,3134,256,0.1359817362851413,0.8133580752855561,0.9295258273522359
28,7,8044,256,0.12425126566177587,0.8492346392444371,0.9358144764525841
28,8,26064,256,0.10026513944106381,0.8879569938389016,0.948543547001895
28,9,14961,256,0.0795283322441901,0.9121649172006806,0.9594121469711596
28,10,867,256,0.02197457488763499,0.9349001961531298,0.9889516798673053
28,11,32790,256,0.09077240159480067,0.8941463412109283,0.953534267032496
28,12,5261,256,0.0845070252177699,0.9110414671657816,0.9568139708335315
28,13,24753,256,0.07766607875061222,0.9076874402157197,0.9603821745791556
28,14,158324,256,0.09088558200770823,0.9131914762249538,0.9534749173377828
28,15,12900,256,0.09287246651372595,0.8997172392611695,0.9524324298795553
28,16,55998,256,0.12503687127628743,0.8885587961394471,0.9353946379596756
28,17,120,120,0.029314747772942344,0.775102086559416,0.9852336028714498
28,18,6296,256,0.07227028339847943,0.9213889389142963,0.9631872697463981
28,19,10203,256,0.1034728386815679,0.9165704497539828,0.9468511822448299
28,20,16810,256,0.06612443662819538,0.9192355699949355,0.966372373038367
28,22,3504,256,0.272592893223686,0.8517416742366939,0.8528816487510527
28,23,3877,256,0.09085107484160979,0.8772569018175195,0.9534930126426675
28,24,26080,256,0.10747389100248661,0.9300257318518421,0.9447359996303271
28,25,634,256,0.023361309238777286,0.9065963693935037,0.9882503178654802
28,26,99102,256,0.11994869212233533,0.884551257631354,0.938110498756764
28,27,8116,256,0.04420130987473248,0.9383637547580097,0.9776495742981058
28,28,8042,256,0.061482410141508154,0.9201207458807532,0.9687711751794084
28,29,22609,256,0.07667142182714612,0.9072250988131784,0.9608998793697779
28,30,153804,256,0.10242483517962471,0.916790044134435,0.9474044357191787
28,32,2684,256,0.2566624436340592,0.8218531607050259,0.8621702594997932
28,33,8340,256,0.07546553364123612,0.903922285696851,0.9615271532092913
28,34,604,256,0.16809349266919169,0.8064577074908321,0.9120890895799644
28,35,27646,256,0.1287467984329957,0.8555477812228977,0.9334094501166165
28,36,951,256,0.06883566882049746,0.8711887221854152,0.9649685648659767
28,37,29450,256,0.1302063899325667,0.9026783207962775,0.9326272621296428
28,39,23479,256,0.26546227406988737,0.830542072171663,0.8570517638568353
28,40,15679,256,0.10463821542383757,0.8628187079475097,0.9462355861920235
28,41,544,256,0.046174432246874765,0.8633801261066942,0.9766399376193486
28,42,3238,256,0.4956940465774,0.6743497628063221,0.7101450228105524
28,43,34336,256,0.05734806168563446,0.9111995394684111,0.970902641006999
28,44,35654,256,0.08600144269702868,0.9133132354323069,0.9560327176948346
28,45,22504,256,0.0791389949888469,0.90532277382583,0.959615029587987
28,46,1728,256,0.0223087055155501,0.9503972318391067,0.9887827337107227
28,48,16989,256,0.28382905287198157,0.7884912039291393,0.8462688385661016
28,49,638,256,0.02812480221112147,0.8909874606593439,0.985837307971695
28,50,18066,256,0.25577131059412844,0.8637477652580534,0.8626869011442515
28,51,21881,256,0.11287299598468455,0.8606440272678381,0.9418741975525794
28,52,13924,256,0.09600040821998833,0.91504171377365,0.950788931246053
28,53,2400,256,0.1482305971241558,0.8367624769340521,0.9229135403036648
28,54,14136,256,0.10357297451138123,0.8899231900904072,0.946798302432265
28,55,13169,256,0.11187762077101385,0.8835176637842711,0.942402450776199
28,56,626,256,0.054984111503570056,0.8592859916564837,0.9721192768875793
28,57,11458,256,0.10208414505000121,0.9173532473101219,0.9475842205049633
28,58,186,186,0.04006009200706863,0.5620863303405126,0.9797652310594265
28,60,17655,256,0.07728049057055401,0.9036910630571985,0.9605829008625159
28,62,2766,256,0.1045697309512242,0.9340352851316168,0.9462717733551899
28,63,6074,256,0.15315468162914503,0.9415617583649287,0.9202419890283506
28,65,8908,256,0.14540137794964186,0.8903896669752944,0.9244450346290785
28,68,100,100,0.029466144547569812,0.7377632539997636,0.9851567669424142
28,70,1018,256,0.12460972908937845,0.7638068055591796,0.9356229320140789
28,72,10590,256,0.15785818742945557,0.8620450557102082,0.9176828496656917
28,73,8731,256,0.12050295066355218,0.9043981118782746,0.9378150400459825
28,74,3535,256,0.12413164862136804,0.9322365804892885,0.9358783849297044
28,75,86778,256,0.07998697512830395,0.9255611137068538,0.9591730943222375
28,76,3218,256,0.43195407582535766,0.6869861614298417,0.7536882141672657
28,77,24985,256,0.06548460421722441,0.9248369919996033,0.9667033649381674
28,78,63467,256,0.08558650542490684,0.9079382343174766,0.9562497030457542
28,79,27528,256,0.07817951488296887,0.9355594094377807,0.9601148291308863
28,80,99577,256,0.09284043400155244,0.8883616878698497,0.9524492458910593
28,81,19661,256,0.29589038407325957,0.7929700812867618,0.8391123976719331
28,82,14128,256,0.10703170181014213,0.8757604296380851,0.9449699985660168
28,83,34886,256,0.06353599858426233,0.9221642954006108,0.9677107013026867
28,84,1421,256,0.11520489010590565,0.776961414835438,0.940635481945102
28,85,1343,256,0.058515240604993905,0.882481907529033,0.970301375550404
28,88,257,256,0.11739819128008484,0.36221810249060754,0.9394688971540862
28,89,10670,256,0.2445788966600436,0.8561191726426424,0.8691496438128226
28,90,20215,256,0.1269959907371503,0.8701934422695041,0.9343468356359161
28,91,860,256,0.07068857357228792,0.8683775676983908,0.9640080012259815
28,92,481,256,0.04924829880536613,0.8352370951235907,0.975064972806753
28,93,11273,256,0.10159862372619861,0.9111480700488443,0.9478403748911529
28,94,20228,256,0.061581757255653055,0.9167855272252297,0.9687198990133046
28,97,14058,256,0.2428334275496293,0.7500570883529726,0.8701531890709651
28,98,240,240,0.032054922435399945,0.8811633511348522,0.9838419982723852
28,99,1634,256,0.2578020750247325,0.6368078495561756,0.861509097441964
28,100,15521,256,0.10587462814117003,0.9066951775546506,0.9455820280963625
28,101,27309,256,0.1225939103849401,0.9190284563462784,0.9366995727633594
28,102,60536,256,0.05808915485371541,0.9069242437091609,0.9705209143270868
28,103,7743,256,0.428984059823141,0.7298674901697905,0.7556559668108623
28,105,40377,256,0.16563402438320693,0.8780754823042828,0.9134363555370418
28,106,4657,256,0.17059632500213243,0.9186624549237657,0.9107160232464715
28,107,778,256,0.04759311925464395,0.878795208729703,0.975913357191793
28,108,45449,256,0.08911885836422202,0.9029480924279893,0.9544009333795613
28,109,9017,256,0.07183578217652568,0.8238706281847805,0.963412797207653
28,110,24872,256,0.08841423435514699,0.8972075116555872,0.9547700066743053
28,111,6354,256,0.1276635935485593,0.841920700383395,0.9339895108894107
28,112,10739,256,0.21182354015867627,0.9128563947837007,0.8877930275921994
28,113,9949,256,0.17324150516345857,0.9203094625156975,0.9092626104907984
28,114,60237,256,0.07926911102842245,0.9071514928193245,0.9595472312354288
28,115,3465,256,0.6089592269038875,0.6683636118074132,0.6253325300159208
28,117,12025,256,0.07691730765899528,0.9096545348676796,0.9607719252460517
28,118,390,256,0.07503347565094286,0.7422005278847444,0.9617517997638773
28,119,20520,256,0.19957234999659743,0.7980560400373827,0.894666222679387
28,121,22768,256,0.10353771693606618,0.8813365395470247,0.9468169216189231
28,122,236,236,0.29487010457349505,0.20887136657793545,0.8397201292255086
28,123,22601,256,0.08153661103905277,0.8742932592731265,0.9583649560375981
28,124,25430,256,0.10170136986307236,0.884706024630479,0.9477861732146802
28,126,741,256,0.0950480006557979,0.745133276967942,0.9512896506029076
28,127,91426,256,0.07578768428294327,0.9215067643632324,0.9613596183099521
29,0,26036,256,0.1085986980768687,0.909429792363746,0.9441405096293302
29,1,89264,256,0.08684029419409908,0.9226563263727261,0.9555939021393455
29,2,32001,256,0.11734195813058117,0.8829262540469248,0.9394988248366354
29,3,1050,256,0.03779600792825667,0.9004333312151087,0.9809199723074984
29,4,492,256,0.03095987816692255,0.8936505774179595,0.9843983552571984
29,5,21662,256,0.16286483391474382,0.8850046444919262,0.9149509091122081
29,6,48284,256,0.0689007374125922,0.9252847182973147,0.9649348488822486
29,7,14785,256,0.1975854983932567,0.860835734098918,0.8957759215377155
29,9,117008,256,0.08652988353448435,0.910587300527638,0.9557563060035312
29,10,4312,256,0.15743752642204392,0.9113302337676223,0.9179120184298472
29,11,15437,256,0.0998355530553615,0.8968695888253188,0.9487699652416482
29,12,511,256,0.024497787566095938,0.9258223348481641,0.9876751553187435
29,13,2453,256,0.12492624588851829,0.9121955745972061,0.9354537690936318
29,14,22784,256,0.07170125543198891,0.9306752979639727,0.9634826124886796
29,15,30312,256,0.08845566169693635,0.9065864408132833,0.9547483114952672
29,16,88,88,0.022891488862038442,0.8339537298689578,0.9884879924096001
29,17,51736,256,0.06635017764422134,0.9171594143231366,0.9662555678265345
29,18,29034,256,0.14950382773204082,0.900809461730635,0.9222234936651522
29,19,27137,256,0.13264079687781008,0.8800533927169787,0.9313212137185484
29,20,24124,256,0.062346335474787504,0.9172469068031467,0.9683251853201034
29,21,19449,256,0.29550518659365527,0.8011100582345122,0.8393418930366485
29,22,4064,256,0.11953086447078178,0.920876060236092,0.9383331687248502
29,24,155,155,0.021531975349050814,0.8991000134895641,0.989175426631166
29,25,889,256,0.18783158263220676,0.648944840872102,0.9012038711455878
29,26,4286,256,0.12083542710384523,0.8958904979681566,0.9376377620894728
29,27,417,256,0.028141168613895304,0.8694767192687864,0.9858290071742182
29,28,152,152,0.24294160812158386,0.07521975580204229,0.8700910250533654
29,29,222,222,0.1299920557737104,0.24509003840549257,0.9327421638514524
29,30,16839,256,0.10874579906476486,0.9049425467366123,0.944062604351658
29,33,210,210,0.05294387221315313,0.5945134091915526,0.9731680881465683
29,34,2436,256,0.20407061832398682,0.9033110580119148,0.8921487441430455
29,35,26978,256,0.0732625085272575,0.9282420230964576,0.9626720581136353
29,36,43321,256,0.08709296945313058,0.9336223266837568,0.9554616844996294
29,37,3342,256,0.09218995921888234,0.929104803658554,0.9527906594741142
29,38,1143,256,0.2834606719449976,0.6362744818149871,0.8464864606448247
29,39,4730,256,0.169659247335792,0.8249182903653548,0.9112303510442396
29,40,892,256,0.08987634181417929,0.8489197844382593,0.9540040137157814
29,41,289,256,0.15265514256108553,0.5098858829158598,0.9205133662467452
29,42,14590,256,0.32311651797032254,0.7977973122786366,0.822729288423402
29,44,6864,256,0.17486259891870126,0.8503677999702481,0.9083707398861429
29,45,36817,256,0.1008539542370706,0.8991451299567643,0.9482331178370271
29,46,21064,256,0.12047706941502172,0.8892250665314916,0.9378288386400678
29,47,9968,256,0.09473313763841863,0.8911165864603823,0.9514551289270459
29,48,10609,256,0.15253287092130738,0.8651834806722708,0.9205797787691693
29,49,7306,256,0.0506788491823304,0.8813405034080595,0.9743311299643821
29,50,14056,256,0.16184664458330264,0.8680751552041973,0.9155071574906978
29,51,690,256,0.05017866269363851,0.8724029191893442,0.9745877781433345
29,52,8552,256,0.08039515585211862,0.923617151756564,0.9589602933113974
29,53,30279,256,0.07785021465417995,0.909118854863558,0.9602863038416304
29,54,8541,256,0.0603767814841775,0.9001120605685379,0.9693416417939665
29,55,15799,256,0.36231178959952753,0.7753027170774738,0.7985538243603072
29,57,17720,256,0.11918882774259101,0.8782257780463041,0.9385154086414399
29,58,1422,256,0.06882040538017442,0.8601933434146055,0.9649764736094998
29,59,2351,256,0.23221201803355826,0.8341657029805367,0.8762351179714505
29,61,18414,256,0.0957143336515911,0.8658135589386297,0.9509393599743408
29,62,38148,256,0.13586968044946487,0.9345962221074482,0.9295861012033986
29,63,14831,256,0.10349169821432883,0.911916041392836,0.946841223112762
29,64,25986,256,0.08138979252757918,0.9132233947119738,0.9584415514116762
29,65,35554,256,0.07759272249990525,0.9290418302189798,0.9604203649965439
29,66,45977,256,0.0561100152317101,0.9083010757788845,0.9715400067770189
29,68,57065,256,0.11774227787572154,0.9438986957765755,0.9392857510493164
29,69,22621,256,0.11987075548990789,0.895535947758142,0.9381520369908558
29,71,107,107,0.02239155839010385,0.8257838275170885,0.988740836422718
29,72,13929,256,0.19727849189942476,0.8743588680588075,0.8959472685937355
29,73,38826,256,0.11673608421720366,0.9011056008039219,0.939821214797153
29,74,368,256,0.05719704528016909,0.8207311026931191,0.9709804090298789
29,75,4244,256,0.05196359300576231,0.9032867953697215,0.9736716114759831
29,76,83,83,0.02351031106668544,0.8029136861620295,0.9881749283063777
29,77,82193,256,0.07212908011456241,0.9207372598981789,0.9632605669731517
29,78,5013,256,0.19034098977918235,0.8594676485026448,0.8998105412923421
29,79,42148,256,0.09527035118377414,0.9340300402447428,0.9511727754809984
29,80,25471,256,0.3476770193740808,0.782167734516631,0.8076651413958134
29,81,11020,256,0.1296410639480336,0.9089215785208018,0.9329302953875849
29,82,68314,256,0.08513809119284842,0.9110650335318625,0.9564841393390439
29,83,5813,256,0.3496871503889072,0.8350451364845308,0.8064197725819306
29,84,25894,256,0.07066499238218979,0.908492950254879,0.9640202319546048
29,85,30082,256,0.08452821424636915,0.9313943975494828,0.9568028980692057
29,86,192,192,0.04195540579404896,0.803302694199891,0.978797524621896
29,87,14287,256,0.12649046435161987,0.9369616687488052,0.9346173204303354
29,88,14254,256,0.3323316876287224,0.8221484516859902,0.8171097309243586
29,89,11180,256,0.19906323031826792,0.9115851628775321,0.8949507079620264
29,90,10851,256,0.09813195289960884,0.911000728956215,0.9496673349654557
29,92,34284,256,0.10471302344665331,0.8975704596590317,0.9461960560863413
29,93,9509,256,0.10369866751878655,0.9177897977726638,0.9467319221834729
29,94,98,98,0.024049932775312796,0.7348925979139879,0.9879018510078252
29,95,1209,256,0.07254228645650486,0.905749786321296,0.9630460599283376
29,97,15294,256,0.09630711744951716,0.925320719591124,0.950627625598206
29,99,14422,256,0.4080659275954438,0.744058009614419,0.7693725186179684
29,100,51935,256,0.07622128443986484,0.9365167535646668,0.9611340778268842
29,101,418,256,0.029170488254270495,0.8836042128309483,0.985306810970943
29,102,12086,256,0.08764637968810218,0.9114820031410793,0.9551720370236442
29,103,67275,256,0.06725191051141247,0.8827972391857307,0.965788843116645
29,104,1492,256,0.035135912651296106,0.9146813976992086,0.9822749550653849
29,105,4552,256,0.19353432377940352,0.8989248767231836,0.8980343402234664
29,106,52574,256,0.05351503601045272,0.9311177540781088,0.9728745880068753
29,107,552,256,0.028388273017172987,0.9078754946091406,0.9857036709796849
29,108,523,256,0.11805521678999677,0.7438534849596479,0.939119152828864
29,109,1544,256,0.0937838898766927,0.8284181492434329,0.9519538382313016
29,111,141,141,0.021196192121561992,0.9082507642662321,0.9893451409283001
29,112,99951,256,0.05622741634137157,0.9006204370039648,0.9714795847873636
29,113,465,256,0.04150498715885284,0.8378723941768137,0.9790275853320718
29,114,1753,256,0.058347617424140866,0.9166584365618209,0.9703877485705696
29,115,3405,256,0.08875265312156952,0.9166798639613268,0.9545927649413809
29,116,1476,256,0.06418751336484864,0.9004415207932723,0.9673740158982727
29,117,19031,256,0.05891771699459342,0.9176641415437645,0.9700939557617121
29,118,7008,256,0.06607464263869627,0.947114816795033,0.9663981360502015
29,120,10678,256,0.13363198796944253,0.8768831492871914,0.9307889191597403
29,121,94502,256,0.07282642928510885,0.9292503267394908,0.9628985256582809
29,122,13465,256,0.15839833701386563,0.8829577814921965,0.9173885016644444
29,123,7328,256,0.235208355924742,0.7847556844452854,0.8745236669611967
29,124,1040,256,0.08742428432176047,0.8626539882334627,0.9552882893023652
29,125,228,228,0.025875254047658735,0.8608642481176397,0.986977581281531
29,126,10649,256,0.07716105937586704,0.9037062447821909,0.9606450648518072
29,127,151,151,0.028125484848039357,0.8313152144135653,0.9858369617497412
30,0,19346,256,0.19599537091716007,0.8875708801173791,0.8966630521454757
30,1,14394,256,0.17906476441537306,0.8218344026562225,0.906054764120043
30,3,27581,256,0.10467026052115086,0.9425494001296921,0.9462186531023625
30,4,25661,256,0.14069736737144328,0.9322027044393808,0.9269857780077085
30,6,18808,256,0.22630303447423847,0.8709308798224746,0.8796004578931058
30,7,8569,256,0.082853882501018,0.9197746011452314,0.957677460055828
30,9,6131,256,0.21535587225317399,0.7310792699942394,0.8858014042362012
30,10,56238,256,0.05341158473789061,0.8965061120776213,0.972927754389867
30,11,2360,256,0.49486702721767417,0.6104155299115516,0.7107270733427324
30,12,8229,256,0.3670449850849535,0.8348741685273954,0.7955847000257399
30,13,10431,256,0.22635598507218013,0.8491599703770458,0.8795703581452822
30,14,44639,256,0.08918499850069125,0.931099198102897,0.9543662826710239
30,15,1931,256,0.08282983480891533,0.8697693296153078,0.957690015188153
30,16,145,145,0.030807010446593137,0.8608497542865806,0.9844759974491033
30,17,12671,256,0.1529743381532026,0.8796195742955029,0.9203399707970948
30,18,2952,256,0.15908180236297448,0.9306410142498392,0.9170159200564761
30,19,1236,256,0.04459524189078396,0.9187105280920909,0.977448084610746
30,20,6402,256,0.22141555347661837,0.9263095671321354,0.8823743233590728
30,22,108981,256,0.10867373525896425,0.9980430040350529,0.9441007704376878
30,23,123574,256,0.07175658217428178,0.9145420254250055,0.9634539002078502
30,24,11040,256,0.34595372903765925,0.7966741701041863,0.8087312724028549
30,25,8799,256,0.15581788242040312,0.8432011288660608,0.9187938384532174
30,26,10700,256,0.3521704971292422,0.7181300329476978,0.8048785640522164
30,27,622,256,0.11556925719722204,0.6322799409625249,0.9404417806556544
30,28,12821,256,0.10886631363414216,0.9196696986939866,0.943998774557392
30,29,2214,256,0.3414796505831214,0.7959044695292924,0.8114926675065391
30,30,4748,256,0.08095216735511011,0.8799315966538855,0.9586698246241455
30,32,174,174,0.02906385094680271,0.8384691931319257,0.9853609232424417
30,33,27231,256,0.18441408779439566,0.8796087058397237,0.9030979527191967
30,34,21018,256,0.2162324716735625,0.8094647071345621,0.8853064601178721
30,35,4340,256,0.18201740075532802,0.8877753525017301,0.9044239046181122
30,36,714,256,0.03248593890922584,0.9131899144407439,0.9836229262734649
30,37,1868,256,0.06461989790717192,0.8794239174372513,0.9671505064325966
30,38,13818,256,0.07751159124647773,0.9315550790947118,0.9604626014340809
30,39,33982,256,0.16133673287453099,0.8650224785682888,0.915785601069087
30,41,41336,256,0.12226517509654014,0.9283911611334804,0.936875031636269
30,42,13344,256,0.05830073073280377,0.9380465648604,0.970411907010212
30,43,473,256,0.031522849882894756,0.9230887609842661,0.9841123666112043
30,44,5707,256,0.39902834226666895,0.7646420916450314,0.7752236178892714
30,46,5607,256,0.14898512135651895,0.8102893258318993,0.9225046767596796
30,47,149,149,0.0445416471412939,0.7161697130766473,0.977475499876445
30,48,544,256,0.05919138652878707,0.8412536106108812,0.9699528923979829
30,49,14910,256,0.3240660657087609,0.7945005488269639,0.8221520141015524
30,52,55794,256,0.0738980279656399,0.9358199594665308,0.9623419205429846
30,53,165,165,0.07675068517030349,0.5325698494371655,0.9608586341547317
30,54,123427,256,0.11135659485334627,0.9370078503106997,0.942678845178279
30,55,9962,256,0.07050245721468512,0.8828983678346776,0.964104528972515
30,56,38464,256,0.36368137216180657,0.6935793171230904,0.7976958241323527
30,57,73,73,0.030594740008900074,0.8088988389997414,0.9845838003903477
30,58,45590,256,0.18363334963282588,0.8293544264490941,0.9035301048482968
30,59,64,64,0.039595396794318206,0.547558178514604,0.9800023485715132
30,61,10394,256,0.1112113072767448,0.9308017428064915,0.9427559030434417
30,62,13305,256,0.2846537310204362,0.9571315922800538,0.8457814546202606
30,63,80350,256,0.12858386684926043,0.855075211520771,0.9334967236957715
30,64,24126,256,0.15126523007843135,0.8678210433511314,0.9212680228476231
30,65,23235,256,0.1048668824111182,0.955477275109607,0.9461147486372262
30,66,485,256,0.0714884516599457,0.8504030779505939,0.9635930408321006
30,67,1983,256,0.15190070538235811,0.8481863834525714,0.9209230666117784
30,70,793,256,0.09761120306746505,0.8100371634021136,0.9499414702667396
30,71,1092,256,0.3347831080730798,0.5873247230832462,0.8156082956462128
30,72,8056,256,0.21797763554082275,0.8799018451492772,0.8843202838673199
30,73,64,64,0.0282481296601121,0.7933888646037438,0.9857747563920918
30,74,1956,256,0.1587005923541381,0.8198121626586468,0.9172237500445908
30,75,23221,256,0.06710728355998029,0.9221574363199894,0.9658637152518049
30,76,129,129,0.03512185841208699,0.7816920580484494,0.982282108962549
30,77,38156,256,0.1526914559332025,0.9051268464707323,0.9204936415135074
30,78,6977,256,0.5191186064389064,0.7107228404590374,0.6934561223041394
30,79,3432,256,0.0952462948592795,0.8932374434539746,0.9511854210093427
30,80,96,96,0.02496610644046083,0.8744152490960949,0.9874380454284406
30,81,751,256,0.27194817910242347,0.5649954880908493,0.8532595272820437
30,82,3648,256,0.16585254742844915,0.9049467949162784,0.9133167317921811
30,83,17922,256,0.16609091323769248,0.8705999275508354,0.9131862278649999
30,84,8343,256,0.18528219808057034,0.9454246015906846,0.902617195670141
30,85,30732,256,0.05634002153190559,0.9270040979542391,0.9714216275480458
30,86,33391,256,0.05840425810906501,0.9108817803768967,0.9703585635686094
30,87,55749,256,0.08138147081212414,0.9041588401540327,0.958445892676199
30,88,7430,256,0.08660536980170419,0.8946144638918142,0.9557168148558943
30,89,98591,256,0.15606360306314837,0.9231888881853081,0.9186601095818038
30,90,180,180,0.045890542787572985,0.7963159030222777,0.9767852666847647
30,92,7616,256,0.13473425355439392,0.8849904567806187,0.9301966170899603
30,93,22942,256,0.098222661554772,0.9391516921343332,0.9496195756434405
30,94,2721,256,0.19626813580788943,0.8919732115871635,0.8965109392484346
30,95,5602,256,0.18280692153825576,0.7847319553838494,0.9039873220691451
30,96,42445,256,0.09968499995081524,0.9328629331183734,0.9488493031294194
30,97,46842,256,0.102126265157312,0.9319973448463138,0.9475619952502781
30,98,665,256,0.31087342823842784,0.40449103927167984,0.8301364777924002
30,99,15112,256,0.19129715873755643,0.8368476578353716,0.8992790675104383
30,100,43063,256,0.0610232457997839,0.9156127184662992,0.9690081290681808
30,101,16544,256,0.17573027075708372,0.8984776005123563,0.907893016408275
30,103,20175,256,0.06356796277080966,0.9343064794271555,0.9676941857990005
30,104,5920,256,0.24312096063183064,0.7951036910503909,0.8699879535764673
30,105,24215,256,0.1222968274058548,0.8998134264770152,0.9368581389912484
30,107,12132,256,0.32608589219785206,0.8091800836082031,0.8209227173139674
30,108,666,256,0.0327995672689267,0.8819095543513448,0.9834634882551936
30,109,29255,256,0.11883555901768751,0.8870081382609755,0.9387035959142335
30,110,22519,256,0.07515555336776998,0.8936736660351959,0.9616883313382928
30,111,653,256,0.032722144323646,0.903867179041426,0.9835028498567526
30,112,4409,256,0.1451513656015696,0.8986749184193618,0.9245802476791457
30,114,4618,256,0.14776363688417873,0.8718412169689985,0.9231664872144251
30,115,36805,256,0.11069734467779627,0.9106784807140165,0.9430284488403325
30,116,11679,256,0.3301624229079909,0.8901578867784745,0.8184360555914
30,118,32572,256,0.07599975489823015,0.9231647472577972,0.9612493147471003
30,119,37611,256,0.1405317972177101,0.9470295567754454,0.9270750793664394
30,120,584,256,0.02809272788341391,0.9386249314710873,0.9858535753937225
30,121,7423,256,0.4043383814402165,0.7889492227738621,0.7717911754871155
30,122,14937,256,0.3500799772389591,0.7753330898189288,0.8061761735260109
30,123,5826,256,0.07574284604328428,0.9273437153708367,0.9613829382492263
30,124,1354,256,0.08600392594930482,0.8352781397696353,0.9560314189662885
30,125,38353,256,0.09670651187723328,0.8873918572325817,0.9504175335728854
30,126,3621,256,0.12314912159509055,0.9061511862455192,0.9364031601852428
30,127,73212,256,0.077451006907253,0.9082085370902709,0.9604941400616388
31,0,65,65,0.019419650611375516,0.8921070131929673,0.9902425709838092
31,1,80367,256,0.09515957287983845,0.8878861841744907,0.9512310061810231
31,2,19341,256,0.10249909034472003,0.9120240882001913,0.9473652461723936
31,3,6612,256,0.30196640084634924,0.8495597584486239,0.835484050807465
31,4,41575,256,0.08522660329043183,0.9321513083416095,0.9564378687136809
31,5,102787,256,0.06992335023269433,0.9247267797363535,0.9644048163335279
31,6,156,156,0.03401549742556113,0.7971349396037282,0.9828451060947696
31,7,10196,256,0.11251966816209838,0.8954152843193118,0.9420617452364265
31,8,12837,256,0.4083528990580342,0.7826328109237053,0.7691859989248152
31,9,2703,256,0.3049903465401643,0.8602816317324274,0.833672389767009
31,10,6266,256,0.2218210678242041,0.9017725062459303,0.8821445075359229
31,11,5949,256,0.17255068521495134,0.8713691630485734,0.9096424103927041
31,12,12553,256,0.1370986822068147,0.9247557556939006,0.9289248181597827
31,13,30634,256,0.2079358475028097,0.9028176553974818,0.889979860725618
31,14,109,109,0.02556606824726343,0.8206904578761993,0.9871342014907277
31,15,5344,256,0.12620503033066174,0.9281606028011564,0.9347700089697669
31,16,687,256,0.044853103135939563,0.8411410078188549,0.9773161703686584
31,17,19438,256,0.13588580290224947,0.8881561398190919,0.9295774293181556
31,18,1741,256,0.3292577065869506,0.6385816691953783,0.8189885795376205
31,19,12718,256,0.1252271628615133,0.9391726010684347,0.9352929151546517
31,20,19393,256,0.07827849407068108,0.9292749737126106,0.9600632822524351
31,21,27300,256,0.10972741333087516,0.9192325000809203,0.9435425727910346
31,22,5215,256,0.28440745979123694,0.9075107649647395,0.8459270300733764
31,24,4965,256,0.5443992537772158,0.6858042894674786,0.6749820340000052
31,25,5334,256,0.1056247029291844,0.9241453931810941,0.9457141730305281
31,26,32280,256,0.06158747133096965,0.8924142070473048,0.9687169497170112
31,27,19946,256,0.1613311380911673,0.9018622132634573,0.9157886557000107
31,28,384,256,0.13384156990080565,0.30713655431300196,0.9306763293966352
31,29,7426,256,0.15526343621077954,0.8592354893291145,0.9190955139642563
31,30,1530,256,0.08914004582072113,0.8681258616477254,0.9543898334429589
31,31,16954,256,0.11492019024153396,0.898707974607956,0.9407868035630953
31,32,52890,256,0.11172223836984445,0.8712035227813054,0.942484886685275
31,33,128114,256,0.09255264817476386,0.8748263157676757,0.9526003106367519
31,34,7977,256,0.07085727228051235,0.9147344450092142,0.9639204986509456
31,35,170,170,0.028341803605433397,0.8188614632019583,0.9857272423924209
31,36,7599,256,0.10452969861922093,0.9337612787597387,0.9462929257797392
31,37,109,109,0.034956228071294976,0.7348105074303568,0.9823664142918899
31,38,15440,256,0.16928311070329335,0.9303448216282281,0.9114367171102482
31,39,12314,256,0.12311339574916849,0.9130536865621071,0.9364222360937567
31,40,2097,256,0.15787615426526933,0.9295270282952011,0.9176730603732086
31,41,550,256,0.06850399569968267,0.7915760907530893,0.9651404065214124
31,43,7271,256,0.08089415882663847,0.9056243324304232,0.958700078842889
31,44,22695,256,0.1355906650063244,0.862221536167625,0.9297361641851282
31,45,28399,256,0.09016460233220543,0.9057984629189398,0.9538529224507281
31,46,13764,256,0.11428058928090866,0.930144241583837,0.9411266709211312
31,47,46461,256,0.12532796575513458,0.9357694769204984,0.9352390251934879
31,48,95045,256,0.06434580676750729,0.9267190034192736,0.9672921964083514
31,49,20271,256,0.10952628431352077,0.8785685792365994,0.9436491486174717
31,50,12280,256,0.10812387927757332,0.8684513927260505,0.9443919317330208
31,51,26982,256,0.09118645835554044,0.8927409361536358,0.9533171254333259
31,52,9355,256,0.21540056720724965,0.902041941108108,0.8857761753359312
31,53,47968,256,0.08393439389735823,0.9385160957579932,0.9571131626420367
31,56,22098,256,0.4220312481223413,0.7875478670683972,0.7602425612116561
31,58,43458,256,0.11968861514226913,0.8865368307224729,0.9382491059722524
31,59,14027,256,0.3298457201114008,0.7751211338264754,0.8186295132039885
31,60,4866,256,0.10233115215693096,0.8947010741415173,0.9474538763671132
31,61,41118,256,0.19916944884573523,0.9194781088974989,0.8948913627666013
31,62,8111,256,0.3086499495995269,0.8100150310390065,0.8314746240267787
31,63,4337,256,0.15790612704430823,0.8704253455122719,0.9176567293687176
31,64,4813,256,0.12956593353077572,0.9510813770298604,0.932970560344336
31,65,380,256,0.09278704336545827,0.7638325851279297,0.9524772735527823
31,66,24758,256,0.07941852805324232,0.9183186390678321,0.9594693699888276
31,67,5992,256,0.12264025507934147,0.9268613581073121,0.9366748341450508
31,68,2476,256,0.30380827226815826,0.9130226741833959,0.8343810446863241
31,69,1128,256,0.09776614663342298,0.8304702574424954,0.9498599124958254
31,70,1542,256,0.08624582272600932,0.8696236583354416,0.9559048997018431
31,71,121,121,0.03153300480030253,0.8315800580666028,0.9841072071678458
31,72,8832,256,0.11924372900983966,0.8746581473882727,0.9384861591894471
31,73,74549,256,0.06372670492098552,0.911942080470904,0.9676121614980945
31,74,36615,256,0.09185315463426907,0.959435134563589,0.9529673894555526
31,75,22539,256,0.300565810737387,0.7879612388604353,0.8363218215870091
31,76,2272,256,0.25890350707419024,0.7987223330184838,0.8608696143585333
31,78,72,72,0.02280653927396202,0.805131004151408,0.9885309609344757
31,79,1870,256,0.11258104351268496,0.7640599457329721,0.9420291696584109
31,81,4303,256,0.3409029531770554,0.9175553074290617,0.8118479209944093
31,82,74055,256,0.11939524071414744,0.8540478687163869,0.9384054343863598
31,83,12802,256,0.12177812997575974,0.945158961098271,0.9371349262642175
31,84,433,256,0.03626963164226335,0.900728541363682,0.9816976970319002
31,85,100,100,0.025214010214035944,0.8346533469031412,0.98731250867492
31,86,12369,256,0.13226583562208905,0.907624065299815,0.9315224980524683
31,87,2377,256,0.10085123848363885,0.9044001783903087,0.9482345498432132
31,88,36034,256,0.0793884019509646,0.8957536974831363,0.9594850692163143
31,89,41596,256,0.07481230970114608,0.9253139560460959,0.9618667736744283
31,91,18883,256,0.11965597865773128,0.918174935278975,0.9382664980389467
31,92,132,132,0.026145766778635202,0.8152837668106134,0.9868405307958145
31,93,10137,256,0.08246480745149976,0.9424382700010137,0.9578805732180292
31,94,13035,256,0.1803601230031151,0.8557114821308374,0.9053396473130318
31,95,10245,256,0.07904696202090568,0.8936074745758993,0.9596629814570813
31,96,905,256,0.05958691794585126,0.8983169101936452,0.9697489788879123
31,98,1805,256,0.057084436375113075,0.9203693497916158,0.9710383945163481
31,99,9397,256,0.14354047979321,0.9094991755401839,0.9254509820659277
31,100,133281,256,0.09213842929881268,0.8907294668081696,0.952817700665341
31,101,6815,256,0.4378870766155266,0.7437085239188703,0.749741904514129
31,103,4203,256,0.08699361715187207,0.9253905411866254,0.9555136748619184
31,106,88629,256,0.08875707279789541,0.8789801625032303,0.954590449984759
31,108,88170,256,0.11085471967114223,0.947239784587396,0.942945003872897
31,109,1567,256,0.2678003714931093,0.6371809334256086,0.8556866415381805
31,110,20142,256,0.0837765645399517,0.9264826141159911,0.9571956098207138
31,111,5601,256,0.15524739856673186,0.8817001762426869,0.9191042386113057
31,112,18422,256,0.2928896985396788,0.8013809243076366,0.8408985084184186
31,113,1635,256,0.20448313408696456,0.752877286041264,0.8919175219228712
31,114,6425,256,0.26331553652178785,0.9338084395409665,0.8583032468062859
31,115,6332,256,0.1364424836290235,0.8717671630507998,0.9292779543123664
31,116,21372,256,0.08716224762498521,0.8992499596671515,0.955425430044132
31,118,209,209,0.03479067395789777,0.8302335028734057,0.9824506735923704
31,119,114,114,0.021284963989098404,0.8995510060767508,0.989300275958165
31,123,17331,256,0.25083858468466225,0.8365525399023873,0.865541111279723
31,124,13569,256,0.07893570265104584,0.912939377528824,0.9597209476451757
31,125,6956,256,0.13917453559793888,0.9047221263403712,0.9278068033820732
31,126,1091,256,0.17019587535478883,0.6292407959371521,0.9109358510044553
31,127,9922,256,0.2567367293568703,0.9029865349833573,0.8621271777662096
32,0,104,104,0.02599985225302923,0.8518258146437331,0.9869144581710062
32,2,14597,256,0.1996453927565715,0.8217690532926938,0.8946254005132139
32,3,5012,256,0.15728239444047665,0.9028909046545054,0.9179965171826762
32,4,18836,256,0.07650811321712266,0.8950233883255916,0.9609848525251984
32,5,21053,256,0.059561638008999974,0.935487951213706,0.9697620130686704
32,6,7122,256,0.07926861138498281,0.8892802548676187,0.9595474915891434
32,8,28515,256,0.08075896865198544,0.9498429842947393,0.9587705832721478
32,9,12267,256,0.27496616733525714,0.8020186488082233,0.8514891852893628
32,10,619,256,0.03405504417949109,0.9093697167255544,0.9828249873810234
32,11,2499,256,0.07197605753454442,0.948497519764624,0.9633399931828096
32,13,5255,256,0.19518521877923267,0.8287749823261656,0.8971146979181466
32,14,12252,256,0.08410522125815381,0.9063315211091121,0.9570239175390792
32,15,9321,256,0.11836997783033823,0.9035636412380665,0.938951554751182
32,16,9921,256,0.40587096065408174,0.7866178239281483,0.7707976643360553
32,17,69751,256,0.08334626193548715,0.9119011703674859,0.9574203559902583
32,18,2934,256,0.11093060341438363,0.8751590990720073,0.9429047653849334
32,19,5544,256,0.15428527211128787,0.892577754375014,0.919627494091337
32,20,27279,256,0.07936909391113407,0.9072855937365628,0.9594951308312439
32,21,50313,256,0.07873493266128737,0.923684224737578,0.959825540053354
32,22,32819,256,0.13281115696173423,0.8805015672820729,0.9312297477197911
32,23,18795,256,0.06516323248606437,0.9386466849931031,0.9668695710973304
32,24,18953,256,0.0849674372801959,0.8772082710540685,0.9565733441403247
32,25,11993,256,0.09790088038671077,0.864639424715425,0.9497889868877661
32,26,1003,256,0.1318130941683346,0.6099097754433129,0.9317654779136568
32,27,18162,256,0.08034232910396635,0.8963538023937933,0.9589878366778348
32,28,17116,256,0.13407727660328952,0.873003892547218,0.9305496888381138
32,30,11824,256,0.14574380076810498,0.8757056183041695,0.9242598115421308
32,32,85041,256,0.06806809028675684,0.9008557028844341,0.9653662049778018
32,33,18817,256,0.06076882831805718,0.9129222064220867,0.9691393974459726
32,35,82620,256,0.06094835191968064,0.9232082034478756,0.9690467729064058
32,36,8324,256,0.13108091403292438,0.8777747744918699,0.932158294479578
32,37,10463,256,0.06627403364967209,0.9340251342058307,0.9662949686044774
32,38,5217,256,0.2721763169120336,0.8507604121867489,0.8531258307471217
32,39,8931,256,0.060989935875935715,0.9238306818626905,0.9690253165547659
32,40,5179,256,0.08615237814886319,0.9347981717054904,0.9559537760012964
32,41,1085,256,0.17985088379461467,0.7134032152190447,0.9056208457215333
32,42,191,191,0.022884209519174494,0.9117775216495478,0.9884916744620693
32,43,616,256,0.03851827361246828,0.8472764354914815,0.9805517458999967
32,44,129595,256,0.07642304364816396,0.9044965884369206,0.9610291131655877
32,45,22030,256,0.09241497791419477,0.8988094428754261,0.9526725681396548
32,46,2709,256,0.22939883677263834,0.838672248873158,0.8778389164461563
32,47,52171,256,0.08425382688887376,0.9207639199548506,0.9569462749345578
32,48,10224,256,0.07817180594863339,0.9219028074579682,0.9601188437122598
32,50,4780,256,0.12701766858741861,0.9151279589005012,0.9343352350267977
32,51,3490,256,0.08207033454136553,0.917035464610133,0.9580864603252852
32,52,93,93,0.03110328233323022,0.7898602322459343,0.9843255140789401
32,53,35305,256,0.320325807995413,0.8175143551067183,0.8244235513403211
32,54,10820,256,0.13176736146078982,0.9080471198950837,0.9317900184801349
32,55,62179,256,0.08050079184242433,0.9327987901858827,0.9589052133331927
32,56,64254,256,0.06721555327647108,0.9226735489676312,0.9658076654922184
32,57,9737,256,0.41251206736945417,0.7378775290710582,0.7664776139135088
32,59,1736,256,0.0489951878897264,0.9175685127079098,0.9751947559899374
32,60,64,64,0.024572183721452978,0.7951489458648486,0.9876374923414699
32,61,59562,256,0.06477160275442868,0.9065157707828043,0.9670720744833713
32,62,10139,256,0.09569158693771751,0.933402552646258,0.9509513200276251
32,64,14469,256,0.07111374473625656,0.899759369339354,0.9637874533649748
32,65,17894,256,0.2460266777170269,0.8421564751005093,0.8683163722301758
32,66,9657,256,0.14596265863117816,0.8308737546936491,0.9241414076692062
32,67,12565,256,0.16193509250312682,0.8671205915599859,0.9154588507938919
32,68,8514,256,0.11400217112176315,0.8848841542625546,0.9412745767724936
32,69,2301,256,0.0970283681798723,0.9367912652115796,0.9502481948523385
32,70,35750,256,0.056673648281664296,0.9475810143518869,0.9712498914894846
32,72,18801,256,0.2296798721037463,0.8205065035254068,0.8776788295818999
32,74,7945,256,0.10896450472342155,0.9221581270389911,0.9439467650649471
32,75,393,256,0.03664718557540424,0.8814235834154314,0.9815053817603833
32,76,22112,256,0.15065679429472215,0.9491217464478672,0.9215981801768479
32,77,15497,256,0.19973253437787397,0.833333722081607,0.8945766963330344
32,78,9728,256,0.11613043222635604,0.8414240878994945,0.9401433761792103
32,79,14055,256,0.09112913372505366,0.9102202993829719,0.9533471908360281
32,80,33906,256,0.05990508637075492,0.8968997785314423,0.9695849182146168
32,81,92,92,0.030164832867201213,0.8101280347989341,0.9848020954145045
32,82,9638,256,0.09096773048404282,0.9293524075785089,0.9534318378971605
32,83,2850,256,0.10142718961799635,0.9257009907467251,0.9479308046381886
32,84,14892,256,0.08391480337555669,0.8943558310239701,0.9571233967595001
32,85,1587,256,0.07026409693261867,0.8608640515453188,0.9642281384959585
32,86,47813,256,0.08308072275641479,0.9028868871599405,0.9575590202403115
32,87,13890,256,0.13265172933163924,0.8923536931374034,0.9313153443750193
32,88,1280,256,0.06274566588742676,0.8795473655853386,0.9681189669212008
32,89,642,256,0.13397828699706135,0.7381144661624047,0.9306028760985744
32,90,76104,256,0.19186219961433412,0.8548182970689838,0.8989648493604552
32,91,15206,256,0.08021374480283512,0.921909440776366,0.9590548760092745
32,92,10325,256,0.17850059069958205,0.8963007464021366,0.9063660459772409
32,93,99,99,0.040463771151887075,0.8043996411218047,0.9795592012982742
32,94,17662,256,0.08482239033351015,0.9161517052253855,0.9566491570405996
32,95,51105,256,0.065091319947583,0.9182734162705288,0.9669067587168977
32,96,152,152,0.0199744228414991,1.0477147676196787,0.9899624119927488
32,97,89,89,0.027450424336818484,0.7862703104511095,0.9861792817044889
32,98,4674,256,0.1360963205941122,0.8877117173690687,0.9294641894155405
32,99,18692,256,0.08883554332135976,0.885568211949637,0.9545493474297911
32,100,71117,256,0.06364802905288604,0.9181687757622587,0.9676528152943669
32,101,15636,256,0.13254498711215937,0.9001427489404081,0.9313726498495866
32,102,10103,256,0.3146913555772054,0.7779818756441893,0.8278337057783977
32,103,24835,256,0.07042235874701257,0.9181819886523571,0.9641460684216824
32,104,31149,256,0.06893726358169198,0.937034418997603,0.9649159219425846
32,105,47184,256,0.07405836088485365,0.9018026355149172,0.9622586134273605
32,106,12568,256,0.06081631231727161,0.9247140495225241,0.969114899112963
32,107,702,256,0.046545520982503016,0.9106838207237061,0.9764499367696723
32,108,52580,256,0.056037629694807245,0.9636830870585457,0.9715772590510714
32,109,9763,256,0.2298188170509741,0.821800633677493,0.8775996712334309
32,110,12724,256,0.07992410538991652,0.9410460553640381,0.9592058666470319
32,111,1081,256,0.16657422523826007,0.8306500717252014,0.9129215600267856
32,113,2466,256,0.07854379024542461,0.9331358175425303,0.959925106325788
32,114,14591,256,0.3204830082135851,0.8220408870749417,0.8243282063513385
32,115,265,256,0.03503582222225339,0.8719982731113373,0.982325902019155
32,116,930,256,0.14070404633615027,0.760705839099526,0.9269821754833529
32,117,949,256,0.0649990232417936,0.9063049704170693,0.9669544853601986
32,118,858,256,0.04153891059165632,0.8674603015035305,0.9790102601139293
32,119,139,139,0.09930275202108772,0.049087045410364856,0.9490507088553869
32,121,21317,256,0.13948654058100557,0.8741468088716573,0.9276386470059311
32,122,62159,256,0.06157291361995623,0.9090729738339138,0.9687244636015154
32,123,14656,256,0.07117721821301562,0.959290439374452,0.9637545236142783
32,124,6193,256,0.4515966767526652,0.7427846320091821,0.7405425870585262
32,125,6379,256,0.11482468834373842,0.9246976797453167,0.9408375585914189
32,126,282,256,0.30281158282102405,0.2808676550375108,0.8349780938317939
32,127,26757,256,0.16381101623219096,0.8727777297055577,0.9144336956651418
33,0,18354,256,0.1500952823511135,0.8484094953492253,0.9219027701709582
33,1,34216,256,0.059192540388344886,0.8920322639977928,0.9699522975959463
33,2,20182,256,0.28923347256563525,0.7899139906757457,0.8430697049677237
33,4,162,162,0.022191696671453327,0.8431906167169932,0.9888419000672184
33,5,30686,256,0.070041568992336,0.9108662898962784,0.9643435233399268
33,6,5138,256,0.09327007521538673,0.94376241672277,0.9522236737156944
33,7,55315,256,0.07945296927981964,0.8939853204693171,0.9594514217615087
33,8,1224,256,0.052681890075299484,0.8858202441197285,0.9733026815563084
33,9,22087,256,0.1154528586011567,0.8758020778606692,0.9405036636817761
33,10,1852,256,0.16238860588574197,0.8071387809779821,0.9152111199686431
33,11,795,256,0.03422913811810746,0.913007163722142,0.9827364152619422
33,12,614,256,0.24706341197775478,0.5531229726817594,0.8677191873078786
33,13,5263,256,0.21519523150059278,0.8469343144795426,0.8858920749726839
33,14,2062,256,0.05700761867997719,0.9381252519903477,0.9710779481174634
33,15,1451,256,0.06037689044474626,0.8494014881024996,0.9693415855905769
33,16,173,173,0.11655028751049186,0.46469524062779355,0.9399200564353908
33,17,85119,256,0.07717450394404847,0.9269381276292777,0.9606380671490963
33,19,860,256,0.09995175742734683,0.6266880592496827,0.9487087237780905
33,21,2792,256,0.08987611495087082,0.9363562731275593,0.9540041326163787
33,22,24785,256,0.0596653885338715,0.9055428052047191,0.9697085188169322
33,23,10044,256,0.08209692997473453,0.9300965703812438,0.958072580771032
33,24,25537,256,0.056843721199438944,0.9095856680625581,0.9711623339074478
33,25,11303,256,0.060307668156590485,0.9345926572673443,0.9693772907611409
33,26,1473,256,0.05103610145846536,0.8264755770129557,0.9741477806480568
33,28,14927,256,0.08619443505800027,0.8892609541119091,0.9559317783932072
33,31,684,256,0.0627150630181423,0.8145604137797283,0.9681347721169081
33,32,29065,256,0.2215475814979431,0.8067558396282175,0.8822995061213946
33,33,19844,256,0.07937107084303523,0.8768212025379083,0.9594941006368746
33,34,2440,256,0.09334786364497445,0.917965941905949,0.9521828271687247
33,35,52352,256,0.08168562277668508,0.8856614505810355,0.9582872101949994
33,37,29882,256,0.06067867650554993,0.9278071144854446,0.969185907602071
33,38,1577,256,0.04359929817376298,0.8840224316818407,0.9779574130943725
33,39,1233,256,0.036929396297119665,0.9090715054041076,0.9813616070047169
33,40,14700,256,0.07571581410592355,0.9140207058328881,0.9613969970278025
33,41,22822,256,0.10364290823816297,0.8820748234578235,0.9467613700198362
33,43,14388,256,0.07823842671528217,0.9000792596266918,0.9600841490644025
33,44,1922,256,0.0358158516945632,0.9270635491293824,0.9819287898342918
33,45,8988,256,0.07698102477647334,0.8961171237600132,0.960738765338178
33,46,25003,256,0.07754834809166525,0.9059509263234371,0.9604434662739576
33,47,7790,256,0.19921823123647475,0.8577188925300041,0.894864106310855
33,48,35809,256,0.07836819372548465,0.8938347787359654,0.9600165656250497
33,49,27628,256,0.09070211971639153,0.8997206907281657,0.9535711196778185
33,50,6106,256,0.2130476676599171,0.8972884240673822,0.8871033380278099
33,51,6102,256,0.2052855310180081,0.8080589212076639,0.8914675927828178
33,52,22175,256,0.06090998493861241,0.9161794009897394,0.9690665689525089
33,53,1567,256,0.03769820770824253,0.9116175390389092,0.980969822314508
33,55,8094,256,0.4942128755527293,0.694744328089669,0.7111871233699825
33,56,2987,256,0.12049427998679935,0.9081213843847191,0.937819662842063
33,57,1668,256,0.05869203390711775,0.845212234849351,0.9702102690102193
33,58,3441,256,0.08349597347476406,0.9531033898185363,0.9573421679447929
33,59,251,251,0.042859572683022214,0.8275311172044796,0.9783355392282229
33,60,17081,256,0.08723846237350268,0.9234556264149957,0.955385543969814
33,62,27188,256,0.07432580086213807,0.9278869035414407,0.9621196386821453
33,63,1996,256,0.043239415597067295,0.9337015679063703,0.978141392848157
33,64,114,114,0.019752452928699257,0.89675526985836,0.9900745159185246
33,65,17510,256,0.13916178594489192,0.8794270446328635,0.9278136742121815
33,66,31541,256,0.056818707791032624,0.9461168524309487,0.9711752118999781
33,67,2737,256,0.07624588231251887,0.9448275674610983,0.9611212814663305
33,68,7197,256,0.11457810384847902,0.9173417284831928,0.9409685946680266
33,69,6379,256,0.684714696683439,0.5945738148568063,0.5615027188861698
33,70,11667,256,0.17993816101936355,0.7193408688795103,0.905572658035034
33,71,94981,256,0.0575442274391901,0.9335879754067389,0.9708016133900942
33,73,4335,256,0.07046444693348808,0.9203826573660022,0.9641242415096262
33,76,116625,256,0.06376987964495595,0.9178996665470222,0.9675898513084168
33,77,400,256,0.13054579421758672,0.6981426326834638,0.9324452829964948
33,78,228,228,0.0397315321473771,0.8218402688907169,0.9799328894636729
33,79,13255,256,0.11794799604952276,0.8719753880756176,0.939176236896184
33,80,106514,256,0.1277716333392798,0.8654568477472195,0.9339316713018786
33,81,30553,256,0.07815123823251383,0.9374884938239174,0.960129554678683
33,82,36080,256,0.14203817770104113,0.8850222245844456,0.9262622859098598
33,83,10287,256,0.11725255466186692,0.8865459013905814,0.9395464040366144
33,84,5932,256,0.29284891399715546,0.8139485748393207,0.8409227586424597
33,85,10694,256,0.196392681640933,0.8730854439676226,0.8964414751443995
33,86,31945,256,0.07174990970071134,0.9200816761363636,0.9634573629898152
33,87,2729,256,0.24198545574855204,0.8812985489374212,0.8706403070450207
33,88,408,256,0.04277689760295105,0.8879868950800076,0.9783777912427535
33,89,48638,256,0.05739025058439503,0.9181238205783102,0.9708809141267558
33,90,2900,256,0.3668826255687906,0.7592101506153102,0.7956867313404249
33,91,7721,256,0.1606157227051287,0.8209047240025645,0.9161791731396601
33,92,13049,256,0.10792282684234408,0.9495929274659688,0.9444983711778734
33,94,25695,256,0.1249174369440928,0.8601572073478129,0.9354584774622052
33,95,81,81,0.02447802269727841,0.8016762790715378,0.9876851610218317
33,96,51050,256,0.08650881197763124,0.8922679157353217,0.9557673294386918
33,97,91340,256,0.0565959295581912,0.9226912072123857,0.971289900308764
33,98,11728,256,0.10230450713625913,0.8930225691509968,0.9474679376441932
33,99,123866,256,0.0632435604821869,0.9303741077185878,0.9678617874044895
33,100,18977,256,0.17177173756256997,0.882404085625769,0.9100704711380487
33,102,39582,256,0.06958679778726537,0.9115285038123818,0.9645792876755828
33,103,23506,256,0.05241226060466838,0.9141333627238567,0.9734411843533904
33,104,10143,256,0.09096875096592953,0.8931035727401362,0.9534313027345339
33,105,27437,256,0.07575470341655184,0.898939902778947,0.961376771397899
33,106,16607,256,0.08260038555441242,0.9043633606983444,0.9578098007671396
33,107,1916,256,0.0355095520068442,0.9254930420406389,0.9820847458306008
33,108,7864,256,0.11286133437137072,0.8823651269042483,0.9418803881749684
33,109,142,142,0.023579439382363274,0.8583130948794787,0.9881399499148067
33,110,19875,256,0.08923363262878732,0.8914178919059668,0.9543408025287469
33,111,123890,256,0.06384181327019026,0.9071046704338497,0.967552679046371
33,112,4998,256,0.06781898291052132,0.9359786190088197,0.9654952185741152
33,113,14371,256,0.06425808230105272,0.9114463433420262,0.9673375407265797
33,114,5188,256,0.19511217085104252,0.8600127339780783,0.8971554096972038
33,115,327,256,0.021587162836198954,0.9333687658790017,0.9891475305351578
33,116,11143,256,0.11541175575296596,0.9042256188898529,0.9405255149367475
33,117,4169,256,0.07297709192607998,0.9293087130179764,0.9628202885657946
33,118,1587,256,0.056291640208622436,0.9134409560610292,0.9714465295585638
33,122,11630,256,0.29676337277018705,0.8131190308663564,0.8385920505405551
33,123,381,256,0.021198034366219264,0.9115986207549277,0.9893442098854073
33,124,5640,256,0.08533837914115945,0.9483578664632957,0.9563794335193749
33,125,19698,256,0.18688628885971734,0.8835872835109191,0.9017281802961925
33,127,38255,256,0.05920111646544099,0.915840267219801,0.9699478767101658
34,0,149,149,0.08761125518411492,0.09063341301692208,0.9551904233271422
34,1,473,256,0.02938641913119858,0.9206043796041308,0.9851972294260685
34,2,26164,256,0.0824064303385289,0.904576697326086,0.9579110447538807
34,3,19673,256,0.09019800202207122,0.8873680921183943,0.9538354145123407
34,4,19516,256,0.14277257779787447,0.8474982258066601,0.9258657689979285
34,5,6211,256,0.3109878333987542,0.8104038236632544,0.8300675674914939
34,6,6307,256,0.19338404206459472,0.8757698086001632,0.898118008913865
34,7,5192,256,0.3862027044134911,0.9053674306610369,0.7834521654743887
34,8,1382,256,0.17497947901231253,0.6473806797169772,0.908306402590936
34,9,26713,256,0.10928299445580407,0.8753231439237827,0.9437780488781226
34,10,8563,256,0.04502732152801611,0.9284558232335947,0.9772270352748045
34,12,11154,256,0.16331370217085275,0.9151444669598489,0.9147055798611634
34,13,32296,256,0.05796580046454845,0.8967784075016837,0.9705844628549601
34,14,27954,256,0.07181941327089232,0.9030218747278775,0.9634212924412184
34,15,4773,256,0.10057003850817697,0.9166037115541674,0.9483828137897814
34,16,27369,256,0.3182963705800356,0.7777528903287771,0.8256534560092171
34,18,155114,256,0.05447124735148,0.9181090687016181,0.9723830277460215
34,19,14955,256,0.10169216706600029,0.9141091387987749,0.9477910280932184
34,20,3348,256,0.06608323026842469,0.931892240442563,0.9663936929282886
34,21,946,256,0.053452679601642364,0.9141813305619062,0.9729066349852681
34,22,845,256,0.027058268539988183,0.8965491578702417,0.9863780874796498
34,23,15650,256,0.10651557893922316,0.900173819689485,0.9452430486709632
34,24,387,256,0.04927930159019631,0.8245366556858571,0.9750490748725439
34,25,81599,256,0.050383321882907915,0.9059097263504328,0.9744827746641251
34,26,8997,256,0.21540281133245537,0.8394229751260298,0.8857749085786664
34,27,16235,256,0.09653785537811888,0.8958038537045013,0.9505062570135354
34,28,164,164,0.17366222558599023,0.12759227617400384,0.9090312285141857
34,29,354,256,0.028760277921276695,0.9074687505866389,0.9855149527423333
34,30,63851,256,0.053887886510897376,0.9071347716051888,0.9726829460256321
34,31,3010,256,0.16827418941157468,0.8611884581738265,0.9119900276803609
34,32,7814,256,0.2064373826873733,0.7652870412466248,0.8908213161530356
34,33,15381,256,0.0688759755588456,0.9066313247710387,0.9649476796392406
34,34,1271,256,0.04077470179705192,0.8934806298310026,0.9794004789681022
34,35,26429,256,0.09628223400480848,0.891898096764895,0.9506407134113243
34,36,6155,256,0.1706898561912911,0.8682290746814944,0.9106646714398824
34,37,2039,256,0.0459306939810355,0.921387509032068,0.9767647137458255
34,38,178,178,0.022699507146753846,0.8132275674668717,0.9885850964146922
34,39,15074,256,0.07020368320761475,0.9172822269308187,0.9642594654927611
34,40,49570,256,0.06375041799864216,0.908219751444678,0.9675999080205402
34,41,14617,256,0.0678151079132676,0.895081255977089,0.9654972253128087
34,42,231,231,0.021848390671876678,0.9297635081527307,0.9890154747667618
34,43,15590,256,0.13012437586438494,0.8832255290641503,0.9326712304642054
34,45,13047,256,0.0649976884814921,0.916306695866058,0.9669551755477127
34,46,245,245,0.04075797814021805,0.8277364349087952,0.9794090166318574
34,47,391,256,0.09343589804401334,0.7537341766033574,0.9521365983702058
34,48,3939,256,0.2338235835570099,0.8915105816313695,0.8753150383964564
34,50,30224,256,0.11243118277556402,0.8966567033229772,0.9421087077532168
34,51,6878,256,0.3200063315327451,0.8855199449758453,0.8246172860589662
34,52,45713,256,0.050882450400985664,0.9146247114452492,0.9742266418031352
34,54,738,256,0.03772491633210777,0.8524734401906972,0.980956208843133
34,55,22554,256,0.1524864869711098,0.8421827913763326,0.9206049712166942
34,56,17332,256,0.1751552327815736,0.8740425683074569,0.9082096493753116
34,57,14424,256,0.439901334763701,0.732160425936475,0.7483973979352807
34,58,4232,256,0.10768932898013334,0.9097427059523191,0.9446219725476783
34,59,900,256,0.12080591437405687,0.5876250098924546,0.9376534997673411
34,61,20994,256,0.09688568265895066,0.8931464437486952,0.9503232699145324
34,62,21514,256,0.05924372657823599,0.9284874153970449,0.9699259113054791
34,63,18073,256,0.23548549641904282,0.8638933049684987,0.8743652003487772
34,64,29070,256,0.08540000486619014,0.9271776422820681,0.956347214736264
34,65,1223,256,0.03802653258610034,0.9203013114843587,0.9808024609542432
34,66,11419,256,0.2332024742152357,0.8822033425964928,0.8756697584048249
34,67,934,256,0.026292203494611532,0.9051756268298848,0.9867663332853368
34,68,14132,256,0.3157266179252269,0.7873285943521945,0.8272081854495718
34,69,45873,256,0.13018699532137235,0.906469317539454,0.9326376599079772
34,70,15424,256,0.09855915081198866,0.8630993860467008,0.9494423885565735
34,71,28601,256,0.12742471932925697,0.8518337058273386,0.9341173805634616
34,72,598,256,0.12628932908526197,0.49469941445125576,0.9347249172428955
34,73,26571,256,0.10853978861145658,0.8703080255821943,0.9441717065176988
34,74,11689,256,0.07597520884753427,0.894371983342006,0.9612620824481041
34,75,6167,256,0.11650170867757773,0.8499347193261831,0.9399458980826622
34,76,52254,256,0.058297711910779475,0.9203663957897179,0.9704134624422832
34,77,164,164,0.02133761823095994,0.9040585232438705,0.9892736637397359
34,78,17175,256,0.24229214017820447,0.8406973641341696,0.8704641634333923
34,80,9602,256,0.0621956570837345,0.9281206325180416,0.9684029858051169
34,81,842,256,0.20225411628362638,0.7550978779557377,0.8931662128161665
34,82,42936,256,0.052279493479063736,0.9171732888374151,0.9735093766990313
34,83,38854,256,0.07320289428058853,0.9206973815898565,0.9627030205205609
34,84,874,256,0.02617570846490606,0.9210375521868633,0.9868253602006254
34,85,70383,256,0.0557895807399501,0.9119210202192848,0.9717049033837639
34,86,4058,256,0.06770935489517961,0.9223072619478779,0.9655519898507902
34,87,5720,256,0.12375672555839369,0.9042318822321331,0.9360786689384639
34,88,22434,256,0.12709444398509076,0.8678441215424196,0.9342941485500749
34,90,11670,256,0.11122959289485598,0.8887626888807836,0.9427462050335413
34,91,73928,256,0.04831282507855335,0.9305807930816681,0.975544553017158
34,92,5379,256,0.10236411806262817,0.8806097658276192,0.9474364791042046
34,94,104442,256,0.0797441383438848,0.8907458282268538,0.9592996724987011
34,95,33569,256,0.08916887718088654,0.9121533861063273,0.9543747287198637
34,96,12180,256,0.058316211366992735,0.9165883302766129,0.9704039306562022
34,97,5298,256,0.10886255309689039,0.881573757770017,0.9440007663678613
34,98,24062,256,0.2209876901603615,0.8582074143562111,0.882616740063114
34,99,30184,256,0.11724699124789073,0.8868266370411771,0.9395493647233812
34,100,1778,256,0.06093220742508508,0.9025910050473717,0.9690551029610829
34,101,2572,256,0.06240529569174436,0.909666269686032,0.9682947404113356
34,102,238,238,0.021328272600349876,0.9189449486425546,0.9892783872094094
34,103,39147,256,0.09203810639442123,0.9129493965685493,0.9528703445934178
34,105,23437,256,0.12710198479264162,0.8665954550663262,0.934290112977419
34,107,33879,256,0.06082492243214362,0.9164049926891895,0.9691104568457902
34,108,25960,256,0.0523314418780033,0.9032822083631047,0.9734826953377224
34,109,17131,256,0.07657908895504238,0.898742759914141,0.9609479231701152
34,110,20104,256,0.07320706441762756,0.8928124664717065,0.9627008546700124
34,111,1030,256,0.06593486589712064,0.9096543535192018,0.9664704517484637
34,112,11548,256,0.10175353236245767,0.914356033926737,0.9477586547415657
34,113,37075,256,0.07813565701252494,0.9216219397709571,0.9601376687681173
34,114,1078,256,0.057649392306028134,0.7708340213459027,0.9707474479461544
34,116,3203,256,0.3170695044184822,0.8020489841106138,0.826396088798536
34,118,783,256,0.042310522456202475,0.8090493872607188,0.9786161032518306
34,119,21311,256,0.07242200842900183,0.9031668716564317,0.9631085045678904
34,120,30235,256,0.08598873401997843,0.8943220014544853,0.9560393642418819
34,121,818,256,0.027790060907963297,0.9279470301415134,0.9860070684797532
34,122,2067,256,0.52682190686788,0.6554684734031162,0.6878794175813956
34,123,24769,256,0.07422634014068688,0.9011240024937819,0.962171325627257
34,124,40433,256,0.07322246912816922,0.918809135626008,0.9626928538593349
34,126,32141,256,0.1174481597318102,0.8563285673070586,0.9394423027883031
34,127,3612,256,0.11207382194813718,0.9001025384278923,0.9422983487472865
35,0,4754,256,0.06858576376157155,0.9380050519197419,0.9650980448837457
35,1,6540,256,0.09512535237681434,0.9025772074272633,0.9512489934939147
35,2,2874,256,0.09482985144146533,0.9054260560968399,0.9514043034160266
35,3,16373,256,0.2619062454773934,0.8448767644262415,0.8591238295627741
35,4,12964,256,0.23116566629395108,0.8443097401598953,0.8768319871594836
35,5,6070,256,0.3689709236183692,0.7429017932998805,0.7943733859978133
35,6,328,256,0.02412024530702822,0.914346727983182,0.9878662635665679
35,7,11122,256,0.2980355307647895,0.8248619928667733,0.837833198933541
35,8,24611,256,0.07943119630844005,0.8825863032770372,0.9594627682675133
35,9,14025,256,0.11502359919231338,0.907564170161229,0.940731843198521
35,10,197,197,0.03146877238285925,0.8917166821152557,0.9841398414946632
35,11,4281,256,0.09569612572099075,0.8877475780417301,0.9509489335810883
35,12,11263,256,0.048293202129903665,0.9395958431633759,0.9755546103986678
35,13,30295,256,0.060750379021822024,0.9197710541198282,0.9691489157906426
35,14,4822,256,0.3883055202800018,0.7403674885002437,0.7821089947826954
35,15,234,234,0.02553673139721955,0.8550271849602478,0.9871490609846014
35,16,27774,256,0.07026663410728415,0.9096020454638092,0.9642268228444569
35,17,1689,256,0.04474456176881379,0.9291572088204686,0.9773716991151249
35,18,29403,256,0.099954211437098,0.9145866153870614,0.9487074304351695
35,19,353,256,0.04655071123460038,0.8531925342843875,0.9764472790506405
35,20,3123,256,0.11312773582519653,0.8851039466759049,0.9417389575539516
35,21,4037,256,0.10517186644736892,0.9054253240956549,0.9459535578201665
35,22,13323,256,0.09351331292839404,0.8873522023909145,0.9520959442575133
35,23,19207,256,0.15362265232843902,0.8694919276910515,0.9199876888695636
35,24,23806,256,0.14069849631732573,0.8724125830566908,0.9269851690737422
35,25,35104,256,0.152581189787633,0.8427057206838732,0.9205535346802851
35,26,25795,256,0.09636028108239342,0.8783561905188924,0.9505996628011218
35,27,622,256,0.06817513619363463,0.814467734065724,0.9653107602251025
35,28,625,256,0.10954821226121991,0.7676796212433591,0.9436375298486067
35,29,47826,256,0.053870804960113275,0.9248268833527982,0.9726917266225136
35,30,26936,256,0.116290446666174,0.8856133681701943,0.9400582712437703
35,31,601,256,0.05807541253903526,0.8310644282222641,0.9705279941665592
35,32,2498,256,0.23383565408767798,0.8301079243995269,0.8753081434056934
35,33,15951,256,0.07478359292718671,0.9223574723920615,0.9618817011840974
35,35,217,217,0.03490250889132649,0.8756011025654868,0.9823937556339991
35,36,4184,256,0.10017876329594617,0.8512208976923533,0.9485890768420506
35,37,6723,256,0.17680346190185162,0.9109075317235484,0.907301789978477
35,38,217,217,0.022676029005213,0.8890964981452716,0.9885969709617701
35,39,1711,256,0.058021748885434744,0.9064516932992576,0.9705556404011906
35,40,30605,256,0.0796741940125958,0.907236824888095,0.9593361277401181
35,41,10895,256,0.10671355458680032,0.9072159375310751,0.9451383207833653
35,42,30733,256,0.09224201418186141,0.8960583069552793,0.9527633419785517
35,43,43509,256,0.056232474412849016,0.9319666734496641,0.9714769815014409
35,45,29365,256,0.10331717800879432,0.8678985873320203,0.9469333777997297
35,46,61988,256,0.05279321215351373,0.9324513473304838,0.9732454920761187
35,47,35927,256,0.08227708074372882,0.8921839800700727,0.9579785588708503
35,48,13670,256,0.07907074519832005,0.9239742484800946,0.9596505899553649
35,49,23341,256,0.08334787139651753,0.9173910203747596,0.9574195154703514
35,50,25107,256,0.07845636202083038,0.9061295938078627,0.9599706443319866
35,51,992,256,0.042822702044746905,0.9192200880207867,0.978354382601342
35,52,16199,256,0.3992739685287925,0.7494061605176093,0.7750651788534997
35,53,17801,256,0.204480429849508,0.9183176979014188,0.8919190378899264
35,54,9751,256,0.11018824362956285,0.9042553993806688,0.943298339005448
35,55,21461,256,0.07579960263365594,0.9026262244547353,0.9613534195946588
35,56,17014,256,0.15214528132958924,0.856131954739061,0.9207902685576183
35,58,32514,256,0.10917701450704703,0.8482403637780555,0.9438341938566079
35,59,40564,256,0.19091882849449507,0.8572399398348588,0.899489394882177
35,60,84023,256,0.05839393091559678,0.9288247580195549,0.970363884882575
35,61,23957,256,0.08472319079362843,0.921048040499821,0.9567010030340575
35,62,851,256,0.023626151157816296,0.9311911324807385,0.9881163134176987
35,63,3203,256,0.3479273580653653,0.7891149035392973,0.8075101497409396
35,64,3143,256,0.15439717616073878,0.8787529645617735,0.9195666500255766
35,65,2693,256,0.08900680825702667,0.932536196520023,0.9544596333753321
35,67,19365,256,0.10551966268629563,0.9122637332582462,0.9457697062782802
35,68,17466,256,0.09449897563037127,0.8850571402235792,0.9515781756480277
35,69,46438,256,0.06800839396220784,0.9183360254159456,0.9653971234874238
35,70,274,256,0.11965967554734973,0.399661245532664,0.9382645279731353
35,71,23827,256,0.07694287103846714,0.9097685808429788,0.9607586215910492
35,72,19384,256,0.1408830505830511,0.8451097422718264,0.9268856183030078
35,73,26223,256,0.12569336233658215,0.8979283971313357,0.9350436554853564
35,75,2272,256,0.17080018921377538,0.8555240290360692,0.910604091131939
35,76,1055,256,0.034926177564737634,0.913699772833774,0.9823817091310599
35,77,159,159,0.020025418725604885,0.9039024700883106,0.989936655182742
35,78,24462,256,0.07479153251238863,0.8979951636201283,0.96187757406419
35,79,38665,256,0.0656851938399236,0.8991226100476126,0.9665996100558267
35,81,12477,256,0.27158951903693235,0.8244310213781114,0.8534696719644276
35,82,1571,256,0.07899002576684398,0.8375721672046731,0.9596926457117174
35,84,383,256,0.1348270774619941,0.4429971670456513,0.9301467209736354
35,85,69415,256,0.05907768595951611,0.9303446897363424,0.9700115020145297
35,86,31831,256,0.06891479132397037,0.909835244307715,0.964927566543743
35,87,17648,256,0.09946672574357006,0.8783126822574602,0.9489643166402149
35,89,14363,256,0.1332218009701209,0.8842785066812695,0.931009236812331
35,90,41535,256,0.10082561477356318,0.9100427031629816,0.9482480610190758
35,92,22133,256,0.08866165297412133,0.8798521621237535,0.9546404281329587
35,94,34296,256,0.0748821173533505,0.9080042027153794,0.9618304854009616
35,95,16571,256,0.17576096444303466,0.8282670761640782,0.9078761124498019
35,96,18876,256,0.05854612563325414,0.9398683942002406,0.9702854602470068
35,97,37094,256,0.08551661308888937,0.9122532353276294,0.9562862473711052
35,98,29718,256,0.06415058721667674,0.9161888780210827,0.9673931014759839
35,99,65415,256,0.0796581819278201,0.8891572900727078,0.9593444731024304
35,100,30960,256,0.06572523295496853,0.9221450501756596,0.9665788985101172
35,101,16968,256,0.08488323401570458,0.945448250996698,0.9566173560961014
35,102,10018,256,0.1218693502719625,0.9077212481631813,0.9370862552230917
35,103,4888,256,0.2109467102866299,0.8286966514473068,0.8882867159388178
35,104,1369,256,0.061320072114574735,0.7835404684877019,0.9688549570939012
35,105,67025,256,0.0610803255147909,0.9170926488377726,0.9689786759703276
35,107,27313,256,0.05371284127766579,0.9337496729365933,0.9727729224861957
35,108,2507,256,0.140011026936769,0.8817689971252177,0.9273559042046537
35,109,20061,256,0.22293659496955526,0.8348363325023617,0.8815119993683834
35,110,137,137,0.02266256915129583,0.8821993217764386,0.9886037784920226
35,111,26347,256,0.09090394454111343,0.8641398119763836,0.9534652880199083
35,113,390,256,0.040323716454688935,0.8511734970080217,0.9796306873231928
35,114,4084,256,0.05261629080234102,0.9220805948451258,0.9733363802908319
35,115,136419,256,0.07025196139175455,0.9009120389122184,0.9642344313538308
35,116,19050,256,0.053081665764611,0.9144169858573954,0.9730972891933206
35,117,796,256,0.03137241082661374,0.9313786931121351,0.9841887975248378
35,118,200,200,0.024775904475009786,0.8968551377615653,0.9875343515670684
35,120,2340,256,0.1283495283058811,0.8967545186455856,0.9336222317908454
35,121,19621,256,0.14953032091734159,0.8763020629612428,0.9222091297979317
35,122,27535,256,0.0593711899189405,0.9126071536944318,0.9698602013079305
35,123,79,79,0.02080129389828774,0.8285603864829901,0.9895446963637935
35,124,4730,256,0.1368401774739485,0.8932720288037335,0.9290639496428927
35,125,16931,256,0.272502240337589,0.8320353874443444,0.8529347921514346
35,126,2503,256,0.08116628377595744,0.8719917039766717,0.9585581444148511
36,0,35146,256,0.09102147842790587,0.8932407943950446,0.953403650911876
36,1,331,256,0.03471007196652225,0.8544515118263329,0.9824916936206014
36,2,152609,256,0.07936134979423712,0.9093400936978978,0.9594991663392746
36,4,46292,256,0.14648486371772948,0.8951605913252053,0.9238588291953866
36,6,4103,256,0.07616897327687659,0.9222576771592871,0.961161290691174
36,7,11697,256,0.16583359592863658,0.8435569238278862,0.9133271068304956
36,8,20792,256,0.16112211779857746,0.8923260809888508,0.9159027689670026
36,9,21002,256,0.06853710313441039,0.9045192428606502,0.965123254753293
36,10,132,132,0.08020031965444352,0.025766056839094217,0.9590618751392198
36,11,756,256,0.03465497421708289,0.913739465542375,0.9825197330246946
36,12,12387,256,0.06571440429487026,0.9123932177910474,0.9665845000335613
36,14,43277,256,0.050724368030836596,0.9218910170241258,0.9743077706603614
36,15,23128,256,0.1761200214634931,0.8625221808384071,0.9076783453054871
36,16,178,178,0.022920518424512128,0.883549435989036,0.9884733084790341
36,17,1609,256,0.05168553181167398,0.917273135797091,0.9738143910357486
36,18,1080,256,0.036830295397261036,0.8876687720662287,0.9814120972368024
36,19,74,74,0.02172582205025627,0.7730428953654169,0.9890774377922811
36,20,2235,256,0.10285009340480065,0.888192896854303,0.9471799758204348
36,21,16427,256,0.3742203505534701,0.8039851878102356,0.7910623549673755
36,22,4338,256,0.17402686911546758,0.8738296345422545,0.90883063927474
36,23,9833,256,0.12387063265220616,0.8851067087916399,0.9360178242682101
36,24,17922,256,0.182371653985874,0.8438193287890903,0.9042280387237094
36,25,19631,256,0.08005900919470468,0.9167315185173224,0.9591355435001329
36,26,22403,256,0.14351856163933868,0.8869899492058868,0.9254628238674212
36,27,52182,256,0.04852786644392537,0.9429382485446932,0.9754343307245622
36,28,285,256,0.02760204835838283,0.8597666381453706,0.9861024042368101
36,29,7416,256,0.07326407768823075,0.9213047960311604,0.9626712431104241
36,30,43162,256,0.06913471103064311,0.9198236782895973,0.9648136032256992
36,32,43120,256,0.07032608755177158,0.9085167793183426,0.9641959927567778
36,33,306,256,0.029863738196721494,0.7031298338815398,0.9849549542000784
36,34,146997,256,0.06405402593425145,0.9231929535612102,0.9674430081745118
36,35,6510,256,0.1026511019809889,0.8958207195036683,0.9472850141425289
36,36,35311,256,0.06593503050955019,0.9223269045989013,0.9664703665868136
36,37,2020,256,0.0375646456066386,0.929832538252319,0.9810378965123424
36,38,31293,256,0.1875101473718202,0.838629905631187,0.901382190099283
36,39,7049,256,0.14982404615830883,0.8996006524193277,0.9220498651600635
36,40,28052,256,0.0869809066129762,0.8572768005034743,0.9555203259936567
36,41,1683,256,0.05730642194837395,0.8124479418002726,0.9709240845975683
36,42,45568,256,0.06519714981047096,0.9087158853036884,0.9668520311761925
36,43,15904,256,0.07094452271987903,0.898281209958026,0.9638752394786998
36,44,4774,256,0.07503655538702614,0.9330778895051214,0.9617501986550218
36,45,1478,256,0.1263346256260118,0.5913561186738532,0.9347006870512016
36,46,103341,256,0.05011967760761348,0.9230510827171635,0.9746180392299265
36,47,2202,256,0.05074004146444927,0.9161520275455469,0.9742997272582758
36,49,3860,256,0.08687854939359223,0.9402458601196491,0.9555738854774171
36,50,2527,256,0.13954164521299248,0.8837469595985576,0.9276089449692728
36,51,1753,256,0.052003706422774715,0.9021770646460394,0.9736510122098293
36,52,31533,256,0.1076831559900821,0.8755405787944462,0.9446252399814001
36,53,33908,256,0.14213427927982894,0.8455555611592361,0.92621040844949
36,54,735,256,0.028457856535166432,0.9162147008209439,0.9856683739802315
36,55,1021,256,0.057212117464302374,0.9053468745204113,0.9709726476763894
36,56,4208,256,0.4305206643379687,0.767641466045758,0.7546385463664252
36,57,164,164,0.022072105714369832,0.8742659050319447,0.9889023684295787
36,58,8081,256,0.06260349477060223,0.9065304670205491,0.9681923906070516
36,59,170,170,0.022904779752593748,0.8530685713691437,0.9884812695480912
36,60,2522,256,0.06795217101229084,0.9081638540761693,0.9654262421271287
36,61,40511,256,0.0676716297146131,0.91785228660683,0.9655715252043149
36,62,1808,256,0.03978332169949422,0.8886067784580636,0.9799064640569046
36,63,29295,256,0.06355124133575409,0.9074367808973076,0.9677028255948444
36,64,23867,256,0.15406681500241284,0.8574618662156289,0.9197462612033751
36,65,24345,256,0.32625476364577427,0.7860135387731202,0.8208198562134238
36,66,9456,256,0.16419736711269353,0.8683222430303755,0.9142224198122175
36,67,16003,256,0.0874575832559092,0.9122824824463466,0.9552708604077121
36,68,40141,256,0.09488089730243363,0.9044823630478571,0.9513774764506285
36,69,31697,256,0.10744555427075494,0.8792786253819779,0.9447509966807365
36,71,6462,256,0.18655192886065747,0.8702222425452523,0.9019135607913558
36,73,40854,256,0.14958508128518994,0.8786924704939786,0.9221794395424406
36,74,8231,256,0.0534973687361261,0.9189616528561964,0.9728836678986208
36,75,34394,256,0.07399940517353618,0.9140138083664331,0.9622892469660377
36,76,17275,256,0.05651307177769174,0.9029689453874853,0.9713325528480492
36,77,2429,256,0.3558500730385674,0.7194734352941643,0.8025895133637323
36,78,603,256,0.03758896389645036,0.7800071737078009,0.9810255022697165
36,79,17947,256,0.10678400328407756,0.8778294625718398,0.9451010510606379
36,80,31201,256,0.07830022518059536,0.9188771894461054,0.9600519646453544
36,83,928,256,0.05460244959921185,0.8041056336217604,0.9723155611224106
36,85,2802,256,0.27048461885336283,0.8385903597287432,0.8541167257153072
36,87,57092,256,0.055403074824583516,0.9075844246314282,0.9719037633302057
36,89,2873,256,0.24237994669363847,0.853566117577246,0.8704137253664843
36,90,8529,256,0.06864249254287035,0.9218093747651365,0.9650686542713579
36,91,4534,256,0.04704802676809878,0.916220612769975,0.9761925902361179
36,92,25241,256,0.10354075268488704,0.8967013272851458,0.9468153184835536
36,93,337,256,0.022480784206090534,0.9097957577078685,0.9886957144611832
36,94,5107,256,0.15346367669391203,0.8924910528626713,0.9200740857703188
36,95,8266,256,0.07824079546918919,0.9302968508413519,0.9600829154457499
36,96,16702,256,0.2825898584971755,0.8347934995066604,0.8470006738502777
36,97,15652,256,0.23952382213165366,0.8651139575193026,0.8720528526805851
36,99,27809,256,0.2305881234807539,0.8683890694036308,0.8771612602704512
36,100,23568,256,0.05697381379966699,0.9178460328632378,0.9710953538146153
36,101,6761,256,0.1178743493903345,0.8655510975956541,0.9392154441924736
36,102,35554,256,0.061409120111361584,0.9126843591367971,0.9688090007264788
36,103,39541,256,0.08714112688568561,0.8743737493378212,0.9554364830350128
36,104,16115,256,0.12082416829857652,0.9073507882276278,0.9376437658841568
36,105,5074,256,0.43409486428375194,0.7446287814122279,0.7522666652964547
36,107,21431,256,0.09512230260253096,0.889913105719413,0.9512505965293631
36,108,5222,256,0.5510345452734523,0.677414296157883,0.6700488450303811
36,109,176,176,0.022891488234234602,0.9105144982876346,0.9884879927271577
36,110,3613,256,0.20328832299794208,0.6681808585983314,0.8925870697035992
36,111,6088,256,0.09717773640004648,0.8402942314643994,0.9501695972824817
36,112,21262,256,0.112253524384236,0.8838779104028383,0.9422029906637762
36,113,88,88,0.020905108051792565,0.890985872785423,0.9894922394583029
36,114,21587,256,0.08961567006252628,0.8961624102700139,0.9541406237748573
36,115,17331,256,0.09196651757616937,0.8913126016042109,0.9529079086794435
36,116,3179,256,0.09859058689011845,0.9058383332923614,0.949425833390835
36,117,13099,256,0.20909138220538137,0.8193636636260513,0.8893304322885947
36,118,17515,256,0.08003457867503015,0.876628151730432,0.9591482791127605
36,119,98,98,0.027133772401764643,0.7937274668895945,0.9863398134508388
36,120,27288,256,0.09093816139672362,0.9019959690870363,0.9534473444313936
36,121,34303,256,0.06503558259678534,0.9182472234841424,0.9669355807928544
36,122,527,256,0.02508535886912911,0.9169008715551266,0.9873776588169649
36,123,12791,256,0.07324186812831346,0.8712083935701739,0.9626827784227193
36,124,10316,256,0.06578696144724232,0.8998934592324886,0.966546966552975
36,125,2686,256,0.2936973356134772,0.7506603709129931,0.8404181485347176
36,126,3303,256,0.16991604449170145,0.8922832539507302,0.9110894333205158
36,127,59451,256,0.07738166983913239,0.8990211281850976,0.960530233860896
37,0,7707,256,0.30331481939042204,0.7672393212359325,0.8346766922644827
37,1,8385,256,0.12831299926228773,0.866204634537877,0.9336417946609461
37,2,31829,256,0.12068256453900489,0.8929116067019238,0.9377192732694551
37,4,18720,256,0.1573985081786834,0.8395032521852291,0.9179332719873033
37,5,85,85,0.028896581547700556,0.8367247294979911,0.9854457968109152
37,6,32362,256,0.1532922171878232,0.8430770066392954,0.9201672580635418
37,8,13708,256,0.19183957561225176,0.8232444900601764,0.8989774326354073
37,10,101207,256,0.12726098676439643,0.851203711213155,0.9342050167043654
37,11,1077,256,0.1020660178234195,0.6938727323231584,0.9475937854252636
37,12,18623,256,0.17035742939628373,0.8204212635368255,0.9108471719249702
37,13,914,256,0.027352928469499334,0.9160366327078958,0.9862287115727775
37,15,23617,256,0.29869194219285394,0.760786822617237,0.8374413757434881
37,16,27683,256,0.15547277198157927,0.8474468289914987,0.9189816255064194
37,18,22629,256,0.13038592301566462,0.8760390708076717,0.932531005910439
37,19,5358,256,0.52245583749401,0.6469794077083839,0.6910457021832854
37,20,17829,256,0.3279144842810875,0.8098383129191825,0.8198082188651883
37,21,21666,256,0.1225201829281561,0.9015303978592123,0.9367389268477337
37,23,15278,256,0.21420004672677,0.8215755666790084,0.8864535821311965
37,24,28398,256,0.12201299592888414,0.8179289768013687,0.9370096072459
37,25,4724,256,0.170769973473136,0.8208341309995898,0.9106206820223577
37,26,10432,256,0.30875389013695925,0.8254223116887845,0.8314121179433462
37,27,1008,256,0.03171376750582506,0.905382455931712,0.9840153619198101
37,28,22931,256,0.16225089219377614,0.8581326149582996,0.9152863529006776
37,29,2226,256,0.2506088000476235,0.8739695782432193,0.865673841554876
37,31,5192,256,0.38524281077316247,0.7325858872427873,0.7840645312898917
37,32,12618,256,0.13611598124700497,0.901018936935349,0.9294536130184201
37,33,8423,256,0.2082517572806273,0.8845179068955489,0.889802361605864
37,34,1731,256,0.04309197161477537,0.8234688549985153,0.9782167594072515
37,35,407,256,0.03194737808450179,0.8701716429959505,0.9838966520501522
37,36,18526,256,0.09420952235924028,0.8703975746550414,0.9517302546629269
37,38,9489,256,0.24751682151043392,0.8478021286775826,0.8674578828332624
37,40,56012,256,0.06140029740898792,0.9262150506698793,0.9688135540912979
37,41,33933,256,0.10551148918383639,0.8782450819637875,0.9457740273533439
37,42,6600,256,0.10752498655946553,0.8915250864191121,0.9447089570023852
37,43,85,85,0.029053820123573788,0.8601010104714384,0.9853660131526895
37,44,32400,256,0.13612328774717328,0.8854147307585849,0.9294496824749722
37,45,36951,256,0.12670723399038397,0.8849690811533083,0.9345013461786003
37,47,37413,256,0.25003285119388935,0.8080646202396379,0.8660064369311066
37,49,21234,256,0.07180214370391494,0.8105806423263044,0.9634302550242467
37,50,73,73,0.029824756141073723,0.8439774488044813,0.9849747427517754
37,52,23774,256,0.13286632132511728,0.8367879764780347,0.93120012815446
37,53,376,256,0.0328632636700444,0.878505877154856,0.9834311040077772
37,55,36556,256,0.08029092150782008,0.9047250382481286,0.9590146393523823
37,57,38274,256,0.07921960593739479,0.9056063201506058,0.9595730269565758
37,58,18209,256,0.29795830411355173,0.7902917687539357,0.8378792847937274
37,59,5095,256,0.18084665752095055,0.871847366868252,0.9050709046693798
37,60,1165,256,0.07387657917242584,0.8477426511454574,0.9623530645389842
37,61,22612,256,0.1536090271819115,0.8540459709492895,0.9199950939097928
37,62,30248,256,0.2545419286516353,0.8322948040457555,0.8633991379126833
37,63,4354,256,0.12901783861258026,0.8867600303412757,0.9332642505675548
37,65,22588,256,0.09529307170598089,0.9164699330075832,0.9511608319805958
37,66,32840,256,0.21661936129434528,0.7925898115741903,0.8850879271042255
37,67,16558,256,0.20386253734595888,0.8025722687387314,0.8922653543952276
37,68,5122,256,0.1471296717194424,0.8747096423987121,0.9235097878639715
37,71,15274,256,0.09166755730793913,0.9002811704975229,0.95306476311532
37,72,80,80,0.02636852514464197,0.910808608659141,0.9867276599221074
37,73,26111,256,0.12977064201575644,0.8841800879844735,0.9328608459916428
37,74,459,256,0.12990511926030768,0.677128207050974,0.9327887653374114
37,75,31807,256,0.11135721245033815,0.8320104950505288,0.9426785176027201
37,76,23097,256,0.12237099926133749,0.8626528297413872,0.9368185527297495
37,77,3500,256,0.11822525033128864,0.8597648141073724,0.9390286202606987
37,78,46648,256,0.43961770553381635,0.7220612535398135,0.7485868650104566
37,79,43992,256,0.1269790964029776,0.8759739510213117,0.9343558763110673
37,80,17163,256,0.17172763355800866,0.8346488652373104,0.9100947019085384
37,81,6304,256,0.3969867286283952,0.7122964939489278,0.776539291582599
37,82,17915,256,0.15221836042266412,0.8621459254801885,0.9207505848911179
37,83,14329,256,0.10969148475599201,0.8861561442975071,0.9435616117901406
37,84,3549,256,0.04319817552805907,0.8935430740068442,0.9781624734531278
37,85,1687,256,0.03256061763430394,0.9167702341786121,0.9835849644874082
37,86,138,138,0.026025526178564188,0.9379730408962297,0.9869014509166737
37,87,9300,256,0.07990647327353582,0.8879513184164536,0.9592150575999442
37,88,731,256,0.08630597468085488,0.8063332810328654,0.9558734358267025
37,89,10253,256,0.14467578159504796,0.8796876605877294,0.9248374010629934
37,91,11411,256,0.25736560090294913,0.80810786335853,0.8617623797178958
37,92,39411,256,0.13338919459298262,0.884628206117053,0.9309193334586071
37,93,51215,256,0.12215681240562513,0.8846834395481132,0.9369328618392968
37,95,31299,256,0.08468876688386666,0.8840085471028836,0.9567189938096418
37,97,3113,256,0.04230972541758215,0.908581948362464,0.9786165104791651
37,98,31362,256,0.13109555409821846,0.8809953766219109,0.9321504416679646
37,99,46574,256,0.09414366094598535,0.9174377653198854,0.9517648549163888
37,101,46452,256,0.09528200717219336,0.8900039527854188,0.9511666482945071
37,102,32920,256,0.10424180266700533,0.8692560159791624,0.9464450313319811
37,103,24485,256,0.17695561681637167,0.839313039954253,0.9072179358806947
37,104,7281,256,0.22132779112363343,0.8328489492295552,0.8824240527526245
37,105,18541,256,0.10022377358740851,0.9168727916549404,0.9485653516825245
37,106,155998,256,0.09019948921414436,0.8942973960610945,0.9538346349267548
37,107,23296,256,0.05701057781904887,0.928708576112731,0.9710764244800464
37,109,32567,256,0.11428833843671207,0.9025230262567556,0.9411225539552689
37,110,299,256,0.05103221320851167,0.5265940415693806,0.9741497763647479
37,112,56326,256,0.1248034403762802,0.864843861502342,0.9355194063319691
37,113,32332,256,0.10058932793625298,0.9115884361338233,0.948372644092894
37,114,396,256,0.04518325762100375,0.82507687484575,0.9771472470303523
37,115,7828,256,0.0672261319451774,0.907050775299266,0.9658021888848785
37,117,19963,256,0.18546528470019058,0.8259281763624182,0.9025157701114199
37,118,14356,256,0.11754581672710476,0.8801983750374903,0.9393903253030101
37,119,1676,256,0.03501323049721913,0.9019224473746492,0.9823374010505661
37,120,27195,256,0.10149916975840848,0.8926049339850317,0.9478928368975006
37,121,34877,256,0.1642282121728162,0.8446291380315041,0.914205550096467
37,122,114,114,0.02727145009562272,0.853464223244122,0.98627001875976
37,123,38229,256,0.16155500734751302,0.8699549328373685,0.9156664199655281
37,124,11396,256,0.17688054309036777,0.8727297280840598,0.9072593107318504
37,125,9944,256,0.08216130633384609,0.8694086453089332,0.9580389833749741
37,126,83,83,0.026441707189581214,0.944767476784173,0.9866905760218949
37,127,36221,256,0.08889818989880513,0.8849053008616792,0.9545165321256593
38,0,422,256,0.05424867614719837,0.8102173180023644,0.9724974672732066
38,1,8327,256,0.47507510878162584,0.7689951102745809,0.7245170054721795
38,3,150137,256,0.11075906731173286,0.8557708602624918,0.942995722518542
38,4,12414,256,0.3067002844952974,0.8013255911868563,0.8326462126886199
38,6,1639,256,0.04880195653432373,0.9051841952388877,0.9752938241707861
38,7,14362,256,0.11982167448986121,0.8931288697224686,0.9381781949662541
38,8,16122,256,0.10880059780535532,0.8917290424363935,0.9440335810735997
38,10,27604,256,0.12417916046566871,0.8678450577535373,0.9358530010286505
38,11,7515,256,0.17150504776756442,0.9077502109947232,0.9102169808526073
38,12,4072,256,0.26039506178215344,0.8240215105972766,0.8600028710520952
38,14,13875,256,0.150783220262148,0.8443729106725756,0.9215295870116444
38,15,43700,256,0.12566747313090101,0.8814127304904832,0.9350574992315174
38,16,30504,256,0.1608754293750943,0.8281229128751562,0.916037428615723
38,17,19002,256,0.38550730747039885,0.7196512472639445,0.7838958429087381
38,18,36068,256,0.2071160057132027,0.8456040044722396,0.890440337297675
38,19,242,242,0.03484330582956851,0.8442492681321865,0.9824238872148985
38,20,21036,256,0.42338581684668664,0.6792882326033511,0.7593511593151836
38,21,6561,256,0.14074655537656258,0.8746937925973701,0.9269592464738876
38,22,44014,256,0.08544460775007971,0.8328947739793575,0.9563238950533027
38,23,92631,256,0.1054370478313256,0.88427242783779,0.9458133812590486
38,24,6140,256,0.05246449757945013,0.9076785046151028,0.9734143528942595
38,26,15856,256,0.0852158331398195,0.7801357620014934,0.956443499042249
38,27,494,256,0.0294928594785515,0.9396616374276656,0.9851432081283658
38,28,35060,256,0.16235664544544415,0.8699835576544462,0.9152285804948159
38,29,481,256,0.03388825727967757,0.898454474731696,0.9829098344814352
38,30,14568,256,0.13140902900897114,0.8746298240672518,0.93198228040614
38,31,1542,256,0.06891895772528299,0.8645310690469024,0.9649254076221213
38,32,8767,256,0.5887010489089217,0.6761625891743358,0.6413259320276066
38,33,14576,256,0.1281104176428023,0.8273445593302644,0.9337502783706132
38,34,43213,256,0.1312644900008756,0.880599369267647,0.932059821041077
38,36,4973,256,0.1367659542231442,0.7639513555234858,0.9291038939628097
38,37,5594,256,0.17362027525266888,0.8997878270638815,0.9090543024194601
38,38,70632,256,0.11411831669726737,0.9004725894330562,0.94121287884449
38,39,52723,256,0.12425872021971521,0.8985220426957836,0.9358104935190056
38,40,12305,256,0.12116639451367509,0.859444305464962,0.9374612554587656
38,42,261,256,0.045896170747560416,0.7992168211707631,0.9767823858221644
38,43,166,166,0.03484343160961995,0.8644906785147916,0.9824238231997329
38,44,48031,256,0.09110321610386028,0.9015725763100856,0.9533607836995078
38,46,3461,256,0.21544919644305138,0.8580545025005389,0.8857487248407128
38,47,20774,256,0.09895105059449119,0.8364617919933695,0.9492359819378471
38,48,27314,256,0.2082308900506075,0.8516754722570997,0.8898140872954263
38,49,14640,256,0.3033146671312404,0.756912611689034,0.8346767834729559
38,50,3482,256,0.1928289231076359,0.9002382735907941,0.8984270014265845
38,51,13917,256,0.1279206443137498,0.8652045373844017,0.9338518917292239
38,52,4113,256,0.09960438445066416,0.9080879096932015,0.9488917828442481
38,53,54505,256,0.11979360046273774,0.901972348681431,0.9381931568377923
38,55,109376,256,0.30475183798252264,0.7627099190801653,0.8338154244300577
38,57,64983,256,0.09965157488688402,0.8637763348261138,0.9488669164393476
38,58,15209,256,0.179808058432456,0.8717232105639887,0.9056444896136364
38,59,468,256,0.02907147193909674,0.9408279306316006,0.9853570561278299
38,60,38654,256,0.11509749405256903,0.8897994281174286,0.9406925671798576
38,61,3938,256,0.4099619575468695,0.734543140053203,0.768139337915414
38,62,23913,256,0.15355840303859697,0.8072093157189509,0.9200226067664875
38,63,3300,256,0.1477700820775432,0.8973584779898458,0.9231629964001248
38,64,22221,256,0.1073753634879234,0.8449134261899102,0.9447881437190438
38,66,28087,256,0.1274560015581028,0.9028980422426497,0.9341006361425397
38,67,16564,256,0.2410450989215214,0.8307531412872299,0.871180177161119
38,68,33973,256,0.16956451443519682,0.8248897624549106,0.9112823303262294
38,69,58921,256,0.13230090722006832,0.88973898101612,0.9315036729825233
38,70,136,136,0.07153666085241805,0.03989142459131159,0.9635680251791162
38,71,26931,256,0.12558543836675876,0.8851864152752487,0.9351013643628381
38,73,17970,256,0.16311615546787742,0.87039095462334,0.9148135572520352
38,74,2654,256,0.17185495894933173,0.8719809626351346,0.9100247474935329
38,75,1231,256,0.04716219942290658,0.8719058199226462,0.976134109934231
38,76,13085,256,0.13925906069622343,0.9064536315565099,0.9277612512407363
38,77,463,256,0.051306976622516764,0.8359802006765626,0.9740087388609423
38,78,375,256,0.04097483754334358,0.82697240893775,0.9792983010588022
38,79,26632,256,0.16811471170012426,0.8374457534344987,0.9120774574014401
38,80,28567,256,0.1825385674729992,0.8326032339481457,0.9041357378883995
38,81,8549,256,0.42352306949840185,0.7282990484754419,0.7592607789828197
38,82,16153,256,0.08800024035404892,0.8310852045086519,0.9549867850635165
38,84,28504,256,0.16688887076114803,0.835926945754242,0.9127492148661931
38,85,3392,256,0.47258864827383323,0.7418243130324599,0.7262309217639846
38,86,27924,256,0.29747306891968966,0.7725235273537504,0.8381687962936286
38,87,12950,256,0.1180398691805268,0.8627290341607805,0.9391273240724461
38,88,2429,256,0.19256383995148807,0.8551087659305847,0.8985745155792656
38,89,640,256,0.04371911705350269,0.8562258491164761,0.9778961514120491
38,90,13090,256,0.25707250586034247,0.8193790782277772,0.8619324185454783
38,92,30062,256,0.11396768290908847,0.8485957547385269,0.9412928965475685
38,93,1827,256,0.12530055863377065,0.7834221549774865,0.9352536775475568
38,94,268,256,0.03994357081851186,0.8379446460684794,0.9798246930862113
38,95,13539,256,0.1072501887683169,0.8640782946506248,0.944854386258371
38,96,10659,256,0.10104604999644931,0.9035642830070142,0.948131821005682
38,97,247,247,0.029805824764141047,0.9332635356466856,0.9849843527873217
38,98,18359,256,0.280823203853263,0.7960198713067407,0.8480429211701122
38,99,21308,256,0.10583306171876083,0.8994485764806486,0.9456040071199144
38,100,13484,256,0.41894014149896774,0.6967987220081421,0.7622728241915963
38,101,36729,256,0.10773993398472519,0.8408884969432942,0.9445951863180729
38,102,20766,256,0.09187127149942473,0.8356786917683616,0.9529578839070356
38,104,147,147,0.03242570062911767,0.8533026917395835,0.9836535464130053
38,105,23814,256,0.26743576511582445,0.770329817218236,0.8558996640285446
38,107,755,256,0.07508358527381165,0.7840297278007672,0.9617257481871786
38,108,15401,256,0.18906003542093167,0.8597110390471313,0.9005220511342675
38,109,13508,256,0.14998614980820332,0.8798471048176796,0.9219619570198093
38,110,19880,256,0.1851687998934333,0.7335641337557994,0.9026800098077761
38,111,31668,256,0.0775811636248458,0.8850875962898122,0.9604263825901256
38,112,104,104,0.03548816771524885,0.834112692441281,0.9820956329628755
38,114,8961,256,0.13829546714887325,0.8718038081882943,0.9282804171429703
38,115,93807,256,0.12050844514913868,0.8762143801582631,0.9378121106335007
38,116,183,183,0.03114723697881274,0.9238008307025872,0.9843031865341021
38,117,1820,256,0.17418187941738839,0.6639700690261431,0.9087453551917675
38,118,2568,256,0.09557854397871995,0.9186999816862972,0.9510107549451162
38,119,15730,256,0.15361763086830044,0.8583822192132712,0.9199904179564588
38,120,66,66,0.033777741798194094,0.7706462233226152,0.9829660513984223
38,121,2979,256,0.2580353046226603,0.7688042421931152,0.8613737257296277
38,124,94,94,0.03133690713245814,0.9310151685053984,0.984206834393839
38,125,11732,256,0.39626979121018985,0.765295394238552,0.7770007778566314
38,126,7211,256,0.18363962310615228,0.8386954124351952,0.9035266331956395
39,0,24412,256,0.13505671225015095,0.8212521774672521,0.9300232726925972
39,1,43461,256,0.11813194416909388,0.8624606831294029,0.9390783012246136
39,2,7379,256,0.49311634786748304,0.7562660173312488,0.7119576196182726
39,3,60784,256,0.1110234162174011,0.9008687323374022,0.9428555476755699
39,4,34430,256,0.12948787429042502,0.8877186098761203,0.9330123931168197
39,6,55689,256,0.08328575796951483,0.897396251537069,0.9574519528574189
39,7,39541,256,0.10990421379969348,0.896612480550832,0.9434488784244256
39,8,17926,256,0.12180646957994865,0.8656408575430709,0.9371198057986243
39,9,18130,256,0.1585704447347484,0.8320197176977661,0.9172946937954299
39,10,284,256,0.1412770159365566,0.3504939885997464,0.9266730729137668
39,11,4578,256,0.17996112532013597,0.8055756413652584,0.9055599785104596
39,12,590,256,0.15392341750989752,0.5545194615236612,0.9198242128200923
39,13,531,256,0.045306751249252555,0.8580908803055285,0.977084054086826
39,14,1024,256,0.04577007125586005,0.8891548173469354,0.9768469320953718
39,16,91757,256,0.1654756560794588,0.8527816208571605,0.9135230396221768
39,17,135771,256,0.09845101713229894,0.9073753514109341,0.9494993327368382
39,18,4387,256,0.15204001767938063,0.8808284022049123,0.9208474261899304
39,19,90,90,0.04389758837097725,0.8645926353612848,0.9778048944595352
39,20,45024,256,0.19479207552510727,0.815927101548502,0.8973337865448356
39,21,190,190,0.04688554337059748,0.8382681834586221,0.9762758097122977
39,23,27520,256,0.11086730800142905,0.8859845237925028,0.9429383288415902
39,24,4133,256,0.21671860761609754,0.8114004742730374,0.8850318595304366
39,25,28246,256,0.1535216510992291,0.8075547705330034,0.9200425799389781
39,26,879,256,0.05994342320848223,0.804614177706429,0.9695651482966566
39,27,2406,256,0.1241515760853309,0.8730255470605518,0.9358677384730543
39,28,7973,256,0.19894941686657133,0.8077106733218605,0.8950142921391975
39,29,20017,256,0.2548435502667511,0.7377846681064114,0.8632244492212028
39,30,36489,256,0.11722349807375708,0.8566168769580996,0.9395618670030425
39,31,5192,256,0.4721251954809203,0.7245456514462363,0.7265499325711068
39,32,52933,256,0.21411296803926005,0.7980906600013671,0.8865026970972734
39,33,4847,256,0.21645477153916698,0.6650502145506576,0.8851809015454598
39,34,31504,256,0.1584844452224301,0.8504702869560208,0.9173415693064225
39,35,5754,256,0.11303720549875035,0.8782807983784614,0.9417870218373418
39,36,990,256,0.09417046369562447,0.8810254740873377,0.9517507742599296
39,37,22253,256,0.12198680190016062,0.864101510843845,0.9370235846017108
39,38,138,138,0.048308032818060134,0.8793535676441878,0.9755470092117242
39,39,3587,256,0.14108806853687925,0.8930090962012794,0.9267750166373286
39,40,154191,256,0.11410710814438053,0.8114141658484959,0.9412188331390419
39,41,9966,256,0.6404492237780862,0.5945809927541986,0.5996255299951077
39,45,20182,256,0.2026844460296044,0.8036509682624622,0.8929252790521699
39,46,5422,256,0.10188153679925144,0.8399901011473607,0.9476911222548983
39,48,5061,256,0.2293063429889158,0.816991901368628,0.8778915975284671
39,49,11021,256,0.30703419922272523,0.7944892097710211,0.8324456743699704
39,50,3386,256,0.054640803335234425,0.9304963817576652,0.9722958380373565
39,51,33213,256,0.06758509369499059,0.8215050383275512,0.9656163349410621
39,52,18608,256,0.5936793087092913,0.5779786076646641,0.6374328915977812
39,53,269,256,0.06308200267264699,0.8110751487949157,0.9679452450047745
39,54,23600,256,0.17753585885902629,0.8280496282039612,0.9068980875164384
39,55,14683,256,0.098464332584293,0.9000359984440385,0.9494923208829585
39,56,14999,256,0.0984790029735055,0.8795485512509946,0.9494845954656107
39,57,17154,256,0.13325839176504725,0.8743043605764749,0.9309895854599839
39,58,17822,256,0.15520442405378546,0.8507196577686051,0.9191276167900814
39,59,2376,256,0.5827442662729797,0.6373857292901115,0.645953352593684
39,60,30927,256,0.2890163670846962,0.7899358787052739,0.8431984540517753
39,61,17725,256,0.10737795455782204,0.8656617313037206,0.94478677247418
39,63,3764,256,0.19747503282389095,0.7842878150791768,0.8958375785688547
39,64,423,256,0.04164997560012451,0.916163441846551,0.9789535353630812
39,65,273,256,0.07572855766986963,0.8134581741715494,0.9613903693766286
39,66,110,110,0.04681834034862952,0.805714442655569,0.976310227157009
39,69,13827,256,0.12604417340794016,0.8767700255622147,0.9348560459194024
39,70,17312,256,0.3957711717691034,0.6687736361280924,0.7773215732442376
39,71,30728,256,0.12823380678595475,0.878654172191229,0.9336842042222012
39,72,10936,256,0.13532300698906174,0.8471747383805781,0.9298800960397734
39,73,303,256,0.04373789258520333,0.8676837236334178,0.9778865514029716
39,75,6292,256,0.5311970556030987,0.7908738813727186,0.6846918609103669
39,76,352,256,0.04530955548339042,0.8752156703729133,0.9770826190842868
39,77,41335,256,0.06948897413888615,0.8767605193977274,0.964629994278176
39,78,16100,256,0.10544975395617324,0.8924850581358464,0.9458066641993101
39,79,273,256,0.041101250822378435,0.9206751842854354,0.9792337561469281
39,80,11402,256,0.14847294568637628,0.7869236957628576,0.9227822355862859
39,81,142,142,0.04178052029257725,0.9278629819445364,0.9788868574597489
39,82,16032,256,0.09275843249063706,0.9135350780402447,0.9524922926246505
39,83,15241,256,0.1549577095259595,0.8510931352061094,0.9192618182400705
39,85,28133,256,0.23043872948792907,0.7946449735752531,0.8772464137926532
39,86,8190,256,0.1315669223695817,0.8556640384365731,0.93189756820716
39,87,27077,256,0.11057797188464202,0.8204647414537252,0.943091738971007
39,88,81,81,0.04273832760997902,0.8767965158832594,0.9783975022402812
39,89,63122,256,0.13102285602352656,0.8626317259465255,0.9321894356709227
39,90,20158,256,0.1443026956223482,0.8527657309510537,0.92503908262173
39,91,20877,256,0.07935994603845381,0.9059711786645679,0.9594998978434267
39,93,653,256,0.11845450645992678,0.6797034402936548,0.9389065414300154
39,94,41921,256,0.10309872168252233,0.8485546686541303,0.9470487201392955
39,95,34595,256,0.14987802381482274,0.8443979501349814,0.922020594230507
39,96,9764,256,0.08206262466523781,0.9230454555758657,0.9580904838974043
39,98,32897,256,0.10720505987704804,0.8156522088374389,0.9448782673566749
39,100,31913,256,0.12178281242350739,0.852101705380497,0.9371324279825625
39,101,23393,256,0.4419338215167193,0.661162851306771,0.7470382710967898
39,102,4746,256,0.3027010563426126,0.6179691055118073,0.8350442764652587
39,103,21081,256,0.2160400197609718,0.8407024653387707,0.8854151457023017
39,104,1707,256,0.07973834189470262,0.8534559152918345,0.9593026936818729
39,105,156,156,0.05727977386310726,0.8136040613235845,0.9709378075535491
39,106,28148,256,0.10592630171235905,0.843437078837702,0.9455547040164524
39,107,34112,256,0.13657301831490476,0.860938254459131,0.9292077171898085
39,109,19215,256,0.16052279247835824,0.862617061873938,0.9162298879220443
39,110,12777,256,0.035251495064218534,0.9185830371617424,0.982216119260818
39,112,179,179,0.04125836126903028,0.8902123289577116,0.9791535317461556
39,115,2264,256,0.11136549528945985,0.8971327112459763,0.942674124345492
39,116,19953,256,0.13527831872964216,0.8445476215156985,0.9299041247732789
39,117,5076,256,0.20323910790369829,0.82986391236256,0.8926146380697001
39,118,509,256,0.04298467915645118,0.9096621454004941,0.9782715987104751
39,119,96,96,0.05943956327294199,0.7300192305773308,0.969824951590264
39,120,28473,256,0.16103079061805123,0.8619466543255669,0.9159526239833307
39,121,73298,256,0.09210769617290034,0.8892172353802812,0.9528338280241208
39,122,266,256,0.06999471541439983,0.6989621048459679,0.9643678160254002
39,123,140,140,0.04370162966991463,0.8483176199405789,0.9779050927007618
39,124,71,71,0.04417234514403227,0.845915784231731,0.9776643876381955
39,125,25785,256,0.06089959456878357,0.8731570093389524,0.9690719299573259
39,126,25323,256,0.17256846528104466,0.846077242729843,0.9096326372327213
39,127,24275,256,0.31478600973457066,0.7451168870598733,0.8277765340147238
40,0,18475,256,0.20354284752901083,0.7963050392952066,0.8924444814502408
40,1,1807,256,0.13426891723922718,0.725084245033887,0.9304467114030619
40,2,65,65,0.026605145144705203,0.835460663675172,0.9866077512645514
40,4,13033,256,0.1484552981999999,0.8280049659531244,0.9227917976445175
40,5,3957,256,0.5362533828667032,0.6147099611101782,0.6809894398104106
40,6,6791,256,0.18968146634278535,0.7351239168647873,0.9001769457485648
40,7,20246,256,0.179843789802721,0.7813219691478189,0.905624762358715
40,8,27427,256,0.19648795215746354,0.8125924922530994,0.896388335400755
40,9,8520,256,0.15430296788107298,0.8681588037270689,0.919617872879234
40,10,369,256,0.04091879975374112,0.6663120540868356,0.9793269118360114
40,11,17646,256,0.18896064392142867,0.8550536658608369,0.9005772349324468
40,12,14843,256,0.2266064876743387,0.7867301707436494,0.8794279460681593
40,13,31386,256,0.14071792483191736,0.836551513987429,0.9269746896048903
40,14,110983,256,0.14225160713041032,0.8698808567788847,0.9261470687043121
40,15,29811,256,0.2216687073188445,0.8281192753808269,0.8822308613289129
40,16,38733,256,0.1967440703038961,0.8409955666316965,0.8962454628594244
40,17,2771,256,0.33937797137685743,0.7418138573519523,0.8127865824576231
40,18,4046,256,0.14642881560969281,0.8510212044915775,0.9238891623946605
40,19,7781,256,0.2214814183011157,0.8926011349398068,0.8823370000736025
40,20,34627,256,0.18335614654512958,0.8583077556992574,0.9036834918570055
40,22,5505,256,0.2593747863342763,0.8334281537592202,0.8605958480411834
40,23,7959,256,0.11078302160507579,0.7971683184467414,0.9429830212654543
40,24,4758,256,0.166722156525021,0.8706638999092018,0.9128405356221748
40,25,88,88,0.024822561267971322,0.8970262093833774,0.9875107284136353
40,26,73799,256,0.20691141658024706,0.8466093688207798,0.8905552107644719
40,27,15388,256,0.08120799966918262,0.9025796276970329,0.958536384458523
40,28,18606,256,0.06913536888944154,0.6831301297237793,0.9648132623003057
40,29,37459,256,0.1341712623769943,0.8628839258908428,0.9304991873306531
40,30,125689,256,0.13942499367841293,0.8469608266538162,0.9276718203770055
40,32,1641,256,0.19246692597643605,0.6405864138795715,0.8986284404711238
40,33,6169,256,0.13862496692662332,0.8528262873778351,0.9281029215951088
40,34,242,242,0.12329081317574704,0.30799043840856505,0.9363274997693131
40,35,25590,256,0.1447836874417524,0.788981826995343,0.92477906148347
40,36,1717,256,0.06818731256722009,0.8611304790160957,0.9653044532336831
40,37,20503,256,0.19327181401767382,0.8168046953874091,0.8981804863068036
40,39,24746,256,0.19402150788076625,0.8149001411358832,0.8977630489829896
40,40,19304,256,0.1555872960419766,0.8081935701528294,0.9189193130835935
40,41,804,256,0.07520220902913508,0.7501403190171598,0.9616640738692825
40,42,7288,256,0.596609272222454,0.5568628069212298,0.6351304809073062
40,43,50207,256,0.10578159671481216,0.8519714957636351,0.9456312194958392
40,44,46213,256,0.1720348821178913,0.8605369221879235,0.909925885928139
40,45,17713,256,0.1441199784313731,0.8507069630400863,0.9251378392264727
40,46,168,168,0.024477776622614605,0.9237095806979956,0.9876852855932325
40,48,17799,256,0.35829981348975365,0.7448398815508547,0.8010619117835065
40,49,182,182,0.03047509662985263,0.7804894679642949,0.9846445568681865
40,50,10366,256,0.3257118194608568,0.8120931881116075,0.8211505224617124
40,51,27794,256,0.21713866669604379,0.8021248291530847,0.8847945147343287
40,52,14813,256,0.1610479241386353,0.8622152986488314,0.9159432710934475
40,53,972,256,0.030776144405203223,0.9021440373850563,0.9844916737051649
40,54,31009,256,0.1809672530165962,0.8093718728687538,0.9050042800912069
40,55,25682,256,0.22339414508674618,0.8289918323764595,0.88125243540841
40,57,5022,256,0.14858893647142227,0.8793283547711542,0.9227193850399903
40,58,1620,256,0.2633498014464803,0.4982295835969927,0.8582832857241947
40,59,68,68,0.024944336787725292,0.8911002867909407,0.9874490686674805
40,60,19211,256,0.16417466412589335,0.8288396137894711,0.9142348362833844
40,62,4468,256,0.08804863575405858,0.8886142213305851,0.9549614464709774
40,63,5166,256,0.17810274272105012,0.8270700438871514,0.9065854936402578
40,64,179,179,0.04659917607903833,0.19358424011653605,0.9764224618068563
40,65,11915,256,0.20169668039507696,0.8489400310584321,0.893478214398607
40,67,82,82,0.026822824637587936,0.8137603996736761,0.9864974279552948
40,68,153,153,0.03637653637792286,0.7109471892646692,0.9816432466135939
40,70,1091,256,0.04989892263125043,0.7943125824537625,0.9747312846978646
40,71,259,256,0.0294803209963483,0.8296568456732073,0.9851495718943655
40,72,8274,256,0.27724121250605926,0.8089407039154505,0.8501522143086735
40,73,16378,256,0.2356040718967889,0.8183168808728302,0.8742973911108343
40,74,4323,256,0.16305340835014268,0.9252313266935291,0.9148478516397452
40,75,61806,256,0.11888248696110426,0.8689125352089035,0.938678599435875
40,76,1746,256,0.1391735121462157,0.653695218301736,0.9278073549254632
40,77,40398,256,0.15532230753483392,0.8411009668779865,0.9190634866347189
40,78,27883,256,0.179919728664103,0.7755996927681286,0.9055828351597092
40,79,19846,256,0.12721715122399443,0.8667092881346158,0.9342284778232814
40,80,94300,256,0.17301281027898974,0.8436835551095788,0.9093883602295613
40,81,15436,256,0.39727172631356117,0.6943475492715057,0.7763557648954754
40,82,18984,256,0.13263352030457246,0.8475246790320333,0.9313251202965738
40,83,35198,256,0.16167420481460595,0.8407685508385553,0.9156013298294154
40,84,1487,256,0.15512813070554932,0.6717980672966399,0.9191691189843416
40,85,3133,256,0.18153050563149173,0.860370820905689,0.9046930387532051
40,87,346,256,0.038913945665045226,0.6465793455095613,0.9803499652343314
40,89,6936,256,0.37822373872999693,0.7999158185644727,0.7885279077306034
40,90,26019,256,0.16900862022017338,0.8293558800922367,0.9115872858809663
40,91,1532,256,0.10210656320748751,0.8369381717856382,0.9475723913203214
40,92,856,256,0.08047072288824295,0.8259738811968071,0.958920891998791
40,93,14277,256,0.13350384409298738,0.8377040843656911,0.930857752778056
40,94,14776,256,0.09944127223604564,0.9013295696645542,0.9489777277491577
40,95,191,191,0.05585618184202314,0.7662826662569875,0.9716706325488986
40,97,6195,256,0.2335732871136956,0.8508962393544799,0.8754580017832405
40,99,986,256,0.19017584642177998,0.6002717002147874,0.89990230224076
40,100,21349,256,0.17033930936686825,0.8594597446253156,0.910857118670723
40,101,29639,256,0.20196621035251708,0.8465461169021447,0.8933273698076662
40,102,46866,256,0.11083397966211776,0.8526246672324896,0.9429560012735919
40,103,3886,256,0.43024421569162247,0.6990313849652997,0.7548216904066666
40,105,45990,256,0.1457801584606554,0.8810965385226732,0.924240142787222
40,106,10960,256,0.22212933427654408,0.8727948709448639,0.8819697646311102
40,107,5179,256,0.2664417282839059,0.7955541376457226,0.8564801642280422
40,108,53321,256,0.1317541117020534,0.8314382824256286,0.9317971282945374
40,109,19914,256,0.07577962455846833,0.7564673132380313,0.9613638101372091
40,110,29480,256,0.1404265508257419,0.8545989897717119,0.9271318402332315
40,111,11737,256,0.16393019519820082,0.7581695811181092,0.9143685278933211
40,112,20066,256,0.19832921777931484,0.8465681742303914,0.8953606995064533
40,113,5544,256,0.24904339961265223,0.7974221416616113,0.8665775212797455
40,114,56689,256,0.12940933144827452,0.8686126492676862,0.9330544831636176
40,115,41093,256,0.28141711426547317,0.7655957839524405,0.8476926835442942
40,117,3382,256,0.11050022300360401,0.882267593713644,0.9431329582812785
40,118,464,256,0.14731273652082125,0.6450330362527642,0.9234106689221101
40,119,21915,256,0.22853806704760918,0.784043330501947,0.8783290573312436
40,121,36105,256,0.22226853327035712,0.7916633259254078,0.8818908474009938
40,123,24358,256,0.1590560151688013,0.8002479630385296,0.9170299803339031
40,124,31443,256,0.2538936525555171,0.7730663017336669,0.863774477189783
40,126,1223,256,0.15779123883762108,0.6193432955385687,0.9177193259174501
40,127,72219,256,0.11141827530667298,0.868365450817603,0.9426461290926341
41,0,40832,256,0.3297290708411114,0.7710926361321926,0.8187007567841187
41,1,76482,256,0.13739203230514085,0.8666220117613722,0.9287669070842582
41,2,36733,256,0.2073042558874986,0.7981047379662678,0.8903346247970487
41,5,29808,256,0.18675347100575013,0.8210632640152835,0.9018018235700401
41,6,29925,256,0.08999891955162657,0.8402989116855206,0.953939767725601
41,7,19386,256,0.2078668058318208,0.7999763167152698,0.890018648213721
41,9,103286,256,0.1208121076246306,0.8633760480210264,0.9376501972352853
41,10,9351,256,0.2371142519595113,0.8817236732483904,0.8734333105855814
41,11,32456,256,0.11432577014147802,0.8167972871697745,0.9411026670127558
41,13,1146,256,0.06675627845984916,0.8922558390344075,0.9660454034568721
41,14,35845,256,0.15483061513521706,0.8415916746537228,0.9193309441462215
41,15,36865,256,0.14809908534638214,0.8685297993066444,0.9229847857108034
41,16,77,77,0.03602521234095671,0.9232278792026992,0.9818221772088077
41,17,24643,256,0.14329877316629078,0.8648618417076698,0.9255815614162315
41,18,31206,256,0.13284852229064933,0.8277307947285555,0.9312096851458057
41,19,28107,256,0.2272598158745668,0.7973144896398832,0.8790564169184099
41,20,32169,256,0.10829679720197198,0.8697860775278227,0.9443003774213098
41,21,17414,256,0.4285920067249656,0.6903300041320728,0.7559153347267368
41,22,1083,256,0.09951191406030299,0.7930985585696768,0.9489405070602145
41,25,3557,256,0.07185903948302005,0.8834922597252132,0.9634007268613513
41,26,6992,256,0.15994596100453348,0.7819771125546241,0.9165446192059973
41,29,208,208,0.09107171784383312,0.20078407090424596,0.9533773031471678
41,30,13479,256,0.15620664715233987,0.8091500531991122,0.9185822515418313
41,33,521,256,0.17234737038632225,0.41323587552864266,0.9097541588878161
41,34,6490,256,0.10918624504439696,0.8875320714607002,0.9438293039292661
41,35,37729,256,0.1570685123815689,0.8650137290664633,0.9181130037301678
41,36,35825,256,0.24571963511952408,0.7799884083827243,0.8684931576474716
41,37,169,169,0.11381660079886237,0.6070656559201633,0.941373145570415
41,38,2071,256,0.4417790736174887,0.6055866470021318,0.7471418381957413
41,39,5121,256,0.22914335216820547,0.7390698868143171,0.8779844234562447
41,40,378,256,0.06636216312842594,0.8365836341130919,0.966249365780684
41,41,444,256,0.12748264916157107,0.6137836485642991,0.9340863722581703
41,42,23306,256,0.545016675478451,0.5770332998554907,0.6745245173613402
41,44,11207,256,0.17807994683748732,0.8433827636756424,0.9065980659379947
41,45,35214,256,0.24373751674520705,0.7704450013123835,0.8696335338835508
41,46,24473,256,0.21857214435630531,0.8229761077816354,0.8839840811031014
41,47,5795,256,0.19507319898465975,0.817141411044053,0.8971771291196294
41,48,21739,256,0.23995765585462023,0.8088617826852075,0.8718040744028326
41,49,25699,256,0.07471996666141198,0.7867372860103016,0.9619147744673578
41,50,17338,256,0.232315948053153,0.7415452070696148,0.8761758110943528
41,51,1255,256,0.15469110461234237,0.7339130535136431,0.9194068171313815
41,52,26680,256,0.15861259413119808,0.8844575912952318,0.9172717186683572
41,53,31406,256,0.15791699069432247,0.8314590186996305,0.917650810115524
41,54,18310,256,0.06005225267867264,0.8088252308717937,0.9695090238472911
41,55,13251,256,0.26658535087756385,0.8166555210204085,0.8563963154535615
41,57,22456,256,0.18034861724782988,0.8115062737599135,0.905346001676801
41,58,7001,256,0.2384863394940229,0.7669975902659302,0.8726475007160549
41,59,6187,256,0.46494174237304337,0.7058437136018814,0.7314767649262393
41,61,23211,256,0.16592523968129816,0.7591225559418416,0.9132769351728434
41,62,19208,256,0.22708375709813958,0.8650758683890524,0.879156551987108
41,63,37287,256,0.17339113909208928,0.8082139391583304,0.9091803236475758
41,64,31855,256,0.16204646930090807,0.8327394888307814,0.9153980176399181
41,65,42558,256,0.15989023237879382,0.8132326923251094,0.9165750201817667
41,66,41229,256,0.09826484205022283,0.8591874984084928,0.9495973662293811
41,68,29459,256,0.33120326333305494,0.8740844522644412,0.8177999368225367
41,69,32150,256,0.20879512059266264,0.8348371913248086,0.8894969811119864
41,71,111,111,0.039787830426433295,0.8060775836783234,0.9799041634637372
41,72,19313,256,0.24297042238396854,0.7925099701441702,0.8700744667073224
41,73,22881,256,0.21892091280451254,0.8710538568336142,0.8837867883123663
41,74,798,256,0.0666679260750538,0.8587782806446235,0.9660911312733113
41,75,5866,256,0.06584678222575566,0.8579427475909434,0.9665160204436574
41,76,232,232,0.049692125917083864,0.8100248489455755,0.9748373577591886
41,77,70327,256,0.13554658848258191,0.8539351249277524,0.9297598676633758
41,78,5357,256,0.2711385660944804,0.798291365982471,0.8537338191178323
41,79,21974,256,0.26936013200075787,0.8645451775941845,0.8547747469358474
41,80,34462,256,0.4330620694679141,0.6931071013993596,0.7529528076394203
41,81,23389,256,0.2261866597891094,0.8118289970910194,0.8796666074206129
41,82,45705,256,0.13723027193084678,0.8480138378300838,0.9288539864096795
41,83,4521,256,0.3584257767225705,0.7757559859878198,0.8009832852671955
41,84,27618,256,0.11449051271513819,0.836681921497197,0.9410151365864747
41,85,28538,256,0.11677488439221087,0.8455116928649906,0.9398005722533846
41,86,159,159,0.0521550136008955,0.797692430317637,0.973573308179258
41,87,12159,256,0.1885249504175153,0.8979177753568727,0.9008190992549419
41,88,10577,256,0.38785671246735076,0.6761441555652911,0.7823958636985815
41,89,7895,256,0.21993323194953981,0.885793390753301,0.8832138857889748
41,90,9225,256,0.11915031724956526,0.8704036730498181,0.938535925125104
41,92,36347,256,0.18015488009292546,0.8325246677937538,0.9054529915501272
41,93,18146,256,0.12344804867573769,0.842853593350506,0.9362435320600417
41,95,432,256,0.05865812163139514,0.8361144834407798,0.970227745618834
41,97,37093,256,0.20542134902395554,0.8404255200538441,0.8913914128911297
41,99,18468,256,0.20148206650222164,0.8438811484688384,0.893598306566087
41,100,31930,256,0.11099139212728303,0.840555752680317,0.9428725300233946
41,101,72,72,0.036260722912581464,0.8598224427168207,0.9817022344313059
41,102,7531,256,0.13212066725862828,0.8746879750923953,0.9316004147387289
41,103,74720,256,0.1544281194156317,0.7867720385478529,0.9195498249602184
41,105,2477,256,0.3063717021329086,0.7321900463560705,0.8328435014257428
41,106,47105,256,0.12072359716771176,0.8610133343280261,0.9376973940628651
41,108,665,256,0.23213793935327867,0.5774362622042367,0.876277387958129
41,109,1449,256,0.10961136822429099,0.7656625442295292,0.943604065154294
41,112,56804,256,0.1071733891799413,0.861266358918288,0.9448950263495193
41,113,448,256,0.051250713944255656,0.8049524377870197,0.9740376204519743
41,115,10956,256,0.1714247260657371,0.7874821176270921,0.9102611020659198
41,116,684,256,0.04325233956632428,0.8799701325235586,0.97813478643471
41,117,17764,256,0.11807902111060445,0.8593299254901308,0.9391064789944725
41,118,7278,256,0.08357569529432528,0.8885458712292285,0.9573005299829698
41,119,174,174,0.04386541156602793,0.8284998602880023,0.9778213479127831
41,120,2854,256,0.20956497542080782,0.8912481693683119,0.8890641284964725
41,121,75965,256,0.16195795624830772,0.8362899937903941,0.9154463631211237
41,122,22635,256,0.10460384668968381,0.7349540082579007,0.9462537467879936
41,123,6482,256,0.3776809307685724,0.687773475270652,0.788872023354503
41,124,1584,256,0.13495040864289193,0.7838311866104741,0.9300804219835552
41,126,17149,256,0.1346162390747821,0.8872085009284323,0.9302600501608236
41,127,240,240,0.045114333873525335,0.8313997346881647,0.9771825142349174
42,2,21985,256,0.09942971670235116,0.8709483305854993,0.9489838161410599
42,3,60287,256,0.15749767519504423,0.8450110992366451,0.9178792539353724
42,4,23466,256,0.15060639574297247,0.840716924883954,0.9216255227895046
42,5,15197,256,0.12934568729543736,0.9297803712945417,0.9330885878117697
42,6,4021,256,0.6271603577809511,0.5878777833438648,0.6106059631374794
42,7,9246,256,0.11590425965953303,0.8803578210303601,0.9402636546950366
42,8,29968,256,0.07883171629727503,0.7865087663407998,0.9597751214230993
42,9,5133,256,0.4577147799323931,0.6477557522219143,0.7364001765803746
42,10,4293,256,0.24465031184233804,0.7889466161070274,0.8691085594778492
42,12,33860,256,0.1423065062700963,0.7949151589261695,0.9261174297733002
42,14,42552,256,0.1276665341763897,0.8680845615741755,0.9339879366585043
42,16,99610,256,0.13003869005990784,0.8396323068592798,0.9327171650291916
42,17,25483,256,0.14695894597834125,0.8050419762719548,0.9236022163364804
42,18,46964,256,0.1107503832286218,0.8600652627221271,0.9430003270261247
42,19,7020,256,0.20086670868096654,0.8681213243449928,0.8939425548205172
42,20,7959,256,0.19164146110668842,0.7807867505939273,0.8990876146924234
42,21,23098,256,0.14302353127948259,0.824209620241179,0.9257302353928586
42,22,34872,256,0.13801889875146708,0.8243979717162181,0.9284293733227815
42,23,103341,256,0.1259749721810263,0.8380582619080399,0.9348930568888474
42,24,79443,256,0.1641760506766852,0.8598236946369419,0.9142340779709072
42,25,17901,256,0.15689706750473958,0.7732779858659891,0.9182063670522331
42,27,23042,256,0.16070476298840758,0.8343283055243953,0.9161305785812373
42,28,21948,256,0.13310143690770745,0.7925499336692159,0.9310738762806593
42,30,8292,256,0.3176897750723605,0.8435042018899804,0.826020717008744
42,31,34716,256,0.23095594814748527,0.8604204486409511,0.8769515675637479
42,32,9563,256,0.26525466198679076,0.7967099471615825,0.8571728752201677
42,33,11219,256,0.08129561553406152,0.8792877128398571,0.9584906804272739
42,35,703,256,0.042927478010785156,0.8375507407451669,0.9783008340941016
42,36,3094,256,0.15285831596851052,0.8385915221294897,0.9204030008814017
42,37,26698,256,0.15797023392621753,0.7922612667708298,0.917621799040205
42,38,4388,256,0.16279705117568183,0.8778278452083025,0.9149879500978787
42,39,17033,256,0.33341681753497165,0.7021084622841942,0.8164454559032271
42,41,7625,256,0.16764677595311137,0.8037198790295631,0.9123339432723572
42,43,28594,256,0.11274896666847821,0.8965430639700981,0.941940037014842
42,47,2932,256,0.4779110893777254,0.665351817405623,0.7225572023184563
42,49,48427,256,0.1885428983645537,0.8364632408961379,0.9008091371847015
42,50,8901,256,0.09728094380032212,0.8525636533660571,0.9501152857415135
42,52,11591,256,0.3987526050088208,0.8070263609489072,0.7754014411846158
42,53,73,73,0.041794836548923,0.7909509350755247,0.9788795449140191
42,54,96,96,0.03487274495653077,0.8279326297158174,0.9824089041959408
42,55,59904,256,0.0985983292735341,0.8038898554991446,0.9494217559791148
42,56,10206,256,0.4053566729277509,0.6575346378715792,0.7711311996490928
42,58,8335,256,0.33847164546431907,0.8446134465250105,0.8133439337301784
42,59,22799,256,0.13703060166012604,0.8310943472903495,0.9289614622468867
42,61,2255,256,0.28140671915134857,0.825709446885889,0.8476988149388033
42,62,145,145,0.1088507084007667,0.07524942466021996,0.9440070400157158
42,63,782,256,0.0518533731127676,0.8650993969788586,0.97372820996787
42,64,23955,256,0.30728251478163554,0.7568538501229599,0.8322965127995938
42,65,34755,256,0.11924924679381103,0.8291875391129139,0.9384832194590317
42,66,16708,256,0.13275968070056415,0.8365147027527451,0.9312573861717478
42,67,64,64,0.04955303350878419,0.6367407747306096,0.9749086964896846
42,68,9261,256,0.16515031493040488,0.8291490962363585,0.9137010917524369
42,69,34063,256,0.2093763411787306,0.8190160502286472,0.889170208014905
42,70,23605,256,0.0804533828978144,0.8332036346854719,0.958929933364365
42,71,52665,256,0.2803901104749803,0.8862933863671373,0.8482982314758293
42,73,34145,256,0.14031433008410762,0.8392505903404882,0.9271923586375658
42,74,38531,256,0.16032432035023308,0.8573842024679472,0.9163381906533018
42,75,45281,256,0.17569556281730309,0.7722526106673377,0.9079121307608445
42,76,4001,256,0.16179688691624236,0.8657610664610125,0.9155343320071386
42,77,12655,256,0.21993437385288941,0.7874562309858694,0.8832132393409367
42,78,3267,256,0.19674829137107785,0.87862745607755,0.8962431079952148
42,79,6579,256,0.2414671528461354,0.8383627345709848,0.8709379123415542
42,80,43541,256,0.25763167020285754,0.8609830104625803,0.861607990792299
42,81,1566,256,0.08855227729123134,0.7123701490642177,0.9546977127388379
42,82,139,139,0.03915272915641717,0.8277295381592398,0.9802281728473136
42,83,580,256,0.08724047863798232,0.8741408052613269,0.9553844887593778
42,84,7089,256,0.21811827242889378,0.8692745716601656,0.8842407633507439
42,86,43284,256,0.16128034711575054,0.858837636744282,0.9158163860099083
42,87,1151,256,0.05640607696238606,0.8285057555184944,0.9713876275913822
42,88,137,137,0.03934696566509449,0.7048044255088219,0.9801290906482194
42,89,98,98,0.07357694107744463,0.603121855942348,0.962508731868213
42,90,25421,256,0.11694943086017723,0.8948219546783606,0.9397077040973021
42,91,2335,256,0.23159285737459726,0.790172711516058,0.8765883541465759
42,92,10172,256,0.13898034269702425,0.861588596169658,0.9279114490634199
42,93,32659,256,0.1328182861717651,0.8707901934854902,0.9312259198649031
42,94,1553,256,0.10236746298955103,0.7913029638358896,0.9474347138512759
42,96,2733,256,0.1977641808665071,0.8792500945213523,0.8956761798404002
42,97,1460,256,0.09254291680228435,0.8048474326034687,0.9526054184171512
42,98,31688,256,0.13661657529273358,0.8595567479827171,0.9291842791972249
42,99,14586,256,0.24374902693864528,0.8237856465011177,0.8696269160170669
42,100,7702,256,0.14673354210443473,0.8285782790863356,0.9237242326016815
42,101,41261,256,0.21597017369347069,0.828646838337697,0.8854545873767493
42,102,32642,256,0.14124665699821504,0.8953833004783501,0.9266894533778751
42,104,2040,256,0.2783706205797982,0.5705239781007488,0.8494877158736327
42,105,64,64,0.033437995708471294,0.896899166111414,0.9831388530068013
42,106,25062,256,0.07950759646307491,0.866101122070334,0.9594229534136262
42,108,21117,256,0.14889719349515373,0.8280903003410084,0.9225523326645737
42,109,7392,256,0.15050453198817834,0.8441602576653295,0.9216807842261993
42,110,436,256,0.04054412493956718,0.8548072188513268,0.9795181851606599
42,111,12970,256,0.3004408664990831,0.70920797420407,0.8363965169110383
42,112,2622,256,0.22693610371952988,0.7682422482800474,0.8792405224285731
42,113,9810,256,0.6241872550054043,0.6449285914753043,0.6130356800338751
42,114,19179,256,0.2527100980305675,0.7459932138567078,0.8644593119224482
42,115,102207,256,0.13160060970111873,0.8784146311870684,0.9318794934426239
42,116,14415,256,0.10378650678298562,0.8531079259294108,0.9466855302670546
42,117,29100,256,0.21415535561289792,0.7739575867315173,0.8864787895867008
42,118,90,90,0.036230505752661804,0.7183744521767486,0.9817176244966462
42,119,13965,256,0.26178313365100986,0.7645136964690818,0.8591954762153896
42,123,41644,256,0.11900595252890395,0.8626610551479011,0.9386128315078033
42,125,32857,256,0.19079626987488923,0.8199715437609001,0.8995575190754123
42,126,51121,256,0.2915039042686828,0.7554730693231018,0.8417221012491696
43,0,12868,256,0.19674487013301364,0.7633221052271227,0.8962450166483418
43,2,21610,256,0.2959901311162609,0.7572610293487753,0.8390529595226627
43,3,168,168,0.027255755955639237,0.9021090194203203,0.9862779750376467
43,4,43040,256,0.22027373072100137,0.8008780647138466,0.8830211035298072
43,5,57463,256,0.14637665244397247,0.9032779903383535,0.9239173921709817
43,6,27146,256,0.11565477048216694,0.9127567916151278,0.940396315134121
43,7,15227,256,0.3509952598267653,0.9169317388220497,0.8056083044341305
43,8,67673,256,0.1439512486069994,0.8872252547789072,0.9252290264539913
43,9,78,78,0.029457541289661045,0.8531716040451991,0.9851611333737943
43,10,3322,256,0.0902409246597508,0.8831402386403403,0.9538129142238793
43,12,30095,256,0.20586057326120402,0.8300840707782414,0.8911450088166325
43,15,1943,256,0.12194417651033151,0.7126816528190014,0.9370463294254284
43,16,35558,256,0.11155147531597873,0.82671564012312,0.9425754742640089
43,18,9307,256,0.08702047794081424,0.901296504201925,0.9554996190785142
43,19,33718,256,0.19361602989110593,0.8498479958137442,0.8979888474301304
43,20,472,256,0.0666229451743604,0.7758212448805959,0.9661144108363354
43,24,20471,256,0.05412407752159126,0.9311420393760229,0.9725615263202677
43,26,30453,256,0.16656255424694386,0.8875794204264681,0.9129279521150923
43,27,3009,256,0.17098729921156774,0.7958893828775669,0.9105013458465794
43,28,577,256,0.06587109948902636,0.5699666005563425,0.9665034405065372
43,29,22490,256,0.1767469730361158,0.8299980006430657,0.9073329195856856
43,30,12183,256,0.3054227580067025,0.719411543744344,0.8334130080538086
43,31,20445,256,0.5721325332050426,0.5695652927483597,0.6541157900516982
43,32,6233,256,0.14954560770330158,0.924565157065754,0.9222008416265398
43,33,328,256,0.08128870030761091,0.7442054951131156,0.9584942877724358
43,34,1060,256,0.12891337716977216,0.8125965802887923,0.9333202145192334
43,35,328,256,0.027512426652975697,0.8164487439206491,0.9861478455825091
43,36,88657,256,0.13424094837189735,0.9019398962928233,0.9304617410877798
43,37,28494,256,0.16703226914408228,0.839902232798134,0.9126706584830684
43,38,3491,256,0.19767597887092583,0.801501763351026,0.8957254161455251
43,39,12466,256,0.2710247443062338,0.8978166244183293,0.8538004776841989
43,41,19227,256,0.1957760612767778,0.8489248072878829,0.8967853359211568
43,42,11398,256,0.16104993741586632,0.8744149663283319,0.9159421720742712
43,43,37302,256,0.12336001410782524,0.8640383863266223,0.9362905456599329
43,44,70191,256,0.12258388817454913,0.8393570212337325,0.9367049224945126
43,45,2623,256,0.3516710552628869,0.7812633463957819,0.8051887634195556
43,46,69935,256,0.13724383571528123,0.9392299493718717,0.9288466850265004
43,47,30693,256,0.4357930047930632,0.7053392938539088,0.7511371347543249
43,48,2798,256,0.3636340272479786,0.8102512946569441,0.7977254996250411
43,49,38696,256,0.1494596463318456,0.8351192338107372,0.9222474470922402
43,50,3096,256,0.22745223406050513,0.8791254359409194,0.8789469642358945
43,52,12166,256,0.19722809727205318,0.8627940189494381,0.8959753918093659
43,53,10930,256,0.32458889706250377,0.7213267766888909,0.8218339874557977
43,55,2035,256,0.10087104881675463,0.8332100799274424,0.9482241038822233
43,56,63123,256,0.14189020625737722,0.8387707793621693,0.9263421580294307
43,57,92,92,0.028246441925821878,0.8725677534476538,0.985775612436308
43,58,50260,256,0.13385023123308135,0.8729438062699842,0.9306716761387545
43,59,22556,256,0.21140950116073487,0.8624483332761166,0.8880261813929053
43,60,6303,256,0.17019574597086337,0.8527594410040639,0.910935922021487
43,61,15387,256,0.08315829663809476,0.9258284256858212,0.9575185133259332
43,62,15071,256,0.18073534860422694,0.7696747964197919,0.9051323944019312
43,63,6153,256,0.22936301884365462,0.797409004983623,0.8778593174058958
43,64,74,74,0.03748259598505511,0.7524127108149967,0.9810797133846694
43,65,32492,256,0.10169839241401087,0.8321126940855356,0.9477877439521937
43,66,25027,256,0.2052313581980621,0.8116129956675024,0.8914979763308147
43,68,75278,256,0.1366391882186512,0.9065396264370463,0.9291721109575711
43,69,7964,256,0.10090611208444121,0.8850763696175564,0.9482056147880368
43,70,10925,256,0.3627850489659112,0.8265908984795989,0.7982574465885607
43,71,8925,256,0.5874833862008737,0.5991977274694178,0.6422745626281071
43,72,7251,256,0.10111116958888619,0.8379995085693109,0.9480974793823227
43,74,20473,256,0.08204244701190597,0.8325176286065892,0.9581010139792641
43,75,44308,256,0.18775274085812435,0.847191179052466,0.9012476125582113
43,77,31419,256,0.3254370888842729,0.7094960755059518,0.8213177893578874
43,78,2109,256,0.4217471911844736,0.7305704710829964,0.7604293582020136
43,79,287,256,0.04043052241480676,0.8300082913223334,0.9795761724262148
43,80,26545,256,0.07172326950690805,0.8748355649018047,0.9634711882008158
43,81,45986,256,0.1313316929455536,0.8338170137027802,0.9320237695758872
43,82,5634,256,0.15263640529866443,0.8792230979394158,0.9205235438060971
43,83,22990,256,0.1984765814439293,0.8613721865764525,0.8952784028200784
43,84,1216,256,0.3689835805932113,0.4324293579867059,0.7943654193170726
43,85,7172,256,0.384857001121011,0.7628901342217047,0.7843105245239216
43,87,54910,256,0.11642715958768934,0.8800337373810975,0.9399855532997891
43,88,33954,256,0.2889606772847432,0.7588795267132566,0.8432314763546584
43,89,117,117,0.04689839701097051,0.6708905494223412,0.9762692266936562
43,90,1042,256,0.18753567642542135,0.5268075996520801,0.9013680289285718
43,91,11900,256,0.20585608206726136,0.8049453989918194,0.8911475287138144
43,92,185,185,0.053952987649401,0.5653025296153547,0.972649480722937
43,94,12447,256,0.161418577417164,0.8497146893949457,0.9157409145510732
43,96,7689,256,0.4022522917307723,0.6953722381100601,0.7731414542431596
43,97,35923,256,0.1547016449159952,0.8630058557292093,0.9194010849917487
43,98,14854,256,0.08231792596590741,0.9006970566411492,0.9579572401908619
43,99,6752,256,0.0905048090778312,0.8909155276296586,0.9536745728612925
43,100,57497,256,0.21532135210862538,0.8634445125770747,0.8858208892837054
43,101,217,217,0.037087608399593616,0.7942619831288921,0.9812809952304214
43,104,123888,256,0.1733503702975477,0.8715853548179432,0.9092027440029271
43,106,527,256,0.031908355326674166,0.8931667153794048,0.9839164825702057
43,107,68,68,0.027150756934115786,0.8707168660717017,0.986331203534535
43,108,609,256,0.07148781899879163,0.8332483160442264,0.9635933691143834
43,110,92,92,0.02711761597517892,0.8852376013527242,0.9863480035083059
43,111,7321,256,0.11494033407441114,0.8489409524080193,0.9407760976585177
43,112,19597,256,0.15122865538603472,0.8835418076704311,0.9212878728247568
43,113,103,103,0.028670026845103464,0.8521875949418858,0.9855607404695544
43,114,25418,256,0.1677535284691292,0.8426188824423985,0.9122754362202629
43,115,12020,256,0.2806009274562447,0.7429957325215278,0.8481739636087371
43,117,105,105,0.03137264482778811,0.849669747262577,0.9841886786446041
43,118,754,256,0.13686317227970324,0.6732212917422628,0.9290515743059138
43,119,6176,256,0.2210748792010201,0.8936483416843486,0.8825673463249022
43,120,62574,256,0.116879585825549,0.8794291720260812,0.9397448665326409
43,121,66154,256,0.14689450792828201,0.8413261745342759,0.923637099770098
43,122,13256,256,0.4239479051416069,0.7322335669426202,0.7589809581658773
43,123,2476,256,0.15378102221081277,0.8886050941312515,0.9199016131028291
43,124,2950,256,0.07155854019437824,0.9205228253094376,0.9635566718183325
43,125,31216,256,0.19597798722980192,0.808428085312713,0.8966727456381163
43,127,7268,256,0.20237618057240284,0.8946493906981724,0.8930978778541562
44,0,26168,256,0.20859726984540303,0.8330947885320408,0.8896081891229402
44,1,16201,256,0.1983621565867787,0.8260871139503345,0.8953423051622331
44,2,4770,256,0.11326735474755116,0.8543212719242959,0.9416648263859327
44,3,55074,256,0.13796071311537078,0.8364569622014367,0.9284607083149126
44,4,451,256,0.0502061736421291,0.7598535958511176,0.9745736638950752
44,5,9201,256,0.3264965249244778,0.803298352614193,0.8206725748284283
44,6,91658,256,0.15953684883340857,0.8517129589205052,0.9167677738482038
44,7,126,126,0.041452908063878004,0.9436704572391906,0.9790541823291099
44,8,9024,256,0.6199445551646547,0.6158142128266774,0.616486370356511
44,9,48434,256,0.1076991235327096,0.8789750062687706,0.9446167881565998
44,10,165,165,0.04416794315263281,0.8894750066295338,0.9776666389150073
44,11,75287,256,0.4856815054446245,0.6784383448436585,0.7171600201875279
44,12,10460,256,0.17750296722365552,0.8240960388158163,0.9069162214760217
44,13,36611,256,0.10964230978819832,0.7928413637468013,0.9435876695950417
44,14,1072,256,0.15844208688590647,0.6284309065816893,0.9173646565647129
44,15,10203,256,0.12842352163411355,0.9177987767389193,0.9335826039327674
44,16,21197,256,0.48370634144093366,0.6330741778137577,0.7185357740287301
44,17,2338,256,0.1724319176470877,0.8622011054951888,0.9097076906088638
44,19,7502,256,0.09426052526918992,0.9209376229274991,0.9517034594508996
44,20,47829,256,0.13979149114323464,0.8472301471763714,0.9274742631775641
44,22,53948,256,0.18844332969951985,0.8090273712313143,0.9008644017278516
44,23,28891,256,0.1343701451458569,0.7932830412707164,0.9303923123361151
44,24,10953,256,0.18809329537339478,0.8908977273109859,0.9010586577058151
44,25,22963,256,0.18818620141140666,0.7929076612902096,0.901007102407408
44,26,3427,256,0.2541419839686478,0.8767438932003854,0.8636307173968236
44,27,123843,256,0.15900275248503892,0.8980050225182207,0.9170590207369214
44,29,24175,256,0.27468288293997856,0.7023083923147603,0.8516555154873486
44,30,751,256,0.061220462002836394,0.7972690743977279,0.9689063618312987
44,31,4437,256,0.6018260654052999,0.5896964622745126,0.6310102491994088
44,32,1536,256,0.23647631468077282,0.5858289145241545,0.8737984237335447
44,33,19035,256,0.15958969387826913,0.8309310520434098,0.9167389520041846
44,34,2334,256,0.23127876350150572,0.8310427283415898,0.8767674928386056
44,36,122,122,0.04239987638323943,0.869488228882084,0.9785704489799192
44,37,38807,256,0.13621725416334285,0.8591571779500358,0.9293991316095884
44,38,13816,256,0.1397479785941513,0.8617648849277489,0.9274977204316185
44,39,69513,256,0.14969093844469575,0.899021783148035,0.9221220426577517
44,40,6378,256,0.1315117788736303,0.8860599871143553,0.9319271544098121
44,41,3138,256,0.3876574689357492,0.5538960926131696,0.7825231824452555
44,42,25837,256,0.07677128338338504,0.8852773009378416,0.9608479154458395
44,44,30639,256,0.12458373387735634,0.8673951292906258,0.9356368238385253
44,45,40850,256,0.21131066954159944,0.8151525310528664,0.8880818264430371
44,46,20420,256,0.1915482095132605,0.8022957794954071,0.8991394722103683
44,47,10783,256,0.15660669873134023,0.8130376785054025,0.9183644708222655
44,48,36659,256,0.18722887809089359,0.8173319605689047,0.901538197698304
44,49,7990,256,0.24965937485933165,0.7442965403422334,0.8662220414770502
44,50,953,256,0.10402300774913212,0.7155093685013765,0.9465606120322501
44,51,5922,256,0.607387074957002,0.591896182906578,0.6265883218214316
44,52,17808,256,0.2178870509775908,0.9000811135590956,0.8843714994403705
44,53,30394,256,0.30299807607918483,0.7769679652017655,0.8348664108232018
44,54,53190,256,0.15040439315030074,0.8537616286160976,0.9217351066600964
44,56,64007,256,0.08835686637375122,0.9214193314501684,0.9548000490292451
44,57,5340,256,0.22538129249322783,0.7634148597526811,0.8801242568562533
44,58,20906,256,0.2472850571241958,0.8116706220550861,0.8675914608130973
44,59,4262,256,0.4185314949236623,0.671381537502662,0.7625408219081374
44,60,9178,256,0.37152686731476875,0.8986489517552348,0.7927629738359576
44,62,27156,256,0.16708606639607795,0.7790879324139646,0.9126411855729074
44,64,6029,256,0.14761799510108967,0.8344298598587024,0.9232453654900794
44,66,6496,256,0.12341291311550935,0.8980908203396905,0.9362622959857406
44,67,3398,256,0.4593586115981348,0.6827080587162372,0.7352832028557876
44,68,2641,256,0.18337431782982008,0.8985200250917503,0.9036734377916504
44,69,120403,256,0.13936433978232166,0.8756620052697396,0.9277045112629766
44,70,435,256,0.05643659081968526,0.794409204530091,0.9713719211405664
44,71,36078,256,0.22462199705738653,0.8145502982805006,0.8805555081552857
44,72,18236,256,0.11025883199211595,0.9018033727926186,0.9432609225489436
44,73,28555,256,0.2899282111334912,0.812360703310412,0.8426575750959038
44,78,1328,256,0.051190971708591416,0.8765069569894639,0.9740682872834987
44,79,3493,256,0.23953723215387557,0.8320038548253192,0.8720451638797869
44,80,65560,256,0.17756664985105444,0.8233254197277258,0.9068811113640782
44,81,46939,256,0.11105132012832869,0.8960709221248506,0.9428407500058911
44,82,6428,256,0.09242713041032122,0.9455386133929787,0.9526661900107921
44,83,28256,256,0.1709306772492468,0.9039013470252779,0.9105324391534622
44,84,4722,256,0.1471315322282525,0.871441782163933,0.9235087805601783
44,88,35376,256,0.24146267015746553,0.7934909258246927,0.8709404858212382
44,89,3344,256,0.22357885783637574,0.8495254541260636,0.8811476279055764
44,90,15002,256,0.46732554642284463,0.6843106307859392,0.7298454997992078
44,92,4256,256,0.18333189942106007,0.8161308369762807,0.9036969074744806
44,94,17226,256,0.5242955303054614,0.686729536776169,0.6897133242837481
44,95,787,256,0.14709991041202453,0.6388156521830433,0.9235259008755388
44,96,5558,256,0.08649790783405502,0.928488012159884,0.9557730338139621
44,97,64,64,0.042542574893919494,0.9274342475722439,0.9784975345426684
44,98,5284,256,0.24739782587019424,0.743898613378135,0.8675264688352775
44,99,23624,256,0.1915027642291861,0.8355387811946248,0.8991647433984575
44,100,2625,256,0.1814678559815214,0.8895005062272353,0.9047276629010956
44,101,4421,256,0.20976712781909285,0.846408419185525,0.8889504329156419
44,102,1870,256,0.2142983624013882,0.5964159052276837,0.8863981258997629
44,103,973,256,0.07338909359347043,0.8694201312910285,0.9626063091454001
44,104,19307,256,0.21625724172493505,0.860722890275952,0.8852924704723659
44,105,18504,256,0.27657488919984313,0.7219545522052917,0.8505440087380293
44,107,45847,256,0.19725594727054163,0.895563878089073,0.8959598499539242
44,108,1927,256,0.06061218440207446,0.8902720911895493,0.9692202100647331
44,109,684,256,0.09352945837746333,0.7940901036133314,0.9520874653216146
44,110,42568,256,0.414049727170724,0.6824411924164219,0.7654738877514217
44,111,12526,256,0.15788900520839386,0.8217302529961881,0.9176660584284493
44,113,17333,256,0.1299407109496255,0.7546724572620318,0.9327696870344654
44,114,2652,256,0.09176807694211084,0.9190705662351667,0.953012026712092
44,116,49300,256,0.2133585926397603,0.8925030100094112,0.8869280733860213
44,118,10631,256,0.19292993863044736,0.811297706642628,0.8983707816762256
44,119,14850,256,0.16111791943352935,0.9190436410954572,0.9159050608913953
44,121,8325,256,0.1825712888611978,0.8577406423401537,0.9041176423114429
44,122,37071,256,0.1342033643037357,0.8561334982823233,0.9304819373293951
44,126,1078,256,0.15958388686690078,0.8017928916620968,0.916742119209704
44,127,524,256,0.052770232742368736,0.7458316280685984,0.9732572975619712
45,0,8559,256,0.411997264051552,0.6656542782742788,0.7668133644821588
45,1,242,242,0.19888859769851314,0.5015691217364833,0.8950482681405997
45,2,69845,256,0.07953993480769592,0.9121407602947366,0.959406100247598
45,3,12064,256,0.29085595489705385,0.8477352764968459,0.8421069083572146
45,4,37369,256,0.25344110521842433,0.9055727644871685,0.8640363966764222
45,5,63343,256,0.21052035125248714,0.788807860579544,0.8885266730647499
45,6,73,73,0.10276552381190816,0.8796652338232177,0.9472246176003303
45,7,2021,256,0.13586772626633725,0.8007419975996276,0.9295871523066908
45,8,3543,256,0.14554438437254422,0.8456358013309634,0.9243676842184909
45,9,87,87,0.1092819928675521,0.8033016285243857,0.9437785795049853
45,10,16434,256,0.22969244743154923,0.8327833278456325,0.8776716655836913
45,12,119419,256,0.16386959749557437,0.8752939456877099,0.9144016636601366
45,13,7130,256,0.19537225927777585,0.8739162648581439,0.8970104462726307
45,15,92,92,0.10186201575856381,0.8916472681532492,0.9477014214621798
45,16,45930,256,0.13978654734598733,0.9105666264483229,0.9274769283675
45,17,34740,256,0.22309168712416158,0.8163549901304535,0.8814240255835091
45,18,3853,256,0.15717407674352002,0.8871999645401445,0.9180555120778263
45,19,2165,256,0.32884085520499695,0.7373895438900584,0.8192430315815955
45,20,66610,256,0.11157801385488082,0.8960962572487878,0.9425613964857245
45,21,1501,256,0.13039659381421215,0.7710112339693059,0.932525284475326
45,22,85323,256,0.15286469114303372,0.8390252596512672,0.9203995376231815
45,23,2910,256,0.706810212885218,0.4947673203054399,0.5414700242070488
45,24,58958,256,0.12181159038453784,0.8567035044962718,0.9371170735908413
45,26,31476,256,0.08574468013924831,0.8968823070557389,0.9561669937101739
45,27,94706,256,0.17771245068257308,0.8283423853052511,0.906800721943596
45,28,11506,256,0.15438978914412343,0.9024141444134993,0.9195706665916853
45,29,16113,256,0.62503962207143,0.5113984295987639,0.6123400835553475
45,30,2663,256,0.12600761151745177,0.8971714238526932,0.934875600538675
45,31,2864,256,0.12836473626269987,0.9208244519270307,0.9336140871566261
45,32,69357,256,0.15878712255071578,0.8122755180430038,0.9171765792088697
45,33,3316,256,0.22567276986625545,0.7650803033698583,0.8799586525137102
45,34,504,256,0.14509306124878948,0.7886197707858253,0.9246117773158692
45,35,228,228,0.11254900538448649,0.79354132632337,0.9420461743542689
45,36,4419,256,0.14823678701157342,0.848135334877611,0.9229101868483339
45,37,91721,256,0.1310907020554852,0.8869073729702173,0.9321530442714409
45,38,5462,256,0.5600514916709802,0.583679859559963,0.6632861436280874
45,41,3012,256,0.20604081284659118,0.8096457503087445,0.8910438749878756
45,42,23996,256,0.2090835432035079,0.8729880076641027,0.8893348395269872
45,43,9457,256,0.200549551420247,0.9212820003587627,0.8941199296401758
45,44,1050,256,0.23625815532824368,0.5637157844894697,0.8739232487305486
45,45,30114,256,0.2404431300830458,0.870946536904703,0.8715255991174063
45,46,42798,256,0.1569565669256554,0.8452815840373603,0.9181739666720815
45,47,45548,256,0.22875839966974257,0.7823232602319093,0.8782036212236075
45,48,25877,256,0.12145343531975245,0.8263122368981531,0.9373081481990048
45,50,21764,256,0.30997911211992163,0.718017066328198,0.8306749592229673
45,51,11625,256,0.06506541796730733,0.9031609698257975,0.9669201528733863
45,52,8133,256,0.5405215167526611,0.6153030350654027,0.6778484220290986
45,53,7692,256,0.1549856135968261,0.8671043980572257,0.9192466406809294
45,54,5674,256,0.22867121480701047,0.8228813772797811,0.87825325800306
45,55,424,256,0.11970902880650022,0.8369841856107268,0.9382382273140973
45,57,88,88,0.1064103262839787,0.8090570736694436,0.945298721947735
45,58,5277,256,0.11564137169046877,0.8918283112322323,0.9404034391204295
45,60,2411,256,0.15932878737166375,0.8952145294304842,0.916881242380024
45,61,174,174,0.1094242411082117,0.802719844439457,0.943703215471786
45,63,8020,256,0.16915411403922898,0.8777231330421169,0.9115074799258485
45,64,9617,256,0.34881756630454164,0.7515604132676973,0.8069587558825162
45,65,19815,256,0.14932947015249362,0.9119008682254505,0.922318019908267
45,66,1813,256,0.09190312220719399,0.8782245068584708,0.9529411722623837
45,67,12198,256,0.07028995530918133,0.9372965968801631,0.9642147295549983
45,69,475,256,0.1269123642149236,0.7356324679466066,0.9343915858916305
45,70,52332,256,0.27090329889704473,0.8036199934713714,0.8538715952079418
45,71,21768,256,0.3323824418057538,0.7322879967260509,0.8170786731975362
45,72,6661,256,0.2279597375254998,0.7914039684954596,0.8786582170983779
45,73,390,256,0.10883862724279243,0.8753376596848658,0.9440134388647269
45,76,33010,256,0.11321975388622516,0.8451875916349493,0.9416901008897645
45,77,15254,256,0.18451599944410743,0.863714286982797,0.9030415275921105
45,80,55523,256,0.11140568774306071,0.8545774718498916,0.9426528057863824
45,81,5987,256,0.10903048996064368,0.8448943821696423,0.9439118126389543
45,82,10969,256,0.6266000783304768,0.5735424802364442,0.6110645806046389
45,83,39901,256,0.2164019314654928,0.7683804477454244,0.885210748090254
45,84,386,256,0.1093676782273656,0.8056387017820154,0.9437331835707773
45,85,1941,256,0.13294501589993854,0.8423505805275124,0.9311578728121571
45,86,9751,256,0.37904789467745703,0.6815832579456705,0.7880051429543737
45,87,51569,256,0.8074448391774947,0.3553574218947109,0.4388110764583152
45,88,25311,256,0.1827176428455533,0.737414130777976,0.9040367012209443
45,89,7025,256,0.17672930044915847,0.8337375764285713,0.9073426582889408
45,90,1465,256,0.12576797521170507,0.7072615228608298,0.9350037565637342
45,91,9037,256,0.22320026110636598,0.8374960478737581,0.8813624333346833
45,92,27353,256,0.06739810456197064,0.9207979031081727,0.965713153808122
45,93,5244,256,0.16580409051539596,0.8784461383262292,0.913343259396271
45,94,5457,256,0.29194901563953557,0.7479924583653845,0.8414576545260399
45,95,29108,256,0.5009420548421234,0.60668815087704,0.7064403337564161
45,98,8135,256,0.08728926718436968,0.9287074376924297,0.9553589549565286
45,99,20712,256,0.28152978565158276,0.7033442366065508,0.8476262232543406
45,100,102,102,0.10029927947014228,0.9368380170871387,0.9485255508049626
45,101,21466,256,0.37865854647302577,0.7410993831583436,0.7882521509815081
45,103,20430,256,0.13263505286079572,0.9156019734861305,0.931324297513602
45,104,1332,256,0.09513368992283734,0.9015932272455229,0.9512446110634019
45,107,932,256,0.15132326342852798,0.756264112849791,0.9212365258561299
45,109,1711,256,0.10161491024037941,0.8965763799423256,0.9478317834719516
45,110,759,256,0.0999588891762734,0.8602926340959128,0.9487049651096628
45,111,4382,256,0.244594166197902,0.8139931582071894,0.8691408595861191
45,112,44707,256,0.16511073077768654,0.8510554605305869,0.9137227529301837
45,113,2377,256,0.1776675418225465,0.9186699449562449,0.906825483859741
45,114,58712,256,0.13825096828022387,0.8916037869721675,0.9283043852744509
45,115,2138,256,0.23489651734121028,0.8999300405542079,0.8747019393249278
45,116,13563,256,0.07698262340708914,0.9337033264764063,0.9607379333579531
45,117,74311,256,0.1337559809842604,0.9075995059734312,0.9307223103674584
45,119,20749,256,0.10605045504768691,0.9050886046529371,0.9454890506781731
45,120,2106,256,0.3168678001639127,0.7084207432996197,0.8265181182745405
45,121,1402,256,0.1262029445347218,0.8736400689696137,0.9347711246424326
45,123,87727,256,0.13273851131177256,0.8921877297242922,0.9312687521270256
45,125,333,256,0.168310924450349,0.7422688401806664,0.9119698874138614
45,126,1180,256,0.09139219078897037,0.8920063206036609,0.9532092158655568
45,127,18292,256,0.12804495144521438,0.8727162618691399,0.9337853332296377
46,0,5071,256,0.24368978041814268,0.7944886083517791,0.8696609796822307
46,1,29225,256,0.7181929011559144,0.4176502583972374,0.5308550638772184
46,3,2894,256,0.2049624445642781,0.8427052979191141,0.8916487848002271
46,5,53088,256,0.627492150621232,0.5183281886223704,0.6103342112144526
46,6,70,70,0.06490951558058576,0.9105833278163937,0.9670007675381722
46,7,25296,256,0.14707753543323893,0.8972127223563343,0.9235380146841607
46,8,6522,256,0.1837035638183879,0.8405231712212051,0.9034912485362612
46,9,4163,256,0.6949627929704175,0.5621821818530325,0.5523017354939078
46,10,43905,256,0.3826320755748933,0.704368218580789,0.7857276401050854
46,11,13801,256,0.2749273569133655,0.7522065629931365,0.8515119747171114
46,13,702,256,0.13517001736479245,0.7802620065906939,0.9299623554936014
46,14,752,256,0.05802098963157597,0.8748947018836495,0.9705560315450231
46,15,1580,256,0.11025250337974825,0.7317438031595791,0.9432642771886635
46,16,14478,256,0.5020719615784939,0.5926704855570281,0.7056401621375488
46,17,6258,256,0.2327150957710993,0.8384169326277418,0.8759480031536694
46,18,7291,256,0.052582142336230445,0.9340423709912222,0.9733539220981079
46,19,48458,256,0.20926332024491315,0.8759370322375168,0.8892337599051707
46,20,2529,256,0.20285821963838896,0.846764414658624,0.8928279679544157
46,21,2263,256,0.18274308326280322,0.8937548888042689,0.9040226306554482
46,22,61993,256,0.18167470246086287,0.8784879150773443,0.9046133414554183
46,23,64,64,0.07317088280339364,0.7066968951465257,0.9627196462089087
46,24,176,176,0.06396430918809093,0.9319387722869644,0.9674893750382528
46,26,9780,256,0.07661695785396552,0.9230971452442007,0.9609282190392967
46,27,23246,256,0.3152090886996318,0.7313551136429864,0.8275209431188846
46,28,2162,256,0.2752766653029533,0.7267735575270536,0.8513068393341185
46,29,23258,256,0.16645971443370913,0.8735261087273307,0.9129842745449074
46,30,30276,256,0.2068194135822724,0.8624856964076184,0.8906068641200379
46,31,2309,256,0.3654844499274657,0.7155012657538525,0.7965648436081864
46,32,21486,256,0.25642224071489467,0.763059823128345,0.8623095495731828
46,33,24972,256,0.06898965510739859,0.8992652934043733,0.9648887733270615
46,34,11471,256,0.5408123037234281,0.5937642568241067,0.6776338954602049
46,35,13657,256,0.05962711694825278,0.9408238020236128,0.9697282521674551
46,36,18410,256,0.32554102191418977,0.8307786265422636,0.8212545148039128
46,37,6664,256,0.1410548050661067,0.8160902526418087,0.926792962281163
46,38,3733,256,0.33564271699922127,0.7799462015831713,0.8150811511750095
46,39,41423,256,0.2486944774802808,0.8286944463477874,0.8667788198379787
46,40,150,150,0.09766924779840057,0.752298288532255,0.9499109180347384
46,42,146,146,0.06409460588006567,0.9326588158323325,0.9674220351635239
46,43,18649,256,0.07630401049408761,0.906789299799315,0.9610910412161339
46,44,12958,256,0.4691036013768983,0.7721871209529493,0.7286263779352911
46,45,33382,256,0.16617860306779544,0.7791083097016004,0.9131382134880812
46,46,24253,256,0.10121326014871963,0.8548049074490711,0.948043638157696
46,49,4663,256,0.13010613390856265,0.8631552137096724,0.9326810098267453
46,51,43426,256,0.2240030328107526,0.7811545045233166,0.8809069004095991
46,52,93093,256,0.2285909238949999,0.8906607278519045,0.8782989673824056
46,53,1009,256,0.07986427877292693,0.8388177097400956,0.9592370516337831
46,54,23989,256,0.24934587429550106,0.7857893667227422,0.8664029811262765
46,55,110424,256,0.17054637215606064,0.8708134265526,0.9107434478731864
46,56,96,96,0.09067221258042245,0.6645733908458161,0.953586801198285
46,57,1717,256,0.25687248302495874,0.7660378155884118,0.8620484423598487
46,58,108,108,0.06466938390383306,0.8864005589111679,0.9671249226941507
46,60,69581,256,0.13081393204581038,0.8552174654616287,0.9323014898380189
46,61,43134,256,0.1761407962496742,0.829279720135479,0.9076669013191601
46,62,1264,256,0.10065941348657112,0.8898180300792947,0.9483356929449765
46,63,1308,256,0.08469073273562731,0.846597672680759,0.9567179664166303
46,64,13359,256,0.1457879285746514,0.9131334483008237,0.924235939262994
46,66,661,256,0.08136123977823448,0.9002586146264316,0.9584564467005089
46,67,21149,256,0.18957996285368167,0.8017275716696084,0.9002333237257542
46,68,59504,256,0.14729511289960018,0.8290851243999683,0.9234202115507326
46,70,175,175,0.061432997819319254,0.9380420152023198,0.968796677420335
46,71,10475,256,0.4220248455787086,0.6511994662124709,0.7602467720558184
46,74,12508,256,0.3817836380970255,0.7430448656286034,0.7862673603189786
46,75,7030,256,0.21292222758375465,0.8568107296647886,0.8871740372758016
46,76,27586,256,0.25530524387137016,0.7506324248354194,0.8629569839387302
46,77,18891,256,0.27026827944376847,0.7903624788356578,0.8542433614352712
46,78,109,109,0.06885402385250049,0.8580901719956442,0.9649590541300183
46,79,7326,256,0.07091200174024724,0.9399026332836663,0.9638921092423948
46,80,55352,256,0.1346541565222578,0.8796982603927198,0.9302396699118686
46,81,9621,256,0.22819288409707575,0.8197367892947225,0.8785255351456349
46,82,40521,256,0.1902628671486625,0.8660500383446762,0.8998539508449899
46,83,2313,256,0.3257723630514555,0.9257988063858632,0.8211136565351623
46,84,18846,256,0.4455277321519161,0.7622958938246217,0.7446289464210237
46,85,534,256,0.37457885182751005,0.3264309871049359,0.790835727678315
46,89,483,256,0.08822016436135524,0.6887420404943899,0.9548716330683642
46,90,13806,256,0.0858478704741175,0.9083973299289962,0.9561130317728561
46,91,88,88,0.06629168015480534,0.8628868210091752,0.9662858375476662
46,92,21145,256,0.175283667755153,0.9199007590912501,0.9081389388440774
46,93,2155,256,0.3318236353639214,0.7842470288934462,0.8174205555502495
46,94,22838,256,0.4361726585380573,0.7096634350381822,0.7508843728976804
46,96,20793,256,0.32014156751029715,0.7702261710291237,0.8245352827439847
46,97,71036,256,0.16437593491344585,0.8479368405506865,0.9141247535684361
46,98,40038,256,0.18804215410315464,0.803706358059698,0.90108703569458
46,99,5454,256,0.27258989275526957,0.8272284440411631,0.8528834077672812
46,100,1024,256,0.2780939366511472,0.4499195090829932,0.8496505536683023
46,101,64477,256,0.12614246883495367,0.8227358355754886,0.934803471947471
46,102,2119,256,0.14696357330406581,0.8524935017120794,0.9235997112905212
46,103,3269,256,0.21028271194165332,0.9190884606313853,0.8886603896080587
46,104,55818,256,0.2969479213880825,0.7023578760352568,0.8384820085201098
46,105,42478,256,0.14243792755091397,0.8871553012225423,0.9260464742382458
46,106,5534,256,0.5845687200489874,0.6463959927358305,0.6445395875747374
46,107,10721,256,0.21530780766023377,0.8852009538736705,0.8858285343901303
46,109,5633,256,0.10663985473916117,0.9233328228075331,0.9451773089007368
46,110,2749,256,0.1167674003805031,0.9189555599479289,0.9398045539469879
46,111,12690,256,0.2152463597099043,0.8416468003105445,0.8858632175963147
46,112,4179,256,0.10910161989148612,0.8970439996968889,0.9438741336155546
46,113,7287,256,0.13663639982605288,0.8650940610647614,0.9291736114278898
46,114,4747,256,0.25890214015504326,0.846446002686302,0.8608704082758082
46,115,57378,256,0.24173870758470872,0.8175079726486063,0.8707820005117763
46,116,6105,256,0.10404017545660833,0.940737001023289,0.9465515435217416
46,117,104818,256,0.14668878132026122,0.83224903561557,0.9237484607184678
46,118,8852,256,0.5818021907132356,0.6522399868793194,0.646682154761336
46,119,1236,256,0.10477140097179624,0.8758067194208015,0.9461652070480101
46,120,110,110,0.06468795946763159,0.8806615129834129,0.967115319148843
46,122,17481,256,0.6465945911726687,0.4613826239376904,0.5944791071411436
46,123,20413,256,0.2763461888292614,0.7466954001854873,0.8506784416985884
46,124,42046,256,0.18939054917145698,0.8501500092525459,0.9003385201292584
46,125,1530,256,0.10651840793076695,0.8370436515935109,0.945241552233731
46,126,5618,256,0.4328564091965216,0.6474003486785025,0.7530893644206367
46,127,57808,256,0.12632530680127024,0.8426846318248795,0.9347056719624257
47,0,11013,256,0.24026411994171532,0.7911759096724977,0.8716282923691065
47,2,1622,256,0.586000248801105,0.6653654292160397,0.6434281243455985
47,3,14404,256,0.8035941276261442,0.3686771302043899,0.443177021486737
47,4,16968,256,0.6606916634382112,0.5153422352576299,0.5825017910374086
47,6,26423,256,0.4021537861131047,0.6966695022801823,0.7732051564021643
47,7,545,256,0.6674991267575822,0.5138010102894648,0.5766288869302489
47,8,5957,256,0.7629246684086144,0.4107653373057779,0.4869038217054633
47,9,101,101,0.636677255358293,0.8907118377048069,0.6027625939304022
47,10,4270,256,0.31318014814934514,0.7730084712604627,0.8287459513328888
47,11,21969,256,0.9886948514138353,0.09315034126606925,0.10632567228174349
47,12,1955,256,0.5859612419754486,0.7875264323812338,0.643458435351151
47,14,3890,256,0.667972094294915,0.4565350905398637,0.5762186266557903
47,15,67503,256,0.9815712780467766,0.17222136575892322,0.13575242890358694
47,17,17890,256,0.2642158712053769,0.7396473273362378,0.8577786012687791
47,18,11480,256,0.31718225680875844,0.7956437216674932,0.8263278666432844
47,19,327,256,0.6233184284230009,0.9314369421900028,0.6137438973847309
47,20,23341,256,0.7910712906676055,0.408257013148095,0.45708720101573014
47,21,33943,256,0.6655013294294223,0.5355735022873247,0.5783586003255918
47,22,217,217,0.6267373637870047,0.9434320827166687,0.6109522372599967
47,23,22905,256,0.2845055370472609,0.7573222150605714,0.8458690578054852
47,24,746,256,0.6096711993208443,0.9110861217551411,0.6247629956064584
47,25,2098,256,0.8142713324871382,0.39206346040666457,0.4309624896819464
47,26,30877,256,0.6168526685987413,0.5128154825358511,0.6189889590301741
47,27,36208,256,0.8131843432919172,0.36634343766200383,0.4322217679711224
47,28,485,256,0.6625295968537019,0.2978610741361487,0.580922028456744
47,30,2445,256,0.5157862529761221,0.758456302673918,0.6958546881525466
47,31,50691,256,0.9118429556365097,0.3055241103567334,0.2969125197149663
47,32,66351,256,0.9571644362266811,0.1949841360220594,0.20696754280156798
47,33,713,256,0.6006900817430035,0.9051587017641423,0.6319097390110366
47,34,47300,256,0.9604213235478292,0.2150443095563901,0.19894390277706636
47,35,42387,256,0.7984604853594017,0.397960238888903,0.4489315255588521
47,36,30315,256,0.6598073952059953,0.5071644019162175,0.5832603233497069
47,37,3469,256,0.6402219340857561,0.5430186400275545,0.5998150264158475
47,38,2493,256,0.2384519443440752,0.7876564340248741,0.8726672078495472
47,39,17109,256,0.2408602964058136,0.7877710546495416,0.8712862351685503
47,42,6889,256,0.3154410791553053,0.804753351014218,0.8273807592908448
47,44,45190,256,0.9686960447731198,0.16207374509939113,0.17692923790849333
47,45,643,256,0.6100675222777919,0.9358482747015529,0.6244457364112658
47,46,2887,256,0.6094489305776758,0.5737217059618224,0.6249408527391406
47,47,57421,256,0.9821643042232461,0.1554824143626943,0.13355034921988757
47,48,5490,256,0.5131301185411771,0.639217804281673,0.697760619022615
47,49,1940,256,0.5650299484719932,0.7449998362197099,0.6595225936448325
47,52,32359,256,0.8042620511380059,0.41937234113021904,0.4424228168415302
47,53,38073,256,0.7195201459610135,0.6122070329339225,0.5296034875630885
47,54,9192,256,0.7663770568719662,0.3762247239732599,0.4833455731958593
47,55,9579,256,0.7252051155677277,0.43326474126169623,0.524208817583482
47,56,78,78,0.636809849600632,0.39231581082274813,0.6026525951154347
47,57,29508,256,0.550594220605063,0.6385604941265586,0.6703773410512448
47,58,43499,256,0.5034770604717106,0.6582414580483908,0.70464383877835
47,61,3588,256,0.41627533888921353,0.8303445122908282,0.7640187570412041
47,63,15579,256,0.5261348842473511,0.6240947493881706,0.6883786136659454
47,64,176,176,0.6336469828713333,0.8730877314755674,0.6052710278285809
47,65,4288,256,0.7276344285645034,0.48790735311707895,0.521886550349304
47,66,34015,256,0.6285304289884924,0.5608084651639107,0.6094830358685199
47,67,7128,256,0.23785952179725597,0.8048629922384238,0.8730065739745285
47,71,94495,256,0.8458251835513781,0.30105958567161867,0.39265101101184224
47,72,10217,256,0.8550931703703956,0.349344369217831,0.38066629694471826
47,73,36614,256,0.9442083455915834,0.24123088978758753,0.23620257070662165
47,74,28027,256,0.8549152607993343,0.382659340103038,0.3808999070630835
47,76,12040,256,0.9330328707835759,0.29844771105188356,0.25878007886316157
47,77,5688,256,0.9647627293401377,0.26097384772656973,0.1877159307567215
47,78,28575,256,0.6639776379133275,0.4827592701427061,0.5796743586589564
47,79,1407,256,0.5882058604813536,0.8309570040738959,0.6417118820145428
47,80,18226,256,0.21270869588545852,0.8135353924073556,0.8872943728631111
47,82,39824,256,0.8425539323916157,0.4198743032527944,0.39679474241524965
47,83,395,256,0.7289256555862227,0.24107358732227688,0.5206480043309273
47,84,181,181,0.6355003707554294,0.9199910586321991,0.6037380468751083
47,85,102842,256,0.6564176373068021,0.618535410156747,0.5861589909684896
47,86,111188,256,0.543015017318302,0.5796754901124238,0.6760066439626892
47,87,17285,256,0.9031749459804621,0.29085506103340025,0.31116724445149735
47,88,43284,256,0.6892174468722234,0.5731627860036738,0.5574787467946887
47,89,95,95,0.6371247264487896,0.8680900722680114,0.6023912960453616
47,90,56984,256,0.8628966988374446,0.3383843848537537,0.37027462938007977
47,91,140,140,0.6327689306248724,0.06801347135699316,0.6059959318140078
47,92,13557,256,0.9267221647962666,0.2506268517935851,0.2706987905472306
47,93,3768,256,0.17827066974261133,0.883217205863986,0.9064928738039747
47,94,3956,256,0.5795919348798131,0.6148851357253329,0.6483888224824569
47,95,47506,256,0.6584157846544886,0.5773367010263882,0.5844520641981782
47,96,11424,256,0.1967161465145885,0.8394221552977168,0.8962610409280387
47,97,787,256,0.6281388419015608,0.5038585853419331,0.6098041965241295
47,98,2222,256,0.5822774489962353,0.5828787947767771,0.6463145913591651
47,99,4026,256,0.5087052890151279,0.6613302175558466,0.7009241834784073
47,100,252,252,0.5780974011135298,0.9456112337541367,0.6495402981235808
47,101,1440,256,0.6331500436651629,0.5085361576726758,0.6056813983728054
47,102,16168,256,0.8027964818778224,0.34815014549082435,0.44407602741217367
47,103,1417,256,0.5959194171355789,0.9443364504796743,0.6356733303076518
47,104,6865,256,0.9139294423547205,0.329532985736702,0.2933778410945167
47,105,14390,256,0.6587162491820967,0.39482599509082805,0.5841949595964546
47,106,542,256,0.6051630303874769,0.8470412307333518,0.6283605411008262
47,107,27683,256,0.5378901106880601,0.6226184520970387,0.679786649848274
47,108,13585,256,0.9169419472855359,0.24586292121135228,0.2881979401634649
47,109,30356,256,0.8905980753406487,0.2943192338520103,0.330759617636965
47,110,4214,256,0.5285824952342009,0.5910910747571847,0.6865985033233025
47,111,33741,256,0.8377194724786644,0.3955448416020353,0.40284057333061124
47,112,19852,256,0.7163664502025988,0.5026791519243601,0.5325725770234524
47,113,1618,256,0.5943977330836149,0.8792061336626971,0.636869112861022
47,114,20148,256,0.6432965873340744,0.47678185719824784,0.5972465258717925
47,116,319,256,0.8223987713861488,0.15169242823271303,0.4214276077974142
47,117,50598,256,0.7740400440062077,0.3961494038491942,0.4753524544943386
47,118,580,256,0.586409442220106,0.7408380905497184,0.6431100666137127
47,119,4541,256,0.3476252120675446,0.7158302930502621,0.80769721302754
47,120,34646,256,0.43212314549599645,0.7193112137239345,0.7535760442742349
47,121,16800,256,0.6771141726788887,0.5072704338836403,0.5682304350535188
47,122,913,256,0.652090419740045,0.39373370579920036,0.5898386052641477
47,123,49837,256,0.7966697289234985,0.38338964314425283,0.4509215797414241
47,124,10419,256,0.7380204881813164,0.3942931899781576,0.511839341804324
47,125,1358,256,0.6229006014715508,0.5030903891356746,0.6140841949834316
47,126,154,154,0.6245836845687243,0.9059788717353747,0.6127122615316881
47,127,71557,256,0.9823940223661842,0.14273517842332778,0.13268751875672322
