file,bytes,sha256,roles
activations/llama31_8b/activation_factors/down_layer_00.pt,6657025,2b8e8b4fe7c2232c3dd9d248a019fe9f48908822f1a5294188ad06708bd6a064,E11_g128_kmax
activations/llama31_8b/activation_factors/down_layer_01.pt,6657025,8181bb443c795ea2d87731dee88f240c6422e578f8f74236544c69076048fad1,E11_g128_kmax
activations/llama31_8b/activation_factors/down_layer_02.pt,6657025,a760938b5199a60eee6bba0d605816bf55b769cb8220874efd85cb9b7fa44e04,E11_g128_kmax
activations/llama31_8b/activation_factors/down_layer_03.pt,6657025,dba1ee7145b6e04717d33585649a9169348edc8c028b63aa8e472e9f7adc148f,E11_g128_kmax
activations/llama31_8b/activation_factors/down_layer_04.pt,6657025,9fe7c09b76a76b18cfe2798b11a1b3c628d73ad31b5b5dad2dbe7915d5548881,E11_g128_kmax
activations/llama31_8b/activation_factors/down_layer_05.pt,6657025,433166e66a753e02784ccea6c477a13dc9d4fee9eb07c9c4335ac6482b956b23,E11_g128_kmax
activations/llama31_8b/activation_factors/down_layer_06.pt,6657025,86dcefba2626a48a5e5a4243ae331a3aa2211250f7a1c12adc63d458577cddab,E11_g128_kmax
activations/llama31_8b/activation_factors/down_layer_07.pt,6657025,611d741504a8ef12072d59a78a0b1978094852d9ed236db4c797ec9c1dbae280,E11_g128_kmax
activations/llama31_8b/activation_factors/down_layer_08.pt,6657025,2b24de4f9eaf77f209793854382a1202801121ccf638c458fcb77c5ddb6b020b,E11_g128_kmax
activations/llama31_8b/activation_factors/down_layer_09.pt,6657025,ee9e4e67295af9d19bc9f3f9f716819b5e2c52404e9ec4c9ececfa66f020d759,E11_g128_kmax
activations/llama31_8b/activation_factors/down_layer_10.pt,6657025,0a28a5cbd255ed4b82b778d4a1aef739334e216a525029041640c513956b9d45,E11_g128_kmax
activations/llama31_8b/activation_factors/down_layer_11.pt,6657025,16ef95ff1ae4d144911ed07db8964096b799a441263f5b656f068821db84d206,E11_g128_kmax
activations/llama31_8b/activation_factors/down_layer_12.pt,6657025,038cc2fd393b26e6bb2b873159164629409e078ffe8e03d9317d7169f2b514ea,E11_g128_kmax
activations/llama31_8b/activation_factors/down_layer_13.pt,6657025,f51ca4c501e5cd101257ca82207492482e93995e37f1666b811814045b823d38,E11_g128_kmax
activations/llama31_8b/activation_factors/down_layer_14.pt,6657025,cb8d8475ef735d67e1a91cc84adbd2c2362ec62e936956832bb75570fb08a818,E11_g128_kmax
activations/llama31_8b/activation_factors/down_layer_15.pt,6657025,4f7015e29dd64ba4a805b9e74c820117099f160d6068f53da2dddcb670876af6,E11_g128_kmax
activations/llama31_8b/activation_factors/down_layer_16.pt,6657025,83ff8dfdf0c72256a7d3bae30ce737ba105d52dfaabe3a433eb434cc7f022b27,E11_g128_kmax
activations/llama31_8b/activation_factors/down_layer_17.pt,6657025,9bde7dc625663277c19d4514153e5f6100a9e155df6b9e6851ca8ede6006afb5,E11_g128_kmax
activations/llama31_8b/activation_factors/down_layer_18.pt,6657025,0494d04bce73221d31f36f7fe33a4e7a7797a1de4b39e0b5aac859807c077a32,E11_g128_kmax
activations/llama31_8b/activation_factors/down_layer_19.pt,6657025,b43c53f5fd17c1e187b19c14ab7655463b8b3d7a583cbef9e00d9c0e46ad1071,E11_g128_kmax
activations/llama31_8b/activation_factors/down_layer_20.pt,6657025,0fa91876ab534c30906f03687c59053d6f90b882da795c6a4d9ed039d803419a,E11_g128_kmax
activations/llama31_8b/activation_factors/down_layer_21.pt,6657025,bc2c66e57acaccd7aafd2af3b97b2fc9b019904d1ee2aa462d0baa6547ea91c5,E11_g128_kmax
activations/llama31_8b/activation_factors/down_layer_22.pt,6657025,9147117bb1796ef8a3aa374e6bd53e1e5ac338a30e0fafe734ae133e63a7fec8,E11_g128_kmax
activations/llama31_8b/activation_factors/down_layer_23.pt,6657025,91c7f638a4b55738e3064485ae187df8a2b1013a392536643e2043f627d79e41,E11_g128_kmax
activations/llama31_8b/activation_factors/down_layer_24.pt,6657025,f9c8b50bf3e8349949c54c744c337f4593f08499b0a3604941df703b1f112307,E11_g128_kmax
activations/llama31_8b/activation_factors/down_layer_25.pt,6657025,748557c3f15b9c3d55a3643afdd86d4e526944ba38d55e45a3c99ce489ebcad4,E11_g128_kmax
activations/llama31_8b/activation_factors/down_layer_26.pt,6657025,6df18053f98e874de03258e54b6bc5b744ed7af9f986ffa25c2a3a36c4e35e18,E11_g128_kmax
activations/llama31_8b/activation_factors/down_layer_27.pt,6657025,8f037c9ee5cfc6a3c3adf9f13e26bc4581ed8576a3c01eff5263f09dd97535db,E11_g128_kmax
activations/llama31_8b/activation_factors/down_layer_28.pt,6657025,5aeac8c0d26bc2541729fbd3b06be38ab05d46dab8552ad25b8f5876a22ac27e,E11_g128_kmax
activations/llama31_8b/activation_factors/down_layer_29.pt,6657025,3c98b381d6efa4ba48a41fe498de426ff7472bb80ed59c7efaf4b636372d5bed,E11_g128_kmax
activations/llama31_8b/activation_factors/down_layer_30.pt,6657025,d49ef85f841723525bb992152cfe0dcaf7ca89d3d3e587739cf4bec071433ab8,E11_g128_kmax
activations/llama31_8b/activation_factors/down_layer_31.pt,6657025,9dc3f801891a8c6029c9baa0aa8ba2c85f12462f98ca0fc6c4dcdcf634d44f4d,E11_g128_kmax
activations/llama31_8b/activation_factors/qkv_layer_00.pt,593589,c5dd24d26a97a8da84ad8e95b23e999db1a0e6558b0721c272944c4e47370960,E11_g128_kmax
activations/llama31_8b/activation_factors/qkv_layer_01.pt,593589,7163472d5a236a38b57ce96d9c4c5d9f805b7b5ab35f78c4c50ab8b49cbcf8a1,E11_g128_kmax
activations/llama31_8b/activation_factors/qkv_layer_02.pt,593589,198d79309d13a6998796de47a29486c14c0b2e8d4a921ed11632a1bcbc0b9c8d,E11_g128_kmax
activations/llama31_8b/activation_factors/qkv_layer_03.pt,593589,31d6236eb5b48b5e8f9310ded69ef949a690b7bf78c6e4ed3b4089917401aad8,E11_g128_kmax
activations/llama31_8b/activation_factors/qkv_layer_04.pt,593589,27c85d530781c16ff0cec8d577e5fc6c0daeae862e288e36d8594193b894f9c4,E11_g128_kmax
activations/llama31_8b/activation_factors/qkv_layer_05.pt,593589,dbea50d090d9c6279231ceabb2f94d43a8d4cb1e660ed3b7b139628fc56358fd,E11_g128_kmax
activations/llama31_8b/activation_factors/qkv_layer_06.pt,593589,036b519982198ec587bfce43c0853e49b3b76805d92282c0f5aaed8e21829dad,E11_g128_kmax
activations/llama31_8b/activation_factors/qkv_layer_07.pt,593589,49d19a86c10bcf9719f34eab1150b3c3a8f0ae22e38192a4d373f0f5f186232c,E11_g128_kmax
activations/llama31_8b/activation_factors/qkv_layer_08.pt,593589,9236dc06cb1c54b27d99d07f6d0cf9f25d250cbc80cd49d4dc6ad62f77d3f020,E11_g128_kmax
activations/llama31_8b/activation_factors/qkv_layer_09.pt,593589,bbef6a390aa0b7121c73f3793b8894dd4fb885ea551e345b0e97c4b017964c6f,E11_g128_kmax
activations/llama31_8b/activation_factors/qkv_layer_10.pt,593589,a48b817bae3be511a5d11224b1f2106f5af1964f5278afc91f36759f0fdf1369,E11_g128_kmax
activations/llama31_8b/activation_factors/qkv_layer_11.pt,593589,1677d6966308c3e5e8675cc7078f9f9bf661ab28068e0f07231321f6f02309b0,E11_g128_kmax
activations/llama31_8b/activation_factors/qkv_layer_12.pt,593589,b22bf5f5150a66034ce64f6e76b3bf320d8c7c1b282bfa3f8a102dfdc5d395df,E11_g128_kmax
activations/llama31_8b/activation_factors/qkv_layer_13.pt,593589,54a4a96a9bfec66094670e6eb7b7fce0cfb181fb8b21c28b9cb59adcb57d7287,E11_g128_kmax
activations/llama31_8b/activation_factors/qkv_layer_14.pt,593589,91165bdf401c7f26f7e88a17b716251759756f9ae9e04c5ff172e89a6c08b614,E11_g128_kmax
activations/llama31_8b/activation_factors/qkv_layer_15.pt,593589,701a7b96bbed87dd0a3d0983438664db3459606cda7544fcb89b7dbc02bab2b7,E11_g128_kmax
activations/llama31_8b/activation_factors/qkv_layer_16.pt,593589,499be17bdd3bfad4f77bf64d091f7fd0e6daece74a628f126557d24f4a7fc997,E11_g128_kmax
activations/llama31_8b/activation_factors/qkv_layer_17.pt,593589,b0e97d91e6c729c317a36d54c15498dd316a7cd09e4742f09bf287ce22458995,E11_g128_kmax
activations/llama31_8b/activation_factors/qkv_layer_18.pt,593589,8668bf98e2925d13d7bf5ddb856e01bb1de1cba60f46c4eb81dd75d559ccc7ad,E11_g128_kmax
activations/llama31_8b/activation_factors/qkv_layer_19.pt,593589,0834c2e36795078056001f060703e3b0002d486e2202c0a03746a375c4d0e7e1,E11_g128_kmax
activations/llama31_8b/activation_factors/qkv_layer_20.pt,593589,f6fe50185dd1dd9ba5b5c2160aed1e368e70e58d814568725829b52779126de5,E11_g128_kmax
activations/llama31_8b/activation_factors/qkv_layer_21.pt,593589,663906c78de5ef8c77c4ccbc90c015c6a29d60c129878b3f8b5a014f4606c13b,E11_g128_kmax
activations/llama31_8b/activation_factors/qkv_layer_22.pt,593589,a54bddcecbdff7783b6ff9f7f1845bd1e0a87612bcda3b22567f402606559a8f,E11_g128_kmax
activations/llama31_8b/activation_factors/qkv_layer_23.pt,593589,1d50c129a529c5989c9953dc73096d448bf4cf76e0a542fcbb72463b0dbab5ec,E11_g128_kmax
activations/llama31_8b/activation_factors/qkv_layer_24.pt,593589,25f312a990446475f1e323c6cb1c5cfaeebac87b0357f558dd350bb322342a96,E11_g128_kmax
activations/llama31_8b/activation_factors/qkv_layer_25.pt,593589,ba76fb42761dff618444c9bc31114978478ef4704bd873b626ce90809cf85871,E11_g128_kmax
activations/llama31_8b/activation_factors/qkv_layer_26.pt,593589,a1d21aae9b2febd1e0d6a0f8f3149f991d3cc25eda5ca78e945e3596e21019c3,E11_g128_kmax
activations/llama31_8b/activation_factors/qkv_layer_27.pt,593589,326e703de3bcf43985a7c429820f995e894a4a917448cac95c4e3ae30aafb01a,E11_g128_kmax
activations/llama31_8b/activation_factors/qkv_layer_28.pt,593589,eb23f82677d9c2c2c3af2ef34b28076ec230bac2ca175db230299b82afd9ccce,E11_g128_kmax
activations/llama31_8b/activation_factors/qkv_layer_29.pt,593589,9364b8870c1f8835a5488f390873ac5debea9b9e485da14b3fb4e6584b67ee8f,E11_g128_kmax
activations/llama31_8b/activation_factors/qkv_layer_30.pt,593589,ead3036cdab80cf56418339c31ea3e2fa05cb56e6efb1e76db193cfc33762cc5,E11_g128_kmax
activations/llama31_8b/activation_factors/qkv_layer_31.pt,593589,e871bebcfe9aba5331f376d5dcb6f66692b69e82d13ca7a726189858f7794367,E11_g128_kmax
activations/llama31_8b/e11_calibration/factors/nar_b128_k16/down_layer_00.pt,1149687,ee1cb36e33bcd5e616ecf1f423f234354a88669bc04c6b224d9cf35a585f458d,E11_g128_k16
activations/llama31_8b/e11_calibration/factors/nar_b128_k16/down_layer_01.pt,1149687,12e3afdfdd2714bfce756e7393284328920f12e85d4f8b56d1ba7b5fd8ee19ce,E11_g128_k16
activations/llama31_8b/e11_calibration/factors/nar_b128_k16/down_layer_02.pt,1149687,67f85dabc3f74be2b041ca8040e568dba187336002122a20761d6919bea5caf9,E11_g128_k16
activations/llama31_8b/e11_calibration/factors/nar_b128_k16/down_layer_03.pt,1149687,43c15ff1d3de6c2c9c65d38a6b8b029ea3ec98c7d0f6a9c266267c5815641b22,E11_g128_k16
activations/llama31_8b/e11_calibration/factors/nar_b128_k16/down_layer_04.pt,1149687,69bd162097b5e8857e8d150d752c0814f83b2644215de91abd627a05e8003a74,E11_g128_k16
activations/llama31_8b/e11_calibration/factors/nar_b128_k16/down_layer_05.pt,1149687,6d46b2c34674946f9dfee0c0ef77ab43173c0ae99308ec7b4a6ea51f0396c255,E11_g128_k16
activations/llama31_8b/e11_calibration/factors/nar_b128_k16/down_layer_06.pt,1149687,e82e8c41c5e592973bf610d78c6996f56e99fc79561262452eebbfee70f214ef,E11_g128_k16
activations/llama31_8b/e11_calibration/factors/nar_b128_k16/down_layer_07.pt,1149687,c5157346e860bfcb7c692fdfad8aae7c39e9f00108f50e93a6095a6a8d56556b,E11_g128_k16
activations/llama31_8b/e11_calibration/factors/nar_b128_k16/down_layer_08.pt,1149687,6ef9dc3ed1cdc748d183ee20de54b5fe73be4f61c327836fcb300d4fc6c8067e,E11_g128_k16
activations/llama31_8b/e11_calibration/factors/nar_b128_k16/down_layer_09.pt,1149687,c2cd8a1cdc027edba29b6cba66de896490da081fb6312f58cac1d685e2c78a70,E11_g128_k16
activations/llama31_8b/e11_calibration/factors/nar_b128_k16/down_layer_10.pt,1149687,9c65b4fa7a94835ccb10d14ac33fe72bb929e5e549daebdfe155f00c8d20f66e,E11_g128_k16
activations/llama31_8b/e11_calibration/factors/nar_b128_k16/down_layer_11.pt,1149687,bbb2f755901a74270776bbefdc1d8fdf3278f8deef823546558d7b5546bf40eb,E11_g128_k16
activations/llama31_8b/e11_calibration/factors/nar_b128_k16/down_layer_12.pt,1149687,c61c7d744893aa95bc0ac12f7dbf22d6828a11b29c7baa7b0c96206657bf8f8d,E11_g128_k16
activations/llama31_8b/e11_calibration/factors/nar_b128_k16/down_layer_13.pt,1149687,f5b4164430ab58a3cd17ce7d49c84d84567113f733139fddaee1294961810ee1,E11_g128_k16
activations/llama31_8b/e11_calibration/factors/nar_b128_k16/down_layer_14.pt,1149687,37ae0874d76946d2f1b86e135c9781105704c24aefdd3f7f9782846c39eb7b49,E11_g128_k16
activations/llama31_8b/e11_calibration/factors/nar_b128_k16/down_layer_15.pt,1149687,1f62f8d2faad45759a1c0a39ae91e3c5c0559a1a05fb2ef59955678926a4234a,E11_g128_k16
activations/llama31_8b/e11_calibration/factors/nar_b128_k16/down_layer_16.pt,1149687,06d6852b3d53c509b32a1e574061785fa60419fd69f20d644030778e584c8d50,E11_g128_k16
activations/llama31_8b/e11_calibration/factors/nar_b128_k16/down_layer_17.pt,1149687,2c866694db6fed4eeec7da2720f68e88c496c6b95e973871ea24d7d386e4a202,E11_g128_k16
activations/llama31_8b/e11_calibration/factors/nar_b128_k16/down_layer_18.pt,1149687,027c81167df4659e4d284ad355fd3e7e25ad4c0c2814a8e868913f1ba5d5ccdd,E11_g128_k16
activations/llama31_8b/e11_calibration/factors/nar_b128_k16/down_layer_19.pt,1149687,77e395c8fef63380afd0881c6a417ae54c4febc814e6da46e63028bba82bda2f,E11_g128_k16
activations/llama31_8b/e11_calibration/factors/nar_b128_k16/down_layer_20.pt,1149687,57d73377343162aecbfd023477d6c7c0f4280b20e5d0edf4ec795adb38878a32,E11_g128_k16
activations/llama31_8b/e11_calibration/factors/nar_b128_k16/down_layer_21.pt,1149687,fd7f3abea9f8e3d26e1af3c756fc653f7df3b4137dbdd20c5893a9913f7bf226,E11_g128_k16
activations/llama31_8b/e11_calibration/factors/nar_b128_k16/down_layer_22.pt,1149687,af11a83bc1db478eb1d8194d207f7a2bbc8df0ed5c5297114be7a0d1e6277109,E11_g128_k16
activations/llama31_8b/e11_calibration/factors/nar_b128_k16/down_layer_23.pt,1149687,1713c9983be7796d6f80c4169301adeb5eacb45c506761f551ae083522eaafb2,E11_g128_k16
activations/llama31_8b/e11_calibration/factors/nar_b128_k16/down_layer_24.pt,1149687,197c908dc98be4c736b60ccdf06b4f59d88e000b4af052d4c9db2357d5f75f6e,E11_g128_k16
activations/llama31_8b/e11_calibration/factors/nar_b128_k16/down_layer_25.pt,1149687,38949bb343075c544f29a9710357fd128730b35dc0b872ee93e984bc8b5b3fe7,E11_g128_k16
activations/llama31_8b/e11_calibration/factors/nar_b128_k16/down_layer_26.pt,1149687,0ac4a70e00a381fee8046f72867e8798250fbff9a95da7acab36bf50537e46bb,E11_g128_k16
activations/llama31_8b/e11_calibration/factors/nar_b128_k16/down_layer_27.pt,1149687,d46889e82f28b31bda4c45b12d05a10556c17a8f1784c3392a37df3f4cddd1fc,E11_g128_k16
activations/llama31_8b/e11_calibration/factors/nar_b128_k16/down_layer_28.pt,1149687,7ae422de5a1563b9ef04e1e5685e7b7a137483fb92bd2235bff20c65d424bdcd,E11_g128_k16
activations/llama31_8b/e11_calibration/factors/nar_b128_k16/down_layer_29.pt,1149687,203c50c53f065378abe7c8403dda659605d6c36a413e90eaf4de3f0fe0ef43ef,E11_g128_k16
activations/llama31_8b/e11_calibration/factors/nar_b128_k16/down_layer_30.pt,1149687,4251f7c17c700c553e1274326ea60ecf29cc2c2d14e5c26da428568511555c46,E11_g128_k16
activations/llama31_8b/e11_calibration/factors/nar_b128_k16/down_layer_31.pt,1149687,3206b9ebba9044901f661170046b604c2971a13e23cdc422acf481b64d579bd6,E11_g128_k16
activations/llama31_8b/e11_calibration/factors/nar_b128_k16/qkv_layer_00.pt,330477,94b7963ad62692aed12dfa0318bf15655ff25b5cac24ab98388427c8edf53378,E11_g128_k16
activations/llama31_8b/e11_calibration/factors/nar_b128_k16/qkv_layer_01.pt,330477,129735b1b8b7b4bd7369783990b70e6c84a4e9886f13bfcf9dc8ae72914163b5,E11_g128_k16
activations/llama31_8b/e11_calibration/factors/nar_b128_k16/qkv_layer_02.pt,330477,91f5cf2fff05bea3baa9240833797f75862b4344427c923e09ccc973ffceb0c6,E11_g128_k16
activations/llama31_8b/e11_calibration/factors/nar_b128_k16/qkv_layer_03.pt,330477,ae7acb4b96ca1caf7c797053fb997309cfb6102ddce2071c04adfcfa5890a0c9,E11_g128_k16
activations/llama31_8b/e11_calibration/factors/nar_b128_k16/qkv_layer_04.pt,330477,b7542f248f4f4e09c93a39cd49099a7b32e27d19a10c1bd1e808b734b550b5f6,E11_g128_k16
activations/llama31_8b/e11_calibration/factors/nar_b128_k16/qkv_layer_05.pt,330477,546385acdb356fca3382071c45ae2ffa17d4923fc64540a02f90f404cedb6d37,E11_g128_k16
activations/llama31_8b/e11_calibration/factors/nar_b128_k16/qkv_layer_06.pt,330477,e87a0926faef9cd20244ce61e45fffc3304ffdd6a48f848fe11bcdd831f3754f,E11_g128_k16
activations/llama31_8b/e11_calibration/factors/nar_b128_k16/qkv_layer_07.pt,330477,a2b3e38252ff6b0b36145f7f99d09f405b40c77c7d0ac3bd75256b433d77bf84,E11_g128_k16
activations/llama31_8b/e11_calibration/factors/nar_b128_k16/qkv_layer_08.pt,330477,600194ca2cd19de8f967e247312a1e4725ba801d4b771db74caa2ac9445fec2f,E11_g128_k16
activations/llama31_8b/e11_calibration/factors/nar_b128_k16/qkv_layer_09.pt,330477,b3c42e5065fdd364f2e842bdc85fa54efdb66547afdce87872ba2799bb4513fc,E11_g128_k16
activations/llama31_8b/e11_calibration/factors/nar_b128_k16/qkv_layer_10.pt,330477,8e2c3a5d3f3cd0a3ec73e97f85408812b007534604742b5e1ce444e23b76b241,E11_g128_k16
activations/llama31_8b/e11_calibration/factors/nar_b128_k16/qkv_layer_11.pt,330477,e742baf511f230d9ccafc8c2624c231a3d93dc57151cba14e33e062bb6c50cc6,E11_g128_k16
activations/llama31_8b/e11_calibration/factors/nar_b128_k16/qkv_layer_12.pt,330477,7327c16467ec840f7b17fb8b46d860aaf463dce7fbeb3eb884b8da53e49d1527,E11_g128_k16
activations/llama31_8b/e11_calibration/factors/nar_b128_k16/qkv_layer_13.pt,330477,f1f62184bc75bac39ebb6c951b52da12b00b18f206adcb1812197c944d79a8c9,E11_g128_k16
activations/llama31_8b/e11_calibration/factors/nar_b128_k16/qkv_layer_14.pt,330477,f8f49221e08be511ca289d1b6320edce5ac73efb48ebd941a04ab3b7cd64481c,E11_g128_k16
activations/llama31_8b/e11_calibration/factors/nar_b128_k16/qkv_layer_15.pt,330477,c9de674514f31af2ce87778fbfa4a7cc35b6ef95390556948f49746e522ad88b,E11_g128_k16
activations/llama31_8b/e11_calibration/factors/nar_b128_k16/qkv_layer_16.pt,330477,e04ec4f1ebdc2db01f246f468e45ac67cce00074a5d46472779d0699c465c310,E11_g128_k16
activations/llama31_8b/e11_calibration/factors/nar_b128_k16/qkv_layer_17.pt,330477,02c08646913518a4dfd265280e9ee68923333d4c802508c96fd653980deccae7,E11_g128_k16
activations/llama31_8b/e11_calibration/factors/nar_b128_k16/qkv_layer_18.pt,330477,fdaa2472eea09ee46a9e8be793731b0d4aaf9d423db3d6af2593fdf4eb433f12,E11_g128_k16
activations/llama31_8b/e11_calibration/factors/nar_b128_k16/qkv_layer_19.pt,330477,a05e3f14dcce42dbaf9a1bf30e159da556a1e4b049c91f0e29e203b8e26f7fd0,E11_g128_k16
activations/llama31_8b/e11_calibration/factors/nar_b128_k16/qkv_layer_20.pt,330477,55d5005c8da6bea164eeadb501324a31d04889c1d3de413af7e655d24568c018,E11_g128_k16
activations/llama31_8b/e11_calibration/factors/nar_b128_k16/qkv_layer_21.pt,330477,a446e11b53136c2eda17c675a925e33141adad83089508da567295b73d603517,E11_g128_k16
activations/llama31_8b/e11_calibration/factors/nar_b128_k16/qkv_layer_22.pt,330477,078210ab804a518a7e63dbafabb14831ade7ae8ea94e1a9f770063db033703b4,E11_g128_k16
activations/llama31_8b/e11_calibration/factors/nar_b128_k16/qkv_layer_23.pt,330477,25178d8ff02a088de3fe13a25f0ba00a9d85bd89e2083ce10df836633f8433c7,E11_g128_k16
activations/llama31_8b/e11_calibration/factors/nar_b128_k16/qkv_layer_24.pt,330477,06e448db02b840e3879126fda62848224d571e20feb8bf1c1a29094b0587c366,E11_g128_k16
activations/llama31_8b/e11_calibration/factors/nar_b128_k16/qkv_layer_25.pt,330477,d6f6f3eac5f001332e58f711976ff37a0c547533e3ee09fcb13ec63dac7f9cde,E11_g128_k16
activations/llama31_8b/e11_calibration/factors/nar_b128_k16/qkv_layer_26.pt,330477,a50bdc3eb170ee2d0c038ea32f8cdbd207e982ceb0308b0f43dab91a4fe5f418,E11_g128_k16
activations/llama31_8b/e11_calibration/factors/nar_b128_k16/qkv_layer_27.pt,330477,0c5aa4680cb82a98e1a1ad48e10bc41162e5650c074918abf809c43ba9a544e1,E11_g128_k16
activations/llama31_8b/e11_calibration/factors/nar_b128_k16/qkv_layer_28.pt,330477,e9b7bf209da905dd63ef9e7e8ed4a59d6b8868e6a4d1d1877ba3bbe71737e68e,E11_g128_k16
activations/llama31_8b/e11_calibration/factors/nar_b128_k16/qkv_layer_29.pt,330477,afa473085994a8ebd785eea4b21b8c9e7ba5db209b1c948b67b87fda1f3bdc5e,E11_g128_k16
activations/llama31_8b/e11_calibration/factors/nar_b128_k16/qkv_layer_30.pt,330477,319f20c343931326c0873700e9a6725ddbd2cb4704529c1b3333b954ee4eb993,E11_g128_k16
activations/llama31_8b/e11_calibration/factors/nar_b128_k16/qkv_layer_31.pt,330477,07ea17cb351abf9a766d58313a9187ad5ba2333807590c43ec884759c9a9d377,E11_g128_k16
activations/llama31_8b/e11_calibration/factors/nar_b128_k32/down_layer_00.pt,2067191,133c2ab404146eec553c22e14381f0edb9a1ff7cbc09c4b5ebb01625a00414e3,E11_g128_k32
activations/llama31_8b/e11_calibration/factors/nar_b128_k32/down_layer_01.pt,2067191,1d15d090a71855066d292128a0a7fcb903f00143e894716b9f7ae9556ee3b969,E11_g128_k32
activations/llama31_8b/e11_calibration/factors/nar_b128_k32/down_layer_02.pt,2067191,4d7b7d725523072469892994f78b24d8f8531e2e0fe2e282cb19662265355f89,E11_g128_k32
activations/llama31_8b/e11_calibration/factors/nar_b128_k32/down_layer_03.pt,2067191,c44caea32e6d58e7ac19d3d5a7e834a6cd37ee45da0333569ab7ad2a9c056a8e,E11_g128_k32
activations/llama31_8b/e11_calibration/factors/nar_b128_k32/down_layer_04.pt,2067191,230c174767d2382a7e14fea433af8970b1839111ea1b587048ae578c5f0f1dd3,E11_g128_k32
activations/llama31_8b/e11_calibration/factors/nar_b128_k32/down_layer_05.pt,2067191,d91315a0038fb17a583f87ca07327e31c223d7f0e35a540b68f72fa6cd17e8e0,E11_g128_k32
activations/llama31_8b/e11_calibration/factors/nar_b128_k32/down_layer_06.pt,2067191,2be914f2b15915c7605c63d00978683b00e2728af0d50a261dde232042acf2c9,E11_g128_k32
activations/llama31_8b/e11_calibration/factors/nar_b128_k32/down_layer_07.pt,2067191,274a4dda97c244be4f2c62c3e51cc4315fc9918ee0d58d9ab5fee6d88a5a8c0a,E11_g128_k32
activations/llama31_8b/e11_calibration/factors/nar_b128_k32/down_layer_08.pt,2067191,61054aa6193d10f7af46101fd069d3fc158494612eb790d13f5d1e06b935d1e3,E11_g128_k32
activations/llama31_8b/e11_calibration/factors/nar_b128_k32/down_layer_09.pt,2067191,21bcc091698368bdabcf0792a4ecd6bafc7f5fd3df9c0b107df3f89f8bcab93e,E11_g128_k32
activations/llama31_8b/e11_calibration/factors/nar_b128_k32/down_layer_10.pt,2067191,c8131a82d478342787a7c76ed957b7043897031c801a2acdfbe365c9d94204a8,E11_g128_k32
activations/llama31_8b/e11_calibration/factors/nar_b128_k32/down_layer_11.pt,2067191,1a64b9893fd23a48cfdede568f1043ec953b8780279a169e2a2b7e13bb0d5f4c,E11_g128_k32
activations/llama31_8b/e11_calibration/factors/nar_b128_k32/down_layer_12.pt,2067191,fead1987d1a683b31d629ebfb9a97a5b999739518fe7d559d30e41fb02ce7244,E11_g128_k32
activations/llama31_8b/e11_calibration/factors/nar_b128_k32/down_layer_13.pt,2067191,5ddb434822a2331bcf75f7f1539b2eaade0a1036285fd7ea765cbde1b27ee6ad,E11_g128_k32
activations/llama31_8b/e11_calibration/factors/nar_b128_k32/down_layer_14.pt,2067191,a16dd6a2657940aceedbeff066a9929666482df72e646de6e6cae60667c86994,E11_g128_k32
activations/llama31_8b/e11_calibration/factors/nar_b128_k32/down_layer_15.pt,2067191,2774cd97c646f10ec7a87418b1edeb47a6a2a511cf67b2985788ff87d26b178f,E11_g128_k32
activations/llama31_8b/e11_calibration/factors/nar_b128_k32/down_layer_16.pt,2067191,b59fc68f4c3683984ce4d0ce5fbaba45f598d296b68b1a646a889e06652ef01a,E11_g128_k32
activations/llama31_8b/e11_calibration/factors/nar_b128_k32/down_layer_17.pt,2067191,5bd83437047bf9a81779330a6a3b351778333c1fe764f3248d43d1bf2cac3a85,E11_g128_k32
activations/llama31_8b/e11_calibration/factors/nar_b128_k32/down_layer_18.pt,2067191,c7d43f92de06a1922c2ecf50cb6ec50219dc483146df1d28d1040aae719e37fa,E11_g128_k32
activations/llama31_8b/e11_calibration/factors/nar_b128_k32/down_layer_19.pt,2067191,85240de603221352ca4de06019ca3ed83e0291008a6032aea5e4f131ded46401,E11_g128_k32
activations/llama31_8b/e11_calibration/factors/nar_b128_k32/down_layer_20.pt,2067191,08c68e057d2ace24f19effb920147839ae90f368050760714f21854243ad26cc,E11_g128_k32
activations/llama31_8b/e11_calibration/factors/nar_b128_k32/down_layer_21.pt,2067191,14c0ac94c6c22008432afed0e5346e5cefa2435022bb2f97e096c99ee27e6800,E11_g128_k32
activations/llama31_8b/e11_calibration/factors/nar_b128_k32/down_layer_22.pt,2067191,d3509a0d4d7a0fcc445c2c7a4d173712851737aec7774d35328c221f6d2f68df,E11_g128_k32
activations/llama31_8b/e11_calibration/factors/nar_b128_k32/down_layer_23.pt,2067191,0b0008249f687fee603489809b3eabd00410198c986f625f1446cbf499d061a3,E11_g128_k32
activations/llama31_8b/e11_calibration/factors/nar_b128_k32/down_layer_24.pt,2067191,03924924c5f32bb3e0bdbcd266940d29d62057d31d406bc1088b63586d5cfed2,E11_g128_k32
activations/llama31_8b/e11_calibration/factors/nar_b128_k32/down_layer_25.pt,2067191,25e1f3798518448675726e6af345b6612448c5ac7cc66c79a52abfa404b42a60,E11_g128_k32
activations/llama31_8b/e11_calibration/factors/nar_b128_k32/down_layer_26.pt,2067191,407fd1f983597820fa9deae9e60d0f668d4ad602ef777952b5887cff3760ed1e,E11_g128_k32
activations/llama31_8b/e11_calibration/factors/nar_b128_k32/down_layer_27.pt,2067191,e6ea660fc803028f9a1a225c88d2de1a41765980b004064fa8ead13c730d123d,E11_g128_k32
activations/llama31_8b/e11_calibration/factors/nar_b128_k32/down_layer_28.pt,2067191,7a0b9b0787975a49ed568c1cef5b21933073eef8423ec76378e09099dbc8409a,E11_g128_k32
activations/llama31_8b/e11_calibration/factors/nar_b128_k32/down_layer_29.pt,2067191,2fd734fcafe9888c6519c53a4ea2953109c1204bff3069666817ce2e1776d191,E11_g128_k32
activations/llama31_8b/e11_calibration/factors/nar_b128_k32/down_layer_30.pt,2067191,d03424b98dbcb0dc6c1799ecdf1f2c4507b5ff66c43d5dea42575de8dde49dbe,E11_g128_k32
activations/llama31_8b/e11_calibration/factors/nar_b128_k32/down_layer_31.pt,2067191,e53e52575bf7d261c30e63c372216bac0921c898a62a6e0a39ea858ca4c82f9e,E11_g128_k32
activations/llama31_8b/e11_calibration/factors/nar_b128_k32/qkv_layer_00.pt,592621,c7ab1382528c45720dc1ff619f76b80ab854402eb4b3093de0c34f4ce0f665ad,E11_g128_k32
activations/llama31_8b/e11_calibration/factors/nar_b128_k32/qkv_layer_01.pt,592621,90285d0fff8159310427eda573df7afc9e1f4326c47690b30ddfc7c845d90f11,E11_g128_k32
activations/llama31_8b/e11_calibration/factors/nar_b128_k32/qkv_layer_02.pt,592621,364fad7d70115dc339880c5b811d8b04ebb27500e489318ad3f903fee0f29ac1,E11_g128_k32
activations/llama31_8b/e11_calibration/factors/nar_b128_k32/qkv_layer_03.pt,592621,9d836b4ee2b285ae637bc8967890bd14e1e9ff4d4f6280070bf95120c9eaba09,E11_g128_k32
activations/llama31_8b/e11_calibration/factors/nar_b128_k32/qkv_layer_04.pt,592621,94ddfadad88d5444b6eff6c83ea48493e906ba7e59137c6a41b6d27debda8bb4,E11_g128_k32
activations/llama31_8b/e11_calibration/factors/nar_b128_k32/qkv_layer_05.pt,592621,61dc2b3d1faacb53131428aa59a5ba9a3738f7cebb41dca4964bbf885f67048a,E11_g128_k32
activations/llama31_8b/e11_calibration/factors/nar_b128_k32/qkv_layer_06.pt,592621,88c7d216b535ae28ffa2ec9ddd078f0eddf29c8fc168b62474cb7fdaca00004c,E11_g128_k32
activations/llama31_8b/e11_calibration/factors/nar_b128_k32/qkv_layer_07.pt,592621,118c553fa3070f9a79848ddf43503eb46c8519b03597fe006ec2ae0f46fec18e,E11_g128_k32
activations/llama31_8b/e11_calibration/factors/nar_b128_k32/qkv_layer_08.pt,592621,e82fe76b73bb6dd940cd9e8c341a3bf2f86b4d65b23eb89050dc6b28a8e1a6a4,E11_g128_k32
activations/llama31_8b/e11_calibration/factors/nar_b128_k32/qkv_layer_09.pt,592621,bc44d9c43f0f85823fa9336b1f7c1c2bc5aa63f3c80ee9789c3beb488b713b1a,E11_g128_k32
activations/llama31_8b/e11_calibration/factors/nar_b128_k32/qkv_layer_10.pt,592621,bb2744d408f22bf62c9152d5347175f1d4d10d08ae15363898c19b5aad867fdf,E11_g128_k32
activations/llama31_8b/e11_calibration/factors/nar_b128_k32/qkv_layer_11.pt,592621,053a4fcd26c07cf34dc01c8225f72cebe1172718ca09b05aacea06486add1c78,E11_g128_k32
activations/llama31_8b/e11_calibration/factors/nar_b128_k32/qkv_layer_12.pt,592621,fc6211fe930aacd07e29822e5940cfdab03273dedb5e19778206b15cd8b4a6ef,E11_g128_k32
activations/llama31_8b/e11_calibration/factors/nar_b128_k32/qkv_layer_13.pt,592621,7fad13f4778dd34a236e9c7ca125dc3ec5f1850f19df40c6604fa1771ff1b2a3,E11_g128_k32
activations/llama31_8b/e11_calibration/factors/nar_b128_k32/qkv_layer_14.pt,592621,cfaade21949236cea854bfb06e56cb3aa282e6f46c3eeb5a80df2cb3d506f95d,E11_g128_k32
activations/llama31_8b/e11_calibration/factors/nar_b128_k32/qkv_layer_15.pt,592621,9b7cd8ab6145dc81460fa735d72e98b9bfe3f97f1a63dfc6e20ea5b6f11ff3b4,E11_g128_k32
activations/llama31_8b/e11_calibration/factors/nar_b128_k32/qkv_layer_16.pt,592621,5130003089e15cc084b5476f34bd62329ecaf0951bcd27387f5c7ac694df22b0,E11_g128_k32
activations/llama31_8b/e11_calibration/factors/nar_b128_k32/qkv_layer_17.pt,592621,f7dfc7d26606b02491c453bfcdb412ef08bd6d9c090808891cc6beda5630efd3,E11_g128_k32
activations/llama31_8b/e11_calibration/factors/nar_b128_k32/qkv_layer_18.pt,592621,48c87646c63b872f3bfee81095812c4d6e7a65161171008859da15b12b46b66b,E11_g128_k32
activations/llama31_8b/e11_calibration/factors/nar_b128_k32/qkv_layer_19.pt,592621,5e72f86acb9b417c14834ace0d7ac3ecdf727f04b8b1d67ca0aec95e97ac8dc7,E11_g128_k32
activations/llama31_8b/e11_calibration/factors/nar_b128_k32/qkv_layer_20.pt,592621,24ba7bf7f39c7399a96adabeccdcdd178fbc37440cc520969938b5188444af4b,E11_g128_k32
activations/llama31_8b/e11_calibration/factors/nar_b128_k32/qkv_layer_21.pt,592621,2219fd286ec811fb71d0fcde402f219f348214bd7a12460d0ca7fc68c951754b,E11_g128_k32
activations/llama31_8b/e11_calibration/factors/nar_b128_k32/qkv_layer_22.pt,592621,5110d2565c0283dede4344e691f49aed49d4b96792b81007aae6c8d408dbaf7a,E11_g128_k32
activations/llama31_8b/e11_calibration/factors/nar_b128_k32/qkv_layer_23.pt,592621,a61f17e50f3559633ca00567f7e9ae754eaadbed2933ee3229797f27cbaf7194,E11_g128_k32
activations/llama31_8b/e11_calibration/factors/nar_b128_k32/qkv_layer_24.pt,592621,bf32ed7bba51c80a3005494ba7ebcaa4e9ddf6ca7b79276cc8cbf527f3534a7c,E11_g128_k32
activations/llama31_8b/e11_calibration/factors/nar_b128_k32/qkv_layer_25.pt,592621,b52c95a77f368c0f874e72ba233007ef21cf8f7d71b19683aa5b0a287a926545,E11_g128_k32
activations/llama31_8b/e11_calibration/factors/nar_b128_k32/qkv_layer_26.pt,592621,22fc71627eaffb8c4c6445a7f599f267005d2f0d68e3760f783b45176ed63282,E11_g128_k32
activations/llama31_8b/e11_calibration/factors/nar_b128_k32/qkv_layer_27.pt,592621,06976c03a7bd2a8ea5635c58e84972a5ae23cb2e1424383e5e7502eed82033e7,E11_g128_k32
activations/llama31_8b/e11_calibration/factors/nar_b128_k32/qkv_layer_28.pt,592621,82060523a29f6e693c69f572351883772debdb8bf79d8ca745dd4e7e09390c0b,E11_g128_k32
activations/llama31_8b/e11_calibration/factors/nar_b128_k32/qkv_layer_29.pt,592621,7c0ae7df7140af9f1e2789846f08f6532b4b0a610bc3d848b113ba0cb8e82c6b,E11_g128_k32
activations/llama31_8b/e11_calibration/factors/nar_b128_k32/qkv_layer_30.pt,592621,4775ae89c4492fe8c76b9964cf11aed0116f674c056d84a25daec1274469255e,E11_g128_k32
activations/llama31_8b/e11_calibration/factors/nar_b128_k32/qkv_layer_31.pt,592621,8c4414661880d0a3b694cd66ac1d527bdb5a12e4c1b69fd2fc1e026809e0c512,E11_g128_k32
activations/llama31_8b/e11_calibration/factors/nar_b128_k8/down_layer_00.pt,690935,1bedf5bafe246329132dccb67d5426979ed2f448103bef8ba91fc35e37c8b6d4,E11_g128_k8
activations/llama31_8b/e11_calibration/factors/nar_b128_k8/down_layer_01.pt,690935,af80f93981f5964eb8c0cac546cbed8c24f749b8b91f29b91a515e0323bcaf36,E11_g128_k8
activations/llama31_8b/e11_calibration/factors/nar_b128_k8/down_layer_02.pt,690935,bd78a30bbf35ec171d1aeae0a7326e7075a41ef85f7066d36b969f249350284a,E11_g128_k8
activations/llama31_8b/e11_calibration/factors/nar_b128_k8/down_layer_03.pt,690935,dcf911efead9196449d5945aeda5031fb744ce47082d430a0f5a9a586e79168a,E11_g128_k8
activations/llama31_8b/e11_calibration/factors/nar_b128_k8/down_layer_04.pt,690935,9fd7f6de48fc910fa554912c01961a73e953316d53ecd9d6ec2f59b3e43325d2,E11_g128_k8
activations/llama31_8b/e11_calibration/factors/nar_b128_k8/down_layer_05.pt,690935,f9c6127da67dab3981aa6f74c8fa288f111f9b9251833bd1af1c141c3353c5e5,E11_g128_k8
activations/llama31_8b/e11_calibration/factors/nar_b128_k8/down_layer_06.pt,690935,1050818195682bddf58fe23ef4d81c3a892269ef8598a7a393d4e3eaf3b62152,E11_g128_k8
activations/llama31_8b/e11_calibration/factors/nar_b128_k8/down_layer_07.pt,690935,f2b2ae6686ead03c7becf5f91b646c22ce186a059ceaa679d270f3066d00cdc3,E11_g128_k8
activations/llama31_8b/e11_calibration/factors/nar_b128_k8/down_layer_08.pt,690935,c27eedc7715c13918735d279b1626e3708627b914997c6a76eff798e0e7d5f3f,E11_g128_k8
activations/llama31_8b/e11_calibration/factors/nar_b128_k8/down_layer_09.pt,690935,924167304e24145afa9a1a903f6a43c8fdf65a307da33c4ae5883315736f2e14,E11_g128_k8
activations/llama31_8b/e11_calibration/factors/nar_b128_k8/down_layer_10.pt,690935,2a11a6da97379918fe86ccdf488147656f33cceff22f4e915c0098be353d67c8,E11_g128_k8
activations/llama31_8b/e11_calibration/factors/nar_b128_k8/down_layer_11.pt,690935,5c7a06ddfc2c869210d0a49e05598ef8a62b038b1d9e61c30e0747f610969fa3,E11_g128_k8
activations/llama31_8b/e11_calibration/factors/nar_b128_k8/down_layer_12.pt,690935,aaed12875d2afd0b7cd12521482c7dd834eb4d8a3a96fc7fe8a3c64ddce49796,E11_g128_k8
activations/llama31_8b/e11_calibration/factors/nar_b128_k8/down_layer_13.pt,690935,f4c27528fe1bf9fc5254094ac0f24a54a0b280506cbd455f0844597138aeed0a,E11_g128_k8
activations/llama31_8b/e11_calibration/factors/nar_b128_k8/down_layer_14.pt,690935,5393455632f7ac5d362c9b0291b9f9024c210f3e02eabe8ef0126b7707cdafaf,E11_g128_k8
activations/llama31_8b/e11_calibration/factors/nar_b128_k8/down_layer_15.pt,690935,a62dbe383188274a9e4f1ab85f15ba7239d965af4db3febac742304a131d90fa,E11_g128_k8
activations/llama31_8b/e11_calibration/factors/nar_b128_k8/down_layer_16.pt,690935,116ef08acfb73d3002d74cfd08ca9a08476207456fdfc4e1e2a10e785a6af52f,E11_g128_k8
activations/llama31_8b/e11_calibration/factors/nar_b128_k8/down_layer_17.pt,690935,59d112f0bfdbd3b5b230a296152d4ffe496d89d2ba22b99dcc6a9f53466a281a,E11_g128_k8
activations/llama31_8b/e11_calibration/factors/nar_b128_k8/down_layer_18.pt,690935,58d374ccca3c6b4170ac63c723e96182eedac5f8cd98e58b2c9227ebcf10d9f1,E11_g128_k8
activations/llama31_8b/e11_calibration/factors/nar_b128_k8/down_layer_19.pt,690935,64e7fdbf5f9737919e2b2b77a426ed9466d9228752a06f512abd641c86548bb5,E11_g128_k8
activations/llama31_8b/e11_calibration/factors/nar_b128_k8/down_layer_20.pt,690935,a48de0c2760cb49176c4031e47f7160788cde33389e0e22d072ebd28f6822392,E11_g128_k8
activations/llama31_8b/e11_calibration/factors/nar_b128_k8/down_layer_21.pt,690935,8e6078ce702c7a6ca387bde921fe26b3f9fceb54c34dbc4f91f486c7f491eb7c,E11_g128_k8
activations/llama31_8b/e11_calibration/factors/nar_b128_k8/down_layer_22.pt,690935,e51504a941935a6284fa19692d24842b2a63b427b4433a976cd78f3c7387e82d,E11_g128_k8
activations/llama31_8b/e11_calibration/factors/nar_b128_k8/down_layer_23.pt,690935,2eb28ea2fa56b8694b5e1a0fc56109258f757248e787161b55e5207cdf60c4a6,E11_g128_k8
activations/llama31_8b/e11_calibration/factors/nar_b128_k8/down_layer_24.pt,690935,7cedca8fa26f174a2216e4932ef447d0bea24c9312c0bbd4b3b493e89cdab190,E11_g128_k8
activations/llama31_8b/e11_calibration/factors/nar_b128_k8/down_layer_25.pt,690935,efc3134bf48036920272d81b6f3521954665502d570bdab43bee5f29e4041519,E11_g128_k8
activations/llama31_8b/e11_calibration/factors/nar_b128_k8/down_layer_26.pt,690935,4c5372a7286a2f9634ef3c21bd09f860509bf3a1a76c917c53641f8a1f48dbbc,E11_g128_k8
activations/llama31_8b/e11_calibration/factors/nar_b128_k8/down_layer_27.pt,690935,518777804997355f800fcc462394a291730fd3edd0947ed40bb8ff16b8433484,E11_g128_k8
activations/llama31_8b/e11_calibration/factors/nar_b128_k8/down_layer_28.pt,690935,52a15fecc4bf1d293cc7ee2d51c226da4d32e7605e627d147d602cd0a9550c8a,E11_g128_k8
activations/llama31_8b/e11_calibration/factors/nar_b128_k8/down_layer_29.pt,690935,40781b32f00d2a53ed39377b9798fed8ad6298b4d0d89371ca3a26e18ef467e7,E11_g128_k8
activations/llama31_8b/e11_calibration/factors/nar_b128_k8/down_layer_30.pt,690935,a5c55af8415db9451a0ecea98ac8d3401a4042b69af0414d97d56f396a97f95c,E11_g128_k8
activations/llama31_8b/e11_calibration/factors/nar_b128_k8/down_layer_31.pt,690935,8590fec82796666c714ba4933443bdebc251b7a46f7c5559825433e0acacd2ee,E11_g128_k8
activations/llama31_8b/e11_calibration/factors/nar_b128_k8/qkv_layer_00.pt,199405,0c626e0798f065a49512d3768c51e32065df339d29971550bf5bbfe2e0954e9a,E11_g128_k8
activations/llama31_8b/e11_calibration/factors/nar_b128_k8/qkv_layer_01.pt,199405,274aada9792503b584d17ffc25d166e16a4ea4fd425774bcd6799e169534a412,E11_g128_k8
activations/llama31_8b/e11_calibration/factors/nar_b128_k8/qkv_layer_02.pt,199405,e28f2fb4baecea9f5753071bf79311a073cd42c4f4fd12362ad7b86ba19ecb75,E11_g128_k8
activations/llama31_8b/e11_calibration/factors/nar_b128_k8/qkv_layer_03.pt,199405,62f085e6479bb96e342f6230bded6d952f9aa7982741dcc3ae0ecd4874628e78,E11_g128_k8
activations/llama31_8b/e11_calibration/factors/nar_b128_k8/qkv_layer_04.pt,199405,18f4db9d0e2bd38d0db8adfe89445bd6ad485de45331af4c4e2584edef46513e,E11_g128_k8
activations/llama31_8b/e11_calibration/factors/nar_b128_k8/qkv_layer_05.pt,199405,e89c1eab0530f804a94518d2b5b6fdab83c6433205cf566e36866838afbc89d9,E11_g128_k8
activations/llama31_8b/e11_calibration/factors/nar_b128_k8/qkv_layer_06.pt,199405,1ae02806aac26677ffbba500840c57dcca079cf97072ec2a95849059d8a45f9c,E11_g128_k8
activations/llama31_8b/e11_calibration/factors/nar_b128_k8/qkv_layer_07.pt,199405,66b5f802fe389fba7e56a7ce22799ff10f2c387ea759caf982a0f99b350c66dc,E11_g128_k8
activations/llama31_8b/e11_calibration/factors/nar_b128_k8/qkv_layer_08.pt,199405,937004b79e8035c01dd02d4362e9c0112706b44de9a4ab59a4e7291e63b7fb96,E11_g128_k8
activations/llama31_8b/e11_calibration/factors/nar_b128_k8/qkv_layer_09.pt,199405,8a6f2c368c297f9064aebf025eb58860848eb41efdb32ab9473f7e53bd8a4bef,E11_g128_k8
activations/llama31_8b/e11_calibration/factors/nar_b128_k8/qkv_layer_10.pt,199405,7a5b41b1770f474f76b2c3b0c2f479d616504332b224d9459d205d4e1e206fb1,E11_g128_k8
activations/llama31_8b/e11_calibration/factors/nar_b128_k8/qkv_layer_11.pt,199405,09612d39b93e5446cc6cdd0ec312a7b6db82bf2e5c0eeea164096f828448a89e,E11_g128_k8
activations/llama31_8b/e11_calibration/factors/nar_b128_k8/qkv_layer_12.pt,199405,ed42b83e2d65359a717486ee729ee2af4173864480e7d3e63fdbbf471a4d7f8a,E11_g128_k8
activations/llama31_8b/e11_calibration/factors/nar_b128_k8/qkv_layer_13.pt,199405,37f2e655d19099f0744923ee1cf09eb0b72e86b9b1f6675913b6ea534a0715c5,E11_g128_k8
activations/llama31_8b/e11_calibration/factors/nar_b128_k8/qkv_layer_14.pt,199405,dae562e9af0859ccc88b33ab52ab8bf70cbfbe3644e7d770efe4797d52060e89,E11_g128_k8
activations/llama31_8b/e11_calibration/factors/nar_b128_k8/qkv_layer_15.pt,199405,439c6072e95080049ef27faea9ff7152230f1bb4f35f12bb73c83d3ee284ba64,E11_g128_k8
activations/llama31_8b/e11_calibration/factors/nar_b128_k8/qkv_layer_16.pt,199405,66f6ccd4dbc4ae1b69f565b41ad5664f664072a98747e8327df60f1c664e9146,E11_g128_k8
activations/llama31_8b/e11_calibration/factors/nar_b128_k8/qkv_layer_17.pt,199405,fc3bb6cbe55a45800dcef3d8ef4e2b2ba5dbac7714f313fedf689e93ac9607db,E11_g128_k8
activations/llama31_8b/e11_calibration/factors/nar_b128_k8/qkv_layer_18.pt,199405,5b6f008c87e36d89ea199628f182bc8e22bb87fd0743b440e0e7d6f1abc9650b,E11_g128_k8
activations/llama31_8b/e11_calibration/factors/nar_b128_k8/qkv_layer_19.pt,199405,764abe5fc0f3be0a59a069614f090e5d694e56951601392037c4062309d224bf,E11_g128_k8
activations/llama31_8b/e11_calibration/factors/nar_b128_k8/qkv_layer_20.pt,199405,821bbb6a2cc2373cb76eef6b615fdf7fd27e187b0aa0113e3977e3bef13f5213,E11_g128_k8
activations/llama31_8b/e11_calibration/factors/nar_b128_k8/qkv_layer_21.pt,199405,66af5a601049705b24e56915ce1b094e7a06e913c0551ea87d9778c8cba070b5,E11_g128_k8
activations/llama31_8b/e11_calibration/factors/nar_b128_k8/qkv_layer_22.pt,199405,09dccf20c6e2eaf4e37a806282f46b53b2af1564ae5b96a97169e635e1961eb8,E11_g128_k8
activations/llama31_8b/e11_calibration/factors/nar_b128_k8/qkv_layer_23.pt,199405,95c3b3c467cf1b61e50d705dd21e80784b54a74d5d815a1075a2986f95a47d7e,E11_g128_k8
activations/llama31_8b/e11_calibration/factors/nar_b128_k8/qkv_layer_24.pt,199405,5c9f1c21abf4c37a228d19c8886338f6bbb257cf06325185ed72f449afbbb45f,E11_g128_k8
activations/llama31_8b/e11_calibration/factors/nar_b128_k8/qkv_layer_25.pt,199405,f153248b5a63137a7b8c4dba9ee582b9aa32b18b3e7a3507c92458b36e4c7c4a,E11_g128_k8
activations/llama31_8b/e11_calibration/factors/nar_b128_k8/qkv_layer_26.pt,199405,55f5deefc04fe632cc166c70d44e67a44902b4f5f380319f2fdef1fb9270dbd0,E11_g128_k8
activations/llama31_8b/e11_calibration/factors/nar_b128_k8/qkv_layer_27.pt,199405,96c8812b851b40046537d61c3db214a6f5c997fe241a95ec333384b967d6fbf6,E11_g128_k8
activations/llama31_8b/e11_calibration/factors/nar_b128_k8/qkv_layer_28.pt,199405,d2fb7d5dcd9da6b3b882ce66767bd4741d0fb3943330832fabff4ef6d3a45dc6,E11_g128_k8
activations/llama31_8b/e11_calibration/factors/nar_b128_k8/qkv_layer_29.pt,199405,bf2cdc4864dfe69aa6f3bed795501960feae8d186f648e969bbb03976c7742c2,E11_g128_k8
activations/llama31_8b/e11_calibration/factors/nar_b128_k8/qkv_layer_30.pt,199405,8128732a54f29f653c53655a0b0913a59073533b0be4f71430362a6f35c00264,E11_g128_k8
activations/llama31_8b/e11_calibration/factors/nar_b128_k8/qkv_layer_31.pt,199405,15ccf02d974f59be357aeaf413a97fe5f746e1f44323d4e743efc7e314cad8f7,E11_g128_k8
activations/llama31_8b/e11_calibration/factors/nar_b256_kmax/down_layer_00.pt,3443511,221587c842bbca31ddf87abcc6bbf5a40ba7203059661826eba16c1af9a441d6,E11_g256_kmax
activations/llama31_8b/e11_calibration/factors/nar_b256_kmax/down_layer_01.pt,3443511,b6a50320552040f12593e0bbc3b2941de23639ddd20625e6e723bc03b7b5367e,E11_g256_kmax
activations/llama31_8b/e11_calibration/factors/nar_b256_kmax/down_layer_02.pt,3443511,fb01cfe9c531de2f2ef8148832571ff05af9292299d3b26e4c876eb53defe2a5,E11_g256_kmax
activations/llama31_8b/e11_calibration/factors/nar_b256_kmax/down_layer_03.pt,3443511,4bc94ae23f62bf5f19715c8fab47f779fc30b6ef46810bc7d7beb50f129068ca,E11_g256_kmax
activations/llama31_8b/e11_calibration/factors/nar_b256_kmax/down_layer_04.pt,3443511,f71062e6008a3963239d1856ffc911c562118a5c9c28f5e66505b84b478b0dfb,E11_g256_kmax
activations/llama31_8b/e11_calibration/factors/nar_b256_kmax/down_layer_05.pt,3443511,75006ea0a009664163143c43515f51dab041aa5356803b55b4682226c915821c,E11_g256_kmax
activations/llama31_8b/e11_calibration/factors/nar_b256_kmax/down_layer_06.pt,3443511,4efb3108e999097e291e563282452d4db672cc542cc5704c143a93992345c1b6,E11_g256_kmax
activations/llama31_8b/e11_calibration/factors/nar_b256_kmax/down_layer_07.pt,3443511,ec3df635ff826ba1d0d8221cb76ba7864933394ae2ecd116acc609f5a44898b8,E11_g256_kmax
activations/llama31_8b/e11_calibration/factors/nar_b256_kmax/down_layer_08.pt,3443511,8f7542b3962f1e665a48408ae97a614602555678d8c7218381eab4c9ac9e66f8,E11_g256_kmax
activations/llama31_8b/e11_calibration/factors/nar_b256_kmax/down_layer_09.pt,3443511,c61c86eeb3ad03717747104a903206bc00f3fbb0c90d2d2bea517a22fa434f69,E11_g256_kmax
activations/llama31_8b/e11_calibration/factors/nar_b256_kmax/down_layer_10.pt,3443511,19ab3674a8f9270989d1829c47cdd87a807728878eccd614a1a3bc071153b680,E11_g256_kmax
activations/llama31_8b/e11_calibration/factors/nar_b256_kmax/down_layer_11.pt,3443511,9d97850cea6762d0a64475425649c190501f3b49bf75a6854fdf0fa940c747ea,E11_g256_kmax
activations/llama31_8b/e11_calibration/factors/nar_b256_kmax/down_layer_12.pt,3443511,a4157f1f490735a6552d178571e537904531fcbacc6a86bee68dc9fd7dab66cb,E11_g256_kmax
activations/llama31_8b/e11_calibration/factors/nar_b256_kmax/down_layer_13.pt,3443511,302ba47289792a6e8827b1ff545cdced64976796f0c3dbd72d9ccb91b81b68a1,E11_g256_kmax
activations/llama31_8b/e11_calibration/factors/nar_b256_kmax/down_layer_14.pt,3443511,25389e9ffda66666184226d6d1827d3286b3c1fab8e64d374e778a2c23f1304b,E11_g256_kmax
activations/llama31_8b/e11_calibration/factors/nar_b256_kmax/down_layer_15.pt,3443511,6816b2525f14625940099246e7f7b5dcb9cad0560e235c7f9a893fcb61ae6ef5,E11_g256_kmax
activations/llama31_8b/e11_calibration/factors/nar_b256_kmax/down_layer_16.pt,3443511,f4606bf3021d29ed891a9ae69e40eb60dc77f773d0719b21990d57011e230d7d,E11_g256_kmax
activations/llama31_8b/e11_calibration/factors/nar_b256_kmax/down_layer_17.pt,3443511,d70183480bb547b291aa82be378900e2255e54162ef0c7869f1128f23ca22358,E11_g256_kmax
activations/llama31_8b/e11_calibration/factors/nar_b256_kmax/down_layer_18.pt,3443511,65ab3eb1a13037b661586139fd77d4ffa7ae79829f0dd60d531adefe928c01dc,E11_g256_kmax
activations/llama31_8b/e11_calibration/factors/nar_b256_kmax/down_layer_19.pt,3443511,87c7f1eb0a8541d7da90755a4fdd02eaa2c7f7e9d67603abd467a853e666d057,E11_g256_kmax
activations/llama31_8b/e11_calibration/factors/nar_b256_kmax/down_layer_20.pt,3443511,49b3e128dab11c120c6c69fb0da2ae251f6d6c50625df8af1a8850414d68cef1,E11_g256_kmax
activations/llama31_8b/e11_calibration/factors/nar_b256_kmax/down_layer_21.pt,3443511,83bb07d88978279560d6a6dd5f676431ad522488897b3b1c10082ec46d0a1cab,E11_g256_kmax
activations/llama31_8b/e11_calibration/factors/nar_b256_kmax/down_layer_22.pt,3443511,5fdab647d677d4843a934fe7cba535d72c0cf7ff7b37758d7aa1f5d880581f5e,E11_g256_kmax
activations/llama31_8b/e11_calibration/factors/nar_b256_kmax/down_layer_23.pt,3443511,0de926f3f1b74ea25a38ad03c5b3eaef35044b9592eef7129e61aa01000644c8,E11_g256_kmax
activations/llama31_8b/e11_calibration/factors/nar_b256_kmax/down_layer_24.pt,3443511,2a8a0539131790b0a336471b7bcd04006cc7fc6f9d3898568f63635680d593ad,E11_g256_kmax
activations/llama31_8b/e11_calibration/factors/nar_b256_kmax/down_layer_25.pt,3443511,2c8f88de504fb487013c6783ef65e9e9c883c99903272a6423a4307cb1f2cd3a,E11_g256_kmax
activations/llama31_8b/e11_calibration/factors/nar_b256_kmax/down_layer_26.pt,3443511,3f80817b08dfb1b7011077a7757ee954b035cb0559c01a9616ad9bb45731ad65,E11_g256_kmax
activations/llama31_8b/e11_calibration/factors/nar_b256_kmax/down_layer_27.pt,3443511,d7ec6ca7c15acdc3ba0ced556c9410f382b008970518daed16923aa1e57f8965,E11_g256_kmax
activations/llama31_8b/e11_calibration/factors/nar_b256_kmax/down_layer_28.pt,3443511,b946c77c1a614b5cb312588a97ccae7823484ca1d08ae608bd57e768cb09be6e,E11_g256_kmax
activations/llama31_8b/e11_calibration/factors/nar_b256_kmax/down_layer_29.pt,3443511,666601a1229b4a5163c497ac553adfb456422b6dd087a458e65c4b8b55f141de,E11_g256_kmax
activations/llama31_8b/e11_calibration/factors/nar_b256_kmax/down_layer_30.pt,3443511,1fc2925eee83da323def0f7e6189b059bb536344ce4a06480791c07430bbbfab,E11_g256_kmax
activations/llama31_8b/e11_calibration/factors/nar_b256_kmax/down_layer_31.pt,3443511,179dd337cf09d784cf70cfd0861049dc803d547648008c142d2c9b5429d7e23f,E11_g256_kmax
activations/llama31_8b/e11_calibration/factors/nar_b256_kmax/qkv_layer_00.pt,330477,bb4423cac912de41480a154375bbcf75f814de54733c9beeb5071b85891dca46,E11_g256_kmax
activations/llama31_8b/e11_calibration/factors/nar_b256_kmax/qkv_layer_01.pt,330477,e4c8d135e5a0e475642b0a664a2d5f15b2d0a24d6026ed26b449f3a1b6010d81,E11_g256_kmax
activations/llama31_8b/e11_calibration/factors/nar_b256_kmax/qkv_layer_02.pt,330477,7527c8126488e72f7c37776ad6263c577f3c6bc781564f32d10a80810c40615c,E11_g256_kmax
activations/llama31_8b/e11_calibration/factors/nar_b256_kmax/qkv_layer_03.pt,330477,0152c44f367b5882f549fd9a9f7ae5491a22878371d43d3f5ebb9dcab8c0da23,E11_g256_kmax
activations/llama31_8b/e11_calibration/factors/nar_b256_kmax/qkv_layer_04.pt,330477,3afa04a34f60d74c99466b042625fc83c77ac6380aacedb8a5a97f0e6b86c9e9,E11_g256_kmax
activations/llama31_8b/e11_calibration/factors/nar_b256_kmax/qkv_layer_05.pt,330477,6d63aa4c89b4bf3e90da799ad804aab294f184461de7abd7c2f8ef2cbe768f19,E11_g256_kmax
activations/llama31_8b/e11_calibration/factors/nar_b256_kmax/qkv_layer_06.pt,330477,0c39984a45ad7fd1e17eb37ac2cf79efa84d6740a3b841baa4f824369e844d96,E11_g256_kmax
activations/llama31_8b/e11_calibration/factors/nar_b256_kmax/qkv_layer_07.pt,330477,947419a8481faa8757a8530bb09363e90cbba6190ab79bffec6fee8233c2a0bb,E11_g256_kmax
activations/llama31_8b/e11_calibration/factors/nar_b256_kmax/qkv_layer_08.pt,330477,77e235087e779804a01b026e382d49a80a44d3de4b77ab16a41ff74c180179cb,E11_g256_kmax
activations/llama31_8b/e11_calibration/factors/nar_b256_kmax/qkv_layer_09.pt,330477,42ef35dae2635ef049a00d83762cb77fdf173b3a3c1964b334dd1399589ba4b9,E11_g256_kmax
activations/llama31_8b/e11_calibration/factors/nar_b256_kmax/qkv_layer_10.pt,330477,3c7566a6ef1d8336692da7f3c3fced62a9de5f6ec88a4140805e0aa0bb6af55a,E11_g256_kmax
activations/llama31_8b/e11_calibration/factors/nar_b256_kmax/qkv_layer_11.pt,330477,445a2ac6c62957b536419deaa34bf291005fd3da75dcf48d23b7b16ea6839dcd,E11_g256_kmax
activations/llama31_8b/e11_calibration/factors/nar_b256_kmax/qkv_layer_12.pt,330477,287afd60bc1441b10ada4340f150cab94cd61ec2bebb307da243da95ad2dc321,E11_g256_kmax
activations/llama31_8b/e11_calibration/factors/nar_b256_kmax/qkv_layer_13.pt,330477,2989e5636de5ce79bcbc47a4b15024d996f70c3a2a75df93b33928d28d2dd344,E11_g256_kmax
activations/llama31_8b/e11_calibration/factors/nar_b256_kmax/qkv_layer_14.pt,330477,4ec38ae08984dcd05e25a417c5c061582fbd7c7ecba54e8d378bce59d9eb60c8,E11_g256_kmax
activations/llama31_8b/e11_calibration/factors/nar_b256_kmax/qkv_layer_15.pt,330477,a3de7d6a6cf1c7041dcd74c83b696d77ea16d631d4cc678689b7ccde7c643276,E11_g256_kmax
activations/llama31_8b/e11_calibration/factors/nar_b256_kmax/qkv_layer_16.pt,330477,4dc7c1116c895da49721cc60ec98c6dcc4f3f3e0b883254b59b40c2efe45f4af,E11_g256_kmax
activations/llama31_8b/e11_calibration/factors/nar_b256_kmax/qkv_layer_17.pt,330477,11bd0e6cddfec103f9eeaaad9714ca1ab47e14a882dc75449ad481ca50c16b2f,E11_g256_kmax
activations/llama31_8b/e11_calibration/factors/nar_b256_kmax/qkv_layer_18.pt,330477,a757cb401ca1deee447e0f6bac06a52cabcb90da4770434312c3a8a823c5ad13,E11_g256_kmax
activations/llama31_8b/e11_calibration/factors/nar_b256_kmax/qkv_layer_19.pt,330477,c7ecc3f1d93d564f66645d70eaefbf04f5551d8589aa71a1d6350c94b340d16e,E11_g256_kmax
activations/llama31_8b/e11_calibration/factors/nar_b256_kmax/qkv_layer_20.pt,330477,b72c4602807fc90fc669ed7a30d6b2c2c9b00a6c854e02e84e05841405aba5df,E11_g256_kmax
activations/llama31_8b/e11_calibration/factors/nar_b256_kmax/qkv_layer_21.pt,330477,ce68a55fb47c12fedf418fbf0d1d4217c667e625ca4f5060707cae7d2e4652de,E11_g256_kmax
activations/llama31_8b/e11_calibration/factors/nar_b256_kmax/qkv_layer_22.pt,330477,81db674f3e74030e44e7986b04b80dd53014159068deb6cece9fd43fd8a7bf30,E11_g256_kmax
activations/llama31_8b/e11_calibration/factors/nar_b256_kmax/qkv_layer_23.pt,330477,8571153f2ca00b6a539aaac257d0965cfab358079f24ff5c195fbd232e15a9da,E11_g256_kmax
activations/llama31_8b/e11_calibration/factors/nar_b256_kmax/qkv_layer_24.pt,330477,8e8ad65c5e5925faa84e1bc6a7fda479341dc53c08df8cf16a61c74f236bf92a,E11_g256_kmax
activations/llama31_8b/e11_calibration/factors/nar_b256_kmax/qkv_layer_25.pt,330477,b74e5fefe466f04df59259a72e67d7bfefe09d1029225b24eb0f750d15e51543,E11_g256_kmax
activations/llama31_8b/e11_calibration/factors/nar_b256_kmax/qkv_layer_26.pt,330477,ddd9aa6c5a8b98c46a06131c2db0acc492796318523cdf8093b60e8f4c619125,E11_g256_kmax
activations/llama31_8b/e11_calibration/factors/nar_b256_kmax/qkv_layer_27.pt,330477,3a3c9f558eda25aa4794316f1e65007c4a54a1b51481c31413b8560d30bc594e,E11_g256_kmax
activations/llama31_8b/e11_calibration/factors/nar_b256_kmax/qkv_layer_28.pt,330477,480917faa2e83d9bba7976de869181da540dbec6db96ac651115b0974241f563,E11_g256_kmax
activations/llama31_8b/e11_calibration/factors/nar_b256_kmax/qkv_layer_29.pt,330477,f00ef4a8acc27f1f33cdcb7c3a7954d350aa3ebf2a65388df3338425c351952b,E11_g256_kmax
activations/llama31_8b/e11_calibration/factors/nar_b256_kmax/qkv_layer_30.pt,330477,0db251c6b141969d95ec90b9af99f54b0945b0de1af48d6518958b2fedd20254,E11_g256_kmax
activations/llama31_8b/e11_calibration/factors/nar_b256_kmax/qkv_layer_31.pt,330477,587cdd301793b18c6e5727e8d06a73e2e31d2dc87f464e9d27c4078e7b05b29d,E11_g256_kmax
activations/llama31_8b/e11_calibration/factors/nar_b64_kmax/down_layer_00.pt,13077431,450c59814356003710437be9308ea4be6f3f68b38fc1ca68c4ec4526512a04d6,E11_g64_kmax; E20 recovered eigendirections and permutation energy
activations/llama31_8b/e11_calibration/factors/nar_b64_kmax/down_layer_01.pt,13077431,b1e00bdda0461c79e975fc9b2ee33aa4d34bdeed0f54a0272ee72591835dd169,E11_g64_kmax; E20 recovered eigendirections and permutation energy
activations/llama31_8b/e11_calibration/factors/nar_b64_kmax/down_layer_02.pt,13077431,c56622dd113238aa17b801fee71b1cbff65d7a8023e9e2633b3d72bf7ade076a,E11_g64_kmax; E20 recovered eigendirections and permutation energy
activations/llama31_8b/e11_calibration/factors/nar_b64_kmax/down_layer_03.pt,13077431,c3ab94de254976fceb95b55cdc2a7178f2aebb2f8d1fa9514af9e08161cf56cf,E11_g64_kmax; E20 recovered eigendirections and permutation energy
activations/llama31_8b/e11_calibration/factors/nar_b64_kmax/down_layer_04.pt,13077431,aea37dd8f5fa5fbe265cec8758de7f54cf01e0a445e02d17d7e2fee712ff50f1,E11_g64_kmax; E20 recovered eigendirections and permutation energy
activations/llama31_8b/e11_calibration/factors/nar_b64_kmax/down_layer_05.pt,13077431,76cbd4bc545b3bb0877f4a828552968add3c6c3306e3bf5b8f0481bba8a14974,E11_g64_kmax; E20 recovered eigendirections and permutation energy
activations/llama31_8b/e11_calibration/factors/nar_b64_kmax/down_layer_06.pt,13077431,e89275b5db339b30004e0669e510b5b5d66b1a3d3a8a82d6ea2d944d3dbd9ad7,E11_g64_kmax; E20 recovered eigendirections and permutation energy
activations/llama31_8b/e11_calibration/factors/nar_b64_kmax/down_layer_07.pt,13077431,1a07c9d49605635a127efc030021b834d7898d9eafda18b77fb973817f747753,E11_g64_kmax; E20 recovered eigendirections and permutation energy
activations/llama31_8b/e11_calibration/factors/nar_b64_kmax/down_layer_08.pt,13077431,3f07e1609c48b6d00c4697e67bb5e30054569f9739952bdab2e8845e4a1e4ec0,E11_g64_kmax; E20 recovered eigendirections and permutation energy
activations/llama31_8b/e11_calibration/factors/nar_b64_kmax/down_layer_09.pt,13077431,5043ab768c61eea6c5abb461d1fcd494fa6e0d428cc0bcb0696483e8413b751a,E11_g64_kmax; E20 recovered eigendirections and permutation energy
activations/llama31_8b/e11_calibration/factors/nar_b64_kmax/down_layer_10.pt,13077431,ae87fc6df9b768fd7e33715d59113ea28b15339368f93ed34c6aa2e4726c0576,E11_g64_kmax; E20 recovered eigendirections and permutation energy
activations/llama31_8b/e11_calibration/factors/nar_b64_kmax/down_layer_11.pt,13077431,d87ef7f4ae6630de1cb7b2e72cf226b2acbcb0cb38435ab1a6cfc3182bedd0e5,E11_g64_kmax; E20 recovered eigendirections and permutation energy
activations/llama31_8b/e11_calibration/factors/nar_b64_kmax/down_layer_12.pt,13077431,b042bcf1ea2d752c4d46a8147b27624a04056058bb47dee92af6a46e31058bb3,E11_g64_kmax; E20 recovered eigendirections and permutation energy
activations/llama31_8b/e11_calibration/factors/nar_b64_kmax/down_layer_13.pt,13077431,80e0a0e76ad48a7563140ec6a90bfafe1be982bec5da6cbd780fa9b2880b7204,E11_g64_kmax; E20 recovered eigendirections and permutation energy
activations/llama31_8b/e11_calibration/factors/nar_b64_kmax/down_layer_14.pt,13077431,85bcc847f6b99364e9ee128646ec582984110754ef0e5819785a1737367c6993,E11_g64_kmax; E20 recovered eigendirections and permutation energy
activations/llama31_8b/e11_calibration/factors/nar_b64_kmax/down_layer_15.pt,13077431,5d55fac5ac84f657482cff3426a38000b96aeccd3f8479b8575b709fc48b4646,E11_g64_kmax; E20 recovered eigendirections and permutation energy
activations/llama31_8b/e11_calibration/factors/nar_b64_kmax/down_layer_16.pt,13077431,af1d5851df83c305d81f1227afd130b7e5b2b32b665fa9ad97632bbabc40a911,E11_g64_kmax; E20 recovered eigendirections and permutation energy
activations/llama31_8b/e11_calibration/factors/nar_b64_kmax/down_layer_17.pt,13077431,614419c6a1b57ab06a0149c666c5696bd1463193f6fd96a3a18c72c4f7100de6,E11_g64_kmax; E20 recovered eigendirections and permutation energy
activations/llama31_8b/e11_calibration/factors/nar_b64_kmax/down_layer_18.pt,13077431,0d0bdfe0dadc5700fc9f8d0a4dafb9ee393acd8d7ac10b04e54c6bcd55a99608,E11_g64_kmax; E20 recovered eigendirections and permutation energy
activations/llama31_8b/e11_calibration/factors/nar_b64_kmax/down_layer_19.pt,13077431,3fa7b09e4e83c2b2d939197f531aba4cbb1789d804557da5f665ad843cfd52df,E11_g64_kmax; E20 recovered eigendirections and permutation energy
activations/llama31_8b/e11_calibration/factors/nar_b64_kmax/down_layer_20.pt,13077431,831d96160f9a6309fc5a05d9f9a34e4a5c2c49fab5c596c867e4e12e39eee4a0,E11_g64_kmax; E20 recovered eigendirections and permutation energy
activations/llama31_8b/e11_calibration/factors/nar_b64_kmax/down_layer_21.pt,13077431,9e1162e3b2e67ad7978f0c123f1ad12cad18a71014045c81aa5e8dc7030bb559,E11_g64_kmax; E20 recovered eigendirections and permutation energy
activations/llama31_8b/e11_calibration/factors/nar_b64_kmax/down_layer_22.pt,13077431,7cd7f8ae0d243b5f12429f1d043b3309c43754180b57c4192634e1968854699b,E11_g64_kmax; E20 recovered eigendirections and permutation energy
activations/llama31_8b/e11_calibration/factors/nar_b64_kmax/down_layer_23.pt,13077431,650e00d1d77b447679709ddafcc2c6ccd5c2deff079b163a7ca827e0299995c8,E11_g64_kmax; E20 recovered eigendirections and permutation energy
activations/llama31_8b/e11_calibration/factors/nar_b64_kmax/down_layer_24.pt,13077431,810119bbab6d91a10dfe581df2cd20aa49968d2ee45f5d10e07d5d0c7547b1fb,E11_g64_kmax; E20 recovered eigendirections and permutation energy
activations/llama31_8b/e11_calibration/factors/nar_b64_kmax/down_layer_25.pt,13077431,b0b82291a74be50dc6558e17be6fe7d2b3b0896b90a1e69d8971176f0753bfa8,E11_g64_kmax; E20 recovered eigendirections and permutation energy
activations/llama31_8b/e11_calibration/factors/nar_b64_kmax/down_layer_26.pt,13077431,85b7262e4472ddf1ef881581736ce2de32759f2d8d8077e9916cf01ff53e21e6,E11_g64_kmax; E20 recovered eigendirections and permutation energy
activations/llama31_8b/e11_calibration/factors/nar_b64_kmax/down_layer_27.pt,13077431,059a5b881eab3ef332db42a8410b00ea5841e6b154d852d6af216849f52a35b3,E11_g64_kmax; E20 recovered eigendirections and permutation energy
activations/llama31_8b/e11_calibration/factors/nar_b64_kmax/down_layer_28.pt,13077431,90ebe836b04e1778c58f034cda227f17b155409ad8198db9b0b6673804eb4f4e,E11_g64_kmax; E20 recovered eigendirections and permutation energy
activations/llama31_8b/e11_calibration/factors/nar_b64_kmax/down_layer_29.pt,13077431,77d2b52b6f34391a2f9136cce6aa37ab47dcf8a71941955bf0dc8b0abee89b8e,E11_g64_kmax; E20 recovered eigendirections and permutation energy
activations/llama31_8b/e11_calibration/factors/nar_b64_kmax/down_layer_30.pt,13077431,35044202460ce6fcfe2999cf776fbdaa4840a5e13eceb64dad79d52e9d189864,E11_g64_kmax; E20 recovered eigendirections and permutation energy
activations/llama31_8b/e11_calibration/factors/nar_b64_kmax/down_layer_31.pt,13077431,af1e59bae02f20ae169589495645b7e82bfa5d7da8d3b8dc17c04ae358110709,E11_g64_kmax; E20 recovered eigendirections and permutation energy
activations/llama31_8b/e11_calibration/factors/nar_b64_kmax/qkv_layer_00.pt,1116973,c0e07164c79104fb06b5b7c335134b9f1461c817305d9f3305c12d61f1883f52,E11_g64_kmax; E20 recovered eigendirections and permutation energy
activations/llama31_8b/e11_calibration/factors/nar_b64_kmax/qkv_layer_01.pt,1116973,822e1c905a2f60426fa87554dde74fc65bdcc38b7263b2560eaba0a4c4f62892,E11_g64_kmax; E20 recovered eigendirections and permutation energy
activations/llama31_8b/e11_calibration/factors/nar_b64_kmax/qkv_layer_02.pt,1116973,a8e5b3e0659e0b2089123a3c8de237fa93157afb72ac171158cc0e20099d1cf1,E11_g64_kmax; E20 recovered eigendirections and permutation energy
activations/llama31_8b/e11_calibration/factors/nar_b64_kmax/qkv_layer_03.pt,1116973,1c854d1dbff0af9a078cddce79b8eeddc951bbe790c6a9c683816c2b7c08e58b,E11_g64_kmax; E20 recovered eigendirections and permutation energy
activations/llama31_8b/e11_calibration/factors/nar_b64_kmax/qkv_layer_04.pt,1116973,58ac6fbbdae07f04dcb4227d6c47a0966d424dcdfb4a304c844dfbfa6dacadc4,E11_g64_kmax; E20 recovered eigendirections and permutation energy
activations/llama31_8b/e11_calibration/factors/nar_b64_kmax/qkv_layer_05.pt,1116973,2d5651f4c28a2aefc225d790624b673f3d4e1b9760c34e954bcaa269ccd69831,E11_g64_kmax; E20 recovered eigendirections and permutation energy
activations/llama31_8b/e11_calibration/factors/nar_b64_kmax/qkv_layer_06.pt,1116973,15d6368bfd9ca37970f146afe5880d623262681b72025243abc78b29c94c0fdb,E11_g64_kmax; E20 recovered eigendirections and permutation energy
activations/llama31_8b/e11_calibration/factors/nar_b64_kmax/qkv_layer_07.pt,1116973,a72a89eb1611f170c566026d61bb056441254e5e8132e626a3efb66b0a7818f0,E11_g64_kmax; E20 recovered eigendirections and permutation energy
activations/llama31_8b/e11_calibration/factors/nar_b64_kmax/qkv_layer_08.pt,1116973,30984e777710d204137ee8247377f937cba829932cddde078e73a279e6258946,E11_g64_kmax; E20 recovered eigendirections and permutation energy
activations/llama31_8b/e11_calibration/factors/nar_b64_kmax/qkv_layer_09.pt,1116973,88b503e18b19ad00ed3a636888cf9efe53ecd08247aa5e3f47e5c237b6af9747,E11_g64_kmax; E20 recovered eigendirections and permutation energy
activations/llama31_8b/e11_calibration/factors/nar_b64_kmax/qkv_layer_10.pt,1116973,73168a41492a6d4addf6c51cbbb072915d83aa9bd3cdfd7e1b3a66d7bd66bb70,E11_g64_kmax; E20 recovered eigendirections and permutation energy
activations/llama31_8b/e11_calibration/factors/nar_b64_kmax/qkv_layer_11.pt,1116973,3cbf669be14c006ff1061f11d44e41866d8f16f16bafbce01d16d40b228ddcbb,E11_g64_kmax; E20 recovered eigendirections and permutation energy
activations/llama31_8b/e11_calibration/factors/nar_b64_kmax/qkv_layer_12.pt,1116973,2d178f920bfabec72ca034f07a659ba76f939bafb16680927305b8dfeebfeed1,E11_g64_kmax; E20 recovered eigendirections and permutation energy
activations/llama31_8b/e11_calibration/factors/nar_b64_kmax/qkv_layer_13.pt,1116973,b3fef077a00ca1dead5a47b2cd4a033c6f14b411d92476e6f0e0dc349cabce33,E11_g64_kmax; E20 recovered eigendirections and permutation energy
activations/llama31_8b/e11_calibration/factors/nar_b64_kmax/qkv_layer_14.pt,1116973,f2eb6dcb95692ba041fbac506cad20d146efe9edfafeecf510ac3f8bafc55578,E11_g64_kmax; E20 recovered eigendirections and permutation energy
activations/llama31_8b/e11_calibration/factors/nar_b64_kmax/qkv_layer_15.pt,1116973,bcbad54408a4ef7b931eb3cfd3b33b1b56c1c439afc8da4b3642fcd5bdc4f937,E11_g64_kmax; E20 recovered eigendirections and permutation energy
activations/llama31_8b/e11_calibration/factors/nar_b64_kmax/qkv_layer_16.pt,1116973,376be51fbfe6d78512f65a5b73a11078640a7f37f74ea7158ffae72b1b4af726,E11_g64_kmax; E20 recovered eigendirections and permutation energy
activations/llama31_8b/e11_calibration/factors/nar_b64_kmax/qkv_layer_17.pt,1116973,619f1d6db349c2ffab18d0443ca3cc009011685fb7e6a5f9af943f8d33c4794b,E11_g64_kmax; E20 recovered eigendirections and permutation energy
activations/llama31_8b/e11_calibration/factors/nar_b64_kmax/qkv_layer_18.pt,1116973,3795ccd5b8521db4bea787981eec4aaf02eaf312e22032e4e28d38de618464f9,E11_g64_kmax; E20 recovered eigendirections and permutation energy
activations/llama31_8b/e11_calibration/factors/nar_b64_kmax/qkv_layer_19.pt,1116973,c9324fad7cb21c2b52cf4944db60b37f34ad3c68db833c9399f9e223e72c841d,E11_g64_kmax; E20 recovered eigendirections and permutation energy
activations/llama31_8b/e11_calibration/factors/nar_b64_kmax/qkv_layer_20.pt,1116973,26decdc33ab471c587cf6c33de25b470e1686301b0863e8a68315cb2532191c2,E11_g64_kmax; E20 recovered eigendirections and permutation energy
activations/llama31_8b/e11_calibration/factors/nar_b64_kmax/qkv_layer_21.pt,1116973,9c48e5ace6ea7bafc30722cfe6179962f4182b8f0aa78c6782de0116dfb35654,E11_g64_kmax; E20 recovered eigendirections and permutation energy
activations/llama31_8b/e11_calibration/factors/nar_b64_kmax/qkv_layer_22.pt,1116973,c47b3f5de9a31564bd47085abd3b09b5a03b067b9494ceb3e10af376e638ecd4,E11_g64_kmax; E20 recovered eigendirections and permutation energy
activations/llama31_8b/e11_calibration/factors/nar_b64_kmax/qkv_layer_23.pt,1116973,5ca91db2aaf31b50802880f0179b0bfbb475f78971fdcd161d77e18c429c3a1e,E11_g64_kmax; E20 recovered eigendirections and permutation energy
activations/llama31_8b/e11_calibration/factors/nar_b64_kmax/qkv_layer_24.pt,1116973,8402bfd4d42cc58fe7c17848f7d09755efb912d8dd9c3b2927d0e91f7c83aafd,E11_g64_kmax; E20 recovered eigendirections and permutation energy
activations/llama31_8b/e11_calibration/factors/nar_b64_kmax/qkv_layer_25.pt,1116973,d6a34a4a395dfbbfa19f319639b9cf48a3455b517484151e014335b999b14681,E11_g64_kmax; E20 recovered eigendirections and permutation energy
activations/llama31_8b/e11_calibration/factors/nar_b64_kmax/qkv_layer_26.pt,1116973,cf5637e8086dbd38c946c298ca1fa324bb2cd8d5176484afe8c502c1393c023f,E11_g64_kmax; E20 recovered eigendirections and permutation energy
activations/llama31_8b/e11_calibration/factors/nar_b64_kmax/qkv_layer_27.pt,1116973,0c5731cbadea36eeaf5e60986f4b694fe90071a23694313867d6ed74bfffa4b1,E11_g64_kmax; E20 recovered eigendirections and permutation energy
activations/llama31_8b/e11_calibration/factors/nar_b64_kmax/qkv_layer_28.pt,1116973,6f2f20b31213528c8ee9cbcac24b8b9b3167ed389e0c40c3652a0ebfba6957cd,E11_g64_kmax; E20 recovered eigendirections and permutation energy
activations/llama31_8b/e11_calibration/factors/nar_b64_kmax/qkv_layer_29.pt,1116973,2ad7aa3514ab4e5299da5cd584c60770c1a9e8838caff06183d2a7b83fb98a4b,E11_g64_kmax; E20 recovered eigendirections and permutation energy
activations/llama31_8b/e11_calibration/factors/nar_b64_kmax/qkv_layer_30.pt,1116973,a1567be4c902039841238d940da46bd2cf8a532aea059e64d1ff54806e97c8b1,E11_g64_kmax; E20 recovered eigendirections and permutation energy
activations/llama31_8b/e11_calibration/factors/nar_b64_kmax/qkv_layer_31.pt,1116973,fa8d5ec08a337f345ed2cece2e87520a3823244626c05856e0258d726142fed1,E11_g64_kmax; E20 recovered eigendirections and permutation energy
activations/llama32_3b/activation_factors/down_layer_00.pt,2230903,848564d38b02d06b547f5a49c7da5024115c1b6641557090b1304738f3e88508,E11_g128_kmax
activations/llama32_3b/activation_factors/down_layer_01.pt,2230903,d884a8103ad547f835f3de99f47f6f7879c93d903f2ada3591eed9c7c1e2c2a2,E11_g128_kmax
activations/llama32_3b/activation_factors/down_layer_02.pt,2230903,97b4c4d8056cabc297b0618ac8796f47d86667f40c94dee8eed524ee2bafb430,E11_g128_kmax
activations/llama32_3b/activation_factors/down_layer_03.pt,2230903,66119bafc1d0436cf6ac6c08f0b37bb20f2ee2e3ee6fb8939374c8a9e96ee1c5,E11_g128_kmax
activations/llama32_3b/activation_factors/down_layer_04.pt,2230903,183cb23f932a64771145eebd94d0d1410b5ff6de4163e641bbbaf2273c75d867,E11_g128_kmax
activations/llama32_3b/activation_factors/down_layer_05.pt,2230903,d1449d4f3d38a4f368d736dd74e7dbf7301499892811bab068c58f1e9f051d9e,E11_g128_kmax
activations/llama32_3b/activation_factors/down_layer_06.pt,2230903,1aa1c9c278bfdbf4175a98481ca796a2df87cc26e82cc6ce9becbe962e125dd1,E11_g128_kmax
activations/llama32_3b/activation_factors/down_layer_07.pt,2230903,e48928d812b4d0865ac9400f914ec64ba08a8cef341a8ea6190e17a3ceefbcd0,E11_g128_kmax
activations/llama32_3b/activation_factors/down_layer_08.pt,2230903,b53364a5596812cca60c58372a5e4a4626b3a77f050858f60886015f50244f63,E11_g128_kmax
activations/llama32_3b/activation_factors/down_layer_09.pt,2230903,b6b376dbcf0f962dcbd7a3e1d9f39afd4d6ae6b3533fe6628ab903d500428ad5,E11_g128_kmax
activations/llama32_3b/activation_factors/down_layer_10.pt,2230903,4614f14798114b65544fdb727ff5aecd614eaab5e3484818e82f624ad620a07c,E11_g128_kmax
activations/llama32_3b/activation_factors/down_layer_11.pt,2230903,d160ce19056342db1be2025d1703052a7c95c9dd2a25c34a47235a474362b7f7,E11_g128_kmax
activations/llama32_3b/activation_factors/down_layer_12.pt,2230903,02ee8354e09a145aa3c6cf1d9755757a9e21a7c6d4048fc3e966b951e2340314,E11_g128_kmax
activations/llama32_3b/activation_factors/down_layer_13.pt,2230903,1ba7db6e0822d13ee932cd655b25f8581f645c17f54a57020743f731122dd4bb,E11_g128_kmax
activations/llama32_3b/activation_factors/down_layer_14.pt,2230903,cf9140e385fefa5c1e3f6baf1a4b9731ab29f28a1eb9360409bb27f2e3a96662,E11_g128_kmax
activations/llama32_3b/activation_factors/down_layer_15.pt,2230903,6418bcd79d4c6a384c1c6b67aff464eaf03efa988a882587c7d81b971759fad8,E11_g128_kmax
activations/llama32_3b/activation_factors/down_layer_16.pt,2230903,7ab16641f805a5064ccf21d7a57add3964c3327a67ccea2ed8c0fa193cbf7d08,E11_g128_kmax
activations/llama32_3b/activation_factors/down_layer_17.pt,2230903,4a5396ffb3123de75460b3021c9e4e05f183e56f63e3f3052cd13d023888062d,E11_g128_kmax
activations/llama32_3b/activation_factors/down_layer_18.pt,2230903,dcdff2a7d8f48c882812a97b77588f6b1af3d5eca06013eedd140ea5f294c9f9,E11_g128_kmax
activations/llama32_3b/activation_factors/down_layer_19.pt,2230903,b414982f46231c78acadfeedd904deec50cdc6ff52b1c2e3f240722b0cbd2495,E11_g128_kmax
activations/llama32_3b/activation_factors/down_layer_20.pt,2230903,9b7a7c738f9894654eb14a33649f6139905f42d20040e03ea38a6ac4e9372c19,E11_g128_kmax
activations/llama32_3b/activation_factors/down_layer_21.pt,2230903,b7d31617b2c87d5076d6a2350d3c8c38f1138573f03adc35f3d199ee8cfad1fb,E11_g128_kmax
activations/llama32_3b/activation_factors/down_layer_22.pt,2230903,6d1342c1b2381f1f7ebe6cb851d3d97d0c1769213e311d9cf89ad2b6ef30b90a,E11_g128_kmax
activations/llama32_3b/activation_factors/down_layer_23.pt,2230903,916a8b3b607e7500127bcd6d40693dd03c28f6cc73023768d31cefaf2079f35c,E11_g128_kmax
activations/llama32_3b/activation_factors/down_layer_24.pt,2230903,488d1c1f4f50cb352e97a1e544843bddaa0a44d6fbda25d9bed20dad1d443da8,E11_g128_kmax
activations/llama32_3b/activation_factors/down_layer_25.pt,2230903,e991c16d267cdc2f5da86805a43dded3d0e851831fcbd8efb6e30895b82d456d,E11_g128_kmax
activations/llama32_3b/activation_factors/down_layer_26.pt,2230903,6ec543cb50688385f0b0f9072069dc2dddde5b14ccd02df940beb6f1ffb3aeb8,E11_g128_kmax
activations/llama32_3b/activation_factors/down_layer_27.pt,2230903,d5e2ffefaf0408cc7e1b98c983ce502b066cffcc5458f481b9b647a2abcfbc02,E11_g128_kmax
activations/llama32_3b/activation_factors/qkv_layer_00.pt,346669,1d2ca53236bf6ea7e88b9afe0efefabeb829e551bbce97168b2eb80dcc2722c3,E11_g128_kmax
activations/llama32_3b/activation_factors/qkv_layer_01.pt,346669,0b0912f6c4d3a865f2c8c816de1ff1d8354413fcc880e7f4e313521e95ea4f47,E11_g128_kmax
activations/llama32_3b/activation_factors/qkv_layer_02.pt,346669,6e30d77780963c6d27944dba1aa0aecaa933ef90c2ad5930aff569711c4ca88c,E11_g128_kmax
activations/llama32_3b/activation_factors/qkv_layer_03.pt,346669,e7be04579398e59a82c3da4365990e89da5331270304ff6690baaa5aeb871c4d,E11_g128_kmax
activations/llama32_3b/activation_factors/qkv_layer_04.pt,346669,84997ed43d83f1c87e4ddb701e6e83e3f021e29787b6f93289e9b4547229e68f,E11_g128_kmax
activations/llama32_3b/activation_factors/qkv_layer_05.pt,346669,c903cf4ffeb596ee38ce64935ce654248a7d74b537f0218d02380e9b70b78a86,E11_g128_kmax
activations/llama32_3b/activation_factors/qkv_layer_06.pt,346669,cd9071c681b92be67c7552005359a1951158bc2f66791decd0a92b8f80a2c5c9,E11_g128_kmax
activations/llama32_3b/activation_factors/qkv_layer_07.pt,346669,65845013af86778cae9da7cf14078d3f4ead95ccaeec8139611bc6155a8efab8,E11_g128_kmax
activations/llama32_3b/activation_factors/qkv_layer_08.pt,346669,71741541539cbbce35c1dd89d65f051668085189cf115febf2a813d20f667546,E11_g128_kmax
activations/llama32_3b/activation_factors/qkv_layer_09.pt,346669,74da66666a4826cfc9ebf8eb259e6a5c1b50d5469d48dcd0865aba76049f1d6e,E11_g128_kmax
activations/llama32_3b/activation_factors/qkv_layer_10.pt,346669,f852556c0253ded8d3a6e6d059b063e63906631ce4c06d8291707d5a82badca9,E11_g128_kmax
activations/llama32_3b/activation_factors/qkv_layer_11.pt,346669,e39e53dd8fd7da255282dd955fe056947e3a3295216646a0e29a2db690573e57,E11_g128_kmax
activations/llama32_3b/activation_factors/qkv_layer_12.pt,346669,c1119347ce01b73c7a2729ea4ffa31dc99f9ddadbd7e3ccaf81737c489e28609,E11_g128_kmax
activations/llama32_3b/activation_factors/qkv_layer_13.pt,346669,a2a52e10360539546333b7db91b73d99ebb798e14255ba8e7d4022f0a6da60a2,E11_g128_kmax
activations/llama32_3b/activation_factors/qkv_layer_14.pt,346669,405bc93e99f614760d95468e4065f9ef02575dab4cf532133980d0d95018c8a1,E11_g128_kmax
activations/llama32_3b/activation_factors/qkv_layer_15.pt,346669,d6431995000be5e9e122b41e902750869b4db385aba8a41fde3e72a37c014a6c,E11_g128_kmax
activations/llama32_3b/activation_factors/qkv_layer_16.pt,346669,cd9f11995948fb1c412636ee0dde1819851cb48f2f326e778e35b1a0a9ba4cb6,E11_g128_kmax
activations/llama32_3b/activation_factors/qkv_layer_17.pt,346669,91bfd72f37f57db045ac817ae2bab65855d6ed38701731b519cfefe602894d59,E11_g128_kmax
activations/llama32_3b/activation_factors/qkv_layer_18.pt,346669,edab5601a58be52320c831a72d2f8f2e0781112cd8e70cbdf80e4e1cff8d41f3,E11_g128_kmax
activations/llama32_3b/activation_factors/qkv_layer_19.pt,346669,9c5b9e7a68e0a21cfe1482eab19faf306314af8e4853411ff4420553ceb4cf96,E11_g128_kmax
activations/llama32_3b/activation_factors/qkv_layer_20.pt,346669,37c49d9204e43ee533dd6ddd6c70a931d87611b72fd0a67928efe69c9b5d50cf,E11_g128_kmax
activations/llama32_3b/activation_factors/qkv_layer_21.pt,346669,1fee838f78a46fb84e5a0c026ff3e0a463dd190b4fab478833b8c9a5569d4f10,E11_g128_kmax
activations/llama32_3b/activation_factors/qkv_layer_22.pt,346669,48bd2d96cf82d6c793ecea4607dfa4fb517424c1428f88e33b4b5a70fe37ca77,E11_g128_kmax
activations/llama32_3b/activation_factors/qkv_layer_23.pt,346669,50b793c9496836ce84291581eb0f7f8e30194b896a042a8aaf46a5532d53970c,E11_g128_kmax
activations/llama32_3b/activation_factors/qkv_layer_24.pt,346669,eeccd9e8f011f849ca1e27c2515b945f4e8f61cfe14eb1cbf2a3db46d2d44c0d,E11_g128_kmax
activations/llama32_3b/activation_factors/qkv_layer_25.pt,346669,9b8819fa2feabe64c9470705ff4f5a7268ae1cc7b722b3067c9c8cd7232a47e6,E11_g128_kmax
activations/llama32_3b/activation_factors/qkv_layer_26.pt,346669,a2bd646fae3ec720ae674e9e909fe9292d4f3570240e13fd7ff17d2a5d79aed0,E11_g128_kmax
activations/llama32_3b/activation_factors/qkv_layer_27.pt,346669,21c93e034ddbd50bf50378bbe493cfd8363e665c7e281c433d2f7ae82d6f2548,E11_g128_kmax
activations/llama32_3b/e11_calibration/factors/nar_b128_k16/down_layer_00.pt,658167,ab51e345e86f8e348d54466cc678ef7e50c07e5b36a2630afe697a0d9edb6fd3,E11_g128_k16
activations/llama32_3b/e11_calibration/factors/nar_b128_k16/down_layer_01.pt,658167,07084fbcad5f9a21515afb576c685a8355d317654f698cc223220ee484faac12,E11_g128_k16
activations/llama32_3b/e11_calibration/factors/nar_b128_k16/down_layer_02.pt,658167,7c92394f6e00fc2be67b535a5e8465d60e150ddfdbc5bc85eb9b6d42955fee86,E11_g128_k16
activations/llama32_3b/e11_calibration/factors/nar_b128_k16/down_layer_03.pt,658167,dd2019267694b9df9655b5a9b13f8bb86a49cb0980c85c4d735e532f70d67a61,E11_g128_k16
activations/llama32_3b/e11_calibration/factors/nar_b128_k16/down_layer_04.pt,658167,3d12b0d39415384a65748759dbb269a34139b35d487d66dd91c5fd37bd135f0a,E11_g128_k16
activations/llama32_3b/e11_calibration/factors/nar_b128_k16/down_layer_05.pt,658167,6d110c1752c10477ea56a0ca28e765d1555ead86b1a5748b1076995e45f9435e,E11_g128_k16
activations/llama32_3b/e11_calibration/factors/nar_b128_k16/down_layer_06.pt,658167,8981004917171bbb47a1e9ba1fb77405b41350e516d92cf11a8b4cb09e3a28b2,E11_g128_k16
activations/llama32_3b/e11_calibration/factors/nar_b128_k16/down_layer_07.pt,658167,2fe1ebc29c65138533e99d20488fd936a9d0db79f9858b558c607545519b6958,E11_g128_k16
activations/llama32_3b/e11_calibration/factors/nar_b128_k16/down_layer_08.pt,658167,6fabe3d2a61f7a8b40de3b532d47cf5a19ed63b6b3098c4712895881796fdf9e,E11_g128_k16
activations/llama32_3b/e11_calibration/factors/nar_b128_k16/down_layer_09.pt,658167,5ffeecb9cb35283e1c28d599227b59ea139639d5c9d6ece8998d9b49b1207cbc,E11_g128_k16
activations/llama32_3b/e11_calibration/factors/nar_b128_k16/down_layer_10.pt,658167,9af0104e1a9f8c75c90b08aac1b2905d33a2f4846de5007e4884158fa7d6c5f6,E11_g128_k16
activations/llama32_3b/e11_calibration/factors/nar_b128_k16/down_layer_11.pt,658167,b6c9606405cc1306be41b49c5be4c2ed0b578b58c29c52a4ef010fac9d6a6613,E11_g128_k16
activations/llama32_3b/e11_calibration/factors/nar_b128_k16/down_layer_12.pt,658167,0e8ad4e6cdf730e6bac208b6b7e3b5387085d09539564c9b4610054122c2c4f5,E11_g128_k16
activations/llama32_3b/e11_calibration/factors/nar_b128_k16/down_layer_13.pt,658167,cdbe21b62fe7c80e132339990d0e9182b3324f7bcb847d5ca91c91c54650ac29,E11_g128_k16
activations/llama32_3b/e11_calibration/factors/nar_b128_k16/down_layer_14.pt,658167,ed1d8f42fd64e9b43e172d87bde432dead2989dc1c70369d56386a8c2fe0d825,E11_g128_k16
activations/llama32_3b/e11_calibration/factors/nar_b128_k16/down_layer_15.pt,658167,e9ec53b125d20ddd7265c4576a69e31a78cac893cceec48dda482e272b099d5c,E11_g128_k16
activations/llama32_3b/e11_calibration/factors/nar_b128_k16/down_layer_16.pt,658167,db5cafb22af2f3b3fe60320aefb0068e26444d24d1e1231c9dbcb2e933947b3a,E11_g128_k16
activations/llama32_3b/e11_calibration/factors/nar_b128_k16/down_layer_17.pt,658167,213fe3d0bd83084eb9be4439e46cd41a8a23f43ae643edd1540ea61bb37d656c,E11_g128_k16
activations/llama32_3b/e11_calibration/factors/nar_b128_k16/down_layer_18.pt,658167,4661ea54753559712f61d2001538d9553fb10c7a3ff7699ec583dad07a9087bf,E11_g128_k16
activations/llama32_3b/e11_calibration/factors/nar_b128_k16/down_layer_19.pt,658167,3401fce46bdd48280412e417d86c12cdfa1e1d4e67cccf23f5d5197575fcddd6,E11_g128_k16
activations/llama32_3b/e11_calibration/factors/nar_b128_k16/down_layer_20.pt,658167,580457950a59692fc62986d339be6060447cc46ff10076875c40d572866a7740,E11_g128_k16
activations/llama32_3b/e11_calibration/factors/nar_b128_k16/down_layer_21.pt,658167,a6068442f399bed1401a165565a69edffea02803f57c552af5438ac7a9daf2fa,E11_g128_k16
activations/llama32_3b/e11_calibration/factors/nar_b128_k16/down_layer_22.pt,658167,977e6ee0c4269eef224e89869175e601770a4fdb1b6130fe7b02ed5738cc4e41,E11_g128_k16
activations/llama32_3b/e11_calibration/factors/nar_b128_k16/down_layer_23.pt,658167,7743fcfca8e5bc678fa283c9afe828d65229e998bbdd554ef5801c8141d609d2,E11_g128_k16
activations/llama32_3b/e11_calibration/factors/nar_b128_k16/down_layer_24.pt,658167,d487f1cd9c1266435ca606e2d58019ef6862dbc9e333b098297cb4c6422ffb3f,E11_g128_k16
activations/llama32_3b/e11_calibration/factors/nar_b128_k16/down_layer_25.pt,658167,bfab3827dbdc7197ccb85039635aa6194c198a367e65af5f0c3a5832f8b7a6a2,E11_g128_k16
activations/llama32_3b/e11_calibration/factors/nar_b128_k16/down_layer_26.pt,658167,dbc39655fd2106e4e80fc6d672d3edfbfa837ea37dd234250a64cee5d7596542,E11_g128_k16
activations/llama32_3b/e11_calibration/factors/nar_b128_k16/down_layer_27.pt,658167,7f8fd0174256bc11f8adede24a52769e29ef26972d1d440dc3440d7f176d6af8,E11_g128_k16
activations/llama32_3b/e11_calibration/factors/nar_b128_k16/qkv_layer_00.pt,248557,5353afbfad23b79eeaa3083f882918248916440f11a1847f756ce7deeaf90592,E11_g128_k16
activations/llama32_3b/e11_calibration/factors/nar_b128_k16/qkv_layer_01.pt,248557,829ddbbfa49b7f0018f9ab1ded5e930bc4138caa3ae5d2ae577a2e3b4393b6f5,E11_g128_k16
activations/llama32_3b/e11_calibration/factors/nar_b128_k16/qkv_layer_02.pt,248557,aee9a351098539b3279791a505f51b4a1540aedbd06c7c045e5f002c41af5cbd,E11_g128_k16
activations/llama32_3b/e11_calibration/factors/nar_b128_k16/qkv_layer_03.pt,248557,7b44b6927c63f2beca73cd52327fc329df272ce76fe9d1b5028b5366188a3740,E11_g128_k16
activations/llama32_3b/e11_calibration/factors/nar_b128_k16/qkv_layer_04.pt,248557,c83c0065fa29b454b6634985ed3734dfbb95df0ae4d9587404c690a8c43bfe35,E11_g128_k16
activations/llama32_3b/e11_calibration/factors/nar_b128_k16/qkv_layer_05.pt,248557,31b16deda6d9a738f2cc710dad64d1524d0897509274105ee5d45df3c5f9b862,E11_g128_k16
activations/llama32_3b/e11_calibration/factors/nar_b128_k16/qkv_layer_06.pt,248557,9785b0aa0ea2cdd4d26200de65fd2d2f531ab4998a769d4c67997381277a57d7,E11_g128_k16
activations/llama32_3b/e11_calibration/factors/nar_b128_k16/qkv_layer_07.pt,248557,1d28f21a304bf556a94cd3866cb8002aa7d47dc2e0d8737809342f97567f775d,E11_g128_k16
activations/llama32_3b/e11_calibration/factors/nar_b128_k16/qkv_layer_08.pt,248557,ce3668eb3ef5b7ad3a39235e880aa9a9a80aba9f43055918e859be65f11d5119,E11_g128_k16
activations/llama32_3b/e11_calibration/factors/nar_b128_k16/qkv_layer_09.pt,248557,ea634ae27a9da8c3c75a091531cfede81eb1955b94c47cd637e9290ae050e83a,E11_g128_k16
activations/llama32_3b/e11_calibration/factors/nar_b128_k16/qkv_layer_10.pt,248557,708f671cd99117438105841f2e66c054831535495d372db15fcc49a87413c6ea,E11_g128_k16
activations/llama32_3b/e11_calibration/factors/nar_b128_k16/qkv_layer_11.pt,248557,9fcae93483c55c2e318e54313a3fa33d09a5a9292d882a2ea4e1c56564d5a6a8,E11_g128_k16
activations/llama32_3b/e11_calibration/factors/nar_b128_k16/qkv_layer_12.pt,248557,4e79667e1ac8a999d63737b4a637539b37ee4018b5b675d748e20f2a04200d21,E11_g128_k16
activations/llama32_3b/e11_calibration/factors/nar_b128_k16/qkv_layer_13.pt,248557,981cb4ed474c6c3abb05fe7ded553d039c815efdf9fc9f67c0922a9cc4c9da55,E11_g128_k16
activations/llama32_3b/e11_calibration/factors/nar_b128_k16/qkv_layer_14.pt,248557,3df1d25219dae7484804cc46e418b95a719af417cc93905404cedfe229a04cf5,E11_g128_k16
activations/llama32_3b/e11_calibration/factors/nar_b128_k16/qkv_layer_15.pt,248557,c371d6a0ddc7bf5e6160df84cdf4242cff87607826bb9dc35973702f5ef6ff9f,E11_g128_k16
activations/llama32_3b/e11_calibration/factors/nar_b128_k16/qkv_layer_16.pt,248557,1837d3dc9a773ce8a3546864a8cd2420addff47a3774aabd81c8d83dd3c6dee3,E11_g128_k16
activations/llama32_3b/e11_calibration/factors/nar_b128_k16/qkv_layer_17.pt,248557,95ba8dd6461b9c7a652db7443f8e588802754691e129543894b4b17a3f7dcafb,E11_g128_k16
activations/llama32_3b/e11_calibration/factors/nar_b128_k16/qkv_layer_18.pt,248557,f06c8f6685adc634b04df2fd543b681f48881059f4ff97a216acc7be21027087,E11_g128_k16
activations/llama32_3b/e11_calibration/factors/nar_b128_k16/qkv_layer_19.pt,248557,cca90bda52d0d5ea4f34646c9423f2c067089a7128f52fe3d1d830467b01a860,E11_g128_k16
activations/llama32_3b/e11_calibration/factors/nar_b128_k16/qkv_layer_20.pt,248557,1ea32d5c289b070b7da106c8d628c7301cbe46080100dab5bfae12287bb01ec7,E11_g128_k16
activations/llama32_3b/e11_calibration/factors/nar_b128_k16/qkv_layer_21.pt,248557,c9c3402d09b47fae18fc0a12131e76c249fa1427272bdeb7cb2b3e7cd4d409d5,E11_g128_k16
activations/llama32_3b/e11_calibration/factors/nar_b128_k16/qkv_layer_22.pt,248557,a419766143ac804a53892c9d34d9e0eb36c807f04e157a33ca4217992a274905,E11_g128_k16
activations/llama32_3b/e11_calibration/factors/nar_b128_k16/qkv_layer_23.pt,248557,5c2c6f51c9fb1e2bba71dd340e4b07883f68c4d84703c17ab041e15843742666,E11_g128_k16
activations/llama32_3b/e11_calibration/factors/nar_b128_k16/qkv_layer_24.pt,248557,e2a8394c1f8d3522c58acd06d64d44011e816d46ee46cae6d2008a9743650217,E11_g128_k16
activations/llama32_3b/e11_calibration/factors/nar_b128_k16/qkv_layer_25.pt,248557,1ee8370b1c9d54cc9c3ff134b99bd92b7f3437f928daa55b6e8e71b89a6959d7,E11_g128_k16
activations/llama32_3b/e11_calibration/factors/nar_b128_k16/qkv_layer_26.pt,248557,4b73234f129982a453646f006c2e15cb4a8f4f8d3715e98bcbdbf8aed0a9e428,E11_g128_k16
activations/llama32_3b/e11_calibration/factors/nar_b128_k16/qkv_layer_27.pt,248557,cb7b8509b0544880585dfd15a8de6e0ea2aa22c273ea88dfd0b1c0a23e2cc78c,E11_g128_k16
activations/llama32_3b/e11_calibration/factors/nar_b128_k32/down_layer_00.pt,1182455,f3bad5fc03061d3548f08c8e65519820a8d852c45adf5d4fa57e822493477340,E11_g128_k32
activations/llama32_3b/e11_calibration/factors/nar_b128_k32/down_layer_01.pt,1182455,adb5ef6ed2b0b16450b7288e6af9939e1c97a582df3e61c5cfd1eb6d03312e58,E11_g128_k32
activations/llama32_3b/e11_calibration/factors/nar_b128_k32/down_layer_02.pt,1182455,2135bef8768ace44042a2f9ad6b60de7788f48158933ceb7201b9cc9a299ac5e,E11_g128_k32
activations/llama32_3b/e11_calibration/factors/nar_b128_k32/down_layer_03.pt,1182455,b771dd4edffd6e1a144af3090e64403e290dc509a95e889cfaa8cc72d5031ecd,E11_g128_k32
activations/llama32_3b/e11_calibration/factors/nar_b128_k32/down_layer_04.pt,1182455,a2eb7cba79714eae1b1259efd52a80c1b7cd014019c4671088ab6d8dcff50712,E11_g128_k32
activations/llama32_3b/e11_calibration/factors/nar_b128_k32/down_layer_05.pt,1182455,a96ed805e2c39c1f8f099b8a395e8644c83abe181be50176864ddea69c110f42,E11_g128_k32
activations/llama32_3b/e11_calibration/factors/nar_b128_k32/down_layer_06.pt,1182455,fada095c7a553f607ed95b49ab5b48fcdb7acf1588c1203bc57e87ad4c15fb02,E11_g128_k32
activations/llama32_3b/e11_calibration/factors/nar_b128_k32/down_layer_07.pt,1182455,0714abd6aedd225ae5377a40aaf5a7bb3ea2ee331564925d195598ad5c41f959,E11_g128_k32
activations/llama32_3b/e11_calibration/factors/nar_b128_k32/down_layer_08.pt,1182455,6cd7fc2fcfa80dd5849ff530a2b7ed3694795c13ac5cf6018a7eb1882e90ee27,E11_g128_k32
activations/llama32_3b/e11_calibration/factors/nar_b128_k32/down_layer_09.pt,1182455,b70a5fd32e1f120abb48caac1c5e2b9b2cc8e9ee87a20fb83b0b4e8b74668503,E11_g128_k32
activations/llama32_3b/e11_calibration/factors/nar_b128_k32/down_layer_10.pt,1182455,4c5fae320cdba3899e19102c959775fd68a54e34bac07743e2c0ce13fd3d3428,E11_g128_k32
activations/llama32_3b/e11_calibration/factors/nar_b128_k32/down_layer_11.pt,1182455,05a5eb46c4bb0c39568df9ad3f52757a24b72f851a53ed0aae9c77b853f0c968,E11_g128_k32
activations/llama32_3b/e11_calibration/factors/nar_b128_k32/down_layer_12.pt,1182455,d29feea8bcd299d1f3aa300f8423bb20ecf93d20e1b6760545bb0b24ea76c525,E11_g128_k32
activations/llama32_3b/e11_calibration/factors/nar_b128_k32/down_layer_13.pt,1182455,7b6ff005e754fc357c4559c6f66f95b3f152fbebcbff30308307732646e57d5a,E11_g128_k32
activations/llama32_3b/e11_calibration/factors/nar_b128_k32/down_layer_14.pt,1182455,117d35b70709b151f7e65c41f1238c176dad3a539aed6028b00825283d94d09a,E11_g128_k32
activations/llama32_3b/e11_calibration/factors/nar_b128_k32/down_layer_15.pt,1182455,62b7ad7fc9e76f5c97c0df3f61739495c8c6feb36cc215a02576823095df01a1,E11_g128_k32
activations/llama32_3b/e11_calibration/factors/nar_b128_k32/down_layer_16.pt,1182455,ffe2f820df46179838e7c10d25fac90bab9e218b2aa6e334c8a57b41f5e161a4,E11_g128_k32
activations/llama32_3b/e11_calibration/factors/nar_b128_k32/down_layer_17.pt,1182455,f7a48740d2132c3aae5a4459f86b4587344c735b214387ad3394c1b0987c9da7,E11_g128_k32
activations/llama32_3b/e11_calibration/factors/nar_b128_k32/down_layer_18.pt,1182455,59e7078573ae378ca9821820a78501b24e45337ff78f606029544616045a93bc,E11_g128_k32
activations/llama32_3b/e11_calibration/factors/nar_b128_k32/down_layer_19.pt,1182455,47e6d0ab23d5e0bbaddee88e711ac711416679b546f91b3eb4138e51a7b026f5,E11_g128_k32
activations/llama32_3b/e11_calibration/factors/nar_b128_k32/down_layer_20.pt,1182455,e94cd78bfb729d79db575e9d6bef2b589814b2451d9bd440efaf8edd7de8b943,E11_g128_k32
activations/llama32_3b/e11_calibration/factors/nar_b128_k32/down_layer_21.pt,1182455,ede32f485988062cc39d7ef350b535b8647731cc351047b536c6efef40a9d8f5,E11_g128_k32
activations/llama32_3b/e11_calibration/factors/nar_b128_k32/down_layer_22.pt,1182455,91d5088beabe10bf26bf084ce50d0a0f3165a42da2960edc1ca6061f6fb2bc1f,E11_g128_k32
activations/llama32_3b/e11_calibration/factors/nar_b128_k32/down_layer_23.pt,1182455,46c3724c6253a8d88384fd504aa76c13e8798cf3205334c1dffc087a2f24d6cd,E11_g128_k32
activations/llama32_3b/e11_calibration/factors/nar_b128_k32/down_layer_24.pt,1182455,4e80d72c4c7673d35b046f3cb58bde3e4b58648f460fe3be452f2aab60c1f5fb,E11_g128_k32
activations/llama32_3b/e11_calibration/factors/nar_b128_k32/down_layer_25.pt,1182455,11ee4e9c7b8ba88d4fdb2deaa628af6632c6ba2b86eb3ec72366c97372191102,E11_g128_k32
activations/llama32_3b/e11_calibration/factors/nar_b128_k32/down_layer_26.pt,1182455,cf05574bfd2d2462c92583c16475e08e77b746c949ae170eb44e3686504daaae,E11_g128_k32
activations/llama32_3b/e11_calibration/factors/nar_b128_k32/down_layer_27.pt,1182455,7df7da1ea6eb4b9756b4dc887e5d40d5c705fe1b6963d1c5b86056e7cae31cac,E11_g128_k32
activations/llama32_3b/e11_calibration/factors/nar_b128_k32/qkv_layer_00.pt,346861,94620994ba7fd5f381a172fd51a9199381ddfbab3be83bad08052fd4faad8532,E11_g128_k32
activations/llama32_3b/e11_calibration/factors/nar_b128_k32/qkv_layer_01.pt,346861,faa9569a7ee5c2c774b1840dbe3d7a60f1dbe5e9743c724ab2ecc27617624f7f,E11_g128_k32
activations/llama32_3b/e11_calibration/factors/nar_b128_k32/qkv_layer_02.pt,346861,3f5caf736e56d493ba46bc9b50e24b46c018658cd38e37ad6f7dc796f7dcb9dd,E11_g128_k32
activations/llama32_3b/e11_calibration/factors/nar_b128_k32/qkv_layer_03.pt,346861,7db49e538ba8e12d25b685fdddd529060bda1ea961b009a398d3b400d70f16b0,E11_g128_k32
activations/llama32_3b/e11_calibration/factors/nar_b128_k32/qkv_layer_04.pt,346861,f821ed64110ffe36d4bd0272927b7dd76a8336e3b7671e623bcb3030426fb299,E11_g128_k32
activations/llama32_3b/e11_calibration/factors/nar_b128_k32/qkv_layer_05.pt,346861,2fd942c63e12aeb57a677592290a7132e72080856ca99ceb6c8bc61d2ca6716c,E11_g128_k32
activations/llama32_3b/e11_calibration/factors/nar_b128_k32/qkv_layer_06.pt,346861,17b08ce5622deb7a9c2819d041fc8e9333adde2bbf508ab9ccfe9dc841aafe9f,E11_g128_k32
activations/llama32_3b/e11_calibration/factors/nar_b128_k32/qkv_layer_07.pt,346861,4f20a3f7aa76fe1c6d1c93e0b39867f121abc159e4ebdf4bb8cc421555925d68,E11_g128_k32
activations/llama32_3b/e11_calibration/factors/nar_b128_k32/qkv_layer_08.pt,346861,6467ba8ba2e617de4ad5ab9d47e3094275d6d7d5410612cdf9a8e6535e8f18ac,E11_g128_k32
activations/llama32_3b/e11_calibration/factors/nar_b128_k32/qkv_layer_09.pt,346861,e8ed2d3cca54239c75963feeb6b23d7515c90b664407f4dd4d63bdf85a4775d9,E11_g128_k32
activations/llama32_3b/e11_calibration/factors/nar_b128_k32/qkv_layer_10.pt,346861,7e4ccfd936e20fbbb81f7977e3529cd6131dd5c93df975f61fba405ae582117c,E11_g128_k32
activations/llama32_3b/e11_calibration/factors/nar_b128_k32/qkv_layer_11.pt,346861,ef087f38e53f93f79dadd4fb7986e1cf08402a9950fed1bdcac690a40e17dbf2,E11_g128_k32
activations/llama32_3b/e11_calibration/factors/nar_b128_k32/qkv_layer_12.pt,346861,5ca33aa426a7a99e3f4ae54de85d29f1b3e08c763e9ab3cf3262041cc25528be,E11_g128_k32
activations/llama32_3b/e11_calibration/factors/nar_b128_k32/qkv_layer_13.pt,346861,5f2b46c5ffd4c32d1819a9e3fe4afeca31aa6aeac191bf1e8932b9bfcffaa4ef,E11_g128_k32
activations/llama32_3b/e11_calibration/factors/nar_b128_k32/qkv_layer_14.pt,346861,6e746236c6e09b51c406d0db134b1d44bb92b956b0c50a11692c77c441574e35,E11_g128_k32
activations/llama32_3b/e11_calibration/factors/nar_b128_k32/qkv_layer_15.pt,346861,91636f6748eaf85c2e0a5238659c643154f4d602e0944f2fd93c1fb4c72a197f,E11_g128_k32
activations/llama32_3b/e11_calibration/factors/nar_b128_k32/qkv_layer_16.pt,346861,69d9709b4d2158bfdfabd780be3b4b52cc933a9412de4a4ed10ffe5508b85597,E11_g128_k32
activations/llama32_3b/e11_calibration/factors/nar_b128_k32/qkv_layer_17.pt,346861,211a3286ed423a1720cdec630fcab3076453cdf6447c206ff33c581ee0bc0b60,E11_g128_k32
activations/llama32_3b/e11_calibration/factors/nar_b128_k32/qkv_layer_18.pt,346861,6dce86a8997e24c23402a8a3f03f54d5e4082a08eb4eb849f0f8dcfb259fb24c,E11_g128_k32
activations/llama32_3b/e11_calibration/factors/nar_b128_k32/qkv_layer_19.pt,346861,62f3ba37bcd0c4843a713d2ad32dcd2b7449dd2c37439667c36ab327bf25ba37,E11_g128_k32
activations/llama32_3b/e11_calibration/factors/nar_b128_k32/qkv_layer_20.pt,346861,b9df48c44549b88168399fc99165b02d28b58456029a17132d787fc9182d750a,E11_g128_k32
activations/llama32_3b/e11_calibration/factors/nar_b128_k32/qkv_layer_21.pt,346861,0c4455adb76a3ec78970675f91c00485ba48857788c0b656f732bb815a90c8e9,E11_g128_k32
activations/llama32_3b/e11_calibration/factors/nar_b128_k32/qkv_layer_22.pt,346861,6f2c9de12f1b760395161130a7c2f6d7e26da8ed4b09405f41f8366821372530,E11_g128_k32
activations/llama32_3b/e11_calibration/factors/nar_b128_k32/qkv_layer_23.pt,346861,0f9ee2329db03afe389cbd65dbe3367378579e3b7cf470dddfa59a62cefef7a9,E11_g128_k32
activations/llama32_3b/e11_calibration/factors/nar_b128_k32/qkv_layer_24.pt,346861,22c35d412b411930b057a8e07479b041a81d30cdd9915c9854962aa5a8cfaed4,E11_g128_k32
activations/llama32_3b/e11_calibration/factors/nar_b128_k32/qkv_layer_25.pt,346861,8b260c364c4391219421a5040be7fe9f6bb349abac4d6b63be370dde41d5efa1,E11_g128_k32
activations/llama32_3b/e11_calibration/factors/nar_b128_k32/qkv_layer_26.pt,346861,f06567dee24fc78c2222d47ee0369a2acc6bb673fef13c38c2fe09bbabb428be,E11_g128_k32
activations/llama32_3b/e11_calibration/factors/nar_b128_k32/qkv_layer_27.pt,346861,b7db7803f14fc9173a13c64b422637004770cb28ecc7ad59688a8a26e862bb89,E11_g128_k32
activations/llama32_3b/e11_calibration/factors/nar_b128_k8/down_layer_00.pt,396023,e3e82715ce8c9d9b88c81b10bb7fc79b3a1d9c85bb4646f5c505266d163155a9,E11_g128_k8
activations/llama32_3b/e11_calibration/factors/nar_b128_k8/down_layer_01.pt,396023,a0ad6195535ce2e322ccacf1d60de8be537b43c3cf60ef0484e7d76ab04e6f21,E11_g128_k8
activations/llama32_3b/e11_calibration/factors/nar_b128_k8/down_layer_02.pt,396023,2bc43801263e8312f75e2667143d4c9a3016d3fe013a896adfff3135f423c2f6,E11_g128_k8
activations/llama32_3b/e11_calibration/factors/nar_b128_k8/down_layer_03.pt,396023,eee341f1c689cadef738ac5fa9e056a5aa1b0be3234a421c37b889f43c2c8cb3,E11_g128_k8
activations/llama32_3b/e11_calibration/factors/nar_b128_k8/down_layer_04.pt,396023,af425a22848722c776e7d12f5d440ec50b6a3e85de524ee1a752d6f5252d9550,E11_g128_k8
activations/llama32_3b/e11_calibration/factors/nar_b128_k8/down_layer_05.pt,396023,aaf74c810fafa1eebe7e5b0bcc54168188a19afecc5d8f7ff97449c35a9a2871,E11_g128_k8
activations/llama32_3b/e11_calibration/factors/nar_b128_k8/down_layer_06.pt,396023,692cb771625988450e82f88fd95d1d1e0c70bc299f95f7c419b427cf70cf3515,E11_g128_k8
activations/llama32_3b/e11_calibration/factors/nar_b128_k8/down_layer_07.pt,396023,7e195fecdd00a51f313ffb4b2569f6ce79043b536b324749673af6d23ead90c3,E11_g128_k8
activations/llama32_3b/e11_calibration/factors/nar_b128_k8/down_layer_08.pt,396023,cd7a22bc26495e0ace09675aada48e6e37dfd2c8132e76b5a8734c1ecaa08a3b,E11_g128_k8
activations/llama32_3b/e11_calibration/factors/nar_b128_k8/down_layer_09.pt,396023,b28d5948812209e14dcf9e63e5df9b4b4aca7717434755a7a3d9241577030f7e,E11_g128_k8
activations/llama32_3b/e11_calibration/factors/nar_b128_k8/down_layer_10.pt,396023,3364e09cc28b6f66ae4696ae6c549c135c786205399a7bda59bccbf9c9a44d8a,E11_g128_k8
activations/llama32_3b/e11_calibration/factors/nar_b128_k8/down_layer_11.pt,396023,be5247156b4d2c2dbbc9d34fdfadaf0cfd3e08f8b4002977db385265a7238f4c,E11_g128_k8
activations/llama32_3b/e11_calibration/factors/nar_b128_k8/down_layer_12.pt,396023,c83950def3e73676a36ded8e9dd008d6d79563075653a4847ca50154125082f0,E11_g128_k8
activations/llama32_3b/e11_calibration/factors/nar_b128_k8/down_layer_13.pt,396023,25849290e543a6952b8223ea10ab95e08de09b4942f7fce3ba6e2695dae0b9e6,E11_g128_k8
activations/llama32_3b/e11_calibration/factors/nar_b128_k8/down_layer_14.pt,396023,485e31841e28cb2f8594816afffccffde42cfb01ccddadabb27649d9bf0da3d3,E11_g128_k8
activations/llama32_3b/e11_calibration/factors/nar_b128_k8/down_layer_15.pt,396023,d7b7da56d25c872f9c5f254a49d5aaa85201ad29a3b54e352b3b65f026e90452,E11_g128_k8
activations/llama32_3b/e11_calibration/factors/nar_b128_k8/down_layer_16.pt,396023,ce30abc08e65592b86a3b908874d37647d3e77af3c6cccccba20d3ab0061c3eb,E11_g128_k8
activations/llama32_3b/e11_calibration/factors/nar_b128_k8/down_layer_17.pt,396023,d76fe8755daad027eb16d26b14ad9e0f996e23a139db064140b628105471cebb,E11_g128_k8
activations/llama32_3b/e11_calibration/factors/nar_b128_k8/down_layer_18.pt,396023,5c2d8ed302d90d6daa707c6f43ac61410774d85692a17ca776e46122c8664a16,E11_g128_k8
activations/llama32_3b/e11_calibration/factors/nar_b128_k8/down_layer_19.pt,396023,8cf8020d3bf603ae1ddf8ed949dcddd8f11b99d4da2fafc99ce9213893f73d83,E11_g128_k8
activations/llama32_3b/e11_calibration/factors/nar_b128_k8/down_layer_20.pt,396023,44315ac66d0a812760eb1b81c1941f5530870eb2fedc9be0d65ce5efaeefe1cd,E11_g128_k8
activations/llama32_3b/e11_calibration/factors/nar_b128_k8/down_layer_21.pt,396023,74484743f69246a1650a48f2c9e1fa80f7d886ab512799a23100f9a12f7e2b2f,E11_g128_k8
activations/llama32_3b/e11_calibration/factors/nar_b128_k8/down_layer_22.pt,396023,9d86aafd9640e61231ed9e2dc8dae2912c1325e2882db187d2bdf4e9170c8004,E11_g128_k8
activations/llama32_3b/e11_calibration/factors/nar_b128_k8/down_layer_23.pt,396023,a1a2d6190f51c45fed69c55f3f9d35658a45410a55e1c9c158c57f04faa457a6,E11_g128_k8
activations/llama32_3b/e11_calibration/factors/nar_b128_k8/down_layer_24.pt,396023,9f3bd1600874d7ff6cd560f7222443d4ef8ae223bf145898b472f623572c0069,E11_g128_k8
activations/llama32_3b/e11_calibration/factors/nar_b128_k8/down_layer_25.pt,396023,f4bd74aeeb147e4f7073750f1e0739a11c6398d67010f164c63c5403c09d87f9,E11_g128_k8
activations/llama32_3b/e11_calibration/factors/nar_b128_k8/down_layer_26.pt,396023,69faa1f11549930acd247c006a7bd7e6a6559347c16892e9305c940a6b83f96d,E11_g128_k8
activations/llama32_3b/e11_calibration/factors/nar_b128_k8/down_layer_27.pt,396023,64c966bb938b913bdbf8e6c8cb2274c857b4573456e706af8f4619ee0214362c,E11_g128_k8
activations/llama32_3b/e11_calibration/factors/nar_b128_k8/qkv_layer_00.pt,150253,f1a2e72dbc8bf5117a8d3950de3a70e8969edb4b5907da43d6f7ab9dd99ca4b0,E11_g128_k8
activations/llama32_3b/e11_calibration/factors/nar_b128_k8/qkv_layer_01.pt,150253,43ede111d24220430f95b527c65ad9ac93bcf8035ccfa3e1ecbd1127cc055da1,E11_g128_k8
activations/llama32_3b/e11_calibration/factors/nar_b128_k8/qkv_layer_02.pt,150253,32dec563a25d1cdf055f58431942382f1dc891cb62d58b8383caad5725ff014d,E11_g128_k8
activations/llama32_3b/e11_calibration/factors/nar_b128_k8/qkv_layer_03.pt,150253,4c1f1491d86cc9ab3a91b20597e950e10f238c8fa7261fdc86a99eb060aecb76,E11_g128_k8
activations/llama32_3b/e11_calibration/factors/nar_b128_k8/qkv_layer_04.pt,150253,3a23ee78cc8e97de95e47e5843480f3eb8b65e2975fab2cf8b568d05f5711d31,E11_g128_k8
activations/llama32_3b/e11_calibration/factors/nar_b128_k8/qkv_layer_05.pt,150253,26b3f5d869e3498e20f7054c69120f8a8ac70a02561279bdfb14eef61f940309,E11_g128_k8
activations/llama32_3b/e11_calibration/factors/nar_b128_k8/qkv_layer_06.pt,150253,c7ff0222bcc6ae46da827dd29fa3a0f15d9773c48cb60bf086200bf5af56adc2,E11_g128_k8
activations/llama32_3b/e11_calibration/factors/nar_b128_k8/qkv_layer_07.pt,150253,8fc41ec580eade889540ef789954cff167b14f240374213abf8ce50885f7bff6,E11_g128_k8
activations/llama32_3b/e11_calibration/factors/nar_b128_k8/qkv_layer_08.pt,150253,561871544e77fb3e9542535bf63ac4d9a7db871963d009e4ad8367f4b605a5a0,E11_g128_k8
activations/llama32_3b/e11_calibration/factors/nar_b128_k8/qkv_layer_09.pt,150253,ea5f56331b90ba45ddb6be3be6040810112c5802664550d5e62b4e4fa9e18ce9,E11_g128_k8
activations/llama32_3b/e11_calibration/factors/nar_b128_k8/qkv_layer_10.pt,150253,f0d93225c3028268b9e7f86b111730ac3918199bc7b8fe2316dd927b92579fa8,E11_g128_k8
activations/llama32_3b/e11_calibration/factors/nar_b128_k8/qkv_layer_11.pt,150253,7877e4ad773a1b1f12aff94e1dbd04ab5eadc1d2767889f08d5ddd42b3767ffe,E11_g128_k8
activations/llama32_3b/e11_calibration/factors/nar_b128_k8/qkv_layer_12.pt,150253,ca5e17a5af9b015ecede5f0716bd21229cd9a2bf1f1fb44b8a992cf43611a639,E11_g128_k8
activations/llama32_3b/e11_calibration/factors/nar_b128_k8/qkv_layer_13.pt,150253,86f5e7c52a3a76864cb26a0a0f95d583fcf9cd7625446db455b88cbc892bc256,E11_g128_k8
activations/llama32_3b/e11_calibration/factors/nar_b128_k8/qkv_layer_14.pt,150253,b23ec4f3cd073f087c42e99835ace4550493719d875aff1994212d2383de8e6c,E11_g128_k8
activations/llama32_3b/e11_calibration/factors/nar_b128_k8/qkv_layer_15.pt,150253,ea570f62691825e9cbe6a7568405f1c54a804b59b853d800db508f92a686d863,E11_g128_k8
activations/llama32_3b/e11_calibration/factors/nar_b128_k8/qkv_layer_16.pt,150253,efbef472218d614d5dee16126aef478f7eb0458e13fd80093c8520e02471a455,E11_g128_k8
activations/llama32_3b/e11_calibration/factors/nar_b128_k8/qkv_layer_17.pt,150253,c46136812db783f11bcb75f21ec267a28e0f0862a15ebcb00419766178bf4419,E11_g128_k8
activations/llama32_3b/e11_calibration/factors/nar_b128_k8/qkv_layer_18.pt,150253,f334e76bfa48973b6f4bc8ff2c08d2db43ee9414ee0b1216e0d412793e9823ea,E11_g128_k8
activations/llama32_3b/e11_calibration/factors/nar_b128_k8/qkv_layer_19.pt,150253,a1b019bdbf178e1aa6f5330980f8dd40ffa6711062a24de0143c36beceaf7f64,E11_g128_k8
activations/llama32_3b/e11_calibration/factors/nar_b128_k8/qkv_layer_20.pt,150253,2400601784ece035e1e2bd073a15ba33654673428b93d3e9e143b46301fe3339,E11_g128_k8
activations/llama32_3b/e11_calibration/factors/nar_b128_k8/qkv_layer_21.pt,150253,d9978acce1474a181d9314c533a342aa1f5c079a207cf0d0598a43e3e9498130,E11_g128_k8
activations/llama32_3b/e11_calibration/factors/nar_b128_k8/qkv_layer_22.pt,150253,d2a44c2118633931a61b492c554cd3c79ccb41265fb900eab04f42a55d53b404,E11_g128_k8
activations/llama32_3b/e11_calibration/factors/nar_b128_k8/qkv_layer_23.pt,150253,2690c93bcf02398500a202948445760891f2e93daac0999caefd731611cf55fe,E11_g128_k8
activations/llama32_3b/e11_calibration/factors/nar_b128_k8/qkv_layer_24.pt,150253,75768dda1969171bc0063414efcbc6b369e92625a5ccc704e74bcbb687f314cb,E11_g128_k8
activations/llama32_3b/e11_calibration/factors/nar_b128_k8/qkv_layer_25.pt,150253,226bd4201c70faf14de80492e2b7ebc4136cd4b659e0d6233fb61ea18d5f7552,E11_g128_k8
activations/llama32_3b/e11_calibration/factors/nar_b128_k8/qkv_layer_26.pt,150253,c9b90fbe825c82d63ff49c87aad2519b33b560e47470748c6bcb283d82d72860,E11_g128_k8
activations/llama32_3b/e11_calibration/factors/nar_b128_k8/qkv_layer_27.pt,150253,863ba4b19ab9967b52a3dc55fe798848d8061c66fb86ede9fae1a18cddd47b84,E11_g128_k8
activations/llama32_3b/e11_calibration/factors/nar_b256_kmax/down_layer_00.pt,1182455,dc2030db2514412cdc8bb8e6d3549f6c1f46a85bcbd047b33744938624e3c7bf,E11_g256_kmax
activations/llama32_3b/e11_calibration/factors/nar_b256_kmax/down_layer_01.pt,1182455,0b1011032f5d4f1e8fdef05e5c6fadaec813cae95c763b9978060ca0902cd212,E11_g256_kmax
activations/llama32_3b/e11_calibration/factors/nar_b256_kmax/down_layer_02.pt,1182455,18f7572e07420cdf1b6a0aa19466a1fa97d42f4361939d369464ffe6c7fc1873,E11_g256_kmax
activations/llama32_3b/e11_calibration/factors/nar_b256_kmax/down_layer_03.pt,1182455,0cafebd5392fe6d761fbf36c6faf63ff721c9da91d40998a2df986746d78d8e8,E11_g256_kmax
activations/llama32_3b/e11_calibration/factors/nar_b256_kmax/down_layer_04.pt,1182455,585cb8604d6dd14a3b641282aed456ee3a5adfb2d71ded14201b9d1d1c2d75fb,E11_g256_kmax
activations/llama32_3b/e11_calibration/factors/nar_b256_kmax/down_layer_05.pt,1182455,54535088f1aebd1a1112a84a935f6272bf1bed6a386b04dce4000c47fc00eeab,E11_g256_kmax
activations/llama32_3b/e11_calibration/factors/nar_b256_kmax/down_layer_06.pt,1182455,ad3a0fc6cb12ccb1fd78bd3114a97216ba86a837e627bcfc2df5c143d6b70710,E11_g256_kmax
activations/llama32_3b/e11_calibration/factors/nar_b256_kmax/down_layer_07.pt,1182455,ca9be4129439bdd1e0435fc6c44055520927c0d117a9e596efa9a1e3017f35c3,E11_g256_kmax
activations/llama32_3b/e11_calibration/factors/nar_b256_kmax/down_layer_08.pt,1182455,731f25f9cdab7ef713df5ef61414f987f13477397df3d214ec5be6c744a16473,E11_g256_kmax
activations/llama32_3b/e11_calibration/factors/nar_b256_kmax/down_layer_09.pt,1182455,2179ba915cbe6c1542dd1d919b64dc39d40e4911b2b2e0d3a7890f3805927790,E11_g256_kmax
activations/llama32_3b/e11_calibration/factors/nar_b256_kmax/down_layer_10.pt,1182455,659b8b70c2c44dabd8c4984617a68147ec4f6942604df79be3580afc5b1261c1,E11_g256_kmax
activations/llama32_3b/e11_calibration/factors/nar_b256_kmax/down_layer_11.pt,1182455,7df5f8e3c64c6b10f00864c1eb5569f3b019e67b92d79051556c5741df815b8d,E11_g256_kmax
activations/llama32_3b/e11_calibration/factors/nar_b256_kmax/down_layer_12.pt,1182455,2915d745e9fbe3527de3532185f6662d3b9d7c28d6f34f1dc9de946548271270,E11_g256_kmax
activations/llama32_3b/e11_calibration/factors/nar_b256_kmax/down_layer_13.pt,1182455,6a585f666c96e30b4794997bd59b05a81fa71855c8431fa19f5ebeba564ce19a,E11_g256_kmax
activations/llama32_3b/e11_calibration/factors/nar_b256_kmax/down_layer_14.pt,1182455,d7c6683e7590d6755090be7dba39eb7879b069fda0fb1fa70bc0214e6f96e824,E11_g256_kmax
activations/llama32_3b/e11_calibration/factors/nar_b256_kmax/down_layer_15.pt,1182455,2ce60bf0f917a4761a794e0fdbbf55568126d7ed72b09f2abe302919819bda81,E11_g256_kmax
activations/llama32_3b/e11_calibration/factors/nar_b256_kmax/down_layer_16.pt,1182455,8f08bb7f2ac3c6d2afe19839d3acd1cf1f398b04e48d7901dd6ed398e5987034,E11_g256_kmax
activations/llama32_3b/e11_calibration/factors/nar_b256_kmax/down_layer_17.pt,1182455,e443ea07c5f03a75c93929d49cd2480814a6d34de79b7618a2b5c1e50db9d898,E11_g256_kmax
activations/llama32_3b/e11_calibration/factors/nar_b256_kmax/down_layer_18.pt,1182455,d935e22fbca73fad6a47481c35d31a622e8299f41183b345fab214db9825d99f,E11_g256_kmax
activations/llama32_3b/e11_calibration/factors/nar_b256_kmax/down_layer_19.pt,1182455,c28b75a82e31a719deb6abd80430b11d1c0317a7f0cc8cdf905173c73d3151bf,E11_g256_kmax
activations/llama32_3b/e11_calibration/factors/nar_b256_kmax/down_layer_20.pt,1182455,6fc68ec61cb6ad748b11404f7dbfffd0fe978de5dd66e0be63d1e8adc2b3beb8,E11_g256_kmax
activations/llama32_3b/e11_calibration/factors/nar_b256_kmax/down_layer_21.pt,1182455,8927b02d00ab36437a5ba04e2fed783eabb6334ad14bdc05c5a89994a0fe7070,E11_g256_kmax
activations/llama32_3b/e11_calibration/factors/nar_b256_kmax/down_layer_22.pt,1182455,dc32ceac4d46c74ab23907a0c803edd110f4e7d5fd46b3302ac9901b5d1cde05,E11_g256_kmax
activations/llama32_3b/e11_calibration/factors/nar_b256_kmax/down_layer_23.pt,1182455,35c026b8c148999d7da2fbc59a3512b2d1be1fb9b1a9ba08b7f1e972445635ee,E11_g256_kmax
activations/llama32_3b/e11_calibration/factors/nar_b256_kmax/down_layer_24.pt,1182455,bd5622535256e5af1464bd70a2fcfa880596303cee25530c034d2ba6021e6491,E11_g256_kmax
activations/llama32_3b/e11_calibration/factors/nar_b256_kmax/down_layer_25.pt,1182455,a8d3a27c8700c1366ebeedebfa6a88131aed492d21d2c87a2e200d980a25787a,E11_g256_kmax
activations/llama32_3b/e11_calibration/factors/nar_b256_kmax/down_layer_26.pt,1182455,a97ea4659dc99c80ea016b9762cfb8cca0d07273519acc1ecf5732cb5dd05c9a,E11_g256_kmax
activations/llama32_3b/e11_calibration/factors/nar_b256_kmax/down_layer_27.pt,1182455,893de13cbf9644ef452b8c43b1c20afd7bee48e86227db819c2400a899a11360,E11_g256_kmax
activations/llama32_3b/e11_calibration/factors/nar_b256_kmax/qkv_layer_00.pt,199405,2eea2dbd517d327c0e6d0f8609817bb75f8c55a8c1b09e3cc212e1c5da6952f6,E11_g256_kmax
activations/llama32_3b/e11_calibration/factors/nar_b256_kmax/qkv_layer_01.pt,199405,16b7e240402da7741b8d8debacd6098f96f02fd8e79dca8a9f94769b460f9903,E11_g256_kmax
activations/llama32_3b/e11_calibration/factors/nar_b256_kmax/qkv_layer_02.pt,199405,08f493f0bc7a45d0b7e365858903ee0a599dccf9639ad8916bc72e34710d35e8,E11_g256_kmax
activations/llama32_3b/e11_calibration/factors/nar_b256_kmax/qkv_layer_03.pt,199405,b9ed3c251348b72a02eeeaa8c262cceb83b827a908572cf2af087fae72e958f7,E11_g256_kmax
activations/llama32_3b/e11_calibration/factors/nar_b256_kmax/qkv_layer_04.pt,199405,34e619c2b397450645a889b16e30b7bc568a8a820272f0e27070c0672bb54149,E11_g256_kmax
activations/llama32_3b/e11_calibration/factors/nar_b256_kmax/qkv_layer_05.pt,199405,80c049a7f7e3a3bbcdd65b45331a40bc764cb33e38ea48cac8c360fbdabe10ee,E11_g256_kmax
activations/llama32_3b/e11_calibration/factors/nar_b256_kmax/qkv_layer_06.pt,199405,8bfb0050087e825a2198f2817f8ff6416ac6a53231e84f2edd45900d5d452649,E11_g256_kmax
activations/llama32_3b/e11_calibration/factors/nar_b256_kmax/qkv_layer_07.pt,199405,2a90b6dc19446b52686d8d136d5cfbfb29789fa5db1ec44d794b4450b7e1c972,E11_g256_kmax
activations/llama32_3b/e11_calibration/factors/nar_b256_kmax/qkv_layer_08.pt,199405,d6b101a7caae75a89880aaa9a8bd3af73d8aa9bdb2ca4f69123c7693fca4e9d4,E11_g256_kmax
activations/llama32_3b/e11_calibration/factors/nar_b256_kmax/qkv_layer_09.pt,199405,382fa10e9227047be487ce0fe0d29a410fa43a0fe3eb4f5107c79df05c68a476,E11_g256_kmax
activations/llama32_3b/e11_calibration/factors/nar_b256_kmax/qkv_layer_10.pt,199405,a1756abd2811903a2b6bcd09f23b43804118601e055ed2d2f2864f9d265b5cf8,E11_g256_kmax
activations/llama32_3b/e11_calibration/factors/nar_b256_kmax/qkv_layer_11.pt,199405,2e0d43087ea400a755ec03d73de9f387469e4dc8ddb929a2086f88e264b7ec1f,E11_g256_kmax
activations/llama32_3b/e11_calibration/factors/nar_b256_kmax/qkv_layer_12.pt,199405,8842ace0ea6b0589cbd3fc8dd0c39bc52924a09681f9d18b10814ec4ae3e5c4b,E11_g256_kmax
activations/llama32_3b/e11_calibration/factors/nar_b256_kmax/qkv_layer_13.pt,199405,8589e0ab5008048040914fdb4a5c6b40cfcac7d1771ce7da905bbfaad6c42072,E11_g256_kmax
activations/llama32_3b/e11_calibration/factors/nar_b256_kmax/qkv_layer_14.pt,199405,aa408643a68ba4acf4cf6cb63c026420f43c3a4159afebcc2bc2ce4fd13bc9d4,E11_g256_kmax
activations/llama32_3b/e11_calibration/factors/nar_b256_kmax/qkv_layer_15.pt,199405,5210cf3ce672f258da99ed523d6a3371cc8e39d9f02b9e4e9e358c44f85ec7bf,E11_g256_kmax
activations/llama32_3b/e11_calibration/factors/nar_b256_kmax/qkv_layer_16.pt,199405,7fc69877589b780db6f9cdc6e93a4c0b389da4d984a8902f0291126c1cac80d4,E11_g256_kmax
activations/llama32_3b/e11_calibration/factors/nar_b256_kmax/qkv_layer_17.pt,199405,b12d9bd9f929ca4dbf11d83755fc2367ecf0038b4463ca739d422a47bba3c8ff,E11_g256_kmax
activations/llama32_3b/e11_calibration/factors/nar_b256_kmax/qkv_layer_18.pt,199405,3978d14535450d4118f32302db077166e893ca7dd320c19ef6144a077647096f,E11_g256_kmax
activations/llama32_3b/e11_calibration/factors/nar_b256_kmax/qkv_layer_19.pt,199405,afdb88be58c6f22a38940579ae2201e8273a1388a5bd47f5df97004d283caad9,E11_g256_kmax
activations/llama32_3b/e11_calibration/factors/nar_b256_kmax/qkv_layer_20.pt,199405,fdff054bacc8761cbad3dbeef72df12684c6f038d2fc8848b06f1a9a2feb045d,E11_g256_kmax
activations/llama32_3b/e11_calibration/factors/nar_b256_kmax/qkv_layer_21.pt,199405,fdeabad389bf9679c102789f63cdaf1a427bcb3a05ac1ce9a7ad852ef6932ea5,E11_g256_kmax
activations/llama32_3b/e11_calibration/factors/nar_b256_kmax/qkv_layer_22.pt,199405,aeba0ac5fdbdf9562833245d59d82d8f97a8d4c56cd1de8f175385549e0331cc,E11_g256_kmax
activations/llama32_3b/e11_calibration/factors/nar_b256_kmax/qkv_layer_23.pt,199405,5a5a95efd3ca7a4a4bf25cf7dd2e16cfea6d3cfb93425dacb496a161d3dbc7c9,E11_g256_kmax
activations/llama32_3b/e11_calibration/factors/nar_b256_kmax/qkv_layer_24.pt,199405,2167e09bd553af55c0a8423d895f940f7f57e8ca437865a0c3c415c3428be531,E11_g256_kmax
activations/llama32_3b/e11_calibration/factors/nar_b256_kmax/qkv_layer_25.pt,199405,4597039dfec08dfd42b5ceb5ed06b8142c344bdf5f96ae81215b46dc3fd5f206,E11_g256_kmax
activations/llama32_3b/e11_calibration/factors/nar_b256_kmax/qkv_layer_26.pt,199405,cb36d63b20f66255da79943477f0a25be3d810cf6a928b8ae92f60324c73a6bc,E11_g256_kmax
activations/llama32_3b/e11_calibration/factors/nar_b256_kmax/qkv_layer_27.pt,199405,97ed149ca2f9f578b7e2086758d05b45c700a966eea6e07c4e3857e33a6f5152,E11_g256_kmax
activations/llama32_3b/e11_calibration/factors/nar_b64_kmax/down_layer_00.pt,4328311,ec82a559894106d91afcbed03afbaa506d7205eba4612469bc79facde74ab51b,E11_g64_kmax; E20 recovered eigendirections and permutation energy
activations/llama32_3b/e11_calibration/factors/nar_b64_kmax/down_layer_01.pt,4328311,fba09172af814d9a96839d46f8541f5db8ad5c19c70773e98e0dc72bc741ff6c,E11_g64_kmax; E20 recovered eigendirections and permutation energy
activations/llama32_3b/e11_calibration/factors/nar_b64_kmax/down_layer_02.pt,4328311,6a6cd0308d60fc928f387ec36c89f01415c5d253fae047098605f2e9317cd869,E11_g64_kmax; E20 recovered eigendirections and permutation energy
activations/llama32_3b/e11_calibration/factors/nar_b64_kmax/down_layer_03.pt,4328311,a1be3d44d70d5737992976a1d6cc36e8e6bd4b4fe5a626618b2d40d37f36ac40,E11_g64_kmax; E20 recovered eigendirections and permutation energy
activations/llama32_3b/e11_calibration/factors/nar_b64_kmax/down_layer_04.pt,4328311,20d39b4cfb81e4accadaa361b5052c15d30a4a1d949aa7abf819473c87b3df6e,E11_g64_kmax; E20 recovered eigendirections and permutation energy
activations/llama32_3b/e11_calibration/factors/nar_b64_kmax/down_layer_05.pt,4328311,b6979fa3657fddfa5edb78b1f60af3cbe0730088b52ed175c0a15362d8040cf4,E11_g64_kmax; E20 recovered eigendirections and permutation energy
activations/llama32_3b/e11_calibration/factors/nar_b64_kmax/down_layer_06.pt,4328311,7bd539acf93641d978f23421daa1545cb074a2a28b8200ca83a0a2c3da4ac8b5,E11_g64_kmax; E20 recovered eigendirections and permutation energy
activations/llama32_3b/e11_calibration/factors/nar_b64_kmax/down_layer_07.pt,4328311,e27178d6d84514447cafe5f201edd99a5a1620f9f3503550bb42727f50bc2a1f,E11_g64_kmax; E20 recovered eigendirections and permutation energy
activations/llama32_3b/e11_calibration/factors/nar_b64_kmax/down_layer_08.pt,4328311,b4a7abce2dc6ab60b44d8ac07f73c54143f9c1c83026efaa23ed87b80d78214a,E11_g64_kmax; E20 recovered eigendirections and permutation energy
activations/llama32_3b/e11_calibration/factors/nar_b64_kmax/down_layer_09.pt,4328311,f65d9e71a9b9850b72574c0166cad1ae305dc2246ea1044a47e6357e7e14f9fe,E11_g64_kmax; E20 recovered eigendirections and permutation energy
activations/llama32_3b/e11_calibration/factors/nar_b64_kmax/down_layer_10.pt,4328311,699f1ded4085da074af852b3d0d017217555dd288bb0a2c6b273ac224c5b1ded,E11_g64_kmax; E20 recovered eigendirections and permutation energy
activations/llama32_3b/e11_calibration/factors/nar_b64_kmax/down_layer_11.pt,4328311,2b40f92a4cb892d1df6788c252e76ed1ba2cfc907a18aa3a2f71b6495438eebd,E11_g64_kmax; E20 recovered eigendirections and permutation energy
activations/llama32_3b/e11_calibration/factors/nar_b64_kmax/down_layer_12.pt,4328311,ee766b663934f8e3e7b931112f2db719abf46091b10f4992b09c877dd640bb33,E11_g64_kmax; E20 recovered eigendirections and permutation energy
activations/llama32_3b/e11_calibration/factors/nar_b64_kmax/down_layer_13.pt,4328311,20cddb88dc0700ba78123af91bac3156472e3c60dffe73a61adf271981e4a2f1,E11_g64_kmax; E20 recovered eigendirections and permutation energy
activations/llama32_3b/e11_calibration/factors/nar_b64_kmax/down_layer_14.pt,4328311,073340b285982ddf2f3c9ed02484b0e333ebc87b1e3a093d59125205e247a8da,E11_g64_kmax; E20 recovered eigendirections and permutation energy
activations/llama32_3b/e11_calibration/factors/nar_b64_kmax/down_layer_15.pt,4328311,6684bdf22a65c945b8bca1c7f37b45e8bed6c2ab2527bdb1ac21548f1243f4c8,E11_g64_kmax; E20 recovered eigendirections and permutation energy
activations/llama32_3b/e11_calibration/factors/nar_b64_kmax/down_layer_16.pt,4328311,8bc0d7312888d9a3ef6c9ce5d01d8b161cc37cbde059c420c75536c02415a5b3,E11_g64_kmax; E20 recovered eigendirections and permutation energy
activations/llama32_3b/e11_calibration/factors/nar_b64_kmax/down_layer_17.pt,4328311,91a264f0ea90c22ac06c99b2482e67ab8b7ea2529231596e220c65ffb9af1b20,E11_g64_kmax; E20 recovered eigendirections and permutation energy
activations/llama32_3b/e11_calibration/factors/nar_b64_kmax/down_layer_18.pt,4328311,9e64248c209810a8044499f4e6849dbb8cf1a53c04604255cf65d860f58ac697,E11_g64_kmax; E20 recovered eigendirections and permutation energy
activations/llama32_3b/e11_calibration/factors/nar_b64_kmax/down_layer_19.pt,4328311,40615e4d0369563b61592bb9d69d75f58d390636eaf38f9247fb77968b56bc06,E11_g64_kmax; E20 recovered eigendirections and permutation energy
activations/llama32_3b/e11_calibration/factors/nar_b64_kmax/down_layer_20.pt,4328311,ff978e9dd17663bb7e0658396f6a7f57b533d14393c34c2ae7899bd0f0d2733d,E11_g64_kmax; E20 recovered eigendirections and permutation energy
activations/llama32_3b/e11_calibration/factors/nar_b64_kmax/down_layer_21.pt,4328311,c9ab214aa5c93e3d8ac8bfae05f2a2c7bba6d8c4709d69e880417213594ebcb3,E11_g64_kmax; E20 recovered eigendirections and permutation energy
activations/llama32_3b/e11_calibration/factors/nar_b64_kmax/down_layer_22.pt,4328311,cd350b98b0c093d145b46cf6f3a044ce50ef004d04f05b5578a9df43df3363bc,E11_g64_kmax; E20 recovered eigendirections and permutation energy
activations/llama32_3b/e11_calibration/factors/nar_b64_kmax/down_layer_23.pt,4328311,f325652b06fadfaf54bebb4d961d0b67028bee9737488a6582a6f2057d2a381d,E11_g64_kmax; E20 recovered eigendirections and permutation energy
activations/llama32_3b/e11_calibration/factors/nar_b64_kmax/down_layer_24.pt,4328311,2bcc31cd6947a820ea8e0b678580405d7d3c2eaf06d3f5ecdfd2d1b2d0c8d5e2,E11_g64_kmax; E20 recovered eigendirections and permutation energy
activations/llama32_3b/e11_calibration/factors/nar_b64_kmax/down_layer_25.pt,4328311,47f0e0ed42d6cc8dbbca3033456429bd58c3ec2a94b604fcf30ef89a2d3e087d,E11_g64_kmax; E20 recovered eigendirections and permutation energy
activations/llama32_3b/e11_calibration/factors/nar_b64_kmax/down_layer_26.pt,4328311,4c8ce633c111f88aa675c8928d3ab02729fd69c9d3d1b338cbcb91d377f8b32a,E11_g64_kmax; E20 recovered eigendirections and permutation energy
activations/llama32_3b/e11_calibration/factors/nar_b64_kmax/down_layer_27.pt,4328311,a8e1b553e886efac1b577180a8408b7b5c5255e7663e26e5020962988271badd,E11_g64_kmax; E20 recovered eigendirections and permutation energy
activations/llama32_3b/e11_calibration/factors/nar_b64_kmax/qkv_layer_00.pt,641773,9b9c953849adde5274adafdbf3e6a63a1107f7766d1dcc2bb2a8444dcb6f1d59,E11_g64_kmax; E20 recovered eigendirections and permutation energy
activations/llama32_3b/e11_calibration/factors/nar_b64_kmax/qkv_layer_01.pt,641773,90692ec956e34131e5a67fdbbe412f0583d30f1e7ef0a15875ae81cd282b6440,E11_g64_kmax; E20 recovered eigendirections and permutation energy
activations/llama32_3b/e11_calibration/factors/nar_b64_kmax/qkv_layer_02.pt,641773,370cb84c6cff40703df2d52ebca4366a0fff1bc379faf07508e3733137ac4969,E11_g64_kmax; E20 recovered eigendirections and permutation energy
activations/llama32_3b/e11_calibration/factors/nar_b64_kmax/qkv_layer_03.pt,641773,7d77ed884ec87ffbd3cfb524dcfacb4db67262df03a8f88ca161dc43eb72cc78,E11_g64_kmax; E20 recovered eigendirections and permutation energy
activations/llama32_3b/e11_calibration/factors/nar_b64_kmax/qkv_layer_04.pt,641773,17875bd08d24fe730b1ad18da834cf7275e04178c48ed10c14955d78ab89a4cc,E11_g64_kmax; E20 recovered eigendirections and permutation energy
activations/llama32_3b/e11_calibration/factors/nar_b64_kmax/qkv_layer_05.pt,641773,d1a6197556a457b80b842e17d232e1f5016672eed6b45ee6b88f195a865530ff,E11_g64_kmax; E20 recovered eigendirections and permutation energy
activations/llama32_3b/e11_calibration/factors/nar_b64_kmax/qkv_layer_06.pt,641773,1a88e3b5c542dad1794eb968559e046a2d2145b24ad2262fb053960fbbf6c75f,E11_g64_kmax; E20 recovered eigendirections and permutation energy
activations/llama32_3b/e11_calibration/factors/nar_b64_kmax/qkv_layer_07.pt,641773,d51430238b7492c0ae4bd8a69ba134eb6abfc99a72c89b5c4e42549b2e2df268,E11_g64_kmax; E20 recovered eigendirections and permutation energy
activations/llama32_3b/e11_calibration/factors/nar_b64_kmax/qkv_layer_08.pt,641773,751a0f17c4ad21b1a129404e5a03396054475dd8ba803d6bca34e241bfb3b28b,E11_g64_kmax; E20 recovered eigendirections and permutation energy
activations/llama32_3b/e11_calibration/factors/nar_b64_kmax/qkv_layer_09.pt,641773,8fe32c6c4feb2730ce27baddf2ad0dfa6bd502ff47dfa101961154edef9040d8,E11_g64_kmax; E20 recovered eigendirections and permutation energy
activations/llama32_3b/e11_calibration/factors/nar_b64_kmax/qkv_layer_10.pt,641773,c48f69a0a3b627211b1507586b203f9837eb263a7b48c376ffc745a41047456a,E11_g64_kmax; E20 recovered eigendirections and permutation energy
activations/llama32_3b/e11_calibration/factors/nar_b64_kmax/qkv_layer_11.pt,641773,32a3a275b4998dab615a26cc8fe03051dc83775c219af6fac5c605227fbc83e9,E11_g64_kmax; E20 recovered eigendirections and permutation energy
activations/llama32_3b/e11_calibration/factors/nar_b64_kmax/qkv_layer_12.pt,641773,c2ded9bb8f31af63471121660d068274e635536649899d19804a3b5e61ece167,E11_g64_kmax; E20 recovered eigendirections and permutation energy
activations/llama32_3b/e11_calibration/factors/nar_b64_kmax/qkv_layer_13.pt,641773,051822e384bf448edc90981fffc6deede1d50dd754f1faf3ef5715837b36ee9b,E11_g64_kmax; E20 recovered eigendirections and permutation energy
activations/llama32_3b/e11_calibration/factors/nar_b64_kmax/qkv_layer_14.pt,641773,f1802443dd73dbc9f9f07decf0375a0b1dab32beed6822258e5c098e17f96d6a,E11_g64_kmax; E20 recovered eigendirections and permutation energy
activations/llama32_3b/e11_calibration/factors/nar_b64_kmax/qkv_layer_15.pt,641773,affd1c8ff7810ddcbad284a482096c2f3c27b686d42d109c9d7c71e35c76252b,E11_g64_kmax; E20 recovered eigendirections and permutation energy
activations/llama32_3b/e11_calibration/factors/nar_b64_kmax/qkv_layer_16.pt,641773,f85bc3b4647b75b4eea91ccda4619bc69c7b717d0354633796b714f85e6e3dc9,E11_g64_kmax; E20 recovered eigendirections and permutation energy
activations/llama32_3b/e11_calibration/factors/nar_b64_kmax/qkv_layer_17.pt,641773,cca0bd8f1bb2c380ce2e0bc432be8572f8b0cf3e046456adbaa54cc15b00507d,E11_g64_kmax; E20 recovered eigendirections and permutation energy
activations/llama32_3b/e11_calibration/factors/nar_b64_kmax/qkv_layer_18.pt,641773,49fb424eb2a0848bceec6f82fef856757901ac445f3782baa5193cdce5125300,E11_g64_kmax; E20 recovered eigendirections and permutation energy
activations/llama32_3b/e11_calibration/factors/nar_b64_kmax/qkv_layer_19.pt,641773,93116f03c2e4ea6115d2a427e423f8c97b3fb00f023722572319645165164564,E11_g64_kmax; E20 recovered eigendirections and permutation energy
activations/llama32_3b/e11_calibration/factors/nar_b64_kmax/qkv_layer_20.pt,641773,dffd87b9eaacae62a7b36773a1615c67265e44b24c3628989513d845eb753070,E11_g64_kmax; E20 recovered eigendirections and permutation energy
activations/llama32_3b/e11_calibration/factors/nar_b64_kmax/qkv_layer_21.pt,641773,273d25d1f7973a604907f0ef8b1f19e01df1f1ac1be6ed52d761c8c0ee6b13b6,E11_g64_kmax; E20 recovered eigendirections and permutation energy
activations/llama32_3b/e11_calibration/factors/nar_b64_kmax/qkv_layer_22.pt,641773,18a3f96f98965c600f9c3c4bdc9cc73bf55c3c095fe024d11c1bf4d2b34c7f47,E11_g64_kmax; E20 recovered eigendirections and permutation energy
activations/llama32_3b/e11_calibration/factors/nar_b64_kmax/qkv_layer_23.pt,641773,9be8b2b59d95c864dcf1e3ba64bd3a9fbb40a7b37d632c3bd0a86f88541d8f1f,E11_g64_kmax; E20 recovered eigendirections and permutation energy
activations/llama32_3b/e11_calibration/factors/nar_b64_kmax/qkv_layer_24.pt,641773,3c9602f04fd64589c9c494e139d946328cb572d193167aa6fe566d1dc284d619,E11_g64_kmax; E20 recovered eigendirections and permutation energy
activations/llama32_3b/e11_calibration/factors/nar_b64_kmax/qkv_layer_25.pt,641773,5e5a37a2e2e2a83dfa025579e1861c28cff584f3b9253e0d05bec91725e339a3,E11_g64_kmax; E20 recovered eigendirections and permutation energy
activations/llama32_3b/e11_calibration/factors/nar_b64_kmax/qkv_layer_26.pt,641773,14d9c158751f00eb13736f61f18509ca31858788965836728ffa38bc4fb7325c,E11_g64_kmax; E20 recovered eigendirections and permutation energy
activations/llama32_3b/e11_calibration/factors/nar_b64_kmax/qkv_layer_27.pt,641773,c2ff1de3d9804baf01fd003d60cd7513838d73038d620bcd94e9fedcece33051,E11_g64_kmax; E20 recovered eigendirections and permutation energy
activations/llama32_3b/wide_cal_a/analysis/eigenspaces/down_input_layer_00.pt,2100648,25fd12d57adc9d1ac5e7230599f879478a516a0606f8b80a109e46d3e5a6f51e,frozen E1c eigenvalues/trace for default factor
activations/llama32_3b/wide_cal_a/analysis/eigenspaces/down_input_layer_01.pt,2100648,ee96ce39ca25d55a1c034d628e730f0c10f633e7550c5254ee06255366c4837f,frozen E1c eigenvalues/trace for default factor
activations/llama32_3b/wide_cal_a/analysis/eigenspaces/down_input_layer_02.pt,2100648,e0ca8ce8e6acb54760fd74f689d726b6ac2e977724f1a938e488232445c576a5,frozen E1c eigenvalues/trace for default factor
activations/llama32_3b/wide_cal_a/analysis/eigenspaces/down_input_layer_03.pt,2100648,462a573ae86a2cb8eb00ecb58d8101d5324278d430b2a7bb8235d5ed21c5bc2f,frozen E1c eigenvalues/trace for default factor
activations/llama32_3b/wide_cal_a/analysis/eigenspaces/down_input_layer_04.pt,2100648,72c5a18820ff9b2d449461d9956450ab589a6675ee23fad92a0b9b84e9d350e0,frozen E1c eigenvalues/trace for default factor
activations/llama32_3b/wide_cal_a/analysis/eigenspaces/down_input_layer_05.pt,2100648,013a0015f80cfe7c8264ec300ff13800e2a04c6dae81b737069b63b161538c2d,frozen E1c eigenvalues/trace for default factor
activations/llama32_3b/wide_cal_a/analysis/eigenspaces/down_input_layer_06.pt,2100648,42ef90c189c4c72f3af114ad35bfd122b13da80884f24f6e83d42c424069a80e,frozen E1c eigenvalues/trace for default factor
activations/llama32_3b/wide_cal_a/analysis/eigenspaces/down_input_layer_07.pt,2100648,f2476e2af1c235f08a2dc0bca91f7d3b64d082a3da467c9ceafb6774b653486c,frozen E1c eigenvalues/trace for default factor
activations/llama32_3b/wide_cal_a/analysis/eigenspaces/down_input_layer_08.pt,2100648,c81801884c600ae931ab180defc5c581eebba29a552e09f4a1efd08735245a41,frozen E1c eigenvalues/trace for default factor
activations/llama32_3b/wide_cal_a/analysis/eigenspaces/down_input_layer_09.pt,2100648,aae05f3409805465991a7df45d8e3d09f2d1de99678bb46005b7a27f57b507f0,frozen E1c eigenvalues/trace for default factor
activations/llama32_3b/wide_cal_a/analysis/eigenspaces/down_input_layer_10.pt,2100648,5e6e7112757c4e92f9843daf2e990d46ccb863cca9bd29e572fef1db08ba9497,frozen E1c eigenvalues/trace for default factor
activations/llama32_3b/wide_cal_a/analysis/eigenspaces/down_input_layer_11.pt,2100648,a952da85de60c52b6b0668f83f19f2c910be20942227ced9b9951a7a234d21ce,frozen E1c eigenvalues/trace for default factor
activations/llama32_3b/wide_cal_a/analysis/eigenspaces/down_input_layer_12.pt,2100648,e598321a296974016bcf55e710006da80f2a2cf561e1646a7fc0efeffe9de9e4,frozen E1c eigenvalues/trace for default factor
activations/llama32_3b/wide_cal_a/analysis/eigenspaces/down_input_layer_13.pt,2100648,a44b4235c76e0d324aa378ffaad7c69c5dd83fc7a3d86962e5e6a9fae4de4555,frozen E1c eigenvalues/trace for default factor
activations/llama32_3b/wide_cal_a/analysis/eigenspaces/down_input_layer_14.pt,2100648,c2f5fb610317d5abc56589672e700134e50a8b1503d84973a39296641363a6ad,frozen E1c eigenvalues/trace for default factor
activations/llama32_3b/wide_cal_a/analysis/eigenspaces/down_input_layer_15.pt,2100648,196576ff0e0ebaed89c1385300ce75081d9bc8ec4d6b3098be0fac6634c8acd7,frozen E1c eigenvalues/trace for default factor
activations/llama32_3b/wide_cal_a/analysis/eigenspaces/down_input_layer_16.pt,2100648,9796601e2e46a4686ee83c054e5b337112ca49c6caab5cd9e9700a1053f16c93,frozen E1c eigenvalues/trace for default factor
activations/llama32_3b/wide_cal_a/analysis/eigenspaces/down_input_layer_17.pt,2100648,a41d8519cb4402656d7e953c6a7a0c7bae2292e6bcbe0d29d75e40b88c7ad581,frozen E1c eigenvalues/trace for default factor
activations/llama32_3b/wide_cal_a/analysis/eigenspaces/down_input_layer_18.pt,2100648,ec593db61112ccc479c5febe12233ca151b41bde3a722b20f7ac7835abbcb69c,frozen E1c eigenvalues/trace for default factor
activations/llama32_3b/wide_cal_a/analysis/eigenspaces/down_input_layer_19.pt,2100648,23ab3051fec0e1adb01fcb2f0e10c7d144cd3002c0092a8e58d1827a21c3a7e5,frozen E1c eigenvalues/trace for default factor
activations/llama32_3b/wide_cal_a/analysis/eigenspaces/down_input_layer_20.pt,2100648,8c0cd4d74be9c1e366f6aeb12070945c232b841f9a89b0720236f94f6518b8b4,frozen E1c eigenvalues/trace for default factor
activations/llama32_3b/wide_cal_a/analysis/eigenspaces/down_input_layer_21.pt,2100648,603d1f06fc14a8e74d4c6124d2e0c948b0c0145b475f8afa32c50da2d5843045,frozen E1c eigenvalues/trace for default factor
activations/llama32_3b/wide_cal_a/analysis/eigenspaces/down_input_layer_22.pt,2100648,ca06b25988f1e3af503986cadbefb69aa0e2f6f7d364289aec7e3e8f8b2ab892,frozen E1c eigenvalues/trace for default factor
activations/llama32_3b/wide_cal_a/analysis/eigenspaces/down_input_layer_23.pt,2100648,ccb52ac469ede31298d022cfb2ce32098bab6403f5b710431ebf413f67d72260,frozen E1c eigenvalues/trace for default factor
activations/llama32_3b/wide_cal_a/analysis/eigenspaces/down_input_layer_24.pt,2100648,0ce20d605ed638830c94af73a6ee4f3217d7c31d3d0c08726ca8648e7d72e872,frozen E1c eigenvalues/trace for default factor
activations/llama32_3b/wide_cal_a/analysis/eigenspaces/down_input_layer_25.pt,2100648,9134c20915bf26553e2a0d5965040ff03b007398219932556466eae8c7cbbca3,frozen E1c eigenvalues/trace for default factor
activations/llama32_3b/wide_cal_a/analysis/eigenspaces/down_input_layer_26.pt,2100648,0b327c6420d0f9436fc89a8d24265312824ff83aa47442efc1cc223935af127c,frozen E1c eigenvalues/trace for default factor
activations/llama32_3b/wide_cal_a/analysis/eigenspaces/down_input_layer_27.pt,2100648,3712aac0a7236a2b9df3a65564d6df24a217569327da0131ec81fcc232207ab1,frozen E1c eigenvalues/trace for default factor
activations/llama32_3b/wide_cal_a/analysis/eigenspaces/q_input_layer_00.pt,297677,058bb8149ec572f34fc3ba3a380289c829d8af0cb32e0d81a307f4ea297ebe91,frozen E1c eigenvalues/trace for default factor
activations/llama32_3b/wide_cal_a/analysis/eigenspaces/q_input_layer_01.pt,297677,c99085c7d0057b7037307261aaf602a407a181f3aeaa06d89444d4b8d3727be5,frozen E1c eigenvalues/trace for default factor
activations/llama32_3b/wide_cal_a/analysis/eigenspaces/q_input_layer_02.pt,297677,b079d45d47178bae3784e64d082bbea92c0529c2c88f941356362d3c898a659d,frozen E1c eigenvalues/trace for default factor
activations/llama32_3b/wide_cal_a/analysis/eigenspaces/q_input_layer_03.pt,297677,49f649f562f290e6e751210cbee91c17163ee08d15bab91d6944bb5132f180f3,frozen E1c eigenvalues/trace for default factor
activations/llama32_3b/wide_cal_a/analysis/eigenspaces/q_input_layer_04.pt,297677,183143b658c3c9c52ad7f03da3645d88bd06f9fd4516c7d1a6df1477836adf18,frozen E1c eigenvalues/trace for default factor
activations/llama32_3b/wide_cal_a/analysis/eigenspaces/q_input_layer_05.pt,297677,edab0ad87a8d56085c9eabd9e2bd0a1ccad292da2fb3a19e241402a6a332cdf1,frozen E1c eigenvalues/trace for default factor
activations/llama32_3b/wide_cal_a/analysis/eigenspaces/q_input_layer_06.pt,297677,7cfeb153a614fe1fea0a9b63838288547418bdca5917eb7dd3f8c3e2ec5a2b98,frozen E1c eigenvalues/trace for default factor
activations/llama32_3b/wide_cal_a/analysis/eigenspaces/q_input_layer_07.pt,297677,a5332f2ae95da308bece96c0664231289cc608120221b3f26ca79829947f1bdb,frozen E1c eigenvalues/trace for default factor
activations/llama32_3b/wide_cal_a/analysis/eigenspaces/q_input_layer_08.pt,297677,ecdc4470b242cff81053b83995aeb2ed3b9952cf46be90a8e5fe0e6e149c2575,frozen E1c eigenvalues/trace for default factor
activations/llama32_3b/wide_cal_a/analysis/eigenspaces/q_input_layer_09.pt,297677,bc7b149179974925643a82d2d2ada3437184e3ab8682acba6e5e62ad6e63ccaa,frozen E1c eigenvalues/trace for default factor
activations/llama32_3b/wide_cal_a/analysis/eigenspaces/q_input_layer_10.pt,297677,e4d7799e91b936667e99059fe4356df031c9f6827cd94be22692626dcde09014,frozen E1c eigenvalues/trace for default factor
activations/llama32_3b/wide_cal_a/analysis/eigenspaces/q_input_layer_11.pt,297677,3962bf22b945f6dfda7c4c17716a571726b7d67ef1cd5193dc7dc312a58db923,frozen E1c eigenvalues/trace for default factor
activations/llama32_3b/wide_cal_a/analysis/eigenspaces/q_input_layer_12.pt,297677,66ec0fd06638d645206ed44baaec77677d290a9fc52a6a5a57b35ddab409358f,frozen E1c eigenvalues/trace for default factor
activations/llama32_3b/wide_cal_a/analysis/eigenspaces/q_input_layer_13.pt,297677,0621d95ce346dc77bb7aaa644e5122c8e4d8d216990b1d228e04c64559748a52,frozen E1c eigenvalues/trace for default factor
activations/llama32_3b/wide_cal_a/analysis/eigenspaces/q_input_layer_14.pt,297677,f22997926b6be70c9377591a5e4efd1f6e3a3cb4b3b7159df8ef3bf547cdb00f,frozen E1c eigenvalues/trace for default factor
activations/llama32_3b/wide_cal_a/analysis/eigenspaces/q_input_layer_15.pt,297677,7e91b6090caa67ae5a76442b01721981ca15392607071eeca6ab6c74e6d1a950,frozen E1c eigenvalues/trace for default factor
activations/llama32_3b/wide_cal_a/analysis/eigenspaces/q_input_layer_16.pt,297677,60b1a830337777d9c0a33e4dbe6234852902a0d0a813b78ba4995d4cf7f5f6c2,frozen E1c eigenvalues/trace for default factor
activations/llama32_3b/wide_cal_a/analysis/eigenspaces/q_input_layer_17.pt,297677,99ce685dd7b555151aacb434e0769fb319a77d238ab968222e435cfc1d524d02,frozen E1c eigenvalues/trace for default factor
activations/llama32_3b/wide_cal_a/analysis/eigenspaces/q_input_layer_18.pt,297677,011fcc5dee62a967525ba8d431c2adc624c97eab06cef642980063c80864dd45,frozen E1c eigenvalues/trace for default factor
activations/llama32_3b/wide_cal_a/analysis/eigenspaces/q_input_layer_19.pt,297677,693d586481a358e05fb0ac601906e0aa724ed98251c7430b25300f42ef53c30f,frozen E1c eigenvalues/trace for default factor
activations/llama32_3b/wide_cal_a/analysis/eigenspaces/q_input_layer_20.pt,297677,bc5ee6ea5d794e02e9341ad78c4400541c41aa3082e04ccdc3e15683d642e38c,frozen E1c eigenvalues/trace for default factor
activations/llama32_3b/wide_cal_a/analysis/eigenspaces/q_input_layer_21.pt,297677,739babc3838f86c09631986033a6ff6848eca3fc55efbb1662abb8598e01346a,frozen E1c eigenvalues/trace for default factor
activations/llama32_3b/wide_cal_a/analysis/eigenspaces/q_input_layer_22.pt,297677,da3406bd835732e12a3bfe2818c530e334cc755faf19ae8187d09528e9854e52,frozen E1c eigenvalues/trace for default factor
activations/llama32_3b/wide_cal_a/analysis/eigenspaces/q_input_layer_23.pt,297677,da1be8f8917b5ffff72e7a7ce596100a9db1cf0c9fcd623201cc0ab0f365f2d6,frozen E1c eigenvalues/trace for default factor
activations/llama32_3b/wide_cal_a/analysis/eigenspaces/q_input_layer_24.pt,297677,71cb8e18e32a01e0e2d838660cd0547768c1e498f1cfa57a986ad3b67f39554c,frozen E1c eigenvalues/trace for default factor
activations/llama32_3b/wide_cal_a/analysis/eigenspaces/q_input_layer_25.pt,297677,a93bde49d93983720daea4aba9f2b8a6ef5ade1f2bf150706c75fd7fc49bbecf,frozen E1c eigenvalues/trace for default factor
activations/llama32_3b/wide_cal_a/analysis/eigenspaces/q_input_layer_26.pt,297677,52e984702f21e6ddc6fbade0b7254ad8744e88338188de86a5426168a5737f38,frozen E1c eigenvalues/trace for default factor
activations/llama32_3b/wide_cal_a/analysis/eigenspaces/q_input_layer_27.pt,297677,9d939f272e31fcd9b86515a59711a0fc2f90843495de990eb01795e93b394fcd,frozen E1c eigenvalues/trace for default factor
activations/qwen3_4b_base/e18v2_factors/nar_k8/down_layer_00.pt,471361,e4ffd88d908045808d327d61eb412ee1b08e614ed92307051e2579600b8e878a,E22_k8
activations/qwen3_4b_base/e18v2_factors/nar_k8/down_layer_01.pt,471361,e4aee8f8f7d05d2d473a287f88dba5eda7e46aa47df4302c5016daad5a1aedec,E22_k8
activations/qwen3_4b_base/e18v2_factors/nar_k8/down_layer_02.pt,471361,a497b1164c409a9541263debcee41f714bc355bdf211cc6d2d2c2799b14dc183,E22_k8
activations/qwen3_4b_base/e18v2_factors/nar_k8/down_layer_03.pt,471361,74a31c22f0e7488caf04e329df48806198157abefb855199b4c877756ba6133b,E22_k8
activations/qwen3_4b_base/e18v2_factors/nar_k8/down_layer_04.pt,471361,6e5df0c665e19f9dc843fc70a16ca1baa3c1bd423141c86e6fafbe859e88875d,E22_k8
activations/qwen3_4b_base/e18v2_factors/nar_k8/down_layer_05.pt,471361,fed7f1ea1dede98c3cecb77af4d240f3bf758cb99e6292830d25e31765c0d322,E22_k8
activations/qwen3_4b_base/e18v2_factors/nar_k8/down_layer_06.pt,471361,29b2fca394bd07ac1e8fa8e7d0a2d95fad8c9dcdf0a4dd7d1fc08d79513cf7ae,E22_k8
activations/qwen3_4b_base/e18v2_factors/nar_k8/down_layer_07.pt,471361,846fed1007ef37b993dc91c1698dc8f8fcd78215d4afcfc2be21801116f0d019,E22_k8
activations/qwen3_4b_base/e18v2_factors/nar_k8/down_layer_08.pt,471361,b600fb504146f9cc1b8955933337ad5276e6c22931bbdd88a8fab7e883b36677,E22_k8
activations/qwen3_4b_base/e18v2_factors/nar_k8/down_layer_09.pt,471361,da49059708bbf317111b90d00b4c79bdddfdd22e449a3f30e7cbf721242cf6c8,E22_k8
activations/qwen3_4b_base/e18v2_factors/nar_k8/down_layer_10.pt,471361,84420f61c791ca5f4a2da86a4a7856c50f1fb3a9a663819d84788a8923fec582,E22_k8
activations/qwen3_4b_base/e18v2_factors/nar_k8/down_layer_11.pt,471361,1c3b31f93422c677f5d5afbd893552fe25406deff0c17ca1c0a2ed10d2bd1ea5,E22_k8
activations/qwen3_4b_base/e18v2_factors/nar_k8/down_layer_12.pt,471361,54429dbd6ba2a5279d9c4eb2d808f89a5510b7130417f2beb786a0aa6d5b6a68,E22_k8
activations/qwen3_4b_base/e18v2_factors/nar_k8/down_layer_13.pt,471361,911ef11e5af8f733c2d12e48c14acfb0b1ec5c3a97cf1169e805f0b4bc7966e1,E22_k8
activations/qwen3_4b_base/e18v2_factors/nar_k8/down_layer_14.pt,471361,cf0619f9b798b41e0938a90fba4dd831dd7534819a5fde3e280db61168a4f3af,E22_k8
activations/qwen3_4b_base/e18v2_factors/nar_k8/down_layer_15.pt,471361,2ff53815e6d56018114a652662a15f10608a185722e566cdd3782a594e5d0591,E22_k8
activations/qwen3_4b_base/e18v2_factors/nar_k8/down_layer_16.pt,471361,ccb323041092c50413997d974dc31a9e5d441a16fa2c7dad914b1bb41f66942b,E22_k8
activations/qwen3_4b_base/e18v2_factors/nar_k8/down_layer_17.pt,471361,aadd780b27ca8c89ea274a2ed0e6fab54159d10ad43570865a22a0aa251698ca,E22_k8
activations/qwen3_4b_base/e18v2_factors/nar_k8/down_layer_18.pt,471361,a54b6b807cb828429b69717ea4e2b3d9e5f4f6205e91a38293db85017ad7b529,E22_k8
activations/qwen3_4b_base/e18v2_factors/nar_k8/down_layer_19.pt,471361,329a8b9f0414ae30314721084cdaeb091e1f285390387391b83f2449eb02d630,E22_k8
activations/qwen3_4b_base/e18v2_factors/nar_k8/down_layer_20.pt,471361,0377e1c46f29871db1f4c8bbc608906e64c4528f72dc0336030398c5a346ef66,E22_k8
activations/qwen3_4b_base/e18v2_factors/nar_k8/down_layer_21.pt,471361,170a2551c7b0dd80819b21eeb7a2cc067baa7b7ce65e61cd025194ca580b31fc,E22_k8
activations/qwen3_4b_base/e18v2_factors/nar_k8/down_layer_22.pt,471361,2648d35b7568e664397603d3931ad50233ad7228187e35a2aa3482881d95f9b7,E22_k8
activations/qwen3_4b_base/e18v2_factors/nar_k8/down_layer_23.pt,471361,e39592928449cc3530be200eef28ce340dd1685db55efb1251253f9c72020a60,E22_k8
activations/qwen3_4b_base/e18v2_factors/nar_k8/down_layer_24.pt,471361,652a1de8d17e6c8e754c9ef0149cfba40c5dfdce1e85bb518c36ecf62fa759e3,E22_k8
activations/qwen3_4b_base/e18v2_factors/nar_k8/down_layer_25.pt,471361,4315434e3b53d183c9ca9ffd054ef9bd15111f7e12376be3e235f0e1a68dd5a7,E22_k8
activations/qwen3_4b_base/e18v2_factors/nar_k8/down_layer_26.pt,471361,5287ecaa947d8c9df283d59f961094067ac2a34cae7f2a91e5c03c3219e7913d,E22_k8
activations/qwen3_4b_base/e18v2_factors/nar_k8/down_layer_27.pt,471361,f06fde0e27ad435c5b25a1483e952a20dff2a3f5e12a4ecec92eb35a7e16a266,E22_k8
activations/qwen3_4b_base/e18v2_factors/nar_k8/down_layer_28.pt,471361,8d8ed9c9508b47de69400c23917baf9f4a38a54560b967d5daa0386ffcbd320f,E22_k8
activations/qwen3_4b_base/e18v2_factors/nar_k8/down_layer_29.pt,471361,952b28655061c87fce3063ca9143b93f778337d61ea8132dfae03e0c16817ce7,E22_k8
activations/qwen3_4b_base/e18v2_factors/nar_k8/down_layer_30.pt,471361,9e3af8805f17a74a4fa1b43888c026d6e18443fbaaa3319944ba5a76f55d981c,E22_k8
activations/qwen3_4b_base/e18v2_factors/nar_k8/down_layer_31.pt,471361,967a78c4d325e36a75e56abcb3bc8b2c474a1fbb0269d7eff6723cfeb5994c6c,E22_k8
activations/qwen3_4b_base/e18v2_factors/nar_k8/down_layer_32.pt,471361,1645cd5f4d6627898f479a16fec80b56e8d3c6528ae8784dc0eaf688d6c28b84,E22_k8
activations/qwen3_4b_base/e18v2_factors/nar_k8/down_layer_33.pt,471361,40f9129cafcd01e85487ddbf2208a55c6e3cdae9b8df7c40456647815cea29c7,E22_k8
activations/qwen3_4b_base/e18v2_factors/nar_k8/down_layer_34.pt,471361,b6e354abc743eff2161169f6184b64473620335a21ec2dddc4e9ee555890cd5b,E22_k8
activations/qwen3_4b_base/e18v2_factors/nar_k8/down_layer_35.pt,471361,72a07bb827b49fcdacdf6d4ec08f05c6d2802403cee5952d9071712e77dd11f4,E22_k8
activations/qwen3_4b_base/e18v2_factors/nar_k8/qkv_layer_00.pt,126389,2985c5ca0e4b98c0c8d6efbe51036039a321b8913c06fa90c79ec078a6933fc6,E22_k8
activations/qwen3_4b_base/e18v2_factors/nar_k8/qkv_layer_01.pt,126389,40d5e8d0df855a67960fa6e1c985187760e5c8c49b0d064be9ae0291a3c4c39d,E22_k8
activations/qwen3_4b_base/e18v2_factors/nar_k8/qkv_layer_02.pt,126389,6025fe7e01cd183cfff17e235bb098b5d36c7f1b5ee6bb3908fe21c01fcd545f,E22_k8
activations/qwen3_4b_base/e18v2_factors/nar_k8/qkv_layer_03.pt,126389,aebdeae1d47b5b3b7981d90df3c404d41776272044ae3c6d75c09837f3fc9dd6,E22_k8
activations/qwen3_4b_base/e18v2_factors/nar_k8/qkv_layer_04.pt,126389,787e3ece8333ea8cba0f38d483366806581c1e6e4298b52200697adc1b4f1895,E22_k8
activations/qwen3_4b_base/e18v2_factors/nar_k8/qkv_layer_05.pt,126389,e27fac8984abc94d38730c8d5688e306c8ad501c23b2c091e425101e0fb5b025,E22_k8
activations/qwen3_4b_base/e18v2_factors/nar_k8/qkv_layer_06.pt,126389,3cb847b26814596e9d45df1aaed1e4673d24ea483f564d512ce6109689733990,E22_k8
activations/qwen3_4b_base/e18v2_factors/nar_k8/qkv_layer_07.pt,126389,c48882fe1a9859984c9f45c31ab5ceddec04536f40e4ac60e19080213628e4b7,E22_k8
activations/qwen3_4b_base/e18v2_factors/nar_k8/qkv_layer_08.pt,126389,fcd0e9a46a9bc39438157bb5df3fe41f049470d3f39695bcc4cdf2e9e051b9ec,E22_k8
activations/qwen3_4b_base/e18v2_factors/nar_k8/qkv_layer_09.pt,126389,2cdb84c835b3ab52b684116eeaf2b30a62576c464b6c1b95106f83f18cd3e371,E22_k8
activations/qwen3_4b_base/e18v2_factors/nar_k8/qkv_layer_10.pt,126389,bef9bdc750d485bf94d783d9669ba4bb8f5c1e182d468f96817edd7ff347daeb,E22_k8
activations/qwen3_4b_base/e18v2_factors/nar_k8/qkv_layer_11.pt,126389,0b5d194b528ece1969445fdb8f9d0f73b4c570d55b4f583c5b749a9df00c13e0,E22_k8
activations/qwen3_4b_base/e18v2_factors/nar_k8/qkv_layer_12.pt,126389,4978f848538e5b0167e03ff917e2ea45b5840705ecf2e35f29baf7108d2db3cf,E22_k8
activations/qwen3_4b_base/e18v2_factors/nar_k8/qkv_layer_13.pt,126389,bfa94ca32104aa23aadc5ae2442c573fdc1295feabc19982b96328fb8864ce78,E22_k8
activations/qwen3_4b_base/e18v2_factors/nar_k8/qkv_layer_14.pt,126389,9541e1a0259e2f7d5800d78382787232afc41b15d62a4735916ba125fe3115b8,E22_k8
activations/qwen3_4b_base/e18v2_factors/nar_k8/qkv_layer_15.pt,126389,0dfedc76c293b7099b57b890c38908cd89c24c5283200be9860869d6fd34be9c,E22_k8
activations/qwen3_4b_base/e18v2_factors/nar_k8/qkv_layer_16.pt,126389,8bed3460acd1afb194d69567a6d0ce85577d45d960575a7df7f21918b2fda2eb,E22_k8
activations/qwen3_4b_base/e18v2_factors/nar_k8/qkv_layer_17.pt,126389,c07fece3307db6846049290bf0ff2dd8c83735f7847c5e1ad2d5861e551a30a1,E22_k8
activations/qwen3_4b_base/e18v2_factors/nar_k8/qkv_layer_18.pt,126389,9cb77e571cb1f0472cc2dd34ff00f390a8102e7e0f6a484f3d1e02104d9bd9a0,E22_k8
activations/qwen3_4b_base/e18v2_factors/nar_k8/qkv_layer_19.pt,126389,133f6753b75bfd6ea8cb8328e592915ba773e905f77809cfa2411c41bc0e6d40,E22_k8
activations/qwen3_4b_base/e18v2_factors/nar_k8/qkv_layer_20.pt,126389,38181fe9717f89846454fc0a41838312abb1e7e0cfad84e7778655d1cad35818,E22_k8
activations/qwen3_4b_base/e18v2_factors/nar_k8/qkv_layer_21.pt,126389,910330fb4e90725b30c233648e373063ec6a6e436f513cb3b33861a60c29e1f0,E22_k8
activations/qwen3_4b_base/e18v2_factors/nar_k8/qkv_layer_22.pt,126389,c78a4bb123a42afd1c23117c0432ccacf9fe069ffb3b5ca809c3400b059d5712,E22_k8
activations/qwen3_4b_base/e18v2_factors/nar_k8/qkv_layer_23.pt,126389,0e756333de2b9fedccdd533b71e1dc8ecba33f330e119fdfb64f242fff5e2d08,E22_k8
activations/qwen3_4b_base/e18v2_factors/nar_k8/qkv_layer_24.pt,126389,3ec16fd1b77b29b46034225b7c547455a45ac2541ad0675fd02108cfb9f0bbae,E22_k8
activations/qwen3_4b_base/e18v2_factors/nar_k8/qkv_layer_25.pt,126389,bfbd92ae8347ff06c7c62d7f993f80283e251b0f4da485fddecbafe13edf53f3,E22_k8
activations/qwen3_4b_base/e18v2_factors/nar_k8/qkv_layer_26.pt,126389,2ec95520aeff4659da76868b6dcf35634cd3ab481f5ae9a7c1e627dbabd5b721,E22_k8
activations/qwen3_4b_base/e18v2_factors/nar_k8/qkv_layer_27.pt,126389,eeb3518eda6d9b15f9a853a32017ecadfaf512f002ce1ae31c7067676f10bab1,E22_k8
activations/qwen3_4b_base/e18v2_factors/nar_k8/qkv_layer_28.pt,126389,2c85b7efb4a10eed162670174e5de28c9f50b3d4028c1422cc99cbc02b67d4ce,E22_k8
activations/qwen3_4b_base/e18v2_factors/nar_k8/qkv_layer_29.pt,126389,6628c0cc5c78f4dc941e935b16c4d93c1758ffe83ea7b75d742323c4f221a25c,E22_k8
activations/qwen3_4b_base/e18v2_factors/nar_k8/qkv_layer_30.pt,126389,51f88f47c6ab94e08d75a47471fc3eb7ae5944ff4d3dab51446bb30228ed0182,E22_k8
activations/qwen3_4b_base/e18v2_factors/nar_k8/qkv_layer_31.pt,126389,b95eca756d76fd4173e47181a1f0fab69a164ea466db6f0bc0a9b943b211b4f4,E22_k8
activations/qwen3_4b_base/e18v2_factors/nar_k8/qkv_layer_32.pt,126389,af900e25a821a07ac386d48bbcf20c61230f4f8318459900cc213a830527c219,E22_k8
activations/qwen3_4b_base/e18v2_factors/nar_k8/qkv_layer_33.pt,126389,c36df255d4452ef21f6b9622846bb2a3be68e444c806553b1d73d43bc9c8525d,E22_k8
activations/qwen3_4b_base/e18v2_factors/nar_k8/qkv_layer_34.pt,126389,524ad4d740c38efa4b4188e5b1e8280819854743d7014d31d567513c73db6e8e,E22_k8
activations/qwen3_4b_base/e18v2_factors/nar_k8/qkv_layer_35.pt,126389,7bef7b3faf873cd679802a01268ee877c82cf8685baffa3fd7df9060063fdd46,E22_k8
activations/qwen3_4b_base/e18v2_factors/nar_kmax/down_layer_00.pt,3117441,011aec4e47633b2c1c73f97e0a1762d335c3c289d603ff1c300fa5f042064f73,E22_kmax
activations/qwen3_4b_base/e18v2_factors/nar_kmax/down_layer_01.pt,3117441,8f145a38dc4897e44a3e0ae08613e7cd84a77542360ce6372afec08759ab52b0,E22_kmax
activations/qwen3_4b_base/e18v2_factors/nar_kmax/down_layer_02.pt,3117441,4f37315ca65ef50c800674006af9cf6805e323136c4580976fd6d0ff81363c18,E22_kmax
activations/qwen3_4b_base/e18v2_factors/nar_kmax/down_layer_03.pt,3117441,9ecedd3af9b33d4374980f298ea8198963269f50db621035d56b51517f7b92ba,E22_kmax
activations/qwen3_4b_base/e18v2_factors/nar_kmax/down_layer_04.pt,3117441,50384333b18489d948598c33d28fd68a5de3cd4ea84741042e86f564ce447cc0,E22_kmax
activations/qwen3_4b_base/e18v2_factors/nar_kmax/down_layer_05.pt,3117441,dd1ed95f78e0456fdaaca6d4c75bf14d7a3b7ac9c840bb3045d46bcba2aa9796,E22_kmax
activations/qwen3_4b_base/e18v2_factors/nar_kmax/down_layer_06.pt,3117441,687c0f85791a353299a9dc612a915cd4dae6240b1276e132f4527c7226c3e108,E22_kmax
activations/qwen3_4b_base/e18v2_factors/nar_kmax/down_layer_07.pt,3117441,9f5f61a7843736343dbd1773e7f1237f86cf0f6bbcaf76032d632d35f8c0f146,E22_kmax
activations/qwen3_4b_base/e18v2_factors/nar_kmax/down_layer_08.pt,3117441,22b423b3a0d4fcb43abb9458fb3aedef6f676decfd3b7df291d270a1d924d970,E22_kmax
activations/qwen3_4b_base/e18v2_factors/nar_kmax/down_layer_09.pt,3117441,fe4c60044a0b2251f37a7a12c1d63dbfb062c837c2fe60215df5035d8ce41edc,E22_kmax
activations/qwen3_4b_base/e18v2_factors/nar_kmax/down_layer_10.pt,3117441,12935e1ba55202466286f1aaf72f91ee0887bcdb7ec392c02e95bdea048fbfc3,E22_kmax
activations/qwen3_4b_base/e18v2_factors/nar_kmax/down_layer_11.pt,3117441,c3470812614ebe540e2607c07372fce958e85331d4eebd73b3066129ebd34145,E22_kmax
activations/qwen3_4b_base/e18v2_factors/nar_kmax/down_layer_12.pt,3117441,f2d0c1ef8ef156dff9d60f8a4279475e8aab474a70ece566802e28685f175260,E22_kmax
activations/qwen3_4b_base/e18v2_factors/nar_kmax/down_layer_13.pt,3117441,496fba97e5940bfe5619e5f16275a17e8764fe77d93cf387020cdacd0d6f8f81,E22_kmax
activations/qwen3_4b_base/e18v2_factors/nar_kmax/down_layer_14.pt,3117441,94497c4155df395da43c5c9782eabc2dc33ca6a0004eabe41c032104c5dc1350,E22_kmax
activations/qwen3_4b_base/e18v2_factors/nar_kmax/down_layer_15.pt,3117441,f139cc3c6ea590205f2f16841d64d679d6e1511c4a078da9d6257dc281b79e1b,E22_kmax
activations/qwen3_4b_base/e18v2_factors/nar_kmax/down_layer_16.pt,3117441,ea6fde88075194862aa6c87a51cdbebbbd720d41ad692450f5db78e05f20916f,E22_kmax
activations/qwen3_4b_base/e18v2_factors/nar_kmax/down_layer_17.pt,3117441,dcd6bf8d1e9efc24fdc113c8e3ec096db2b8c79b992ada4ab93978f6eec15bbe,E22_kmax
activations/qwen3_4b_base/e18v2_factors/nar_kmax/down_layer_18.pt,3117441,e63add109a43b8c9204155d0d13d4fee64b61b1d0c75ddba39c18896339fad01,E22_kmax
activations/qwen3_4b_base/e18v2_factors/nar_kmax/down_layer_19.pt,3117441,2b2c83e8ca5588e99dbf50cfb348fd9635ab848444ed7d02fe215c1aa46ff408,E22_kmax
activations/qwen3_4b_base/e18v2_factors/nar_kmax/down_layer_20.pt,3117441,6c7f702cf8710b9b785bdba9a7e3d78997a56b312406cda06fcc4af1057c5865,E22_kmax
activations/qwen3_4b_base/e18v2_factors/nar_kmax/down_layer_21.pt,3117441,9ab9aeefd3ce6c7d205be5c5a5c29cd365aa8c2960671b664bb25c44872732bd,E22_kmax
activations/qwen3_4b_base/e18v2_factors/nar_kmax/down_layer_22.pt,3117441,e760620b7b92975c389846e2006043dcc72117c4226629ede1597751489dfb5a,E22_kmax
activations/qwen3_4b_base/e18v2_factors/nar_kmax/down_layer_23.pt,3117441,15b8d7dc1953f0ea2ea06c65e1687b8e52f89018f2acce189851b0bd5ce86d4e,E22_kmax
activations/qwen3_4b_base/e18v2_factors/nar_kmax/down_layer_24.pt,3117441,d5aee3692b377b6e9e56cde6f24e34bec7da461b8b186a880831521def4d432b,E22_kmax
activations/qwen3_4b_base/e18v2_factors/nar_kmax/down_layer_25.pt,3117441,66aaff3b0c8d13219cfb7e6c8b5a5bcdf5d96bd2986f935ceeadb36cf45eb2d7,E22_kmax
activations/qwen3_4b_base/e18v2_factors/nar_kmax/down_layer_26.pt,3117441,98d034c70071c003d35c130fe46521df0490af1134c392c60f6419ce4f4e2eea,E22_kmax
activations/qwen3_4b_base/e18v2_factors/nar_kmax/down_layer_27.pt,3117441,a0d729d2387dfb6e1e3cc867fb8248f20efc4237236f4e6fae7216ed6382e67e,E22_kmax
activations/qwen3_4b_base/e18v2_factors/nar_kmax/down_layer_28.pt,3117441,66eef9985c0e62d9f4d1839e29468282ec3c0f7a81326055452d909ece394eb1,E22_kmax
activations/qwen3_4b_base/e18v2_factors/nar_kmax/down_layer_29.pt,3117441,0a44e421609351e2674afe83b0e120123852b92b992ac8a0d6935ff4f5fa57c5,E22_kmax
activations/qwen3_4b_base/e18v2_factors/nar_kmax/down_layer_30.pt,3117441,8a8260291f9fa2fd6ece38727a711b07073db98b8069e0cbb1bc46ef410f856c,E22_kmax
activations/qwen3_4b_base/e18v2_factors/nar_kmax/down_layer_31.pt,3117441,57d7c74ff8d43f1e086f75941ab1cb2ea2454c0ba13275a84541021a7e318784,E22_kmax
activations/qwen3_4b_base/e18v2_factors/nar_kmax/down_layer_32.pt,3117441,863637e63f94f83b6bc5171856913a086db535f1c324d10e56ec368d5e91d6e5,E22_kmax
activations/qwen3_4b_base/e18v2_factors/nar_kmax/down_layer_33.pt,3117441,5c3fa3a24c81e8867d9d7f57b0e1b4cd0323544c455381bbe5add36cd990e31d,E22_kmax
activations/qwen3_4b_base/e18v2_factors/nar_kmax/down_layer_34.pt,3117441,1286afada4c3541eb01ebb87150dc11889280722cb1c0ebc914402b82a563d3f,E22_kmax
activations/qwen3_4b_base/e18v2_factors/nar_kmax/down_layer_35.pt,3117441,b9976d047db0021b113cff5d303dbba9020a29080898e3b71ec1546d730b9a0a,E22_kmax
activations/qwen3_4b_base/e18v2_factors/nar_kmax/qkv_layer_00.pt,249269,217f97462d11ab745f4a629044f8d9efb4e4d3e59cb89d11d885e534c55a571b,E22_kmax
activations/qwen3_4b_base/e18v2_factors/nar_kmax/qkv_layer_01.pt,249269,de0d8aae7fa318d11b1bc1f5214453e17e1b5a351d6fa752c3316a2da872b3ac,E22_kmax
activations/qwen3_4b_base/e18v2_factors/nar_kmax/qkv_layer_02.pt,249269,53059beea9c09f75f6b9cb2d31daae00a4928282c325d61ea7dff84f95d0984d,E22_kmax
activations/qwen3_4b_base/e18v2_factors/nar_kmax/qkv_layer_03.pt,249269,0ce68a592153ee17d0b8010c7ac07c1f451ec8cf01f4601d2805230b63acf073,E22_kmax
activations/qwen3_4b_base/e18v2_factors/nar_kmax/qkv_layer_04.pt,249269,e66a8630583a6bbd956b45f479e4c91459d3577d8a1ca65ff9145e5a218c256a,E22_kmax
activations/qwen3_4b_base/e18v2_factors/nar_kmax/qkv_layer_05.pt,249269,60854679f8838000b5cedd783c51c9ce65cc2ce70b3471279b3ed8d129833a33,E22_kmax
activations/qwen3_4b_base/e18v2_factors/nar_kmax/qkv_layer_06.pt,249269,0b4537365400cff8b406c372790a48c7e2065265c2ee67062c126cb8d209d4bc,E22_kmax
activations/qwen3_4b_base/e18v2_factors/nar_kmax/qkv_layer_07.pt,249269,e23da3a5ddfc1ee22fb698f5791838fef2bce8e975461af3add6a01efbc7585d,E22_kmax
activations/qwen3_4b_base/e18v2_factors/nar_kmax/qkv_layer_08.pt,249269,debdf8889938b63ed353dd7f014120202556401a92b7e60f98d2a2b29e175fe0,E22_kmax
activations/qwen3_4b_base/e18v2_factors/nar_kmax/qkv_layer_09.pt,249269,b7bc4d3e9202b36a48eb2e98b419116d4d74be70f80de6163237bb1a108ba2a8,E22_kmax
activations/qwen3_4b_base/e18v2_factors/nar_kmax/qkv_layer_10.pt,249269,a5e695cc5092032364f697580faf0d7251ba0c8480bb9149fdd4763796bf8e5e,E22_kmax
activations/qwen3_4b_base/e18v2_factors/nar_kmax/qkv_layer_11.pt,249269,6e81b822c1d53573f6787852087eef284cf76dd463eae459e1e69e753895503c,E22_kmax
activations/qwen3_4b_base/e18v2_factors/nar_kmax/qkv_layer_12.pt,249269,1b339583e47039642726c1ec5a43874055149216cfbc066f23082dd9aa51a782,E22_kmax
activations/qwen3_4b_base/e18v2_factors/nar_kmax/qkv_layer_13.pt,249269,b29d6ba1594c35d726356c08586767cd24bfd1e2c9e6f635f346d896ced806f4,E22_kmax
activations/qwen3_4b_base/e18v2_factors/nar_kmax/qkv_layer_14.pt,249269,cc71a360fde0369898e9fe4cc824a6ded41a3afae7796cc9cb8f4f9e166c3007,E22_kmax
activations/qwen3_4b_base/e18v2_factors/nar_kmax/qkv_layer_15.pt,249269,26dc7b487f9736a480d6ff2b075d4f50aca39ac45abac26c7f494163f6f5fa4e,E22_kmax
activations/qwen3_4b_base/e18v2_factors/nar_kmax/qkv_layer_16.pt,249269,6a269be7415be52b8eff5c7f6824ada838683313eb19de13e2462b78eef8d0f4,E22_kmax
activations/qwen3_4b_base/e18v2_factors/nar_kmax/qkv_layer_17.pt,249269,458f04cb45d706e6c55cc111ccd19ff4e6d25f476479efe66e95a7da0312ce9f,E22_kmax
activations/qwen3_4b_base/e18v2_factors/nar_kmax/qkv_layer_18.pt,249269,2dd6fc04c5768b06c08ec9de3be199cde0b2e289c39b853d455898f7ffd68d02,E22_kmax
activations/qwen3_4b_base/e18v2_factors/nar_kmax/qkv_layer_19.pt,249269,d04027eb63e851b0fb8fd42e7a96139703684b1ee01b0427b0c2ae185ab672d4,E22_kmax
activations/qwen3_4b_base/e18v2_factors/nar_kmax/qkv_layer_20.pt,249269,e2de36b0afdf706d12b7e7db0bf747fbfb8a495c24beab04f66f8de513df522f,E22_kmax
activations/qwen3_4b_base/e18v2_factors/nar_kmax/qkv_layer_21.pt,249269,fea6dc7ea17e3c4c08d143797be312e8366371c71235abce7e653baefa6f9715,E22_kmax
activations/qwen3_4b_base/e18v2_factors/nar_kmax/qkv_layer_22.pt,249269,5d15e3f98e8f4570e72ac761552176b93bb1281b91c4faa12bf53412bbc21192,E22_kmax
activations/qwen3_4b_base/e18v2_factors/nar_kmax/qkv_layer_23.pt,249269,ea7283032a4e8eb9bd4442464e1a3915d5284a90c89c59896ea7e5ff026c541c,E22_kmax
activations/qwen3_4b_base/e18v2_factors/nar_kmax/qkv_layer_24.pt,249269,40ab8a70832c1a7c419b436c716ff560736778bae0af71e2dae25a935d8c0580,E22_kmax
activations/qwen3_4b_base/e18v2_factors/nar_kmax/qkv_layer_25.pt,249269,e476708b28ae61cba28671e213ae0b8255a8480f771e2be2e7c1e15227bae797,E22_kmax
activations/qwen3_4b_base/e18v2_factors/nar_kmax/qkv_layer_26.pt,249269,283c51e8bbc0af5c2bcbc45246bea88732b9665399f1b775b77f1feac43feec5,E22_kmax
activations/qwen3_4b_base/e18v2_factors/nar_kmax/qkv_layer_27.pt,249269,2a2f9f0f84effd3abb07e3b283bdc76e5ae5ee090557128ebcdf264fbce19f68,E22_kmax
activations/qwen3_4b_base/e18v2_factors/nar_kmax/qkv_layer_28.pt,249269,cf1f9bac1b20684510d670d751d801e0700176cbde15a0f79152dbd12d3d96a0,E22_kmax
activations/qwen3_4b_base/e18v2_factors/nar_kmax/qkv_layer_29.pt,249269,7d2799253361b1e1ccddfc5d23ed94f4ac3887b18d29f830548b7a2677564314,E22_kmax
activations/qwen3_4b_base/e18v2_factors/nar_kmax/qkv_layer_30.pt,249269,f7275647b6e9d5e22743ac3255839a69be5aafab2086536aa3ac54c0664313ed,E22_kmax
activations/qwen3_4b_base/e18v2_factors/nar_kmax/qkv_layer_31.pt,249269,df615beaee0c5cb5f8a76bed98ad2ee19f1589ff77d456be39562c97652373ce,E22_kmax
activations/qwen3_4b_base/e18v2_factors/nar_kmax/qkv_layer_32.pt,249269,5abd0dca7649ebef15c9b789ffca31c2a8205f8b9950e3942f45bd292f8f4768,E22_kmax
activations/qwen3_4b_base/e18v2_factors/nar_kmax/qkv_layer_33.pt,249269,db1e81517ec704dfd9dc92216c4f0cdb785d6a3070aebd3574da8bd117fa8e96,E22_kmax
activations/qwen3_4b_base/e18v2_factors/nar_kmax/qkv_layer_34.pt,249269,11051baa85cfe8c75ebb37942ad80f6be2665585bf397d5b7ac3214ba6f935ba,E22_kmax
activations/qwen3_4b_base/e18v2_factors/nar_kmax/qkv_layer_35.pt,249269,9d25b62c4e2ce12c3667c17134bb061eba516f921ba468d8234c33ac58f0f5e9,E22_kmax
results/llama31_8b/e11_calibration_eigenspace.csv,957138,af26c242d9b46d46249ed71506e6da404db78d0acd4a60711748b474ae5b679e,E20 energy weights and E11 fallback fractions
results/llama32_3b/e11_calibration_eigenspace.csv,507751,108f2bd7aca59a37f6220c71d727239db6ccd8378ef906566223d5dffd1324c2,E20 energy weights and E11 fallback fractions
